key,item,english,translation,notes
language_title,,Language,لغة,
language_display_title,,Display language,لغة العرض,
language_display_subtitle,,Follows your device by default; choose one to override it,يتبع جهازك بشكل افتراضي؛ اختر واحدًا لتجاوزه,
language_system,,System default,الافتراضي للنظام,
language_selected,,Selected,مختارة,
nav_home,,Home,بيت,
nav_rooms,,Rooms,الغرف,
nav_security,,Security,حماية,
nav_energy,,Energy,طاقة,
nav_climate,,Climate,مناخ,
nav_battery,,Battery,بطارية,
nav_settings,,Settings,إعدادات,
nav_room_detail,,Room Detail,تفاصيل الغرفة,
settings_title_connection,,Connection,اتصال,
settings_title_profile,,Profile,حساب تعريفي,
settings_title_location,,Location,موقع,
settings_title_notifications,,Notifications,إشعارات,
settings_title_appearance,,Appearance,مظهر,
settings_title_header,,Header,رأس,
settings_title_theme,,Theme,سمة,
settings_title_fonts,,Fonts,الخطوط,
settings_title_corners,,Corners,زوايا,
settings_title_icons,,Icons,أيقونات,
settings_title_nav_bar,,Navigation Bar,شريط التنقل,
settings_title_media_players,,Media Players,مشغلات الوسائط,
settings_title_dashboard,,Dashboard,لوحة القيادة,
settings_title_family_sharing,,Family Sharing,مشاركة العائلة,
settings_title_backup_restore,,Backup and Restore,النسخ الاحتياطي والاستعادة,
settings_title_account,,Account,حساب,
settings_title_about,,About HKI 7,حول HKI 7,don't translate HKI 7
settings_title_license,,License,رخصة,
settings_title_support,,Support,يدعم,
settings_subtitle_menu,,Everything that shapes your HKI 7 experience,كل ما يشكل تجربة HKI 7 الخاصة بك,don't translate HKI 7
settings_subtitle_account,,Your profile and this app installation,ملف التعريف الخاص بك وتثبيت هذا التطبيق,
settings_subtitle_profile,,Personal details used throughout your dashboard,التفاصيل الشخصية المستخدمة في لوحة القيادة الخاصة بك,
settings_subtitle_connection,,Server routes and local-network preferences,مسارات الخادم وتفضيلات الشبكة المحلية,
settings_subtitle_location,,Presence updates and background access,تحديثات التواجد والوصول إلى الخلفية,
settings_subtitle_dashboard,,"Dashboards, tabs, media players, and popups",لوحات المعلومات وعلامات التبويب ومشغلات الوسائط والنوافذ المنبثقة,
settings_subtitle_appearance,,Make the dashboard feel like yours,اجعل لوحة القيادة تبدو وكأنها ملكك,
settings_subtitle_corners,,"Roundness of buttons, cards, and widgets",استدارة الأزرار والبطاقات والحاجيات,
settings_subtitle_icons,,Icon animations and per-domain effects,الرسوم المتحركة للأيقونات والتأثيرات لكل مجال,
settings_subtitle_header,,Choose whether the dashboard header is shown,اختر ما إذا كان سيتم عرض رأس لوحة المعلومات أم لا,
settings_subtitle_theme,,"Color, contrast, mode, and corner styling",اللون والتباين والوضع وتصميم الزاوية,
settings_subtitle_fonts,,"Size, weight, and typeface readability",الحجم والوزن وسهولة قراءة المحرف,
settings_subtitle_nav_bar,,Choose which destinations are always within reach,اختر الوجهات التي تكون دائمًا في متناول يدك,
settings_subtitle_media_players,,Names and mini-player visibility,الأسماء وإمكانية رؤية اللاعب المصغر,
settings_subtitle_notifications,,"Push delivery, history, and service behavior",دفع التسليم والتاريخ وسلوك الخدمة,
settings_subtitle_backup_restore,,Protect or move your dashboard configuration,حماية أو نقل تكوين لوحة القيادة الخاصة بك,
settings_subtitle_family_sharing,,"Parental controls, dashboard sharing, and recipient permissions",أدوات الرقابة الأبوية ومشاركة لوحة المعلومات وأذونات المستلم,
settings_subtitle_about,,"The project, technology, and people behind HKI 7",المشروع والتكنولوجيا والأشخاص الذين يقفون وراء HKI 7,don't translate HKI 7
settings_subtitle_license,,Open-source community core and optional premium materials,المجتمع الأساسي مفتوح المصدر والمواد المتميزة الاختيارية,
settings_subtitle_support,,Ways to help HKI 7 grow without buying Premium,طرق لمساعدة HKI 7 على النمو دون شراء Premium,don't translate HKI 7
notification_channel_general,,General,عام,
location_channel_name,,Location sharing,مشاركة الموقع,
location_notification_title,,Home Assistant location,Home Assistant الموقع,don't translate Home Assistant
location_notification_text,,Sharing your location with Home Assistant,مشاركة موقعك مع Home Assistant,don't translate Home Assistant
push_connection_channel_name,,Notification connection,اتصال الإخطار,
push_connection_notification_title,,Connected to Home Assistant,متصل بـ Home Assistant,don't translate Home Assistant
push_connection_notification_text,,Listening for notifications,الاستماع للإخطارات,
parcel_title,,Parcels,الطرود,
parcel_generic_carrier,,Carrier,الناقل,
parcel_incoming,,Incoming,وارد,
parcel_delivered,,Delivered,تم التوصيل,
parcel_outgoing,,Outgoing,المنتهية ولايته,
parcel_letters,,Letters,رسائل,
parcel_mail,,Mail,بريد,
parcel_summary,,%1$d incoming · %2$d outgoing,%1$d وارد · %2$d صادر,app fills in %1$d %2$d — keep them
parcel_summary_with_letters,,%1$d incoming · %2$d outgoing · %3$d letters,%1$d وارد · %2$d صادر · %3$d رسائل,app fills in %1$d %2$d %3$d — keep them
parcel_carrier_summary_with_letters,,%1$d incoming · %2$d outgoing · %3$d letters,%1$d وارد · %2$d صادر · %3$d رسائل,app fills in %1$d %2$d %3$d — keep them
parcel_summary_with_letter_count,,%1$d incoming · %2$d outgoing · %3$s,%1$d وارد · %2$d صادر · %3$s,app fills in %1$d %2$d %3$s — keep them
parcel_tracking_history,,Tracking history,تتبع التاريخ,
parcel_tracking_history_subtitle,,Parcel journey and status updates,رحلة الطرود وتحديثات الحالة,
parcel_choose_carrier_account,,Choose a carrier account,اختر حساب الناقل,
parcel_empty_tab,,No %1$s parcels.,لا يوجد %1$s طرود.,app fills in %1$s — keep them
parcel_no_incoming,,No incoming parcels.,لا الطرود الواردة.,
parcel_no_delivered,,No delivered parcels.,لا الطرود المسلمة.,
parcel_no_outgoing,,No outgoing parcels.,لا الطرود الصادرة.,
parcel_stage_registered,,Registered,مسجل,
parcel_stage_sorting,,Sorting,فرز,
parcel_stage_on_the_way,,On the way,على الطريق,
parcel_unknown_status,,Unknown status,حالة غير معروفة,
parcel_status_in_transit,,In transit,في مرحلة انتقالية,
parcel_status_out_for_delivery,,Out for delivery,خارج للتسليم,
parcel_status_at_pickup_point,,Ready at pickup point,جاهز عند نقطة الالتقاط,
parcel_status_ready_to_send,,Ready to send,جاهز للإرسال,
parcel_letter_preview,,Letter preview,معاينة الرسالة,
parcel_carriers,,Carriers,شركات النقل,
parcel_track_new,,Track a new %1$s parcel by number,تتبع طرد %1$s الجديد حسب الرقم,app fills in %1$s — keep them
parcel_choose_carrier,,Choose a carrier,اختر الناقل,
parcel_settings_subtitle,,"Carrier accounts, aggregation, and appearance",حسابات الناقل والتجميع والمظهر,
parcel_settings_accounts,,Accounts,الحسابات,
parcel_settings_organization,,Organization,منظمة,
parcel_settings_appearance,,Appearance,مظهر,
action_remove,,Remove,يزيل,
notification_delete,,Delete notification,حذف الإخطار,
notification_mark_all_read,,Mark all as read,وضع علامة على الكل كمقروءة,
notification_mark_all_unread,,Mark all as unread,وضع علامة على الكل كغير مقروءة,
notification_delete_all,,Delete all,احذف الكل,
notification_delete_all_archived,,Delete all archived,حذف كافة المؤرشفة,
notification_unread,,Unread,غير مقروءة,
notification_history,,History,تاريخ,
notification_mark_unread,,Mark as unread,وضع علامة كغير مقروءة,
notification_mark_read,,Mark as read,وضع علامة كمقروءة,
notification_archive,,Archive,أرشيف,
notification_unarchive,,Unarchive,إلغاء الأرشفة,
notification_delete_action,,Delete,يمسح,
entity_search_select_items,,Select items,حدد العناصر,
entity_search_choose_one,,Search and choose one entity,بحث واختيار كيان واحد,
entity_search_choose_multiple,,Search and select one or more entities,ابحث وحدد كيانًا واحدًا أو أكثر,
global_search_title,,Search,يبحث,
global_search_subtitle,,Find and control any Home Assistant device or entity,ابحث عن أي جهاز أو كيان Home Assistant والتحكم فيه,don't translate Home Assistant
global_search_clear,,Clear search,مسح البحث,
global_search_no_devices,,No matching devices.,لا توجد أجهزة مطابقة.,
global_search_no_entities,,No matching entities.,لا توجد كيانات مطابقة.,
security_title,,Security,حماية,
security_subtitle,,Home status and activity,حالة المنزل والنشاط,
security_settings,,Security settings,إعدادات الأمان,
security_entities,,Security entities,الجهات الأمنية,
security_reimport,,Re-import,إعادة الاستيراد,
security_group_doors,,Doors,أبواب,
security_group_doors_subtitle,,Door contacts,اتصالات الباب,
security_group_windows,,Windows,ويندوز,
security_group_windows_subtitle,,Window contacts,اتصالات النافذة,
security_group_openings,,Openings,الفتحات,
security_group_openings_subtitle,,Garage doors and other openings,أبواب المرآب والفتحات الأخرى,
security_group_garage_doors,,Garage doors,أبواب المرآب,
security_group_garage_doors_subtitle,,Garage door covers,أغطية أبواب المرآب,
security_group_covers,,Covers,يغطي,
security_group_covers_subtitle,,"Blinds, shutters, and gates",الستائر والمصاريع والبوابات,
security_group_locks,,Locks,أقفال,
security_group_locks_subtitle,,Door and gate locks,أقفال الأبواب والبوابات,
security_group_motion,,Motion,حركة,
security_group_motion_subtitle,,Motion detection,كشف الحركة,
security_group_presence,,Presence,حضور,
security_group_presence_subtitle,,Occupancy sensors,أجهزة استشعار الإشغال,
security_group_fire,,Fire and temperature,النار ودرجة الحرارة,
security_group_fire_subtitle,,"Fire, heat, cold, and safety alarms",أجهزة إنذار للحريق والحرارة والبرد والسلامة,
security_group_smoke,,Smoke,دخان,
security_group_smoke_subtitle,,Smoke detectors,أجهزة كشف الدخان,
security_group_gas,,Gas,الغاز,
security_group_gas_subtitle,,Combustible gas sensors,أجهزة استشعار الغاز القابلة للاحتراق,
security_group_co2,,CO / CO₂,ثاني أكسيد الكربون / ثاني أكسيد الكربون,
security_group_co2_subtitle,,Carbon monoxide and carbon dioxide sensors,أجهزة استشعار أول أكسيد الكربون وثاني أكسيد الكربون,
security_group_moisture,,Leaks,التسريبات,
security_group_moisture_subtitle,,Moisture and water leaks,الرطوبة وتسرب المياه,
security_group_sound,,Sound,صوت,
security_group_sound_subtitle,,Sound and glass-break sensors,حساسات الصوت وكسر الزجاج,
security_group_light,,Light detection,كشف الضوء,
security_group_light_subtitle,,Light and beam sensors,أجهزة استشعار الضوء والشعاع,
security_group_alarms,,Alarm systems,أنظمة الإنذار,
security_group_alarms_subtitle,,Alarm control panels,لوحات التحكم بالإنذار,
security_group_cameras,,Cameras,الكاميرات,
security_group_cameras_subtitle,,Camera feeds,يغذي الكاميرا,
security_no_search_active,,No search active · %1$s,لا يوجد بحث نشط · %1$s,app fills in %1$s — keep them
security_status_alert,,Security alert,تنبيه أمني,
security_status_alarm_pending,,Alarm pending,إنذار معلق,
security_status_changing_alarm,,Changing alarm mode,تغيير وضع التنبيه,
security_status_needs_attention,,Needs attention,يحتاج إلى اهتمام,
security_status_motion,,Motion detected,تم الكشف عن الحركة,
security_status_sensor_activity,,Sensor activity,نشاط الاستشعار,
security_status_alarm_unavailable,,Alarm unavailable,التنبيه غير متاح,
security_status_devices_unavailable,,Devices unavailable,الأجهزة غير متوفرة,
security_status_cameras_offline,,Cameras offline,الكاميرات حاليا,
security_status_all_secure,,All secure,كل شيء آمن,
security_status_alarm_disarmed,,Alarm disarmed,تم تعطيل الإنذار,
security_status_all_clear,,All clear,كل شيء واضح,
security_status_no_data,,No security data,لا توجد بيانات أمنية,
security_metric_openings,,Openings,الفتحات,
security_metric_locked,,Locked,مغلق,
security_metric_cameras_online,,Cameras online,كاميرات على الانترنت,
security_card_title,,Security card,بطاقة الأمان,
security_card_subtitle,,"Name, layout, and card appearance",الاسم والتخطيط ومظهر البطاقة,
security_stat_total,,Total,المجموع,
security_stat_active,,Active,نشيط,
security_stat_clear,,Clear,واضح,
security_cover_open,,Open,يفتح,
security_cover_stop,,Stop,قف,
security_cover_close,,Close,يغلق,
security_restore,,Restore,يعيد,
security_empty,,This is an empty security view. Swipe down on the header and open Security settings to add entities manually.,هذه وجهة نظر أمنية فارغة. اسحب لأسفل على رأس الصفحة وافتح إعدادات الأمان لإضافة الكيانات يدويًا.,
connection_stopping_for_restart,,Stopping for restart…,جارٍ الإيقاف لإعادة التشغيل…,
connection_starting,,Home Assistant is starting…,Home Assistant يبدأ...,don't translate Home Assistant
connection_restoring_dashboard,,Restoring your dashboard…,جارٍ استعادة لوحة المعلومات...,
connection_restarting,,Home Assistant is restarting…,جارٍ إعادة تشغيل Home Assistant...,don't translate Home Assistant
connection_auto_generating,,Auto-generating rooms and widgets…,إنشاء الغرف والأدوات تلقائيًا...,
connection_reconnecting,,Reconnecting to Home Assistant…,جارٍ إعادة الاتصال بـ Home Assistant...,don't translate Home Assistant
connection_unavailable_retrying,,Unavailable · Retrying…,غير متاح · جارٍ إعادة المحاولة...,
connection_paused,,Connection paused,تم إيقاف الاتصال مؤقتًا,
connection_connected,,Connected,متصل,
connection_server_not_found,,Server address could not be found,لا يمكن العثور على عنوان الخادم,
connection_timed_out,,Connection timed out,انتهت مهلة الاتصال,
connection_no_route,,No network route to Home Assistant,لا يوجد طريق شبكة إلى Home Assistant,don't translate Home Assistant
connection_could_not_connect,,Could not connect to Home Assistant,تعذر الاتصال بـ Home Assistant,don't translate Home Assistant
connection_secure_failed,,Secure connection failed,فشل الاتصال الآمن,
connection_session_expired_refreshing,,Session expired · Refreshing login…,انتهت الجلسة · جارٍ تحديث تسجيل الدخول...,
connection_interrupted,,Connection was interrupted,انقطع الاتصال,
connection_error_title,,Connection error,خطأ في الاتصال,
connection_all_systems_normal,,All systems normal,جميع الأنظمة طبيعية,
action_undo,,Undo,تراجع,
action_redo,,Redo,إعادة,
connection_route_local,,Local,محلي,
connection_route_nabu_casa,,Nabu Casa,Nabu Casa,don't translate Nabu Casa
connection_route_external,,External,خارجي,
settings_connection_via,,Connected via %1$s,متصل عبر %1$s,app fills in %1$s — keep them
settings_connection_unknown,,Unknown,مجهول,
settings_connection_connecting,,Connecting…,جارٍ الاتصال…,
settings_this_home,,this home,هذا المنزل,
settings_local_network_allowed,,Allowed,مسموح,
settings_local_network_not_allowed,,Not allowed — Home Assistant cannot be reached directly on your Wi-Fi,غير مسموح به — لا يمكن الوصول إلى Home Assistant مباشرةً عبر شبكة Wi-Fi لديك,don't translate Home Assistant
settings_current_wifi,,Current Wi-Fi,واي فاي الحالي,
settings_wifi_unavailable,,Not connected or location permission is missing,غير متصل أو إذن الموقع مفقود,
settings_just_now,,just now,الآن,
settings_primary_app_language,,Primary application language,لغة التطبيق الأساسية,
settings_android_build_configuration,,Android resources and build configuration,موارد Android وبناء التكوين,
page_settings_default_title,,Page settings,إعدادات الصفحة,
page_settings_choose_area,,Choose an area to configure,اختر منطقة لتكوينها,
page_settings_focused_options,,Focused options for this page area,الخيارات المركزة لمنطقة الصفحة هذه,
page_settings_header_description,,Wallpaper and custom header color,ورق الحائط ولون الرأس المخصص,
page_settings_custom_page_description,,"Name, subtitle, and navigation icon",الاسم والعنوان الفرعي وأيقونة التنقل,
page_settings_badge_bar,,Badge bar,شريط الشارة,
page_settings_badge_description,,"Visibility, alignment, and display options",خيارات الرؤية والمحاذاة والعرض,
page_settings_persons,,Persons,الأشخاص,
page_settings_persons_description,,Visibility and ordering,الرؤية والنظام,
page_settings_configure,,Configure,تكوين,
room_config_title,,Room configuration,تكوين الغرفة,
header_pill_left,,Left header pill,حبة الرأس الأيسر,
header_pill_right,,Right header pill,حبة الرأس الأيمن,
alignment_split,,Split,ينقسم,
alignment_center,,Center,مركز,
weather_cloudy,,Cloudy,غائم,
home_default_markdown_content,,# Markdown\nOpen this widget's settings in **edit mode** to write your own content.,# تخفيض السعر\nافتح إعدادات هذه الأداة في **وضع التحرير** لكتابة المحتوى الخاص بك.,\n = line break
home_settings_title,,Home settings,إعدادات المنزل,
custom_page_settings_title,,%1$s settings,%1$s الإعدادات,app fills in %1$s — keep them
home_empty,,This is the homepage. Add widgets by swiping down on the header and enabling edit mode.,هذه هي الصفحة الرئيسية. أضف عناصر واجهة المستخدم عن طريق التمرير لأسفل على رأس الصفحة وتمكين وضع التحرير.,
custom_page_empty,,This page is empty. Add widgets by swiping down on the header and enabling edit mode.,هذه الصفحة فارغة. أضف عناصر واجهة المستخدم عن طريق التمرير لأسفل على رأس الصفحة وتمكين وضع التحرير.,
select_camera_title,,Select camera,حدد الكاميرا,
select_entity_title,,Select entity,حدد الكيان,
custom_camera_default_name,,Custom camera,كاميرا مخصصة,
rooms_settings_title,,Rooms settings,إعدادات الغرف,
rooms_empty,,The rooms view is empty. Swipe down on the header and enable edit mode to add floors and rooms.,منظر الغرف فارغ. اسحب لأسفل على رأس الصفحة وقم بتمكين وضع التحرير لإضافة طوابق وغرف.,
floor_expand,,Expand floor,قم بتوسيع الأرضية,
floor_collapse,,Collapse floor,انهيار الكلمة,
floor_settings_title,,Floor,أرضية,
floor_settings_subtitle,,"Identity, layout, and card style",الهوية والتخطيط ونمط البطاقة,
universal_effects,,Effects,التأثيرات,
universal_open_door,,Open door,افتح الباب,
universal_vacuum_dock,,Dock,قفص الاتهام,
universal_start,,Start,يبدأ,
universal_pause,,Pause,يوقف,
universal_stop,,Stop,قف,
universal_locate,,Locate,تحديد موقع,
universal_room_number,,Room %1$d,غرفة %1$d,app fills in %1$d — keep them
core_optional_display_name,,Optional display name override,تجاوز اسم العرض الاختياري,
core_media_paused_track,,Paused: %1$s,متوقف مؤقتًا: %1$s,app fills in %1$s — keep them
core_percent_value,,%1$d percent,%1$d بالمائة,app fills in %1$d — keep them
core_current_humidity,,Current humidity,الرطوبة الحالية,
core_tank_water_level,,Tank / water level,مستوى الخزان/المياه,
core_pm25,,PM2.5,PM2.5,
core_error_code,,Error code,رمز الخطأ,
core_bucket_full,,Bucket full,دلو ممتلئ,
core_clean_filter,,Clean filter,مرشح نظيف,
core_ionizer,,Ionizer,المؤين,
core_pump,,Pump,مضخة,
core_beep_on_command,,Beep on command,صافرة عند القيادة,
core_dawn,,Dawn,فَجر,
core_solar_noon,,Solar noon,الظهيرة الشمسية,
core_dusk,,Dusk,الغسق,
core_icon_category_common,,Common,شائع,
core_icon_category_home,,Home,بيت,
core_icon_category_weather,,Weather,طقس,
core_icon_category_lock,,Lock,قفل,
core_icon_category_people,,People,الناس,
core_icon_category_auto,,Automotive,السيارات,
core_icon_category_music,,Music,موسيقى,
core_icon_category_battery,,Battery,بطارية,
core_icon_category_nature,,Nature,طبيعة,
core_icon_category_places,,Places,الأماكن,
core_icon_category_food,,Food,طعام,
core_icon_category_navigation,,Navigation,ملاحة,
core_icon_category_devices,,Devices,الأجهزة,
core_icon_category_map,,Map,رسم خريطة,
core_icon_category_media,,Media,وسائط,
core_icon_category_communication,,Communication,تواصل,
core_icon_category_health,,Health,صحة,
core_icon_category_vehicles,,Vehicles,المركبات,
core_icon_category_buildings,,Buildings,المباني,
core_icon_category_electrical,,Electrical,كهربائي,
core_icon_category_sport,,Sport,رياضة,
core_icon_category_objects,,Objects,أشياء,
core_icon_category_commerce,,Commerce,تجارة,
core_icon_category_games,,Games,ألعاب,
core_icon_category_finance,,Finance,تمويل,
background_notification_channel_general,,General,عام,
background_location_channel_name,,Location sharing,مشاركة الموقع,
background_location_channel_description,,Keeps your device location up to date in Home Assistant,يحافظ على تحديث موقع جهازك في Home Assistant,don't translate Home Assistant
background_location_notification_title,,Home Assistant location sharing,Home Assistant مشاركة الموقع,don't translate Home Assistant
background_location_notification_text,,Sharing your location with Home Assistant,مشاركة موقعك مع Home Assistant,don't translate Home Assistant
background_push_channel_name,,Notification connection,اتصال الإخطار,
background_push_channel_description,,Keeps a background connection to Home Assistant for instant notifications,يحافظ على اتصال الخلفية بـ Home Assistant للحصول على إشعارات فورية,don't translate Home Assistant
background_push_notification_title,,Connected to Home Assistant,متصل بـ Home Assistant,don't translate Home Assistant
background_push_notification_text,,Waiting for notifications,في انتظار الإخطارات,
background_push_hide_action,,Hide this notification,إخفاء هذا الإخطار,
button_style_centered,,Centered,توسيط,
button_elements,,Elements,عناصر,
button_elements_description,,What appears on this button. Hide the name and state for an icon on its own.,ما يظهر على هذا الزر. إخفاء الاسم والحالة للأيقونة من تلقاء نفسها.,
stack_elements_title,,Elements on every button in this stack,العناصر الموجودة في كل زر في هذه المكدس,
stack_elements_description,,"These apply to the whole stack, not to one button. Turning something off here hides it on every button in the stack; leaving it on lets each button decide for itself in its own settings.",تنطبق هذه على المكدس بأكمله، وليس على زر واحد. يؤدي إيقاف تشغيل شيء ما هنا إلى إخفاءه على كل زر في المكدس؛ تركه قيد التشغيل يتيح لكل زر أن يقرر بنفسه في إعداداته الخاصة.,
button_element_icon,,Icon,رمز,
button_element_name,,Name,اسم,
button_element_state,,State,ولاية,
stack_show_title,,Show name,إظهار الاسم,
stack_show_title_description,,Turn off for a stack with no heading at all.,قم بإيقاف تشغيله للحصول على مكدس بدون عنوان على الإطلاق.,
stack_show_icon,,Show icon,إظهار الأيقونة,
stack_show_icon_description,,The icon beside the heading.,الأيقونة بجانب العنوان.,
stack_center_title,,Center the heading,توسيط العنوان,
stack_center_title_description,,Puts the icon and name in the middle instead of against the left edge.,يضع الأيقونة والاسم في المنتصف بدلاً من الحافة اليسرى.,
cr_state_on,,On,على,
cr_state_off,,Off,عن,
cr_open,,Open,يفتح,
cr_close,,Close,يغلق,
cr_stop,,Stop,قف,
cr_closed,,Closed,مغلق,
cr_opening,,Opening,افتتاح,
cr_closing,,Closing,إغلاق,
cr_locked,,Locked,مغلق,
cr_unlocked,,Unlocked,مفتوح,
cr_unavailable,,Unavailable,غير متاح,
cr_unknown,,Unknown,مجهول,
cr_idle,,Idle,عاطل,
cr_home,,Home,بيت,
cr_away,,Away,بعيد,
cr_cleaning,,Cleaning,تنظيف,
cr_returning,,Returning,العودة,
cr_paused,,Paused,متوقف مؤقتًا,
cr_error,,Error,خطأ,
cr_playing,,Playing,اللعب,
cr_buffering,,Buffering,التخزين المؤقت,
cr_standby,,Standby,تعليق,
cr_humidifying,,Humidifying,الترطيب,
cr_drying,,Drying,تجفيف,
cr_detected,,Detected,مُكتَشَف,
cr_clear,,Clear,واضح,
cr_problem,,Problem,مشكلة,
cr_ok,,OK,نعم,
cr_low,,Low,قليل,
cr_normal,,Normal,طبيعي,
cr_connected,,Connected,متصل,
cr_disconnected,,Disconnected,غير متصل,
cr_plugged_in,,Plugged in,موصول,
cr_unplugged,,Unplugged,موصول,
cr_wet,,Wet,مبتل,
cr_dry,,Dry,جاف,
cr_none,,None,لا أحد,
cr_any,,Any,أي,
cr_remove,,Remove,يزيل,
cr_restore,,Restore,يعيد,
cr_general,,General,عام,
cr_identity,,Identity,هوية,
cr_appearance,,Appearance,مظهر,
cr_layout,,Layout,تَخطِيط,
cr_behavior,,Behavior,سلوك,
cr_profiles,,Profiles,الملفات الشخصية,
cr_playback,,Playback,التشغيل,
cr_content,,Content,محتوى,
cr_actions,,Actions,الإجراءات,
cr_protection,,Protection,حماية,
cr_power,,Power,قوة,
cr_brightness,,Brightness,سطوع,
cr_temperature,,Temperature,درجة حرارة,
cr_color,,Color,لون,
cr_min,,Min,دقيقة,
cr_avg,,Avg,متوسط,
cr_max,,Max,الأعلى,
cr_now,,Now,الآن,
cr_lowest,,Lowest,أدنى,
cr_average,,Average,متوسط,
cr_highest,,Highest,الأعلى,
cr_live,,Live,يعيش,
cr_once,,Once,مرة واحدة,
cr_daily,,Daily,يوميًا,
cr_weekly,,Weekly,أسبوعي,
cr_monthly,,Monthly,شهريا,
cr_yearly,,Yearly,سنوي,
cr_action_tap,,Tap,مقبض,
cr_action_double_tap,,Double tap,انقر نقرًا مزدوجًا,
cr_action_hold,,Hold,يمسك,
cr_mode,,Mode,وضع,
cr_mode_auto,,Auto,آلي,
cr_mode_heat,,Heat,حرارة,
cr_mode_cool,,Cool,رائع,
cr_mode_heat_cool,,Heat/cool,الحرارة/البرودة,
cr_mode_dry,,Dry,جاف,
cr_mode_fan_only,,Fan only,مروحة فقط,
cr_mode_low,,Low,قليل,
cr_mode_medium,,Medium,واسطة,
cr_mode_high,,High,عالي,
cr_mode_quiet,,Quiet,هادئ,
cr_mode_boost,,Boost,يعزز,
cr_mode_eco,,Eco,سابقة بمعنى البِيْئَة,
cr_mode_sleep,,Sleep,ينام,
cr_mode_manual,,Manual,يدوي,
cr_mode_vertical,,Vertical,رَأسِيّ,
cr_mode_horizontal,,Horizontal,أفقي,
cr_mode_both,,Both,كلاهما,
cr_mode_up,,Up,أعلى,
cr_mode_down,,Down,تحت,
cr_mode_center,,Center,مركز,
cr_mode_left,,Left,غادر,
cr_mode_right,,Right,يمين,
cr_climate_fan,,Fan,معجب,
cr_climate_vertical_airflow,,Vertical airflow,تدفق الهواء العمودي,
cr_climate_horizontal_airflow,,Horizontal airflow,تدفق الهواء الأفقي,
cr_climate_preset,,Preset,محددة مسبقا,
cr_fan_speed,,Fan speed,سرعة المروحة,
cr_speed,,Speed,سرعة,
cr_lower_target,,Lower target,الهدف السفلي,
cr_raise_target,,Raise target,رفع الهدف,
cr_climate_temperature,,Temperature,درجة حرارة,
cr_climate_all_temperature_sensors,,All temperature sensors,جميع أجهزة استشعار درجة الحرارة,
cr_climate_outside,,Outside,الخارج,
cr_climate_outside_summary,,"Outdoor temperature, humidity, and pressure",درجة الحرارة والرطوبة والضغط في الهواء الطلق,
cr_climate_humidity,,Humidity,رطوبة,
cr_climate_all_humidity_sensors,,All humidity sensors,جميع أجهزة استشعار الرطوبة,
cr_climate_air_pressure,,Air pressure,ضغط الهواء,
cr_climate_all_pressure_sensors,,All air-pressure sensors,جميع حساسات ضغط الهواء,
cr_climate_co2,,CO₂,ثاني أكسيد الكربون,
cr_climate_carbon_dioxide_sensors,,Carbon-dioxide sensors,أجهزة استشعار ثاني أكسيد الكربون,
cr_climate_air_quality,,Air quality,جودة الهواء,
cr_climate_air_quality_summary,,"Particulates, AQI, VOCs, and gases",الجسيمات، AQI، المركبات العضوية المتطايرة، والغازات,
cr_climate_entities,,Climate entities,الكيانات المناخية,
cr_climate_settings,,Climate settings,إعدادات المناخ,
cr_empty_climate_view,,No climate data is available yet.,لا توجد بيانات مناخية متاحة حتى الآن.,
cr_climate_fans,,Fans,المشجعين,
cr_climate_air_purifiers,,Air purifiers,أجهزة تنقية الهواء,
cr_climate_humidifiers,,Humidifiers,مرطبات,
cr_temperature_sensors,,Temperature sensors,أجهزة استشعار درجة الحرارة,
cr_devices_active,,Devices active,الأجهزة نشطة,
cr_active_of_total,,%1$d of %2$d active,%1$d من %2$d نشط,app fills in %1$d %2$d — keep them
cr_no_search_active,,No active search · %1$s,لا يوجد بحث نشط · %1$s,app fills in %1$s — keep them
cr_collapse_search,,Collapse search,طي البحث,
cr_expand_search,,Expand search,قم بتوسيع البحث,
cr_custom_order,,Custom order,ترتيب مخصص,
cr_name_a_z,,Name A–Z,الاسم من الألف إلى الياء,
cr_name_z_a,,Name Z–A,الاسم Z-A,
cr_climate_device,,Climate device,جهاز المناخ,
cr_climate_device_subtitle,,"Name, icon, card style, and width",الاسم والرمز ونمط البطاقة والعرض,
cr_widget_requires_f1,,"Needs the F1 Sensor integration, which was not found on your Home Assistant",يحتاج إلى تكامل مستشعر F1، والذي لم يتم العثور عليه في Home Assistant,don't translate Home Assistant
cr_widget_requires_parcels,,"Needs a parcel integration, and none was found on your Home Assistant",يحتاج إلى تكامل الطرود، ولم يتم العثور على أي منها على Home Assistant,don't translate Home Assistant
cr_widget_requires_waste,,"Needs a waste collection integration, and none was found on your Home Assistant",يحتاج إلى تكامل جمع النفايات، ولم يتم العثور على أي شيء على Home Assistant الخاص بك,don't translate Home Assistant
cr_people_here_title,,Who is here,من هو هنا,
cr_people_here_empty,,Nobody is being tracked in this room right now.,لا يتم تعقب أحد في هذه الغرفة الآن.,
cr_people_here_unknown_room,,Room unknown,الغرفة غير معروفة,
cr_button_exclude_counters,,Leave out of counters,ترك خارج العدادات,
cr_button_exclude_counters_hint,,"Keep the button, but stop it counting towards this room’s Lights and Devices totals",احتفظ بالزر، لكن أوقفه عن العد ضمن إجماليات الأضواء والأجهزة في هذه الغرفة,
cr_count_with_average,,%1$s · avg %2$s%3$s,%1$s · المتوسط %2$s%3$s,app fills in %1$s %2$s %3$s — keep them
cr_outside_temperature,,Outside temperature,درجة الحرارة الخارجية,
cr_outside_humidity,,Outside humidity,الرطوبة الخارجية,
cr_outside_pressure,,Outside pressure,الضغط الخارجي,
cr_outside_air_pressure,,Outside air pressure,الضغط الجوي الخارجي,
cr_no_sensors_found_for,,No %1$s sensors found.,لم يتم العثور على أجهزة استشعار %1$s.,app fills in %1$s — keep them
cr_climate_control,,Climate control,التحكم في المناخ,
cr_thermostat_dial,,Thermostat dial,قرص ترموستات,
cr_width_third,,Third,ثالث,
cr_width_half,,Half,نصف,
cr_width_full,,Full,ممتلىء,
cr_select_item,,Select %1$s,حدد %1$s,app fills in %1$s — keep them
cr_set_outdoor_sensors,,"Set outdoor temperature, humidity, and pressure",ضبط درجة الحرارة والرطوبة والضغط في الهواء الطلق,
cr_auto_discovered_device_class,,Discovered automatically by device class,تم اكتشافه تلقائيًا حسب فئة الجهاز,
cr_auto_discovered_climate_devices,,Climate devices discovered automatically,تم اكتشاف أجهزة المناخ تلقائيًا,
cr_pick_fan_entities_as_purifiers,,Choose fan entities to use as air purifiers,اختر كيانات المروحة لاستخدامها كأجهزة لتنقية الهواء,
cr_auto_discovered_humidifier_devices,,Humidifier devices discovered automatically,تم اكتشاف أجهزة الترطيب تلقائيًا,
cr_removed_entities,,Removed entities,الكيانات التي تمت إزالتها,
cr_entities_removed_edit_mode,,Entities removed in edit mode,تمت إزالة الكيانات في وضع التحرير,
cr_card_indoor_climate_overview,,Indoor climate overview,نظرة عامة على المناخ الداخلي,
cr_card_sensor_device_tiles,,Sensor and device tiles,بلاط الاستشعار والجهاز,
cr_card_thermostats_ac,,Thermostats and AC,منظمات الحرارة وتكييف الهواء,
cr_card_temperature_summary,,Temperature summary,ملخص درجات الحرارة,
cr_card_humidity_summary,,Humidity summary,ملخص الرطوبة,
cr_card_air_pressure_summary,,Air-pressure summary,ملخص الضغط الجوي,
cr_card_co2_summary,,CO₂ summary,ملخص ثاني أكسيد الكربون,
cr_card_air_quality_summary,,Air-quality summary,ملخص جودة الهواء,
cr_category_overview,,Overview,ملخص,
cr_category_devices,,Devices,الأجهزة,
cr_category_sensors,,Sensors,أجهزة الاستشعار,
cr_no_climate_sensors_devices,,No climate sensors or devices found.,لم يتم العثور على أجهزة استشعار أو أجهزة للمناخ.,
cr_no_climate_devices,,No climate devices found. Thermostats and AC units from Home Assistant appear here automatically.,لم يتم العثور على أجهزة المناخ. تظهر أجهزة تنظيم الحرارة ووحدات التكييف من Home Assistant هنا تلقائيًا.,don't translate Home Assistant
cr_no_fans,,No fans found. Fan entities from Home Assistant appear here automatically.,لم يتم العثور على المشجعين. تظهر كيانات المعجبين من Home Assistant هنا تلقائيًا.,don't translate Home Assistant
cr_no_air_purifiers,,No air purifiers configured. Choose fan entities under Climate settings → Climate entities → Air purifiers.,لم يتم تكوين أجهزة تنقية الهواء. اختر كيانات المروحة ضمن إعدادات المناخ → كيانات المناخ → أجهزة تنقية الهواء.,
cr_no_humidifiers,,No humidifiers found. Humidifier entities from Home Assistant appear here automatically.,لم يتم العثور على أجهزة ترطيب. تظهر هنا كيانات جهاز الترطيب من Home Assistant تلقائيًا.,don't translate Home Assistant
cr_unknown_climate_card,,Unknown climate card: %1$s,بطاقة مناخ غير معروفة: %1$s,app fills in %1$s — keep them
cr_select_climate_cards,,Select climate cards,حدد بطاقات المناخ,
cr_entities_for,,%1$s entities,%1$s الكيانات,app fills in %1$s — keep them
cr_climate_card,,Climate card,بطاقة المناخ,
cr_climate_card_dialog_subtitle,,Data sources and card appearance,مصادر البيانات ومظهر البطاقة,
cr_card_and_data,,Card and data,البطاقة والبيانات,
cr_climate_stack,,Climate stack,كومة المناخ,
cr_climate_stack_dialog_subtitle,,"Cards, data sources, and layout",البطاقات ومصادر البيانات والتخطيط,
cr_cards_and_data,,Cards and data,البطاقات والبيانات,
cr_sensor_count,one,%d sensor,%d مستشعر,app fills in %d — keep them
cr_sensor_count,other,%d sensors,%d أجهزة استشعار,app fills in %d — keep them
cr_sensor_count,zero,,%d أجهزة استشعار,
cr_sensor_count,two,,%d أجهزة استشعار,
cr_sensor_count,few,,%d أجهزة استشعار,
cr_sensor_count,many,,%d أجهزة استشعار,
cr_device_count_on,one,%1$d device · %2$d on,جهاز %1$d · %2$d قيد التشغيل,app fills in %1$d %2$d — keep them
cr_device_count_on,other,%1$d devices · %2$d on,%1$d الأجهزة · %2$d قيد التشغيل,app fills in %1$d %2$d — keep them
cr_device_count_on,zero,,%1$d الأجهزة · %2$d قيد التشغيل,
cr_device_count_on,two,,%1$d الأجهزة · %2$d قيد التشغيل,
cr_device_count_on,few,,%1$d الأجهزة · %2$d قيد التشغيل,
cr_device_count_on,many,,%1$d الأجهزة · %2$d قيد التشغيل,
cr_outside_sensors_set,one,%d outside sensor set,%d مجموعة أجهزة استشعار خارجية,app fills in %d — keep them
cr_outside_sensors_set,other,%d outside sensors set,تم تعيين %d من أجهزة الاستشعار الخارجية,app fills in %d — keep them
cr_outside_sensors_set,zero,,تم تعيين %d من أجهزة الاستشعار الخارجية,
cr_outside_sensors_set,two,,تم تعيين %d من أجهزة الاستشعار الخارجية,
cr_outside_sensors_set,few,,تم تعيين %d من أجهزة الاستشعار الخارجية,
cr_outside_sensors_set,many,,تم تعيين %d من أجهزة الاستشعار الخارجية,
cr_auto_plus_manual,one,Automatic + %d manual,تلقائي + دليل %d,app fills in %d — keep them
cr_auto_plus_manual,other,Automatic + %d manual,تلقائي + دليل %d,app fills in %d — keep them
cr_auto_plus_manual,zero,,تلقائي + دليل %d,
cr_auto_plus_manual,two,,تلقائي + دليل %d,
cr_auto_plus_manual,few,,تلقائي + دليل %d,
cr_auto_plus_manual,many,,تلقائي + دليل %d,
cr_selected_count,one,%d selected,تم تحديد %d,app fills in %d — keep them
cr_selected_count,other,%d selected,تم تحديد %d,app fills in %d — keep them
cr_selected_count,zero,,تم تحديد %d,
cr_selected_count,two,,تم تحديد %d,
cr_selected_count,few,,تم تحديد %d,
cr_selected_count,many,,تم تحديد %d,
cr_removed_count,one,%d removed,تمت إزالة %d,app fills in %d — keep them
cr_removed_count,other,%d removed,تمت إزالة %d,app fills in %d — keep them
cr_removed_count,zero,,تمت إزالة %d,
cr_removed_count,two,,تمت إزالة %d,
cr_removed_count,few,,تمت إزالة %d,
cr_removed_count,many,,تمت إزالة %d,
cr_room,,Room,غرفة,
cr_room_details,,Room details,تفاصيل الغرفة,
cr_empty_room,,"This room is empty. Swipe down on the header, enable edit mode, and add widgets, buttons, or tiles.",هذه الغرفة فارغة. اسحب لأسفل على رأس الصفحة، وقم بتمكين وضع التحرير، وأضف عناصر واجهة المستخدم أو الأزرار أو المربعات.,
cr_default_markdown_content,,# Markdown\nOpen this widget in **edit mode** to write your own content.,# تخفيض السعر\nافتح هذه الأداة في **وضع التحرير** لكتابة المحتوى الخاص بك.,\n = line break
cr_select_camera,,Select camera,حدد الكاميرا,
cr_select_entity,,Select entity,حدد الكيان,
cr_custom_camera,,Custom camera,كاميرا مخصصة,
cr_configure_widget,,Configure widget,تكوين القطعة,
cr_configure_widget_subtitle,,Set the essentials before adding it,اضبط الأساسيات قبل إضافتها,
cr_widget_options,,Widget options,خيارات القطعة,
cr_widget_options_subtitle,,Choose what this widget should display,اختر ما يجب أن تعرضه هذه الأداة,
cr_add_widget,,Add widget,إضافة القطعة,
cr_add_widget_subtitle,,Browse by purpose or search every widget,تصفح حسب الغرض أو ابحث في كل عنصر واجهة مستخدم,
cr_widget_category_controls,,Controls,الضوابط,
cr_widget_category_controls_description,,"Buttons, vacuums, and grouped controls",الأزرار والمكانس الكهربائية وعناصر التحكم المجمعة,
cr_widget_category_cameras,,Cameras,الكاميرات,
cr_widget_category_cameras_description,,Live camera tiles and multi-camera views,بلاط الكاميرا الحية وإطلالات متعددة الكاميرات,
cr_widget_category_climate,,Climate and weather,المناخ والطقس,
cr_widget_category_climate_description,,"Temperature, comfort, forecasts, and conditions",درجة الحرارة والراحة والتنبؤات والظروف,
cr_widget_category_energy,,Energy and batteries,الطاقة والبطاريات,
cr_widget_category_energy_description,,"Consumption, production, and device health",الاستهلاك والإنتاج وصحة الجهاز,
cr_widget_category_information,,Information and media,المعلومات والإعلام,
cr_widget_category_information_description,,"Calendars, deliveries, graphs, notes, and playback",التقويمات والتسليمات والرسوم البيانية والملاحظات والتشغيل,
cr_widget_category_layout,,Layout and structure,التخطيط والهيكل,
cr_widget_category_layout_description,,Headings and flexible widget containers,العناوين وحاويات القطعة المرنة,
cr_widget_adaptive_lighting,,Adaptive Lighting,الإضاءة التكيفية,
cr_widget_adaptive_lighting_description,,Control any installed Adaptive Lighting profile,التحكم في أي ملف تعريف Adaptive Lighting مثبت,
cr_widget_button,,Button,زر,
cr_widget_button_description,,A single configurable entity control,عنصر تحكم كيان واحد قابل للتكوين,
cr_widget_buttons,,Buttons,أزرار,
cr_widget_calendar,,Calendar,تقويم,
cr_widget_calendar_description,,"Agenda, week, and month views from Home Assistant calendars",عروض الأجندة والأسبوع والشهر من تقاويم Home Assistant,don't translate Home Assistant
cr_widget_waste_collection,,Waste collection,جمع النفايات,
cr_widget_waste_collection_description,,Upcoming collections from waste sensors,المجموعات القادمة من أجهزة استشعار النفايات,
cr_widget_parcels,,Parcels,الطرود,
cr_widget_parcels_description,,Incoming and outgoing parcels from supported carriers,الطرود الواردة والصادرة من شركات النقل المدعومة,
cr_widget_camera,,Camera,آلة تصوير,
cr_widget_camera_description,,A single live camera tile or stream URL,مربع واحد للكاميرا المباشرة أو عنوان URL للبث المباشر,
cr_widget_cameras,,Cameras,الكاميرات,
cr_widget_climate_card,,Climate card,بطاقة المناخ,
cr_widget_climate_card_description,,Any card from the Climate view,أي بطاقة من عرض المناخ,
cr_widget_energy_card,,Energy card,بطاقة الطاقة,
cr_widget_energy_card_description,,Any card from the Energy view,أي بطاقة من عرض الطاقة,
cr_widget_battery_levels,,Battery levels,مستويات البطارية,
cr_widget_battery_levels_description,,"Low batteries, or Battery+ only with type details",البطاريات المنخفضة، أو البطارية + فقط مع تفاصيل النوع,
cr_widget_header_text,,Header text,نص الرأس,
cr_widget_header_text_description,,Add a section heading,إضافة عنوان القسم,
cr_widget_markdown,,Markdown,تخفيض السعر,
cr_widget_markdown_description,,A free-form card written in Markdown,بطاقة ذات شكل حر مكتوبة بلغة Markdown,
cr_widget_iframe,,iFrame,iFrame,
cr_widget_iframe_description,,Embed any web page on your dashboard,تضمين أي صفحة ويب على لوحة التحكم الخاصة بك,
cr_widget_media_player,,Media player,مشغل الوسائط,
cr_widget_media_player_description,,Now-playing tile with album art as the background,يتم تشغيل البلاط الآن مع صورة الألبوم كخلفية,
cr_widget_sensor_graph,,Sensor graph,الرسم البياني الاستشعار,
cr_widget_sensor_graph_description,,"History graph for one or more sensors, as lines or bars",رسم بياني للتاريخ لمستشعر واحد أو أكثر، على شكل خطوط أو أشرطة,
cr_widget_vacuum,,Vacuum,مكنسة,
cr_widget_vacuum_description,,A single robot-vacuum control,روبوت واحد للتحكم في الفراغ,
cr_widget_weather,,Weather,طقس,
cr_widget_weather_description,,A single weather card,بطاقة طقس واحدة,
cr_widget_empty_stack,,Empty stack,كومة فارغة,
cr_widget_empty_stack_description,,Place widgets inside a configurable stack,ضع الأدوات داخل مكدس قابل للتكوين,
cr_widget_button_stack,,Button stack,كومة زر,
cr_widget_button_stack_description,,Group entities into configurable controls,تجميع الكيانات في عناصر تحكم قابلة للتكوين,
cr_widget_camera_stack,,Camera stack,كومة الكاميرا,
cr_widget_camera_stack_description,,Show live camera tiles or a custom stream URL,إظهار مربعات الكاميرا المباشرة أو عنوان URL المخصص للبث,
cr_widget_climate_stack,,Climate stack,كومة المناخ,
cr_widget_climate_stack_description,,"Group climate cards such as overview, thermostats, and sensors",بطاقات المناخ الجماعية مثل النظرة العامة، وأجهزة تنظيم الحرارة، وأجهزة الاستشعار,
cr_widget_energy_stack,,Energy stack,كومة الطاقة,
cr_widget_energy_stack_description,,"Group energy cards such as usage, solar, gas, and water",بطاقات الطاقة الجماعية مثل الاستخدام والطاقة الشمسية والغاز والمياه,
cr_widget_sensor_graph_stack,,Sensor graph stack,مكدس الرسم البياني الاستشعار,
cr_widget_sensor_graph_stack_description,,Group several sensor-history graphs,قم بتجميع العديد من الرسوم البيانية لتاريخ المستشعر,
cr_widget_swiping_stack,,Swiping stack,الضرب المكدس,
cr_widget_swiping_stack_description,,Swipe horizontally through nested widgets,اسحب أفقيًا عبر الأدوات المتداخلة,
cr_widget_vacuum_stack,,Vacuum stack,كومة فراغ,
cr_widget_vacuum_stack_description,,Control robot vacuums with a map and battery status,تحكم في مكانس الروبوت باستخدام الخريطة وحالة البطارية,
cr_widget_weather_stack,,Weather stack,كومة الطقس,
cr_widget_weather_stack_description,,"Group conditions, forecast, wind, or rain-map cards",ظروف المجموعة، والتنبؤات، والرياح، أو بطاقات خريطة المطر,
cr_camera_settings,,Camera settings,إعدادات الكاميرا,
cr_vacuum_settings,,Vacuum settings,إعدادات الفراغ,
cr_button_settings,,Button settings,إعدادات الزر,
cr_robot_image,,Robot image,صورة الروبوت,
cr_map_camera,,Map camera,كاميرا الخريطة,
cr_external_url,,External URL,عنوان URL الخارجي,
cr_valetudo_map,,Valetudo map,Valetudo الخريطة,don't translate Valetudo
cr_valetudo_map_hint,,Draws the map from a Valetudo robot and lets you tap a room to clean it. Pick the robot's map camera below.,يرسم الخريطة من روبوت Valetudo ويتيح لك النقر على الغرفة لتنظيفها. اختر كاميرا خريطة الروبوت أدناه.,don't translate Valetudo
cr_valetudo_camera_mode_note,,Using Map camera with a Valetudo map entity shows a blank tile. Valetudo does not render the map on the robot — its PNG is only a container for the map data. Choose Valetudo map instead to have HKI draw it.,يُظهر استخدام كاميرا الخريطة مع كيان خريطة Valetudo مربعًا فارغًا. لا يعرض Valetudo الخريطة على الروبوت، حيث إن PNG الخاصة به ليست سوى حاوية لبيانات الخريطة. اختر خريطة Valetudo بدلاً من ذلك ليقوم HKI برسمها.,don't translate Valetudo
cr_animation_glow,,Glow,يشع,
cr_animation_spin,,Spin,يلف,
cr_animation_pulse,,Pulse,نبض,
cr_adaptive_lighting_widget,,Adaptive Lighting widget,القطعة الإضاءة التكيفية,
cr_adaptive_lighting_widget_subtitle,,"Profiles, size, and appearance",الملفات الشخصية والحجم والمظهر,
cr_button_stack_dialog_subtitle,,"Layout, appearance, and entity order",التخطيط والمظهر وترتيب الكيان,
cr_expand_stack,,Expand stack,قم بتوسيع المكدس,
cr_collapse_stack,,Collapse stack,طي المكدس,
cr_hide_stack,,Hide stack,إخفاء المكدس,
cr_unhide_stack,,Unhide stack,إظهار المكدس,
cr_swiping_stack_dialog_subtitle,,"Pages, height, and card appearance",الصفحات والارتفاع ومظهر البطاقة,
cr_empty_stack_dialog_subtitle,,Container layout and appearance,تخطيط الحاوية والمظهر,
cr_header_text_dialog_subtitle,,Heading content and visual style,محتوى العنوان والأسلوب البصري,
cr_animation_swipe,,Swipe,انتقد,
cr_animation_fade,,Fade,يختفي,
cr_animation_zoom,,Zoom,تكبير,
cr_animation_slide_fade,,Slide + fade,انزلاق + تتلاشى,
cr_animation_cube,,Cube,مكعب,
cr_animation_instant,,Instant,فوري,
cr_widget_option_count,one,%d option,خيار %d,app fills in %d — keep them
cr_widget_option_count,other,%d options,%d خيار,app fills in %d — keep them
cr_widget_option_count,zero,,%d خيار,
cr_widget_option_count,two,,%d خيار,
cr_widget_option_count,few,,%d خيار,
cr_widget_option_count,many,,%d خيار,
cr_configured_lights,one,%d configured light,%d ضوء تم تكوينه,app fills in %d — keep them
cr_configured_lights,other,%d configured lights,تم تكوين %d من الأضواء,app fills in %d — keep them
cr_configured_lights,zero,,تم تكوين %d من الأضواء,
cr_configured_lights,two,,تم تكوين %d من الأضواء,
cr_configured_lights,few,,تم تكوين %d من الأضواء,
cr_configured_lights,many,,تم تكوين %d من الأضواء,
cr_quick_notifications,,Notifications,إشعارات,
cr_quick_notifications_instruction,,Swipe right from the upper-left edge.,اسحب لليمين من الحافة العلوية اليسرى.,
cr_quick_switch_homes,,Switch homes,تبديل المنازل,
cr_quick_switch_homes_instruction,,Swipe left from the upper-right edge of the header.,اسحب لليسار من الحافة العلوية اليمنى للرأس.,
cr_quick_actions,,Quick actions,إجراءات سريعة,
cr_quick_actions_instruction,,"Pull down on any page header for Search, Flows, Edit, and Settings.",اسحب لأسفل على أي رأس صفحة للبحث والتدفقات والتحرير والإعدادات.,
cr_quick_media_player,,Media player,مشغل الوسائط,
cr_quick_media_player_instruction,,"When the handle appears, swipe up on the bottom bar to restore the player.",عندما يظهر المقبض، اسحب لأعلى على الشريط السفلي لاستعادة المشغل.,
cr_quick_make_it_yours,,Make it yours,اجعلها لك,
cr_quick_make_it_yours_instruction,,"In edit mode, add and reorder rooms, floors, and widgets. Tap an item to configure it.",في وضع التحرير، قم بإضافة وإعادة ترتيب الغرف والأرضيات والأدوات. اضغط على أحد العناصر لتكوينه.,
cr_whats_new_1_1_2,1,"Returning from Home Assistant Settings, Developer tools or HACS now restores the same position in HKI 7 Settings instead of reopening at the top.",يؤدي الرجوع من Home Assistant إلى الإعدادات أو أدوات المطورين أو HACS الآن إلى استعادة نفس الموضع في HKI 7 الإعدادات بدلاً من إعادة فتحه في الأعلى.,"don't translate Home Assistant, HKI 7"
cr_whats_new_1_1_2,2,"Android 17 now asks for Local network access before finding or connecting directly to Home Assistant, so local servers keep working with API 37. Settings › Connection shows whether it is allowed and can ask again, for when the Android 17 upgrade arrives long after setup.",يطلب Android 17 الآن الوصول إلى الشبكة المحلية قبل العثور على Home Assistant أو الاتصال به مباشرة، لذلك تستمر الخوادم المحلية في العمل مع API 37. الإعدادات › يُظهر الاتصال ما إذا كان مسموحًا به ويمكن السؤال مرة أخرى، عندما تصل ترقية Android 17 بعد فترة طويلة من الإعداد.,don't translate Home Assistant
cr_whats_new_1_1_2,3,"Update notifications now also appear in HKI 7's own notification panel, with a “See what changed” link to the release notes. The system notification is gone once you swipe it away; this one stays, and checking for updates under Settings › About brings it back.","تظهر الآن إشعارات التحديث أيضًا في لوحة الإشعارات الخاصة بـ HKI 7، مع رابط ""معرفة ما تغير"" لملاحظات الإصدار. يختفي إشعار النظام بمجرد تمريره بعيدًا؛ يبقى هذا الخيار، والتحقق من وجود تحديثات ضمن الإعدادات › حول يعيده مرة أخرى.",don't translate HKI 7
cr_whats_new_1_1_2,4,"Permission tiles in Settings now update as soon as you come back from granting one. Location, battery optimization and background usage kept showing the old state until Settings was closed and reopened.",يتم الآن تحديث مربعات الأذونات في الإعدادات بمجرد عودتك من منحها. استمر الموقع وتحسين البطارية واستخدام الخلفية في إظهار الحالة القديمة حتى تم إغلاق الإعدادات وإعادة فتحها.,
cr_whats_new_1_1_1,1,"New Clock widget. Analog or digital, seven designs each, 12 or 24-hour time, and the day, date and year if you want them. Tap it to see your next alarm.",القطعة الساعة الجديدة. تناظري أو رقمي، سبعة تصميمات لكل منها، توقيت 12 أو 24 ساعة، واليوم والتاريخ والسنة إذا كنت تريدها. اضغط عليه لرؤية المنبه التالي.,
cr_whats_new_1_1_1,2,"Reach Home Assistant itself from Settings. Admins get its Settings, Developer tools and HACS full screen inside HKI 7, already signed in.",الوصول إلى Home Assistant نفسه من الإعدادات. يحصل المسؤولون على الإعدادات وأدوات المطورين وHACS بملء الشاشة داخل HKI 7، بعد تسجيل الدخول بالفعل.,"don't translate Home Assistant, HKI 7"
cr_whats_new_1_1_1,3,HKI 7 tells you when a new version is out — useful if you installed it from GitHub rather than the Play Store. Turn it off in Settings › About.,يخبرك HKI 7 عند صدور إصدار جديد - وهو أمر مفيد إذا قمت بتثبيته من GitHub بدلاً من Play Store. قم بإيقاف تشغيله في الإعدادات › حول.,don't translate HKI 7
cr_whats_new_1_1_1,4,"Home Assistant can now see your phone's next alarm, the same sensor the official app provides.",يمكن لـ Home Assistant الآن رؤية المنبه التالي لهاتفك، وهو نفس المستشعر الذي يوفره التطبيق الرسمي.,don't translate Home Assistant
cr_whats_new_1_1_1,5,"Media players show what is playing, not just which app is open. An Android TV streaming a series shows the programme, season and episode.",تعرض مشغلات الوسائط ما يتم تشغيله، وليس فقط التطبيق المفتوح. يعرض تلفزيون Android الذي يبث مسلسلًا البرنامج والموسم والحلقة.,
cr_whats_new_1_1_1,6,"Back goes to the page you were on before, every time, until you reach Home. It no longer skips pages or leaves the app early.",الرجوع إلى الصفحة التي كنت فيها من قبل، في كل مرة، حتى تصل إلى الصفحة الرئيسية. لم يعد يتخطى الصفحات أو يترك التطبيق مبكرًا.,
cr_whats_new_1_1_1,7,"Fixed temperature and energy readings in Czech, Slovak, Greek, Norwegian, Swedish and Danish, where numbers showed wrongly or could crash the screen.",قراءات ثابتة لدرجة الحرارة والطاقة باللغة التشيكية والسلوفاكية واليونانية والنرويجية والسويدية والدنماركية، حيث تظهر الأرقام بشكل خاطئ أو قد تؤدي إلى تعطل الشاشة.,
cr_whats_new_1_1_1,8,"Something worded badly in your language? Each language is now a single file you can correct on GitHub, no code needed.",شيء تمت صياغته بشكل سيء في لغتك؟ أصبحت كل لغة الآن عبارة عن ملف واحد يمكنك تصحيحه على GitHub، دون الحاجة إلى كود برمجي.,
cr_whats_new_1_1_0,1,"Eighteen more languages, taking HKI 7 to 36. Polish, Russian, Czech, Slovak, Hungarian, Romanian, Bulgarian, Croatian, Greek, Lithuanian, Latvian, Estonian, Danish, Thai and Hebrew join the list, along with Austrian German, Swiss German and Mexican Spanish. Hebrew lays the interface out right to left, as Arabic does.",ثمانية عشر لغة أخرى، ليصل عدد HKI 7 إلى 36. وتنضم إلى القائمة البولندية والروسية والتشيكية والسلوفاكية والمجرية والرومانية والبلغارية والكرواتية واليونانية والليتوانية واللاتفية والإستونية والدنماركية والتايلاندية والعبرية، إلى جانب الألمانية النمساوية والألمانية السويسرية والإسبانية المكسيكية. تضع اللغة العبرية الواجهة من اليمين إلى اليسار، كما تفعل اللغة العربية.,don't translate HKI 7
cr_whats_new_1_1_0,2,"HKI 7 now runs on Android 12 and later. It previously needed Android 14, which ruled out a lot of perfectly capable phones and tablets.",يعمل HKI 7 الآن على نظام التشغيل Android 12 والإصدارات الأحدث. لقد كانت بحاجة في السابق إلى نظام التشغيل Android 14، والذي استبعد الكثير من الهواتف والأجهزة اللوحية ذات القدرات المثالية.,don't translate HKI 7
cr_whats_new_1_1_0,3,"Energy costs are shown in your own currency instead of always in euros. HKI 7 follows what your cost sensors report, and there is a Currency setting in Energy settings if you would rather choose one yourself.",يتم عرض تكاليف الطاقة بعملتك الخاصة بدلاً من اليورو دائمًا. HKI 7 يتبع ما تقرير أجهزة استشعار التكلفة الخاصة بك، ويوجد إعداد العملة في إعدادات الطاقة إذا كنت تفضل اختيار واحد بنفسك.,don't translate HKI 7
cr_whats_new_1_1_0,4,"The language picker has a search box and is sorted, which it needed at 36 entries. If you ever land in a language you cannot read, the way back is still the first thing on screen.",يحتوي منتقي اللغة على مربع بحث ويتم فرزه، وهو ما يحتاجه عند 36 إدخالاً. إذا وصلت في أي وقت إلى لغة لا يمكنك قراءتها، فإن طريق العودة لا يزال هو أول شيء يظهر على الشاشة.,
cr_whats_new_1_1_0,5,"Views remember where you had scrolled to, and tapping the tab you are already on takes you back to the top.",تتذكر طرق العرض المكان الذي قمت بالتمرير إليه، والنقر فوق علامة التبويب التي تتصفحها بالفعل يعيدك إلى الأعلى.,
cr_whats_new_1_1_0,6,"Swiping sideways no longer carries you out of a page you have opened, such as Solar inside Energy. Back now returns you to the view you came from rather than jumping to the home page.",لم يعد الضرب على الجانب ينقلك إلى خارج الصفحة التي فتحتها، مثل Solar inside Energy. العودة الآن تعيدك إلى العرض الذي أتيت منه بدلاً من الانتقال إلى الصفحة الرئيسية.,
cr_whats_new_1_1_0,7,"Scrollable rows say so. The pull-down menu, the navigation bar and the settings tabs all show an arrow at the edge when there is more to reach.",الصفوف القابلة للتمرير تقول ذلك. تعرض القائمة المنسدلة وشريط التنقل وعلامات تبويب الإعدادات سهمًا على الحافة عندما يكون هناك المزيد للوصول إليه.,
cr_whats_new_1_1_0,8,"Dialogs look and behave the same throughout. Six of them were plain Android dialogs with no close button in the corner, and buttons across the app now agree on what Close, Save and Done mean.",تبدو مربعات الحوار وتتصرف بنفس الطريقة طوال الوقت. ستة منها عبارة عن مربعات حوار عادية لنظام التشغيل Android بدون زر إغلاق في الزاوية، وتتفق الأزرار عبر التطبيق الآن على ما يعنيه الإغلاق والحفظ والإتمام.,
cr_whats_new_1_1_0,9,"Creating a dashboard asks first and then offers the same choices as first-time setup — so a new dashboard can start from a backup or from one your family has shared, as well as being generated or left empty. Your current dashboard is never overwritten, and shared dashboards are now marked as shared in the list.",يتم طلب إنشاء لوحة معلومات أولاً ثم يقدم نفس الخيارات مثل الإعداد لأول مرة - لذلك يمكن أن تبدأ لوحة معلومات جديدة من نسخة احتياطية أو من لوحة معلومات شاركتها عائلتك، بالإضافة إلى إنشائها أو تركها فارغة. لن يتم استبدال لوحة المعلومات الحالية مطلقًا، ويتم الآن وضع علامة على لوحات المعلومات المشتركة على أنها مشتركة في القائمة.,
cr_whats_new_1_1_0,10,"The battery widget opens a list in place instead of taking you to a separate page, grouped by how urgent each one is and showing the battery type where Home Assistant knows it. There is a search box, and a button to open the full Battery view if you want it.",تفتح أداة البطارية قائمة في مكانها بدلاً من نقلك إلى صفحة منفصلة، مجمعة حسب مدى إلحاح كل منها وإظهار نوع البطارية حيث يعرفها Home Assistant. يوجد مربع بحث وزر لفتح عرض البطارية الكامل إذا كنت تريد ذلك.,don't translate Home Assistant
cr_whats_new_1_1_0,11,"Tapping the people counter in a room shows who is there, with each person's picture. The Rooms header now has a household counter too, showing where everyone is without opening every room.",يؤدي النقر على عداد الأشخاص في الغرفة إلى إظهار الأشخاص الموجودين هناك مع صورة كل شخص. يحتوي رأس الغرف الآن على عداد منزلي أيضًا، يوضح مكان تواجد الجميع دون فتح كل غرفة.,
cr_whats_new_1_1_0,12,"A button can be left out of a room's Lights and Devices counters, for the ones that are in the room but not really part of it.",يمكن ترك زر خارج عدادات الأضواء والأجهزة في الغرفة، لتلك الموجودة في الغرفة ولكنها ليست جزءًا منها حقًا.,
cr_whats_new_1_1_0,13,"Widgets that need an integration you do not have — Formula 1, Parcels, Waste Collection — are greyed out and say what is missing, instead of being added and then sitting empty.",الأدوات التي تحتاج إلى تكامل ليس لديك - Formula 1، والطرود، وجمع النفايات - تظهر باللون الرمادي وتوضح ما هو مفقود، بدلاً من إضافتها ثم تركها فارغة.,
cr_whats_new_1_1_0,14,"Parcel tracking covers fifteen more carriers, including PostNord, InPost, Swiss Post, An Post, Budbee, Sameday and Nova Post, each with its own logo.",يغطي تتبع الطرود خمس عشرة شركة نقل أخرى، بما في ذلك PostNord وInPost وSwiss Post وAn Post وBudbee وSameday وNova Post، ولكل منها شعارها الخاص.,
cr_whats_new_1_1_0,15,"A Valetudo robot vacuum picks up its live map automatically when your rooms are imported, rather than needing the camera chosen by hand.",تلتقط المكنسة الكهربائية الآلية Valetudo خريطتها المباشرة تلقائيًا عند استيراد غرفك، بدلاً من الحاجة إلى اختيار الكاميرا يدويًا.,don't translate Valetudo
cr_whats_new_1_0_1,1,"Swiping between tabs now follows your finger. The pages move as you drag, you can change your mind mid-swipe and pull them back, and they settle where you let go. Previously the change was decided the moment you had dragged far enough and could not be taken back, while the animation that played afterwards was on its own timer and unrelated to the gesture — so the app committed to a page before your finger had finished asking for one.",الضرب بين علامات التبويب يتبع الآن إصبعك. تتحرك الصفحات أثناء السحب، ويمكنك تغيير رأيك في منتصف السحب وسحبها للخلف، وستستقر في المكان الذي تركته. في السابق، كان يتم تحديد التغيير في اللحظة التي تسحب فيها مسافة كافية ولا يمكن إعادتها، في حين أن الرسوم المتحركة التي يتم تشغيلها بعد ذلك كانت مؤقتًا خاصًا بها ولا علاقة لها بالإيماءة - لذا فإن التطبيق يلتزم بالصفحة قبل أن ينتهي إصبعك من طلب صفحة.,
cr_whats_new_1_0_1,2,"The bottom bar now keeps the selected tab in view. On a phone too narrow for every tab it scrolls the active one to the centre, so the tab you are on is always visible along with its neighbours — which is also the hint that there are more pages to swipe to. Reaching the last tab used to leave the indicator somewhere off the end of the bar.",يحافظ الشريط السفلي الآن على عرض علامة التبويب المحددة. على الهاتف الذي يكون ضيقًا للغاية بالنسبة لكل علامة تبويب، يقوم بتمرير العلامة النشطة إلى المركز، وبالتالي فإن علامة التبويب التي تستخدمها تكون مرئية دائمًا مع جيرانها - وهو ما يشير أيضًا إلى أن هناك المزيد من الصفحات التي يمكنك التمرير إليها. الوصول إلى علامة التبويب الأخيرة المستخدمة لترك المؤشر في مكان ما خارج نهاية الشريط.,
cr_whats_new_1_0_1,3,"Swiping between rooms shows how many rooms there are and which one you are on, as dots above the navigation bar — or as a count once there are more than eight. Room swiping also stops at the last room instead of wrapping around to the first, matching how the tabs behave. Rooms an admin has hidden are now skipped by the swipe rather than only blocked when opened.",يُظهر التمرير بين الغرف عدد الغرف الموجودة والغرفة التي تتواجد فيها، كنقاط أعلى شريط التنقل - أو كعد بمجرد وجود أكثر من ثمانية. ويتوقف تمرير الغرفة أيضًا عند الغرفة الأخيرة بدلاً من الالتفاف إلى الغرفة الأولى، بما يتوافق مع سلوك علامات التبويب. يتم الآن تخطي الغرف التي أخفاها المسؤول عن طريق التمرير بدلاً من حظرها فقط عند فتحها.,
cr_whats_new_1_0_1,4,"The pull-down header menu animates to wherever you let it go, instead of jumping open or shut in a single frame. It settles by which half you released it in, a quick flick opens it without a full-length drag, and it can be caught and dragged again mid-animation. It also no longer stops dead partway when pulled a long way but not quite far enough.",تتحرك قائمة الرأس المنسدلة إلى أي مكان تتركه، بدلاً من القفز أو الإغلاق في إطار واحد. يتم تحديد النصف الذي قمت بتحريره فيه، وتفتحه نقرة سريعة دون سحب كامل الطول، ويمكن التقاطه وسحبه مرة أخرى في منتصف الرسوم المتحركة. كما أنه لم يعد يتوقف في منتصف الطريق عندما يتم قطعه لمسافة طويلة ولكن ليس بعيدًا بما فيه الكفاية.,
cr_whats_new_1_0_1,5,"Settings remembers where you were. Coming back from a sub-menu returns to the place in the list you left rather than to the top, which was most noticeable on the long way down to About and Licenses. The page settings dialog had the opposite problem — one scroll position carried across unrelated sub-menus — and that is fixed too.","الإعدادات تتذكر أين كنت. تعود العودة من قائمة فرعية إلى المكان الذي تركته في القائمة بدلاً من العودة إلى الأعلى، وهو ما كان أكثر وضوحًا على الطريق الطويل نزولاً إلى ""حول"" و""التراخيص"". واجه مربع حوار إعدادات الصفحة مشكلة معاكسة - تم نقل موضع تمرير واحد عبر قوائم فرعية غير ذات صلة - وتم إصلاح ذلك أيضًا.",
cr_whats_new_1_0_1,6,"The notification panel now has a button in the pull-down header menu, so the left-edge swipe is no longer the only way to reach it. That let the strip of screen edge reserved for the swipe shrink from 200dp to 88dp: the reserved strip is where Android's own back gesture stops working, and it had been covering the exact corner where the back arrow sits.",تحتوي لوحة الإشعارات الآن على زر في قائمة الرأس المنسدلة، لذا لم يعد التمرير على الحافة اليسرى هو الطريقة الوحيدة للوصول إليه. يتيح ذلك لشريط حافة الشاشة المخصص للتمرير أن يتقلص من 200dp إلى 88dp: الشريط المحجوز هو المكان الذي تتوقف فيه إيماءة Android الخلفية عن العمل، وكان يغطي الزاوية المحددة حيث يوجد السهم الخلفي.,
cr_whats_new_1_0_1,7,"Fixed the app closing instead of the notification panel when back was pressed during the panel's opening animation. Back is also defined for the tabs now — it returns to the first tab before leaving the app, rather than exiting from wherever you happened to have swiped to.",تم إصلاح إغلاق التطبيق بدلاً من لوحة الإشعارات عند الضغط على الخلف أثناء الرسوم المتحركة لفتح اللوحة. يتم تعريف الرجوع أيضًا لعلامات التبويب الآن - فهو يعود إلى علامة التبويب الأولى قبل مغادرة التطبيق، بدلاً من الخروج من المكان الذي قمت بالتمرير إليه.,
cr_whats_new_1_0_1,8,"The home switcher panel follows Android's predictive back gesture, sliding out with your finger and springing back if you change your mind.",تتبع لوحة التبديل الرئيسية إيماءة الرجوع التنبؤية لنظام Android، حيث تنزلق للخارج بإصبعك وتعود مرة أخرى إذا غيرت رأيك.,
cr_whats_new_1_0_1,9,"Four more languages: Norwegian, Swedish, Finnish and Arabic. Arabic lays the whole app out right to left — the navigation bar, the panels that slide in from the screen edge, and the swipe that moves between tabs all mirror, rather than only the text changing direction. Product names such as Home Assistant stay in Latin script wherever they appear.",أربع لغات أخرى: النرويجية والسويدية والفنلندية والعربية. تضع اللغة العربية التطبيق بالكامل من اليمين إلى اليسار، حيث يعكس شريط التنقل واللوحات التي تنزلق للداخل من حافة الشاشة والتمرير الذي يتحرك بين علامات التبويب، بدلاً من تغيير اتجاه النص فقط. تظل أسماء المنتجات مثل Home Assistant مكتوبة بالخط اللاتيني أينما ظهرت.,don't translate Home Assistant
cr_whats_new_1_0_1,10,"Swiping between rooms is much smoother. A room screen is by far the heaviest page in the app, and the next one was being built during the first frames of the swipe — precisely when there was no time for it. It is now prepared while nothing is moving, and live sensor updates wait for the swipe to finish instead of redrawing every open page mid-gesture.",أصبح التمرير بين الغرف أكثر سلاسة. تعد شاشة الغرفة هي أثقل صفحة في التطبيق إلى حد كبير، وتم إنشاء الصفحة التالية أثناء الإطارات الأولى للتمرير - على وجه التحديد عندما لم يكن هناك وقت لذلك. لقد أصبح الآن جاهزًا بينما لا يتحرك أي شيء، وتنتظر تحديثات المستشعر المباشر انتهاء التمرير بدلاً من إعادة رسم كل صفحة مفتوحة في منتصف الإيماءة.,
cr_whats_new_1_0_1,11,"The notification panel and the home switcher are dragged rather than flicked open, following your finger and settling where you let go. They close the same way: push them back towards the edge they came from. Tapping the panel itself no longer closes it, which it used to do anywhere you touched that was not a button.",يتم سحب لوحة الإشعارات ومبدل التبديل الرئيسي بدلاً من فتحهما، مع اتباع إصبعك وتحديد المكان الذي تركته. إنهم يغلقون بنفس الطريقة: ادفعهم للخلف نحو الحافة التي أتوا منها. لم يعد النقر على اللوحة نفسها يؤدي إلى إغلاقها، وهو ما كان يحدث في أي مكان تلمسه ولم يكن زرًا.,
cr_whats_new_1_0_1,12,"A horizontal row inside a page — a mode selector, a swipe row, a swiping stack — no longer hands the rest of the gesture to the page once it reaches its end. Picking the first or last item in such a row used to flip the whole page instead.",لم يعد الصف الأفقي داخل الصفحة - محدد الوضع، أو صف التمرير، أو مجموعة الضرب - ينقل بقية الإيماءة إلى الصفحة بمجرد وصولها إلى نهايتها. يتم استخدام اختيار العنصر الأول أو الأخير في هذا الصف لقلب الصفحة بأكملها بدلاً من ذلك.,
cr_whats_new_1_0_1,13,"Dialogs with tabs show how many there are and which one you are on, and a sideways swipe anywhere on the dialog changes tab. The swipe used to be written off as a scroll whenever it set off with the slight downward arc a thumb naturally makes, which made it feel like it worked only sometimes.",تُظهر مربعات الحوار التي تحتوي على علامات التبويب عدد علامات التبويب الموجودة والأخرى التي تستخدمها، كما يمكنك التمرير سريعًا جانبيًا في أي مكان على علامة تبويب تغييرات مربع الحوار. كان يتم شطب الضربة على شكل تمريرة كلما انطلقت مع القوس التنازلي الطفيف الذي يصنعه الإبهام بشكل طبيعي، مما جعلها تشعر وكأنها تعمل في بعض الأحيان فقط.,
cr_whats_new_1_0_1,14,"Demo mode no longer talks to the network. Twenty-six requests — the whole HKI 7 Cloud surface plus the event timeline, camera snapshots and vacuum maps — were still being attempted against a server that does not exist, and one of them retried every three seconds for the entire session, filling the connection log with failures. Restarting Home Assistant in the demo is now simulated in a few seconds rather than showing ""restarting"" for two minutes and giving up.","لم يعد الوضع التجريبي يتحدث إلى الشبكة. لا يزال هناك ستة وعشرون طلبًا - سطح HKI 7 Cloud بالكامل بالإضافة إلى الجدول الزمني للحدث ولقطات الكاميرا والخرائط الفارغة - قيد التنفيذ ضد خادم غير موجود، ويتم إعادة محاولة أحدها كل ثلاث ثوانٍ للجلسة بأكملها، مما يؤدي إلى ملء سجل الاتصال بالفشل. تتم الآن محاكاة إعادة تشغيل Home Assistant في العرض التوضيحي في بضع ثوانٍ بدلاً من إظهار ""إعادة التشغيل"" لمدة دقيقتين والاستسلام.","don't translate HKI 7 Cloud, Home Assistant"
cr_whats_new_1_0_0,1,"New Events tab in the notification drawer: a timeline of what your home has actually been doing. The front door opening, a light going off, someone arriving home — each with the time and, where Home Assistant knows, who did it. An admin picks which entities appear under Settings › Family Sharing › Events, once for the whole family rather than on every phone. It reads Home Assistant's own logbook rather than recording anything on the device, so it still shows what happened overnight while the app was closed, and it opens on the last 3 hours — a timeline answers what just happened — with 6h to 72h a tap away. Events never touch the notification bell's unread count: a timeline of doors opening would leave that badge permanently lit and mean nothing. Requires HKI 7 Cloud 0.9.0.*",,"needs translation; don't translate HKI 7 Cloud, Home Assistant"
cr_whats_new_1_0_0,2,"An admin can take parts of the timeline away from individual family members — a whole domain, or named entities — from the same Events tab. Everyone sees the full timeline unless something is taken out for them, so adding a person to the family does not mean building their timeline from scratch. The filtering happens in the HKI 7 Cloud component rather than in the app, so a restricted device is never even told which entities it is being kept away from. As with hidden views and rooms, this hides the timeline rather than the entities: Home Assistant has no per-entity read permission for non-admin accounts, so anyone signed in can still read those entities through Home Assistant itself.*",,"needs translation; don't translate HKI 7 Cloud, Home Assistant"
cr_whats_new_1_0_0,3,"The event roster takes whole domains as well as named entities, so ""every lock"" is one choice rather than eleven. Domains are resolved fresh each time the timeline opens, so a lock added next month joins on its own instead of the roster meaning whatever existed the day it was set. The editor shows what each domain currently covers, since one domain can be hundreds of entities. Requires HKI 7 Cloud 0.10.0.*",,needs translation; don't translate HKI 7 Cloud
cr_whats_new_1_0_0,4,"Events are labelled and filterable by what kind of thing they happened to — Doors, Windows, Motion, Lights, Locks. The filter row is built from what your timeline actually contains, so you are never offered a filter that can only come back empty. Days stay as the list headings: a timeline that reorders itself by category stops being a timeline.",,needs translation
cr_whats_new_1_0_0,5,"Weather artwork now animates in the daily forecast, the hourly strip and the header pill, not only on the hero card. Animation was previously switched off below a fixed size, which caught all three.",,needs translation
cr_whats_new_1_0_0,6,"Where weather artwork animates is now four separate switches — header pill, weather dialog, forecast strips, weather widget — instead of riding on the entity icon animation setting. The forecast strips animate a dozen icons side by side and are the only ones that ever cost anything noticeable, so turning those off need not mean losing the single small icon in the header pill. All four are on by default, and appear both in Settings › Appearance › Icons and in the header pill's own settings.",,needs translation
cr_whats_new_1_0_0,7,"The 6h/12h/24h/48h/72h range selector is centred rather than left-aligned everywhere it appears, and gains a 3h option.",,needs translation
cr_whats_new_1_0_0,8,"New Connection log at the bottom of Settings › Connection: what the app's connection has actually been doing — connection attempts, reconnects, sync and subscriptions — with buttons to copy or clear it. All of this was already being recorded; nothing displayed it. It holds the last 300 lines and starts empty each launch.",,needs translation
cr_whats_new_1_0_0,9,"A button stack's layout options are now named the same as a single button's. The same shape was called Tile on a button and Compact on a stack, which made them look like different features.",,needs translation
cr_whats_new_1_0_0,10,"New Centered button layout beside Standard, Square and Tile: a square card whose icon sits in the middle of the space above the text, with the name and state centred beneath it. The icon is pushed upward rather than crowded as the text grows. A grid of these reads as a keypad, which is what makes a remote control possible.",,needs translation
cr_whats_new_1_0_0,11,"A button's icon, name and state are each shown or hidden on their own, under a new Elements section in its settings. The old Icon only switch is gone — hiding both the name and state is what it did, and these also let you keep one of them. Existing icon-only buttons keep working.",,needs translation
cr_whats_new_1_0_0,12,"A button stack carries the same three switches for all of its children, so a stack of twenty buttons need not be set twenty times. Turning one off on the stack hides it on every button; leaving it on lets each button decide.",,needs translation
cr_whats_new_1_0_0,13,"Fixed the button stack settings dialog stopping about two thirds of the way down with empty space below it, leaving the rest unreachable on a tall phone or a tablet.",,needs translation
cr_whats_new_1_0_0,14,"Navigation bar, media players and popups moved from Settings › Appearance to Settings › Dashboard, below the dashboards themselves. They are parts of what the dashboard is made of rather than how it is styled.",,needs translation
cr_whats_new_1_0_0,15,"Settings › Connection ends with the connection log, and Restart Home Assistant now sits below it rather than above — it is the most disruptive thing on the screen and the least often wanted.",,needs translation; don't translate Home Assistant
cr_whats_new_1_0_0,16,"The Events tab gives an admin a button straight to Settings › Family Sharing › Events when nothing is being tracked yet, instead of only naming where to go.",,needs translation
cr_whats_new_1_0_0,17,"Entity and domain pickers list what is already selected first, so undoing a choice does not mean hunting for it alphabetically. The order is fixed when the picker opens, so ticking something does not make it jump away from your finger.",,needs translation
cr_whats_new_1_0_0,18,"A button stack's heading now has explicit Show name and Show icon switches, plus an option to centre them. Clearing the text field used to be the only way to get a stack with no heading, which hid that it was possible and meant losing the name to hide it.",,needs translation
cr_whats_new_beta_18,1,"An admin can now change who a published family dashboard is shared with, instead of only being able to choose at the moment of publishing. Settings › Family Sharing › Dashboards lists who each published dashboard reaches, with a Manage access button to add or remove people. Until now the only way to take a dashboard away from one person was to delete it for everybody.*",,needs translation
cr_whats_new_beta_18,2,"Losing access to a family dashboard now clears what was layered on top of it. The dashboard itself was already removed, but the rooms, widgets, pages, nav bar, header pill and theme it left behind on the device stayed — so the next dashboard an admin shared arrived on top of the previous one's leftovers and looked like it had failed to import in full. Everything that belonged to the revoked dashboard is now removed with it. Home Assistant connections, profiles and notification settings are untouched: losing a dashboard is not being signed out.*",,needs translation; don't translate Home Assistant
cr_whats_new_beta_18,3,"New Devices tab under Settings › Family Sharing, showing which HKI version each family device is running and flagging the ones older than yours, with the Home Assistant account, device name, Android version and when it last reported. Each install records this through the HKI 7 Cloud component over the connection the app already uses, so every signed-in device is covered — including one with Location and Notifications both switched off — and nothing is added to Home Assistant's entity list. A device can only ever report itself. An admin can forget a phone that has been replaced; one still in use reappears the next time its app opens. Requires HKI 7 Cloud 0.7.0.*",,"needs translation; don't translate HKI 7 Cloud, Home Assistant"
cr_whats_new_beta_18,4,"An admin can now require the family to update. ""Require everyone to be on this version"" in the Devices tab sets a household minimum; anyone below it gets a full-screen prompt on their next launch instead of the dashboard, with Google Play's in-app update doing the install. There is also a per-device ""Ask to update"" for when one phone is behind rather than everyone, which clears itself once that device updates. No app can install a newer version of itself, so Play does the actual work — which also means the prompt can only insist when Play genuinely has the update ready. When it does not, the prompt explains why and lets you past for that session, rather than locking someone out of their own locks and alarms over an update they cannot get. You can only require a version some family device already runs. Requires HKI 7 Cloud 0.8.0.*",,needs translation; don't translate HKI 7 Cloud
cr_whats_new_beta_18,5,"Each Family Sharing tab now says for itself when it needs a newer HKI 7 Cloud than the one installed, instead of that only appearing in the summary at the top of the screen. Parental controls, Permissions, Presence and Devices each carry the version they need, so it is clear before you configure a tab whose settings the installed component cannot store yet.",,needs translation; don't translate HKI 7 Cloud
cr_whats_new_beta_17,1,"Fixed a crash that could take the whole app down during the very first connection attempt after opening it, which read as ""the app won't even open"". The setup that runs on every launch had no error handling of its own, so a failure there — usually an expired session being refreshed on a flaky network — escaped as an unhandled error instead of surfacing as a connection error you could retry. As a backstop, an unexpected error on a background task can no longer terminate the app at all.",,needs translation
cr_whats_new_beta_17,2,"The dashboard no longer rebuilds itself every time Home Assistant reports a state change. The home screen tracked the complete entity list, so a single motion sensor tripping or a power meter ticking — several times a second on a busy install — invalidated the whole screen and every widget on it, even when nothing visible had changed. It now watches only what it actually draws.",,needs translation; don't translate Home Assistant
cr_whats_new_beta_17,3,"Entity icon animations no longer redo layout work on every frame they animate. The spin, pulse and glow effects re-ran the surrounding widget's composition on each animation frame instead of just redrawing the icon, so any dashboard with an active light, an open door or a recording camera paid that cost continuously. The animations look exactly the same.",,needs translation
cr_whats_new_beta_17,4,"Fixed the app becoming unresponsive — and eventually killed by Android — when opening the history of a busy entity, such as a motion sensor that logs thousands of state changes a day. Matching each history entry to its actor re-scanned and re-parsed the entire logbook's timestamps from scratch for every single entry, work that scaled with history size squared; a quiet entity never noticed, but a busy one could peg the CPU for ten seconds straight. The logbook is now parsed once instead of once per entry, and the whole fetch runs off the main thread.",,needs translation
cr_whats_new_beta_17,5,"Hardened how the app reads attributes Home Assistant sends for an entity: a value present but shaped unexpectedly (an object or array where a plain number or piece of text was expected) used to throw and crash whatever screen read it, instead of just being treated as missing.",,needs translation; don't translate Home Assistant
cr_whats_new_beta_17,6,"Fixed ""Push to family dashboard"" reporting a dashboard as already up to date no matter what had changed. A dashboard re-imported after a reinstall is stored locally under a different id than the one the cloud copy is published under, and the push check was still looking up the local export by the cloud id, finding nothing, and silently skipping that dashboard on every push.",,needs translation
cr_whats_new_beta_15,1,"The Formula 1 widget gains two new tabs and expands two existing ones. Calendar lists the season's races in order, with each circuit and the host country's flag. Grid shows the starting grid, with each driver's move up or down from where they qualified. Standings can now show a championship prediction alongside the points table — current and predicted final points, for drivers or constructors — when F1 Sensor's optional F1TV Auth is set up. Live gains a proper timing list: gap to the leader, interval to the car ahead, tyre compound and stint length, and pit/retired status for every driver, plus which lap the leader is on.",,needs translation
cr_whats_new_beta_15,2,"Fixed shared family dashboards failing to update at all once the owner added a widget type introduced in a newer app version, such as the To-Do List or Formula 1 widgets. A single unrecognized widget used to fail the whole dashboard, so a family member on an older build stopped receiving any of that dashboard's changes instead of just missing the new widget. Unrecognized widgets are now skipped individually, so the rest of a shared dashboard keeps working across app versions.",,needs translation
cr_whats_new_beta_15,3,"The To-Do widget's square card can now feature one whole list instead of items individually flagged high priority. A new Hero list picker in the widget's General tab — shown once it has at least one tab — chooses which list's open items appear on the card, labelled with that list's name, so what you see at a glance is a specific list like Chores rather than a scattered mix pulled from every tab. Deleting a tab that's currently the hero list clears the setting automatically.",,needs translation
cr_whats_new_beta_15,4,"Fixed the app crashing whenever it needed to reconnect to Home Assistant or the connection failed. The in-app push-notification channel ran its subscription in a way that let a dropped connection's error skip past the surrounding error handling entirely and crash the app outright. A separate mismatch also meant every single reconnect immediately tore the whole sync stack down and rebuilt it a second time, racing its own freshly made connection. Both are fixed.",,needs translation; don't translate Home Assistant
cr_whats_new_beta_14,1,"Settings › Family Sharing now shows which HKI 7 Cloud version is installed, and — if it's behind — exactly which family features that leaves unavailable, each labelled with the version that unlocks it. Previously the only way to find out a component was out of date was to hit a save that silently dropped part of what you configured.*",,needs translation; don't translate HKI 7 Cloud
cr_whats_new_beta_14,2,"New To-Do List widget: a shared checklist or shopping list the whole family can add to. Items support an optional quantity, category, priority (low, normal or high, shown as a flag) and due date, with Added by and Checked by attribution when more than one person edits the list. Choose Manual, A–Z, Priority, or Newest-first ordering, and filter between To do, All, and Done from the dialog. Editing can be limited to everyone, specific family members picked from the real Home Assistant user list, or admins only, enforced the same way the rest of the app's family permissions are. It follows the same design as every other widget, with the usual General, Permissions, Appearance and Visibility settings tabs.",,needs translation; don't translate Home Assistant
cr_whats_new_beta_14,3,"Room following can now be set to only place someone in the right room when the app starts, without tracking them for the rest of the session. The existing Ask before switching rooms switch only chose between asking and switching silently; there was no way to get the one-time placement without the app continuing to follow every move afterward. A new Keep following while the app is open switch under each person's room-following settings turns that continued tracking off on its own, leaving Open their room when the app starts to do the one placement it always did.*",,needs translation
cr_whats_new_beta_14,4,"New Formula 1 widget, for the F1 Sensor integration. The card shows the next race with a countdown and the circuit outline; opening it gives four tabs — Next race with the full session schedule and trackside weather, Standings for drivers and constructors, Results for the last grand prix with places gained or lost, and a Live tab that appears only while a session is running, showing the flag and race control messages. It finds its sensors on its own: F1 Sensor lets you rename its entities and pick a language, so the widget matches on the integration's stable internal keys rather than entity ids.",,needs translation
cr_whats_new_beta_14,5,"New Find my devices widget: a map of your phones, watches, tags and trackers. Add any device_tracker or person entity; the ones reporting GPS appear as pins on the map, the rest are still listed with their state. Tick as many as you like to show them together, or leave nothing ticked to see everything. Three filters narrow the list: All, Devices, and People. The card follows the same design as the other widgets, so background image, icon, width, shape and corner radius all work as you would expect.",,needs translation
cr_whats_new_beta_14,6,"The maps in the app no longer look like a printed atlas. HKI now uses the same muted CARTO basemap that Home Assistant's own map card uses, instead of the standard OpenStreetMap rendering, which was designed as a mapper's reference render rather than a background for an app. It also has a proper dark variant, so the map finally follows your theme instead of glowing white inside a dark dialog.",,needs translation; don't translate Home Assistant
cr_whats_new_beta_14,7,"Fixed room following doing nothing at all once Ask before switching rooms was turned off. That switch was being treated as a master off-switch for the whole feature, so with prompting disabled the app neither asked nor moved. It now does what it says: with prompting on you get the prompt, with it off the room simply opens. Don't ask again until I restart still stops both, since trading a prompt for a surprise jump would be worse.",,needs translation
cr_whats_new_beta_14,8,"Fixed the waste widget's settings dialog being cut off around two thirds of the way down while empty space sat below it. The dialog reserves a tall card but its contents were capped at a fixed height, so the scroll area stopped short of the space available. Both the settings dialog and the waste dialog itself now use the full height.",,needs translation
cr_whats_new_beta_14,9,"The waste dialog's calendar can now look 7, 14 or 28 days ahead, and is drawn as a week grid like the calendar widget rather than a flat list: weekday columns, one row per week, and a coloured dot per collection in its fraction's colour. Tap a day to see what is collected then; it opens on the next day with a collection.",,needs translation
cr_whats_new_beta_14,10,"Parcel dialogs now say Today or Tomorrow instead of naming the weekday. The whole question a delivery date answers is how soon, and “Wednesday” on a Wednesday made you work that out yourself.",,needs translation
cr_whats_new_beta_14,11,"The +2 bubble in the header, shown when there are more people than fit, now opens. Tapping it lists everyone with their name and state, and picking someone opens their detail dialog as usual. Previously those people were simply unreachable on a narrow header.",,needs translation
cr_whats_new_beta_14,12,"Fixed the map in the person dialog overflowing the dialog on a tablet or unfolded foldable. The map was drawn as a square as wide as the dialog, so on a 620dp-wide card it became 620dp tall and pushed the address off the bottom. It now takes the height left over instead.",,needs translation
cr_whats_new_beta_14,13,"Fixed notifications going undelivered while Home Assistant reported the device as not connected to local push notifications, even with the app open. The app stood aside for its background connection whenever the settings said that connection should be running — but when Android refused to start it, such as after a reboot, nothing was listening at all. The app now checks whether that connection is really running rather than whether it is meant to be, takes over when it is not, and hands the channel back the moment it does come up.",,needs translation; don't translate Home Assistant
cr_whats_new_beta_14,14,"Fixed room-following settings not taking effect on the device you changed them from. Turning following off, or changing how long a room must hold before it counts as a move, was written to the companion component but not to the device's own cached copy — so it kept following, and kept using the old dwell time, until the app was next started. Changes now apply immediately. The dwell slider also no longer offers zero seconds, which made the very first sensor reading count as a move.",,needs translation
cr_whats_new_beta_14,15,"The Formula 1 card now says one thing: the next grand prix and when it is — “Today 15:00” on the day, otherwise the date and time, in your own timezone. Track status is gone from it, because outside a session that read “Not running”, which is not what anyone glances at the card for. The status sits in the same dark pill the camera, vacuum and waste cards use, so it lines up with the rest of your dashboard again. The circuit outline stays as a faint watermark and the host country flag in the corner. The widget also no longer asks which F1 instance to use — it reads everything the integration publishes, so the dialog always has the full picture.",,needs translation
cr_whats_new_beta_14,16,"The To-Do List dialog's undo/redo and Close buttons moved from the title row to the bottom action bar, matching every other dialog in the app.",,needs translation
cr_whats_new_beta_14,17,* HKI 7 Cloud Component integration required.,,needs translation; don't translate HKI 7 Cloud
cr_whats_new_beta_13,1,"HKI can now follow you from room to room. Point it at a room-presence sensor such as ESPresense and it opens the room you are in when the app starts, then offers to switch views when you move somewhere else. Rooms also gain a purple counter showing how many people are in them, beside the motion and presence counters. An admin sets this up for the whole family under Settings › Family Sharing › Presence: pick each person's sensor and how long a new room must hold before it counts as a move. Sensor rooms named after your Home Assistant areas are matched automatically.*",,needs translation; don't translate Home Assistant
cr_whats_new_beta_13,2,"Notifications from Home Assistant can now carry action buttons. Add actions to a notify.mobile_app_… message and each one appears on the notification; tapping it sends the action back to Home Assistant, where an automation can respond. The buttons also appear on the in-app banner and in the notification drawer, because HKI hides system notifications while it is open. A URI action opens its link, a REPLY action takes a typed answer, and an action tapped while offline is delivered once the connection returns. Each notification can be actioned once.",,needs translation; don't translate Home Assistant
cr_whats_new_beta_13,3,"New Action button: a button that needs no entity at all. Give it a name, an icon, and whatever tap, hold, or double-tap action you like — navigate to a view or room, call a Home Assistant action, open a URL or a custom popup. Add one from the widget picker, from a button stack, or as an action badge in the badge area beside the header.",,needs translation; don't translate Home Assistant
cr_whats_new_beta_13,4,"Icon-only buttons can now be sized. Auto shrinks the icon as a stack gains columns, which is what makes icon-only usable in the four-, five-, and six-column custom popups where a fixed-size icon used to overflow the button. A button can also be given its own size.",,needs translation
cr_whats_new_beta_13,5,"Button stacks can push their appearance onto every button they hold: one Icon only for every button switch instead of the same switch on twenty buttons, plus an icon size they all inherit. A single button can still override the size.",,needs translation
cr_whats_new_beta_13,6,"The quick start guide can be browsed by hand. Swipe the gesture preview, tap a dot, or tap any tip to jump to it. It still plays on its own until you take over.",,needs translation
cr_whats_new_beta_13,7,"Fixed the waste widget showing the wrong icon and colour for every collection type outside Dutch: the type was matched against the translated label, so PMD shown as Packaging fell through to a generic grey-blue bin. PMD is orange with a recycling symbol again.",,needs translation
cr_whats_new_beta_13,8,"Fixed the room-following prompt appearing after Ask before switching rooms was turned off, and for the room already on screen. It now also offers Don't ask again until I restart the app, and the wait time can be set whether or not prompting is on.",,needs translation
cr_whats_new_beta_13,9,"Flows can express Any of these and nested logic, not just a flat list of ANDs. A group opens into its own list with a breadcrumb, and groups can hold groups, so motion detected AND (after sunset OR guest mode on) is buildable. It is the same structure Home Assistant's own editor writes, so a flow made in HA that used OR is no longer an untouchable advanced block.",,needs translation; don't translate Home Assistant
cr_whats_new_beta_13,10,"Thermostat dials on the Climate view no longer squeeze six across a landscape foldable. Dials hold at four per row until the window is genuinely desktop-wide, so each keeps enough width to read.",,needs translation
cr_whats_new_beta_13,11,"The Waiting for notifications message now has a Hide this notification button that jumps straight to its Android channel settings, where switching the channel off hides it for good while the connection keeps working. Android will not let a background connection run without a visible notification, so this is as far as muting can go. It also switches itself on when you have more than one Home Assistant server.",,needs translation; don't translate Home Assistant
cr_whats_new_beta_13,12,"The vacuum widget can now draw a Valetudo map itself. Choose Valetudo map as the button image and point it at your robot's map camera: HKI reads the map data Valetudo hides inside that camera's PNG and draws the floor, walls, rooms, the robot, its dock and the path it has taken. No add-on, custom component or extra Home Assistant integration is involved, and the map refreshes on its own while the robot is cleaning.",,"needs translation; don't translate Home Assistant, Valetudo"
cr_whats_new_beta_13,13,"Tap a room on the Valetudo map to send the robot to clean it. Rooms use the names you gave them in Valetudo. Cleaning a single room goes through Home Assistant's clean_area action, so first map the robot's segments to your areas in Home Assistant — until you do, the map says so instead of leaving the tap doing nothing.",,"needs translation; don't translate Home Assistant, Valetudo"
cr_whats_new_beta_13,14,"The vacuum settings now warn that plain Map camera on a Valetudo map entity shows a blank tile. Valetudo deliberately does not render the map on the robot, so its PNG is only a container for the data — Valetudo map is the mode that shows something.",,needs translation; don't translate Valetudo
cr_whats_new_beta_13,15,"The vacuum dialog now shows a Valetudo map whenever the map camera you picked actually carries one, whatever the button image is set to — the button image only decides how the tile on the dashboard looks. Cameras that turn out not to be Valetudo maps still show their picture, and HKI stops re-checking once it knows.",,needs translation; don't translate Valetudo
cr_whats_new_beta_13,16,"The robot image now spins while the vacuum is cleaning or returning to its dock, using the same icon animation settings as the rest of the app. A button's own animation setting still overrides it, and Off keeps it still.",,needs translation
cr_whats_new_beta_13,17,* HKI 7 Cloud Component integration required.,,needs translation; don't translate HKI 7 Cloud
cr_whats_new_beta_12,1,"Button widgets and button stacks can now hold an empty, fully transparent button. It takes up a grid cell without drawing anything, so the buttons around it line up exactly where you want them.",,needs translation
cr_whats_new_beta_12,2,Buttons can show just their icon. The new Icon only switch under a button's Appearance settings drops the name and state and centers a larger icon on the button.,,needs translation
cr_whats_new_beta_12,3,"New Custom popup action for buttons, badges, and dialog buttons. Point any tap, hold, or double tap at a popup you build yourself: it opens with the usual dialog title, status, history, and close controls, and you fill it with any widget the app offers. Popups are listed under Settings › Appearance › Popups, where Edit contents opens one ready to arrange. Popups are shared, so several buttons can open the same one, and stacks inside a popup can use up to six columns instead of three. While a popup is being arranged, a Done button sits beside Add widget to leave edit mode without closing it.",,needs translation
cr_whats_new_beta_12,4,"Fixed the Energy detail views (Solar, Electricity, Gas, Water, City heating, Battery) drawing their cards flush against each other with their headings missing. Production, Forecast, Inverters and the rest were hidden behind the card below them; the cards now keep their headings and the usual spacing.",,needs translation
cr_whats_new_beta_12,5,"Fixed Parental Controls refusing to save. An out-of-date HKI 7 Cloud component rejects the Visible and Invisible lists, which used to fail the whole policy; the permissions now save regardless and the message says the component needs updating. Those lists only filter entity lists such as global search — a button on a family dashboard stays visible unless it is hidden for that person explicitly.*",,needs translation; don't translate HKI 7 Cloud
cr_whats_new_beta_12,6,* HKI 7 Cloud Component integration required.,,needs translation; don't translate HKI 7 Cloud
cr_whats_new_beta_11,1,"Rooms, Climate, Security, Energy, and Battery dashboards now make better use of tablets and foldables. Large cards follow the Home and individual-room 1/2/3-column layout, while compact tiles auto-fit without becoming cramped. Climate, Security, and Energy cards use a height-aware masonry layout on wider displays, eliminating large gaps below shorter cards.",,needs translation
cr_whats_new_beta_11,2,State-colored icons on entity buttons and header/status pills now preserve their semantic hue while automatically shifting lighter or darker when they would blend into the current theme.,,needs translation
cr_whats_new_beta_11,3,"Selecting a family dashboard during onboarding now subscribes that installation to it. Owner edits are published when Save or Done is tapped, active clients refresh immediately, and offline clients reconcile when reopened. Non-admin subscribers cannot create or duplicate dashboards unless the app is fully reset.*",,needs translation
cr_whats_new_beta_11,4,"Dashboard setup during onboarding can now restore a local, Google Drive, or Home Assistant backup. New Google Drive and Home Assistant backups use consistent, informative names containing the app version and creation date.*",,"needs translation; don't translate Home Assistant, Google Drive"
cr_whats_new_beta_11,5,"Calendar widgets become vertically scrollable when their height is too small for every event, and hidden Home widgets are removed from the layout instead of leaving an empty space.",,needs translation
cr_whats_new_beta_11,6,"Parcel carrier cards now show the earliest expected delivery date and time for active incoming or outgoing shipments, including integrations that expose a separate next-delivery sensor.",,needs translation
cr_whats_new_beta_11,7,"Family permissions can now independently allow dashboard switching and creation. Fully restricted subscribers see a locked Dashboard settings tab; onboarding removes its placeholder dashboard when switching is denied, and a deleted family dashboard opens a permission-aware recovery screen instead of silently creating a replacement.*",,needs translation
cr_whats_new_beta_11,8,"Family permissions now also control manual re-importing. Non-admins cannot open Family Sharing settings, disabled onboarding choices explain why they are unavailable, and aesthetics-only editors see only visual controls. Their local names, icons, colors, backgrounds, styles, sizes, and layouts take priority when owner updates arrive.*",,needs translation
cr_whats_new_beta_11,9,"Climate sensor/device tabs, Security groups, and every Energy detail tab now follow the same responsive one-, two-, or three-column masonry rules, including their edit and reorder layouts.",,needs translation
cr_whats_new_beta_11,10,Aesthetics-only family editors can no longer change header-pill configuration or the dashboard's people; those functional settings remain controlled by the owner.*,,needs translation
cr_whats_new_beta_11,11,"Parental Controls now replaces manual entity-ID entry with Visible and Invisible lists. Admins can select complete Home Assistant domains or individual entities, and global search hides restricted entities and devices. Invisible entries always take precedence.*",,needs translation; don't translate Home Assistant
cr_whats_new_beta_11,12,"Energy setup now imports SmartGateways and DSMR Reader P1 meters even when the Home Assistant Energy dashboard has not been configured and the sensors are not attached to a device. Tariff 1 and tariff 2 readings are recognised separately, and usage charts and period totals add both tariffs together when no single grid import or export sensor is set.",,needs translation; don't translate Home Assistant
cr_whats_new_beta_11,13,* HKI 7 Cloud Component integration required.,,needs translation; don't translate HKI 7 Cloud
cr_whats_new_beta_10,1,"Visibility rules now work across all widgets and individual items, with time, entity, person, and mixed AND/OR conditions. Admins using a family-shared dashboard can choose whether an item is Visible or Hidden for a selected user. Person conditions use HKI 7 Cloud, whose requirement is shown when it is unavailable. New rules start empty so you choose Time, Entity, or Person.",,needs translation; don't translate HKI 7 Cloud
cr_whats_new_beta_10,2,"Room-status counter badges keep a stable two-digit width. Headers responsively fit one, two, or three counters per row like the home-page and person badges, without pushing the title down.",,needs translation
cr_whats_new_beta_10,3,"Energy setup now recognises SmartGateways and DSMR Reader MQTT sensor names, and choosing a source device refills its separate sensor roles. City heating has dedicated settings, a source tile and detail tab, plus an estimated natural-gas equivalent for J/GJ heat readings.",,needs translation
cr_whats_new_beta_10,4,"Calendar widget dialogs now use the available height correctly, fixing content that previously occupied only half the settings dialog or was cut off.",,needs translation
cr_whats_new_beta_10,5,"Re-import settings now use one consistently spelled and localized label across Rooms, Climate, Security, Energy, and Battery. Conditional visibility wording was also corrected in every supported language.",,needs translation
cr_whats_new_beta_10,6,"Fixed PostNL and the current parcel-integration parser, so incoming shipments once again show their complete tracking details and delivered state. Carrier support has also been brought up to date.",,needs translation
cr_whats_new_beta_10,7,"Added an in-app language selector with full coverage in 13 languages: Dutch, German, French, Spanish (plus Latin American Spanish), Italian, Turkish, Portuguese (plus Brazilian Portuguese), Japanese, Korean, and Chinese (Simplified and Traditional). Each language shows its native name with an English hint beneath it.",,needs translation
cr_whats_new_beta_10,8,"The reconnect status now shows the actual connection error, making Wi-Fi, mobile-data, and VPN handovers much easier to diagnose.",,needs translation
cr_whats_new_beta_10,9,Screen rotation now follows your device’s auto-rotate setting instead of staying locked to portrait.,,needs translation
cr_whats_new_beta_10,10,"The Climate ""Outside"" tile now appears as soon as a weather device is linked, even without dedicated sensors, counts its temperature, humidity and pressure attributes in the summary, and graphs them with matching sensor colors.",,needs translation
cr_whats_new_beta_10,11,"Parcel status codes are now normal sentences. Dates and times follow the selected language and 12/24-hour preference, nearby deliveries use weekday names, the current year is omitted, and same-day windows no longer repeat the date.",,needs translation
cr_whats_new_beta_9,1,"Drag to reorder cameras, thermostats, and energy cards. In edit mode the Security, Climate, and Energy views each get a Reorder button for their relevant cards.",,needs translation
cr_whats_new_beta_9,2,"New Climate Outside tile. Link a weather entity or outdoor temperature, humidity, and air-pressure sensors, then open the tile for individual history graphs.",,needs translation
cr_whats_new_beta_9,3,"Visibility now belongs to each button and header badge. Hide an item or schedule it once or on a daily, weekly, monthly, or yearly recurrence.",,needs translation
cr_whats_new_beta_9,4,Header badges can be renamed from Appearance settings.,,needs translation
cr_whats_new_beta_9,5,Swiping cards autoplay every three seconds by default.,,needs translation
cr_whats_new_beta_9,6,"The Weather dialog adds autoplay for Season, a windrose card, and an optional rain-map card from a camera or embedded web page.",,needs translation
cr_whats_new_beta_9,7,"The Parcels widget was rebuilt around carriers, with logos, account totals, shipment sections, estimates, tracking history, and add-by-tracking support where available.",,needs translation
cr_whats_new_beta_9,8,"Humidifiers and dehumidifiers now have native power, humidity, mode, speed, and helper controls throughout the app.",,needs translation
cr_whats_new_beta_9,9,Room status counters are interactive and open the entities behind each count.,,needs translation
cr_whats_new_beta_9,10,Buttons and badges can show a live countdown from a completion-time entity.,,needs translation
cr_whats_new_beta_9,11,Shared dashboards publish owner edits automatically and recipients receive them on their next sync.,,needs translation
cr_whats_new_beta_9,12,Header display settings now belong to each dashboard and travel through backups and family sharing.,,needs translation
cr_whats_new_beta_9,13,Camera widgets fill the entire tile and follow the configured corner radius.,,needs translation
cr_whats_new_beta_9,14,"Waste collections on the same day now overlap visibly, and the larger dialog can be dismissed by tapping outside.",,needs translation
cr_whats_new_beta_9,15,"Battery, Waste, camera, weather, and About visuals are now more consistent.",,needs translation
cr_whats_new_beta_9,16,"Binary sensors use Home Assistant-style Open/Closed, Wet/Dry, Detected/Clear, and Connected/Disconnected labels.",,needs translation; don't translate Home Assistant
cr_whats_new_beta_9,17,"Aesthetic-only editors can change existing badge visuals but cannot add, remove, or reconfigure badges.",,needs translation
cr_whats_new_beta_9,18,Fixed network handovers: sockets tied to the old Android network are discarded and the saved Home Assistant session reconnects without an unnecessary login. Reconnect status also shows the failure reason.,,needs translation; don't translate Home Assistant
cr_whats_new_beta_8,1,Child locks are no longer imported automatically as room controls.,,needs translation
cr_whats_new_beta_8,2,Every button and badge now honours Home Assistant entity-icon overrides.,,needs translation; don't translate Home Assistant
cr_whats_new_beta_8,3,Vacuums now appear in the room badge bar and open their controls when tapped.,,needs translation
cr_whats_new_beta_8,4,"Individual buttons in multi-item widgets can be hidden or scheduled, including recurring annual date ranges.",,needs translation
cr_whats_new_beta_8,5,Multiple camera badges now open one swipeable dialog with fullscreen paging.,,needs translation
cr_whats_new_beta_8,6,"Family Sharing now lists cloud-published dashboards so they can be imported, reshared, or deleted after a reinstall.",,needs translation
cr_whats_new_beta_7,1,Automatic room import now skips built-in helper controls while retaining genuine extra controls.,,needs translation
cr_whats_new_beta_7,2,Climate devices from different integrations are no longer merged into one control.,,needs translation
cr_whats_new_beta_7,3,"Climate-device icons now match air conditioners, humidifiers, dehumidifiers, and air purifiers.",,needs translation
cr_whats_new_beta_7,4,Air-purifier and humidifier icons pulse gently instead of spinning.,,needs translation
cr_whats_new_beta_7,5,Door locks now use closed-door and open-door icons.,,needs translation
cr_whats_new_beta_7,6,Multi-device header badges can be reordered to choose their leading entity.,,needs translation
cr_whats_new_beta_7,7,Animated icon effects are enabled by default on new installations.,,needs translation
cr_whats_new_beta_7,8,Buttons and badges can display an entity attribute and optional unit instead of its state.,,needs translation
cr_whats_new_beta_7,9,"Dashboards can now be copied with all rooms, widgets, and page settings.",,needs translation
cr_whats_new_beta_7,10,"Family Sharing now combines parental controls, dashboard sharing, and per-user permissions.",,needs translation
cr_whats_new_beta_7,11,Shared dashboards update automatically while keeping allowed local visual changes.,,needs translation
cr_whats_new_beta_7,12,Non-admin family members can use automatic per-room Adaptive Lighting controls when the HKI 7 Cloud component is installed.,,needs translation; don't translate HKI 7 Cloud
cr_whats_new_beta_7,13,Fixed unreadable header and pull-down labels in light mode and with custom appearances.,,needs translation
cr_whats_new_beta_7,14,About now provides What’s new and Full changelog buttons.,,needs translation
cr_whats_new_beta_7,15,Fixed the Unable to connect screen so it appears reliably when Home Assistant cannot be reached.,,needs translation; don't translate Home Assistant
cr_whats_new_beta_6,1,Fixed edit-mode action bars overlapping Android three-button navigation.,,needs translation
cr_whats_new_beta_6,2,The Backup and Restore screen now shows when each automatic cloud backup last ran.,,needs translation
cr_whats_new_beta_6,3,Each cloud backup now has a Back up now button.,,needs translation
cr_whats_new_beta_6,4,Fixed the oversized app icon after the themed-icon update.,,needs translation
cr_whats_new_beta_4_to_5,1,The Backup and Restore screen now shows when each automatic cloud backup last ran.,,needs translation
cr_whats_new_beta_4_to_5,2,Each cloud backup now has a Back up now button.,,needs translation
cr_whats_new_beta_4_to_5,3,Fixed the oversized app icon after the themed-icon update.,,needs translation
cr_whats_new_beta_3,1,"Added Simple Icons, Tabler, and Phosphor icon packs alongside Material Design Icons.",,needs translation
cr_whats_new_beta_3,2,"Added animated entity icons that glow, spin, or pulse while active.",,needs translation
cr_whats_new_beta_3,3,Added family dashboard sharing for admins.*,,needs translation
cr_whats_new_beta_3,4,Added parental controls that can hide selected views and rooms for specific people.*,,needs translation
cr_whats_new_beta_3,5,Added automatic daily backup to your own Home Assistant.*,,needs translation; don't translate Home Assistant
cr_whats_new_beta_3,6,Media-source icons are colored and can open the installed source app.,,needs translation
cr_whats_new_beta_3,7,New iFrame widget for embedding web pages.,,needs translation
cr_whats_new_beta_3,8,Energy views now show negative values while exporting power.,,needs translation
cr_whats_new_beta_3,9,Fixed onboarding completing when switching away before finishing.,,needs translation
cr_whats_new_beta_3,10,Fixed the thermostat-dial mode button overlapping nearby items.,,needs translation
cr_whats_new_beta_3,11,Many smaller bug fixes.,,needs translation
cr_whats_new_beta_3,12,* HKI 7 Cloud Component integration required.,,needs translation; don't translate HKI 7 Cloud
cr_whats_new_beta_2,1,"Improved layouts on short and narrow displays, with a single-column fallback throughout the app.",,needs translation
cr_whats_new_beta_2,2,Dialog headers use two rows on narrow screens so titles are no longer cut off.,,needs translation
cr_whats_new_beta_2,3,Fixed Adaptive Lighting sliders overlapping other elements.,,needs translation
cr_whats_new_beta_2,4,Navigation bars now indicate when more items are available off-screen.,,needs translation
cr_whats_new_beta_2,5,Fixed cameras ignoring the screen-orientation lock.,,needs translation
cr_whats_new_beta_2,6,Fixed zoom in camera dialogs and fullscreen cameras.,,needs translation
global_search_browse_entities,one,Browse %1$d entity on this device,تصفح كيان %1$d على هذا الجهاز,app fills in %1$d — keep them
global_search_browse_entities,other,Browse %1$d entities on this device,تصفح كيانات %1$d على هذا الجهاز,app fills in %1$d — keep them
global_search_browse_entities,zero,,تصفح كيانات %1$d على هذا الجهاز,
global_search_browse_entities,two,,تصفح كيانات %1$d على هذا الجهاز,
global_search_browse_entities,few,,تصفح كيانات %1$d على هذا الجهاز,
global_search_browse_entities,many,,تصفح كيانات %1$d على هذا الجهاز,
global_search_entity_count,one,%1$d entity,%1$d الكيان,app fills in %1$d — keep them
global_search_entity_count,other,%1$d entities,%1$d الكيانات,app fills in %1$d — keep them
global_search_entity_count,zero,,%1$d الكيانات,
global_search_entity_count,two,,%1$d الكيانات,
global_search_entity_count,few,,%1$d الكيانات,
global_search_entity_count,many,,%1$d الكيانات,
rooms_count,one,%1$d room,%1$d غرفة,app fills in %1$d — keep them
rooms_count,other,%1$d rooms,%1$d الغرف,app fills in %1$d — keep them
rooms_count,zero,,%1$d الغرف,
rooms_count,two,,%1$d الغرف,
rooms_count,few,,%1$d الغرف,
rooms_count,many,,%1$d الغرف,
core_system,,System,نظام,
core_greeting_morning,,Good Morning,صباح الخير,
core_greeting_afternoon,,Good Afternoon,مساء الخير,
core_greeting_evening,,Good Evening,مساء الخير,
core_greeting_night,,Good Night,طاب مساؤك,
core_last_seen_just_now,,Last seen just now,شوهد آخر مرة الآن,
core_no_media_playing,,No media is playing,لا توجد وسائط قيد التشغيل,
core_media_players_playing,one,%1$d media player is playing,مشغل الوسائط %1$d قيد التشغيل,app fills in %1$d — keep them
core_media_players_playing,other,%1$d media players are playing,%1$d مشغلات الوسائط قيد التشغيل,app fills in %1$d — keep them
core_media_players_playing,zero,,%1$d مشغلات الوسائط قيد التشغيل,
core_media_players_playing,two,,%1$d مشغلات الوسائط قيد التشغيل,
core_media_players_playing,few,,%1$d مشغلات الوسائط قيد التشغيل,
core_media_players_playing,many,,%1$d مشغلات الوسائط قيد التشغيل,
core_last_seen_minutes,one,Last seen %1$d minute ago,شوهد آخر مرة منذ %1$d قبل دقيقة,app fills in %1$d — keep them
core_last_seen_minutes,other,Last seen %1$d minutes ago,آخر ظهور منذ %1$d دقيقة,app fills in %1$d — keep them
core_last_seen_minutes,zero,,آخر ظهور منذ %1$d دقيقة,
core_last_seen_minutes,two,,آخر ظهور منذ %1$d دقيقة,
core_last_seen_minutes,few,,آخر ظهور منذ %1$d دقيقة,
core_last_seen_minutes,many,,آخر ظهور منذ %1$d دقيقة,
core_last_seen_hours,one,Last seen %1$d hour ago,آخر ظهور منذ %1$d قبل ساعة,app fills in %1$d — keep them
core_last_seen_hours,other,Last seen %1$d hours ago,آخر ظهور منذ %1$d قبل ساعات,app fills in %1$d — keep them
core_last_seen_hours,zero,,آخر ظهور منذ %1$d قبل ساعات,
core_last_seen_hours,two,,آخر ظهور منذ %1$d قبل ساعات,
core_last_seen_hours,few,,آخر ظهور منذ %1$d قبل ساعات,
core_last_seen_hours,many,,آخر ظهور منذ %1$d قبل ساعات,
core_last_seen_days,one,Last seen %1$d day ago,شوهد آخر مرة منذ %1$d منذ يوم واحد,app fills in %1$d — keep them
core_last_seen_days,other,Last seen %1$d days ago,آخر ظهور منذ %1$d أيام,app fills in %1$d — keep them
core_last_seen_days,zero,,آخر ظهور منذ %1$d أيام,
core_last_seen_days,two,,آخر ظهور منذ %1$d أيام,
core_last_seen_days,few,,آخر ظهور منذ %1$d أيام,
core_last_seen_days,many,,آخر ظهور منذ %1$d أيام,
core_last_seen_weeks,one,Last seen %1$d week ago,آخر ظهور منذ %1$d قبل أسبوع,app fills in %1$d — keep them
core_last_seen_weeks,other,Last seen %1$d weeks ago,شوهد آخر مرة منذ %1$d منذ أسابيع,app fills in %1$d — keep them
core_last_seen_weeks,zero,,شوهد آخر مرة منذ %1$d منذ أسابيع,
core_last_seen_weeks,two,,شوهد آخر مرة منذ %1$d منذ أسابيع,
core_last_seen_weeks,few,,شوهد آخر مرة منذ %1$d منذ أسابيع,
core_last_seen_weeks,many,,شوهد آخر مرة منذ %1$d منذ أسابيع,
dlg_1_advanced_shorthand_block_kept_unchanged,,1 advanced shorthand block (kept unchanged),1 كتلة مختصرة متقدمة (تظل دون تغيير),
dlg_24_hour_format,,24-Hour Format,تنسيق 24 ساعة,
dlg_action_count,,%1$s action,%1$s الإجراء,app fills in %1$s — keep them
dlg_action,,Action,فعل,
dlg_action_data,,Action data,بيانات العمل,
dlg_action_data_object,,Action data object,كائن بيانات الإجراء,
dlg_action_details,,Action details,تفاصيل العمل,
dlg_adapt_now,,Adapt now,التكيف الآن,
dlg_adaptive_lighting,,Adaptive Lighting,الإضاءة التكيفية,
dlg_adaptive_lighting_is_unavailable,,Adaptive Lighting is unavailable,الإضاءة التكيفية غير متوفرة,
dlg_add_4_10_entity_buttons_to_this_dialog_s,,Add 4–10 entity buttons to this dialog's nav bar.,أضف 4 إلى 10 أزرار كيان إلى شريط التنقل في مربع الحوار هذا.,
dlg_add,,Add,يضيف,
dlg_add_at_least_one_step,,Add at least one step,أضف خطوة واحدة على الأقل,
dlg_add_button,,Add button,إضافة زر,
dlg_add_custom_buttons,,Add Custom Buttons,إضافة أزرار مخصصة,
dlg_add_more_for_a_full_row,,Add %1$s more for a full row.,أضف %1$s المزيد لصف كامل.,app fills in %1$s — keep them
dlg_add_to,,Add to %1$s,إضافة إلى %1$s,app fills in %1$s — keep them
dlg_advanced,,Advanced,متقدم,
dlg_advanced_action_data_json,,Advanced action data (JSON),بيانات الإجراء المتقدمة (JSON),
dlg_advanced_shorthand_blocks_kept_unchanged,,%1$s advanced shorthand blocks (kept unchanged),%1$s كتل مختصرة متقدمة (تظل دون تغيير),app fills in %1$s — keep them
dlg_alarm_entities,,Alarm entities,كيانات الإنذار,
dlg_alarm_pending,,Alarm pending,إنذار معلق,
dlg_alignment,,Alignment,تنسيق,
dlg_always,,Always,دائماً,
dlg_any_state,,Any state,أي دولة,
dlg_appearance,,Appearance,مظهر,
dlg_apply,,Apply,يتقدم,
dlg_aspect_ratio,,Aspect ratio,نسبة الارتفاع,
dlg_astronomical_tap_or_swipe,,Astronomical · tap or swipe,فلكي · اضغط أو اسحب,
dlg_auto,,Auto,آلي,
dlg_auto_none,,Auto / none,تلقائي / لا يوجد,
dlg_auto_scan,,Auto-scan,المسح التلقائي,
dlg_automation,,Automation,الأتمتة,
dlg_back,,Back,خلف,
dlg_backspace,,Backspace,مسافة للخلف,
dlg_badge_bar_layout,,Badge bar layout,تخطيط شريط الشارة,
dlg_batt,,Batt,بات,
dlg_battery_value,,Battery: %1$s,البطارية: %1$s,app fills in %1$s — keep them
dlg_built_in,,Built-in,مدمج,
dlg_cancel,,Cancel,يلغي,
dlg_cancel_arming,,Cancel arming,إلغاء التسليح,
dlg_change,,Change,يتغير,
dlg_choose_a_side_when_the_badge_bar_is_split,,Choose a side when the badge bar is split,اختر جانبًا عند تقسيم شريط الشارة,
dlg_choose_a_state,,Choose a state,اختر دولة,
dlg_condition,,Condition,حالة,
dlg_condition_is,,Is,يكون,
dlg_condition_is_not,,Is not,ليس كذلك,
dlg_condition_state,,State,ولاية,
dlg_vis_and,,AND,و,
dlg_vis_conditional,,Conditional,شرطي,
dlg_vis_entity_state,,Entity state,دولة الكيان,
dlg_vis_person,,Person,شخص,
dlg_visible,,Visible,مرئي,
dlg_choose_person,,Choose person,اختر الشخص,
dlg_person_condition_hint,,Matches the signed-in Home Assistant user. This rule travels with a shared dashboard.,يطابق مستخدم Home Assistant الذي قام بتسجيل الدخول. تنتقل هذه القاعدة مع لوحة معلومات مشتركة.,don't translate Home Assistant
dlg_person_requires_hki7_cloud,,Person visibility requires the HKI 7 Cloud component. Install it to select Home Assistant users here.,تتطلب رؤية الشخص مكون HKI 7 Cloud. قم بتثبيته لتحديد مستخدمي Home Assistant هنا.,"don't translate HKI 7 Cloud, Home Assistant"
dlg_vis_match,,Match,مباراة,
dlg_vis_match_all,,All rules,جميع القواعد,
dlg_vis_match_any,,Any rule,أي قاعدة,
dlg_vis_or,,OR,أو,
dlg_vis_time_schedule,,Time schedule,الجدول الزمني,
dlg_choose_a_visual_home_assistant_block,,Choose a visual Home Assistant block,اختر كتلة Home Assistant المرئية,don't translate Home Assistant
dlg_choose_action,,Choose action,اختر الإجراء,
dlg_choose_an_action,,Choose an action,اختر إجراءً,
dlg_choose_an_entity,,Choose an entity,اختر كيانًا,
dlg_choose_an_entity_first,,Choose an entity first,اختر كيانًا أولاً,
dlg_choose_entity,,Choose entity,اختر الكيان,
dlg_choose_the_home_assistant_entities_that_drive_this_room,,Choose the Home Assistant entities that drive this room's live indicators. Indicators only appear while they are active.,اختر كيانات Home Assistant التي تقود المؤشرات المباشرة لهذه الغرفة. تظهر المؤشرات فقط عندما تكون نشطة.,don't translate Home Assistant
dlg_choose_the_profile_for_this_light,,Choose the profile for this light,اختر ملف التعريف لهذا الضوء,
dlg_choose_what_this_action_should_control,,Choose what this action should control,اختر ما يجب أن يتحكم فيه هذا الإجراء,
dlg_choose_what_this_badge_summarizes,,Choose what this badge summarizes,اختر ما تلخصه هذه الشارة,
dlg_choose_what_this_header_pill_shows,,Choose what this header pill shows,اختر ما تظهره حبة الرأس هذه,
dlg_clear,,Clear,واضح,
dlg_clear_rooms_view,,Clear rooms view?,مسح عرض الغرف؟,
dlg_climate_dialog_control,,Climate dialog control,التحكم في حوار المناخ,
dlg_climate_sources_take_priority_and_use_their_current_temper,,Climate sources take priority and use their current_temperature and current_humidity values. ,تأخذ المصادر المناخية الأولوية وتستخدم قيم درجة الحرارة الحالية والرطوبة الحالية.,keep the space at the start/end
dlg_climate_summary,,Climate summary,ملخص المناخ,
dlg_close,,Close,يغلق,
dlg_confirm,,Confirm,يتأكد,
dlg_controls_light_in_this_profile,,Controls %1$s light%2$s in this profile.,عناصر التحكم %1$s light%2$s في هذا الملف الشخصي.,app fills in %1$s %2$s — keep them
dlg_countdown_timer,,Countdown timer,توقيت العد التنازلي,
dlg_create_a_flow,,Create a flow,إنشاء التدفق,
dlg_current,,Current %1$s%%,الحالي %1$s%%,app fills in %1$s — keep them
dlg_current_weather,,Current weather,الطقس الحالي,
dlg_custom,,Custom,مخصص,
dlg_custom_buttons,,Custom buttons,أزرار مخصصة,
dlg_custom_value,,Custom %1$s,مخصص %1$s,app fills in %1$s — keep them
dlg_custom_name,,Custom name,اسم مخصص,
dlg_custom_seconds,,Custom seconds,ثواني مخصصة,
dlg_custom_state,,Custom state...,حالة مخصصة...,
dlg_date,,Date,تاريخ,
dlg_day_to,,%1$s day%2$s to %3$s,%1$s يوم%2$s إلى %3$s,app fills in %1$s %2$s %3$s — keep them
dlg_delete_automation,,Delete automation?,هل تريد حذف التشغيل الآلي؟,
dlg_delete,,Delete,يمسح,
dlg_description,,Description,وصف,
dlg_details,,Details,تفاصيل,
dlg_device_value,,Device: %1$s,الجهاز: %1$s,app fills in %1$s — keep them
dlg_device,,Device,جهاز,
dlg_direction,,Direction —,اتجاه -,
dlg_display,,Display,عرض,
dlg_display_linked_entities_and_dialog_layout,,"Display, linked entities, and dialog layout",العرض والكيانات المرتبطة وتخطيط الحوار,
dlg_display_mode,,Display mode,وضع العرض,
dlg_display_order,,Display order,ترتيب العرض,
dlg_done,,Done,منتهي,
dlg_door_sensors,,Door sensors,حساسات الباب,
dlg_edit,,Edit,يحرر,
dlg_empty_bin,,Empty bin: %1$s,سلة فارغة: %1$s,app fills in %1$s — keep them
dlg_end,,End: %1$s,النهاية: %1$s,app fills in %1$s — keep them
dlg_enter_a_valid_json_object,,Enter a valid JSON object,أدخل كائن JSON صالحًا,
dlg_enter_code,,Enter code,أدخل الرمز,
dlg_enter_the_same_data_object_home_assistant_shows_in,,Enter the same data object Home Assistant shows in YAML. JSON is used here so values keep their exact type.,أدخل نفس كائن البيانات الذي يعرضه Home Assistant في YAML. يتم استخدام JSON هنا حتى تحافظ القيم على نوعها الدقيق.,don't translate Home Assistant
dlg_entities_count,,Entities (%1$s),الكيانات (%1$s),app fills in %1$s — keep them
dlg_entities_appearance_and_interactions,,"Entities, appearance, and interactions",الكيانات والمظهر والتفاعلات,
dlg_entities,,Entities,الكيانات,
dlg_entities_that_signal_activity_or_safety_states,,Entities that signal activity or safety states,الكيانات التي تشير إلى النشاط أو حالات السلامة,
dlg_entity_integrations,,Entity integrations,تكامل الكيانات,
dlg_entity_name,,Entity name,اسم الكيان,
dlg_entity_picture,,Entity picture,صورة الكيان,
dlg_event,,Event,حدث,
dlg_exact_text_or_number_reported_by_home_assistant,,Exact text or number reported by Home Assistant,النص الدقيق أو الرقم الذي تم الإبلاغ عنه بواسطة Home Assistant,don't translate Home Assistant
dlg_exit_full_screen,,Exit full screen,الخروج من وضع ملء الشاشة,
dlg_floor,,Floor,أرضية,
dlg_floor_assignment,,Floor assignment,مهمة الكلمة,
dlg_flows,,Flows,التدفقات,
dlg_forecast,,Forecast,تنبؤ بالمناخ,
dlg_forget_selection,,Forget selection,ننسى الاختيار,
dlg_forward,,Forward,إلى الأمام,
dlg_from,,From %1$s,من %1$s,app fills in %1$s — keep them
dlg_from_state,,From state,من الدولة,
dlg_full_day_name,,Full Day Name,اسم اليوم الكامل,
dlg_group_light_paused_for_manual_control,,%1$s group light%2$s paused for manual control.,%1$s ضوء المجموعة %2$s متوقف مؤقتًا للتحكم اليدوي.,app fills in %1$s %2$s — keep them
dlg_header_appearance,,Header appearance,مظهر الرأس,
dlg_header_custom_color_rrggbb,,Header custom color (#RRGGBB),لون الرأس المخصص (#RRGBB),
dlg_header_pill,,Header pill,حبة رأس,
dlg_hidden,,Hidden,مختفي,
dlg_hidden_during,,Hidden during,مخفي أثناء,
dlg_hide_this_badge_or_schedule_when_it_appears,,"Hide this badge, or schedule when it appears",قم بإخفاء هذه الشارة، أو حدد موعدًا لظهورها,
dlg_https,,https://…,https://…,
dlg_humidity,,Humidity,رطوبة,
dlg_icon,,Icon,رمز,
dlg_icon_animation,,Icon animation,الرسوم المتحركة أيقونة,
dlg_icon_value,,Icon: %1$s,الرمز: %1$s,app fills in %1$s — keep them
dlg_identity,,Identity,هوية,
dlg_identity_presentation_indicators_and_maintenance,,"Identity, presentation, indicators, and maintenance",الهوية والعرض والمؤشرات والصيانة,
dlg_import_only_rooms_that_have_not_been_edited_or,,"Import only rooms that have not been edited, or rebuild everything. Rebuilding removes all edited rooms and floors before importing them from scratch.",قم باستيراد الغرف التي لم يتم تحريرها فقط، أو قم بإعادة بناء كل شيء. تؤدي عملية إعادة البناء إلى إزالة جميع الغرف والأرضيات التي تم تحريرها قبل استيرادها من البداية.,
dlg_import_unedited,,Import unedited,استيراد غير محررة,
dlg_interactions,,Interactions,التفاعلات,
dlg_is,, is,يكون,keep the space at the start/end
dlg_items,,%1$s items,%1$s العناصر,app fills in %1$s — keep them
dlg_last_run,,Last run %1$s,آخر تشغيل %1$s,app fills in %1$s — keep them
dlg_left,,Left,غادر,
dlg_left_side_overflows_right,,Left side overflows right,الجانب الأيسر يفيض على اليمين,
dlg_live,,Live,يعيش,
dlg_live_uppercase,,LIVE,يعيش,
dlg_live_indicators,,Live indicators,المؤشرات الحية,
dlg_loading_actions,,Loading actions…,جارٍ تحميل الإجراءات...,
dlg_lunar_phase,,Lunar phase,المرحلة القمرية,
dlg_map,,Map,رسم خريطة,
dlg_map_value,,Map: %1$s,الخريطة: %1$s,app fills in %1$s — keep them
dlg_media,,Media,وسائط,
dlg_media_browsing_isn_t_available_for_this_player,,Media browsing isn't available for this player.,تصفح الوسائط غير متاح لهذا المشغل.,
dlg_media_library,,Media library,مكتبة الوسائط,
dlg_media_players,,Media players,مشغلات الوسائط,
dlg_meteorological_tap_or_swipe,,Meteorological · tap or swipe,الأرصاد الجوية · اضغط أو اسحب,
dlg_mm,,%1$s mm,%1$s ملم,app fills in %1$s — keep them
dlg_modes,,Modes,وسائط,
dlg_moon,,Moon,قمر,
dlg_move_down,,Move down,تحرك للأسفل,
dlg_move_up,,Move up,تحرك للأعلى,
dlg_multiple_climate_values_are_averaged_separate_sensor_value,,Multiple climate values are averaged. Separate sensor values are averaged only when no climate source is selected.,يتم حساب متوسط القيم المناخية المتعددة. يتم حساب متوسط قيم المستشعر المنفصلة فقط عند عدم تحديد مصدر مناخي.,
dlg_name,,Name,اسم,
dlg_name_and_icon_used_throughout_the_app,,Name and icon used throughout the app,الاسم والرمز المستخدم في جميع أنحاء التطبيق,
dlg_name_optional,,Name (optional),الاسم (اختياري),
dlg_native_home_assistant_automations_always_in_sync,,"Native Home Assistant automations, always in sync",عمليات التشغيل الآلي لـ Native Home Assistant، متزامنة دائمًا,don't translate Home Assistant
dlg_never_triggered,,Never triggered,لم يتم تشغيلها أبدًا,
dlg_new_flow,,New flow,تدفق جديد,
dlg_next_camera,,Next camera,الكاميرا التالية,
dlg_no_conditions_this_flow_always_continues,,No conditions — this flow always continues,لا توجد شروط — يستمر هذا التدفق دائمًا,
dlg_no_door_sensor,,No door sensor,لا يوجد مستشعر الباب,
dlg_no_forecast_available,,No forecast available,لا توجد توقعات متاحة,
dlg_no_matching_automations,,No matching automations,لا توجد أتمتة مطابقة,
dlg_no_native_home_assistant_automations_found,,No native Home Assistant automations found,لم يتم العثور على عمليات تشغيل تلقائية أصلية لـ Home Assistant,don't translate Home Assistant
dlg_no_profile_available,,No profile available,لا يوجد ملف تعريف متاح,
dlg_no_stream_available,,No stream available,لا يوجد تيار متاح,
dlg_no_supported_alarm_modes_reported_by_this_entity,,No supported alarm modes reported by this entity,لم يتم الإبلاغ عن أي أوضاع إنذار مدعومة من قبل هذا الكيان,
dlg_no_target,,No target,لا يوجد هدف,
dlg_none,,None,لا أحد,
dlg_none_timer_follows_the_completion_time_only,,None — timer follows the completion time only,لا يوجد — الموقت يتبع وقت الانتهاء فقط,
dlg_not_loaded_by_home_assistant,,Not loaded by Home Assistant,لم يتم تحميله بواسطة Home Assistant,don't translate Home Assistant
dlg_nothing_here,,Nothing here.,لا شيء هنا.,
dlg_off_uppercase,,OFF,عن,
dlg_off,,Off,عن,
dlg_on_uppercase,,ON,على,
dlg_on,,On,على,
dlg_percent_on,,%1$s%% • ON,%1$s%% • تشغيل,app fills in %1$s — keep them
dlg_open_camera_full_screen,,Open camera full screen,فتح الكاميرا ملء الشاشة,
dlg_open,,Open,يفتح,
dlg_optional_controls_and_sensors_for_richer_dialogs,,Optional controls and sensors for richer dialogs,عناصر تحكم وأجهزة استشعار اختيارية لمربعات حوار أكثر ثراءً,
dlg_optional_fields_passed_to_home_assistant,,Optional fields passed to Home Assistant,تم تمرير الحقول الاختيارية إلى Home Assistant,don't translate Home Assistant
dlg_optional_label_shown_when_name_is_enabled_above,,"Optional label shown when ""Name"" is enabled above","يتم عرض التصنيف الاختياري عند تمكين ""الاسم"" أعلاه",
dlg_oscillate,,Oscillate,يتأرجح,
dlg_pause,,Pause,يوقف,
dlg_pause_adaptation,,Pause adaptation,وقفة التكيف,
dlg_pending_timer,,Pending timer,في انتظار الموقت,
dlg_pick_a_source_device_or_fine_tune_individual_roles,,Pick a source device or fine-tune individual roles,اختر جهاز مصدر أو قم بضبط الأدوار الفردية,
dlg_place_this_room_in_the_correct_floor_group,,Place this room in the correct floor group,ضع هذه الغرفة في مجموعة الطوابق الصحيحة,
dlg_placement,,Placement,التنسيب,
dlg_players_summarized_by_the_room_header_and_card,,Players summarized by the room header and card,تم تلخيص اللاعبين حسب رأس الغرفة والبطاقة,
dlg_please_wait,,Please wait…,انتظر من فضلك…,
dlg_precipitation,,Precipitation,تساقط,
dlg_presets_uppercase,,PRESETS,الإعدادات المسبقة,
dlg_presets,,Presets,الإعدادات المسبقة,
dlg_previous_camera,,Previous camera,الكاميرا السابقة,
dlg_profile,,Profile,حساب تعريفي,
dlg_profile_switches_affect_every_light_assigned_to,,Profile switches affect every light assigned to %1$s.,تؤثر مفاتيح تبديل الملف الشخصي على كل ضوء مخصص لـ %1$s.,app fills in %1$s — keep them
dlg_rain,,Rain,مطر,
dlg_rain_map,,Rain map,خريطة المطر,
dlg_rain_map_url_iframe,,Rain map URL (iframe),عنوان URL للخريطة المطرية (iframe),
dlg_re_import_rooms,,Re-import rooms,إعادة استيراد الغرف,
dlg_read_only_home_assistant_automation,,Read-only Home Assistant automation,أتمتة Home Assistant للقراءة فقط,don't translate Home Assistant
dlg_recipes_create_regular_home_assistant_automations_you_can,,Recipes create regular Home Assistant automations. You can continue editing them in either HKI7 or Home Assistant.,تعمل الوصفات على إنشاء عمليات أتمتة منزلية منتظمة لمساعد المنزل. يمكنك الاستمرار في تحريرها إما في HKI7 أو Home Assistant.,"don't translate Home Assistant, HKI7"
dlg_remove,,Remove,يزيل,
dlg_remove_edits_and_import_all,,Remove edits and import all,إزالة التعديلات واستيراد الكل,
dlg_repeat,,Repeat,يكرر,
dlg_repeats_every_day_only_the_time_of_day_is,,Repeats every day — only the time of day is used.,يتكرر كل يوم — يتم استخدام الوقت من اليوم فقط.,
dlg_repeats_every_month_only_the_day_of_the_month,,Repeats every month — only the day of the month and time are used.,يتكرر كل شهر — يتم استخدام يوم الشهر والوقت فقط.,
dlg_repeats_every_week_only_the_weekday_and_time_are,,Repeats every week — only the weekday and time are used.,يتكرر كل أسبوع — يتم استخدام أيام الأسبوع والوقت فقط.,
dlg_repeats_every_year_the_year_is_ignored_so_e,,"Repeats every year — the year is ignored, so e.g. 24–26 Dec recurs each Christmas.",يتكرر كل عام - يتم تجاهل العام، لذلك على سبيل المثال 24-26 ديسمبر يتكرر كل عيد الميلاد.,
dlg_required,, (required),(مطلوب),keep the space at the start/end
dlg_required_state,,Required state,الحالة المطلوبة,
dlg_resume_adaptation,,Resume adaptation,استئناف التكيف,
dlg_resume,,Resume,سيرة ذاتية,
dlg_reverse,,Reverse,يعكس,
dlg_right,,Right,يمين,
dlg_right_side_overflows_left,,Right side overflows left,الجانب الأيمن يفيض اليسار,
dlg_room_areas,,Room areas,مساحات الغرف,
dlg_room_climate,,Room climate,مناخ الغرفة,
dlg_room_name,,Room name,اسم الغرفة,
dlg_run_mode,,Run mode,وضع التشغيل,
dlg_running_state_entity,,Running-state entity,كيان حالة التشغيل,
dlg_s_are,,s are,هي,
dlg_save,,Save,يحفظ,
dlg_save_in_home_assistant,,Save in Home Assistant,حفظ في Home Assistant,don't translate Home Assistant
dlg_saved_directly_in_the_native_automation,,Saved directly in the native automation,تم الحفظ مباشرة في الأتمتة الأصلية,
dlg_scheduled,,Scheduled,المقرر,
dlg_search_actions,,Search actions,إجراءات البحث,
dlg_search_automations,,Search automations,أتمتة البحث,
dlg_season,,Season,موسم,
dlg_select,,Select %1$s,حدد %1$s,app fills in %1$s — keep them
dlg_select_a_mode_to_continue,,Select a mode to continue,حدد الوضع للمتابعة,
dlg_select_battery_sensor,,Select Battery Sensor,حدد مستشعر البطارية,
dlg_select_door_sensor,,Select Door Sensor,حدد مستشعر الباب,
dlg_select_empty_bin_control,,Select Empty Bin Control,حدد التحكم في سلة المهملات الفارغة,
dlg_select_entities,,Select Entities,حدد الكيانات,
dlg_select_entity,,Select Entity,حدد الكيان,
dlg_select_map_camera,,Select Map Camera,حدد كاميرا الخريطة,
dlg_select_media_players,,Select Media Players,حدد مشغلات الوسائط,
dlg_select_running_state_entity,,Select running-state entity,حدد كيان حالة التشغيل,
dlg_select_target_entity,,Select Target Entity,حدد الكيان المستهدف,
dlg_select_the_alarm_panels_summarized_by_this_pill,,Select the alarm panels summarized by this pill,حدد لوحات الإنذار التي تلخصها هذه الحبة,
dlg_select_vacuum_entity,,Select Vacuum Entity,حدد كيان الفراغ,
dlg_select_water_level,,Select Water Level,حدد مستوى الماء,
dlg_selected,,%1$s · Selected,%1$s · تم التحديد,app fills in %1$s — keep them
dlg_set,,Set,تعيين,
dlg_shape,,Shape,شكل,
dlg_shape_visible_information_and_icon_behavior,,"Shape, visible information, and icon behavior",الشكل والمعلومات المرئية وسلوك الرمز,
dlg_show_a_descending_timer_when_the_value_is_a,,"Show a descending timer when the value is a completion time (e.g. a washer/dryer finish time). Active while counting, off at zero.",إظهار مؤقت تنازلي عندما تكون القيمة هي وقت الاكتمال (على سبيل المثال، وقت انتهاء الغسالة/المجفف). نشط أثناء العد، ويتوقف عند الصفر.,
dlg_show_a_live_radar_rain_map_card_a_camera,,Show a live radar/rain map card — a camera entity or an embedded web page (iframe),إظهار بطاقة خريطة الرادار/المطر المباشرة — كيان كاميرا أو صفحة ويب مضمنة (iframe),
dlg_show_badge_bar,,Show badge bar,إظهار شريط الشارة,
dlg_show_the_entity_s_state_or_one_of_its,,"Show the entity's state, or one of its attributes instead.",إظهار حالة الكيان، أو إحدى سماته بدلاً من ذلك.,
dlg_side_split_alignment,,Side (split alignment),الجانب (محاذاة الانقسام),
dlg_snapshot,,Snapshot,لقطة,
dlg_span_badges,,Span badges,شارات تمتد,
dlg_speed,,SPEED,سرعة,
dlg_start,,Start: %1$s,البداية: %1$s,app fills in %1$s — keep them
dlg_start_with_a_useful_recipe_then_adjust_each_step,,"Start with a useful recipe, then adjust each step",ابدأ بوصفة مفيدة، ثم اضبط كل خطوة,
dlg_state,,State,ولاية,
dlg_state_text,,State text,نص الدولة,
dlg_switch,,SWITCH,يُحوّل,
dlg_tap_hold_and_dialog_quick_actions,,"Tap, hold, and dialog quick actions",انقر مع الاستمرار ومحاورة الإجراءات السريعة,
dlg_target_range_percent,,TARGET (%1$s–%2$s%%),الهدف (%1$s–%2$s%%),app fills in %1$s %2$s — keep them
dlg_target,,Target,هدف,
dlg_target_entity_optional,,Target entity (optional),الكيان المستهدف (اختياري),
dlg_temperature,,Temperature,درجة حرارة,
dlg_temperature_and_humidity_sources_for_the_room,,Temperature and humidity sources for the room,مصادر درجة الحرارة والرطوبة للغرفة,
dlg_that_profile,,that profile,هذا الملف الشخصي,
dlg_the_exact_dates_you_pick_leave_a_bound_as,,"The exact dates you pick. Leave a bound as ""Any"" for an open-ended range.","التواريخ الدقيقة التي تختارها. اترك الحد كـ ""أي"" لنطاق مفتوح.",
dlg_the_room_header_and_card_show_a_single_player,,"The room header and card show a single player's media, or an active-player count when multiple players are selected.",يعرض رأس الغرفة والبطاقة وسائط لاعب واحد، أو عدد اللاعبين النشطين عند اختيار عدة لاعبين.,
dlg_thermostat_dial,,Thermostat dial,قرص ترموستات,
dlg_this_action_does_not_use_an_entity_target,,This action does not use an entity target.,لا يستخدم هذا الإجراء هدف الكيان.,
dlg_this_action_has_no_required_target_or_additional_fields,,This action has no required target or additional fields.,لا يحتوي هذا الإجراء على هدف أو حقول إضافية مطلوبة.,
dlg_this_automation_is_managed_outside_home_assistant_s_ui,,"This automation is managed outside Home Assistant's UI (usually YAML). HKI7 can show it, but will not overwrite it.",تتم إدارة هذه الأتمتة خارج واجهة مستخدم Home Assistant (عادةً YAML). يمكن لـ HKI7 إظهاره، لكنه لن يقوم بالكتابة فوقه.,"don't translate Home Assistant, HKI7"
dlg_this_entity,,This entity,هذا الكيان,
dlg_this_light_is_paused_for_manual_control,,This light is paused for manual control.,تم إيقاف هذا الضوء مؤقتًا للتحكم اليدوي.,
dlg_this_removes_all_imported_rooms_and_floors_from_this,,This removes all imported rooms and floors from this view.,يؤدي هذا إلى إزالة جميع الغرف والأرضيات المستوردة من طريقة العرض هذه.,
dlg_this_removes_the_native_automation_from_home_assistant_thi,,This removes the native automation from Home Assistant. This cannot be undone from HKI7.,يؤدي هذا إلى إزالة الأتمتة الأصلية من Home Assistant. لا يمكن التراجع عن هذا من HKI7.,"don't translate Home Assistant, HKI7"
dlg_time,,Time,وقت,
dlg_to_state,,To state,للدولة,
dlg_turn_on,,Turn On,تشغيل,
dlg_unit,,Unit,وحدة,
dlg_untitled,,Untitled,بدون عنوان,
dlg_url_https,,URL (https://…),عنوان URL (https://…),
dlg_vacuum_entities,,Vacuum entities,كيانات فراغ,
dlg_vertical_slider,,Vertical slider,منزلق عمودي,
dlg_visibility,,Visibility,الرؤية,
dlg_visibility_alignment_and_overflow_behavior,,"Visibility, alignment, and overflow behavior",الرؤية والمحاذاة والسلوك الفائض,
dlg_visible_during,,Visible during,مرئية خلال,
dlg_waiting_for_home_assistant,,Waiting for Home Assistant,في انتظار Home Assistant,don't translate Home Assistant
dlg_wallpaper_and_optional_custom_color,,Wallpaper and optional custom color,ورق جدران ولون مخصص اختياري,
dlg_wallpaper_url_or_path,,Wallpaper URL or path,عنوان URL للخلفية أو المسار,
dlg_water_value,,Water: %1$s,الماء: %1$s,app fills in %1$s — keep them
dlg_water,,Water,ماء,
dlg_weather_details,,Weather details,تفاصيل الطقس,
dlg_weather_entities,,Weather entities,كيانات الطقس,
dlg_when,,When,متى,
dlg_when_and_if_then,,When · And if · Then,متى · وإذا · ثم,
dlg_widget_width,,Widget width,عرض القطعة,
dlg_wind,,Wind,رياح,
dlg_any,,Any,أي,
dlg_once,,Once,مرة واحدة,
dlg_daily,,Daily,يوميًا,
dlg_weekly,,Weekly,أسبوعي,
dlg_monthly,,Monthly,شهريا,
dlg_yearly,,Yearly,سنوي,
dlg_default,,Default,تقصير,
dlg_toggle,,Toggle,تبديل,
dlg_more_information,,More information,مزيد من المعلومات,
dlg_navigate,,Navigate,انتقل,
dlg_url,,URL,عنوان URL,
dlg_home,,Home,بيت,
dlg_rooms,,Rooms,الغرف,
dlg_energy,,Energy,طاقة,
dlg_climate,,Climate,مناخ,
dlg_security,,Security,حماية,
dlg_battery,,Battery,بطارية,
dlg_settings,,Settings,إعدادات,
dlg_room_value,,Room · %1$s,الغرفة · %1$s,app fills in %1$s — keep them
dlg_could_not_load_home_assistant_actions,,Could not load Home Assistant actions,تعذر تحميل إجراءات Home Assistant,don't translate Home Assistant
dlg_show_entity_default_this_one,,Show entity (default: this one),إظهار الكيان (الافتراضي: هذا),
dlg_target_entity_default_this_one,,Target entity (default: this one),الكيان المستهدف (الافتراضي: هذا),
dlg_select_destination,,Select destination,اختر الوجهة,
dlg_choose_target,,Choose target,اختر الهدف,
dlg_target_and_action_data,,Target and action data,بيانات الهدف والعمل,
dlg_tap,,Tap,مقبض,
dlg_hold,,Hold,يمسك,
dlg_double_tap,,Double tap,انقر نقرًا مزدوجًا,
dlg_alarm_disarmed,,Disarmed,منزوع السلاح,
dlg_alarm_armed_home,,Armed home,منزل مسلح,
dlg_alarm_armed_away,,Armed away,مسلح بعيدا,
dlg_alarm_armed_night,,Armed night,ليلة مسلحة,
dlg_alarm_armed_vacation,,Armed vacation,اجازة مسلحة,
dlg_alarm_armed_custom,,Armed (custom),مسلح (مخصص),
dlg_alarm_arming,,Arming…,تسليح…,
dlg_alarm_disarming,,Disarming…,نزع السلاح…,
dlg_alarm_triggered,,TRIGGERED,تم إطلاقه,
dlg_alarm_disarmed_message,,Alarm disarmed,تم تعطيل الإنذار,
dlg_alarm_command,,Alarm command,أمر التنبيه,
dlg_alarm_command_accepted,,%1$s accepted,تم قبول %1$s,app fills in %1$s — keep them
dlg_alarm_command_failed,,Command failed. Check the code and try again.,فشل الأمر. تحقق من الرمز وحاول مرة أخرى.,
dlg_alarm_arming_cancelled,,Arming cancelled,تم إلغاء التسليح,
dlg_alarm_cancel_failed,,Cancellation failed. Check the code and try again.,فشل الإلغاء. تحقق من الرمز وحاول مرة أخرى.,
dlg_alarm_arm_home,,Arm home,ذراع المنزل,
dlg_alarm_arm_away,,Arm away,ذراع بعيدا,
dlg_alarm_arm_night,,Arm night,ليلة الذراع,
dlg_alarm_arm_custom,,Arm custom,عرف الذراع,
dlg_alarm_arm_vacation,,Arm vacation,إجازة الذراع,
dlg_alarm_disarm,,Disarm,نزع السلاح,
dlg_room_configuration,,Room configuration,تكوين الغرفة,
dlg_choose_room_area_to_configure,,Choose a room area to configure,اختر مساحة الغرفة لتكوينها,
dlg_focused_room_options,,Options for this room area,خيارات لمنطقة الغرفة هذه,
dlg_general,,General,عام,
dlg_name_and_icon,,Name and icon,الاسم والرمز,
dlg_header,,Header,رأس,
dlg_wallpaper_and_custom_color,,Wallpaper and custom color,ورق الجدران واللون المخصص,
dlg_badge_bar,,Badge bar,شريط الشارة,
dlg_alignment_and_display_options,,Alignment and display options,خيارات المحاذاة والعرض,
dlg_assign_room_to_floor,,Assign this room to a floor,قم بتخصيص هذه الغرفة للأرضية,
dlg_room_status,,Room status,حالة الغرفة,
dlg_room_status_summary,,"Media, activity, safety, and climate indicators",مؤشرات الإعلام والنشاط والسلامة والمناخ,
dlg_reimport_from_home_assistant,,Re-import from Home Assistant,إعادة الاستيراد من Home Assistant,don't translate Home Assistant
dlg_import_or_rebuild_rooms,,Import new rooms or rebuild every room,استيراد غرف جديدة أو إعادة بناء كل غرفة,
dlg_clear_rooms_view_action,,Clear rooms view,عرض الغرف الواضحة,
dlg_remove_imported_rooms_and_floors,,Remove imported rooms and floors,إزالة الغرف والأرضيات المستوردة,
dlg_room,,Room,غرفة,
dlg_split,,Split,ينقسم,
dlg_center,,Center,مركز,
dlg_doors,,Doors,أبواب,
dlg_windows,,Windows,ويندوز,
dlg_motion,,Motion,حركة,
dlg_presence,,Presence,حضور,
dlg_lights,,Lights,أضواء,
dlg_devices,,Devices,الأجهزة,
dlg_smoke,,Smoke,دخان,
dlg_gas,,Gas,الغاز,
dlg_fire,,Fire,نار,
dlg_full,,Full,ممتلىء,
dlg_half,,Half,نصف,
dlg_third,,Third,ثالث,
dlg_choose_vacuum_entity_instead,,Choose a vacuum entity instead,اختر كيانًا مفرغًا بدلاً من ذلك,
dlg_camera_live_page,,%1$d/%2$d · Live,%1$d/%2$d · مباشر,app fills in %1$d %2$d — keep them
dlg_weather,,Weather,طقس,
dlg_weather_state_clear_night,,Clear night,ليلة صافية,
dlg_weather_state_cloudy,,Cloudy,غائم,
dlg_weather_state_exceptional,,Exceptional,استثنائي,
dlg_weather_state_fog,,Fog,ضباب,
dlg_weather_state_hail,,Hail,يشيد,
dlg_weather_state_lightning,,Lightning,البرق,
dlg_weather_state_lightning_rainy,,Thunderstorms,العواصف الرعدية,
dlg_weather_state_partly_cloudy,,Partly cloudy,غائم جزئيا,
dlg_weather_state_pouring,,Pouring rain,هطول المطر,
dlg_weather_state_rainy,,Rainy,ممطر,
dlg_weather_state_snowy,,Snowy,ثلجي,
dlg_weather_state_snowy_rainy,,Sleet,صقيع,
dlg_weather_state_sunny,,Sunny,مشمس,
dlg_weather_state_windy,,Windy,عاصف,
dlg_weather_state_windy_variant,,Windy and cloudy,عاصف وغائم,
dlg_selected_entities_summary,one,%1$d selected · %2$s,%1$d تم التحديد · %2$s,app fills in %1$d %2$s — keep them
dlg_selected_entities_summary,other,%1$d selected · %2$s,%1$d تم التحديد · %2$s,app fills in %1$d %2$s — keep them
dlg_selected_entities_summary,zero,,%1$d تم التحديد · %2$s,
dlg_selected_entities_summary,two,,%1$d تم التحديد · %2$s,
dlg_selected_entities_summary,few,,%1$d تم التحديد · %2$s,
dlg_selected_entities_summary,many,,%1$d تم التحديد · %2$s,
dlg_action_data_value_summary,one,%1$s · %2$d data value,%1$s · %2$d قيمة البيانات,app fills in %1$s %2$d — keep them
dlg_action_data_value_summary,other,%1$s · %2$d data values,%1$s · %2$d قيم البيانات,app fills in %1$s %2$d — keep them
dlg_action_data_value_summary,zero,,%1$s · %2$d قيم البيانات,
dlg_action_data_value_summary,two,,%1$s · %2$d قيم البيانات,
dlg_action_data_value_summary,few,,%1$s · %2$d قيم البيانات,
dlg_action_data_value_summary,many,,%1$s · %2$d قيم البيانات,
dlg_seconds_short,one,%d sec,%d ثانية,app fills in %d — keep them
dlg_seconds_short,other,%d sec,%d ثانية,app fills in %d — keep them
dlg_seconds_short,zero,,%d ثانية,
dlg_seconds_short,two,,%d ثانية,
dlg_seconds_short,few,,%d ثانية,
dlg_seconds_short,many,,%d ثانية,
dlg_arming_in_seconds,one,Arming in %d second,يتم التسليح خلال %d ثانية,app fills in %d — keep them
dlg_arming_in_seconds,other,Arming in %d seconds,يتم التسليح خلال %d ثانية,app fills in %d — keep them
dlg_arming_in_seconds,zero,,يتم التسليح خلال %d ثانية,
dlg_arming_in_seconds,two,,يتم التسليح خلال %d ثانية,
dlg_arming_in_seconds,few,,يتم التسليح خلال %d ثانية,
dlg_arming_in_seconds,many,,يتم التسليح خلال %d ثانية,
energy_extra_sensors,,Energy sensors,أجهزة استشعار الطاقة,
energy_extra_settings,,Energy settings,إعدادات الطاقة,
energy_extra_previous_period,,Previous period,الفترة السابقة,
energy_extra_next_period,,Next period,الفترة القادمة,
energy_extra_empty_view_hint,,This energy view is empty. Swipe down on the header and open Energy settings to add entities manually.,عرض الطاقة هذا فارغ. اسحب لأسفل على رأس الصفحة وافتح إعدادات الطاقة لإضافة الكيانات يدويًا.,
energy_extra_electricity,,Electricity,كهرباء,
energy_extra_solar,,Solar,الشمسية,
energy_extra_home,,Home,بيت,
energy_extra_battery,,Battery,بطارية,
energy_extra_gas,,Gas,الغاز,
energy_extra_city_heating,,City heating,تدفئة المدينة,
energy_extra_water,,Water,ماء,
energy_extra_energy,,Energy,طاقة,
energy_extra_power,,Power,قوة,
energy_extra_carbon,,Carbon,الكربون,
energy_extra_devices,,Devices,الأجهزة,
energy_extra_device,,Device,جهاز,
energy_extra_importing,,Importing,استيراد,
energy_extra_exporting,,Exporting,تصدير,
energy_extra_idle,,Idle,عاطل,
energy_extra_charging,,Charging,الشحن,
energy_extra_discharging,,Discharging,التفريغ,
energy_extra_producing,,Producing,إنتاج,
energy_extra_consuming,,Consuming,استهلاك,
energy_extra_grid_idle,,Grid idle,الشبكة خاملة,
energy_extra_importing_power,,Importing power,استيراد الطاقة,
energy_extra_exporting_power,,Exporting power,تصدير الطاقة,
energy_extra_battery_supporting,,Battery supplying power,طاقة إمداد البطارية,
energy_extra_battery_charging,,Battery charging,شحن البطارية,
energy_extra_solar_producing,,Solar producing,إنتاج الطاقة الشمسية,
energy_extra_home_consuming,,Home consuming,استهلاك المنزل,
energy_extra_energy_idle,,Energy idle,الطاقة خاملة,
energy_extra_today_value,,%1$s today,%1$s اليوم,app fills in %1$s — keep them
energy_extra_used_period,,Used %1$s,مستعملة %1$s,app fills in %1$s — keep them
energy_extra_produced_period,,Produced %1$s,تم الإنتاج %1$s,app fills in %1$s — keep them
energy_extra_fossil_percentage,,%1$s%% fossil,%1$s%% أحفوري,app fills in %1$s — keep them
energy_extra_self_used_percentage,,Self-used · %1$d%%,مستخدم ذاتيًا · %1$d%%,app fills in %1$d — keep them
energy_extra_electricity_total,,Electricity total,إجمالي الكهرباء,
energy_extra_top_consumers,,Top consumers,كبار المستهلكين,
energy_extra_device_energy,,Device energy,طاقة الجهاز,
energy_extra_individual_water_usage,,Individual water usage,استخدام المياه الفردية,
energy_extra_production,,Production,إنتاج,
energy_extra_forecast,,Forecast,تنبؤ بالمناخ,
energy_extra_inverters,,Inverters,العاكسون,
energy_extra_now,,Now,الآن,
energy_extra_usage,,Usage,الاستخدام,
energy_extra_total,,Total,المجموع,
energy_extra_cost,,Cost,يكلف,
energy_extra_charge,,Charge,تكلفة,
energy_extra_grid_flow,,Grid flow,تدفق الشبكة,
energy_extra_self_sufficient,,Self-sufficient,مكتفية ذاتيا,
energy_extra_carbon_footprint,,Carbon footprint,البصمة الكربونية,
energy_extra_self_used,,Self-used,تستخدم ذاتيا,
energy_extra_last_seven_days,,Last 7 days,آخر 7 أيام,
energy_extra_lifetime,,Lifetime,حياة,
energy_extra_power_per_phase,,Power per phase,الطاقة لكل مرحلة,
energy_extra_tariff_meter_readings,,Tariff meter readings,قراءات عداد التعريفة,
energy_extra_tariff_one,,Tariff 1,التعريفة 1,
energy_extra_tariff_two,,Tariff 2,التعريفة 2,
energy_extra_solar_production,,Solar production,إنتاج الطاقة الشمسية,
energy_extra_category_overview,,Overview,ملخص,
energy_extra_category_electricity_subtitle,,"Grid power, phases, import/export, tariffs, and cost",طاقة الشبكة، المراحل، الاستيراد/التصدير، التعريفات، والتكلفة,
energy_extra_category_solar_subtitle,,"Production, forecast, and inverter device",جهاز الإنتاج والتنبؤ والعاكس,
energy_extra_category_battery_subtitle,,Charge level and battery power,مستوى الشحن وطاقة البطارية,
energy_extra_category_carbon_subtitle,,Grid carbon-footprint device,جهاز البصمة الكربونية للشبكة,
energy_extra_category_usage_cost_subtitle,,Usage and cost,الاستخدام والتكلفة,
energy_extra_category_devices_subtitle,,"Power, energy, and individual water devices",أجهزة الطاقة والطاقة والمياه الفردية,
energy_extra_category_city_heating_subtitle,,"Heat energy, current output, and cost",الطاقة الحرارية والإنتاج الحالي والتكلفة,
energy_extra_card_live_source_tiles,,Live source tiles,بلاط المصدر المباشر,
energy_extra_card_electricity_totals_usage,,Electricity totals and usage,إجمالي الكهرباء واستخداماتها,
energy_extra_card_home_battery,,Home battery,بطارية منزلية,
energy_extra_card_gas_usage,,Gas usage,استخدام الغاز,
energy_extra_card_city_heating_usage,,City-heating usage,استخدام تدفئة المدينة,
energy_extra_card_water_usage,,Water usage,استخدام المياه,
energy_extra_card_device_energy_bars,,Device energy bars,قضبان طاقة الجهاز,
energy_extra_select_energy_cards,,Select energy cards,حدد بطاقات الطاقة,
energy_extra_role_grid_power,,Grid power (W),قوة الشبكة (واط),
energy_extra_role_home_power,,Home power (W),الطاقة المنزلية (واط),
energy_extra_role_solar_power,,Solar power (W),الطاقة الشمسية (واط),
energy_extra_role_battery_power,,Battery power (W),طاقة البطارية (واط),
energy_extra_role_battery_level,,Battery level (%),مستوى البطارية (%),
energy_extra_role_grid_import,,Grid import (kWh),استيراد الشبكة (كيلوواط ساعة),
energy_extra_role_grid_export,,Grid export (kWh),تصدير الشبكة (كيلوواط ساعة),
energy_extra_role_solar_production,,Solar production (kWh),إنتاج الطاقة الشمسية (كيلوواط ساعة),
energy_extra_role_phase_one_power,,Phase 1 power,قوة المرحلة 1,
energy_extra_role_phase_two_power,,Phase 2 power,قوة المرحلة الثانية,
energy_extra_role_phase_three_power,,Phase 3 power,المرحلة 3 السلطة,
energy_extra_role_import_meter_tariff_one,,Import meter tariff 1,تعرفة استيراد العدادات 1,
energy_extra_role_import_meter_tariff_two,,Import meter tariff 2,تعرفة استيراد العدادات 2,
energy_extra_role_export_meter_tariff_one,,Export meter tariff 1,تعريفة عداد التصدير 1,
energy_extra_role_export_meter_tariff_two,,Export meter tariff 2,تعريفة عداد الصادرات 2,
energy_extra_role_energy_cost,,Energy cost,تكلفة الطاقة,
energy_extra_role_gas_total,,Gas total (m³),إجمالي الغاز (م³),
energy_extra_role_gas_flow_now,,Gas flow (now),تدفق الغاز (الآن),
energy_extra_role_gas_cost,,Gas cost,تكلفة الغاز,
energy_extra_role_water_total,,Water total,مجموع الماء,
energy_extra_role_water_flow_now,,Water flow (now),تدفق المياه (الآن),
energy_extra_role_water_cost,,Water cost,تكلفة المياه,
energy_extra_role_individual_water_devices,,Individual water devices,أجهزة المياه الفردية,
energy_extra_role_power_devices,,Power devices,أجهزة الطاقة,
energy_extra_role_energy_devices,,Energy devices,أجهزة الطاقة,
energy_extra_sensor_current_power_import,,"Current power (W, + = import)",الطاقة الحالية (W، + = استيراد),
energy_extra_sensor_power_phase_one,,Power phase 1 (W),مرحلة الطاقة 1 (وات),
energy_extra_sensor_power_phase_two,,Power phase 2 (W),مرحلة الطاقة 2 (وات),
energy_extra_sensor_power_phase_three,,Power phase 3 (W),مرحلة الطاقة 3 (وات),
energy_extra_sensor_current_phase_one,,Current phase 1 (A),المرحلة الحالية 1 (أ),
energy_extra_sensor_current_phase_two,,Current phase 2 (A),المرحلة الحالية 2 (أ),
energy_extra_sensor_current_phase_three,,Current phase 3 (A),المرحلة الحالية 3 (أ),
energy_extra_sensor_voltage_phase_one,,Voltage phase 1 (V),مرحلة الجهد 1 (الخامس),
energy_extra_sensor_voltage_phase_two,,Voltage phase 2 (V),مرحلة الجهد 2 (الخامس),
energy_extra_sensor_voltage_phase_three,,Voltage phase 3 (V),مرحلة الجهد 3 (الخامس),
energy_extra_sensor_home_consumption_power,,Home consumption power (W),طاقة استهلاك المنزل (وات),
energy_extra_sensor_energy_import,,Energy import (kWh),استيراد الطاقة (كيلوواط ساعة),
energy_extra_sensor_energy_import_tariff_one,,Energy import tariff 1 (kWh),تعريفة واردات الطاقة 1 (كيلوواط ساعة),
energy_extra_sensor_energy_import_tariff_two,,Energy import tariff 2 (kWh),تعرفة واردات الطاقة 2 (كيلوواط ساعة),
energy_extra_sensor_energy_export,,Energy export (kWh),تصدير الطاقة (كيلوواط ساعة),
energy_extra_sensor_energy_export_tariff_one,,Energy export tariff 1 (kWh),تعريفة تصدير الطاقة 1 (كيلوواط ساعة),
energy_extra_sensor_energy_export_tariff_two,,Energy export tariff 2 (kWh),تعريفة تصدير الطاقة 2 (كيلوواط ساعة),
energy_extra_sensor_energy_cost_today,,Energy cost today,تكلفة الطاقة اليوم,
energy_extra_sensor_current_power_production,,Current power production (W),إنتاج الطاقة الحالي (W),
energy_extra_sensor_energy_production_today,,Energy production today (kWh),إنتاج الطاقة اليوم (كيلوواط ساعة),
energy_extra_sensor_energy_production_seven_days,,Energy production over the last 7 days,إنتاج الطاقة خلال آخر 7 أيام,
energy_extra_sensor_lifetime_energy_production,,Lifetime energy production,إنتاج الطاقة مدى الحياة,
energy_extra_sensor_battery_power_charging,,"Battery power (W, + = charging)",طاقة البطارية (وات، + = الشحن),
energy_extra_sensor_gas_used_today,,Gas used today (m³),الغاز المستخدم اليوم (م³),
energy_extra_sensor_current_gas_flow,,"Current gas flow (m³/h, optional)",تدفق الغاز الحالي (م³/ساعة، اختياري),
energy_extra_sensor_gas_cost_today,,Gas cost today,تكلفة الغاز اليوم,
energy_extra_sensor_city_heating_total,,Heat energy total (J/MJ/GJ/kWh),إجمالي الطاقة الحرارية (J/MJ/GJ/kWh),
energy_extra_sensor_city_heating_current,,Current heat output (optional),خرج الحرارة الحالي (اختياري),
energy_extra_sensor_city_heating_cost,,City-heating cost,تكلفة التدفئة في المدينة,
energy_extra_estimated_gas_equivalent,,Estimated gas equivalent,مكافئ الغاز المقدر,
energy_extra_estimated_gas_note,,Based on 35.17 MJ per m³ of natural gas,على أساس 35.17 ميجا جول لكل متر مكعب من الغاز الطبيعي,
energy_extra_sensor_water_used_today,,Water used today (L/m³),المياه المستخدمة اليوم (لتر/م³),
energy_extra_sensor_current_water_flow,,"Current water flow (L/min, optional)",تدفق المياه الحالي (لتر/دقيقة، اختياري),
energy_extra_sensor_water_cost_today,,Water cost today,تكلفة المياه اليوم,
energy_extra_picker_top_consumer_devices,,Top-consumer devices,الأجهزة الاستهلاكية الأعلى,
energy_extra_picker_device_energy_counters,,Device energy counters,عدادات طاقة الجهاز,
energy_extra_auto_power_sensors_help,,All sensors with device_class power are included automatically. Remove a device to create your own list.,يتم تضمين كافة أجهزة الاستشعار ذات طاقة فئة_الجهاز تلقائيًا. قم بإزالة جهاز لإنشاء قائمتك الخاصة.,
energy_extra_auto_energy_sensors_help,,All sensors with device_class energy are included automatically. Their counter changes are used for the selected period.,يتم تضمين كافة أجهزة الاستشعار ذات طاقة فئة_الجهاز تلقائيًا. يتم استخدام تغييرات العداد الخاصة بهم للفترة المحددة.,
energy_extra_currency,,Currency,عملة,
energy_extra_currency_subtitle,,Which currency the cost stats are shown in,ما هي العملة التي تظهر بها إحصائيات التكلفة؟,
energy_extra_currency_search,,Search currencies,بحث في العملات,
energy_extra_currency_automatic,,Automatic,تلقائي,
energy_extra_currency_automatic_subtitle,,"Follow your cost sensors, then your device region",اتبع أجهزة استشعار التكلفة الخاصة بك، ثم منطقة جهازك,
energy_extra_currency_automatic_value,,Automatic (%1$s),تلقائي (%1$s),app fills in %1$s — keep them
energy_extra_energy_card,,Energy card,بطاقة الطاقة,
energy_extra_energy_card_subtitle,,Data sources and card appearance,مصادر البيانات ومظهر البطاقة,
energy_extra_card_and_data,,Card and data,البطاقة والبيانات,
energy_extra_energy_stack,,Energy stack,كومة الطاقة,
energy_extra_energy_stack_subtitle,,"Cards, data sources, and layout",البطاقات ومصادر البيانات والتخطيط,
energy_extra_cards_and_data,,Cards and data,البطاقات والبيانات,
events_tab,,Events,الأحداث,
events_empty,,No events yet,لا توجد أحداث حتى الآن,
events_empty_hint,,Recent activity for the entities your family admin added to the timeline appears here.,يظهر هنا النشاط الأخير للكيانات التي أضافها مسؤول عائلتك إلى المخطط الزمني.,
events_not_configured,,No events are being tracked,لا يتم تعقب أي أحداث,
events_not_configured_admin,,Choose which entities appear here in Settings › Family Sharing › Events.,اختر الكيانات التي تظهر هنا في الإعدادات › المشاركة العائلية › الأحداث.,
events_not_configured_member,,Your family admin decides which entities appear here.,يقرر مسؤول العائلة الكيانات التي تظهر هنا.,
events_unavailable,,The event timeline needs HKI 7 Cloud %1$s.,يحتاج الجدول الزمني للحدث إلى HKI 7 Cloud %1$s.,app fills in %1$s — keep them; don't translate HKI 7 Cloud
events_set_up_button,,Choose entities,اختر الكيانات,
events_no_matches,,No matching events,لا توجد أحداث مطابقة,
events_loading,,Loading events…,جارٍ تحميل الأحداث…,
events_today,,Today,اليوم,
events_yesterday,,Yesterday,أمس,
events_by,,by %1$s,بواسطة %1$s,app fills in %1$s — keep them
events_filter_all,,All,الجميع,
event_category_door,,Doors,أبواب,
event_category_window,,Windows,ويندوز,
event_category_motion,,Motion,حركة,
event_category_moisture,,Water,ماء,
event_category_safety,,Smoke & gas,الدخان والغاز,
event_category_problem,,Problems,مشاكل,
event_category_battery,,Batteries,البطاريات,
event_category_connectivity,,Connectivity,الاتصال,
event_category_light,,Lights,أضواء,
event_category_switch,,Switches,مفاتيح,
event_category_lock,,Locks,أقفال,
event_category_cover,,Covers,يغطي,
event_category_climate,,Climate,مناخ,
event_category_presence,,People,الناس,
event_category_alarm,,Alarm,إنذار,
event_category_media,,Media,وسائط,
event_category_vacuum,,Vacuum,مكنسة,
event_category_automation,,Automations,الأتمتة,
event_category_sensor,,Sensors,أجهزة الاستشعار,
event_verb_opened,,was opened,تم فتحه,
event_verb_closed,,was closed,كان مغلقا,
event_verb_opening,,is opening,مفتوح,
event_verb_closing,,is closing,يتم إغلاقه,
event_verb_locked,,was locked,كان مقفلا,
event_verb_unlocked,,was unlocked,تم فتحه,
event_verb_motion_detected,,detected motion,الحركة المكتشفة,
event_verb_motion_cleared,,stopped detecting motion,توقف عن اكتشاف الحركة,
event_verb_moisture_detected,,detected moisture,الرطوبة المكتشفة,
event_verb_moisture_cleared,,is dry again,يجف مرة أخرى,
event_verb_alarm_detected,,raised an alarm,أثار ناقوس الخطر,
event_verb_alarm_cleared,,cleared,مسح,
event_verb_problem_detected,,reported a problem,ذكرت مشكلة,
event_verb_problem_cleared,,is back to normal,عاد إلى طبيعته,
event_verb_battery_low,,reported a low battery,ذكرت بطارية منخفضة,
event_verb_battery_normal,,has a healthy battery again,لديه بطارية صحية مرة أخرى,
event_verb_connected,,came online,جاء على الانترنت,
event_verb_disconnected,,went offline,أصبح غير متصل بالإنترنت,
event_verb_turned_on,,was turned on,تم تشغيله,
event_verb_turned_off,,was turned off,تم إيقافه,
event_verb_detected,,was triggered,تم تشغيله,
event_verb_cleared,,cleared,مسح,
event_verb_arrived_home,,arrived home,وصل إلى المنزل,
event_verb_left_home,,left home,غادر المنزل,
event_verb_arrived_at,,arrived at %1$s,وصلت إلى %1$s,app fills in %1$s — keep them
event_verb_disarmed,,was disarmed,تم نزع سلاحه,
event_verb_armed,,was armed,كان مسلحا,
event_verb_arming,,is arming,يتسلح,
event_verb_pending,,is counting down,هو العد التنازلي,
event_verb_triggered,,was triggered,تم تشغيله,
event_verb_set_to,,was set to %1$s,تم ضبطه على %1$s,app fills in %1$s — keep them
event_verb_started_cleaning,,started cleaning,بدأ التنظيف,
event_verb_returning_to_dock,,is returning to its dock,يعود إلى قفص الاتهام الخاص به,
event_verb_docked,,docked,رست,
event_verb_started_playing,,started playing,بدأ اللعب,
event_verb_paused,,was paused,تم إيقافه مؤقتًا,
event_verb_stopped,,stopped,توقف,
event_verb_generic,,changed to %1$s,تم التغيير إلى %1$s,app fills in %1$s — keep them
ui_1_advanced_shorthand_block_kept_unchanged_d4dcbd7,,1 advanced shorthand block (kept unchanged),1 كتلة مختصرة متقدمة (تظل دون تغيير),
ui_1f_kwh_self_used_b4798a5,, · %%.1f kWh self-used (%1$s%%%%),· %%.1f كيلووات ساعة ذاتي الاستخدام (%1$s%%%%),app fills in %1$s — keep them; keep the space at the start/end
ui_1f_of_1f_kwh_d_00c25f6,,%.1f of %.1f kWh · %d%%,%.1f من %.1f كيلووات ساعة · %d%%,app fills in %.1f %d — keep them
ui_24_hour_format_b195a8f,,24-Hour Format,تنسيق 24 ساعة,
ui_a_fast_auto_generating_dashboard_for_home_assistant_let_0fad4a9,,"A fast, auto-generating dashboard for Home Assistant\nLet's connect to your server.",لوحة تحكم سريعة يتم إنشاؤها تلقائيًا لـ Home Assistant\nدعونا نتصل بالخادم الخاص بك.,don't translate Home Assistant; \n = line break
ui_a_modern_touch_first_android_dashboard_and_companion_for_814cbdb,,"A modern, touch-first Android dashboard and companion for Home Assistant.",لوحة تحكم Android حديثة تعمل باللمس ورفيق لـ Home Assistant.,don't translate Home Assistant
ui_about_6b21fb7,,About,عن,
ui_accidental_touch_protection_e2683f4,,Accidental-touch protection,الحماية من اللمس العرضي,
ui_account_85dfa32,,Account,حساب,
ui_action_49924bc,,%1$s action,%1$s الإجراء,app fills in %1$s — keep them
ui_action_97c89a4,,Action,فعل,
ui_action_data_e5a7704,,Action data,بيانات العمل,
ui_action_data_object_8850c05,,Action data object,كائن بيانات الإجراء,
ui_action_details_d623b1c,,Action details,تفاصيل العمل,
ui_active_0af2854,,%1$s · %2$s active,%1$s · %2$s نشط,app fills in %1$s %2$s — keep them
ui_active_25ff32f,,%1$s/%2$s active,%1$s/%2$s نشط,app fills in %1$s %2$s — keep them
ui_active_a733b80,,Active,نشيط,
ui_active_c7260b5,,%1$s%% • ACTIVE,%1$s%% • نشط,app fills in %1$s — keep them
ui_active_connection_54db7a1,,Active connection,اتصال نشط,
ui_activity_81c0d91,,Activity,نشاط,
ui_activity_indication_and_collapsing_0764a94,,Activity indication and collapsing,مؤشر النشاط والانهيار,
ui_adapt_now_c30eb08,,Adapt now,التكيف الآن,
ui_adaptive_lighting_7587880,,Adaptive lighting,الإضاءة التكيفية,
ui_adaptive_lighting_e2cffbd,,Adaptive Lighting,الإضاءة التكيفية,
ui_adaptive_lighting_is_unavailable_6b9ada3,,Adaptive Lighting is unavailable,الإضاءة التكيفية غير متوفرة,
ui_add_016df71,,Add (%1$s),إضافة (%1$s),app fills in %1$s — keep them
ui_add_4_10_entity_buttons_to_this_dialog_s_cdedf23,,Add 4–10 entity buttons to this dialog's nav bar.,أضف 4 إلى 10 أزرار كيان إلى شريط التنقل في مربع الحوار هذا.,
ui_add_61cc55a,,Add,يضيف,
ui_add_and_edit_each_chart_in_this_stack_0c0cb11,,Add and edit each chart in this stack,قم بإضافة وتحرير كل مخطط في هذه المكدس,
ui_add_at_least_one_step_3620909,,Add at least one step,أضف خطوة واحدة على الأقل,
ui_add_button_3d7db43,,Add button,إضافة زر,
ui_add_camera_cf03528,,Add Camera,أضف الكاميرا,
ui_add_carrier_device_7945283,,Add carrier device,إضافة جهاز الناقل,
ui_add_current_network_64cabf3,,"Add current network ""%1$s""","إضافة الشبكة الحالية ""%1$s""",app fills in %1$s — keep them
ui_add_custom_buttons_83a0768,,Add Custom Buttons,إضافة أزرار مخصصة,
ui_add_custom_camera_url_aab29ef,,Add Custom Camera URL,أضف عنوان URL المخصص للكاميرا,
ui_add_entities_333152e,,Add entities,إضافة كيانات,
ui_add_entity_f99dc1d,,Add entity,إضافة كيان,
ui_add_every_integration_account_that_should_contribute_parce_ce58afb,,Add every integration account that should contribute parcels,أضف كل حساب تكامل يجب أن يساهم بالطرود,
ui_add_floor_63c715d,,Add Floor,أضف أرضية,
ui_add_graph_079e4ca,,Add graph,إضافة الرسم البياني,
ui_add_home_assistant_a6ccea8,,Add Home Assistant,إضافة Home Assistant,don't translate Home Assistant
ui_add_home_assistant_instance_625838a,,Add Home Assistant instance,أضف مثيل Home Assistant,don't translate Home Assistant
ui_add_individual_water_meters_to_compare_their_usage_daec0de,,Add individual water meters to compare their usage.,أضف عدادات المياه الفردية لمقارنة استخدامها.,
ui_add_instance_step_df337b3,,add_instance_step,add_instance_step,
ui_add_more_for_a_full_row_ed977e3,,Add %1$s more for a full row.,أضف %1$s المزيد لصف كامل.,app fills in %1$s — keep them
ui_add_one_focused_card_c2f2ed8,,Add one focused card,أضف بطاقة مركزة واحدة,
ui_add_or_edit_entities_b59919b,,Add or edit entities,إضافة أو تحرير الكيانات,
ui_add_parcel_82c0bf8,,Add parcel,إضافة الطرود,
ui_add_parcel_bde8afb,,Add Parcel,إضافة الطرود,
ui_add_room_5a95991,,Add Room,أضف غرفة,
ui_add_sensors_d6df16f,,Add sensors,إضافة أجهزة الاستشعار,
ui_add_to_cd52e85,,Add to %1$s,إضافة إلى %1$s,app fills in %1$s — keep them
ui_add_widget_a9df350,,Add Widget,إضافة القطعة,
ui_add_widget_dd4416e,,Add widget,إضافة القطعة,
ui_adding_ffb2e62,,Adding…,جارٍ الإضافة…,
ui_admin_b38222e,,%1$s (admin),%1$s (المسؤول),app fills in %1$s — keep them
ui_administrative_controls_for_your_home_assistant_server_e56ebd9,,Administrative controls for your Home Assistant server,الضوابط الإدارية لخادم Home Assistant الخاص بك,don't translate Home Assistant
ui_advanced_4d06472,,Advanced,متقدم,
ui_advanced_action_data_json_622e363,,Advanced action data (JSON),بيانات الإجراء المتقدمة (JSON),
ui_advanced_shorthand_blocks_kept_unchanged_aa253ae,,%1$s advanced shorthand blocks (kept unchanged),%1$s كتل مختصرة متقدمة (تظل دون تغيير),app fills in %1$s — keep them
ui_aesthetic_changes_only_f31f444,,Aesthetic changes only,التغييرات الجمالية فقط,
ui_aggregate_carriers_eae26c7,,Aggregate carriers,ناقلات المجمعة,
ui_agree_ee68d34,,Agree,يوافق,
ui_air_circulating_273e82b,,Air circulating,تداول الهواء,
ui_air_circulation_devices_a14e95d,,Air circulation devices,أجهزة دوران الهواء,
ui_air_cleaning_devices_4364277,,Air cleaning devices,أجهزة تنظيف الهواء,
ui_air_purifiers_476147b,,Air purifiers,أجهزة تنقية الهواء,
ui_air_purifiers_are_fan_entities_in_home_assistant_so_3fa4fdb,,"Air purifiers are fan entities in Home Assistant, so they can't be auto-detected. Select yours here.",أجهزة تنقية الهواء هي كيانات مروحية في Home Assistant، لذا لا يمكن اكتشافها تلقائيًا. اختر لك هنا.,don't translate Home Assistant
ui_airphase_1f2d2b6,,airPhase,airPhase,
ui_alarm_25f8c55,,Alarm,إنذار,
ui_alarm_entities_b462ba5,,Alarm entities,كيانات الإنذار,
ui_alarm_pending_e2c04aa,,Alarm pending,إنذار معلق,
ui_alarm_triggered_641ff6f,,Alarm triggered,تم إطلاق الإنذار,
ui_alarm_unavailable_867909b,,Alarm unavailable,التنبيه غير متاح,
ui_alignment_7f8c517,,Alignment,تنسيق,
ui_all_6a72085,,All,الجميع,
ui_all_batteries_ok_9676f73,,All batteries OK,جميع البطاريات سليمة,
ui_all_calendar_entities_bffb01d,,All calendar entities,كافة كيانات التقويم,
ui_all_levels_6b4fde3,,All levels,جميع المستويات,
ui_all_off_97b7833,,All off,كل شيء خارج,
ui_all_thermostats_59c8297,,All thermostats,جميع منظمات الحرارة,
ui_all_types_30c8a0f,,All types,جميع الأنواع,
ui_allow_all_the_time_d91ab85,,Allow All The Time,السماح طوال الوقت,
ui_allow_editing_24f2b54,,Allow editing,السماح بالتحرير,
ui_allow_theme_colors_icons_names_and_wallpaper_but_not_efc8a97,,"Allow theme, colors, icons, names and wallpaper — but not adding or removing widgets, buttons or rooms",السماح بالموضوع والألوان والأيقونات والأسماء وخلفية الشاشة، ولكن لا يجوز إضافة أو إزالة الأدوات أو الأزرار أو الغرف,
ui_always_a91bcce,,Always,دائماً,
ui_an_admin_can_share_one_dashboard_with_the_whole_5a5434d,,"An admin can share one dashboard with the whole family so everyone gets the same layout. To use it, an admin needs to install the HKI 7 Cloud component and share a dashboard first.",يمكن للمسؤول مشاركة لوحة تحكم واحدة مع جميع أفراد العائلة حتى يحصل الجميع على نفس التخطيط. لاستخدامه، يحتاج المسؤول إلى تثبيت مكون HKI 7 Cloud ومشاركة لوحة المعلومات أولاً.,don't translate HKI 7 Cloud
ui_an_admin_needs_to_install_the_hki_7_cloud_0e9241b,,An admin needs to install the HKI 7 Cloud component and share a dashboard first.,يحتاج المسؤول إلى تثبيت مكون HKI 7 Cloud ومشاركة لوحة المعلومات أولاً.,don't translate HKI 7 Cloud
ui_android_location_permission_2ff3839,,Android Location Permission,إذن تحديد الموقع على Android,
ui_animated_icons_aa39cfe,,Animated icons,أيقونات متحركة,
ui_animation_62afd21,,Animation,الرسوم المتحركة,
ui_announced_letter_3a7ac05,,Announced letter,خطاب معلن,
ui_any_state_c7274cb,,Any state,أي دولة,
ui_appearance_41def7a,,Appearance,مظهر,
ui_applies_to_all_dashboard_buttons_widgets_stacks_rooms_and_9715deb,,"Applies to all dashboard buttons, widgets, stacks, rooms, and cards.",ينطبق على جميع أزرار لوحة المعلومات، والأدوات، والمكدسات، والغرف، والبطاقات.,
ui_apply_cfea419,,Apply,يتقدم,
ui_archived_eddc813,,Archived,مؤرشف,
ui_are_you_sure_you_want_to_clear_battery_config_3e19f24,,Are you sure you want to clear battery config?,هل أنت متأكد أنك تريد مسح تكوين البطارية؟,
ui_armed_32caa31,,Armed,مسلح,
ui_armed_away_6834abf,,Armed away,مسلح بعيدا,
ui_armed_home_c8d0b44,,Armed home,منزل مسلح,
ui_armed_night_80659bd,,Armed night,ليلة مسلحة,
ui_arming_in_seconds_b9e07a8,,Arming in %1$s seconds,يتم التسليح خلال %1$s ثانية,app fills in %1$s — keep them
ui_aspect_ratio_4e077cf,,Aspect ratio,نسبة الارتفاع,
ui_aspect_ratio_used_by_every_stream_275bb52,,Aspect ratio used by every stream,نسبة العرض إلى الارتفاع المستخدمة في كل تيار,
ui_astronomical_tap_or_swipe_683fe28,,Astronomical · tap or swipe,فلكي · اضغط أو اسحب,
ui_at_target_6a8dbb5,,At target,في الهدف,
ui_auto_c614ba7,,Auto,آلي,
ui_auto_dashboard_c7a509a,,Auto dashboard,لوحة القيادة التلقائية,
ui_auto_discovered_e0643da,,Auto-discovered,تم اكتشافه تلقائيًا,
ui_auto_generate_0f86c24,,Auto Generate,إنشاء تلقائي,
ui_auto_generate_1502534,,Auto generate,توليد تلقائي,
ui_auto_generation_is_a_one_time_starting_point_the_6b317fe,,"Auto generation is a one-time starting point. The Home page starts empty in either mode, and you can re-import Home Assistant data later from individual views.",يعد التوليد التلقائي نقطة بداية لمرة واحدة. تبدأ الصفحة الرئيسية فارغة في أي من الوضعين، ويمكنك إعادة استيراد بيانات Home Assistant لاحقًا من طرق العرض الفردية.,don't translate Home Assistant
ui_auto_manual_342b68e,,Auto + %1$s manual,تلقائي + %1$s يدوي,app fills in %1$s — keep them
ui_auto_none_f606e9b,,Auto / none,تلقائي / لا يوجد,
ui_auto_scan_150eb4b,,Auto-scan,المسح التلقائي,
ui_auto_unavailable_33737ba,,Auto / unavailable,تلقائي / غير متاح,
ui_automatic_cloud_backup_494d882,,Automatic cloud backup,النسخ الاحتياطي السحابي التلقائي,
ui_automatic_configuration_only_battery_class_percentage_sens_ce9ab03,,Automatic configuration: only battery-class percentage sensors are included.,التكوين التلقائي: يتم تضمين أجهزة استشعار النسبة المئوية لفئة البطارية فقط.,
ui_automatic_local_cloud_backup_7aef407,,Automatic local cloud backup,النسخ الاحتياطي السحابي المحلي التلقائي,
ui_automatic_paging_and_transition_style_792709a,,Automatic paging and transition style,الترحيل التلقائي ونمط الانتقال,
ui_automatically_backs_up_your_dashboard_and_appearance_setti_cd89812,,"Automatically backs up your dashboard and appearance settings to your own Home Assistant every day, so you can restore them any time. Requires the HKI 7 Cloud custom component (install it via HACS).",يتم إجراء نسخ احتياطي تلقائيًا لإعدادات لوحة التحكم والمظهر إلى Home Assistant الخاصة بك كل يوم، حتى تتمكن من استعادتها في أي وقت. يتطلب المكون المخصص HKI 7 Cloud (تثبيته عبر HACS).,"don't translate HKI 7 Cloud, Home Assistant"
ui_automation_a15fde5,,Automation,الأتمتة,
ui_automations_even_when_the_app_is_closed_or_not_d27e5b1,,"automations, even when the app is closed or not in use.\n\n",التشغيل الآلي، حتى عندما يكون التطبيق مغلقًا أو غير مستخدم.,\n = line break
ui_autoplay_95619b5,,Autoplay,التشغيل التلقائي,
ui_average_93a8018,,average,متوسط,
ui_azimuth_d2fbdb3,,Azimuth,السمت,
ui_back_b52b36b,,Back,خلف,
ui_back_up_now_527bf1a,,Back up now,قم بالنسخ الاحتياطي الآن,
ui_background_image_url_or_path_dfc4908,,Background image (URL or path),صورة الخلفية (عنوان URL أو المسار),
ui_background_location_5f56f21,,Background location,موقع الخلفية,
ui_background_notifications_563a463,,Background notifications,إخطارات الخلفية,
ui_background_usage_fd8ed73,,Background Usage,استخدام الخلفية,
ui_backing_up_f600558,,Backing up…,جارٍ الاحتفاظ بنسخة احتياطية…,
ui_backspace_88d130a,,Backspace,مسافة للخلف,
ui_backup_and_restore_a593246,,Backup and Restore,النسخ الاحتياطي والاستعادة,
ui_backup_dd96994,,Backup,النسخ الاحتياطي,
ui_backups_contain_dashboard_and_appearance_configuration_onl_d5856be,,"Backups contain dashboard and appearance configuration only. Connection details, app permissions, location state, and notification history are not included.",تحتوي النسخ الاحتياطية على لوحة القيادة وتكوين المظهر فقط. لا يتم تضمين تفاصيل الاتصال وأذونات التطبيق وحالة الموقع وسجل الإشعارات.,
ui_badge_bar_layout_4b4dfdd,,Badge bar layout,تخطيط شريط الشارة,
ui_bars_ad5fb3b,,Bars,الحانات,
ui_batt_679d0aa,,Batt,بات,
ui_batteries_0970f9d,,Batteries,البطاريات,
ui_battery_4a9be04,,Battery,بطارية,
ui_battery_74dff99,,Battery: %1$s,البطارية: %1$s,app fills in %1$s — keep them
ui_battery_attention_0feaa08,,battery-attention,الاهتمام بالبطارية,
ui_battery_battery_notes_only_14e5936,,Battery+ / Battery Notes only,البطارية+ / ملاحظات البطارية فقط,
ui_battery_energy_25638f8,,battery-energy,طاقة البطارية,
ui_battery_entities_visible_9299588,,%1$s battery entities visible,%1$s كيانات البطارية مرئية,app fills in %1$s — keep them
ui_battery_fill_8b6793e,,battery-fill,ملء البطارية,
ui_battery_health_12c0ce4,,BATTERY HEALTH,صحة البطارية,
ui_battery_health_8cc8e64,,BATTERY+ HEALTH,البطارية + الصحة,
ui_battery_level_is_healthy_1de4c4f,,Battery level is healthy,مستوى البطارية صحي,
ui_battery_levels_7c61b65,,Battery Levels,مستويات البطارية,
ui_battery_optimization_7676ca5,,Battery Optimization,تحسين البطارية,
ui_battery_orbit_9aa5d8c,,battery-orbit,مدار البطارية,
ui_battery_rules_be75b3c,,Battery rules,قواعد البطارية,
ui_battery_sensor_optional_0e261e6,,Battery sensor (optional),مستشعر البطارية (اختياري),
ui_behavior_70cb647,,Behavior,سلوك,
ui_birthday_yyyy_mm_dd_d1a9b03,,Birthday (YYYY-MM-DD),عيد الميلاد (YYYY-MM-DD),
ui_bold_100_1b94255,,Bold (+100),غامق (+100),
ui_bolder_200_9cc5d65,,Bolder (+200),أكثر جرأة (+200),
ui_boldest_300_c5a490d,,Boldest (+300),الأكثر جرأة (+300),
ui_boldness_10b6938,,Boldness · %1$s,الجرأة · %1$s,app fills in %1$s — keep them
ui_brand_and_third_party_work_8d6d517,,Brand and third-party work,العلامة التجارية وعمل الطرف الثالث,
ui_brightness_222d6d5,,%1$s brightness,%1$s السطوع,app fills in %1$s — keep them
ui_brightness_8e06ad0,,BRIGHTNESS,سطوع,
ui_brightness_slider_a427c80,,Brightness slider,شريط تمرير السطوع,
ui_build_the_interface_entirely_your_way_e94582f,,Build the interface entirely your way.,قم ببناء الواجهة بالكامل على طريقتك.,
ui_building_your_dashboard_2943961,,Building your dashboard,بناء لوحة القيادة الخاصة بك,
ui_built_in_20f409c,,Built-in,مدمج,
ui_button_794145f,,Button,زر,
ui_button_image_2483e32,,Button image,صورة الزر,
ui_button_lock_28d87b1,,Button lock,قفل الزر,
ui_button_stack_ee9e7f8,,Button Stack,كومة الأزرار,
ui_button_type_890a578,,Button type,نوع الزر,
ui_buttons_available_from_this_person_s_detail_dialog_ab3f9f9,,Buttons available from this person's detail dialog,الأزرار المتوفرة في مربع حوار التفاصيل الخاص بهذا الشخص,
ui_calendar_content_1f185c8,,Calendar content,محتوى التقويم,
ui_calendars_9444501,,Calendars,التقاويم,
ui_camera_4da9c9a,,Camera,آلة تصوير,
ui_camera_aspect_ratio_928bf09,,Camera aspect ratio,نسبة أبعاد الكاميرا,
ui_camera_display_20a9c82,,Camera display,عرض الكاميرا,
ui_camera_feed_cc1f19e,,Camera Feed,تغذية الكاميرا,
ui_camera_page_6b1987b,,camera_page,صفحة الكاميرا,
ui_camera_stack_645ea0f,,Camera Stack,كومة الكاميرا,
ui_camera_url_0eebe87,,Camera URL,عنوان URL للكاميرا,
ui_cameras_d3daff3,,Cameras,الكاميرات,
ui_camerascan_00bd2cb,,cameraScan,com.cameraScan,
ui_can_t_reach_the_server_73079bd,,Can't reach the server,لا يمكن الوصول إلى الخادم,
ui_cancel_77dfd21,,Cancel,يلغي,
ui_cancel_arming_5d383c8,,Cancel arming,إلغاء التسليح,
ui_card_4d4ce73,,Card,بطاقة,
ui_card_data_4a42176,,Card & data,البطاقة والبيانات,
ui_card_entities_e548a55,,Card & entities,البطاقة والكيانات,
ui_card_layout_f83b655,,Card layout,تخطيط البطاقة,
ui_card_settings_1a3b62a,,Card settings,إعدادات البطاقة,
ui_card_shape_and_width_0d513f7,,Card shape and width,شكل البطاقة وعرضها,
ui_card_shape_width_and_background_e4aff1c,,"Card shape, width, and background",شكل البطاقة وعرضها وخلفيتها,
ui_card_size_shape_and_background_df75707,,"Card size, shape, and background",حجم البطاقة وشكلها وخلفيتها,
ui_card_width_icon_and_styling_de70fd8,,"Card width, icon, and styling",عرض البطاقة والرمز والتصميم,
ui_card_width_shape_icon_and_background_c3695b5,,"Card width, shape, icon, and background",عرض البطاقة وشكلها ورمزها وخلفيتها,
ui_cards_0f830bc,,Cards,بطاقات,
ui_cards_data_a33e044,,Cards & data,البطاقات والبيانات,
ui_cards_entities_be4393a,,Cards & entities,البطاقات والكيانات,
ui_carrier_accounts_20ad36c,,Carrier accounts,حسابات الناقل,
ui_carrier_devices_9927ae1,,Carrier devices,أجهزة الناقل,
ui_carrier_display_name_optional_5ca06fc,,Carrier display name (optional),اسم عرض الناقل (اختياري),
ui_center_adapt_now_and_pause_buttons_81074b2,,Center Adapt now and Pause buttons,مركز التكيف الآن وأزرار الإيقاف المؤقت,
ui_change_64fbd99,,Change,يتغير,
ui_change_avatar_image_217fbce,,Change avatar image,تغيير الصورة الرمزية,
ui_changing_mode_3da68b4,,Changing mode,تغيير الوضع,
ui_charge_flow_ceb6c62,,Charge & flow,الشحن والتدفق,
ui_chart_66c7734,,Chart,جدول,
ui_checking_for_shared_dashboards_5f2f823,,Checking for shared dashboards…,جارٍ التحقق من لوحات المعلومات المشتركة…,
ui_checking_for_the_hki_7_cloud_component_c76112a,,Checking for the HKI 7 Cloud component…,جارٍ التحقق من مكون HKI 7 Cloud...,don't translate HKI 7 Cloud
ui_choose_78b7c9f,,Choose,يختار,
ui_choose_a_different_server_47e6ce6,,Choose a different server,اختر خادمًا مختلفًا,
ui_choose_a_side_when_the_badge_bar_is_split_6e3c73d,,Choose a side when the badge bar is split,اختر جانبًا عند تقسيم شريط الشارة,
ui_choose_a_state_7ab7191,,Choose a state,اختر دولة,
ui_choose_a_visual_home_assistant_block_e7c8652,,Choose a visual Home Assistant block,اختر كتلة Home Assistant المرئية,don't translate Home Assistant
ui_choose_action_cf9c80e,,Choose action,اختر الإجراء,
ui_choose_an_action_e82323b,,Choose an action,اختر إجراءً,
ui_choose_an_entity_00fd1cc,,Choose an entity,اختر كيانًا,
ui_choose_an_entity_first_d59e681,,Choose an entity first,اختر كيانًا أولاً,
ui_choose_an_expanded_or_compact_dashboard_header_815902d,,Choose an expanded or compact dashboard header,اختر رأس لوحة معلومات موسعة أو مدمجة,
ui_choose_avatar_image_bcd5b00,,Choose avatar image,اختر الصورة الرمزية,
ui_choose_between_the_full_header_and_a_compact_navigation_90ec55e,,Choose between the full header and a compact navigation bar,اختر بين الرأس الكامل وشريط التنقل المدمج,
ui_choose_entity_31b0424,,Choose entity,اختر الكيان,
ui_choose_how_this_phone_or_tablet_appears_in_home_419da67,,Choose how this phone or tablet appears in Home Assistant,اختر كيفية ظهور هذا الهاتف أو الجهاز اللوحي في Home Assistant,don't translate Home Assistant
ui_choose_icon_b0047ce,,Choose icon,اختر أيقونة,
ui_choose_included_cards_and_shared_entity_overrides_a507343,,Choose included cards and shared entity overrides,اختر البطاقات المضمنة وتجاوزات الكيانات المشتركة,
ui_choose_included_views_and_shared_entity_overrides_41f2e64,,Choose included views and shared entity overrides,اختر طرق العرض المضمنة وتجاوزات الكيان المشترك,
ui_choose_one_or_more_carrier_devices_in_widget_settings_100a4ca,,Choose one or more carrier devices in widget settings.,اختر واحدًا أو أكثر من أجهزة الناقل في إعدادات القطعة.,
ui_choose_person_entity_977db64,,Choose person entity,اختر كيان الشخص,
ui_choose_the_climate_view_and_optional_entity_overrides_a69cbbc,,Choose the climate view and optional entity overrides,اختر عرض المناخ وتجاوزات الكيان الاختيارية,
ui_choose_the_energy_view_and_override_its_entities_if_523c3be,,Choose the energy view and override its entities if needed,اختر عرض الطاقة وتجاوز كياناتها إذا لزم الأمر,
ui_choose_the_entity_and_card_content_8bde89a,,Choose the entity and card content,اختر الكيان ومحتوى البطاقة,
ui_choose_the_home_assistant_entities_that_drive_this_room_53a4061,,Choose the Home Assistant entities that drive this room's live indicators. Indicators only appear while they are active.,اختر كيانات Home Assistant التي تقود المؤشرات المباشرة لهذه الغرفة. تظهر المؤشرات فقط عندما تكون نشطة.,don't translate Home Assistant
ui_choose_the_home_assistant_shown_in_hki_7_b29bc26,,Choose the Home Assistant shown in HKI 7,اختر Home Assistant الموضح في HKI 7,"don't translate Home Assistant, HKI 7"
ui_choose_the_player_and_dashboard_label_7fa88ba,,Choose the player and dashboard label,اختر تسمية المشغل ولوحة المعلومات,
ui_choose_the_profile_for_this_light_d8c7bae,,Choose the profile for this light,اختر ملف التعريف لهذا الضوء,
ui_choose_the_sensors_plotted_together_3bc1663,,Choose the sensors plotted together,اختر أجهزة الاستشعار المرسومة معًا,
ui_choose_the_source_and_when_a_battery_is_considered_0b993df,,Choose the source and when a battery is considered low,اختر المصدر ومتى تعتبر البطارية منخفضة,
ui_choose_what_tap_double_tap_and_hold_should_do_0bbe9c8,,"Choose what tap, double tap, and hold should do",اختر ما يجب أن يفعله النقر، ثم انقر نقرًا مزدوجًا مع الاستمرار,
ui_choose_what_this_action_should_control_7ebe4ab,,Choose what this action should control,اختر ما يجب أن يتحكم فيه هذا الإجراء,
ui_choose_what_this_badge_summarizes_a7af7e6,,Choose what this badge summarizes,اختر ما تلخصه هذه الشارة,
ui_choose_what_this_header_pill_shows_0bbdbc2,,Choose what this header pill shows,اختر ما تظهره حبة الرأس هذه,
ui_choose_where_to_restore_the_dashboard_configuration_from_bb40b34,,Choose where to restore the dashboard configuration from.,اختر المكان الذي تريد استعادة تكوين لوحة المعلومات منه.,
ui_choose_whether_this_person_appears_in_the_home_header_49f0ec2,,Choose whether this person appears in the Home header,اختر ما إذا كان هذا الشخص سيظهر في رأس الصفحة الرئيسية,
ui_choose_which_profiles_this_widget_can_control_2cd9b2b,,Choose which profiles this widget can control,اختر الملفات الشخصية التي يمكن لهذه الأداة التحكم فيها,
ui_choose_who_can_see_this_dashboard_they_can_import_2f5e49d,,Choose who can see this dashboard. They can import it into their own app.,اختر من يمكنه رؤية لوحة التحكم هذه. يمكنهم استيراده إلى التطبيق الخاص بهم.,
ui_choose_your_dashboard_1ec85e9,,Choose your dashboard,اختر لوحة القيادة الخاصة بك,
ui_clean_rooms_4dc67ab,,Clean rooms,غرف نظيفة,
ui_clean_selected_43d8dd5,,Clean selected,تنظيف المحدد,
ui_clear_719ea39,,Clear,واضح,
ui_clear_battery_config_d8854f7,,Clear battery config?,مسح تكوين البطارية؟,
ui_clear_battery_view_1952347,,Clear battery view?,مسح عرض البطارية؟,
ui_clear_battery_view_5ef09bf,,Clear Battery View,مسح عرض البطارية,
ui_clear_climate_view_48e8a5e,,Clear Climate View,عرض واضح للمناخ,
ui_clear_climate_view_9a1339c,,Clear climate view?,رؤية واضحة للمناخ؟,
ui_clear_config_51f6330,,Clear config,مسح التكوين,
ui_clear_energy_view_401c166,,Clear Energy View,عرض واضح للطاقة,
ui_clear_energy_view_d577bb7,,Clear energy view?,رؤية واضحة للطاقة؟,
ui_clear_filters_4122267,,Clear filters,مسح المرشحات,
ui_clear_rooms_view_87a43ca,,Clear Rooms View,مسح عرض الغرف,
ui_clear_rooms_view_f1d0d72,,Clear rooms view?,مسح عرض الغرف؟,
ui_clear_search_67300d0,,Clear search,مسح البحث,
ui_clear_security_view_219e25b,,Clear Security View,مسح عرض الأمان,
ui_clear_security_view_48790f7,,Clear security view?,عرض أمني واضح؟,
ui_clear_selection_247fd63,,Clear selection,مسح التحديد,
ui_climate_4857860,,Climate,مناخ,
ui_climate_cards_f4996fd,,Climate Cards,بطاقات المناخ,
ui_climate_devices_are_found_automatically_add_extra_entities_5ebd8b7,,Climate devices are found automatically; add extra entities here if any are missing.,يتم العثور على أجهزة المناخ تلقائيا. أضف كيانات إضافية هنا إذا كان هناك أي منها مفقود.,
ui_climate_dialog_control_add9f2b,,Climate dialog control,التحكم في حوار المناخ,
ui_climate_sources_take_priority_and_use_their_current_temper_5dbcde3,,Climate sources take priority and use their current_temperature and current_humidity values. ,تأخذ المصادر المناخية الأولوية وتستخدم قيم درجة الحرارة الحالية والرطوبة الحالية.,keep the space at the start/end
ui_climate_stack_cards_dcff178,,Climate Stack Cards,بطاقات كومة المناخ,
ui_climate_summary_4686577,,Climate summary,ملخص المناخ,
ui_climatedooropen_026f1c8,,climateDoorOpen,com.climateDoorOpen,
ui_climatehouse_9c0637a,,climateHouse,com.climateHouse,
ui_climatewindowopen_9b0794a,,climateWindowOpen,window.climateWindowOpen,
ui_close_bbfa773,,Close,يغلق,
ui_cloud_backup_is_off_71dfae1,,Cloud backup is off,النسخ الاحتياطي السحابي معطل,
ui_collapsed_by_default_65a57c6,,Collapsed by default,تم طيها بشكل افتراضي,
ui_collapsible_c932fac,,Collapsible,قابل للطي,
ui_collection_30c54a9,,Collection,مجموعة,
ui_color_1d0c830,,Color,لون,
ui_color_typography_and_component_shape_b82e582,,"Color, typography, and component shape",اللون والطباعة وشكل المكون,
ui_colors_and_light_dark_mode_37de9d5,,Colors and light/dark mode,الألوان ووضع الضوء / الظلام,
ui_columns_cf723c5,,Columns,أعمدة,
ui_combine_multiple_accounts_from_the_same_carrier_into_one_0006a49,,Combine multiple accounts from the same carrier into one tab and parcel list.,قم بدمج حسابات متعددة من نفس شركة النقل في علامة تبويب واحدة وقائمة الطرود.,
ui_comfortpulse_100b63b,,comfortPulse,com.comfortPulse,
ui_community_source_716abd9,,Community source,مصدر المجتمع,
ui_compact_1df39aa,,Compact,مدمج,
ui_compact_header_50275e8,,Compact header,رأس مدمج,
ui_compact_mode_hides_the_left_header_pill_persons_subtitle_da84968,,"Compact mode hides the left header pill, persons, subtitle/status information, and room counters. Swipe down on the compact bar to open Search, Flows, Edit, and Settings.",يخفي الوضع المضغوط قرص الرأس الأيسر والأشخاص ومعلومات الترجمة/الحالة وعدادات الغرفة. اسحب لأسفل على الشريط المضغوط لفتح البحث والتدفقات والتحرير والإعدادات.,
ui_compact_tile_height_78b57a3,,Compact tile height,ارتفاع البلاط المضغوط,
ui_configured_light_65a3aad,,%1$s configured light%2$s,%1$s ضوء تم تكوينه%2$s,app fills in %1$s %2$s — keep them
ui_confirm_04a2122,,Confirm,يتأكد,
ui_connect_b65463c,,Connect,يتصل,
ui_connected_through_home_assistant_cloud_47a54c0,,Connected through Home Assistant Cloud,متصل من خلال Home Assistant Cloud,don't translate Home Assistant
ui_connected_through_your_external_home_assistant_address_966b0e6,,Connected through your external Home Assistant address,متصل من خلال عنوان Home Assistant الخارجي الخاص بك,don't translate Home Assistant
ui_connected_through_your_home_network_cdf4e0f,,Connected through your home network,متصل من خلال الشبكة المنزلية الخاصة بك,
ui_connecting_fd3e796,,Connecting…,جارٍ الاتصال…,
ui_connection_6512ee1,,Connection,اتصال,
ui_connection_switched_to_8f04753,,Connection switched to %1$s,تم تحويل الاتصال إلى %1$s,app fills in %1$s — keep them
ui_contacting_your_home_assistant_server_e0a53d1,,Contacting your Home Assistant server…,جارٍ الاتصال بخادم Home Assistant...,don't translate Home Assistant
ui_content_4f9be05,,Content,محتوى,
ui_continue_2e02623,,Continue,يكمل,
ui_continuous_gps_for_live_tracking_uses_much_more_battery_fdcd80d,,Continuous GPS for live tracking — uses much more battery. Leave off for official-app-like behavior.,نظام تحديد المواقع العالمي (GPS) المستمر للتتبع المباشر - يستهلك قدرًا أكبر من البطارية. اترك السلوك الذي يشبه التطبيق الرسمي.,
ui_control_ea1d3df,,Control,يتحكم,
ui_control_how_accounts_become_tabs_and_lists_f100249,,Control how accounts become tabs and lists,التحكم في كيفية تحول الحسابات إلى علامات تبويب وقوائم,
ui_control_layout_4c3b047,,Control layout,تخطيط التحكم,
ui_controls_and_history_sensors_used_by_the_dialog_f71675d,,Controls and history sensors used by the dialog,عناصر التحكم وأجهزة استشعار التاريخ المستخدمة في مربع الحوار,
ui_controls_light_in_this_profile_cd11089,,Controls %1$s light%2$s in this profile.,عناصر التحكم %1$s light%2$s في هذا الملف الشخصي.,app fills in %1$s %2$s — keep them
ui_cooling_5569ac4,,Cooling,تبريد,
ui_copy_af74f7c,,Copy,ينسخ,
ui_copy_dashboard_2ea354e,,Copy dashboard,نسخ لوحة القيادة,
ui_copyright_2026_jimz011_b8f2c24,,Copyright © 2026 Jimz011,حقوق النشر © 2026 Jimz011,
ui_corners_f1fb139,,Corners,زوايا,
ui_could_not_add_the_parcel_check_the_number_and_fd157b4,,Could not add the parcel. Check the number and try again.,لا يمكن إضافة الطرود. تحقق من الرقم وحاول مرة أخرى.,
ui_couldn_t_reach_a30cc1b,,Couldn't reach %1$s,تعذر الوصول إلى %1$s,app fills in %1$s — keep them
ui_couldn_t_reach_your_home_assistant_server_2a17c09,,Couldn't reach your Home Assistant server.,تعذر الوصول إلى خادم Home Assistant.,don't translate Home Assistant
ui_countdown_timer_282cb17,,Countdown timer,توقيت العد التنازلي,
ui_create_6e157c5,,Create,يخلق,
ui_create_a_flow_11b4415,,Create a flow,إنشاء التدفق,
ui_create_a_separate_dashboard_auto_generate_imports_once_and_a5f0ef1,,Create a separate dashboard. Auto Generate imports once and then becomes editable; Start Empty only keeps persons available.,"إنشاء لوحة تحكم منفصلة. يتم إنشاء عمليات الاستيراد تلقائيًا مرة واحدة ثم تصبح قابلة للتحرير؛ ""البدء فارغًا"" يبقي الأشخاص متاحين فقط.",
ui_create_custom_page_d1f53e7,,Create custom page,إنشاء صفحة مخصصة,
ui_created_by_jimz011_2026_hki_7_v_20cbca0,,Created by Jimz011 - 2026 • HKI 7 v%1$s,تم الإنشاء بواسطة Jimz011 - 2026 • HKI 7 v%1$s,app fills in %1$s — keep them; don't translate HKI 7
ui_created_by_jimz011_with_help_from_ai_assisted_development_47c9a41,,"Created by Jimz011 with help from AI-assisted development tools. Product direction, design choices, testing, and responsibility for the released app remain with the project creator.",تم إنشاؤه بواسطة Jimz011 بمساعدة أدوات التطوير المدعومة بالذكاء الاصطناعي. يبقى توجيه المنتج وخيارات التصميم والاختبار والمسؤولية عن التطبيق الذي تم إصداره مع منشئ المشروع.,
ui_created_openly_1cc16d4,,Created openly,خلق علنا,
ui_creates_a_full_duplicate_of_including_all_rooms_widgets_b96bbb1,,"Creates a full duplicate of ""%1$s"", including all rooms, widgets, and page settings. The copy is added to your dashboards without switching to it.","إنشاء نسخة مكررة كاملة من ""%1$s""، بما في ذلك جميع الغرف والأدوات وإعدادات الصفحة. تتم إضافة النسخة إلى لوحات المعلومات الخاصة بك دون التبديل إليها.",app fills in %1$s — keep them
ui_critical_04b7b26,,Critical,شديد الأهمية,
ui_critical_low_5852b16,,%1$s critical · %2$s low,%1$s حرجة · %2$s منخفضة,app fills in %1$s %2$s — keep them
ui_critical_replace_soon_dbd946d,,Critical — replace soon,حرجة - استبدال قريبا,
ui_current_4fc0e2b,,Current,حاضِر,
ui_current_88a0a02,,%1$s° current,%1$s° الحالي,app fills in %1$s — keep them
ui_current_charge_b6b0b3d,,Current charge,التهمة الحالية,
ui_current_e4ef83d,,Current %1$s%%,الحالي %1$s%%,app fills in %1$s — keep them
ui_current_weather_0fc6239,,Current weather,الطقس الحالي,
ui_currently_loaded_69ef6fb,,Currently loaded,محملة حاليا,
ui_custom_081ae3f,,Custom,مخصص,
ui_custom_buttons_c580449,,Custom buttons,أزرار مخصصة,
ui_custom_camera_ada9096,,Custom Camera,كاميرا مخصصة,
ui_custom_camera_url_8191b15,,Custom camera URL,عنوان URL المخصص للكاميرا,
ui_custom_ed17691,,Custom %1$s,مخصص %1$s,app fills in %1$s — keep them
ui_custom_entities_d6e76ae,,Custom entities,الكيانات المخصصة,
ui_custom_name_6af17c2,,Custom name,اسم مخصص,
ui_custom_order_a7a5984,,Custom order,ترتيب مخصص,
ui_custom_seconds_7467e28,,Custom seconds,ثواني مخصصة,
ui_custom_state_378153b,,Custom state...,حالة مخصصة...,
ui_custom_url_9c155e9,,Custom URL,عنوان URL مخصص,
ui_customize_device_energy_b754bb5,,Customize device energy,تخصيص طاقة الجهاز,
ui_customize_top_consumers_eb249c5,,Customize top consumers,تخصيص كبار المستهلكين,
ui_customize_water_devices_81ce5f6,,Customize water devices,تخصيص أجهزة المياه,
ui_d_6388bb3,,"%1$s d, %2$s",%1$s د، %2$s,app fills in %1$s %2$s — keep them
ui_daily_backup_is_active_111a631,,Daily backup is active,النسخ الاحتياطي اليومي نشط,
ui_dashboard_d87f47b,,Dashboard,لوحة القيادة,
ui_dashboard_header_36d8656,,Dashboard header,رأس لوحة القيادة,
ui_dashboard_name_466f3af,,Dashboard name,اسم لوحة القيادة,
ui_dashboard_width_and_card_shape_3fcad11,,Dashboard width and card shape,عرض لوحة القيادة وشكل البطاقة,
ui_dashboards_197565b,,Dashboards,لوحات المعلومات,
ui_dashboards_shared_by_your_family_import_to_add_a_8a6d06e,,Dashboards shared by your family. Import to add a copy to your dashboards; import again later to pull updates.,لوحات المعلومات التي تشاركها عائلتك. قم بالاستيراد لإضافة نسخة إلى لوحات المعلومات الخاصة بك؛ قم بالاستيراد مرة أخرى لاحقًا لسحب التحديثات.,
ui_dashboards_visual_style_and_everyday_navigation_17f3ac2,,"Dashboards, visual style, and everyday navigation",لوحات المعلومات والأسلوب المرئي والتنقل اليومي,
ui_data_series_e5977fb,,Data series,سلسلة البيانات,
ui_data_sources_dadd6ac,,Data sources,مصادر البيانات,
ui_date_eb9a4bc,,Date,تاريخ,
ui_datetime_f1e5baf,,DateTime,التاريخ والوقت,
ui_day_to_839bf92,,%1$s day%2$s to %3$s,%1$s يوم%2$s إلى %3$s,app fills in %1$s %2$s %3$s — keep them
ui_decrease_67e19d8,,Decrease,ينقص,
ui_default_808d7dc,,Default,تقصير,
ui_default_effect_per_type_a4ce3c4,,Default effect per type,التأثير الافتراضي لكل نوع,
ui_default_view_343256a,,Default view,العرض الافتراضي,
ui_default_weather_entity_588d455,,Default weather entity,كيان الطقس الافتراضي,
ui_defrosting_c3b2817,,Defrosting,إزالة الجليد,
ui_delete_0c6013a,,"Delete ""%1$s""?","هل تريد حذف ""%1$s""؟",app fills in %1$s — keep them
ui_delete_137cdc2,,Delete %1$s?,هل تريد حذف %1$s؟,app fills in %1$s — keep them
ui_delete_automation_442d61c,,Delete automation?,هل تريد حذف التشغيل الآلي؟,
ui_delete_f6fdbe4,,Delete,يمسح,
ui_delete_floor_07c4a91,,Delete floor,حذف الكلمة,
ui_delivered_eea956c,,Delivered,تم التوصيل,
ui_demo_mode_a85b728,,Demo mode,الوضع التجريبي,
ui_description_55f8ebc,,Description,وصف,
ui_details_dc3decb,,Details,تفاصيل,
ui_detected_carbon_intensity_9983458,,Detected carbon intensity,كثافة الكربون المكتشفة,
ui_device_8c01559,,Device: %1$s,الجهاز: %1$s,app fills in %1$s — keep them
ui_device_a5a74a6,,Device,جهاز,
ui_device_details_39c277d,,Device details,تفاصيل الجهاز,
ui_device_details_eb36018,,DEVICE DETAILS,تفاصيل الجهاز,
ui_device_energy_79de3d8,,Device energy,طاقة الجهاز,
ui_device_helpers_6a8b199,,Device & helpers,الجهاز والمساعدين,
ui_device_name_79d7a15,,Device name,اسم الجهاز,
ui_device_tracker_and_geocoded_location_f9e2d34,,Device tracker and geocoded location,جهاز تعقب الجهاز والموقع المشفر جغرافيًا,
ui_devices_728190e,,devices,الأجهزة,
ui_devices_df485c8,,Devices,الأجهزة,
ui_dialog_control_63e18cf,,Dialog control,التحكم في الحوار,
ui_direction_5a47d4d,,Direction —,اتجاه -,
ui_disable_battery_optimization_d3201bf,,Disable Battery Optimization,تعطيل تحسين البطارية,
ui_disarmed_aaa4d9e,,Disarmed,منزوع السلاح,
ui_discovered_acbb9e0,,Discovered,اكتشف,
ui_dismiss_70afe9e,,Dismiss,رفض,
ui_display_574ff9b,,Display,عرض,
ui_display_linked_entities_and_dialog_layout_e6987f9,,"Display, linked entities, and dialog layout",العرض والكيانات المرتبطة وتخطيط الحوار,
ui_display_mode_627bc30,,Display mode,وضع العرض,
ui_display_order_5f1293a,,Display order,ترتيب العرض,
ui_done_e9b450d,,Done,منتهي,
ui_door_locked_4b46012,,Door\nLocked,باب\nمغلق,\n = line break
ui_door_open_74899a4,,Door\nOpen,باب\nمفتوح,\n = line break
ui_door_sensor_turns_lock_card_red_when_open_9bc1372,,Door sensor (turns lock card red when open),مستشعر الباب (يحول بطاقة القفل إلى اللون الأحمر عند فتحها),
ui_door_sensors_a7bb309,,Door sensors,حساسات الباب,
ui_double_tap_a268e89,,Double tap,انقر نقرًا مزدوجًا,
ui_drag_horizontally_across_the_full_button_547ea8c,,Drag horizontally across the full button,اسحب أفقيًا عبر الزر الكامل,
ui_drag_to_reorder_use_the_eye_button_to_hide_cd28b4c,,Drag to reorder. Use the eye button to hide an item or schedule when it shows.,اسحب لإعادة الترتيب. استخدم زر العين لإخفاء عنصر أو جدول زمني عند ظهوره.,
ui_drag_to_set_the_order_cameras_appear_on_the_7bcb4f5,,Drag to set the order cameras appear on the Security view.,اسحب لتعيين ترتيب ظهور الكاميرات في طريقة عرض الأمان.,
ui_drag_to_set_the_order_the_cards_appear_below_b6a92e4,,Drag to set the order the cards appear below the house on the Energy view.,اسحب لتعيين ترتيب ظهور البطاقات أسفل المنزل في عرض الطاقة.,
ui_drag_to_set_the_order_thermostats_and_ac_units_62d49e7,,Drag to set the order thermostats and AC units appear on the Climate view.,اسحب لتعيين ظهور منظمات الحرارة ووحدات التكييف في عرض المناخ.,
ui_drying_7ea61a9,,Drying,تجفيف,
ui_e_e0184ad,,E,ه,
ui_each_group_controls_one_part_of_this_page_286a40b,,Each group controls one part of this page,تتحكم كل مجموعة في جزء واحد من هذه الصفحة,
ui_each_home_keeps_its_own_login_dashboard_notification_conne_c261f94,,"Each home keeps its own login, dashboard, notification connection, and location registration",يحتفظ كل منزل بتسجيل الدخول ولوحة التحكم واتصال الإشعارات وتسجيل الموقع الخاص به,
ui_edit_5301648,,Edit,يحرر,
ui_edit_entities_485ee65,,Edit entities,تحرير الكيانات,
ui_edit_page_17e45f8,,Edit page,تحرير الصفحة,
ui_edit_sensors_6c38d51,,Edit sensors,تحرير أجهزة الاستشعار,
ui_effects_8f25a85,,Effects,التأثيرات,
ui_electricity_925cf7f,,Electricity,كهرباء,
ui_electricity_total_c81c63f,,Electricity Total,إجمالي الكهرباء,
ui_elevation_a514da1,,Elevation,ارتفاع,
ui_empty_3159fe4,,Empty,فارغ,
ui_empty_bin_0cbe2d7,,Empty bin,سلة فارغة,
ui_empty_bin_bcf05c4,,Empty bin: %1$s,سلة فارغة: %1$s,app fills in %1$s — keep them
ui_empty_bin_optional_fallback_e40b857,,Empty bin (optional fallback),سلة فارغة (احتياطي اختياري),
ui_empty_iframe_open_its_settings_in_edit_mode_and_c17ba2f,,Empty iFrame — open its settings in edit mode and enter a web address.,iFrame فارغ - افتح إعداداته في وضع التحرير وأدخل عنوان الويب.,
ui_empty_markdown_widget_open_its_settings_in_edit_mode_b65072d,,Empty markdown widget — open its settings in edit mode to write content.,أداة تخفيض السعر الفارغة - افتح إعداداتها في وضع التحرير لكتابة المحتوى.,
ui_empty_stack_79d38d5,,Empty Stack,كومة فارغة,
ui_enable_cloud_backup_32fe82b,,Enable cloud backup,تمكين النسخ الاحتياطي السحابي,
ui_enable_home_assistant_backup_bd7cf62,,Enable Home Assistant backup,تمكين النسخ الاحتياطي Home Assistant,don't translate Home Assistant
ui_enable_the_features_hki_7_may_use_in_the_52e596d,,Enable the features HKI 7 may use in the background,قم بتمكين الميزات التي قد يستخدمها HKI 7 في الخلفية,don't translate HKI 7
ui_enabled_e22fb09,,ENABLED,ممكّن,
ui_end_2a002eb,,End: %1$s,النهاية: %1$s,app fills in %1$s — keep them
ui_energy_437bcb1,,Energy,طاقة,
ui_energy_cards_c84abda,,Energy Cards,بطاقات الطاقة,
ui_energy_counters_imported_from_home_assistant_s_energy_dash_9dd23f9,,Energy counters imported from Home Assistant's Energy dashboard.,تم استيراد عدادات الطاقة من لوحة معلومات الطاقة الخاصة بـ Home Assistant.,don't translate Home Assistant
ui_energy_stack_cards_5ac4b4c,,Energy Stack Cards,بطاقات كومة الطاقة,
ui_energyscene_374cbbb,,energyScene,powerScene,
ui_enter_a_pin_4e6a960,,Enter a PIN,أدخل رقم التعريف الشخصي,
ui_enter_a_valid_json_object_00d1e89,,Enter a valid JSON object,أدخل كائن JSON صالحًا,
ui_enter_an_address_manually_5eda99d,,Enter an address manually,أدخل عنوانًا يدويًا,
ui_enter_code_ab45ae5,,Enter code,أدخل الرمز,
ui_enter_http_url_relative_path_or_webrtc_id_e_bb736eb,,"Enter HTTP URL, relative path, or WebRTC ID (e.g., poort_hd)",أدخل عنوان URL لـ HTTP، أو المسار النسبي، أو معرف WebRTC (على سبيل المثال، Poort_hd),
ui_enter_http_url_relative_path_or_webrtc_path_e_41da8c2,,"Enter HTTP URL, relative path, or WebRTC path (e.g., url: poort_hd)",أدخل عنوان URL لـ HTTP، أو المسار النسبي، أو مسار WebRTC (على سبيل المثال، عنوان url: Poort_hd),
ui_enter_the_same_data_object_home_assistant_shows_in_f7e27af,,Enter the same data object Home Assistant shows in YAML. JSON is used here so values keep their exact type.,أدخل نفس كائن البيانات الذي يعرضه Home Assistant في YAML. يتم استخدام JSON هنا حتى تحافظ القيم على نوعها الدقيق.,don't translate Home Assistant
ui_entities_390082d,,Entities · %1$s,الكيانات · %1$s,app fills in %1$s — keep them
ui_entities_6510c2f,,Entities (%1$s),الكيانات (%1$s),app fills in %1$s — keep them
ui_entities_9d88f3c,,entities,الكيانات,
ui_entities_appearance_and_interactions_b90b013,,"Entities, appearance, and interactions",الكيانات والمظهر والتفاعلات,
ui_entities_f7638a2,,Entities,الكيانات,
ui_entities_that_signal_activity_or_safety_states_769b862,,Entities that signal activity or safety states,الكيانات التي تشير إلى النشاط أو حالات السلامة,
ui_entity_icons_gently_glow_spin_or_pulse_while_the_b3a8910,,"Entity icons gently glow, spin, or pulse while the device is on. Only active devices animate.",تتوهج أيقونات الكيان أو تدور أو تنبض بلطف أثناء تشغيل الجهاز. الأجهزة النشطة فقط هي التي تتحرك.,
ui_entity_integrations_852a3e0,,Entity integrations,تكامل الكيانات,
ui_entity_name_9543eb8,,Entity name,اسم الكيان,
ui_entity_picture_0569c68,,Entity picture,صورة الكيان,
ui_entity_unavailable_3974ddb,,Entity unavailable,الكيان غير متاح,
ui_event_ad8919a,,Event,حدث,
ui_every_contribution_helps_and_payment_is_never_required_1bc44f2,,"Every contribution helps, and payment is never required",كل مساهمة تساعد، ولا يلزم الدفع أبدًا,
ui_everyday_navigation_e2f1711,,Everyday navigation,الملاحة اليومية,
ui_everyone_c756f6a,,Everyone,الجميع,
ui_exact_text_or_number_reported_by_home_assistant_00e5cc6,,Exact text or number reported by Home Assistant,النص الدقيق أو الرقم الذي تم الإبلاغ عنه بواسطة Home Assistant,don't translate Home Assistant
ui_example_com_or_https_8381ca6,,example.com or https://…,example.com أو https://...,
ui_existing_camera_5fb3653,,Existing Camera,الكاميرا الموجودة,
ui_exit_demo_mode_ab94122,,Exit Demo Mode,الخروج من الوضع التجريبي,
ui_exit_full_screen_3d9afda,,Exit full screen,الخروج من وضع ملء الشاشة,
ui_exiting_removes_the_sample_home_and_returns_to_the_05548e1,,"Exiting removes the sample home and returns to the welcome screen, where you can connect a real Home Assistant server.",يؤدي الخروج إلى إزالة نموذج الصفحة الرئيسية والعودة إلى شاشة الترحيب، حيث يمكنك الاتصال بخادم Home Assistant حقيقي.,don't translate Home Assistant
ui_expected_delivery_78d54b2,,Expected delivery,التسليم المتوقع,
ui_expected_today_4af5600,,Expected today,المتوقع اليوم,
ui_external_url_or_nabu_casa_url_d2e1eed,,External URL or Nabu Casa URL,عنوان URL الخارجي أو عنوان URL الخاص بـ Nabu Casa,don't translate Nabu Casa
ui_family_sharing_160fddb,,Family Sharing,مشاركة العائلة,
ui_family_sharing_settings_are_controlled_by_a_home_assistant_cdb35a2,,Family Sharing settings are controlled by a Home Assistant admin. You can use a dashboard shared with you below.,يتم التحكم في إعدادات المشاركة العائلية بواسطة مسؤول Home Assistant. يمكنك استخدام لوحة المعلومات المشتركة معك أدناه.,don't translate Home Assistant
ui_fan_ec38406,,Fan,معجب,
ui_fan_modes_fbaa3df,,Fan & modes,المروحة والأوضاع,
ui_fans_73d38db,,Fans,المشجعين,
ui_fetch_climate_entities_from_home_assistant_again_a65f837,,Fetch climate entities from Home Assistant again.,قم بإحضار الكيانات المناخية من Home Assistant مرة أخرى.,don't translate Home Assistant
ui_fetch_rooms_floors_and_their_entities_from_home_assistant_0d84305,,"Fetch rooms, floors, and their entities from Home Assistant again.",قم بإحضار الغرف والطوابق وكياناتها من Home Assistant مرة أخرى.,don't translate Home Assistant
ui_fetch_security_entities_from_home_assistant_again_577b666,,Fetch security entities from Home Assistant again.,قم بإحضار الكيانات الأمنية من Home Assistant مرة أخرى.,don't translate Home Assistant
ui_fetch_the_home_assistant_energy_dashboard_configuration_ag_9180e9b,,Fetch the Home Assistant energy dashboard configuration again.,قم بإحضار تكوين لوحة معلومات الطاقة لـ Home Assistant مرة أخرى.,don't translate Home Assistant
ui_find_home_assistant_locally_c992bdf,,Find Home Assistant locally,ابحث عن Home Assistant محليًا,don't translate Home Assistant
ui_firmware_94fe490,,Firmware %1$s,البرامج الثابتة %1$s,app fills in %1$s — keep them
ui_five_simple_gestures_are_all_you_need_to_get_d4c2675,,Five simple gestures are all you need to get around HKI 7.,خمس إيماءات بسيطة هي كل ما تحتاجه للتجول في HKI 7.,don't translate HKI 7
ui_fixed_tab_10fe998,,Fixed tab,علامة تبويب ثابتة,
ui_floor_7db82f7,,Floor,أرضية,
ui_floor_assignment_288a740,,Floor assignment,مهمة الكلمة,
ui_floor_name_e9d98d6,,Floor name,اسم الطابق,
ui_floor_settings_640cb8e,,Floor settings,إعدادات الأرضية,
ui_flowphase_101d9f0,,flowPhase,flowPhase,
ui_flows_1242655,,Flows,التدفقات,
ui_focused_groups_keep_advanced_options_easy_to_find_44ac86e,,Focused groups keep advanced options easy to find,تحافظ المجموعات المركزة على سهولة العثور على الخيارات المتقدمة,
ui_font_family_54a1848,,Font family,عائلة الخطوط,
ui_font_size_ef89fc7,,Font size · %1$s%%,حجم الخط · %1$s%%,app fills in %1$s — keep them
ui_fonts_ffe688a,,Fonts,الخطوط,
ui_force_high_refresh_rate_214de79,,Force high refresh rate,فرض معدل تحديث مرتفع,
ui_forecast_528bc4b,,Forecast,تنبؤ بالمناخ,
ui_forecast_entities_c950412,,Forecast entities,كيانات التنبؤ,
ui_forget_selection_7864f34,,Forget selection,ننسى الاختيار,
ui_forward_ba4e722,,Forward,إلى الأمام,
ui_from_ad3b521,,From %1$s,من %1$s,app fills in %1$s — keep them
ui_from_state_6c7eaef,,From state,من الدولة,
ui_full_changelog_ae838e7,,Full changelog,سجل التغيير الكامل,
ui_full_controls_68749a5,,Full controls,ضوابط كاملة,
ui_full_day_name_25ab7ee,,Full Day Name,اسم اليوم الكامل,
ui_full_url_or_a_path_on_your_home_assistant_66f9c59,,Full URL or a path on your Home Assistant server (e.g. /local/vacuum.png),عنوان URL الكامل أو المسار على خادم Home Assistant (على سبيل المثال /local/vacuum.png),don't translate Home Assistant
ui_gas_ead9650,,Gas,الغاز,
ui_generating_your_rooms_01654a1,,Generating your rooms,إنشاء الغرف الخاصة بك,
ui_get_started_bd2cb05,,Get Started,ابدأ,
ui_give_a_humidifier_a_fan_select_input_select_to_860be4d,,"Give a humidifier a fan / select / input_select to control its speed; its options replace the humidifier's mode chips, and modes move to the dialog's nav bar.",امنح جهاز الترطيب مروحة / حدد / input_select للتحكم في سرعته؛ تحل خياراته محل شرائح وضع جهاز الترطيب، وتنتقل الأوضاع إلى شريط التنقل في مربع الحوار.,
ui_glow_6ae5a62,,glow,يشع,
ui_glowphase_748e6d6,,glowPhase,توهجPhase,
ui_glowpulse_9269294,,glowPulse,توهجPulse,
ui_good_61dedcf,,Good,جيد,
ui_google_drive_07c2964,,Google Drive,Google Drive,don't translate Google Drive
ui_got_it_5b8027f,,Got it,فهمتها,
ui_got_it_let_s_explore_107038f,,Got it — let's explore,فهمت - دعنا نستكشف,
ui_graph_sensor_c63cbb6,,Graph %1$s · %2$s sensor%3$s,الرسم البياني %1$s · %2$s المستشعر%3$s,app fills in %1$s %2$s %3$s — keep them
ui_graph_style_6acd980,,Graph Style,نمط الرسم البياني,
ui_graphs_7839947,,Graphs,الرسوم البيانية,
ui_grid_density_and_button_presentation_b7907e5,,Grid density and button presentation,كثافة الشبكة وعرض الزر,
ui_grid_density_width_and_tile_shape_267ad9a,,"Grid density, width, and tile shape",كثافة الشبكة وعرضها وشكل البلاط,
ui_grid_phases_0a5eae5,,Grid & phases,الشبكة والمراحل,
ui_group_light_paused_for_manual_control_78d6b74,,%1$s group light%2$s paused for manual control.,%1$s ضوء المجموعة %2$s متوقف مؤقتًا للتحكم اليدوي.,app fills in %1$s %2$s — keep them
ui_group_related_cards_in_one_section_f978d2b,,Group related cards in one section,تجميع البطاقات ذات الصلة في قسم واحد,
ui_guide_motion_579dcaf,,guide_motion,Guide_motion,
ui_guide_progress_6138614,,guide_progress,Guide_progress,
ui_gust_53f5da4,, (gust %1$s),(عاصفة %1$s),app fills in %1$s — keep them; keep the space at the start/end
ui_h_0be1674,,%1$sh,%1$sح,app fills in %1$s — keep them
ui_header_31341c6,,Header,رأس,
ui_header_appearance_40327c9,,Header appearance,مظهر الرأس,
ui_header_custom_color_rrggbb_1887d0a,,Header custom color (#RRGGBB),لون الرأس المخصص (#RRGBB),
ui_header_pill_d7520cf,,Header pill,حبة رأس,
ui_header_text_7f71314,,Header text,نص الرأس,
ui_header_text_f7593e7,,Header Text,نص الرأس,
ui_header_wallpaper_url_or_path_25cf2b6,,Header wallpaper URL or path,عنوان URL لخلفية الرأس أو المسار,
ui_heading_some_bold_text_a_list_item_one_item_b7f049b,,"# Heading\nSome **bold** text, a list:\n- item one\n- item two",# العنوان\nبعض النصوص **الغامقة**، قائمة:\n- البند الأول\n- البند الثاني,\n = line break
ui_healthy_80ea156,,Healthy,صحيح,
ui_heating_f2a3e6e,,Heating,التدفئة,
ui_height_3f608b4,,Height,ارتفاع,
ui_help_the_project_without_buying_premium_e960d10,,Help the project without buying Premium,ساعد المشروع دون شراء Premium,
ui_hidden_1364716,,%1$s hidden,%1$s مخفي,app fills in %1$s — keep them
ui_hidden_d4c2792,,Hidden,مختفي,
ui_hidden_during_c0afbbc,,Hidden during,مخفي أثناء,
ui_hidden_rooms_f621ba4,,Hidden rooms,غرف مخفية,
ui_hidden_items_advanced_title,,Hidden items (advanced),العناصر المخفية (متقدم),
ui_hidden_items_advanced_hint,,Comma-separated list of button entity ids or badge/widget ids to hide from this person specifically. A button's id is its entity id; a badge or widget's id is shown in its own Appearance settings.,قائمة مفصولة بفواصل لمعرفات كيانات الأزرار أو معرفات الشارة/العناصر المراد إخفاؤها من هذا الشخص على وجه التحديد. معرف الزر هو معرف الكيان الخاص به؛ يتم عرض معرف الشارة أو الأداة في إعدادات المظهر الخاصة بها.,
ui_hidden_views_3e16d85,,Hidden views,مناظر مخفية,
ui_hide_certain_views_or_rooms_from_specific_people_to_f10458c,,Hide certain views or rooms from specific people to keep their dashboard simple. This is UX-level hiding — it does not restrict what they can do in Home Assistant itself.,قم بإخفاء طرق عرض أو غرف معينة عن أشخاص محددين لإبقاء لوحة التحكم الخاصة بهم بسيطة. هذا هو الاختباء على مستوى UX - فهو لا يقيد ما يمكنهم فعله في Home Assistant نفسه.,don't translate Home Assistant
ui_hide_connection_notification_dcee06a,,Hide Connection Notification,إخفاء إشعار الاتصال,
ui_hide_this_badge_or_schedule_when_it_appears_e149fbf,,"Hide this badge, or schedule when it appears",قم بإخفاء هذه الشارة، أو حدد موعدًا لظهورها,
ui_hide_this_button_or_schedule_when_it_appears_a28bf66,,"Hide this button, or schedule when it appears",قم بإخفاء هذا الزر، أو حدد موعدًا لظهوره,
ui_high_accuracy_mode_954d2c5,,High accuracy mode,وضع الدقة العالية,
ui_history_90ccd64,,History,تاريخ,
ui_hki_7_68a9e17,,HKI 7,HKI 7,don't translate HKI 7
ui_hki_7_collects_location_data_to_enable_presence_detection_2dda033,,HKI 7 collects location data to enable presence detection and zone-based ,يقوم HKI 7 بجمع بيانات الموقع لتمكين اكتشاف التواجد استنادًا إلى المنطقة,don't translate HKI 7; keep the space at the start/end
ui_hki_7_logo_a445c44,,HKI 7 logo,HKI 7 الشعار,don't translate HKI 7
ui_hki_7_turns_your_native_home_assistant_entities_rooms_c95b345,,"HKI 7 turns your native Home Assistant entities, rooms, automations, media, energy data, and services into a configurable mobile dashboard. It is designed to stay connected to Home Assistant as the source of truth while offering a distinct HKI interface.",يقوم HKI 7 بتحويل كيانات المساعد المنزلي الأصلية والغرف والأتمتة والوسائط وبيانات الطاقة والخدمات إلى لوحة معلومات متنقلة قابلة للتكوين. لقد تم تصميمه للبقاء على اتصال بـ Home Assistant كمصدر للحقيقة مع تقديم واجهة HKI مميزة.,"don't translate Home Assistant, HKI 7"
ui_hki_7_v_d5594a7,,HKI 7 v%1$s,HKI 7 v%1$s,app fills in %1$s — keep them; don't translate HKI 7
ui_home_and_rooms_are_always_shown_reorder_the_other_bea984a,,Home and Rooms are always shown. Reorder the other tabs with the arrows and toggle each on or off.,يتم عرض المنزل والغرف دائمًا. أعد ترتيب علامات التبويب الأخرى باستخدام الأسهم وقم بالتبديل بين تشغيلها وإيقافها.,
ui_home_assistant_backup_is_off_4524f2e,,Home Assistant backup is off,Home Assistant النسخ الاحتياطي متوقف,don't translate Home Assistant
ui_home_assistant_c8fd3bb,,Home Assistant,Home Assistant,don't translate Home Assistant
ui_home_assistant_instances_b0de2f3,,Home Assistant instances,Home Assistant الحالات,don't translate Home Assistant
ui_home_assistant_will_be_unavailable_briefly_while_it_restar_df30b45,,Home Assistant will be unavailable briefly while it restarts. Administrator access is required.,لن يكون Home Assistant متاحًا لفترة وجيزة أثناء إعادة تشغيله. مطلوب وصول المسؤول.,don't translate Home Assistant
ui_home_security_aa534f2,,HOME SECURITY,أمن المنزل,
ui_home_wi_fi_names_comma_separated_b71c6ab,,Home Wi-Fi names (comma separated),أسماء شبكات Wi-Fi المنزلية (مفصولة بفواصل),
ui_hourly_forecast_50f6c9c,,Hourly forecast,توقعات كل ساعة,
ui_how_this_control_communicates_state_ad17a3d,,How this control communicates state,كيف ينقل هذا التحكم الحالة,
ui_how_this_icon_animates_while_the_device_is_active_dffdaf5,,"How this icon animates while the device is active. ""Auto"" follows the global setting; the rest override it for this icon.","كيف يتحرك هذا الرمز أثناء نشاط الجهاز. ""تلقائي"" يتبع الإعداد العام؛ الباقي يتجاوزه لهذا الرمز.",
ui_http_homeassistant_local_8123_67b2235,,http://homeassistant.local:8123,http://homeassistant.local:8123,
ui_http_url_relative_path_or_webrtc_name_e_g_dfc56c4,,"HTTP URL, relative path, or WebRTC name (e.g., url: poort_hd)",عنوان URL لـ HTTP، أو المسار النسبي، أو اسم WebRTC (على سبيل المثال، url: Poort_hd),
ui_https_1a66279,,https://…,https://…,
ui_https_example_ui_nabu_casa_4d97501,,https://example.ui.nabu.casa,https://example.ui.nabu.casa,
ui_humidifiers_aa38e2a,,Humidifiers,مرطبات,
ui_humidifiers_are_found_automatically_from_the_humidifier_do_0717429,,Humidifiers are found automatically from the humidifier domain; add extra entities here if any are missing.,يتم العثور على أجهزة الترطيب تلقائيًا من مجال جهاز الترطيب؛ أضف كيانات إضافية هنا إذا كان هناك أي منها مفقود.,
ui_humidifying_5d5f6c5,,Humidifying,الترطيب,
ui_humidity_65adb9c,,Humidity,رطوبة,
ui_humidity_control_devices_c7e4846,,Humidity control devices,أجهزة التحكم بالرطوبة,
ui_humidity_sensor_graphed_in_activity_5b792e1,,Humidity sensor (graphed in Activity),مستشعر الرطوبة (مخطط في النشاط),
ui_icon_716f63b,,Icon,رمز,
ui_icon_animation_5b1faae,,Icon animation,الرسوم المتحركة أيقونة,
ui_icon_animations_and_effects_db0dea4,,Icon animations and effects,الرسوم المتحركة والتأثيرات أيقونة,
ui_icon_eeaa97d,,Icon: %1$s,الرمز: %1$s,app fills in %1$s — keep them
ui_icon_feedback_180b871,,Icon & feedback,أيقونة وردود الفعل,
ui_icons_edb8f6c,,Icons,أيقونات,
ui_identity_7e5a975,,Identity,هوية,
ui_identity_and_connection_bee53f8,,Identity and connection,الهوية والاتصال,
ui_identity_presentation_indicators_and_maintenance_d46fbf4,,"Identity, presentation, indicators, and maintenance",الهوية والعرض والمؤشرات والصيانة,
ui_idle_cc1ebdd,,Idle,عاطل,
ui_image_50e19fd,,Image,صورة,
ui_image_style_size_shape_and_background_40c17b6,,"Image style, size, shape, and background",نمط الصورة والحجم والشكل والخلفية,
ui_image_url_or_path_ddd8d74,,Image URL or path,عنوان URL للصورة أو المسار,
ui_import_d6fbc9d,,Import,يستورد,
ui_import_entities_that_have_not_been_edited_or_remove_6edde59,,"Import entities that have not been edited, or remove all climate edits and import from scratch.",قم باستيراد الكيانات التي لم يتم تحريرها، أو قم بإزالة كافة تعديلات المناخ وقم بالاستيراد من البداية.,
ui_import_entities_that_have_not_been_edited_or_remove_9851b28,,"Import entities that have not been edited, or remove all security edits and import from scratch.",قم باستيراد الكيانات التي لم يتم تحريرها، أو قم بإزالة جميع تعديلات الأمان وقم بالاستيراد من البداية.,
ui_import_from_family_f9eb88d,,Import from family,استيراد من العائلة,
ui_import_only_rooms_and_entities_that_have_not_been_478d449,,"Import only rooms and entities that have not been edited, or remove all edited rooms and floors and import everything from scratch.",قم باستيراد الغرف والكيانات التي لم يتم تحريرها فقط، أو قم بإزالة جميع الغرف والطوابق التي تم تحريرها واستيراد كل شيء من البداية.,
ui_import_only_rooms_that_have_not_been_edited_or_d59bee5,,"Import only rooms that have not been edited, or rebuild everything. Rebuilding removes all edited rooms and floors before importing them from scratch.",قم باستيراد الغرف التي لم يتم تحريرها فقط، أو قم بإعادة بناء كل شيء. تؤدي عملية إعادة البناء إلى إزالة جميع الغرف والأرضيات التي تم تحريرها قبل استيرادها من البداية.,
ui_import_sensors_with_device_class_battery_and_unit_of_dfaced9,,Import sensors with device_class battery and unit_of_measurement %.,قم باستيراد أجهزة الاستشعار باستخدام بطارية فئة_الجهاز ووحدة_القياس%.,
ui_import_settings_that_have_not_been_edited_or_remove_2fc3850,,"Import settings that have not been edited, or remove all energy edits and import from scratch.",قم باستيراد الإعدادات التي لم يتم تحريرها، أو قم بإزالة جميع تعديلات الطاقة واستوردها من البداية.,
ui_import_unedited_4a58143,,Import unedited,استيراد غير محررة,
ui_imported_stacks_cannot_be_removed_in_auto_mode_hide_608f9ed,,"Imported stacks cannot be removed in auto mode. Hide the stack instead, or take over / switch to manual mode to delete it permanently.",لا يمكن إزالة الأكوام المستوردة في الوضع التلقائي. قم بإخفاء المكدس بدلاً من ذلك، أو انتقل إلى الوضع اليدوي لحذفه نهائيًا.,
ui_importing_820599d,,Importing…,جارٍ الاستيراد...,
ui_importing_areas_and_entities_from_home_assistant_0e50b82,,Importing areas and entities from Home Assistant…,جارٍ استيراد المناطق والكيانات من Home Assistant...,don't translate Home Assistant
ui_incoming_outgoing_1815915,,%1$s incoming · %2$s outgoing%3$s,%1$s وارد · %2$s صادر%3$s,app fills in %1$s %2$s %3$s — keep them
ui_incoming_outgoing_49b9c0b,,%1$s incoming · %2$s outgoing,%1$s وارد · %2$s صادر,app fills in %1$s %2$s — keep them
ui_incorrect_pin_2de1d18,,Incorrect PIN,رقم التعريف الشخصي غير صحيح,
ui_increase_5a7fecf,,Increase,يزيد,
ui_individual_water_usage_21dd78c,,Individual water usage,استخدام المياه الفردية,
ui_individual_widgets_ff1526f,,Individual widgets,الحاجيات الفردية,
ui_indoor_average_53abf03,,INDOOR AVERAGE,متوسط داخلي,
ui_indoor_comfort_7060319,,Indoor comfort,راحة داخلية,
ui_instance_name_e98a2eb,,Instance name,اسم المثيل,
ui_interactions_0b3583e,,Interactions,التفاعلات,
ui_internal_url_acab9b2,,Internal URL,عنوان URL الداخلي,
ui_interval_seconds_eaeeb46,,Interval seconds,الثواني الفاصلة,
ui_is_c24d775,, is,يكون,keep the space at the start/end
ui_item_corner_roundness_5032003,,Item corner roundness,استدارة زاوية العنصر,
ui_items_cabff0b,,%1$s items,%1$s العناصر,app fills in %1$s — keep them
ui_k_df46805,,%1$sK,%1$sK,app fills in %1$s — keep them
ui_keep_existing_edits_or_remove_all_battery_edits_and_acc0236,,"Keep existing edits, or remove all battery edits and import from scratch.",احتفظ بالتعديلات الحالية، أو قم بإزالة جميع تعديلات البطارية واستوردها من البداية.,
ui_keep_only_the_title_right_header_pill_and_back_7777651,,"Keep only the title, right header pill, and back button when a page has one.",احتفظ فقط بالعنوان والرأس الأيمن وزر الرجوع عندما تحتوي الصفحة على واحد.,
ui_keeps_a_connection_to_home_assistant_for_instant_notificat_ecaee7d,,Keeps a connection to Home Assistant for instant notifications,يحافظ على الاتصال بـ Home Assistant للحصول على إشعارات فورية,don't translate Home Assistant
ui_keeps_presence_detection_and_zone_automations_working_andr_c48598a,,Keeps presence detection and zone automations working. Android should show ‘Allow all the time’.,"يحافظ على عمل كشف التواجد وأتمتة المنطقة. يجب أن يعرض Android ""السماح طوال الوقت"".",
ui_keeps_your_device_location_updated_in_home_assistant_e295875,,Keeps your device location updated in Home Assistant,يحافظ على تحديث موقع جهازك في Home Assistant,don't translate Home Assistant
ui_km_h_ede7178,,%1$s km/h,%1$s كم/ساعة,app fills in %1$s — keep them
ui_languages_and_frameworks_used_by_the_android_app_fb4ac97,,Languages and frameworks used by the Android app,اللغات والأطر التي يستخدمها تطبيق Android,
ui_last_backup_05509f8,,Last backup %1$s,آخر نسخة احتياطية %1$s,app fills in %1$s — keep them
ui_last_h_3faaee1,,Last %1$sh,آخر %1$sh,app fills in %1$s — keep them
ui_last_run_b27f32a,,Last run %1$s,آخر تشغيل %1$s,app fills in %1$s — keep them
ui_layout_972ad8d,,Layout,تَخطِيط,
ui_leave_a_tip_5f90f10,,Leave a tip,ترك نصيحة,
ui_leave_empty_to_use_the_home_assistant_name_f769e92,,Leave empty to use the Home Assistant name,اتركه فارغًا لاستخدام اسم Home Assistant,don't translate Home Assistant
ui_leave_this_empty_for_local_only_access_add_an_cc6bf85,,Leave this empty for local-only access. Add an external or Nabu Casa URL to use HKI 7 away from home.,اترك هذا فارغًا للوصول المحلي فقط. أضف عنوان URL خارجيًا أو Nabu Casa لاستخدام HKI 7 بعيدًا عن المنزل.,"don't translate Nabu Casa, HKI 7"
ui_left_8ae1c34,,Left,غادر,
ui_left_side_overflows_right_fc8533c,,Left side overflows right,الجانب الأيسر يفيض على اليمين,
ui_less_526cb74,,Less,أقل,
ui_let_hki_7_create_the_first_version_for_you_dc36439,,Let HKI 7 create the first version for you.,اسمح لـ HKI 7 بإنشاء الإصدار الأول لك.,don't translate HKI 7
ui_let_this_person_enter_edit_mode_667df39,,Let this person enter edit mode,دع هذا الشخص يدخل في وضع التحرير,
ui_level_7c7f5d0,,Level,مستوى,
ui_level_unavailable_a442183,,Level unavailable,المستوى غير متاح,
ui_license_3229609,,License,رخصة,
ui_light_is_turned_off_ebc0cf1,,Light is turned off,تم إيقاف الضوء,
ui_lines_c6fd387,,Lines,خطوط,
ui_link_a_device_to_auto_fill_the_humidifier_s_6f65010,,"Link a device to auto-fill the humidifier's helper entities, or set them by hand",قم بربط جهاز لملء الكيانات المساعدة لجهاز الترطيب تلقائيًا، أو قم بضبطها يدويًا,
ui_link_a_speed_control_197d75a,,Link a speed control,ربط التحكم في السرعة,
ui_linked_speed_control_optional_95fd680,,Linked speed control (optional),التحكم في السرعة المرتبطة (اختياري),
ui_live_65c821a,,Live,يعيش,
ui_live_6990f01,,LIVE,يعيش,
ui_live_indicators_11ef687,,Live indicators,المؤشرات الحية,
ui_live_power_sensors_imported_from_home_assistant_s_configur_1b926f2,,Live power sensors imported from Home Assistant's configured Energy devices.,أجهزة استشعار الطاقة الحية المستوردة من أجهزة الطاقة التي تم تكوينها في Home Assistant.,don't translate Home Assistant
ui_loading_actions_260b0c0,,Loading actions…,جارٍ تحميل الإجراءات...,
ui_loading_actions_877bfd9,,Loading actions...,جارٍ تحميل الإجراءات...,
ui_loading_camera_50a8065,,Loading camera…,جارٍ تحميل الكاميرا…,
ui_loading_device_a3fda88,,Loading device...,جارٍ تحميل الجهاز...,
ui_local_file_576d5ac,,Local file,الملف المحلي,
ui_local_network_optional_42aba01,,Local network (optional),الشبكة المحلية (اختياري),
ui_local_only_05ed059,,Local Only,محلي فقط,
ui_locating_e46bab0,,Locating…,تحديد موقع…,
ui_location_access_3b68001,,Location access,الوصول إلى الموقع,
ui_location_d219c68,,Location,موقع,
ui_location_unavailable_3a57dda,,Location Unavailable,الموقع غير متاح,
ui_lock_c37eb4c,,LOCK,قفل,
ui_locked_a798882,,Locked,مغلق,
ui_locks_the_screen_to_its_highest_refresh_rate_while_585256f,,Locks the screen to its highest refresh rate while the app is open (uses more battery).,قفل الشاشة بأعلى معدل تحديث لها أثناء فتح التطبيق (يستهلك المزيد من البطارية).,
ui_log_in_again_1ee6e18,,Log in again,قم بتسجيل الدخول مرة أخرى,
ui_logging_in_again_keeps_your_dashboard_and_settings_9a8ed6f,,Logging in again keeps your dashboard and settings.,يؤدي تسجيل الدخول مرة أخرى إلى الاحتفاظ بلوحة التحكم والإعدادات الخاصة بك.,
ui_logo_url_or_ha_local_path_optional_e795f06,,Logo URL or HA/local path (optional),عنوان URL للشعار أو HA/المسار المحلي (اختياري),
ui_logout_keep_config_32a0cfb,,Logout (Keep Config),تسجيل الخروج (احتفظ بالتكوين),
ui_low_a124947,,Low,قليل,
ui_low_ba7cae2,,%1$s low,%1$s منخفض,app fills in %1$s — keep them
ui_low_batteries_41d22d9,,%1$s low batteries,%1$s بطاريات منخفضة,app fills in %1$s — keep them
ui_low_plan_a_replacement_34435da,,Low — plan a replacement,منخفض - خطط لاستبداله,
ui_low_threshold_1ecfd8b,,Low threshold (%),عتبة منخفضة (%),
ui_lunar_phase_301b75e,,Lunar phase,المرحلة القمرية,
ui_mail_92379cb,,Mail,بريد,
ui_maintenance_94de303,,Maintenance,صيانة,
ui_manage_items_d854c4b,,Manage items,إدارة العناصر,
ui_manage_order_411f2d9,,Manage order,إدارة النظام,
ui_managed_by_an_admin_805ae65,,Managed by an admin,تدار من قبل المشرف,
ui_manual_configuration_only_selected_entities_and_devices_ar_10e150b,,Manual configuration: only selected entities and devices are shown.,التكوين اليدوي: يتم عرض الكيانات والأجهزة المحددة فقط.,
ui_map_ab478f3,,Map,رسم خريطة,
ui_map_c5cc79f,,Map: %1$s,الخريطة: %1$s,app fills in %1$s — keep them
ui_map_camera_for_dialog_2bc4344,,Map camera (for dialog),كاميرا الخريطة (للحوار),
ui_map_status_sensors_and_control_bindings_8cc2dbd,,"Map, status sensors, and control bindings",الخريطة وأجهزة استشعار الحالة وارتباطات التحكم,
ui_map_unavailable_0ccd149,,Map unavailable,الخريطة غير متاحة,
ui_markdown_23e67fc,,Markdown,تخفيض السعر,
ui_matching_entities_are_added_automatically_by_home_assistan_07ebdac,,Matching entities are added automatically by Home Assistant device class. Add any missing or custom entities here.,تتم إضافة الكيانات المطابقة تلقائيًا حسب فئة جهاز Home Assistant. أضف أي كيانات مفقودة أو مخصصة هنا.,don't translate Home Assistant
ui_media_0c77aee,,Media,وسائط,
ui_media_browsing_isn_t_available_for_this_player_e068417,,Media browsing isn't available for this player.,تصفح الوسائط غير متاح لهذا المشغل.,
ui_media_library_b9c5845,,Media library,مكتبة الوسائط,
ui_media_players_a4b8cf2,,Media players,مشغلات الوسائط,
ui_media_players_ec25525,,Media Players,مشغلات الوسائط,
ui_messages_safety_and_portability_ee58dfe,,"Messages, safety, and portability",الرسائل والسلامة وقابلية النقل,
ui_messages_sent_to_this_device_via_home_assistant_s_87e4a32,,Messages sent to this device via\nHome Assistant's notify service appear here.,يتم إرسال الرسائل إلى هذا الجهاز عبر\nتظهر خدمة الإخطار الخاصة بـ Home Assistant هنا.,don't translate Home Assistant; \n = line break
ui_meteorological_tap_or_swipe_3f3d67e,,Meteorological · tap or swipe,الأرصاد الجوية · اضغط أو اسحب,
ui_meter_readings_a3c12c4,,Meter readings,قراءات العدادات,
ui_mixed_climate_5d22eb9,,Mixed climate,مناخ مختلط,
ui_mm_ce9b88b,,%1$s mm,%1$s ملم,app fills in %1$s — keep them
ui_mmm_d_9367bcf,,"%1$s, MMM d",%1$s، ط ط ط د,app fills in %1$s — keep them
ui_mode_a7b93d2,,Mode,وضع,
ui_modes_6fc3ca8,,MODES,وسائط,
ui_modes_79f5b22,,Modes,وسائط,
ui_monitoring_a814345,,Monitoring,يراقب,
ui_moon_846b902,,Moon,قمر,
ui_move_down_260ff8a,,Move down,تحرك للأسفل,
ui_move_up_b4f57cd,,Move up,تحرك للأعلى,
ui_mozilla_public_license_2_0_mpl_2_0_4ec8335,,Mozilla Public License 2.0 (MPL-2.0),رخصة موزيلا العامة 2.0 (MPL-2.0),
ui_multiple_climate_values_are_averaged_separate_sensor_value_cfccbf4,,Multiple climate values are averaged. Separate sensor values are averaged only when no climate source is selected.,يتم حساب متوسط القيم المناخية المتعددة. يتم حساب متوسط قيم المستشعر المنفصلة فقط عند عدم تحديد مصدر مناخي.,
ui_mywifi_mywifi_5g_2a163c1,,"MyWiFi, MyWiFi-5G",ماي واي فاي، ماي واي فاي-5G,
ui_n_b51a607,,N,ن,
ui_name_709a232,,Name,اسم,
ui_name_a_z_257c1c4,,Name A-Z,الاسم من الألف إلى الياء,
ui_name_and_icon_shown_above_this_container_9076bde,,Name and icon shown above this container,الاسم والرمز الموضحان أعلى هذه الحاوية,
ui_name_and_icon_shown_above_this_floor_3755eda,,Name and icon shown above this floor,الاسم والرمز الموضح فوق هذا الطابق,
ui_name_and_icon_used_throughout_the_app_bed8e83,,Name and icon used throughout the app,الاسم والرمز المستخدم في جميع أنحاء التطبيق,
ui_name_optional_9c9f03a,,Name (optional),الاسم (اختياري),
ui_name_subtitle_and_navigation_icon_3f2e8c4,,"Name, subtitle, and navigation icon",الاسم والعنوان الفرعي وأيقونة التنقل,
ui_name_this_device_4d603e2,,Name this device,قم بتسمية هذا الجهاز,
ui_name_width_and_icon_a4d694b,,"Name, width, and icon",الاسم والعرض والرمز,
ui_name_z_a_daabfb6,,Name Z-A,الاسم Z-A,
ui_native_home_assistant_automations_always_in_sync_ae8941e,,"Native Home Assistant automations, always in sync",عمليات التشغيل الآلي لـ Native Home Assistant، متزامنة دائمًا,don't translate Home Assistant
ui_navigation_bar_e90e3de,,Navigation Bar,شريط التنقل,
ui_network_routes_for_1d18efd,,Network routes for %1$s,مسارات الشبكة لـ %1$s,app fills in %1$s — keep them
ui_never_sent_to_the_developer_or_to_any_third_f0479e9,,"never sent to the developer or to any third party, and you can turn this ",لم يتم إرسالها مطلقًا إلى المطور أو إلى أي طرف ثالث، ويمكنك تشغيل هذا,keep the space at the start/end
ui_never_triggered_c91b347,,Never triggered,لم يتم تشغيلها أبدًا,
ui_new_dashboard_4d3c071,,New Dashboard,لوحة تحكم جديدة,
ui_new_floor_1389094,,New floor,طابق جديد,
ui_new_flow_d4cef94,,New flow,تدفق جديد,
ui_next_camera_14994be,,Next camera,الكاميرا التالية,
ui_no_active_parcels_or_mail_6c9d49c,,No active parcels or mail.,لا توجد طرود أو بريد نشط.,
ui_no_activity_in_this_period_5cb3978,,No activity in this period,لا يوجد نشاط في هذه الفترة,
ui_no_adaptive_lighting_profiles_are_currently_available_6d29642,,No Adaptive Lighting profiles are currently available.,لا تتوفر حاليًا أية ملفات تعريف للإضاءة التكيفية.,
ui_no_air_purifiers_configured_add_fan_entities_under_climate_fd229a8,,No air purifiers configured. Add fan entities under Climate Settings → Climate Entities → Air purifiers.,لم يتم تكوين أجهزة تنقية الهواء. أضف كيانات المروحة ضمن إعدادات المناخ → كيانات المناخ → أجهزة تنقية الهواء.,
ui_no_alarm_585ad82,,No alarm,لا إنذار,
ui_no_announced_letters_4382408,,No announced letters.,لا توجد رسائل معلنة.,
ui_no_archived_notifications_ed5604b,,No archived notifications,لا توجد إخطارات المؤرشفة,
ui_no_battery_entities_found_turn_off_battery_filtering_to_dfbc403,,No Battery+ entities found. Turn off Battery+ filtering to show all battery sensors.,لم يتم العثور على كيانات Battery+. قم بإيقاف تشغيل تصفية البطارية + لإظهار جميع مستشعرات البطارية.,
ui_no_battery_sensors_found_7cc0962,,No battery sensors found.,لم يتم العثور على أجهزة استشعار للبطارية.,
ui_no_camera_selected_717ad35,,No camera selected,لم يتم تحديد أي كاميرا,
ui_no_carbon_intensity_sensor_found_on_this_device_140bf09,,No carbon intensity sensor found on this device,لم يتم العثور على مستشعر كثافة الكربون في هذا الجهاز,
ui_no_cards_yet_open_the_stack_settings_to_pick_021dada,,No cards yet — open the stack settings to pick energy cards.,لا توجد بطاقات حتى الآن - افتح إعدادات المكدس لاختيار بطاقات الطاقة.,
ui_no_cards_yet_open_the_stack_settings_to_pick_ca8008f,,No cards yet — open the stack settings to pick climate cards.,لا توجد بطاقات حتى الآن - افتح إعدادات المكدس لاختيار بطاقات المناخ.,
ui_no_climate_data_37d45e0,,No climate data,لا توجد بيانات مناخية,
ui_no_climate_devices_found_thermostats_and_ac_units_from_2e47541,,No climate devices found. Thermostats and AC units from Home Assistant appear here automatically.,لم يتم العثور على أجهزة المناخ. تظهر أجهزة تنظيم الحرارة ووحدات التكييف من Home Assistant هنا تلقائيًا.,don't translate Home Assistant
ui_no_collections_in_the_next_7_days_6d48bf4,,No collections in the next 7 days.,لا توجد مجموعات في الأيام السبعة القادمة.,
ui_no_conditions_this_flow_always_continues_c95e76f,,No conditions — this flow always continues,لا توجد شروط — يستمر هذا التدفق دائمًا,
ui_no_dashboards_have_been_shared_with_you_yet_ask_38b2c0d,,"No dashboards have been shared with you yet. Ask an admin to share one, or pick another option above.",لم تتم مشاركة أي لوحات معلومات معك حتى الآن. اطلب من أحد المسؤولين مشاركة أحد الخيارات، أو اختر خيارًا آخر أعلاه.,
ui_no_dashboards_have_been_shared_with_you_yet_ask_877080a,,No dashboards have been shared with you yet. Ask an admin to share one.,لم تتم مشاركة أي لوحات معلومات معك حتى الآن. اطلب من المسؤول مشاركة واحدة.,
ui_no_data_d802d23,,No data,لا توجد بيانات,
ui_no_door_sensor_f6b60c8,,No door sensor,لا يوجد مستشعر الباب,
ui_no_energy_sensors_found_eeecdec,,No energy sensors found.,لم يتم العثور على أجهزة استشعار للطاقة.,
ui_no_events_e339ba7,,No events,لا توجد أحداث,
ui_no_fans_found_fan_entities_from_home_assistant_appear_279dab7,,No fans found. Fan entities from Home Assistant appear here automatically.,لم يتم العثور على المشجعين. تظهر كيانات المعجبين من Home Assistant هنا تلقائيًا.,don't translate Home Assistant
ui_no_forecast_available_ed48809,,No forecast available,لا توجد توقعات متاحة,
ui_no_graphs_yet_open_the_stack_settings_to_add_87f742f,,No graphs yet — open the stack settings to add sensor graphs.,لا توجد رسوم بيانية حتى الآن - افتح إعدادات المكدس لإضافة رسوم بيانية للمستشعر.,
ui_no_heading_162947f,,No heading,لا يوجد عنوان,
ui_no_hourly_forecast_available_9ef5a5f,,No hourly forecast available,لا تتوفر توقعات كل ساعة,
ui_no_humidifiers_found_humidifier_entities_from_home_assista_eeadbd7,,No humidifiers found. Humidifier entities from Home Assistant appear here automatically; extras can be added in Climate Settings.,لم يتم العثور على أجهزة ترطيب. تظهر كيانات جهاز الترطيب من Home Assistant هنا تلقائيًا؛ يمكن إضافة الإضافات في إعدادات المناخ.,don't translate Home Assistant
ui_no_individual_water_devices_configured_d0060ba,,No individual water devices configured.,لم يتم تكوين أجهزة المياه الفردية.,
ui_no_letter_image_available_eeb42c0,,No letter image available,لا توجد صورة الرسالة المتاحة,
ui_no_map_camera_configured_d72057b,,No map camera\nconfigured,لا توجد كاميرا خريطة\nتم تكوينه,\n = line break
ui_no_map_camera_set_configure_in_button_settings_b54466c,,No map camera set.\nConfigure in button settings.,لم يتم ضبط كاميرا الخريطة.\nتكوين في إعدادات الزر.,\n = line break
ui_no_matches_cd0af6c,,No matches,لا توجد مباريات,
ui_no_matching_automations_4489522,,No matching automations,لا توجد أتمتة مطابقة,
ui_no_media_players_found_1248a89,,No media players found.,لم يتم العثور على مشغلات الوسائط.,
ui_no_native_home_assistant_automations_found_725a043,,No native Home Assistant automations found,لم يتم العثور على عمليات تشغيل تلقائية أصلية لـ Home Assistant,don't translate Home Assistant
ui_no_non_admin_users_found_on_this_home_assistant_e9e665d,,No non-admin users found on this Home Assistant.,لم يتم العثور على مستخدمين غير إداريين في Home Assistant هذا.,don't translate Home Assistant
ui_no_notifications_a72159d,,No Notifications,لا الإخطارات,
ui_no_notifications_b08626f,,No notifications,لا الإخطارات,
ui_no_options_available_7a19b6d,,No options available,لا توجد خيارات متاحة,
ui_no_other_entities_on_this_device_fbc481b,,No other entities on this device.,لا توجد كيانات أخرى على هذا الجهاز.,
ui_no_other_users_found_on_this_home_assistant_cb89d3d,,No other users found on this Home Assistant.,لم يتم العثور على مستخدمين آخرين في Home Assistant هذا.,don't translate Home Assistant
ui_no_parcel_selected_922a402,,No parcel selected,لم يتم تحديد أي طرد,
ui_no_parcels_cf4c0a0,,No %1$s parcels.,لا يوجد %1$s طرود.,app fills in %1$s — keep them
ui_no_phase_sensors_configured_in_energy_settings_b88c1dc,,No phase sensors configured in Energy Settings.,لم يتم تكوين أجهزة استشعار الطور في إعدادات الطاقة.,
ui_no_power_sensors_found_caf2e07,,No power sensors found.,لم يتم العثور على أجهزة استشعار للطاقة.,
ui_no_power_sensors_found_on_this_device_or_its_942e9be,,No power sensors found on this device (or its sub-devices) yet.,لم يتم العثور على أجهزة استشعار للطاقة على هذا الجهاز (أو أجهزته الفرعية) حتى الآن.,
ui_no_profile_available_98d6e00,,No profile available,لا يوجد ملف تعريف متاح,
ui_no_sensors_found_edacf22,,No %1$s sensors found.,لم يتم العثور على أجهزة استشعار %1$s.,app fills in %1$s — keep them
ui_no_sensors_selected_open_the_widget_settings_in_edit_cd87a2e,,No sensors selected — open the widget settings in edit mode.,لم يتم تحديد أي مستشعرات - افتح إعدادات الأداة في وضع التحرير.,
ui_no_servers_found_yet_make_sure_you_re_on_7e6832d,,"No servers found yet. Make sure you're on the same Wi-Fi, or enter the address below.",لم يتم العثور على خوادم حتى الآن. تأكد من أنك متصل بنفس شبكة Wi-Fi، أو أدخل العنوان أدناه.,
ui_no_speed_control_linked_cb0e9ad,,No speed control linked,لا يوجد تحكم في السرعة مرتبط,
ui_no_status_history_enable_parcel_history_in_the_integration_302ca4a,,No status history (enable parcel history in the integration options),لا يوجد سجل حالة (قم بتمكين سجل الطرود في خيارات التكامل),
ui_no_stream_available_0535c4e,,No stream available,لا يوجد تيار متاح,
ui_no_stream_available_6bfd14a,,No Stream Available,لا يوجد تيار متاح,
ui_no_supported_alarm_modes_reported_by_this_entity_588b22a,,No supported alarm modes reported by this entity,لم يتم الإبلاغ عن أي أوضاع إنذار مدعومة من قبل هذا الكيان,
ui_no_target_f919b89,,No target,لا يوجد هدف,
ui_no_tariff_sensors_configured_in_energy_settings_2ad6a3c,,No tariff sensors configured in Energy Settings.,لم يتم تكوين أجهزة استشعار التعريفة في إعدادات الطاقة.,
ui_no_thanks_6d745b3,,No thanks,ًلا شكرا,
ui_no_upcoming_collections_feff2a6,,No upcoming collections,لا توجد مجموعات قادمة,
ui_no_waste_sensors_selected_68b51ce,,No waste sensors selected,لم يتم تحديد أجهزة استشعار النفايات,
ui_no_waste_sensors_selected_add_them_via_the_widget_554ff3d,,No waste sensors selected. Add them via the widget settings in edit mode.,لم يتم تحديد أجهزة استشعار النفايات. إضافتها عبر إعدادات القطعة في وضع التحرير.,
ui_no_weather_cards_ce32255,,No weather cards,لا توجد بطاقات الطقس,
ui_no_weather_entity_available_7476bcb,,No weather entity available,لا يوجد كيان الطقس المتاحة,
ui_no_widgets_match_73a3c20,,"No widgets match ""%1$s""","لا توجد أدوات تطابق ""%1$s""",app fills in %1$s — keep them
ui_none_6eef664,,None,لا أحد,
ui_none_auto_cc8786f,,None / Auto,لا شيء / تلقائي,
ui_none_modes_stay_as_the_only_control_b62bff7,,None — modes stay as the only control,لا شيء - تظل الأوضاع هي عنصر التحكم الوحيد,
ui_none_of_your_configured_carriers_support_adding_a_parcel_21dc0a4,,"None of your configured carriers support adding a parcel by tracking number. Account-based carriers (PostNL, DPD, DHL) only track what's already in your account.",لا تدعم أي من شركات النقل التي قمت بتكوينها إضافة طرد عن طريق رقم التتبع. تقوم شركات النقل المعتمدة على الحساب (PostNL وDPD وDHL) بتتبع ما هو موجود بالفعل في حسابك فقط.,
ui_none_selected_5798946,,None selected,لم يتم تحديد أي شيء,
ui_none_timer_follows_the_completion_time_only_09d470a,,None — timer follows the completion time only,لا يوجد — الموقت يتبع وقت الانتهاء فقط,
ui_not_enough_data_cdb9d58,,Not enough data,لا توجد بيانات كافية,
ui_not_enough_data_in_this_period_48188c4,,Not enough data in this period,لا توجد بيانات كافية في هذه الفترة,
ui_not_loaded_by_home_assistant_95f811a,,Not loaded by Home Assistant,لم يتم تحميله بواسطة Home Assistant,don't translate Home Assistant
ui_not_set_93039e6,,Not set,لم يتم ضبطه,
ui_nothing_here_7f42022,,Nothing here.,لا شيء هنا.,
ui_nothing_hidden_fd1cdd3,,Nothing hidden,لا شيء مخفي,
ui_nothing_is_shared_yet_fca61d0,,Nothing is shared yet.,لم تتم مشاركة أي شيء حتى الآن.,
ui_nothing_removed_d67902f,,Nothing removed.,لا شيء تمت إزالته.,
ui_nothing_removed_use_edit_mode_on_the_climate_page_dd07910,,Nothing removed. Use edit mode on the Climate page to remove cards; they land here and can be restored.,لا شيء تمت إزالته. استخدم وضع التحرير في صفحة المناخ لإزالة البطاقات؛ لقد هبطوا هنا ويمكن استعادتهم.,
ui_nothing_to_reorder_yet_cdcbb36,,Nothing to reorder yet.,لا شيء لإعادة ترتيب حتى الآن.,
ui_notification_c18f8f2,,Notification,إشعار,
ui_notifications_753a22b,,Notifications,إشعارات,
ui_notifications_are_delivered_over_the_app_s_live_connection_d2aa965,,Notifications are delivered over the app's live connection whenever it is open — send them from Home Assistant with the notify service for this device. Swipe in from the left edge to see the history.,يتم تسليم الإشعارات عبر الاتصال المباشر للتطبيق عندما يكون مفتوحًا - أرسلها من Home Assistant مع خدمة الإشعارات لهذا الجهاز. اسحب من الحافة اليسرى لرؤية التاريخ.,don't translate Home Assistant
ui_now_e3b8204,,Now,الآن,
ui_of_3_enabled_5cdedd4,,%1$s of 3 enabled,%1$s من 3 تم تمكينه,app fills in %1$s — keep them
ui_of_home_fdfd824,,%1$s%% of home,%1$s%% من المنزل,app fills in %1$s — keep them
ui_off_ad50489,,OFF,عن,
ui_off_at_any_time_in_android_settings_4607e2c,,off at any time in Android settings.,إيقاف في أي وقت في إعدادات Android.,
ui_off_e3de5ab,,Off,عن,
ui_ok_9ce3bd4,,OK,نعم,
ui_on_12469c7,,On - %1$s%%,تشغيل - %1$s%%,app fills in %1$s — keep them
ui_on_387d7a5,,ON,على,
ui_on_e0049a6,,On,على,
ui_on_f9ca2fe,,%1$s%% • ON,%1$s%% • تشغيل,app fills in %1$s — keep them
ui_on_these_wi_fi_networks_the_app_connects_via_82d3f1f,,On these Wi-Fi networks the app connects via the internal URL; everywhere else it uses the main server URL above.,على شبكات Wi-Fi هذه، يتصل التطبيق عبر عنوان URL الداخلي؛ في أي مكان آخر يستخدم عنوان URL الرئيسي للخادم أعلاه.,
ui_on_this_device_a7f9620,,On this device,على هذا الجهاز,
ui_onboard_step_fefaac1,,onboard_step,onboard_step,
ui_only_percentage_sensors_classified_by_home_assistant_as_ba_0d94a2a,,Only percentage sensors classified by Home Assistant as batteries are imported. ,يتم استيراد فقط أجهزة الاستشعار التي يصنفها Home Assistant على أنها بطاريات.,don't translate Home Assistant; keep the space at the start/end
ui_only_show_battery_entities_and_include_battery_type_detail_b216867,,Only show Battery+ entities and include battery type details,قم بعرض كيانات Battery+ فقط وقم بتضمين تفاصيل نوع البطارية,
ui_only_show_battery_entities_and_include_type_quantity_and_0d8ce40,,"Only show Battery+ entities and include type, quantity, and related battery info.",قم بعرض كيانات Battery+ فقط وقم بتضمين النوع والكمية ومعلومات البطارية ذات الصلة.,
ui_open_camera_full_screen_afc186b,,Open camera full screen,فتح الكاميرا ملء الشاشة,
ui_open_cf9b770,,Open,يفتح,
ui_open_history_for_graph_ae801d5,,Open history for graph,فتح التاريخ للرسم البياني,
ui_open_link_d2de1a2,,Open link,فتح الرابط,
ui_open_source_and_premium_licensing_0328125,,Open-source and premium licensing,مفتوح المصدر والترخيص المتميز,
ui_open_the_component_on_github_c1e5ee5,,Open the component on GitHub,افتح المكون على جيثب,
ui_open_this_panel_by_swiping_left_from_the_upper_671e63c,,Open this panel by swiping left from the upper-right edge of any page header.,افتح هذه اللوحة عن طريق التمرير إلى اليسار من الحافة العلوية اليمنى لأي رأس صفحة.,
ui_opening_dashboard_8e99930,,Opening dashboard…,جارٍ فتح لوحة البيانات…,
ui_openstreetmap_fa78a33,,OpenStreetMap,خريطة الشارع المفتوحة,
ui_optional_context_shown_by_the_lock_card_03f6814,,Optional context shown by the lock card,السياق الاختياري الذي تظهره بطاقة القفل,
ui_optional_controls_and_sensors_for_richer_dialogs_7a80e7b,,Optional controls and sensors for richer dialogs,عناصر تحكم وأجهزة استشعار اختيارية لمربعات حوار أكثر ثراءً,
ui_optional_display_name_and_icon_override_f7a6cda,,Optional display name and icon override,اسم العرض الاختياري وتجاوز الرمز,
ui_optional_fields_passed_to_home_assistant_54dffc6,,Optional fields passed to Home Assistant,تم تمرير الحقول الاختيارية إلى Home Assistant,don't translate Home Assistant
ui_optional_label_shown_when_name_is_enabled_above_8229e92,,"Optional label shown when ""Name"" is enabled above","يتم عرض التصنيف الاختياري عند تمكين ""الاسم"" أعلاه",
ui_optional_name_and_icon_overrides_5dfd062,,Optional name and icon overrides,تجاوزات الاسم والرمز الاختيارية,
ui_optional_name_and_icon_shown_above_this_stack_272f237,,Optional name and icon shown above this stack,يظهر الاسم والرمز الاختياريان أعلى هذه المكدس,
ui_optional_premium_5ae8183,,Optional Premium,قسط اختياري,
ui_optional_support_for_development_and_testing_costs_5d6af95,,Optional support for development and testing costs,دعم اختياري لتكاليف التطوير والاختبار,
ui_optional_title_and_dashboard_width_e04c6e8,,Optional title and dashboard width,عنوان اختياري وعرض لوحة المعلومات,
ui_optional_title_width_and_supported_shape_8b2e456,,"Optional title, width, and supported shape",عنوان اختياري وعرض وشكل مدعوم,
ui_options_6bf5da9,,Options,خيارات,
ui_organization_519255a,,Organization,منظمة,
ui_oscillate_3d3c9bd,,Oscillate,يتأرجح,
ui_outside_cbbef8c,,OUTSIDE,الخارج,
ui_outside_is_never_auto_detected_either_link_a_weather_eb8cc14,,"Outside is never auto-detected. Either link a weather entity (it usually carries temperature, humidity and pressure) or pick individual outdoor sensors below. The temperature feeds the Outside tile and the hero's outside reading.",لا يتم اكتشاف الخارج تلقائيًا أبدًا. قم إما بربط كيان الطقس (عادةً ما يحمل درجة الحرارة والرطوبة والضغط) أو اختر أجهزة استشعار خارجية فردية أدناه. تغذي درجة الحرارة البلاط الخارجي والقراءة الخارجية للبطل.,
ui_outside_weather_entity_98e8465,,Outside weather entity,كيان الطقس الخارجي,
ui_page_areas_1068b64,,Page areas,مناطق الصفحة,
ui_page_icon_b58a288,,Page icon,رمز الصفحة,
ui_page_identity_dafa8dd,,Page identity,هوية الصفحة,
ui_page_name_c99f51a,,Page name,اسم الصفحة,
ui_page_settings_0a44afc,,Page settings,إعدادات الصفحة,
ui_page_subtitle_8a04084,,Page subtitle,العنوان الفرعي للصفحة,
ui_parcel_9ddaaee,,Parcel,قطعة,
ui_parcels_16129ec,,Parcels,الطرود,
ui_parental_controls_c4f61d0,,Parental controls,الضوابط الأبوية,
ui_parental_controls_dashboard_sharing_and_permissions_b74e0c0,,"Parental controls, dashboard sharing, and permissions",أدوات الرقابة الأبوية ومشاركة لوحة المعلومات والأذونات,
ui_parental_controls_sharing_needs_the_hki_7_cloud_component_7929459,,Parental controls & sharing — needs the HKI 7 Cloud component,أدوات الرقابة الأبوية والمشاركة - تحتاج إلى مكون HKI 7 Cloud,don't translate HKI 7 Cloud
ui_pause_781961b,,Pause,يوقف,
ui_pause_adaptation_821b33e,,Pause adaptation,وقفة التكيف,
ui_pending_timer_dbf15fa,,Pending timer,في انتظار الموقت,
ui_people_b37554f,,People,الناس,
ui_permission_needed_7c7a8e5,,Permission needed,الإذن مطلوب,
ui_permissions_d06d555,,Permissions,الأذونات,
ui_person_settings_977e009,,Person settings,إعدادات الشخص,
ui_personal_information_used_throughout_hki_7_b7d1b08,,Personal information used throughout HKI 7,المعلومات الشخصية المستخدمة في جميع أنحاء HKI 7,don't translate HKI 7
ui_personalize_7602b35,,Personalize,إضفاء الطابع الشخصي,
ui_persons_order_9fe91dc,,Persons order,أمر الأشخاص,
ui_phase_17619b8,,Phase %1$s,المرحلة %1$s,app fills in %1$s — keep them
ui_pick_a_carbon_footprint_device_ea1fe94,,Pick a carbon footprint device,اختر جهازًا للبصمة الكربونية,
ui_pick_a_device_to_auto_fill_the_sensors_below_f396326,,Pick a device to auto-fill the sensors below,اختر جهازًا لملء المستشعرات تلقائيًا أدناه,
ui_pick_a_source_device_or_fine_tune_individual_roles_beb54f5,,Pick a source device or fine-tune individual roles,اختر جهاز مصدر أو قم بضبط الأدوار الفردية,
ui_pick_a_starting_point_everything_remains_editable_340924e,,Pick a starting point; everything remains editable,اختر نقطة البداية؛ كل شيء يبقى قابلاً للتحرير,
ui_pickup_b6da461,,Pickup: %1$s,الاستلام: %1$s,app fills in %1$s — keep them
ui_pin_3adadd3,,PIN,دبوس,
ui_place_this_room_in_the_correct_floor_group_52c044a,,Place this room in the correct floor group,ضع هذه الغرفة في مجموعة الطوابق الصحيحة,
ui_placement_ab89d05,,Placement,التنسيب,
ui_playback_c8e3087,,Playback,التشغيل,
ui_player_e53407c,,Player,لاعب,
ui_players_summarized_by_the_room_header_and_card_729ea70,,Players summarized by the room header and card,تم تلخيص اللاعبين حسب رأس الغرفة والبطاقة,
ui_please_wait_5afeca7,,Please wait…,انتظر من فضلك…,
ui_position_d0b0314,,POSITION,موضع,
ui_postal_code_optional_b86b6a2,,Postal code (optional),الرمز البريدي (اختياري),
ui_power_c2b6b52,,POWER,قوة,
ui_power_overview_a204dd7,,Power overview,نظرة عامة على الطاقة,
ui_power_per_phase_1f38fb0,,Power per phase,الطاقة لكل مرحلة,
ui_precipitation_60d5e73,,Precipitation,تساقط,
ui_premium_icon_packs_animated_icons_and_artwork_premium_them_6363fef,,"Premium icon packs, animated icons and artwork, premium themes, entitlement services, and any separately marked premium modules are not covered by MPL-2.0. They remain proprietary and are licensed for personal use through a valid Premium entitlement.",حزم الأيقونات المميزة، والأيقونات المتحركة والأعمال الفنية، والموضوعات المميزة، وخدمات الاستحقاق، وأي وحدات مميزة مميزة بشكل منفصل لا يغطيها MPL-2.0. تظل مملوكة ومرخصة للاستخدام الشخصي من خلال استحقاق Premium صالح.,
ui_presets_6891289,,PRESETS,الإعدادات المسبقة,
ui_presets_e709e76,,Presets,الإعدادات المسبقة,
ui_press_ea683ad,,Press,يضعط,
ui_prevents_android_from_delaying_battery_charging_and_presen_623b898,,"Prevents Android from delaying battery, charging, and presence updates while the device is idle.",يمنع Android من تأخير تحديثات البطارية والشحن والتواجد عندما يكون الجهاز خاملاً.,
ui_previous_camera_5014da7,,Previous camera,الكاميرا السابقة,
ui_produced_5028c07,,Produced %1$s,تم الإنتاج %1$s,app fills in %1$s — keep them
ui_production_overview_fbbfc38,,Production overview,نظرة عامة على الإنتاج,
ui_profile_ff4fc02,,Profile,حساب تعريفي,
ui_profile_switches_affect_every_light_assigned_to_19ba9ec,,Profile switches affect every light assigned to %1$s.,تؤثر مفاتيح تبديل الملف الشخصي على كل ضوء مخصص لـ %1$s.,app fills in %1$s — keep them
ui_profiles_0c2a930,,Profiles,الملفات الشخصية,
ui_project_information_licensing_and_community_support_9fc47d6,,"Project information, licensing, and community support",معلومات المشروع والترخيص ودعم المجتمع,
ui_publish_one_of_your_dashboards_to_your_family_recipients_88c1d49,,Publish one of your dashboards to your family. Recipients import it from Settings › Dashboard and can pull updates later. Set what they may change under Permissions.,انشر إحدى لوحات المعلومات الخاصة بك لعائلتك. يستوردها المستلمون من الإعدادات › لوحة المعلومات ويمكنهم سحب التحديثات لاحقًا. قم بتعيين ما يمكنهم تغييره ضمن الأذونات.,
ui_published_to_your_family_33fc8da,,Published to your family,تم النشر لعائلتك,
ui_pulse_8439fc4,,pulse,نبض,
ui_pulsescale_939f5c2,,pulseScale,نبض مقياس,
ui_push_delivery_and_history_aa3e29d,,Push delivery and history,دفع التسليم والتاريخ,
ui_push_my_changes_now_ddff3f6,,Push my changes now,ادفع تغييراتي الآن,
ui_pushing_3c52088,,Pushing…,دفع…,
ui_quick_actions_e47e804,,Quick actions,إجراءات سريعة,
ui_quick_start_gesture_23ee6fe,,quick_start_gesture,Quick_start_gesture,
ui_rain_0a858c9,,Rain,مطر,
ui_rain_map_7c1862a,,Rain map,خريطة المطر,
ui_rain_map_image_url_0c47012,,Rain map image URL,عنوان URL لصورة خريطة المطر,
ui_rain_map_url_iframe_3f22653,,Rain map URL (iframe),عنوان URL للخريطة المطرية (iframe),
ui_re_import_batteries_9473d07,,Re-import batteries,إعادة استيراد البطاريات,
ui_re_import_batteries_f3b8458,,Re-import Batteries,إعادة استيراد البطاريات,
ui_re_import_climate_3ed098c,,Re-import climate,إعادة استيراد المناخ,
ui_re_import_climate_f7f5678,,Re-import Climate,إعادة استيراد المناخ,
ui_re_import_energy_9e66bbb,,Re-import Energy,إعادة استيراد الطاقة,
ui_re_import_energy_c0b0fcc,,Re-import energy,إعادة استيراد الطاقة,
ui_re_import_rooms_6cc58f9,,Re-import rooms,إعادة استيراد الغرف,
ui_re_import_rooms_b49077d,,Re-import Rooms,إعادة استيراد الغرف,
ui_re_import_security_411e76d,,Re-import Security,إعادة استيراد الأمن,
ui_re_import_security_fcf0ad8,,Re-import security,إعادة استيراد الأمن,
ui_read_only_home_assistant_automation_46d25b7,,Read-only Home Assistant automation,أتمتة Home Assistant للقراءة فقط,don't translate Home Assistant
ui_read_the_full_mpl_2_0_4d68c7d,,Read the full MPL 2.0,اقرأ MPL 2.0 كاملاً,
ui_ready_20c7c55,,Ready,مستعد,
ui_receive_home_assistant_alerts_and_actionable_notifications_386435f,,Receive Home Assistant alerts and actionable notifications on this device.,يمكنك تلقي تنبيهات Home Assistant والإشعارات القابلة للتنفيذ على هذا الجهاز.,don't translate Home Assistant
ui_recipes_create_regular_home_assistant_automations_you_can_a81bf72,,Recipes create regular Home Assistant automations. You can continue editing them in either HKI7 or Home Assistant.,تعمل الوصفات على إنشاء عمليات أتمتة منزلية منتظمة لمساعد المنزل. يمكنك الاستمرار في تحريرها إما في HKI7 أو Home Assistant.,"don't translate Home Assistant, HKI7"
ui_recommended_e37d21e,,RECOMMENDED,مُستَحسَن,
ui_recording_09b5b61,,Recording · ,التسجيل ·,keep the space at the start/end
ui_refresh_56e3bad,,Refresh,ينعش,
ui_refresh_connection_46966aa,,Refresh Connection,تحديث الاتصال,
ui_refresh_interval_f086d9d,,Refresh interval,الفاصل الزمني للتحديث,
ui_relock_after_4db5c55,,Relock after,إعادة القفل بعد,
ui_remote_access_is_ready_0e26b5a,,Remote access is ready.,الوصول عن بعد جاهز.,
ui_remote_access_optional_75dd54d,,Remote access (optional),الوصول عن بعد (اختياري),
ui_remove_436e1a0,,Remove %1$s?,هل تريد إزالة %1$s؟,app fills in %1$s — keep them
ui_remove_avatar_58e0c56,,Remove avatar,إزالة الصورة الرمزية,
ui_remove_e963907,,Remove,يزيل,
ui_remove_edits_and_import_all_7f0b4a1,,Remove edits and import all,إزالة التعديلات واستيراد الكل,
ui_removed_entities_559c584,,Removed entities (%1$s),الكيانات التي تمت إزالتها (%1$s),app fills in %1$s — keep them
ui_removed_entities_6dbeb2d,,Removed entities,الكيانات التي تمت إزالتها,
ui_removed_entities_are_excluded_from_cards_graphs_tiles_and_628e91a,,"Removed entities are excluded from cards, graphs, tiles and averages. Tap ✕ to restore.",يتم استبعاد الكيانات التي تمت إزالتها من البطاقات والرسوم البيانية والبلاطات والمعدلات. اضغط على ✕ للاستعادة.,
ui_rename_d3f4cb8,,Rename,إعادة تسمية,
ui_rename_dashboard_ceb1d6d,,Rename dashboard,إعادة تسمية لوحة القيادة,
ui_rename_home_assistant_f1a0d6f,,Rename Home Assistant,إعادة تسمية Home Assistant,don't translate Home Assistant
ui_rename_players_and_choose_which_ones_may_show_the_212864f,,Rename players and choose which ones may show the mini player above the navigation bar while playing.,أعد تسمية اللاعبين واختر اللاعبين الذين يمكنهم إظهار المشغل المصغر أعلى شريط التنقل أثناء اللعب.,
ui_rename_players_and_mini_player_visibility_8d0e1f7,,Rename players and mini player visibility,إعادة تسمية اللاعبين ورؤية اللاعب المصغر,
ui_rendering_style_and_history_range_be872e9,,Rendering style and history range,تقديم أسلوب ونطاق التاريخ,
ui_reorder_and_hide_tabs_39de701,,Reorder and hide tabs,إعادة ترتيب وإخفاء علامات التبويب,
ui_reorder_cameras_b226c47,,Reorder cameras,إعادة ترتيب الكاميرات,
ui_reorder_cards_147ed64,,Reorder cards,إعادة ترتيب البطاقات,
ui_reorder_devices_8bcc061,,Reorder devices,إعادة ترتيب الأجهزة,
ui_repeat_659eba1,,Repeat,يكرر,
ui_repeats_every_day_only_the_time_of_day_is_a71f502,,Repeats every day — only the time of day is used.,يتكرر كل يوم — يتم استخدام الوقت من اليوم فقط.,
ui_repeats_every_month_only_the_day_of_the_month_93ca445,,Repeats every month — only the day of the month and time are used.,يتكرر كل شهر — يتم استخدام يوم الشهر والوقت فقط.,
ui_repeats_every_week_only_the_weekday_and_time_are_8f36757,,Repeats every week — only the weekday and time are used.,يتكرر كل أسبوع — يتم استخدام أيام الأسبوع والوقت فقط.,
ui_repeats_every_year_the_year_is_ignored_so_e_a661f32,,"Repeats every year — the year is ignored, so e.g. 24–26 Dec recurs each Christmas.",يتكرر كل عام - يتم تجاهل العام، لذلك على سبيل المثال 24-26 ديسمبر يتكرر كل عيد الميلاد.,
ui_require_an_extra_gesture_or_pin_before_actions_run_19ae393,,Require an extra gesture or PIN before actions run,اطلب إيماءة إضافية أو رمز PIN قبل تشغيل الإجراءات,
ui_required_9100e2e,, (required),(مطلوب),keep the space at the start/end
ui_required_state_bdc9c95,,Required state,الحالة المطلوبة,
ui_reset_44c57ab,,Reset,إعادة ضبط,
ui_reset_everything_2d6cd07,,Reset Everything,إعادة ضبط كل شيء,
ui_restart_b134bd5,,Restart,إعادة تشغيل,
ui_restart_home_assistant_0206bf0,,Restart Home Assistant?,هل تريد إعادة تشغيل Home Assistant؟,don't translate Home Assistant
ui_restart_home_assistant_551322c,,Restart Home Assistant,أعد تشغيل Home Assistant,don't translate Home Assistant
ui_restarting_b86eee1,,Restarting…,جارٍ إعادة التشغيل...,
ui_restore_3cbe6d6,,Restore,يعيد,
ui_restore_backup_a65eaa8,,Restore backup,استعادة النسخة الاحتياطية,
ui_restore_from_cloud_52b6663,,Restore from cloud,استعادة من السحابة,
ui_restore_from_home_assistant_13aec1d,,Restore from Home Assistant,استعادة من Home Assistant,don't translate Home Assistant
ui_resume_adaptation_ac73b12,,Resume adaptation,استئناف التكيف,
ui_resume_b3bd0b5,,Resume,سيرة ذاتية,
ui_reverse_57f9933,,Reverse,يعكس,
ui_right_954daa8,,Right,يمين,
ui_right_side_overflows_left_d75893d,,Right side overflows left,الجانب الأيمن يفيض اليسار,
ui_room_areas_584c8ee,,Room areas,مساحات الغرف,
ui_room_climate_c57811d,,Room climate,مناخ الغرفة,
ui_room_name_8605e33,,Room name,اسم الغرفة,
ui_room_scale_6602c22,,room-scale,نطاق الغرفة,
ui_rooms_3a28d6f,,Rooms,الغرف,
ui_rooms_are_imported_2ef3415,,Rooms are imported,الغرف مستوردة,
ui_rooms_in_auto_mode_are_imported_from_home_assistant_c583d84,,Rooms in auto mode are imported from Home Assistant. Switch to manual or take over the current dashboard to add widgets by hand.,يتم استيراد الغرف في الوضع التلقائي من Home Assistant. قم بالتبديل إلى الوضع اليدوي أو تولي لوحة المعلومات الحالية لإضافة الأدوات يدويًا.,don't translate Home Assistant
ui_rotation_acaf322,,rotation,تناوب,
ui_roundness_of_buttons_cards_and_widgets_3573fff,,"Roundness of buttons, cards and widgets",استدارة الأزرار والبطاقات والحاجيات,
ui_run_b1b3926,,Run,يجري,
ui_run_mode_12ce660,,Run mode,وضع التشغيل,
ui_running_state_entity_3c8ffde,,Running-state entity,كيان حالة التشغيل,
ui_s_02aa629,,S,س,
ui_s_are_81c69ca,,s are,هي,
ui_s_refresh_10a9b0b,,%1$ss refresh,تحديث %1$ss,app fills in %1$s — keep them
ui_save_efc007a,,Save,يحفظ,
ui_save_in_home_assistant_eacb2ce,,Save in Home Assistant,حفظ في Home Assistant,don't translate Home Assistant
ui_save_local_network_7f0247d,,Save Local Network,حفظ الشبكة المحلية,
ui_save_or_restore_dashboard_configuration_be8f39f,,Save or restore dashboard configuration,حفظ أو استعادة تكوين لوحة القيادة,
ui_save_profile_f597c0e,,Save profile,حفظ الملف الشخصي,
ui_save_remote_access_05740bc,,Save Remote Access,حفظ الوصول عن بعد,
ui_saved_directly_in_the_native_automation_734f9ba,,Saved directly in the native automation,تم الحفظ مباشرة في الأتمتة الأصلية,
ui_saving_56a2285,,Saving…,توفير…,
ui_scanning_36c4a06,,Scanning…,مسح…,
ui_scheduled_1cd1bda,,Scheduled,المقرر,
ui_search_actions_9313854,,Search actions,إجراءات البحث,
ui_search_automations_9172ba9,,Search automations,أتمتة البحث,
ui_search_batteries_a63e58b,,Search batteries,بحث عن البطاريات,
ui_search_bce0641,,Search,يبحث,
ui_search_by_name_28abc03,,Search by name,البحث بالاسم,
ui_search_devices_2ce0b70,,Search devices,أجهزة البحث,
ui_search_entities_7c70008,,Search entities,بحث عن الكيانات,
ui_search_f54fbca,,Search…,يبحث…,
ui_search_filters_3d10e32,,Search & filters,البحث والتصفية,
ui_search_sort_9fe6cb4,,Search & sort,بحث وفرز,
ui_search_the_material_design_icon_library_2a2aa8d,,Search the Material Design icon library,ابحث في مكتبة أيقونات تصميم المواد,
ui_search_widgets_9525879,,Search widgets,بحث الحاجيات,
ui_season_62255f5,,Season,موسم,
ui_season_card_flip_6683142,,season-card-flip,الوجه بطاقة الموسم,
ui_secondary_line_ca81690,,Secondary line,الخط الثانوي,
ui_seconds_5fb1db5,,Seconds,ثواني,
ui_securitydoor_929c4fc,,securityDoor,SecurityDoor,
ui_securitygarage_499e9f7,,securityGarage,com.securityGarage,
ui_securitygate_0743480,,securityGate,com.securityGate,
ui_securityhouse_08bd121,,securityHouse,com.securityHouse,
ui_securityphase_f4739f6,,securityPhase,SecurityPhase,
ui_securitypulse_5340cf8,,securityPulse,نبض الأمن,
ui_securitywindow_4619bf3,,securityWindow,SecurityWindow,
ui_select_0fc8ec5,,Select %1$s,حدد %1$s,app fills in %1$s — keep them
ui_select_a_mode_to_continue_0426fc8,,Select a mode to continue,حدد الوضع للمتابعة,
ui_select_an_effect_to_turn_it_on_75d9bec,,Select an effect to turn it on,حدد تأثيرًا لتشغيله,
ui_select_an_inverter_device_in_energy_settings_solar_to_4a0aade,,Select an inverter device in Energy Settings → Solar to list its inverters here.,حدد جهاز عاكس في إعدادات الطاقة → الطاقة الشمسية لإدراج محولاته هنا.,
ui_select_an_option_08d7aa3,,Select an option,حدد خيارًا,
ui_select_battery_devices_bfc9841,,Select Battery Devices,حدد أجهزة البطارية,
ui_select_battery_entities_b08b299,,Select Battery Entities,حدد كيانات البطارية,
ui_select_battery_sensor_51f1222,,Select Battery Sensor,حدد مستشعر البطارية,
ui_select_calendars_and_the_view_shown_first_d5c38b5,,Select calendars and the view shown first,حدد التقويمات والعرض الموضح أولاً,
ui_select_calendars_e26b0da,,Select Calendars,حدد التقويمات,
ui_select_camera_70cf6fb,,Select Camera,حدد الكاميرا,
ui_select_climate_card_18f3b6e,,Select Climate Card,حدد بطاقة المناخ,
ui_select_device_87a4751,,Select Device,حدد الجهاز,
ui_select_door_sensor_f345fbf,,Select Door Sensor,حدد مستشعر الباب,
ui_select_empty_bin_control_d992252,,Select Empty Bin Control,حدد التحكم في سلة المهملات الفارغة,
ui_select_energy_card_9b5bf0c,,Select Energy Card,اختر بطاقة الطاقة,
ui_select_entities_affed45,,Select Entities,حدد الكيانات,
ui_select_entity_4b3713e,,Select Entity,حدد الكيان,
ui_select_forecast_entities_f0ec511,,Select Forecast Entities,حدد كيانات التنبؤ,
ui_select_humidity_sensor_8192d0e,,Select Humidity Sensor,حدد مستشعر الرطوبة,
ui_select_map_camera_d5ae262,,Select Map Camera,حدد كاميرا الخريطة,
ui_select_media_player_73f4f5b,,Select Media Player,حدد مشغل الوسائط,
ui_select_media_players_e0da90e,,Select Media Players,حدد مشغلات الوسائط,
ui_select_outside_3593063,,Select outside %1$s,اختر خارج %1$s,app fills in %1$s — keep them
ui_select_running_state_entity_136482a,,Select running-state entity,حدد كيان حالة التشغيل,
ui_select_sensor_2564e1a,,Select Sensor,حدد المستشعر,
ui_select_sensors_5141d75,,Select Sensors,حدد أجهزة الاستشعار,
ui_select_speed_control_20f7efa,,Select speed control,حدد التحكم في السرعة,
ui_select_target_entity_654e6ac,,Select Target Entity,حدد الكيان المستهدف,
ui_select_temperature_sensor_821f54c,,Select Temperature Sensor,حدد مستشعر درجة الحرارة,
ui_select_the_alarm_panels_summarized_by_this_pill_f9b23e6,,Select the alarm panels summarized by this pill,حدد لوحات الإنذار التي تلخصها هذه الحبة,
ui_select_to_auto_detect_map_battery_and_controls_72bc9d7,,"Select to auto-detect map, battery and controls",حدد للكشف التلقائي عن الخريطة والبطارية وعناصر التحكم,
ui_select_to_auto_fill_helper_entities_below_84a8833,,Select to auto-fill helper entities below,حدد للملء التلقائي للكيانات المساعدة أدناه,
ui_select_vacuum_4663021,,Select Vacuum,حدد فراغ,
ui_select_vacuum_entity_dbda6f4,,Select Vacuum Entity,حدد كيان الفراغ,
ui_select_vacuums_7c2d22a,,Select Vacuums,حدد المكانس الكهربائية,
ui_select_waste_sensors_6006d5f,,Select Waste Sensors,حدد أجهزة استشعار النفايات,
ui_select_water_level_562845a,,Select Water Level,حدد مستوى الماء,
ui_select_weather_2357e9d,,Select Weather,حدد الطقس,
ui_select_weather_entity_d489986,,Select Weather Entity,حدد كيان الطقس,
ui_select_week_calendar_640f382,,Select Week Calendar,حدد تقويم الأسبوع,
ui_selected_61ed328,,%1$s selected,%1$s تم التحديد,app fills in %1$s — keep them
ui_selected_b82aaa5,,%1$s · Selected,%1$s · تم التحديد,app fills in %1$s — keep them
ui_selected_for_this_card_3c4a588,,%1$s selected for this card,تم تحديد %1$s لهذه البطاقة,app fills in %1$s — keep them
ui_sensor_620ec21,,%1$s sensor%2$s,%1$s المستشعر%2$s,app fills in %1$s %2$s — keep them
ui_sensor_efb9fbf,,SENSOR,الاستشعار,
ui_sensor_graphs_5eb3573,,Sensor Graphs,الرسوم البيانية الاستشعار,
ui_sensor_picture_c3a0ed2,,Sensor picture,صورة الاستشعار,
ui_sensors_711bf35,,Sensors,أجهزة الاستشعار,
ui_sensors_and_an_optional_week_calendar_399bad3,,Sensors and an optional week calendar,أجهزة الاستشعار وتقويم الأسبوع الاختياري,
ui_sensors_are_found_automatically_by_device_class_add_sensor_150bab5,,%1$s sensors are found automatically by device class; add sensors missing that class here.,يتم العثور على أجهزة الاستشعار %1$s تلقائيًا حسب فئة الجهاز؛ أضف أجهزة الاستشعار التي تفتقد تلك الفئة هنا.,app fills in %1$s — keep them
ui_separate_commercial_content_0408620,,Separate commercial content,محتوى تجاري منفصل,
ui_server_url_1d5d1ef,,Server URL,عنوان URL للخادم,
ui_services_data_7864c0a,,Services & data,الخدمات والبيانات,
ui_session_f7f1997,,Session,حصة,
ui_set_448ab73,,Set,تعيين,
ui_set_a_rain_map_image_url_in_this_widget_03729b8,,Set a rain map image URL in this widget's settings,قم بتعيين عنوان URL لصورة خريطة المطر في إعدادات هذه الأداة,
ui_set_the_control_style_for_every_thermostat_on_this_de5cd1e,,Set the control style for every thermostat on this Climate page. Standalone climate widgets keep their own layout settings.,اضبط نمط التحكم لكل منظم حرارة في صفحة المناخ هذه. تحتفظ أدوات المناخ المستقلة بإعدادات التخطيط الخاصة بها.,
ui_set_what_each_person_may_do_per_user_like_aa86ea2,,"Set what each person may do — per user, like the hidden views above. These apply when they use a dashboard you shared.",قم بتعيين ما يمكن أن يفعله كل شخص — لكل مستخدم، مثل طرق العرض المخفية أعلاه. تنطبق هذه عندما يستخدمون لوحة المعلومات التي قمت بمشاركتها.,
ui_settings_c7f73bb,,Settings,إعدادات,
ui_setup_changed_b184bf0,,Setup changed,تم تغيير الإعداد,
ui_setup_progress_1a8adef,,Setup progress,تقدم الإعداد,
ui_shape_and_width_on_the_dashboard_c89fefa,,Shape and width on the dashboard,الشكل والعرض على لوحة القيادة,
ui_shape_ea5c1a2,,Shape,شكل,
ui_shape_visible_information_and_icon_behavior_63dec1c,,"Shape, visible information, and icon behavior",الشكل والمعلومات المرئية وسلوك الرمز,
ui_share_09ca55c,,Share,يشارك,
ui_share_b300e5f,,"Share ""%1$s""","مشاركة ""%1$s""",app fills in %1$s — keep them
ui_share_dashboards_0917ff1,,Share dashboards,مشاركة لوحات المعلومات,
ui_shared_dashboard_86876c0,,Shared dashboard,لوحة القيادة المشتركة,
ui_shared_with_me_f40ca84,,Shared with me,مشترك معي,
ui_sharing_ad00590,,Sharing…,مشاركة…,
ui_show_a_descending_timer_when_the_value_is_a_1ae7350,,"Show a descending timer when the value is a completion time (e.g. a washer/dryer finish time). Active while counting, off at zero.",إظهار مؤقت تنازلي عندما تكون القيمة هي وقت الاكتمال (على سبيل المثال، وقت انتهاء الغسالة/المجفف). نشط أثناء العد، ويتوقف عند الصفر.,
ui_show_a_live_radar_rain_map_card_a_camera_a0e11c8,,Show a live radar/rain map card — a camera entity or an embedded web page (iframe),إظهار بطاقة خريطة الرادار/المطر المباشرة — كيان كاميرا أو صفحة ويب مضمنة (iframe),
ui_show_activity_badge_f5d56bb,,Show activity badge,إظهار شارة النشاط,
ui_show_badge_bar_827499b,,Show badge bar,إظهار شريط الشارة,
ui_show_flows_button_9e888be,,Show flows button,زر إظهار التدفقات,
ui_show_global_search_e7aefbe,,Show global search,عرض البحث العالمي,
ui_show_group_380c43e,,Show group,عرض المجموعة,
ui_show_in_header_43f0dfd,,Show in header,تظهر في الرأس,
ui_show_persons_c4e81a0,,Show persons,إظهار الأشخاص,
ui_show_the_automations_flows_button_16254ce,,Show the automations (flows) button,إظهار زر الأتمتة (التدفقات).,
ui_show_the_entity_s_state_or_one_of_its_1008a4d,,"Show the entity's state, or one of its attributes instead",إظهار حالة الكيان، أو إحدى سماته بدلاً من ذلك,
ui_show_the_entity_s_state_or_one_of_its_e721168,,"Show the entity's state, or one of its attributes instead.",إظهار حالة الكيان، أو إحدى سماته بدلاً من ذلك.,
ui_show_the_global_search_button_0517d8b,,Show the global search button,إظهار زر البحث العالمي,
ui_show_widget_name_5ad7fc9,,Show widget name,إظهار اسم القطعة,
ui_shown_b1015a1,,%1$s shown,%1$s معروض,app fills in %1$s — keep them
ui_shows_an_icon_matching_the_waste_type_gft_pmd_1966fe0,,"Shows an icon matching the waste type (GFT, PMD, paper, …).",تظهر أيقونة مطابقة لنوع النفايات (GFT، PMD، ورق، …).,
ui_side_split_alignment_b9c5399,,Side (split alignment),الجانب (محاذاة الانقسام),
ui_sign_out_safely_or_reset_this_installation_681fac2,,Sign out safely or reset this installation,قم بتسجيل الخروج بأمان أو إعادة تعيين هذا التثبيت,
ui_signing_you_in_10d0636,,Signing you in…,جارٍ تسجيل دخولك...,
ui_size_shape_and_artwork_4bb38bb,,"Size, shape, and artwork",الحجم والشكل والعمل الفني,
ui_size_shape_and_background_24dd9b6,,"Size, shape, and background",الحجم والشكل والخلفية,
ui_snapshot_b08ae37,,Snapshot,لقطة,
ui_solar_0e26539,,Solar,الشمسية,
ui_solar_noon_599372c,,Solar noon %1$s,الظهيرة الشمسية %1$s,app fills in %1$s — keep them
ui_sort_d5f73d6,,Sort: %1$s,الترتيب: %1$s,app fills in %1$s — keep them
ui_source_and_card_refresh_behavior_0a26324,,Source and card refresh behavior,سلوك تحديث المصدر والبطاقة,
ui_source_device_4ddad2a,,Source device,جهاز المصدر,
ui_span_badges_58c73f2,,Span badges,شارات تمتد,
ui_speed_265ffc5,,SPEED,سرعة,
ui_speed_control_89a2786,,Speed control,التحكم في السرعة,
ui_spin_a801301,,spin,يلف,
ui_square_82810cb,,Square,مربع,
ui_stack_cards_8bdc343,,Stack Cards,بطاقات المكدس,
ui_stack_layout_1623679,,Stack layout,تخطيط المكدس,
ui_stack_name_7507e93,,Stack name,اسم المكدس,
ui_stack_page_3d91ce9,,stack_page,Stack_page,
ui_stack_title_46ccc2d,,Stack title,عنوان المكدس,
ui_stack_title_cc2f1ed,,Stack Title,عنوان المكدس,
ui_stacks_249f056,,Stacks,أكوام,
ui_standard_2dfa660,,Standard,معيار,
ui_start_24758a5,,Start: %1$s,البداية: %1$s,app fills in %1$s — keep them
ui_start_empty_25336ee,,Start empty,ابدأ فارغًا,
ui_start_empty_888db50,,Start Empty,ابدأ فارغًا,
ui_start_new_dashboard_8c71127,,Start new dashboard?,هل تريد بدء لوحة تحكم جديدة؟,
ui_start_with_a_useful_recipe_then_adjust_each_step_d560a2a,,"Start with a useful recipe, then adjust each step",ابدأ بوصفة مفيدة، ثم اضبط كل خطوة,
ui_state_a725020,,State,ولاية,
ui_state_bef84bb,,STATE,ولاية,
ui_state_text_6749c0a,,State text,نص الدولة,
ui_stream_df06386,,Stream,تدفق,
ui_style_99a0efc,,Style,أسلوب,
ui_sunrise_and_sunset_data_unavailable_3295324,,Sunrise and sunset data unavailable,بيانات شروق الشمس وغروبها غير متوفرة,
ui_sunrise_fadf71c,,Sunrise,شروق الشمس,
ui_sunset_181bcd5,,Sunset,غروب,
ui_support_f32d5a3,,Support,يدعم,
ui_support_via_buy_me_a_coffee_d7dadd1,,Support via Buy Me a Coffee,الدعم عبر اشتري لي القهوة,
ui_support_via_paypal_7184a5d,,Support via PayPal,الدعم عبر باي بال,
ui_support_without_premium_0a4aebd,,Support without Premium,الدعم بدون بريميوم,
ui_supports_headings_lists_quotes_code_bold_italic_code_strik_e295744,,"Supports # headings, lists, > quotes, ``` code, **bold**, *italic*, `code`, ~~strike~~ and [links](https://…).",يدعم # عناوين، وقوائم، وعلامات اقتباس، ورمز ```، و**غامق**، و*مائل*، و`رمز`، و~~strike~~، و[روابط](https://...).,
ui_swing_65d8d45,,Swing,يتأرجح,
ui_swing_horizontal_c166cda,,Swing (horizontal),التأرجح (أفقيًا),
ui_swipe_left_from_the_upper_right_edge_of_a_416c467,,Swipe left from the upper-right edge of a page header to switch homes at any time.,اسحب لليسار من الحافة العلوية اليمنى لرأس الصفحة للتبديل بين المنازل في أي وقت.,
ui_switch_b02cbd9,,SWITCH,يُحوّل,
ui_switch_home_e6ceda2,,Switch home,التبديل إلى المنزل,
ui_system_dark_theme_c7e4ff9,,System Dark Theme,موضوع النظام المظلم,
ui_system_light_theme_5bc7623,,System Light Theme,موضوع ضوء النظام,
ui_systems_idle_584a6f0,,Systems idle,الأنظمة عاطلة,
ui_t_c2c53d6,,T,ت,
ui_tabs_and_media_controls_shown_throughout_the_app_5d9c1ff,,Tabs and media controls shown throughout the app,تظهر علامات التبويب وعناصر التحكم في الوسائط في جميع أنحاء التطبيق,
ui_tap_here_or_use_the_button_while_edit_mode_8baf490,,Tap here or use the + button while edit mode is active to add widgets to this stack.,انقر هنا أو استخدم الزر + عندما يكون وضع التحرير نشطًا لإضافة عناصر واجهة المستخدم إلى هذه المجموعة.,
ui_tap_here_or_use_the_button_while_edit_mode_b06aac5,,Tap here or use the + button while edit mode is active to add entities to this stack.,انقر هنا أو استخدم الزر + عندما يكون وضع التحرير نشطًا لإضافة كيانات إلى هذه المجموعة.,
ui_tap_hold_and_dialog_quick_actions_2052817,,"Tap, hold, and dialog quick actions",انقر مع الاستمرار ومحاورة الإجراءات السريعة,
ui_tap_share_to_publish_or_update_d185341,,Tap Share to publish or update,اضغط على مشاركة للنشر أو التحديث,
ui_tap_to_add_a_weather_card_a3508a9,,Tap + to add a weather card,اضغط على + لإضافة بطاقة الطقس,
ui_tap_to_load_0c49cab,,Tap to load,انقر للتحميل,
ui_tap_x_to_restore_an_entity_to_the_battery_ad0eb75,,Tap X to restore an entity to the battery page.,انقر فوق X لاستعادة كيان إلى صفحة البطارية.,
ui_target_49d76ad,,TARGET (%1$s–%2$s%%),الهدف (%1$s–%2$s%%),app fills in %1$s %2$s — keep them
ui_target_61ad50a,,Target,هدف,
ui_target_entity_optional_cdb68af,,Target entity (optional),الكيان المستهدف (اختياري),
ui_target_f762108,,TARGET,هدف,
ui_technology_d018b08,,Technology,تكنولوجيا,
ui_temperature_0a9062a,,Temperature,درجة حرارة,
ui_temperature_and_humidity_sources_for_the_room_8960580,,Temperature and humidity sources for the room,مصادر درجة الحرارة والرطوبة للغرفة,
ui_temperature_cc6906a,,TEMPERATURE,درجة حرارة,
ui_temperature_sensor_graphed_in_activity_1088c3d,,Temperature sensor (graphed in Activity),مستشعر درجة الحرارة (مخطط في النشاط),
ui_text_c3328c3,,Text,نص,
ui_text_size_boldness_and_font_family_365f489,,"Text size, boldness and font family",حجم النص والجرأة وعائلة الخط,
ui_that_profile_35adbf0,,that profile,هذا الملف الشخصي,
ui_the_effect_used_when_a_button_s_animation_is_7cce891,,"The effect used when a button's animation is set to ""Auto"". You can still override any individual button.","التأثير المستخدم عند ضبط الرسوم المتحركة للزر على ""تلقائي"". لا يزال بإمكانك تجاوز أي زر فردي.",
ui_the_exact_dates_you_pick_leave_a_bound_as_19357e8,,"The exact dates you pick. Leave a bound as ""Any"" for an open-ended range.","التواريخ الدقيقة التي تختارها. اترك الحد كـ ""أي"" لنطاق مفتوح.",
ui_the_heading_shown_between_dashboard_sections_b03805f,,The heading shown between dashboard sections,العنوان الموضح بين أقسام لوحة المعلومات,
ui_the_hki_7_community_source_code_is_free_and_f4f3f51,,"The HKI 7 community source code is free and open source under the Mozilla Public License 2.0. You may use, study, modify, and redistribute it. When you distribute modified MPL-covered files, those files and their source must remain available under MPL-2.0.",كود مصدر مجتمع HKI 7 مجاني ومفتوح المصدر بموجب ترخيص Mozilla العام 2.0. ويجوز لك استخدامه ودراسته وتعديله وإعادة توزيعه. عندما تقوم بتوزيع ملفات معدلة مغطاة بـ MPL، يجب أن تظل هذه الملفات ومصدرها متاحين ضمن MPL-2.0.,don't translate HKI 7
ui_the_hki_7_name_and_logos_are_project_trademarks_985ffec,,"The HKI 7 name and logos are project trademarks and are not granted for misleading redistribution. Home Assistant and other third-party names, libraries, fonts, and artwork remain subject to their respective licenses and trademarks. The software is provided without warranty, as described by MPL-2.0.",يعد اسم وشعارات HKI 7 علامات تجارية للمشروع ولا يتم منحها لإعادة التوزيع المضلل. تظل Home Assistant وأسماء الطرف الثالث والمكتبات والخطوط والأعمال الفنية خاضعة للتراخيص والعلامات التجارية الخاصة بها. يتم توفير البرنامج بدون ضمان، كما هو موضح في MPL-2.0.,"don't translate Home Assistant, HKI 7"
ui_the_interface_is_built_with_jetpack_compose_coroutines_and_fe7f52d,,"The interface is built with Jetpack Compose. Coroutines and Flow handle live state, while JSON and YAML-compatible data keep HKI 7 connected with Home Assistant.",تم إنشاء الواجهة باستخدام Jetpack Compose. تتعامل Coroutines وFlow مع الحالة المباشرة، بينما تحافظ البيانات المتوافقة مع JSON وYAML على اتصال HKI 7 مع Home Assistant.,"don't translate Home Assistant, HKI 7"
ui_the_open_source_community_core_remains_usable_without_prem_d83ff8a,,The open-source community core remains usable without Premium. Premium purchases fund extra visual content and continued development; they do not remove the freedoms granted for MPL-covered files.,يظل جوهر المجتمع مفتوح المصدر قابلاً للاستخدام بدون Premium. تمول عمليات الشراء المميزة المحتوى المرئي الإضافي والتطوير المستمر؛ فهي لا تزيل الحريات الممنوحة للملفات المغطاة بـ MPL.,
ui_the_page_starts_empty_with_its_own_header_and_5a325c0,,"The page starts empty with its own header and page settings, while keeping the Home widget catalogue.",تبدأ الصفحة فارغة برأسها وإعدادات الصفحة الخاصة بها، مع الاحتفاظ بكتالوج عناصر واجهة المستخدم الرئيسية.,
ui_the_quick_brown_fox_jumps_over_the_lazy_dog_2204ad2,,The quick brown fox jumps over the lazy dog — 0123456789,الثعلب البني السريع يقفز فوق الكلب الكسول — 0123456789,
ui_the_room_header_and_card_show_a_single_player_3e24a17,,"The room header and card show a single player's media, or an active-player count when multiple players are selected.",يعرض رأس الغرفة والبطاقة وسائط لاعب واحد، أو عدد اللاعبين النشطين عند اختيار عدة لاعبين.,
ui_the_text_shown_on_the_dashboard_fff5c98,,The text shown on the dashboard,النص الموضح على لوحة القيادة,
ui_the_web_page_shown_on_this_card_ce97bfd,,The web page shown on this card,صفحة الويب المعروضة على هذه البطاقة,
ui_theme_a797e30,,Theme,سمة,
ui_theme_and_navigation_bar_474ee6b,,Theme and navigation bar,الموضوع وشريط التنقل,
ui_thermostat_dial_e6af91b,,Thermostat dial,قرص ترموستات,
ui_thermostats_601da0c,,Thermostats,منظمات الحرارة,
ui_thermostats_ac_7d2ace4,,Thermostats & AC,منظمات الحرارة وتكييف الهواء,
ui_these_are_stored_in_the_cloud_import_one_to_558c62d,,"These are stored in the cloud. Import one to edit or re-share it, or delete it to remove it from everyone. Your edits are also pushed automatically when you open the app.",يتم تخزين هذه في السحابة. قم باستيراد إحداها لتعديلها أو إعادة مشاركتها، أو احذفها لإزالتها من الجميع. يتم أيضًا دفع تعديلاتك تلقائيًا عند فتح التطبيق.,
ui_these_links_open_in_your_browser_tips_do_not_049b881,,These links open in your browser. Tips do not unlock Premium features and do not create an obligation to provide individual support.,هذه الروابط مفتوحة في متصفحك. لا تفتح النصائح ميزات Premium ولا تنشئ التزامًا بتقديم الدعم الفردي.,
ui_these_permissions_are_optional_and_can_be_changed_later_aa7a106,,These permissions are optional and can be changed later in Android Settings.,هذه الأذونات اختيارية ويمكن تغييرها لاحقًا في إعدادات Android.,
ui_thin_100_9e7a443,,Thin (-100),رفيع (-100),
ui_thinner_200_6ae7a6f,,Thinner (-200),أرق (-200),
ui_this_action_does_not_use_an_entity_target_5952444,,This action does not use an entity target.,لا يستخدم هذا الإجراء هدف الكيان.,
ui_this_action_has_no_required_target_or_additional_fields_987a410,,This action has no required target or additional fields.,لا يحتوي هذا الإجراء على هدف أو حقول إضافية مطلوبة.,
ui_this_automation_is_managed_outside_home_assistant_s_ui_89d26f5,,"This automation is managed outside Home Assistant's UI (usually YAML). HKI7 can show it, but will not overwrite it.",تتم إدارة هذه الأتمتة خارج واجهة مستخدم Home Assistant (عادةً YAML). يمكن لـ HKI7 إظهاره، لكنه لن يقوم بالكتابة فوقه.,"don't translate Home Assistant, HKI7"
ui_this_card_uses_its_own_entities_e572388,,This card uses its own entities,تستخدم هذه البطاقة كياناتها الخاصة,
ui_this_dashboard_is_currently_being_generated_from_home_assi_470200d,,This dashboard is currently being generated from Home Assistant. You can edit rooms as soon as the one-time import finishes.,يتم حاليًا إنشاء لوحة المعلومات هذه من Home Assistant. يمكنك تعديل الغرف بمجرد انتهاء عملية الاستيراد لمرة واحدة.,don't translate Home Assistant
ui_this_entity_2ddd36d,,This entity,هذا الكيان,
ui_this_entity_has_no_attributes_to_show_b09f4c9,,This entity has no attributes to show.,هذا الكيان ليس لديه سمات لإظهارها.,
ui_this_light_is_paused_for_manual_control_706bffa,,This light is paused for manual control.,تم إيقاف هذا الضوء مؤقتًا للتحكم اليدوي.,
ui_this_name_is_used_when_the_device_registers_with_8aba2f2,,This name is used when the device registers with Home Assistant.,يتم استخدام هذا الاسم عندما يقوم الجهاز بالتسجيل مع Home Assistant.,don't translate Home Assistant
ui_this_permanently_removes_this_dashboard_and_its_room_and_8087734,,This permanently removes this dashboard and its room and page configuration.,يؤدي هذا إلى إزالة لوحة المعلومات هذه وتكوين الغرفة والصفحة بشكل دائم.,
ui_this_removes_all_imported_battery_entities_from_this_view_7a74283,,This removes all imported battery entities from this view.,يؤدي هذا إلى إزالة كافة كيانات البطارية المستوردة من طريقة العرض هذه.,
ui_this_removes_all_imported_climate_entities_from_this_view_713f511,,This removes all imported climate entities from this view.,يؤدي هذا إلى إزالة كافة الكيانات المناخية المستوردة من طريقة العرض هذه.,
ui_this_removes_all_imported_energy_entities_from_this_view_7397917,,This removes all imported energy entities from this view.,يؤدي هذا إلى إزالة كافة كيانات الطاقة المستوردة من طريقة العرض هذه.,
ui_this_removes_all_imported_rooms_and_floors_from_this_d1cbbff,,This removes all imported rooms and floors from this view.,يؤدي هذا إلى إزالة جميع الغرف والأرضيات المستوردة من طريقة العرض هذه.,
ui_this_removes_all_imported_security_entities_from_this_view_6443e5c,,This removes all imported security entities from this view.,يؤدي هذا إلى إزالة كافة كيانات الأمان المستوردة من طريقة العرض هذه.,
ui_this_removes_its_login_mobile_app_registration_details_and_69afc19,,"This removes its login, mobile-app registration details, and HKI dashboards from this device. The Home Assistant server itself is not changed.",يؤدي هذا إلى إزالة تسجيل الدخول وتفاصيل تسجيل تطبيق الهاتف المحمول ولوحات معلومات HKI من هذا الجهاز. لم يتم تغيير خادم Home Assistant نفسه.,don't translate Home Assistant
ui_this_removes_the_native_automation_from_home_assistant_thi_2a48e1a,,This removes the native automation from Home Assistant. This cannot be undone from HKI7.,يؤدي هذا إلى إزالة الأتمتة الأصلية من Home Assistant. لا يمكن التراجع عن هذا من HKI7.,"don't translate Home Assistant, HKI7"
ui_this_removes_the_shared_dashboard_from_the_cloud_for_4bab01c,,This removes the shared dashboard from the cloud for everyone. People currently using it fall back to an auto-generated dashboard. Their local copies aren't touched until they next open the app.,يؤدي هذا إلى إزالة لوحة المعلومات المشتركة من السحابة للجميع. يعود الأشخاص الذين يستخدمونه حاليًا إلى لوحة التحكم التي تم إنشاؤها تلقائيًا. ولا يتم لمس نسخهم المحلية حتى يفتحوا التطبيق في المرة التالية.,
ui_this_runs_on_a_small_free_home_assistant_add_f46f2e3,,"This runs on a small, free Home Assistant add-on (the HKI 7 Cloud component). It isn't on HACS by default yet, so add it as a custom repository — the app then handles everything else.",يعمل هذا على وظيفة إضافية صغيرة مجانية لـ Home Assistant (مكون HKI 7 Cloud). إنه ليس موجودًا على HACS بشكل افتراضي حتى الآن، لذا قم بإضافته كمستودع مخصص - ثم يتعامل التطبيق مع كل شيء آخر.,"don't translate HKI 7 Cloud, Home Assistant"
ui_this_source_code_form_is_subject_to_the_terms_c8e4e24,,"This Source Code Form is subject to the terms of the Mozilla Public License, v. 2.0. If a copy of the MPL was not distributed with this file, you can obtain one at mozilla.org/MPL/2.0/.",يخضع نموذج كود المصدر هذا لشروط ترخيص Mozilla العام، الإصدار 2.0. إذا لم يتم توزيع نسخة من MPL مع هذا الملف، فيمكنك الحصول على واحدة على mozilla.org/MPL/2.0/.,
ui_this_stack_has_no_items_0f92c8d,,This stack has no items.,لا تحتوي هذه المكدس على أي عناصر.,
ui_this_travels_with_the_dashboard_so_cloud_backups_and_1dd603d,," This travels with the dashboard, so cloud backups and family sharing keep it.",ينتقل هذا مع لوحة المعلومات، لذلك تحتفظ به النسخ الاحتياطية السحابية والمشاركة العائلية.,keep the space at the start/end
ui_tile_2dd2c66,,Tile,بلاط,
ui_tilt_aceae6f,,TILT,إمالة,
ui_time_6c82e6d,,Time,وقت,
ui_time_range_9257117,,Time Range,النطاق الزمني,
ui_title_768e0c1,,Title,عنوان,
ui_title_collapse_behavior_and_dashboard_width_a64a590,,"Title, collapse behavior, and dashboard width",العنوان وسلوك الطي وعرض لوحة المعلومات,
ui_title_collapse_behavior_and_width_dd2b475,,"Title, collapse behavior, and width",العنوان وسلوك الطي والعرض,
ui_title_optional_932fc13,,Title (optional),العنوان (اختياري),
ui_title_width_and_icon_41ec073,,"Title, width, and icon",العنوان والعرض والرمز,
ui_to_state_2a995a1,,To state,للدولة,
ui_today_24345a1,,Today,اليوم,
ui_tomorrow_1948bf2,,Tomorrow,غداً,
ui_top_consumers_0199dbf,,Top consumers,كبار المستهلكين,
ui_tracking_number_4e40c54,,Tracking number,عدد تتبع,
ui_try_again_042c862,,Try again,حاول ثانية,
ui_try_the_demo_home_no_server_needed_bc58247,,Try the demo home — no server needed,جرب الصفحة الرئيسية التجريبية — لا حاجة إلى خادم,
ui_turn_off_all_3a7a2b0,,Turn off all,قم بإيقاف تشغيل الكل,
ui_turn_on_a5aa418,,Turn On,تشغيل,
ui_turn_the_light_on_to_access_controls_25f4ad6,,Turn the light on to access controls,قم بتشغيل الضوء للوصول إلى عناصر التحكم,
ui_turn_the_notification_connection_channel_off_on_the_next_cdddec0,,"Turn the ""Notification connection"" channel off on the next screen — the connection keeps working, only its notification disappears.","قم بإيقاف تشغيل قناة ""اتصال الإشعارات"" على الشاشة التالية - يستمر الاتصال في العمل، ويختفي الإشعار فقط.",
ui_two_rows_1b1737f,,Two rows,صفين,
ui_type_3deb745,,Type,يكتب,
ui_type_icon_839142a,,Type icon,رمز الكتابة,
ui_unable_to_connect_8207f1b,,Unable to connect,غير قادر على الاتصال,
ui_unit_f6b935a,,Unit,وحدة,
ui_unknown_bc7819b,,Unknown,مجهول,
ui_unknown_energy_card_b8e46de,,Unknown energy card: %1$s,بطاقة طاقة غير معروفة: %1$s,app fills in %1$s — keep them
ui_unlock_1526a17,,Unlock,فتح,
ui_unlock_button_ad521c4,,Unlock button,فتح زر,
ui_unlock_method_dff380e,,Unlock method,طريقة فتح,
ui_unlocked_b3da702,,Unlocked,مفتوح,
ui_unrestricted_background_cebdb1e,,Unrestricted background,خلفية غير مقيدة,
ui_untitled_621521f,,Untitled,بدون عنوان,
ui_untitled_event_ef8d264,,Untitled event,حدث بلا عنوان,
ui_upcoming_523baab,,Upcoming,القادمة,
ui_update_fb91e24,,Update,تحديث,
ui_update_location_now_d338c2c,,Update Location Now,تحديث الموقع الآن,
ui_updated_62d2331,,Updated %1$s,تم التحديث %1$s,app fills in %1$s — keep them
ui_url_https_a1a19ec,,URL (https://…),عنوان URL (https://…),
ui_usage_overview_fc2eefc,,Usage overview,نظرة عامة على الاستخدام,
ui_use_1d4d43c,,Use,يستخدم,
ui_use_a_dashboard_an_admin_has_shared_with_you_8b1cfdb,,Use a dashboard an admin has shared with you.,استخدم لوحة المعلومات التي شاركها المسؤول معك.,
ui_use_a_family_shared_dashboard_9b8ab51,,Use a family shared dashboard,استخدم لوحة تحكم عائلية مشتركة,
ui_use_a_recognizable_name_such_as_kitchen_tablet_or_ca9f431,,"Use a recognizable name, such as ‘Kitchen tablet’ or ‘Jimmy’s phone’.","استخدم اسمًا يمكن التعرف عليه، مثل ""جهاز لوحي للمطبخ"" أو ""هاتف جيمي"".",
ui_use_family_shared_dashboard_28e06c2,,Use family shared dashboard,استخدم لوحة القيادة المشتركة للعائلة,
ui_used_6a4ebbf,,Used %1$s,مستعملة %1$s,app fills in %1$s — keep them
ui_uses_hki_7_s_private_google_drive_storage_enable_0559ced,,Uses HKI 7's private Google Drive storage. Enable it once to create an immediate backup and then back up automatically every day.,يستخدم مساحة تخزين Google Drive الخاصة بـ HKI 7. قم بتمكينه مرة واحدة لإنشاء نسخة احتياطية فورية ثم قم بالنسخ الاحتياطي تلقائيًا كل يوم.,"don't translate Google Drive, HKI 7"
ui_uses_the_sun_entity_configured_in_weather_settings_e580a39,,Uses the Sun entity configured in Weather settings.,يستخدم كيان الشمس الذي تم تكوينه في إعدادات الطقس.,
ui_using_a_shared_dashboard_applies_the_permissions_the_admin_a337a76,,Using a shared dashboard applies the permissions the admin set for it.,يؤدي استخدام لوحة معلومات مشتركة إلى تطبيق الأذونات التي حددها المسؤول لها.,
ui_using_the_climate_view_s_entities_8befb0f,,Using the Climate view's entities,استخدام كيانات عرض المناخ,
ui_using_the_energy_view_s_entities_7ca9bed,,Using the Energy view's entities,استخدام كيانات عرض الطاقة,
ui_vacuum_5fe15df,,Vacuum,مكنسة,
ui_vacuum_device_3deae52,,Vacuum device,جهاز فراغ,
ui_vacuum_entities_c7da1d7,,Vacuum entities,كيانات فراغ,
ui_vacuum_map_8236541,,Vacuum map,خريطة فراغ,
ui_vacuum_stack_b93d3b7,,Vacuum Stack,مكدس فراغ,
ui_vertical_slider_e09cef1,,Vertical slider,منزلق عمودي,
ui_view_on_github_0c77991,,View on GitHub,عرض على جيثب,
ui_visibility_7d9ff4f,,Visibility,الرؤية,
ui_visibility_alignment_and_overflow_behavior_467f44f,,"Visibility, alignment, and overflow behavior",الرؤية والمحاذاة والسلوك الفائض,
ui_visibility_and_ordering_in_the_page_header_0f9e3d8,,Visibility and ordering in the page header,الرؤية والطلب في رأس الصفحة,
ui_visible_during_791f42c,,Visible during,مرئية خلال,
ui_visible_persons_4b7ae6c,,Visible persons,الأشخاص المرئيين,
ui_visual_style_bc567f3,,Visual style,النمط البصري,
ui_w_e2415cb,,W,دبليو,
ui_waiting_for_home_assistant_af224aa,,Waiting for Home Assistant,في انتظار Home Assistant,don't translate Home Assistant
ui_wallpaper_and_an_optional_custom_color_f4f12f1,,Wallpaper and an optional custom color,ورق جدران ولون مخصص اختياري,
ui_wallpaper_and_optional_custom_color_0dc6738,,Wallpaper and optional custom color,ورق جدران ولون مخصص اختياري,
ui_wallpaper_url_or_path_e208631,,Wallpaper URL or path,عنوان URL للخلفية أو المسار,
ui_waste_collection_7cdf205,,Waste Collection,جمع النفايات,
ui_waste_sensors_8bfd3ec,,Waste sensors,أجهزة استشعار النفايات,
ui_watch_d91ebf5,,Watch,يشاهد,
ui_water_5480538,,Water: %1$s,الماء: %1$s,app fills in %1$s — keep them
ui_water_de9b1be,,Water,ماء,
ui_water_level_optional_fallback_61b2be5,,Water level (optional fallback),مستوى الماء (احتياطي اختياري),
ui_water_meters_imported_from_home_assistant_s_energy_dashboa_b1ac157,,Water meters imported from Home Assistant's Energy dashboard.,عدادات المياه مستوردة من لوحة معلومات الطاقة الخاصة بـ Home Assistant.,don't translate Home Assistant
ui_we_ll_check_your_home_network_first_you_can_c7ca0f0,,We'll check your home network first; you can also enter an address,سوف نقوم بفحص شبكتك المنزلية أولاً؛ يمكنك أيضًا إدخال عنوان,
ui_weather_284af3e,,Weather,طقس,
ui_weather_card_0c6594c,,Weather Card,بطاقة الطقس,
ui_weather_details_bc94175,,Weather details,تفاصيل الطقس,
ui_weather_entities_0a2c547,,Weather entities,كيانات الطقس,
ui_weather_entity_402cbd9,,Weather entity,كيان الطقس,
ui_weather_source_778baeb,,Weather source,مصدر الطقس,
ui_weather_stack_4d4f763,,Weather Stack,كومة الطقس,
ui_weather_type_fe0b7cc,,Weather Type,نوع الطقس,
ui_web_address_url_55052c9,,Web address (URL),عنوان الويب (URL),
ui_week_calendar_shown_in_the_dialog_6d4f28b,,Week calendar (shown in the dialog),تقويم الأسبوع (يظهر في مربع الحوار),
ui_welcome_to_hki_7_9e317bb,,Welcome to HKI 7,مرحبًا بك في HKI 7,don't translate HKI 7
ui_what_hki_7_is_and_how_it_is_built_247bace,,What HKI 7 is and how it is built,ما هو HKI 7 وكيف تم بناؤه,don't translate HKI 7
ui_what_it_does_ca032b5,,What it does,ماذا يفعل,
ui_what_s_new_4d8dc5f,,What's new,ما هو الجديد,
ui_when_769bb19,,When,متى,
ui_when_and_if_then_dd86ebe,,When · And if · Then,متى · وإذا · ثم,
ui_when_reporting_a_problem_include_your_android_version_home_784a4e6,,"When reporting a problem, include your Android version, Home Assistant version, the affected entity or integration, and clear steps to reproduce it. Removing private URLs, tokens, names, and location data first helps keep support safe.",عند الإبلاغ عن مشكلة، قم بتضمين إصدار Android لديك، وإصدار Home Assistant، والكيان المتأثر أو التكامل، وخطوات واضحة لإعادة إنتاجها. تساعد إزالة عناوين URL الخاصة والرموز المميزة والأسماء وبيانات الموقع أولاً في الحفاظ على أمان الدعم.,don't translate Home Assistant
ui_when_the_value_is_a_completion_time_e_g_7dce367,,"When the value is a completion time (e.g. a washer/dryer finish time), show a descending timer. The button reads active while counting and turns off at zero.",عندما تكون القيمة هي وقت الانتهاء (على سبيل المثال، وقت انتهاء الغسالة/المجفف)، قم بإظهار مؤقت تنازلي. يقرأ الزر نشطًا أثناء العد وينطفئ عند الصفر.,
ui_widget_height_b26de24,,Widget height,ارتفاع القطعة,
ui_widget_name_55e5340,,Widget name,اسم القطعة,
ui_widget_presentation_a3a8cdc,,Widget presentation,عرض القطعة,
ui_widget_width_1d89599,,Widget width,عرض القطعة,
ui_width_a58ddf5,,Width,عرض,
ui_width_and_height_6ed6746,,Width and height,العرض والارتفاع,
ui_width_and_optional_icon_671e2ef,,Width and optional icon,العرض والرمز الاختياري,
ui_width_columns_and_container_shape_984a191,,"Width, columns, and container shape",العرض والأعمدة وشكل الحاوية,
ui_width_shape_and_collapse_behavior_7abc6f4,,"Width, shape, and collapse behavior",سلوك العرض والشكل والانهيار,
ui_wind_142b575,,Wind,رياح,
ui_worth_watching_a3d46c7,,Worth watching,يستحق المشاهدة,
ui_would_you_like_to_add_an_existing_camera_entity_00d5bc3,,Would you like to add an existing camera entity or a custom URL?,هل ترغب في إضافة كيان كاميرا موجود أو عنوان URL مخصص؟,
ui_write_the_information_shown_on_this_card_4ca5db7,,Write the information shown on this card,اكتب المعلومات الموضحة على هذه البطاقة,
ui_you_can_help_by_testing_new_builds_reporting_reproducible_5310461,,"You can help by testing new builds, reporting reproducible bugs, suggesting thoughtful improvements, helping with translations or documentation, sharing HKI 7 with other Home Assistant users, and giving constructive feedback.",يمكنك المساعدة من خلال اختبار الإصدارات الجديدة، والإبلاغ عن الأخطاء القابلة للتكرار، واقتراح تحسينات مدروسة، والمساعدة في الترجمات أو الوثائق، ومشاركة HKI 7 مع مستخدمي Home Assistant الآخرين، وتقديم تعليقات بناءة.,"don't translate Home Assistant, HKI 7"
ui_you_re_exploring_the_built_in_sample_home_63c2ad1,,You're exploring the built-in sample home,أنت تستكشف نموذج المنزل المدمج,
ui_your_automations_and_devices_will_be_unavailable_briefly_h_8a8572e,,Your automations and devices will be unavailable briefly. HKI7 will reconnect automatically when Home Assistant is ready.,لن تكون عمليات التشغيل الآلي والأجهزة الخاصة بك متاحة لفترة وجيزة. سيتم إعادة الاتصال بـ HKI7 تلقائيًا عندما يكون Home Assistant جاهزًا.,"don't translate Home Assistant, HKI7"
ui_your_dashboard_is_ready_0719f75,,Your dashboard is ready,لوحة القيادة الخاصة بك جاهزة,
ui_your_home_72412fa,,Your home,منزلك,
ui_your_location_is_shared_only_with_your_own_home_c75bd6d,,Your location is shared only with your own Home Assistant server. It is ,تتم مشاركة موقعك فقط مع خادم Home Assistant الخاص بك. إنها,don't translate Home Assistant; keep the space at the start/end
logs_title,,Connection log,سجل الاتصال,
logs_subtitle,,What the app's connection to Home Assistant has been doing,ما الذي كان يفعله اتصال التطبيق بـ Home Assistant,don't translate Home Assistant
logs_empty,,Connection log,سجل الاتصال,
logs_empty_hint,,"Nothing logged yet. Connection attempts, reconnects, sync and subscriptions appear here as they happen.",لم يتم تسجيل أي شيء حتى الآن. تظهر هنا محاولات الاتصال وعمليات إعادة الاتصال والمزامنة والاشتراكات فور حدوثها.,
logs_count,,Connection log (%1$d),سجل الاتصال (%1$d),app fills in %1$d — keep them
logs_copy,,Copy the log,انسخ السجل,
logs_clear,,Clear the log,امسح السجل,
logs_show_all,,Show all %1$d,إظهار الكل %1$d,app fills in %1$d — keep them
logs_show_less,,Show less,عرض أقل,
parcel_letter_count,one,%1$d letter,%1$d الرسالة,app fills in %1$d — keep them
parcel_letter_count,other,%1$d letters,%1$d الحروف,app fills in %1$d — keep them
parcel_letter_count,zero,,%1$d الحروف,
parcel_letter_count,two,,%1$d الحروف,
parcel_letter_count,few,,%1$d الحروف,
parcel_letter_count,many,,%1$d الحروف,
spacer_empty_button,,Empty button,زر فارغ,
spacer_empty_button_description,,Transparent placeholder that only reserves space,عنصر نائب شفاف يحجز المساحة فقط,
spacer_add_empty_button,,Add empty button,إضافة زر فارغ,
popup_custom_popup,,Custom popup,المنبثقة المخصصة,
popup_choose,,Choose a popup,اختر نافذة منبثقة,
popup_none_yet,,No popups yet,لا توجد نوافذ منبثقة حتى الآن,
popup_new,,New popup,نافذة منبثقة جديدة,
popup_default_name,,New popup,نافذة منبثقة جديدة,
popup_name,,Popup name,اسم النافذة المنبثقة,
popup_edit_contents,,Edit contents,تحرير المحتويات,
popup_delete,,Delete popup,حذف النافذة المنبثقة,
popup_status_entity,,Status entity,كيان الحالة,
popup_status_entity_hint,,Optional. Its state fills the dialog's status line and adds the history view.,خياري. تملأ حالته سطر الحالة في مربع الحوار وتضيف عرض السجل.,
popup_settings_subtitle,,"Name, icon, and status entity",الاسم والرمز وكيان الحالة,
popup_shared_hint,,Popups are shared: other buttons can open this same popup.,تتم مشاركة النوافذ المنبثقة: يمكن للأزرار الأخرى فتح نفس النافذة المنبثقة.,
popup_empty,,This popup is empty. Tap Edit to add widgets.,"هذه النافذة المنبثقة فارغة. اضغط على ""تحرير"" لإضافة عناصر واجهة المستخدم.",
popup_settings_title,,Popups,النوافذ المنبثقة,
popup_settings_subtitle_section,,Build and edit your custom popups,إنشاء وتحرير النوافذ المنبثقة المخصصة الخاصة بك,
popup_settings_hint,,"Popups open from a button, badge, or dialog button set to the Custom popup action. Edit contents opens the popup itself so you can arrange its widgets.",يتم فتح النوافذ المنبثقة من زر أو شارة أو زر حوار تم تعيينه على الإجراء المنبثق المخصص. يؤدي تحرير المحتويات إلى فتح النافذة المنبثقة نفسها حتى تتمكن من ترتيب عناصر واجهة المستخدم الخاصة بها.,
button_icon_only,,Icon only,أيقونة فقط,
button_icon_size,,Icon size,حجم الأيقونة,
button_icon_size_description,,"Auto shrinks the icon as the stack gains columns, so it still fits a narrow button.",يقوم تلقائيًا بتقليص الرمز عندما تكتسب المجموعة أعمدة، بحيث تظل مناسبة لزر ضيق.,
button_icon_size_auto,,Auto,آلي,
button_icon_size_value,,%1$d dp,%1$d موانئ دبي,app fills in %1$d — keep them
stack_child_icon_only,,Icon only for every button,رمز فقط لكل زر,
stack_child_icon_only_description,,"Applies to all buttons in this stack, so you don't have to set it on each one.",ينطبق على جميع الأزرار الموجودة في هذه المجموعة، لذا لا يتعين عليك ضبطه على كل زر.,
stack_child_icon_size,,Icon size for every button,حجم الرمز لكل زر,
button_icon_only_description,,"Hide the name and state, centering the icon on the button",إخفاء الاسم والحالة، مع توسيط الأيقونة على الزر,
action_button,,Action button,زر الإجراء,
action_button_description,,"A button without an entity: give it a name, an icon, and any action",زر بدون كيان: أعطه اسمًا وأيقونة وأي إجراء,
action_button_add,,Add action button,إضافة زر الإجراء,
action_badge_add,,Add action badge,إضافة شارة العمل,
security_entity_count,one,%1$d entity,%1$d الكيان,app fills in %1$d — keep them
security_entity_count,other,%1$d entities,%1$d الكيانات,app fills in %1$d — keep them
security_entity_count,zero,,%1$d الكيانات,
security_entity_count,two,,%1$d الكيانات,
security_entity_count,few,,%1$d الكيانات,
security_entity_count,many,,%1$d الكيانات,
family_permission_switch_dashboards,,Allow switching dashboards,السماح بتبديل لوحات المعلومات,
family_permission_switch_dashboards_subtitle,,Let this person load another existing dashboard,اسمح لهذا الشخص بتحميل لوحة معلومات أخرى موجودة,
family_permission_create_dashboards,,Allow creating dashboards,السماح بإنشاء لوحات المعلومات,
family_permission_create_dashboards_subtitle,,Let this person create or duplicate dashboards,اسمح لهذا الشخص بإنشاء لوحات المعلومات أو تكرارها,
family_dashboard_tab_locked,,Locked by family permissions,مؤمن بأذونات العائلة,
family_dashboard_access_lost_title,,Family access removed,تمت إزالة إمكانية الوصول للعائلة,
family_dashboard_access_lost_message,,"You no longer have access to HKI 7 through this family dashboard. Choose another dashboard shared with you, or use any other option your family permissions allow.",لم يعد بإمكانك الوصول إلى HKI 7 من خلال لوحة التحكم العائلية هذه. اختر لوحة تحكم أخرى تمت مشاركتها معك، أو استخدم أي خيار آخر تسمح به أذونات عائلتك.,don't translate HKI 7
family_access_manage,,Manage access,إدارة الوصول,
family_access_title,,Who can see %1$s,من يمكنه رؤية %1$s,app fills in %1$s — keep them
family_access_description,,Add or remove people. Everyone you remove loses this dashboard the next time their app syncs.,إضافة أو إزالة الأشخاص. يفقد كل شخص تقوم بإزالته لوحة المعلومات هذه في المرة التالية التي تتم فيها مزامنة تطبيقه.,
family_access_shared_everyone,,Shared with everyone,مشترك مع الجميع,
family_access_shared_nobody,,Shared with no one,مشترك مع لا أحد,
family_access_shared_with,,Shared with %1$s,تمت المشاركة مع %1$s,app fills in %1$s — keep them
family_access_unknown_user,,Unknown user,مستخدم غير معروف,
family_access_revoke_warning,,"Losing access deletes their copy of this dashboard, along with any colours, icons, and names they changed on it.",يؤدي فقدان الوصول إلى حذف نسختهم من لوحة المعلومات هذه، بالإضافة إلى أي ألوان وأيقونات وأسماء قاموا بتغييرها عليها.,
family_versions_title,,HKI versions,إصدارات هونج كونج,
family_versions_description,,Which HKI build each family device is running. This device is on %1$s. A device appears once it has opened HKI 7 1.0.0-beta.18 or newer at least once.,الذي يقوم HKI ببناء كل جهاز عائلي قيد التشغيل. هذا الجهاز موجود على %1$s. يظهر الجهاز بمجرد فتح HKI 7 1.0.0-beta.18 أو الأحدث مرة واحدة على الأقل.,app fills in %1$s — keep them; don't translate HKI 7
family_versions_empty,,No family devices have reported a version yet.,لم تبلغ أي أجهزة عائلية عن إصدار حتى الآن.,
family_versions_loading,,Loading family devices…,جارٍ تحميل أجهزة العائلة…,
family_versions_unavailable,,Home Assistant could not return the family device list. Check that HKI 7 Cloud is up to date.,تعذر على Home Assistant إرجاع قائمة أجهزة العائلة. تأكد من تحديث HKI 7 Cloud.,"don't translate HKI 7 Cloud, Home Assistant"
family_versions_outdated,,Older than yours,أقدم منك,
family_versions_android,,Android %1$s,أندرويد %1$s,app fills in %1$s — keep them
family_versions_reported,,reported %1$s,تم الإبلاغ عن %1$s,app fills in %1$s — keep them
family_versions_forget,,Forget this device,ننسى هذا الجهاز,
family_versions_forget_hint,,Forgetting a device only clears it from this list. One that is still in use reappears the next time its app opens.,يؤدي نسيان الجهاز إلى مسحه من هذه القائمة فقط. يظهر التطبيق الذي لا يزال قيد الاستخدام في المرة التالية التي يتم فيها فتح التطبيق الخاص به.,
family_versions_nudge,,Ask to update to %1$s,اطلب التحديث إلى %1$s,app fills in %1$s — keep them
family_versions_nudge_clear,,Cancel update request,إلغاء طلب التحديث,
family_versions_nudge_pending,,Waiting for this device to update to %1$s. The request clears itself once it does.,في انتظار تحديث هذا الجهاز إلى %1$s. يمسح الطلب نفسه بمجرد القيام بذلك.,app fills in %1$s — keep them
family_require_title,,Require an HKI version,تتطلب نسخة HKI,
family_require_description,,"Everyone below the version you require is asked to update before they can keep using HKI. Nothing here installs anything — Google Play does the update, so people are only ever held up when Play actually has it ready for them.",يُطلب من كل شخص أدنى الإصدار الذي تحتاجه التحديث قبل أن يتمكن من الاستمرار في استخدام HKI. لا يوجد شيء هنا يثبت أي شيء - يقوم Google Play بالتحديث، لذلك لا يتم إيقاف الأشخاص إلا عندما يكون Play جاهزًا لهم بالفعل.,
family_require_current,,Currently required: %1$s,المطلوب حاليًا: %1$s,app fills in %1$s — keep them
family_require_set,,Require everyone to be on %1$s,مطالبة الجميع بالتواجد على %1$s,app fills in %1$s — keep them
family_require_clear,,Clear the requirement,امسح المطلب,
family_require_hint,,"You can only require a version some device already runs, so a requirement can never be one nobody is able to install.",لا يمكنك سوى المطالبة بإصدار يعمل عليه أحد الأجهزة بالفعل، لذلك لا يمكن أبدًا أن يكون المتطلب واحدًا لا يستطيع أحد تثبيته.,
settings_extra_family_require_failed,,Could not change the required version. It has to be one a family device already runs.,لا يمكن تغيير الإصدار المطلوب. يجب أن يكون جهازًا عائليًا يعمل بالفعل.,
settings_extra_family_nudge_failed,,Could not ask “%1$s” to update.,"لا يمكن مطالبة ""%1$s"" بالتحديث.",app fills in %1$s — keep them
app_update_required_title,,Time to update HKI,حان الوقت لتحديث HKI,
app_update_required_title_device,,This device needs an HKI update,يحتاج هذا الجهاز إلى تحديث HKI,
app_update_required_message,,Your family is on HKI %1$s. This device is on %2$s.,عائلتك على HKI %1$s. هذا الجهاز موجود على %2$s.,app fills in %1$s %2$s — keep them
app_update_required_checking,,Checking Google Play…,جارٍ التحقق من Google Play...,
app_update_required_update,,Update now,قم بالتحديث الآن,
app_update_required_open_store,,Open HKI in the Play Store,افتح HKI في متجر Play,
app_update_required_opened_store,,"Google Play could not take over here, so its store page was opened instead.",لم يتمكن Google Play من تولي المسؤولية هنا، لذلك تم فتح صفحة المتجر الخاصة به بدلاً من ذلك.,
app_update_required_unavailable,,"Google Play has no update ready for this device yet. That usually means the release hasn't reached you, or this copy of HKI didn't come from the Play Store.",لا يوجد لدى Google Play تحديث جاهز لهذا الجهاز حتى الآن. وهذا يعني عادةً أن الإصدار لم يصل إليك، أو أن هذه النسخة من HKI لم تأتي من متجر Play.,
app_update_required_continue,,Continue without updating,الاستمرار دون تحديث,
settings_extra_active_instance,,Active instance,مثيل نشط,
settings_extra_automatic_cloud_backup_enabled,,Automatic cloud backup enabled.,تم تمكين النسخ الاحتياطي السحابي التلقائي.,
settings_extra_background_restricted_warning,,Restricted — background sync will not work,مقيد - لن تعمل مزامنة الخلفية,
settings_extra_backup_failed,,Backup failed: %1$s,فشل النسخ الاحتياطي: %1$s,app fills in %1$s — keep them
settings_extra_backup_unreadable,,The backup could not be read,لا يمكن قراءة النسخة الاحتياطية,
settings_extra_battery_optimized_warning,,Optimized — may interrupt background sync,محسن - قد يقطع مزامنة الخلفية,
settings_extra_buy_me_a_coffee_logo,,Buy Me a Coffee logo,اشتري لي شعار القهوة,
settings_extra_cloud_backup_created,,Cloud backup created.,تم إنشاء نسخة احتياطية سحابية.,
settings_extra_cloud_backup_failed,,Cloud backup failed: %1$s,فشل النسخ الاحتياطي السحابي: %1$s,app fills in %1$s — keep them
settings_extra_cloud_component_missing,,"The HKI 7 Cloud component was not found on your Home Assistant. Install it through HACS, then try again.",لم يتم العثور على مكون HKI 7 Cloud على Home Assistant لديك. قم بتثبيته من خلال HACS، ثم حاول مرة أخرى.,"don't translate HKI 7 Cloud, Home Assistant"
settings_extra_copy_dashboard,,Copy %1$s,نسخ %1$s,app fills in %1$s — keep them
settings_extra_corner_modern,,Modern,حديث,
settings_extra_corner_round,,Round,دائري,
settings_extra_corner_sharp,,Sharp,حاد,
settings_extra_create_custom_page,,Create custom page,إنشاء صفحة مخصصة,
settings_extra_custom_page_identity_subtitle,,Identity and navigation appearance,مظهر الهوية والملاحة,
settings_extra_dashboard_backup_saved,,Dashboard backup saved.,تم حفظ النسخة الاحتياطية للوحة المعلومات.,
settings_extra_dashboard_copy_name,,%1$s copy,%1$s نسخة,app fills in %1$s — keep them
settings_extra_dashboard_default_name,,Dashboard %1$d,لوحة التحكم %1$d,app fills in %1$d — keep them
settings_extra_new_dashboard_confirm_body,,This adds a dashboard alongside the one you are using. Your current dashboard is kept exactly as it is and is never overwritten — you can switch between them at any time.,يؤدي هذا إلى إضافة لوحة معلومات إلى جانب اللوحة التي تستخدمها. يتم الاحتفاظ بلوحة التحكم الحالية كما هي تمامًا ولا يتم استبدالها مطلقًا — ويمكنك التبديل بينها في أي وقت.,
settings_extra_new_dashboard_confirm_action,,Continue,يكمل,
settings_extra_new_dashboard_created,,Created “%1$s”,"تم إنشاء ""%1$s""",app fills in %1$s — keep them
uif_onboarding_shared_already_added,,Already added,تمت إضافتها بالفعل,
settings_extra_dashboard_shared_badge,,Shared,مشترك,
settings_extra_dashboard_shared_subtitle,,Shared with you by your family. Tap to load,تمت مشاركتها معك من قبل عائلتك. انقر للتحميل,
settings_extra_dashboard_shared_loaded,,Shared with you by your family. Currently loaded,تمت مشاركتها معك من قبل عائلتك. محملة حاليا,
settings_extra_dashboard_generating,,Your new dashboard is being generated automatically.,يتم إنشاء لوحة المعلومات الجديدة الخاصة بك تلقائيًا.,
settings_extra_dashboard_mode_auto,,Automatic,تلقائي,
settings_extra_dashboard_mode_manual,,Manual,يدوي,
settings_extra_dashboard_restored,,Dashboard configuration restored.,تمت استعادة تكوين لوحة المعلومات.,
settings_extra_dashboard_shared,,“%1$s” shared.,"تمت مشاركة ""%1$s"".",app fills in %1$s — keep them
settings_extra_dashboard_sharing_failed,,Could not share the dashboard.,تعذرت مشاركة لوحة التحكم.,
settings_extra_default_user_name,,User,مستخدم,
settings_extra_delete_dashboard,,Delete %1$s,حذف %1$s,app fills in %1$s — keep them
settings_extra_device_tracker,,Device tracker,جهاز تعقب,
settings_extra_device_tracker_subtitle,,"Name used for location, geocoded location, battery, and charging entities",الاسم المستخدم للموقع والموقع المرمز جغرافيًا والبطارية وكيانات الشحن,
settings_extra_drive_access_token_missing,,Google Drive authorization did not return an access token.,لم يُرجع ترخيص Google Drive رمز الوصول.,don't translate Google Drive
settings_extra_drive_authorization_cancelled,,Google Drive authorization was cancelled.,تم إلغاء ترخيص Google Drive.,don't translate Google Drive
settings_extra_drive_authorization_failed,,Google Drive authorization failed: %1$s,فشل ترخيص Google Drive: %1$s,app fills in %1$s — keep them; don't translate Google Drive
settings_extra_drive_authorization_open_failed,,Google Drive authorization could not be opened.,تعذر فتح ترخيص Google Drive.,don't translate Google Drive
settings_extra_drive_backups_load_failed,,Could not load Google Drive backups: %1$s,تعذر تحميل النسخ الاحتياطية في Google Drive: %1$s,app fills in %1$s — keep them; don't translate Google Drive
settings_extra_edit_custom_page,,Edit custom page,تحرير الصفحة المخصصة,
settings_extra_effect_glow,,Glow,يشع,
settings_extra_effect_group_alerts,,Sensors and alarms,أجهزة الاستشعار وأجهزة الإنذار,
settings_extra_effect_group_climate,,Climate and humidity,المناخ والرطوبة,
settings_extra_effect_group_fans,,Fans and vacuums,المراوح والمكانس الكهربائية,
settings_extra_effect_group_lights,,Lights and switches,أضواء ومفاتيح,
settings_extra_effect_group_media,,Media players,مشغلات الوسائط,
settings_extra_effect_group_other,,Everything else,كل شيء آخر,
settings_extra_effect_none,,None,لا أحد,
settings_extra_effect_pulse,,Pulse,نبض,
settings_extra_effect_spin,,Spin,يلف,
settings_extra_empty_dashboard_created,,An empty dashboard was created.,تم إنشاء لوحة معلومات فارغة.,
settings_extra_font_atkinson,,Atkinson Hyperlegible,أتكينسون مفرط الوضوح,
settings_extra_font_bree_serif,,Bree Serif,بري شريف,
settings_extra_font_comfortaa,,Comfortaa,كومفورتا,
settings_extra_font_cursive,,Cursive,مخطوطة,
settings_extra_font_default,,Default,تقصير,
settings_extra_font_monospace,,Monospace,مونوسبيس,
settings_extra_font_nunito,,Nunito,نونيتو,
settings_extra_font_patrick_hand,,Patrick Hand,باتريك هاند,
settings_extra_font_sans_serif,,Sans serif,بلا رقيق,
settings_extra_font_serif,,Serif,شريف,
settings_extra_font_space_grotesk,,Space Grotesk,الفضاء غروتسك,
settings_extra_ha_backup_created,,Home Assistant backup created.,تم إنشاء نسخة احتياطية Home Assistant.,don't translate Home Assistant
settings_extra_ha_backup_enabled,,Home Assistant backup enabled.,Home Assistant تم تمكين النسخ الاحتياطي.,don't translate Home Assistant
settings_extra_ha_backup_failed,,Home Assistant backup failed. Is the HKI 7 Cloud component reachable?,Home Assistant فشل النسخ الاحتياطي. هل يمكن الوصول إلى المكون HKI 7 Cloud؟,"don't translate HKI 7 Cloud, Home Assistant"
settings_extra_ha_backups_load_failed,,Could not load Home Assistant backups: %1$s,تعذر تحميل النسخ الاحتياطية لـ Home Assistant: %1$s,app fills in %1$s — keep them; don't translate Home Assistant
settings_extra_hide_tab,,Hide tab,إخفاء علامة التبويب,
settings_extra_hki_cloud_step_add_integration,,"Go to Settings → Devices & Services → Add Integration, choose “HKI 7 Cloud,” and confirm.","انتقل إلى الإعدادات ← الأجهزة والخدمات ← إضافة تكامل، واختر ""HKI 7 Cloud""، وأكد ذلك.",don't translate HKI 7 Cloud
settings_extra_hki_cloud_step_add_repository,,"Paste %1$s, choose the “Integration” category, and add it.","الصق %1$s، واختر فئة ""التكامل""، وأضفها.",app fills in %1$s — keep them
settings_extra_hki_cloud_step_install,,"Open the new “HKI 7 Cloud” entry, install it, and restart Home Assistant.","افتح إدخال ""HKI 7 Cloud"" الجديد، وقم بتثبيته، وأعد تشغيل Home Assistant.","don't translate HKI 7 Cloud, Home Assistant"
settings_extra_hki_cloud_step_open_custom_repositories,,"In Home Assistant, open HACS → the ⋮ menu in the top-right → Custom repositories.",في Home Assistant، افتح HACS ← القائمة ⋮ في الجزء العلوي الأيمن ← المستودعات المخصصة.,don't translate Home Assistant
settings_extra_hki_cloud_step_reopen,,Reopen this screen. The features will appear automatically.,أعد فتح هذه الشاشة. سوف تظهر الميزات تلقائيا.,
settings_extra_hki_cloud_version,,HKI 7 Cloud v%1$s installed,تم تثبيت HKI 7 Cloud v%1$s,app fills in %1$s — keep them; don't translate HKI 7 Cloud
settings_extra_hki_cloud_version_unknown,,HKI 7 Cloud installed (update to see its version),تم تثبيت HKI 7 Cloud (قم بالتحديث لرؤية نسخته),don't translate HKI 7 Cloud
settings_extra_hki_cloud_update_to_unlock,,Update to unlock:,تحديث لفتح:,
settings_extra_hki_cloud_feature_requires,,%1$s (needs v%2$s+),%1$s (يحتاج إلى v%2$s+),app fills in %1$s %2$s — keep them
settings_extra_hki_cloud_feature_reimport,,Manually re-importing or clearing dashboard view data,إعادة استيراد بيانات عرض لوحة المعلومات أو مسحها يدويًا,
settings_extra_hki_cloud_feature_search_lists,,Per-person Visible/Invisible global search lists,قوائم البحث العالمية المرئية/غير المرئية لكل شخص,
settings_extra_hki_cloud_feature_room_follow,,Room following,متابعة الغرفة,
settings_extra_hki_cloud_feature_room_follow_launch_only,,"Room following: only place someone on launch, without tracking further moves",الغرفة التالية: ضع شخصًا فقط عند الإطلاق، دون تتبع المزيد من التحركات,
settings_extra_hki_cloud_feature_devices,,Seeing which HKI version each family device runs,معرفة إصدار HKI الذي يعمل عليه كل جهاز عائلي,
settings_extra_hki_cloud_feature_required_version,,Requiring the family to update to a given HKI version,مطالبة العائلة بالتحديث إلى إصدار HKI محدد,
settings_extra_hki_cloud_feature_events,,"The event timeline, and hiding parts of it from individual people",الجدول الزمني للحدث، وإخفاء أجزاء منه عن الأفراد,
settings_extra_hki_cloud_tab_requires,,"Needs HKI 7 Cloud v%1$s or newer. Update the component in HACS — until then, what you set here won't take effect.",يحتاج إلى HKI 7 Cloud v%1$s أو أحدث. قم بتحديث المكون في HACS - حتى ذلك الحين، لن يصبح ما قمت بتعيينه هنا ساري المفعول.,app fills in %1$s — keep them; don't translate HKI 7 Cloud
settings_extra_location_allowed_always,,Allowed all the time,مسموح به في كل وقت,
settings_extra_location_allowed_foreground,,Allowed only while using the app,مسموح به فقط أثناء استخدام التطبيق,
settings_extra_location_not_allowed,,Not allowed,غير مسموح,
language_search_placeholder,,Search languages,لغات البحث,
language_search_no_matches,,No language matches “%1$s”,"لا توجد لغة تطابق ""%1$s""",app fills in %1$s — keep them
settings_extra_language_dutch,,Nederlands,هولندا,
settings_extra_language_english,,English,إنجليزي,
settings_extra_language_french,,Français,الفرنسية,
settings_extra_language_german,,Deutsch,الألمانية,
settings_extra_language_italian,,Italiano,إيطاليانو,
settings_extra_language_spanish,,Español,الاسبانية,
settings_extra_language_turkish,,Türkçe,تركية,
settings_extra_language_portuguese,,Português,البرتغالية,
settings_extra_language_portuguese_brazil,,Português (Brasil),البرتغالية (البرازيل),
settings_extra_language_spanish_latam,,Español (Latinoamérica),الأسبانية (أمريكا اللاتينية),
settings_extra_language_japanese,,日本語,日本語,
settings_extra_language_korean,,한국어,شكرا,
settings_extra_language_chinese_simplified,,中文（简体）,中文(简体),
settings_extra_language_chinese_traditional,,中文（繁體）,中文(繁體),
settings_extra_no_drive_backups,,No Google Drive backups were found.,لم يتم العثور على نسخ احتياطية في Google Drive.,don't translate Google Drive
settings_extra_no_ha_backups,,No Home Assistant backups were found. Is the HKI 7 Cloud component installed?,لم يتم العثور على نسخ احتياطية لـ Home Assistant. هل تم تثبيت مكون HKI 7 Cloud؟,"don't translate HKI 7 Cloud, Home Assistant"
settings_extra_notifications_multi_home_required,,Required while multiple homes receive notifications. Manage each home under Connection.,مطلوب عندما تتلقى منازل متعددة الإخطارات. إدارة كل منزل تحت الاتصال.,
settings_extra_notifications_persistent_connection,,Keeps a persistent connection to Home Assistant while the app is closed. This uses more battery.,يحافظ على اتصال دائم بـ Home Assistant أثناء إغلاق التطبيق. هذا يستخدم المزيد من البطارية.,don't translate Home Assistant
settings_extra_paypal_logo,,PayPal logo,شعار باي بال,
settings_extra_policy_update_failed,,Could not update the policy.,لا يمكن تحديث السياسة.,
settings_extra_policy_needs_component_update,,Permissions saved. Update HKI 7 Cloud to also store the Visible and Invisible lists.,تم حفظ الأذونات. قم بتحديث HKI 7 Cloud لتخزين القوائم المرئية وغير المرئية أيضًا.,don't translate HKI 7 Cloud
settings_extra_policy_needs_component_update_room_follow,,Permissions saved. Update HKI 7 Cloud to also store the room following settings.,تم حفظ الأذونات. قم بتحديث HKI 7 Cloud لتخزين الإعدادات التالية للغرفة أيضًا.,don't translate HKI 7 Cloud
settings_extra_policy_needs_component_update_events,,"Permissions saved, but this HKI 7 Cloud is too old to hide events from this person — they would see the whole timeline. Update it to apply the restriction.",تم حفظ الأذونات، ولكن HKI 7 Cloud قديم جدًا بحيث لا يمكنه إخفاء الأحداث عن هذا الشخص - سيرى المخطط الزمني بأكمله. قم بتحديثه لتطبيق القيد.,don't translate HKI 7 Cloud
settings_extra_tab_presence,,Presence,حضور,
settings_extra_tab_events,,Events,الأحداث,
settings_extra_events_title,,Event timeline,الجدول الزمني للحدث,
settings_extra_events_description,,"Choose which entities the family sees recent activity for, in the Events tab of the notification drawer. Set once here rather than on each phone. This hides the timeline, not the entities — anyone signed in to Home Assistant can still read them there.",اختر الكيانات التي ترى العائلة النشاط الأخير لها، في علامة تبويب الأحداث في درج الإشعارات. قم بالتعيين مرة واحدة هنا وليس على كل هاتف. يؤدي هذا إلى إخفاء المخطط الزمني، وليس الكيانات - ولا يزال بإمكان أي شخص قام بتسجيل الدخول إلى Home Assistant قراءتها هناك.,don't translate Home Assistant
settings_extra_events_loading,,Loading the roster…,جارٍ تحميل القائمة…,
settings_extra_events_unavailable,,Could not read the roster from HKI 7 Cloud.,لا يمكن قراءة القائمة من HKI 7 Cloud.,don't translate HKI 7 Cloud
settings_extra_events_empty,,No entities are being tracked yet.,لم يتم تعقب أي كيانات حتى الآن.,
settings_extra_events_choose,,Choose entities,اختر الكيانات,
settings_extra_events_edit,,Edit entities,تحرير الكيانات,
settings_extra_events_pick_title,,Entities to show events for,الكيانات التي سيتم عرض الأحداث لها,
settings_extra_events_save_failed,,Could not save the event roster.,تعذر حفظ قائمة الأحداث.,
settings_extra_events_capped,,Saved %1$d entities and %2$d domains. The timeline roster is capped.,الكيانات %1$d المحفوظة ونطاقات %2$d. تم تحديد قائمة الجدول الزمني.,app fills in %1$d %2$d — keep them
settings_extra_events_whole_domain,,All %1$s (%2$d entities),جميع %1$s (%2$d الكيانات),app fills in %1$s %2$d — keep them
settings_extra_events_resolved_capped,,"This roster covers %2$d entities, but a timeline subscribes to at most %1$d. Remove a domain, or add entities by name instead.",تغطي هذه القائمة %2$d من الكيانات، ولكن يشترك المخطط الزمني في %1$d على الأكثر. قم بإزالة المجال، أو قم بإضافة الكيانات بالاسم بدلاً من ذلك.,app fills in %2$d %1$d — keep them
settings_extra_events_per_person_title,,Who sees what,من يرى ماذا,
settings_extra_events_per_person_description,,Everyone sees the whole timeline unless you take something out of it for them.,يرى الجميع الجدول الزمني بأكمله ما لم تأخذ شيئًا منه لهم.,
settings_extra_events_sees_everything,,Sees the whole timeline,يرى الجدول الزمني بأكمله,
settings_extra_events_hidden_count,,%1$d hidden,%1$d مخفي,app fills in %1$d — keep them
settings_extra_events_manage,,Manage,يدير,
settings_extra_events_hidden_title,,Hide from this person,إخفاء من هذا الشخص,
settings_extra_events_notifications_hint,,"The Events tab in the notification drawer shows recent activity for the entities your family admin chose. It is set for the whole family in Family Sharing, not per device.","تعرض علامة التبويب ""الأحداث"" في درج الإشعارات النشاط الأخير للكيانات التي اختارها مسؤول عائلتك. تم ضبطه لجميع أفراد العائلة في Family Sharing، وليس لكل جهاز.",
settings_extra_events_open_family_sharing,,Open Family Sharing,افتح المشاركة العائلية,
settings_extra_room_follow_title,,Room following,متابعة الغرفة,
settings_extra_room_follow_description,,"Pick the room-presence sensor that tracks each person's phone, such as an ESPresense sensor. The app opens the room they are in and offers to follow them as they move.",اختر مستشعر التواجد في الغرفة الذي يتتبع هاتف كل شخص، مثل مستشعر ESPresense. يفتح التطبيق الغرفة التي يتواجدون فيها ويعرض عليهم متابعتهم أثناء تحركهم.,
settings_extra_room_follow_sensor,,Presence sensor,مستشعر التواجد,
settings_extra_room_follow_none,,No sensor,لا يوجد جهاز استشعار,
settings_extra_room_follow_enabled,,Follow this person between rooms,اتبع هذا الشخص بين الغرف,
settings_extra_room_follow_open_on_launch,,Open their room when the app starts,افتح غرفتهم عندما يبدأ التطبيق,
settings_extra_room_follow_continue_after_launch,,Keep following while the app is open,استمر في المتابعة أثناء فتح التطبيق,
settings_extra_room_follow_continue_after_launch_hint,,"Turn off to only place them in the right room when the app starts, without switching rooms again while they're using it.",قم بإيقاف تشغيله لوضعهم في الغرفة المناسبة فقط عند بدء تشغيل التطبيق، دون تبديل الغرف مرة أخرى أثناء استخدامه.,
settings_extra_room_follow_prompt_on_move,,Ask before switching rooms,اسأل قبل تبديل الغرف,
settings_extra_room_follow_dwell,,Wait before a move counts,انتظر قبل أن يتم احتساب الحركة,
settings_extra_room_follow_dwell_value,,%1$d s,%1$d س,app fills in %1$d — keep them
settings_extra_room_follow_dwell_hint,,Room-presence sensors drift between nearby rooms. A longer wait means fewer false moves.,تتنقل أجهزة استشعار وجود الغرفة بين الغرف المجاورة. الانتظار لفترة أطول يعني عددًا أقل من التحركات الخاطئة.,
settings_extra_room_follow_rooms,,Sensor states,حالات الاستشعار,
settings_extra_room_follow_rooms_matched,,Matched automatically,تمت المطابقة تلقائيًا,
settings_extra_room_follow_rooms_unmatched,,Pick a room,اختر غرفة,
settings_extra_room_follow_no_states,,No states seen yet. States appear here once the sensor reports them.,لم يتم رؤية أي دولة حتى الآن. تظهر الحالات هنا بمجرد أن يبلغ عنها المستشعر.,
room_follow_moved_title,,You moved to %1$s,لقد انتقلت إلى %1$s,app fills in %1$s — keep them
room_follow_moved_message,,"Switch to that room, or stay where you are?",هل تنتقل إلى تلك الغرفة أم تبقى حيث أنت؟,
room_follow_moved_switch,,Switch,يُحوّل,
room_follow_moved_stay,,Stay,يقضي,
room_follow_moved_silence,,Don't ask again until I restart the app,لا تسأل مرة أخرى حتى أقوم بإعادة تشغيل التطبيق,
settings_extra_rename_dashboard,,Rename %1$s,إعادة تسمية %1$s,app fills in %1$s — keep them
settings_extra_rename_instance,,Rename %1$s,إعادة تسمية %1$s,app fills in %1$s — keep them
settings_extra_restart_home_assistant_failed,,Could not restart Home Assistant.,تعذر إعادة تشغيل Home Assistant.,don't translate Home Assistant
settings_extra_restore_failed,,Restore failed: %1$s,فشلت الاستعادة: %1$s,app fills in %1$s — keep them
settings_extra_selected_file_open_failed,,Could not open the selected file,لا يمكن فتح الملف المحدد,
settings_extra_set_dashboard_default,,Set %1$s as the default dashboard,قم بتعيين %1$s كلوحة التحكم الافتراضية,app fills in %1$s — keep them
settings_extra_family_device_forget_failed,,Could not forget “%1$s.”,"لا يمكن أن ننسى ""%1$s.""",app fills in %1$s — keep them
settings_extra_shared_dashboard_access_failed,,Could not change who can see “%1$s.”,"تعذر تغيير من يمكنه رؤية ""%1$s"".",app fills in %1$s — keep them
settings_extra_shared_dashboard_access_updated,,Updated who can see “%1$s.”,"تم تحديث من يمكنه رؤية ""%1$s"".",app fills in %1$s — keep them
settings_extra_shared_dashboard_delete_failed,,Could not delete “%1$s.”,"تعذر حذف ""%1$s.""",app fills in %1$s — keep them
settings_extra_shared_dashboard_deleted,,“%1$s” was deleted from the cloud.,"تم حذف ""%1$s"" من السحابة.",app fills in %1$s — keep them
settings_extra_shared_dashboard_import_failed,,Could not import “%1$s.”,"تعذر استيراد ""%1$s.""",app fills in %1$s — keep them
settings_extra_shared_dashboard_imported,,“%1$s” was imported into your dashboards.,"تم استيراد ""%1$s"" إلى لوحات المعلومات الخاصة بك.",app fills in %1$s — keep them
settings_extra_shared_dashboard_now_using,,Now using “%1$s.”,"الآن استخدم ""%1$s.""",app fills in %1$s — keep them
settings_extra_shared_dashboard_use_failed,,Could not use “%1$s.”,"تعذر استخدام ""%1$s.""",app fills in %1$s — keep them
settings_extra_shared_dashboards_up_to_date,,Shared dashboards are already up to date.,لوحات المعلومات المشتركة محدثة بالفعل.,
settings_extra_show_tab,,Show tab,إظهار علامة التبويب,
settings_extra_tab_dashboards,,Dashboards,لوحات المعلومات,
settings_extra_tab_devices,,Devices,الأجهزة,
settings_extra_tab_parental_controls,,Parental controls,الضوابط الأبوية,
settings_extra_tab_permissions,,Permissions,الأذونات,
settings_extra_technology_kotlin,,Kotlin,كوتلين,
settings_extra_technology_xml_kotlin_dsl,,XML and Kotlin DSL,XML وكوتلين DSL,
settings_extra_theme_amber,,Amber,العنبر,
settings_extra_theme_auto,,Auto,آلي,
settings_extra_theme_blue,,Blue,أزرق,
settings_extra_theme_custom,,Custom,مخصص,
settings_extra_theme_dark,,Dark,مظلم,
settings_extra_theme_green,,Green,أخضر,
settings_extra_theme_light,,Light,ضوء,
settings_extra_theme_rose,,Rose,وَردَة,
settings_extra_theme_system,,System,نظام,
settings_extra_unknown_error,,Unknown error,خطأ غير معروف,
settings_extra_unrestricted_recommended,,Unrestricted (recommended),غير مقيد (مستحسن),
settings_extra_view_battery,,Battery,بطارية,
settings_extra_view_climate,,Climate,مناخ,
settings_extra_view_energy,,Energy,طاقة,
settings_extra_view_rooms,,Rooms,الغرف,
settings_extra_view_security,,Security,حماية,
settings_extra_minutes_ago,one,%1$d minute ago,%1$d قبل دقيقة,app fills in %1$d — keep them
settings_extra_minutes_ago,other,%1$d minutes ago,%1$d قبل دقائق,app fills in %1$d — keep them
settings_extra_minutes_ago,zero,,%1$d قبل دقائق,
settings_extra_minutes_ago,two,,%1$d قبل دقائق,
settings_extra_minutes_ago,few,,%1$d قبل دقائق,
settings_extra_minutes_ago,many,,%1$d قبل دقائق,
settings_extra_hours_ago,one,%1$d hour ago,%1$d قبل ساعة,app fills in %1$d — keep them
settings_extra_hours_ago,other,%1$d hours ago,%1$d قبل ساعات,app fills in %1$d — keep them
settings_extra_hours_ago,zero,,%1$d قبل ساعات,
settings_extra_hours_ago,two,,%1$d قبل ساعات,
settings_extra_hours_ago,few,,%1$d قبل ساعات,
settings_extra_hours_ago,many,,%1$d قبل ساعات,
settings_extra_days_ago,one,%1$d day ago,%1$d منذ يوم واحد,app fills in %1$d — keep them
settings_extra_days_ago,other,%1$d days ago,%1$d قبل أيام,app fills in %1$d — keep them
settings_extra_days_ago,zero,,%1$d قبل أيام,
settings_extra_days_ago,two,,%1$d قبل أيام,
settings_extra_days_ago,few,,%1$d قبل أيام,
settings_extra_days_ago,many,,%1$d قبل أيام,
settings_extra_shared_dashboards_pushed,one,Pushed changes to %1$d shared dashboard.,تم إجراء تغييرات على لوحة التحكم المشتركة %1$d.,app fills in %1$d — keep them
settings_extra_shared_dashboards_pushed,other,Pushed changes to %1$d shared dashboards.,تم إجراء تغييرات على لوحات المعلومات المشتركة %1$d.,app fills in %1$d — keep them
settings_extra_shared_dashboards_pushed,zero,,تم إجراء تغييرات على لوحات المعلومات المشتركة %1$d.,
settings_extra_shared_dashboards_pushed,two,,تم إجراء تغييرات على لوحات المعلومات المشتركة %1$d.,
settings_extra_shared_dashboards_pushed,few,,تم إجراء تغييرات على لوحات المعلومات المشتركة %1$d.,
settings_extra_shared_dashboards_pushed,many,,تم إجراء تغييرات على لوحات المعلومات المشتركة %1$d.,
family_permission_reimport,,Allow re-importing,السماح بإعادة الاستيراد,
family_permission_reimport_subtitle,,"Let this person manually re-import or clear Rooms, Climate, Security, Energy, and Battery data",اسمح لهذا الشخص بإعادة استيراد بيانات الغرف والمناخ والأمان والطاقة والبطارية أو مسحها يدويًا,
family_dashboard_create_disabled_reason,,Your family administrator has disabled dashboard creation. This account can only use family-shared dashboards.,لقد قام مسؤول العائلة بتعطيل إنشاء لوحة التحكم. يمكن لهذا الحساب استخدام لوحات المعلومات المشتركة مع العائلة فقط.,
family_dashboard_restore_disabled_reason,,"Your family administrator has disabled dashboard switching. Restoring a backup could replace the family dashboard, so this account can only select a shared dashboard.",لقد قام مسؤول العائلة بتعطيل تبديل لوحة المعلومات. يمكن أن تؤدي استعادة نسخة احتياطية إلى استبدال لوحة معلومات العائلة، لذلك يمكن لهذا الحساب فقط تحديد لوحة معلومات مشتركة.,
family_settings_admin_only,,Locked — only a Home Assistant administrator can manage family sharing,مقفل - يمكن لمسؤول Home Assistant فقط إدارة المشاركة العائلية,don't translate Home Assistant
family_aesthetics_only_explanation,,"Aesthetics-only access allows local names, icons, colors, backgrounds, card styles, shapes, sizes, and layout. Entities, actions, visibility rules, content, controls, and other behavior remain managed by the dashboard owner.",يسمح الوصول الجمالي فقط بالأسماء والأيقونات والألوان والخلفيات وأنماط البطاقات والأشكال والأحجام والتخطيطات المحلية. تظل الكيانات والإجراءات وقواعد الرؤية والمحتوى وعناصر التحكم والسلوكيات الأخرى مدارة بواسطة مالك لوحة المعلومات.,
parental_search_access_title,,Entity search access,الوصول إلى البحث عن الكيان,
parental_search_access_hint,,Choose which Home Assistant domains or individual entities this person can find in global search. Invisible selections always take precedence.,اختر مجالات Home Assistant أو الكيانات الفردية التي يمكن لهذا الشخص العثور عليها في البحث العام. التحديدات غير المرئية لها الأسبقية دائمًا.,don't translate Home Assistant
parental_search_visible_title,,Visible,مرئي,
parental_search_invisible_title,,Invisible,خفي,
parental_search_visible_empty,,All entities are visible unless they appear in the Invisible list.,تكون جميع الكيانات مرئية ما لم تظهر في القائمة غير المرئية.,
parental_search_invisible_empty,,No entities are explicitly hidden.,لا توجد كيانات مخفية بشكل واضح.,
parental_search_picker_subtitle,,Select entire domains or individual entities,حدد المجالات بأكملها أو الكيانات الفردية,
parental_search_domains,,Domains,المجالات,
parental_search_entire_domain,,Entire domain,المجال بأكمله,
parental_search_domain_chip,,Domain: %1$s,النطاق: %1$s,app fills in %1$s — keep them
ha_page_category,,Home Assistant,Home Assistant,don't translate Home Assistant
ha_page_category_subtitle,,Open your server's own pages without leaving HKI 7,افتح الصفحات الخاصة بخادمك دون مغادرة HKI 7,don't translate HKI 7
ha_page_settings,,Home Assistant settings,Home Assistant الإعدادات,don't translate Home Assistant
ha_page_settings_subtitle,,"Integrations, devices, areas and automations",التكامل والأجهزة والمناطق والأتمتة,
ha_page_dev_tools,,Developer tools,أدوات المطور,
ha_page_dev_tools_subtitle,,"States, services, templates and events",الدول والخدمات والقوالب والأحداث,
ha_page_hacs,,HACS,HACS,
ha_page_hacs_subtitle,,Community integrations and frontend add-ons,تكاملات المجتمع والوظائف الإضافية للواجهة الأمامية,
ha_page_no_server,,Connect to a Home Assistant server first.,اتصل بخادم Home Assistant أولاً.,don't translate Home Assistant
ha_page_reload,,Reload,إعادة تحميل,
ha_page_open_browser,,Open in browser,فتح في المتصفح,
ha_page_session_failed,,Could not start the embedded Home Assistant session. Reload the page or open it in your browser.,تعذر بدء جلسة Home Assistant المضمنة. أعد تحميل الصفحة أو افتحها في متصفحك.,don't translate Home Assistant
update_channel_name,,App updates,تحديثات التطبيق,
update_channel_description,,Tells you when a newer version of HKI 7 has been released,يخبرك عندما يتم إصدار إصدار أحدث من HKI 7,don't translate HKI 7
update_available_title,,HKI 7 %1$s is available,HKI 7 %1$s متاح,app fills in %1$s — keep them; don't translate HKI 7
update_available_body,,Tap to see what changed and update,انقر لمعرفة ما تم تغييره وتحديثه,
update_title,,App updates,تحديثات التطبيق,
update_subtitle_checking,,Checking for a newer version…,جارٍ البحث عن إصدار أحدث…,
update_subtitle_current,,You are on the latest version,أنت على الإصدار الأحدث,
update_subtitle_available,,Version %1$s is available,الإصدار %1$s متاح,app fills in %1$s — keep them
update_check_now,,Check for updates,التحقق من وجود تحديثات,
update_now,,Update now,قم بالتحديث الآن,
update_see_changes,,See what changed,انظر ماذا تغير,
update_watch_releases,,Tell me about new releases,أخبرني عن الإصدارات الجديدة,
update_watch_releases_subtitle,,Checks GitHub once a day and notifies you when a newer version is published,يتحقق من GitHub مرة واحدة يوميًا ويعلمك عند نشر إصدار أحدث,
uif_a_state,,a state,دولة,
uif_a_time,,a time,وقت,
uif_actions,,Actions,الإجراءات,
uif_active,,Active,نشيط,
uif_adaptive,,Adaptive,التكيف,
uif_advanced,,Advanced,متقدم,
uif_air_quality,,Air quality,جودة الهواء,
uif_alarm,,Alarm,إنذار,
uif_alarms,,Alarms,إنذار,
uif_allow,,Allow,يسمح,
uif_allow_all_the_time,,Allow all the time,السماح في كل وقت,
uif_and_separator,,\u0020and\u0020,\\u0020و\\u0020,
uif_appearance,,Appearance,مظهر,
uif_aqi,,AQI,تنظيم القاعدة في العراق,
uif_auto,,Auto,آلي,
uif_back,,Back,خلف,
uif_beep,,Beep,زمارة,
uif_brightness,,Brightness,سطوع,
uif_bucket,,Bucket,دلو,
uif_choose_action,,Choose action,اختر الإجراء,
uif_choose_entity,,Choose entity,اختر الكيان,
uif_choose_target,,Choose target,اختر الهدف,
uif_circle,,Circle,دائرة,
uif_color,,Color,لون,
uif_date,,Date,تاريخ,
uif_date_and_time,,Date and time,التاريخ والوقت,
uif_defrost,,Defrost,تذويب,
uif_devices_on,,Devices on,الأجهزة قيد التشغيل,
uif_direction_east_short,,E,ه,
uif_direction_north_short,,N,ن,
uif_direction_northeast_short,,NE,شمال شرق,
uif_direction_northwest_short,,NW,شمال غرب,
uif_direction_south_short,,S,س,
uif_direction_southeast_short,,SE,SE,
uif_direction_southwest_short,,SW,جنوب غرب,
uif_direction_west_short,,W,دبليو,
uif_display,,Display,عرض,
uif_edit,,Edit,يحرر,
uif_enable,,Enable,يُمكَِن,
uif_enable_location,,Enable location,تمكين الموقع,
uif_enabled,,Enabled,ممكّن,
uif_entities,,Entities,الكيانات,
uif_error,,Error,خطأ,
uif_fan_speed,,Fan speed,سرعة المروحة,
uif_feels_like_temperature,,Feels like %1$d°,يبدو وكأنه %1$d°,app fills in %1$d — keep them
uif_filter,,Filter,فلتر,
uif_fire,,Fire,نار,
uif_flow_actions_available,,Actions available in Home Assistant,الإجراءات المتوفرة في Home Assistant,don't translate Home Assistant
uif_flow_actions_load_failed,,Could not load Home Assistant actions,تعذر تحميل إجراءات Home Assistant,don't translate Home Assistant
uif_flow_advanced_block_unchanged,,Advanced block (kept unchanged),الكتلة المتقدمة (لم تتغير),
uif_flow_after_format,,After (HH:MM:SS),بعد (س س: د د: ث س),
uif_flow_after_time,,after %1$s,بعد %1$s,app fills in %1$s — keep them
uif_flow_at_time,,At %1$s,في %1$s,app fills in %1$s — keep them
uif_flow_automation_delete_failed,,Could not delete this automation,لا يمكن حذف هذه الأتمتة,
uif_flow_automation_deleted,,Deleted from Home Assistant,محذوف من Home Assistant,don't translate Home Assistant
uif_flow_automation_load_failed,,Could not load this automation,تعذر تحميل هذه الأتمتة,
uif_flow_automation_save_failed,,Could not save this automation,تعذر حفظ هذه الأتمتة,
uif_flow_automation_saved,,Saved and loaded in Home Assistant,تم الحفظ والتحميل في Home Assistant,don't translate Home Assistant
uif_flow_before_format,,Before (HH:MM:SS),قبل (س س: د د: ث س),
uif_flow_before_time,,before %1$s,قبل %1$s,app fills in %1$s — keep them
uif_flow_domain_actions_first,,%1$s actions are shown first,يتم عرض إجراءات %1$s أولاً,app fills in %1$s — keep them
uif_flow_entity_becomes_state,,%1$s becomes %2$s,%1$s يصبح %2$s,app fills in %1$s %2$s — keep them
uif_flow_entity_is_state,,%1$s is %2$s,%1$s هو %2$s,app fills in %1$s %2$s — keep them
uif_flow_entity_state,,Entity state,دولة الكيان,
uif_flow_ha_action,,Home Assistant action,Home Assistant الإجراء,don't translate Home Assistant
uif_flow_mode_parallel,,Parallel,موازي,
uif_flow_mode_parallel_description,,Start every trigger as a separate run at the same time.,ابدأ كل مشغل كتشغيل منفصل في نفس الوقت.,
uif_flow_mode_queued,,Queued,في قائمة الانتظار,
uif_flow_mode_queued_description,,"Wait, then run each trigger in the order it arrived.",انتظر، ثم قم بتشغيل كل مشغل بالترتيب الذي وصل به.,
uif_flow_mode_restart,,Restart,إعادة تشغيل,
uif_flow_mode_restart_description,,Stop the current run and start again when conditions still pass.,أوقف التشغيل الحالي وابدأ من جديد عندما تستمر الظروف.,
uif_flow_mode_single,,Single,أعزب,
uif_flow_mode_single_description,,Ignore a new trigger while this flow is still running.,تجاهل المشغل الجديد بينما لا يزال هذا التدفق قيد التشغيل.,
uif_flow_perform_ha_action,,Perform a Home Assistant action,قم بتنفيذ إجراء Home Assistant,don't translate Home Assistant
uif_flow_section_and_if,,And if,وإذا,
uif_flow_section_then,,Then,ثم,
uif_flow_section_when,,When,متى,
uif_flow_sun_event,,Sun event,حدث الشمس,
uif_flow_sunrise_or_sunset,,Sunrise or sunset,شروق الشمس أو غروبها,
uif_flow_time_format,,Time (HH:MM:SS),الوقت (س س: د د: ث س),
uif_flow_time_window,,Time window,نافذة الوقت,
uif_flow_group_any,,Any of these,أي من هذه,
uif_flow_group_all,,All of these,كل هذه,
uif_flow_group_none,,None of these,لا شيء من هؤلاء,
uif_flow_group_empty,,Empty — open it to add conditions,فارغ - افتحه لإضافة الشروط,
uif_flow_group_open,,Open group,افتح المجموعة,
uif_flow_group_back,,Back,خلف,
uif_flow_group_count,one,%1$d condition inside,%1$d الحالة بالداخل,app fills in %1$d — keep them
uif_flow_group_count,other,%1$d conditions inside,%1$d الظروف بالداخل,app fills in %1$d — keep them
uif_flow_group_count,zero,,%1$d الظروف بالداخل,
uif_flow_group_count,two,,%1$d الظروف بالداخل,
uif_flow_group_count,few,,%1$d الظروف بالداخل,
uif_flow_group_count,many,,%1$d الظروف بالداخل,
uif_flow_within_time_window,,Within a time window,ضمن نافذة زمنية,
uif_full,,Full,ممتلىء,
uif_gas,,Gas,الغاز,
uif_glow,,Glow,يشع,
uif_half,,Half,نصف,
uif_header_pill,,Header pill,حبة رأس,
uif_hold,,Hold,يمسك,
uif_humidity,,Humidity,رطوبة,
uif_ionizer,,Ionizer,المؤين,
uif_lights_on,,Lights on,أضواء على,
uif_local_network_access,,Local network access,الوصول إلى الشبكة المحلية,
uif_local_network_access_description,,Allows HKI 7 to find and connect directly to Home Assistant on your Wi-Fi network.,يسمح لـ HKI 7 بالعثور على Home Assistant والاتصال به مباشرةً على شبكة Wi-Fi لديك.,"don't translate Home Assistant, HKI 7"
uif_mode_auto,,Auto,آلي,
uif_mode_away,,Away,بعيد,
uif_mode_baby,,Baby,طفل,
uif_mode_boost,,Boost,يعزز,
uif_mode_clothes,,Clothes,ملابس,
uif_mode_comfort,,Comfort,راحة,
uif_mode_continuous,,Continuous,مستمر,
uif_mode_dry,,Dry,جاف,
uif_mode_eco,,Eco,سابقة بمعنى البِيْئَة,
uif_mode_high,,High,عالي,
uif_mode_home,,Home,بيت,
uif_mode_laundry,,Laundry,مغسلة,
uif_mode_low,,Low,قليل,
uif_mode_manual,,Manual,يدوي,
uif_mode_medium,,Medium,واسطة,
uif_mode_normal,,Normal,طبيعي,
uif_mode_purify,,Purify,تنقية,
uif_mode_quiet,,Quiet,هادئ,
uif_mode_sleep,,Sleep,ينام,
uif_moon,,Moon,قمر,
uif_moon_phase_first_quarter,,First quarter,الربع الأول,
uif_moon_phase_full,,Full moon,اكتمال القمر,
uif_moon_phase_last_quarter,,Last quarter,الربع الأخير,
uif_moon_phase_new,,New moon,القمر الجديد,
uif_moon_phase_waning_crescent,,Waning crescent,الهلال المتضاءل,
uif_moon_phase_waning_gibbous,,Waning gibbous,يتضاءل أحدب,
uif_moon_phase_waxing_crescent,,Waxing crescent,الهلال الصبح,
uif_moon_phase_waxing_gibbous,,Waxing gibbous,الصبح أحدب,
uif_motion,,Motion,حركة,
uif_mute,,Mute,صامت,
uif_next,,Next,التالي,
uif_none,,None,لا أحد,
uif_off,,Off,عن,
uif_onboarding_add_in_edit_mode,,Add everything yourself in Edit mode,أضف كل شيء بنفسك في وضع التحرير,
uif_onboarding_add_internal_url_later,,"For a faster direct connection at home, you can add an internal URL and your home Wi-Fi networks later in Settings > Connection.",للحصول على اتصال مباشر أسرع في المنزل، يمكنك إضافة عنوان URL داخلي وشبكات Wi-Fi المنزلية الخاصة بك لاحقًا في الإعدادات > الاتصال.,
uif_onboarding_add_remote_url_later,,"To connect while you're away from home, add a Nabu Casa or external URL later in Settings > Connection.",للاتصال أثناء تواجدك بعيدًا عن المنزل، أضف Nabu Casa أو عنوان URL خارجي لاحقًا في الإعدادات > الاتصال.,don't translate Nabu Casa
uif_onboarding_auto_entities,,"Finds suitable Climate, Security, Energy and Battery entities",يجد كيانات المناخ والأمن والطاقة والبطارية المناسبة,
uif_onboarding_auto_generate,,Auto generate,توليد تلقائي,
uif_onboarding_auto_rooms_floors,,Creates rooms and floors from Home Assistant areas,يقوم بإنشاء الغرف والأرضيات من مناطق Home Assistant,don't translate Home Assistant
uif_onboarding_building_dashboard,,Building dashboard…,بناء لوحة القيادة…,
uif_onboarding_connection_failed,,Connection failed,فشل الاتصال,
uif_onboarding_everything_editable,,Everything can be changed afterward in Edit mode,يمكن تغيير كل شيء بعد ذلك في وضع التحرير,
uif_onboarding_external_access_explanation,,HKI 7 can reach your smart home both at home and while you're away through the external URL you entered.,يمكن لـ HKI 7 الوصول إلى منزلك الذكي سواء في المنزل أو أثناء تواجدك بعيدًا من خلال عنوان URL الخارجي الذي أدخلته.,don't translate HKI 7
uif_onboarding_local_access_explanation,,Your smart home is currently available to HKI 7 only while this device can reach your local Home Assistant network.,منزلك الذكي متاح حاليًا لـ HKI 7 فقط بينما يمكن لهذا الجهاز الوصول إلى شبكة Home Assistant المحلية الخاصة بك.,"don't translate Home Assistant, HKI 7"
uif_onboarding_login_failed,,Login failed: %1$s,فشل تسجيل الدخول: %1$s,app fills in %1$s — keep them
uif_onboarding_nabu_casa_access_explanation,,HKI 7 can reach your smart home both at home and while you're away through your Nabu Casa URL.,يمكن لـ HKI 7 الوصول إلى منزلك الذكي سواء في المنزل أو أثناء تواجدك بعيدًا من خلال عنوان URL الخاص بـ Nabu Casa.,"don't translate Nabu Casa, HKI 7"
uif_onboarding_no_authorization_code,,Login failed: Home Assistant returned no authorization code.,فشل تسجيل الدخول: لم يُرجع Home Assistant رمز التفويض.,don't translate Home Assistant
uif_onboarding_preparing_dashboard,,Preparing dashboard…,جارٍ تحضير لوحة القيادة…,
uif_onboarding_server_http_error,,The server answered with HTTP %1$d,أجاب الخادم بـ HTTP %1$d,app fills in %1$d — keep them
uif_onboarding_shared_import_failed,,Could not import “%1$s”. Try again.,"تعذر استيراد ""%1$s"". حاول ثانية.",app fills in %1$s — keep them
uif_onboarding_start_empty,,Start empty,ابدأ فارغًا,
uif_onboarding_starts_empty,,"Starts without imported rooms, widgets or view entities",يبدأ بدون الغرف أو عناصر واجهة المستخدم أو كيانات العرض المستوردة,
uif_open,,Open,يفتح,
uif_open_doors,,Open doors,افتح الأبواب,
uif_open_settings,,Open settings,افتح الإعدادات,
uif_open_windows,,Open windows,افتح النوافذ,
uif_of_enabled,,%1$d of %2$d enabled,تم تمكين %1$d لـ %2$d,app fills in %1$d %2$d — keep them
uif_pause,,Pause,يوقف,
uif_percentage,,Percentage,نسبة مئوية,
uif_permissions_can_be_changed_later,,You can change these permissions later in Android Settings.,يمكنك تغيير هذه الأذونات لاحقًا في إعدادات Android.,
uif_pick_to_auto_fill,,Pick to auto-fill,اختر الملء التلقائي,
uif_pill,,Pill,حبة,
uif_play,,Play,يلعب,
uif_playlists,,Playlists,قوائم التشغيل,
uif_pm25,,PM2.5,PM2.5,
uif_presence,,Presence,حضور,
uif_pressure,,Pressure,ضغط,
uif_pressure_hpa,,%1$d hPa,%1$d هكتوباسكال,app fills in %1$d — keep them
uif_previous,,Previous,سابق,
uif_pulse,,Pulse,نبض,
uif_pump,,Pump,مضخة,
uif_rain,,Rain,مطر,
uif_rain_map_camera,,Rain map camera,كاميرا خريطة المطر,
uif_recipe_arrive_home_description,,Activate a scene when someone arrives home,قم بتنشيط المشهد عندما يصل شخص ما إلى المنزل,
uif_recipe_arrive_home_title,,Welcome home,مرحبًا بك في بيتك,
uif_recipe_bedtime_description,,Turn off a light at a chosen bedtime,أطفئ الضوء في وقت النوم المختار,
uif_recipe_bedtime_title,,Bedtime lights,أضواء وقت النوم,
uif_recipe_blank_description,,Build an automation from an empty canvas,أنشئ نظامًا آليًا من لوحة قماشية فارغة,
uif_recipe_blank_title,,Start empty,ابدأ فارغًا,
uif_recipe_close_covers_description,,Close a cover when the sun sets,أغلق الغطاء عند غروب الشمس,
uif_recipe_close_covers_title,,Close covers at sunset,إغلاق الأغطية عند غروب الشمس,
uif_recipe_entity_state_description,,Run an action when an entity reaches a state,قم بتشغيل الإجراء عندما يصل الكيان إلى حالة ما,
uif_recipe_entity_state_title,,Entity changes,تغييرات الكيان,
uif_recipe_leave_home_description,,Turn off a light when someone leaves home,إطفاء الضوء عندما يغادر شخص ما المنزل,
uif_recipe_leave_home_title,,Leaving home,مغادرة المنزل,
uif_recipe_lock_at_night_description,,Lock a door at a chosen time,قفل الباب في الوقت المحدد,
uif_recipe_lock_at_night_title,,Lock up at night,حبس في الليل,
uif_recipe_morning_scene_description,,Activate a scene at a chosen morning time,قم بتنشيط المشهد في وقت الصباح المختار,
uif_recipe_morning_scene_title,,Morning scene,مشهد الصباح,
uif_recipe_motion_lights_description,,Turn on a light when motion is detected,قم بتشغيل الضوء عند اكتشاف الحركة,
uif_recipe_motion_lights_title,,Motion lighting,إضاءة الحركة,
uif_recipe_open_covers_description,,Open a cover when the sun rises,افتح الغطاء عندما تشرق الشمس,
uif_recipe_open_covers_title,,Open covers at sunrise,أغطية مفتوحة عند شروق الشمس,
uif_recipe_schedule_description,,Run an action at a fixed time every day,تنفيذ إجراء في وقت محدد كل يوم,
uif_recipe_schedule_title,,At a time,في وقت واحد,
uif_recipe_sunrise_lights_off_description,,Turn off a light when the sun rises,أطفئ الضوء عندما تشرق الشمس,
uif_recipe_sunrise_lights_off_title,,Lights off at sunrise,إطفاء الأنوار عند شروق الشمس,
uif_recipe_sunset_description,,Run an action at sunset,قم بتشغيل الإجراء عند غروب الشمس,
uif_recipe_sunset_title,,Around sunset,قرب غروب الشمس,
uif_refresh,,Refresh,ينعش,
uif_remove,,Remove,يزيل,
uif_repeat,,Repeat,يكرر,
uif_run,,Run,يجري,
uif_season,,Season,موسم,
uif_season_autumn,,Autumn,خريف,
uif_season_spring,,Spring,ربيع,
uif_season_summer,,Summer,صيف,
uif_season_winter,,Winter,شتاء,
uif_shuffle,,Shuffle,خلط,
uif_sleep,,Sleep,ينام,
uif_smoke,,Smoke,دخان,
uif_source,,Source,مصدر,
uif_source_device,,Source device,جهاز المصدر,
uif_speed,,Speed,سرعة,
uif_speed_kmh,,%1$d km/h,%1$d كم/ساعة,app fills in %1$d — keep them
uif_spin,,Spin,يلف,
uif_state_active,,Active,نشيط,
uif_state_away,,Away,بعيد,
uif_state_buffering,,Buffering,التخزين المؤقت,
uif_state_cleaning,,Cleaning,تنظيف,
uif_state_closed,,Closed,مغلق,
uif_state_docked,,Docked,رست,
uif_state_error,,Error,خطأ,
uif_state_home,,Home,بيت,
uif_state_idle,,Idle,عاطل,
uif_state_locked,,Locked,مغلق,
uif_state_off,,Off,عن,
uif_state_on,,On,على,
uif_state_open,,Open,يفتح,
uif_state_paused,,Paused,متوقف مؤقتًا,
uif_state_playing,,Playing,اللعب,
uif_state_returning,,Returning,العودة,
uif_state_standby,,Standby,تعليق,
uif_state_unavailable,,Unavailable,غير متاح,
uif_state_unknown,,Unknown,مجهول,
uif_state_unlocked,,Unlocked,مفتوح,
uif_sun,,Sun,شمس,
uif_sunrise,,Sunrise,شروق الشمس,
uif_sunset,,Sunset,غروب,
uif_tank,,Tank,صهريج,
uif_tap,,Tap,مقبض,
uif_third,,Third,ثالث,
uif_time,,Time,وقت,
uif_unknown,,Unknown,مجهول,
uif_update_failed,,Could not update %1$s,تعذر التحديث %1$s,app fills in %1$s — keep them
uif_updated,,%1$s updated,تم تحديث %1$s,app fills in %1$s — keep them
uif_weather,,Weather,طقس,
uif_wind,,Wind,رياح,
uif_active_device_count,one,%1$d active device,%1$d جهاز نشط,app fills in %1$d — keep them
uif_active_device_count,other,%1$d active devices,%1$d الأجهزة النشطة,app fills in %1$d — keep them
uif_active_device_count,zero,,%1$d الأجهزة النشطة,
uif_active_device_count,two,,%1$d الأجهزة النشطة,
uif_active_device_count,few,,%1$d الأجهزة النشطة,
uif_active_device_count,many,,%1$d الأجهزة النشطة,
uif_adaptive_group_paused_count,one,%1$d group light is paused for manual control.,%1$d تم إيقاف ضوء المجموعة مؤقتًا للتحكم اليدوي.,app fills in %1$d — keep them
uif_adaptive_group_paused_count,other,%1$d group lights are paused for manual control.,%1$d أضواء المجموعة متوقفة مؤقتًا للتحكم اليدوي.,app fills in %1$d — keep them
uif_adaptive_group_paused_count,zero,,%1$d أضواء المجموعة متوقفة مؤقتًا للتحكم اليدوي.,
uif_adaptive_group_paused_count,two,,%1$d أضواء المجموعة متوقفة مؤقتًا للتحكم اليدوي.,
uif_adaptive_group_paused_count,few,,%1$d أضواء المجموعة متوقفة مؤقتًا للتحكم اليدوي.,
uif_adaptive_group_paused_count,many,,%1$d أضواء المجموعة متوقفة مؤقتًا للتحكم اليدوي.,
uif_adaptive_profile_light_count,one,Controls %1$d light in this profile.,يتحكم في %1$d الضوء في هذا الملف الشخصي.,app fills in %1$d — keep them
uif_adaptive_profile_light_count,other,Controls %1$d lights in this profile.,يتحكم في أضواء %1$d في هذا الملف الشخصي.,app fills in %1$d — keep them
uif_adaptive_profile_light_count,zero,,يتحكم في أضواء %1$d في هذا الملف الشخصي.,
uif_adaptive_profile_light_count,two,,يتحكم في أضواء %1$d في هذا الملف الشخصي.,
uif_adaptive_profile_light_count,few,,يتحكم في أضواء %1$d في هذا الملف الشخصي.,
uif_adaptive_profile_light_count,many,,يتحكم في أضواء %1$d في هذا الملف الشخصي.,
uif_days_to_season,one,%1$d day to %2$s,%1$d يوم إلى %2$s,app fills in %1$d %2$s — keep them
uif_days_to_season,other,%1$d days to %2$s,%1$d يوم حتى %2$s,app fills in %1$d %2$s — keep them
uif_days_to_season,zero,,%1$d يوم حتى %2$s,
uif_days_to_season,two,,%1$d يوم حتى %2$s,
uif_days_to_season,few,,%1$d يوم حتى %2$s,
uif_days_to_season,many,,%1$d يوم حتى %2$s,
uif_device_on_count,one,%1$d device on,%1$d الجهاز قيد التشغيل,app fills in %1$d — keep them
uif_device_on_count,other,%1$d devices on,%1$d الأجهزة قيد التشغيل,app fills in %1$d — keep them
uif_device_on_count,zero,,%1$d الأجهزة قيد التشغيل,
uif_device_on_count,two,,%1$d الأجهزة قيد التشغيل,
uif_device_on_count,few,,%1$d الأجهزة قيد التشغيل,
uif_device_on_count,many,,%1$d الأجهزة قيد التشغيل,
uif_fire_detector_count,one,%1$d fire detector active,%1$d كاشف الحريق نشط,app fills in %1$d — keep them
uif_fire_detector_count,other,%1$d fire detectors active,%1$d أجهزة كشف الحريق نشطة,app fills in %1$d — keep them
uif_fire_detector_count,zero,,%1$d أجهزة كشف الحريق نشطة,
uif_fire_detector_count,two,,%1$d أجهزة كشف الحريق نشطة,
uif_fire_detector_count,few,,%1$d أجهزة كشف الحريق نشطة,
uif_fire_detector_count,many,,%1$d أجهزة كشف الحريق نشطة,
uif_flow_advanced_block_count,one,%1$d advanced shorthand block (kept unchanged),%1$d كتلة الاختصار المتقدمة (لم تتغير),app fills in %1$d — keep them
uif_flow_advanced_block_count,other,%1$d advanced shorthand blocks (kept unchanged),%1$d كتل مختصرة متقدمة (تظل دون تغيير),app fills in %1$d — keep them
uif_flow_advanced_block_count,zero,,%1$d كتل مختصرة متقدمة (تظل دون تغيير),
uif_flow_advanced_block_count,two,,%1$d كتل مختصرة متقدمة (تظل دون تغيير),
uif_flow_advanced_block_count,few,,%1$d كتل مختصرة متقدمة (تظل دون تغيير),
uif_flow_advanced_block_count,many,,%1$d كتل مختصرة متقدمة (تظل دون تغيير),
uif_gas_detector_count,one,%1$d gas detector active,%1$d كاشف الغاز نشط,app fills in %1$d — keep them
uif_gas_detector_count,other,%1$d gas detectors active,%1$d أجهزة كشف الغاز نشطة,app fills in %1$d — keep them
uif_gas_detector_count,zero,,%1$d أجهزة كشف الغاز نشطة,
uif_gas_detector_count,two,,%1$d أجهزة كشف الغاز نشطة,
uif_gas_detector_count,few,,%1$d أجهزة كشف الغاز نشطة,
uif_gas_detector_count,many,,%1$d أجهزة كشف الغاز نشطة,
uif_light_on_count,one,%1$d light on,%1$d الضوء مضاء,app fills in %1$d — keep them
uif_light_on_count,other,%1$d lights on,%1$d الأضواء مضاءة,app fills in %1$d — keep them
uif_light_on_count,zero,,%1$d الأضواء مضاءة,
uif_light_on_count,two,,%1$d الأضواء مضاءة,
uif_light_on_count,few,,%1$d الأضواء مضاءة,
uif_light_on_count,many,,%1$d الأضواء مضاءة,
uif_media_item_count,one,%1$d item,%1$d عنصر,app fills in %1$d — keep them
uif_media_item_count,other,%1$d items,%1$d العناصر,app fills in %1$d — keep them
uif_media_item_count,zero,,%1$d العناصر,
uif_media_item_count,two,,%1$d العناصر,
uif_media_item_count,few,,%1$d العناصر,
uif_media_item_count,many,,%1$d العناصر,
uif_motion_sensor_count,one,%1$d motion sensor active,%1$d مستشعر الحركة نشط,app fills in %1$d — keep them
uif_motion_sensor_count,other,%1$d motion sensors active,%1$d أجهزة استشعار الحركة نشطة,app fills in %1$d — keep them
uif_motion_sensor_count,zero,,%1$d أجهزة استشعار الحركة نشطة,
uif_motion_sensor_count,two,,%1$d أجهزة استشعار الحركة نشطة,
uif_motion_sensor_count,few,,%1$d أجهزة استشعار الحركة نشطة,
uif_motion_sensor_count,many,,%1$d أجهزة استشعار الحركة نشطة,
uif_open_door_count,one,%1$d open door,%1$d الباب مفتوح,app fills in %1$d — keep them
uif_open_door_count,other,%1$d open doors,%1$d الأبواب المفتوحة,app fills in %1$d — keep them
uif_open_door_count,zero,,%1$d الأبواب المفتوحة,
uif_open_door_count,two,,%1$d الأبواب المفتوحة,
uif_open_door_count,few,,%1$d الأبواب المفتوحة,
uif_open_door_count,many,,%1$d الأبواب المفتوحة,
uif_open_window_count,one,%1$d open window,%1$d نافذة مفتوحة,app fills in %1$d — keep them
uif_open_window_count,other,%1$d open windows,%1$d النوافذ المفتوحة,app fills in %1$d — keep them
uif_open_window_count,zero,,%1$d النوافذ المفتوحة,
uif_open_window_count,two,,%1$d النوافذ المفتوحة,
uif_open_window_count,few,,%1$d النوافذ المفتوحة,
uif_open_window_count,many,,%1$d النوافذ المفتوحة,
uif_presence_sensor_count,one,%1$d presence sensor active,%1$d مستشعر التواجد نشط,app fills in %1$d — keep them
uif_presence_sensor_count,other,%1$d presence sensors active,%1$d أجهزة استشعار التواجد نشطة,app fills in %1$d — keep them
uif_presence_sensor_count,zero,,%1$d أجهزة استشعار التواجد نشطة,
uif_presence_sensor_count,two,,%1$d أجهزة استشعار التواجد نشطة,
uif_presence_sensor_count,few,,%1$d أجهزة استشعار التواجد نشطة,
uif_presence_sensor_count,many,,%1$d أجهزة استشعار التواجد نشطة,
uif_smoke_detector_count,one,%1$d smoke detector active,%1$d كاشف الدخان نشط,app fills in %1$d — keep them
uif_smoke_detector_count,other,%1$d smoke detectors active,%1$d أجهزة كشف الدخان نشطة,app fills in %1$d — keep them
uif_smoke_detector_count,zero,,%1$d أجهزة كشف الدخان نشطة,
uif_smoke_detector_count,two,,%1$d أجهزة كشف الدخان نشطة,
uif_smoke_detector_count,few,,%1$d أجهزة كشف الدخان نشطة,
uif_smoke_detector_count,many,,%1$d أجهزة كشف الدخان نشطة,
weather_animate_title,,Animated weather,الطقس المتحركة,
weather_animate_description,,"Where the full-colour weather artwork plays. Turn a surface off to show its still artwork instead — the forecast strips are the ones that cost the most, since they animate a dozen icons side by side.",حيث يتم تشغيل العمل الفني للطقس بالألوان الكاملة. قم بإيقاف تشغيل السطح لإظهار العمل الفني الثابت بدلاً من ذلك - شرائط التنبؤ هي التي تكلف أكثر، لأنها تحرك عشرات الأيقونات جنبًا إلى جنب.,
weather_animate_applies_everywhere,,"These apply to this device everywhere weather is shown, not just to this pill. The same switches are in Settings › Appearance › Icons.",تنطبق هذه على هذا الجهاز في كل مكان يتم عرض الطقس فيه، وليس فقط على هذا الجهاز اللوحي. نفس المفاتيح موجودة في الإعدادات > المظهر > الأيقونات.,
weather_animate_pill,,Header pill,حبة رأس,
weather_animate_pill_description,,The small weather icon beside the dashboard title.,أيقونة الطقس الصغيرة بجانب عنوان لوحة القيادة.,
weather_animate_dialog,,Weather dialog,حوار الطقس,
weather_animate_dialog_description,,The large icon on the current-weather card when you open the weather.,الرمز الكبير الموجود على بطاقة الطقس الحالي عند فتح الطقس.,
weather_animate_forecast,,Forecast strips,شرائط التنبؤ,
weather_animate_forecast_description,,"The daily and hourly rows, in the dialog and on the dashboard.",الصفوف اليومية والساعة، في مربع الحوار وعلى لوحة المعلومات.,
weather_animate_widget,,Weather widget,القطعة الطقس,
weather_animate_widget_description,,The weather card on the dashboard itself.,بطاقة الطقس على لوحة القيادة نفسها.,
widgets_tab_content,,Content,محتوى,
widgets_tab_appearance,,Appearance,مظهر,
widgets_tab_data,,Data,بيانات,
widgets_tab_chart,,Chart,جدول,
widgets_tab_graphs,,Graphs,الرسوم البيانية,
widgets_tab_layout,,Layout,تَخطِيط,
widgets_tab_data_sources,,Data sources,مصادر البيانات,
widgets_remove,,Remove,يزيل,
widgets_reimport,,Re-import,إعادة الاستيراد,
widgets_unavailable,,Unavailable,غير متاح,
widgets_today,,Today,اليوم,
widgets_tomorrow,,Tomorrow,غداً,
widgets_yesterday,,Yesterday,أمس,
widgets_today_initial,,T,ت,
widgets_iframe_title,,iFrame,iFrame,
widgets_iframe_subtitle,,Embed a web page on your dashboard,تضمين صفحة ويب على لوحة التحكم الخاصة بك,
widgets_ratio_square,,Square,مربع,
widgets_ratio_wide,,Wide,واسع,
widgets_ratio_tall,,Tall,طويل,
widgets_markdown_title,,Markdown,تخفيض السعر,
widgets_markdown_subtitle,,Content and card appearance,المحتوى ومظهر البطاقة,
widgets_media_player_title,,Media player,مشغل الوسائط,
widgets_media_player_subtitle,,"Source, layout, and artwork",المصدر والتخطيط والعمل الفني,
widgets_stat_min,,Min,دقيقة,
widgets_stat_average,,Avg,متوسط,
widgets_stat_max,,Max,الأعلى,
widgets_sensor_graph_title,,Sensor graph,الرسم البياني الاستشعار,
widgets_sensor_graph_subtitle,,"Entities, chart style, and appearance",الكيانات ونمط المخطط والمظهر,
widgets_sensor_graph_stack_title,,Sensor graph stack,مكدس الرسم البياني الاستشعار,
widgets_sensor_graph_stack_subtitle,,Grouped charts and stack layout,المخططات المجمعة وتخطيط المكدس,
widgets_graph_sensor_count,one,Graph %1$d · %2$d sensor,الرسم البياني %1$d · مستشعر %2$d,app fills in %1$d %2$d — keep them
widgets_graph_sensor_count,other,Graph %1$d · %2$d sensors,الرسم البياني %1$d · أجهزة الاستشعار %2$d,app fills in %1$d %2$d — keep them
widgets_graph_sensor_count,zero,,الرسم البياني %1$d · أجهزة الاستشعار %2$d,
widgets_graph_sensor_count,two,,الرسم البياني %1$d · أجهزة الاستشعار %2$d,
widgets_graph_sensor_count,few,,الرسم البياني %1$d · أجهزة الاستشعار %2$d,
widgets_graph_sensor_count,many,,الرسم البياني %1$d · أجهزة الاستشعار %2$d,
widgets_calendar_title,,Calendar,تقويم,
widgets_calendar_subtitle,,"Calendars, default view, and appearance",التقويمات والعرض الافتراضي والمظهر,
widgets_calendar_agenda,,Agenda,جدول الأعمال,
widgets_calendar_week,,Week,أسبوع,
widgets_calendar_month,,Month,شهر,
widgets_calendar_no_entity,,No calendar entity available,لا يوجد كيان تقويم متاح,
widgets_calendar_no_upcoming_events,,No events in the coming days,لا توجد أحداث في الأيام المقبلة,
widgets_calendar_no_events_for,,No events for %1$s,لا توجد أحداث لـ %1$s,app fills in %1$s — keep them
widgets_calendar_all_day,,All day,طوال اليوم,
widgets_calendar_time_unknown,,Time unknown,الوقت غير معروف,
widgets_vacuum_state_cleaning,,Cleaning,تنظيف,
widgets_vacuum_state_docked,,Docked,رست,
widgets_vacuum_state_paused,,Paused,متوقف مؤقتًا,
widgets_vacuum_state_error,,Error,خطأ,
widgets_vacuum_state_returning,,Returning to dock,العودة إلى قفص الاتهام,
widgets_vacuum_dock,,Dock,قفص الاتهام,
widgets_vacuum_start,,Start,يبدأ,
widgets_vacuum_pause,,Pause,يوقف,
widgets_vacuum_stop,,Stop,قف,
widgets_vacuum_locate,,Locate,تحديد موقع,
widgets_vacuum_fan_speed,,Fan speed,سرعة المروحة,
widgets_vacuum_water_level,,Water level,مستوى الماء,
widgets_vacuum_map,,Vacuum map,خريطة فراغ,
widgets_vacuum_room_number,,Room %1$d,غرفة %1$d,app fills in %1$d — keep them
widgets_vacuum_room_label,,Room %1$s,غرفة %1$s,app fills in %1$s — keep them
widgets_vacuum_valetudo_decode_failed,,No Valetudo map data in this camera entity,لا توجد بيانات خريطة Valetudo في كيان الكاميرا هذا,don't translate Valetudo
widgets_vacuum_valetudo_tap_hint,,Tap a room to clean it,اضغط على غرفة لتنظيفها,
widgets_vacuum_valetudo_unmapped,,Map this robot's segments to areas in Home Assistant to clean a room by tapping it,قم بتعيين أجزاء هذا الروبوت إلى مناطق في Home Assistant لتنظيف الغرفة من خلال النقر عليها,don't translate Home Assistant
widgets_vacuum_valetudo_cleaning,,Cleaning %1$s,التنظيف %1$s,app fills in %1$s — keep them
widgets_waste_collection_title,,Waste collection,جمع النفايات,
widgets_waste_collection_subtitle,,"Sensors, calendar, and appearance",أجهزة الاستشعار والتقويم والمظهر,
widgets_waste_sensor_picture_help,,Shows the sensor’s entity_picture (falls back to the type icon when no picture is available).,يعرض صورة كيان المستشعر (تعود إلى أيقونة النوع في حالة عدم توفر صورة).,
ui_people_dialog_title,,People,الناس,
widgets_f1_title,,Formula 1,الصيغة 1,
widgets_f1_subtitle,,"Race weekend, standings, and results",سباق نهاية الأسبوع، الترتيب، والنتائج,
widgets_f1_sources_subtitle,,Read from the F1 Sensor integration,اقرأ من تكامل مستشعر F1,
widgets_f1_tab_next,,Next race,السباق القادم,
widgets_f1_tab_calendar,,Calendar,تقويم,
widgets_f1_tab_standings,,Standings,الترتيب,
widgets_f1_tab_grid,,Grid,شبكة,
widgets_f1_tab_results,,Results,نتائج,
widgets_f1_tab_live,,Live,يعيش,
widgets_f1_drivers,,Drivers,السائقين,
widgets_f1_constructors,,Constructors,البنائين,
widgets_f1_prediction,,Prediction,تنبؤ,
widgets_f1_schedule,,Session schedule,جدول الجلسة,
widgets_f1_race_control,,Race control,السيطرة على السباق,
widgets_f1_timing,,Timing,توقيت,
widgets_f1_round,,Round %1$s,جولة %1$s,app fills in %1$s — keep them
widgets_f1_lap_short,,Lap %1$s,اللفة %1$s,app fills in %1$s — keep them
widgets_f1_lap_of,,Lap %1$d / %2$d,اللفة %1$d / %2$d,app fills in %1$d %2$d — keep them
widgets_f1_wins_short,,%1$s wins,%1$s يفوز,app fills in %1$s — keep them
widgets_f1_points_wins_legend,,Right-hand column shows championship points.,يظهر العمود الأيمن نقاط البطولة.,
widgets_f1_prediction_now,,Now: %1$s pts,الآن: %1$s نقطة,app fills in %1$s — keep them
widgets_f1_prediction_legend,,Right-hand column shows predicted final points. Needs F1TV Auth in F1 Sensor.,يُظهر العمود الأيمن النقاط النهائية المتوقعة. يحتاج إلى مصادقة F1TV في مستشعر F1.,
widgets_f1_status_pit,,In pit,في الحفرة,
widgets_f1_status_out,,Retired,متقاعد,
widgets_f1_no_calendar,,No season schedule available yet,لا يوجد جدول للموسم متاح بعد,
widgets_f1_no_grid,,No starting grid available yet,لا توجد شبكة البداية متاحة حتى الآن,
widgets_f1_no_prediction,,No championship prediction available. Needs F1TV Auth in F1 Sensor.,لا توجد توقعات البطولة المتاحة. يحتاج إلى مصادقة F1TV في مستشعر F1.,
widgets_f1_lights_out_in,,Lights out in %1$s,إطفاء الأنوار في %1$s,app fills in %1$s — keep them
widgets_f1_in_days_hours,,in %1$dd %2$dh,في %1$dd %2$dh,app fills in %1$d %2$d — keep them
widgets_f1_in_hours_minutes,,in %1$dh %2$dm,في %1$dh %2$dm,app fills in %1$d %2$d — keep them
widgets_f1_in_minutes,,in %1$dm,في %1$dم,app fills in %1$d — keep them
widgets_f1_no_upcoming,,No upcoming race,لا يوجد سباق قادم,
widgets_f1_today_at,,Today %1$s,اليوم %1$s,app fills in %1$s — keep them
widgets_f1_tomorrow_at,,Tomorrow %1$s,غدًا %1$s,app fills in %1$s — keep them
widgets_f1_time_unknown,,Time to be confirmed,الوقت للتأكيد,
widgets_f1_sensors_used,,"This widget uses the next race, season calendar, starting grid, driver and constructor standings, last race results, weather, and — during a session — track status, session status, race control, driver positions, and current tyres. It also shows a championship prediction when F1 Sensor's optional F1TV Auth is set up. Other F1 Sensor options are not needed for it.",تستخدم هذه الأداة السباق التالي، وتقويم الموسم، وشبكة البداية، وترتيب السائق والمنشئ، ونتائج السباق الأخير، والطقس، و- خلال الجلسة - حالة المسار، وحالة الجلسة، والتحكم في السباق، ومواقف السائق، والإطارات الحالية. كما يعرض أيضًا تنبؤًا بالبطولة عند إعداد F1TV Auth الاختياري لجهاز الاستشعار F1. ليست هناك حاجة إلى خيارات مستشعر F1 الأخرى لذلك.,
widgets_f1_no_standings,,No standings available yet,لا يوجد ترتيب متاح حتى الآن,
widgets_f1_no_results,,No race results available yet,لا توجد نتائج السباق متاحة بعد,
widgets_f1_no_race_control,,No race control messages,لا توجد رسائل التحكم في السباق,
widgets_f1_not_found,,F1 Sensor not found,لم يتم العثور على مستشعر F1,
widgets_f1_not_found_long,,The F1 Sensor integration was not found. Install it in Home Assistant (HACS: Nicxe/f1_sensor) and its sensors are picked up automatically.,لم يتم العثور على تكامل مستشعر F1. قم بتثبيته في Home Assistant (HACS: Nicxe/f1_sensor) وسيتم التقاط مستشعراته تلقائيًا.,don't translate Home Assistant
widgets_f1_found,,Found %1$d F1 sensors.,تم العثور على أجهزة استشعار %1$d F1.,app fills in %1$d — keep them
widgets_f1_default_tab,,Opening tab,علامة التبويب الافتتاحية,
widgets_f1_background_help,,"With no background image the card shows the upcoming race, with the circuit outline as a faint watermark behind it.",مع عدم وجود صورة خلفية، تُظهر البطاقة السباق القادم، مع مخطط الدائرة كعلامة مائية باهتة خلفها.,
widgets_f1_session_fp1,,Practice 1,الممارسة 1,
widgets_f1_session_fp2,,Practice 2,الممارسة 2,
widgets_f1_session_fp3,,Practice 3,الممارسة 3,
widgets_f1_session_sprint_quali,,Sprint qualifying,تصفيات سبرينت,
widgets_f1_session_sprint,,Sprint,سبرينت,
widgets_f1_session_qualifying,,Qualifying,التأهل,
widgets_f1_session_race,,Race,سباق,
widgets_f1_flag_green,,Track clear,المسار واضح,
widgets_f1_flag_yellow,,Yellow flag,العلم الأصفر,
widgets_f1_flag_red,,Red flag,العلم الأحمر,
widgets_f1_flag_safety_car,,Safety car,سيارة الأمان,
widgets_f1_flag_vsc,,Virtual safety car,سيارة الأمان الافتراضية,
widgets_f1_flag_chequered,,Chequered flag,علم متقلب,
widgets_f1_flag_unknown,,Not running,لا يعمل,
cr_widget_f1,,Formula 1,الصيغة 1,
cr_widget_f1_description,,"Race weekend, standings, and results",سباق نهاية الأسبوع، الترتيب، والنتائج,
widgets_todo_title,,To-Do List,قائمة المهام,
widgets_todo_shopping_title,,Shopping List,قائمة التسوق,
widgets_todo_subtitle,,A shared checklist your family can add to and check off,قائمة مرجعية مشتركة يمكن لعائلتك إضافتها وإلغاء تحديدها,
widgets_todo_empty,,No items yet,لا توجد عناصر بعد,
widgets_todo_all_done,,All done,تم كل شيء,
widgets_todo_remaining,,%1$d of %2$d left,%1$d من %2$d اليسار,app fills in %1$d %2$d — keep them
widgets_todo_add_placeholder,,Add an item…,إضافة عنصر…,
widgets_todo_read_only,,You don't have permission to edit this list.,ليس لديك الإذن بتعديل هذه القائمة.,
widgets_todo_filter_active,,To do,للقيام به,
widgets_todo_filter_all,,All,الجميع,
widgets_todo_filter_done,,Done,منتهي,
widgets_todo_clear_completed,,Clear completed,اكتمل المسح,
widgets_todo_completed_section,,Completed (%1$d),مكتمل (%1$d),app fills in %1$d — keep them
widgets_todo_new_category,,New tab,علامة تبويب جديدة,
widgets_todo_manage_categories,,Manage tabs,إدارة علامات التبويب,
widgets_todo_edit_item,,Edit item,تحرير العنصر,
widgets_todo_item_text,,Item,غرض,
widgets_todo_quantity,,Quantity,كمية,
widgets_todo_category,,Category,فئة,
widgets_todo_note,,Note,ملحوظة,
widgets_todo_priority,,Priority,أولوية,
widgets_todo_priority_low,,Low,قليل,
widgets_todo_priority_normal,,Normal,طبيعي,
widgets_todo_priority_high,,High,عالي,
widgets_todo_due_date,,Due date,تاريخ الاستحقاق,
widgets_todo_clear_due_date,,Clear due date,مسح تاريخ الاستحقاق,
widgets_todo_delete_item,,Delete,يمسح,
widgets_todo_checked_by,,Checked by %1$s,تم التحقق بواسطة %1$s,app fills in %1$s — keep them
widgets_todo_added_by,,Added by %1$s,تمت الإضافة بواسطة %1$s,app fills in %1$s — keep them
widgets_todo_tab_general,,General,عام,
widgets_todo_tab_permissions,,Permissions,الأذونات,
widgets_todo_list_type,,List type,نوع القائمة,
widgets_todo_type_todo,,To-do,المهام,
widgets_todo_type_shopping,,Shopping,التسوق,
widgets_todo_sort_mode,,Sort order,ترتيب الترتيب,
widgets_todo_sort_manual,,Manual,يدوي,
widgets_todo_sort_alphabetical,,A–Z,من الألف إلى الياء,
widgets_todo_sort_priority,,Priority,أولوية,
widgets_todo_sort_newest,,Newest first,الأحدث أولاً,
widgets_todo_show_completed,,Show completed items by default,إظهار العناصر المكتملة بشكل افتراضي,
widgets_todo_hero_list,,Hero list,قائمة البطل,
widgets_todo_hero_list_hint,,Show this list's open items on the square card.,إظهار العناصر المفتوحة لهذه القائمة على البطاقة المربعة.,
widgets_todo_permissions_subtitle,,"Choose who can add, check off, or remove items",اختر من يمكنه إضافة العناصر أو تحديدها أو إزالتها,
widgets_todo_perm_everyone,,Everyone,الجميع,
widgets_todo_perm_specific,,Specific family members,أفراد محددين من العائلة,
widgets_todo_perm_admin_only,,Admins only,المشرفين فقط,
widgets_todo_permissions_admin_required,,Only an admin can choose specific members,يمكن للمسؤول فقط اختيار أعضاء محددين,
widgets_todo_no_users_found,,No Home Assistant users found,لم يتم العثور على مستخدمي Home Assistant,don't translate Home Assistant
cr_widget_todo,,To-Do List,قائمة المهام,
cr_widget_todo_description,,"Shared checklist or shopping list, editable by everyone, chosen members, or admins only",قائمة مرجعية أو قائمة تسوق مشتركة، قابلة للتحرير من قبل الجميع، أو الأعضاء المختارين، أو المسؤولين فقط,
widgets_find_devices_title,,Find my devices,ابحث عن أجهزتي,
widgets_find_devices_subtitle,,"Devices, map, and appearance",الأجهزة والخريطة والمظهر,
widgets_find_devices_label,,Devices,الأجهزة,
widgets_find_select_devices,,Select devices,حدد الأجهزة,
widgets_find_sources_subtitle,,Trackers to show on the map,أجهزة التتبع التي سيتم عرضها على الخريطة,
widgets_find_gps_help,,Any device_tracker or person entity can be added. Those reporting GPS coordinates appear on the map; the rest are still listed with their state.,يمكن إضافة أي جهاز تعقب أو كيان شخصي. تظهر إحداثيات نظام تحديد المواقع العالمي (GPS) المُبلغ عنها على الخريطة؛ لا يزال الباقي مدرجًا مع حالتهم.,
widgets_find_my_devices,,My devices,أجهزتي,
widgets_find_filter_all,,All,الجميع,
widgets_find_filter_devices,,Devices,الأجهزة,
widgets_find_filter_persons,,People,الناس,
widgets_find_showing_selected,,Showing %1$d selected,عرض %1$d المحدد,app fills in %1$d — keep them
widgets_find_show_all,,Show all,إظهار الكل,
widgets_find_none_in_filter,,Nothing of this kind in this widget,لا شيء من هذا النوع في هذه القطعة,
widgets_find_refresh,,Refresh,ينعش,
widgets_find_summary,,%1$d of %2$d home,%1$d من %2$d المنزل,app fills in %1$d %2$d — keep them
widgets_find_no_devices_selected,,No devices selected,لم يتم تحديد أي أجهزة,
widgets_find_no_location,,None of these devices report a location yet,لم يبلغ أي من هذه الأجهزة عن الموقع حتى الآن,
widgets_find_no_gps,,No location,لا يوجد موقع,
widgets_find_state_home,,Home,بيت,
widgets_find_state_away,,Away,بعيد,
widgets_find_state_unknown,,Unknown,مجهول,
cr_widget_find_devices,,Find my devices,ابحث عن أجهزتي,
cr_widget_find_devices_description,,"Map of your phones, tags, and trackers",خريطة للهواتف والعلامات وأجهزة التتبع الخاصة بك,
widgets_waste_calendar_range,,Calendar range,نطاق التقويم,
widgets_waste_calendar_days,,%1$d days,%1$d يوم,app fills in %1$d — keep them
widgets_waste_calendar_range_help,,"How far ahead the dialog's calendar looks. It is shown as a week grid, rounded out to whole weeks.",إلى أي مدى يبدو تقويم مربع الحوار متقدمًا. يتم عرضه على شكل شبكة أسبوع، ويتم تقريبه إلى أسابيع كاملة.,
widgets_waste_no_collection_on,,No collection on %1$s,لا توجد مجموعة على %1$s,app fills in %1$s — keep them
widgets_waste_organic,,Organic waste,النفايات العضوية,
widgets_waste_packaging,,Packaging,التعبئة والتغليف,
widgets_waste_paper,,Paper,ورق,
widgets_waste_residual,,Residual waste,النفايات المتبقية,
widgets_waste_glass,,Glass,زجاج,
widgets_waste_textiles,,Textiles,المنسوجات,
widgets_waste_plastic,,Plastic,بلاستيك,
widgets_waste_christmas_trees,,Christmas trees,أشجار عيد الميلاد,
widgets_waste_bulky,,Bulky waste,النفايات الضخمة,
widgets_waste_duo_bin,,Duo bin,بن الثنائي,
widgets_weather_title,,Weather,طقس,
widgets_weather_subtitle,,"Entity, card type, and appearance",الكيان ونوع البطاقة والمظهر,
widgets_weather_style_current,,Current weather,الطقس الحالي,
widgets_weather_style_daily,,Daily forecast,التوقعات اليومية,
widgets_weather_style_hourly,,Hourly forecast,توقعات كل ساعة,
widgets_weather_style_horizon,,Sunrise & sunset horizon,شروق الشمس وغروبها الأفق,
widgets_weather_style_wind,,Wind compass,بوصلة الرياح,
widgets_weather_style_rain_map,,Rain map (image URL),خريطة المطر (عنوان URL للصورة),
widgets_compass_directions,1,N,,needs translation
widgets_compass_directions,2,NNE,,needs translation
widgets_compass_directions,3,NE,,needs translation
widgets_compass_directions,4,ENE,,needs translation
widgets_compass_directions,5,E,,needs translation
widgets_compass_directions,6,ESE,,needs translation
widgets_compass_directions,7,SE,,needs translation
widgets_compass_directions,8,SSE,,needs translation
widgets_compass_directions,9,S,,needs translation
widgets_compass_directions,10,SSW,,needs translation
widgets_compass_directions,11,SW,,needs translation
widgets_compass_directions,12,WSW,,needs translation
widgets_compass_directions,13,W,,needs translation
widgets_compass_directions,14,WNW,,needs translation
widgets_compass_directions,15,NW,,needs translation
widgets_compass_directions,16,NNW,,needs translation
widgets_battery_entities,,Battery entities,كيانات البطارية,
widgets_battery_settings,,Battery settings,إعدادات البطارية,
widgets_battery_empty_view_hint,,This battery view is empty. Swipe down on the header and open Battery settings to add entities manually.,عرض البطارية هذا فارغ. اسحب لأسفل على رأس الصفحة وافتح إعدادات البطارية لإضافة الكيانات يدويًا.,
widgets_battery_levels_title,,Battery levels,مستويات البطارية,
widgets_battery_levels_subtitle,,"Thresholds, sources, and appearance",العتبات والمصادر والمظهر,
widgets_battery_rules,,Battery rules,قواعد البطارية,
widgets_battery_all,,All,الجميع,
widgets_battery_critical,,Critical,شديد الأهمية,
widgets_battery_low,,Low,قليل,
widgets_battery_watch,,Watch,يشاهد,
widgets_battery_good,,Good,جيد,
widgets_battery_unknown,,Unknown,مجهول,
widgets_battery_range_good,,Above 50%,فوق 50%,
widgets_battery_range_unknown,,Unavailable or unknown,غير متوفر أو غير معروف,
widgets_battery_no_data,,No battery data,لا توجد بيانات البطارية,
widgets_battery_levels_unavailable,,Battery levels unavailable,مستويات البطارية غير متوفرة,
widgets_battery_levels_healthy,,Battery levels look healthy,مستويات البطارية تبدو صحية,
widgets_battery_lowest_detail,,Lowest: %1$s at %2$d%%,الأدنى: %1$s عند %2$d%%,app fills in %1$s %2$d — keep them
widgets_battery_showing_plus,,Showing Battery+ devices,جارٍ عرض أجهزة البطارية+,
widgets_battery_waiting_levels,,Waiting for reported levels,في انتظار المستويات المعلنة,
widgets_battery_lowest,,Lowest,أدنى,
widgets_battery_attention,,Attention,انتباه,
widgets_battery_tracked,,Tracked,تتبع,
widgets_battery_level,,Level,مستوى,
widgets_battery_name,,Name,اسم,
widgets_battery_type,,Battery type,نوع البطارية,
widgets_battery_entity,,Entity,كيان,
widgets_battery_quantity,,Quantity,كمية,
widgets_battery_quantity_short,,Qty %1$s,الكمية %1$s,app fills in %1$s — keep them
widgets_battery_device_id,,Device ID,معرف الجهاز,
widgets_battery_unknown_type,,Unknown type,نوع غير معروف,
widgets_battery_sort_summary,,Sort: %1$s,الترتيب: %1$s,app fills in %1$s — keep them
widgets_battery_no_filters,,No filters active,لا توجد مرشحات نشطة,
widgets_battery_collapse_filters,,Collapse filters,طي المرشحات,
widgets_battery_expand_filters,,Expand filters,قم بتوسيع عوامل التصفية,
widgets_battery_low_count,one,%1$d low battery,%1$d بطارية منخفضة,app fills in %1$d — keep them
widgets_battery_low_count,other,%1$d low batteries,%1$d بطاريات منخفضة,app fills in %1$d — keep them
widgets_battery_low_count,zero,,%1$d بطاريات منخفضة,
widgets_battery_low_count,two,,%1$d بطاريات منخفضة,
widgets_battery_low_count,few,,%1$d بطاريات منخفضة,
widgets_battery_low_count,many,,%1$d بطاريات منخفضة,
widgets_battery_critical_count,one,%1$d critical battery,%1$d بطارية حرجة,app fills in %1$d — keep them
widgets_battery_critical_count,other,%1$d critical batteries,%1$d البطاريات الحرجة,app fills in %1$d — keep them
widgets_battery_critical_count,zero,,%1$d البطاريات الحرجة,
widgets_battery_critical_count,two,,%1$d البطاريات الحرجة,
widgets_battery_critical_count,few,,%1$d البطاريات الحرجة,
widgets_battery_critical_count,many,,%1$d البطاريات الحرجة,
widgets_battery_attention_count,one,%1$d battery needs attention,%1$d بطارية تحتاج إلى الاهتمام,app fills in %1$d — keep them
widgets_battery_attention_count,other,%1$d batteries need attention,%1$d تحتاج البطاريات إلى الاهتمام,app fills in %1$d — keep them
widgets_battery_attention_count,zero,,%1$d تحتاج البطاريات إلى الاهتمام,
widgets_battery_attention_count,two,,%1$d تحتاج البطاريات إلى الاهتمام,
widgets_battery_attention_count,few,,%1$d تحتاج البطاريات إلى الاهتمام,
widgets_battery_attention_count,many,,%1$d تحتاج البطاريات إلى الاهتمام,
widgets_energy_day,,Day,يوم,
widgets_energy_week,,Week,أسبوع,
widgets_energy_month,,Month,شهر,
widgets_energy_year,,Year,سنة,
widgets_energy_this_week,,This week,هذا الاسبوع,
widgets_energy_this_month,,This month,هذا الشهر,
widgets_energy_this_year,,This year,هذا العام,
widgets_energy_today_lower,,today,اليوم,
widgets_energy_this_week_lower,,this week,.هذا الاسبوع,
widgets_energy_this_month_lower,,this month,هذا الشهر,
widgets_energy_this_year_lower,,this year,هذا العام,
widgets_energy_yesterday_lower,,yesterday,أمس,
widgets_energy_consumed_solar,,Consumed solar,الطاقة الشمسية المستهلكة,
widgets_energy_imported,,Imported,مستورد,
widgets_energy_exported,,Exported,تصدير,
widgets_energy_phase_number,,Phase %1$d,المرحلة %1$d,app fills in %1$d — keep them
widgets_energy_forecast_number,,Forecast %1$d,التوقعات %1$d,app fills in %1$d — keep them
widgets_energy_ha_forecast,,Home Assistant forecast,Home Assistant التوقعات,don't translate Home Assistant
widgets_battery_search,,Search devices,أجهزة البحث,
widgets_battery_none,,No batteries match that search.,لا توجد بطاريات تطابق هذا البحث.,
widgets_battery_open_page,,Open battery page,افتح صفحة البطارية,
cr_widget_clock,,Clock,ساعة,
cr_widget_clock_description,,"An analog or digital clock, in the style you pick, with the date and your next alarm.",ساعة تناظرية أو رقمية، بالنمط الذي تختاره، مع التاريخ والمنبه التالي.,
clock_widget_title,,Clock,ساعة,
clock_widget_subtitle,,"Face, styling and what it shows",الوجه والتصميم وما يظهر,
clock_title_label,,Title (optional),العنوان (اختياري),
clock_face_section,,Face,وجه,
clock_face_section_subtitle,,"Analog or digital, and which design",التناظرية أو الرقمية، وأي تصميم,
clock_shows_section,,Shows,العروض,
clock_shows_section_subtitle,,Choose what appears alongside the time,اختر ما يظهر بجانب الوقت,
clock_mode_analog,,Analog,التناظرية,
clock_mode_digital,,Digital,رقمي,
clock_style,,Style,أسلوب,
clock_24_hour,,24-hour clock,على مدار 24 ساعة,
clock_seconds,,Seconds,ثواني,
clock_date,,Date,تاريخ,
clock_day_name,,Day of the week,يوم من أيام الأسبوع,
clock_year,,Year,سنة,
clock_style_classic,,Classic,كلاسيكي,
clock_style_minimal,,Minimal,الحد الأدنى,
clock_style_roman,,Roman,روماني,
clock_style_railway,,Railway,السكك الحديدية,
clock_style_bauhaus,,Bauhaus,باوهاوس,
clock_style_neon,,Neon,نيون,
clock_style_skeleton,,Skeleton,هيكل عظمي,
clock_style_plain,,Plain,سهل,
clock_style_segment,,Segment,شريحة,
clock_style_mono,,Monospace,مونوسبيس,
clock_style_flip,,Flip,نقف,
clock_style_outline,,Outline,الخطوط العريضة,
clock_style_stacked,,Stacked,مكدسة,
clock_style_dots,,Dots,النقاط,
clock_alarms_title,,Next alarm,التنبيه التالي,
clock_no_alarm,,No alarm is set.,لم يتم ضبط أي إنذار.,
clock_alarm_set_by,,Set by %1$s,تم ضبطه بواسطة %1$s,app fills in %1$s — keep them
clock_alarms_platform_note,,"Android only tells other apps about the next alarm, so alarms cannot be listed or switched on and off from here.",يخبر Android التطبيقات الأخرى فقط عن المنبه التالي، لذلك لا يمكن إدراج المنبهات أو تشغيلها وإيقافها من هنا.,
clock_open_clock_app,,Open Clock app,افتح تطبيق الساعة,
clock_open_failed,,No clock app could be opened. Pick one in this widget's settings.,لا يمكن فتح تطبيق الساعة. اختر واحدة في إعدادات هذه القطعة.,
clock_app_section,,Clock app,تطبيق الساعة,
clock_app_section_subtitle,,Which app the alarm dialog opens,التطبيق الذي يفتحه مربع حوار التنبيه,
clock_app_automatic,,Automatic,تلقائي,
clock_app_none_found,,No clock app was found on this device.,لم يتم العثور على تطبيق الساعة على هذا الجهاز.,
