key,item,english,translation,notes
language_title,,Language,Idioma,
language_display_title,,Display language,Idioma de pantalla,
language_display_subtitle,,Follows your device by default; choose one to override it,Sigue tu dispositivo de forma predeterminada; elige uno para anularlo,
language_system,,System default,Predeterminado del sistema,
language_selected,,Selected,Seleccionado,
nav_home,,Home,Inicio,
nav_rooms,,Rooms,Habitaciones,
nav_security,,Security,Seguridad,
nav_energy,,Energy,Energía,
nav_climate,,Climate,Clima,
nav_battery,,Battery,Batería,
nav_settings,,Settings,Ajustes,
nav_room_detail,,Room Detail,Detalle de la habitación,
settings_title_connection,,Connection,Conexión,
settings_title_profile,,Profile,Perfil,
settings_title_location,,Location,Ubicación,
settings_title_notifications,,Notifications,Notificaciones,
settings_title_appearance,,Appearance,Apariencia,
settings_title_header,,Header,Encabezado,
settings_title_theme,,Theme,Tema,
settings_title_fonts,,Fonts,Fuentes,
settings_title_corners,,Corners,Esquinas,
settings_title_icons,,Icons,Íconos,
settings_title_nav_bar,,Navigation Bar,Barra de navegación,
settings_title_media_players,,Media Players,Reproductores multimedia,
settings_title_dashboard,,Dashboard,Panel,
settings_title_family_sharing,,Family Sharing,Uso compartido familiar,
settings_title_backup_restore,,Backup and Restore,Copia de seguridad y restauración,
settings_title_account,,Account,Cuenta,
settings_title_about,,About HKI 7,Acerca de HKI 7,don't translate HKI 7
settings_title_license,,License,Licencia,
settings_title_support,,Support,Soporte,
settings_subtitle_menu,,Everything that shapes your HKI 7 experience,Todo lo que da forma a tu experiencia con HKI 7,don't translate HKI 7
settings_subtitle_account,,Your profile and this app installation,Tu perfil y esta instalación de la aplicación,
settings_subtitle_profile,,Personal details used throughout your dashboard,Datos personales usados en todo tu panel,
settings_subtitle_connection,,Server routes and local-network preferences,Rutas del servidor y preferencias de red local,
settings_subtitle_location,,Presence updates and background access,Actualizaciones de presencia y acceso en segundo plano,
settings_subtitle_dashboard,,"Dashboards, tabs, media players, and popups","Paneles de control, pestañas, reproductores multimedia y ventanas emergentes",
settings_subtitle_appearance,,Make the dashboard feel like yours,Haz que el panel se sienta como tuyo,
settings_subtitle_corners,,"Roundness of buttons, cards, and widgets","Redondez de botones, tarjetas y widgets",
settings_subtitle_icons,,Icon animations and per-domain effects,Animaciones de íconos y efectos por dominio,
settings_subtitle_header,,Choose whether the dashboard header is shown,Elige si se muestra el encabezado del panel,
settings_subtitle_theme,,"Color, contrast, mode, and corner styling","Color, contraste, modo y estilo de esquinas",
settings_subtitle_fonts,,"Size, weight, and typeface readability","Tamaño, grosor y legibilidad del tipo de letra",
settings_subtitle_nav_bar,,Choose which destinations are always within reach,Elige qué destinos están siempre a tu alcance,
settings_subtitle_media_players,,Names and mini-player visibility,Nombres y visibilidad del reproductor mini,
settings_subtitle_notifications,,"Push delivery, history, and service behavior","Entrega de notificaciones push, historial y comportamiento del servicio",
settings_subtitle_backup_restore,,Protect or move your dashboard configuration,Protege o mueve la configuración de tu panel,
settings_subtitle_family_sharing,,"Parental controls, dashboard sharing, and recipient permissions","Controles parentales, uso compartido de paneles y permisos de destinatarios",
settings_subtitle_about,,"The project, technology, and people behind HKI 7","El proyecto, la tecnología y las personas detrás de HKI 7",don't translate HKI 7
settings_subtitle_license,,Open-source community core and optional premium materials,Núcleo comunitario de código abierto y materiales premium opcionales,
settings_subtitle_support,,Ways to help HKI 7 grow without buying Premium,Formas de ayudar a HKI 7 a crecer sin comprar Premium,don't translate HKI 7
notification_channel_general,,General,General,
location_channel_name,,Location sharing,Compartir ubicación,
location_notification_title,,Home Assistant location,Ubicación de Home Assistant,don't translate Home Assistant
location_notification_text,,Sharing your location with Home Assistant,Compartiendo tu ubicación con Home Assistant,don't translate Home Assistant
push_connection_channel_name,,Notification connection,Conexión de notificaciones,
push_connection_notification_title,,Connected to Home Assistant,Conectado a Home Assistant,don't translate Home Assistant
push_connection_notification_text,,Listening for notifications,Escuchando notificaciones,
parcel_title,,Parcels,Paquetes,
parcel_generic_carrier,,Carrier,Transportista,
parcel_incoming,,Incoming,Entrantes,
parcel_delivered,,Delivered,Entregado,
parcel_outgoing,,Outgoing,Salientes,
parcel_letters,,Letters,Cartas,
parcel_mail,,Mail,Correo,
parcel_summary,,%1$d incoming · %2$d outgoing,%1$d entrando · %2$d saliendo,app fills in %1$d %2$d — keep them
parcel_summary_with_letters,,%1$d incoming · %2$d outgoing · %3$d letters,%1$d entrando · %2$d saliendo · %3$d cartas,app fills in %1$d %2$d %3$d — keep them
parcel_carrier_summary_with_letters,,%1$d incoming · %2$d outgoing · %3$d letters,%1$d entrando · %2$d saliendo · %3$d cartas,app fills in %1$d %2$d %3$d — keep them
parcel_summary_with_letter_count,,%1$d incoming · %2$d outgoing · %3$s,%1$d entrando · %2$d saliendo · %3$s,app fills in %1$d %2$d %3$s — keep them
parcel_tracking_history,,Tracking history,Historial de rastreo,
parcel_tracking_history_subtitle,,Parcel journey and status updates,Trayecto del paquete y actualizaciones de estado,
parcel_choose_carrier_account,,Choose a carrier account,Elige una cuenta de transportista,
parcel_empty_tab,,No %1$s parcels.,No hay paquetes %1$s.,app fills in %1$s — keep them
parcel_no_incoming,,No incoming parcels.,No hay paquetes entrantes.,
parcel_no_delivered,,No delivered parcels.,No hay paquetes entregados.,
parcel_no_outgoing,,No outgoing parcels.,No hay paquetes salientes.,
parcel_stage_registered,,Registered,Registrado,
parcel_stage_sorting,,Sorting,Clasificando,
parcel_stage_on_the_way,,On the way,En camino,
parcel_unknown_status,,Unknown status,Estado desconocido,
parcel_status_in_transit,,In transit,En tránsito,
parcel_status_out_for_delivery,,Out for delivery,En reparto,
parcel_status_at_pickup_point,,Ready at pickup point,Listo en el punto de recogida,
parcel_status_ready_to_send,,Ready to send,Listo para enviar,
parcel_letter_preview,,Letter preview,Vista previa de la carta,
parcel_carriers,,Carriers,Transportistas,
parcel_track_new,,Track a new %1$s parcel by number,Rastrear un nuevo paquete de %1$s por número,app fills in %1$s — keep them
parcel_choose_carrier,,Choose a carrier,Elige un transportista,
parcel_settings_subtitle,,"Carrier accounts, aggregation, and appearance","Cuentas de transportistas, agrupación y apariencia",
parcel_settings_accounts,,Accounts,Cuentas,
parcel_settings_organization,,Organization,Organización,
parcel_settings_appearance,,Appearance,Apariencia,
action_remove,,Remove,Quitar,
notification_delete,,Delete notification,Eliminar notificación,
notification_mark_all_read,,Mark all as read,Marcar todas como leídas,
notification_mark_all_unread,,Mark all as unread,Marcar todas como no leídas,
notification_delete_all,,Delete all,Eliminar todas,
notification_delete_all_archived,,Delete all archived,Eliminar todas las archivadas,
notification_unread,,Unread,No leída,
notification_history,,History,Historial,
notification_mark_unread,,Mark as unread,Marcar como no leída,
notification_mark_read,,Mark as read,Marcar como leída,
notification_archive,,Archive,Archivar,
notification_unarchive,,Unarchive,Desarchivar,
notification_delete_action,,Delete,Eliminar,
entity_search_select_items,,Select items,Seleccionar elementos,
entity_search_choose_one,,Search and choose one entity,Busca y elige una entidad,
entity_search_choose_multiple,,Search and select one or more entities,Busca y selecciona una o más entidades,
global_search_title,,Search,Buscar,
global_search_subtitle,,Find and control any Home Assistant device or entity,Busca y controla cualquier dispositivo o entidad de Home Assistant,don't translate Home Assistant
global_search_clear,,Clear search,Borrar búsqueda,
global_search_no_devices,,No matching devices.,No hay dispositivos coincidentes.,
global_search_no_entities,,No matching entities.,No hay entidades coincidentes.,
security_title,,Security,Seguridad,
security_subtitle,,Home status and activity,Estado y actividad del hogar,
security_settings,,Security settings,Ajustes de seguridad,
security_entities,,Security entities,Entidades de seguridad,
security_reimport,,Re-import,Reimportar,
security_group_doors,,Doors,Puertas,
security_group_doors_subtitle,,Door contacts,Sensores de contacto de puertas,
security_group_windows,,Windows,Ventanas,
security_group_windows_subtitle,,Window contacts,Sensores de contacto de ventanas,
security_group_openings,,Openings,Aberturas,
security_group_openings_subtitle,,Garage doors and other openings,Puertas de garaje y otras aberturas,
security_group_garage_doors,,Garage doors,Puertas de garaje,
security_group_garage_doors_subtitle,,Garage door covers,Cubiertas de puertas de garaje,
security_group_covers,,Covers,Cubiertas,
security_group_covers_subtitle,,"Blinds, shutters, and gates","Persianas, cortinas y portones",
security_group_locks,,Locks,Cerraduras,
security_group_locks_subtitle,,Door and gate locks,Cerraduras de puertas y portones,
security_group_motion,,Motion,Movimiento,
security_group_motion_subtitle,,Motion detection,Detección de movimiento,
security_group_presence,,Presence,Presencia,
security_group_presence_subtitle,,Occupancy sensors,Sensores de ocupación,
security_group_fire,,Fire and temperature,Fuego y temperatura,
security_group_fire_subtitle,,"Fire, heat, cold, and safety alarms","Alarmas de fuego, calor, frío y seguridad",
security_group_smoke,,Smoke,Humo,
security_group_smoke_subtitle,,Smoke detectors,Detectores de humo,
security_group_gas,,Gas,Gas,
security_group_gas_subtitle,,Combustible gas sensors,Sensores de gas combustible,
security_group_co2,,CO / CO₂,CO / CO₂,
security_group_co2_subtitle,,Carbon monoxide and carbon dioxide sensors,Sensores de monóxido y dióxido de carbono,
security_group_moisture,,Leaks,Fugas,
security_group_moisture_subtitle,,Moisture and water leaks,Humedad y fugas de agua,
security_group_sound,,Sound,Sonido,
security_group_sound_subtitle,,Sound and glass-break sensors,Sensores de sonido y rotura de vidrio,
security_group_light,,Light detection,Detección de luz,
security_group_light_subtitle,,Light and beam sensors,Sensores de luz y haz,
security_group_alarms,,Alarm systems,Sistemas de alarma,
security_group_alarms_subtitle,,Alarm control panels,Paneles de control de alarma,
security_group_cameras,,Cameras,Cámaras,
security_group_cameras_subtitle,,Camera feeds,Transmisiones de cámaras,
security_no_search_active,,No search active · %1$s,Sin búsqueda activa · %1$s,app fills in %1$s — keep them
security_status_alert,,Security alert,Alerta de seguridad,
security_status_alarm_pending,,Alarm pending,Alarma pendiente,
security_status_changing_alarm,,Changing alarm mode,Cambiando el modo de alarma,
security_status_needs_attention,,Needs attention,Necesita atención,
security_status_motion,,Motion detected,Movimiento detectado,
security_status_sensor_activity,,Sensor activity,Actividad de sensores,
security_status_alarm_unavailable,,Alarm unavailable,Alarma no disponible,
security_status_devices_unavailable,,Devices unavailable,Dispositivos no disponibles,
security_status_cameras_offline,,Cameras offline,Cámaras desconectadas,
security_status_all_secure,,All secure,Todo seguro,
security_status_alarm_disarmed,,Alarm disarmed,Alarma desactivada,
security_status_all_clear,,All clear,Todo despejado,
security_status_no_data,,No security data,Sin datos de seguridad,
security_metric_openings,,Openings,Aberturas,
security_metric_locked,,Locked,Bloqueado,
security_metric_cameras_online,,Cameras online,Cámaras en línea,
security_card_title,,Security card,Tarjeta de seguridad,
security_card_subtitle,,"Name, layout, and card appearance","Nombre, diseño y apariencia de la tarjeta",
security_stat_total,,Total,Total,
security_stat_active,,Active,Activo,
security_stat_clear,,Clear,Despejado,
security_cover_open,,Open,Abrir,
security_cover_stop,,Stop,Detener,
security_cover_close,,Close,Cerrar,
security_restore,,Restore,Restaurar,
security_empty,,This is an empty security view. Swipe down on the header and open Security settings to add entities manually.,Esta es una vista de seguridad vacía. Desliza hacia abajo en el encabezado y abre los ajustes de Seguridad para agregar entidades manualmente.,
connection_stopping_for_restart,,Stopping for restart…,Deteniendo para reiniciar…,
connection_starting,,Home Assistant is starting…,Home Assistant se está iniciando…,don't translate Home Assistant
connection_restoring_dashboard,,Restoring your dashboard…,Restaurando tu panel…,
connection_restarting,,Home Assistant is restarting…,Home Assistant se está reiniciando…,don't translate Home Assistant
connection_auto_generating,,Auto-generating rooms and widgets…,Generando habitaciones y widgets automáticamente…,
connection_reconnecting,,Reconnecting to Home Assistant…,Reconectando con Home Assistant…,don't translate Home Assistant
connection_unavailable_retrying,,Unavailable · Retrying…,No disponible · Reintentando…,
connection_paused,,Connection paused,Conexión en pausa,
connection_connected,,Connected,Conectado,
connection_server_not_found,,Server address could not be found,No se pudo encontrar la dirección del servidor,
connection_timed_out,,Connection timed out,Se agotó el tiempo de conexión,
connection_no_route,,No network route to Home Assistant,Sin ruta de red hacia Home Assistant,don't translate Home Assistant
connection_could_not_connect,,Could not connect to Home Assistant,No se pudo conectar con Home Assistant,don't translate Home Assistant
connection_secure_failed,,Secure connection failed,Falló la conexión segura,
connection_session_expired_refreshing,,Session expired · Refreshing login…,Sesión expirada · Actualizando el inicio de sesión…,
connection_interrupted,,Connection was interrupted,La conexión se interrumpió,
connection_error_title,,Connection error,Error de conexión,
connection_all_systems_normal,,All systems normal,Todo funciona con normalidad,
action_undo,,Undo,Deshacer,
action_redo,,Redo,Rehacer,
connection_route_local,,Local,Local,
connection_route_nabu_casa,,Nabu Casa,Nabu Casa,don't translate Nabu Casa
connection_route_external,,External,Externa,
settings_connection_via,,Connected via %1$s,Conectado mediante %1$s,app fills in %1$s — keep them
settings_connection_unknown,,Unknown,Desconocido,
settings_connection_connecting,,Connecting…,Conectando…,
settings_this_home,,this home,este hogar,
settings_local_network_allowed,,Allowed,Permitido,
settings_local_network_not_allowed,,Not allowed — Home Assistant cannot be reached directly on your Wi-Fi,No permitido: no se puede acceder a Home Assistant directamente desde tu Wi-Fi,don't translate Home Assistant
settings_current_wifi,,Current Wi-Fi,Wi-Fi actual,
settings_wifi_unavailable,,Not connected or location permission is missing,No hay conexión o falta el permiso de ubicación,
settings_just_now,,just now,justo ahora,
settings_primary_app_language,,Primary application language,Idioma principal de la aplicación,
settings_android_build_configuration,,Android resources and build configuration,Recursos de Android y configuración de compilación,
page_settings_default_title,,Page settings,Ajustes de la página,
page_settings_choose_area,,Choose an area to configure,Elige un área para configurar,
page_settings_focused_options,,Focused options for this page area,Opciones enfocadas para esta área de la página,
page_settings_header_description,,Wallpaper and custom header color,Fondo de pantalla y color de encabezado personalizado,
page_settings_custom_page_description,,"Name, subtitle, and navigation icon","Nombre, subtítulo e ícono de navegación",
page_settings_badge_bar,,Badge bar,Barra de insignias,
page_settings_badge_description,,"Visibility, alignment, and display options","Visibilidad, alineación y opciones de visualización",
page_settings_persons,,Persons,Personas,
page_settings_persons_description,,Visibility and ordering,Visibilidad y orden,
page_settings_configure,,Configure,Configurar,
room_config_title,,Room configuration,Configuración de la habitación,
header_pill_left,,Left header pill,Píldora izquierda del encabezado,
header_pill_right,,Right header pill,Píldora derecha del encabezado,
alignment_split,,Split,Dividir,
alignment_center,,Center,Centrar,
weather_cloudy,,Cloudy,Nublado,
home_default_markdown_content,,# Markdown\nOpen this widget's settings in **edit mode** to write your own content.,# Markdown\nAbre la configuración de este widget en **modo de edición** para escribir tu propio contenido.,\n = line break
home_settings_title,,Home settings,Ajustes de inicio,
custom_page_settings_title,,%1$s settings,Ajustes de %1$s,app fills in %1$s — keep them
home_empty,,This is the homepage. Add widgets by swiping down on the header and enabling edit mode.,Esta es la página de inicio. Agrega widgets deslizando hacia abajo en el encabezado y activando el modo de edición.,
custom_page_empty,,This page is empty. Add widgets by swiping down on the header and enabling edit mode.,Esta página está vacía. Agrega widgets deslizando hacia abajo en el encabezado y activando el modo de edición.,
select_camera_title,,Select camera,Seleccionar cámara,
select_entity_title,,Select entity,Seleccionar entidad,
custom_camera_default_name,,Custom camera,Cámara personalizada,
rooms_settings_title,,Rooms settings,Ajustes de habitaciones,
rooms_empty,,The rooms view is empty. Swipe down on the header and enable edit mode to add floors and rooms.,La vista de habitaciones está vacía. Desliza hacia abajo en el encabezado y activa el modo de edición para agregar pisos y habitaciones.,
floor_expand,,Expand floor,Expandir piso,
floor_collapse,,Collapse floor,Contraer piso,
floor_settings_title,,Floor,Piso,
floor_settings_subtitle,,"Identity, layout, and card style","Identidad, diseño y estilo de la tarjeta",
universal_effects,,Effects,Efectos,
universal_open_door,,Open door,Abrir puerta,
universal_vacuum_dock,,Dock,Base,
universal_start,,Start,Iniciar,
universal_pause,,Pause,Pausar,
universal_stop,,Stop,Detener,
universal_locate,,Locate,Ubicar,
universal_room_number,,Room %1$d,Habitación %1$d,app fills in %1$d — keep them
core_optional_display_name,,Optional display name override,Nombre de visualización personalizado (opcional),
core_media_paused_track,,Paused: %1$s,En pausa: %1$s,app fills in %1$s — keep them
core_percent_value,,%1$d percent,%1$d por ciento,app fills in %1$d — keep them
core_current_humidity,,Current humidity,Humedad actual,
core_tank_water_level,,Tank / water level,Tanque / nivel de agua,
core_pm25,,PM2.5,PM2.5,
core_error_code,,Error code,Código de error,
core_bucket_full,,Bucket full,Depósito lleno,
core_clean_filter,,Clean filter,Limpiar filtro,
core_ionizer,,Ionizer,Ionizador,
core_pump,,Pump,Bomba,
core_beep_on_command,,Beep on command,Pitido al recibir un comando,
core_dawn,,Dawn,Amanecer,
core_solar_noon,,Solar noon,Mediodía solar,
core_dusk,,Dusk,Anochecer,
core_icon_category_common,,Common,Comunes,
core_icon_category_home,,Home,Hogar,
core_icon_category_weather,,Weather,Clima,
core_icon_category_lock,,Lock,Cerradura,
core_icon_category_people,,People,Personas,
core_icon_category_auto,,Automotive,Automotriz,
core_icon_category_music,,Music,Música,
core_icon_category_battery,,Battery,Batería,
core_icon_category_nature,,Nature,Naturaleza,
core_icon_category_places,,Places,Lugares,
core_icon_category_food,,Food,Comida,
core_icon_category_navigation,,Navigation,Navegación,
core_icon_category_devices,,Devices,Dispositivos,
core_icon_category_map,,Map,Mapa,
core_icon_category_media,,Media,Multimedia,
core_icon_category_communication,,Communication,Comunicación,
core_icon_category_health,,Health,Salud,
core_icon_category_vehicles,,Vehicles,Vehículos,
core_icon_category_buildings,,Buildings,Edificios,
core_icon_category_electrical,,Electrical,Eléctrico,
core_icon_category_sport,,Sport,Deporte,
core_icon_category_objects,,Objects,Objetos,
core_icon_category_commerce,,Commerce,Comercio,
core_icon_category_games,,Games,Juegos,
core_icon_category_finance,,Finance,Finanzas,
background_notification_channel_general,,General,General,
background_location_channel_name,,Location sharing,Compartir ubicación,
background_location_channel_description,,Keeps your device location up to date in Home Assistant,Mantiene actualizada la ubicación de tu dispositivo en Home Assistant,don't translate Home Assistant
background_location_notification_title,,Home Assistant location sharing,Compartir ubicación con Home Assistant,don't translate Home Assistant
background_location_notification_text,,Sharing your location with Home Assistant,Compartiendo tu ubicación con Home Assistant,don't translate Home Assistant
background_push_channel_name,,Notification connection,Conexión de notificaciones,
background_push_channel_description,,Keeps a background connection to Home Assistant for instant notifications,Mantiene una conexión en segundo plano con Home Assistant para notificaciones instantáneas,don't translate Home Assistant
background_push_notification_title,,Connected to Home Assistant,Conectado a Home Assistant,don't translate Home Assistant
background_push_notification_text,,Waiting for notifications,Esperando notificaciones,
background_push_hide_action,,Hide this notification,Ocultar esta notificación,
button_style_centered,,Centered,Centrado,
button_elements,,Elements,Elementos,
button_elements_description,,What appears on this button. Hide the name and state for an icon on its own.,Lo que aparece en este botón. Oculta el nombre y el estado de un icono por sí solo.,
stack_elements_title,,Elements on every button in this stack,Elementos en cada botón de esta pila,
stack_elements_description,,"These apply to the whole stack, not to one button. Turning something off here hides it on every button in the stack; leaving it on lets each button decide for itself in its own settings.","Estos se aplican a toda la pila, no a un botón. Desactivar algo aquí lo oculta en cada botón de la pila; dejarlo activado permite que cada botón decida por sí mismo en su propia configuración.",
button_element_icon,,Icon,Icono,
button_element_name,,Name,Nombre,
button_element_state,,State,Estado,
stack_show_title,,Show name,Mostrar nombre,
stack_show_title_description,,Turn off for a stack with no heading at all.,Apague para ver una pila sin ningún título.,
stack_show_icon,,Show icon,Mostrar icono,
stack_show_icon_description,,The icon beside the heading.,El ícono al lado del encabezado.,
stack_center_title,,Center the heading,Centrar el rumbo,
stack_center_title_description,,Puts the icon and name in the middle instead of against the left edge.,Coloca el ícono y el nombre en el medio en lugar de contra el borde izquierdo.,
cr_state_on,,On,Encendido,
cr_state_off,,Off,Apagado,
cr_open,,Open,Abierto,
cr_close,,Close,Cerrar,
cr_stop,,Stop,Detener,
cr_closed,,Closed,Cerrado,
cr_opening,,Opening,Abriendo,
cr_closing,,Closing,Cerrando,
cr_locked,,Locked,Bloqueado,
cr_unlocked,,Unlocked,Desbloqueado,
cr_unavailable,,Unavailable,No disponible,
cr_unknown,,Unknown,Desconocido,
cr_idle,,Idle,Inactivo,
cr_home,,Home,Presente,
cr_away,,Away,Ausente,
cr_cleaning,,Cleaning,Limpiando,
cr_returning,,Returning,Regresando,
cr_paused,,Paused,Pausado,
cr_error,,Error,Error,
cr_playing,,Playing,Reproduciendo,
cr_buffering,,Buffering,Almacenando en búfer,
cr_standby,,Standby,Espera,
cr_humidifying,,Humidifying,Humidificando,
cr_drying,,Drying,Secando,
cr_detected,,Detected,Detectado,
cr_clear,,Clear,Despejado,
cr_problem,,Problem,Problema,
cr_ok,,OK,Aceptar,
cr_low,,Low,Bajo,
cr_normal,,Normal,Normal,
cr_connected,,Connected,Conectado,
cr_disconnected,,Disconnected,Desconectado,
cr_plugged_in,,Plugged in,Conectado a la corriente,
cr_unplugged,,Unplugged,Desconectado de la corriente,
cr_wet,,Wet,Húmedo,
cr_dry,,Dry,Seco,
cr_none,,None,Ninguno,
cr_any,,Any,Cualquiera,
cr_remove,,Remove,Eliminar,
cr_restore,,Restore,Restaurar,
cr_general,,General,General,
cr_identity,,Identity,Identidad,
cr_appearance,,Appearance,Apariencia,
cr_layout,,Layout,Diseño,
cr_behavior,,Behavior,Comportamiento,
cr_profiles,,Profiles,Perfiles,
cr_playback,,Playback,Reproducción,
cr_content,,Content,Contenido,
cr_actions,,Actions,Acciones,
cr_protection,,Protection,Protección,
cr_power,,Power,Energía,
cr_brightness,,Brightness,Brillo,
cr_temperature,,Temperature,Temperatura,
cr_color,,Color,Color,
cr_min,,Min,Mín.,
cr_avg,,Avg,Prom.,
cr_max,,Max,Máx.,
cr_now,,Now,Ahora,
cr_lowest,,Lowest,Mínimo,
cr_average,,Average,Promedio,
cr_highest,,Highest,Máximo,
cr_live,,Live,En vivo,
cr_once,,Once,Una vez,
cr_daily,,Daily,Diario,
cr_weekly,,Weekly,Semanal,
cr_monthly,,Monthly,Mensual,
cr_yearly,,Yearly,Anual,
cr_action_tap,,Tap,Tocar,
cr_action_double_tap,,Double tap,Doble toque,
cr_action_hold,,Hold,Mantener presionado,
cr_mode,,Mode,Modo,
cr_mode_auto,,Auto,Automático,
cr_mode_heat,,Heat,Calor,
cr_mode_cool,,Cool,Frío,
cr_mode_heat_cool,,Heat/cool,Calor/frío,
cr_mode_dry,,Dry,Seco,
cr_mode_fan_only,,Fan only,Solo ventilador,
cr_mode_low,,Low,Bajo,
cr_mode_medium,,Medium,Medio,
cr_mode_high,,High,Alto,
cr_mode_quiet,,Quiet,Silencioso,
cr_mode_boost,,Boost,Impulso,
cr_mode_eco,,Eco,Eco,
cr_mode_sleep,,Sleep,Reposo,
cr_mode_manual,,Manual,Manual,
cr_mode_vertical,,Vertical,Vertical,
cr_mode_horizontal,,Horizontal,Horizontal,
cr_mode_both,,Both,Ambos,
cr_mode_up,,Up,Arriba,
cr_mode_down,,Down,Abajo,
cr_mode_center,,Center,Centro,
cr_mode_left,,Left,Izquierda,
cr_mode_right,,Right,Derecha,
cr_climate_fan,,Fan,Ventilador,
cr_climate_vertical_airflow,,Vertical airflow,Flujo de aire vertical,
cr_climate_horizontal_airflow,,Horizontal airflow,Flujo de aire horizontal,
cr_climate_preset,,Preset,Preajuste,
cr_fan_speed,,Fan speed,Velocidad del ventilador,
cr_speed,,Speed,Velocidad,
cr_lower_target,,Lower target,Bajar objetivo,
cr_raise_target,,Raise target,Subir objetivo,
cr_climate_temperature,,Temperature,Temperatura,
cr_climate_all_temperature_sensors,,All temperature sensors,Todos los sensores de temperatura,
cr_climate_outside,,Outside,Exterior,
cr_climate_outside_summary,,"Outdoor temperature, humidity, and pressure","Temperatura, humedad y presión exteriores",
cr_climate_humidity,,Humidity,Humedad,
cr_climate_all_humidity_sensors,,All humidity sensors,Todos los sensores de humedad,
cr_climate_air_pressure,,Air pressure,Presión atmosférica,
cr_climate_all_pressure_sensors,,All air-pressure sensors,Todos los sensores de presión atmosférica,
cr_climate_co2,,CO₂,CO₂,
cr_climate_carbon_dioxide_sensors,,Carbon-dioxide sensors,Sensores de dióxido de carbono,
cr_climate_air_quality,,Air quality,Calidad del aire,
cr_climate_air_quality_summary,,"Particulates, AQI, VOCs, and gases","Partículas, ICA, COV y gases",
cr_climate_entities,,Climate entities,Entidades de clima,
cr_climate_settings,,Climate settings,Configuración de clima,
cr_empty_climate_view,,No climate data is available yet.,Aún no hay datos de clima disponibles.,
cr_climate_fans,,Fans,Ventiladores,
cr_climate_air_purifiers,,Air purifiers,Purificadores de aire,
cr_climate_humidifiers,,Humidifiers,Humidificadores,
cr_temperature_sensors,,Temperature sensors,Sensores de temperatura,
cr_devices_active,,Devices active,Dispositivos activos,
cr_active_of_total,,%1$d of %2$d active,%1$d de %2$d activos,app fills in %1$d %2$d — keep them
cr_no_search_active,,No active search · %1$s,Sin búsqueda activa · %1$s,app fills in %1$s — keep them
cr_collapse_search,,Collapse search,Contraer búsqueda,
cr_expand_search,,Expand search,Expandir búsqueda,
cr_custom_order,,Custom order,Orden personalizado,
cr_name_a_z,,Name A–Z,Nombre A–Z,
cr_name_z_a,,Name Z–A,Nombre Z–A,
cr_climate_device,,Climate device,Dispositivo de clima,
cr_climate_device_subtitle,,"Name, icon, card style, and width","Nombre, ícono, estilo de tarjeta y ancho",
cr_widget_requires_f1,,"Needs the F1 Sensor integration, which was not found on your Home Assistant","Necesita la integración del sensor F1, que no se encontró en su Home Assistant",don't translate Home Assistant
cr_widget_requires_parcels,,"Needs a parcel integration, and none was found on your Home Assistant",Necesita una integración de paquete y no se encontró ninguno en su Home Assistant,don't translate Home Assistant
cr_widget_requires_waste,,"Needs a waste collection integration, and none was found on your Home Assistant",Necesita una integración de recolección de residuos y no se encontró ninguna en su Home Assistant,don't translate Home Assistant
cr_people_here_title,,Who is here,quien esta aqui,
cr_people_here_empty,,Nobody is being tracked in this room right now.,No se está rastreando a nadie en esta sala en este momento.,
cr_people_here_unknown_room,,Room unknown,Habitación desconocida,
cr_button_exclude_counters,,Leave out of counters,Salir de los mostradores,
cr_button_exclude_counters_hint,,"Keep the button, but stop it counting towards this room’s Lights and Devices totals","Mantenga el botón, pero deje de contar para los totales de luces y dispositivos de esta sala.",
cr_count_with_average,,%1$s · avg %2$s%3$s,%1$s · prom. %2$s%3$s,app fills in %1$s %2$s %3$s — keep them
cr_outside_temperature,,Outside temperature,Temperatura exterior,
cr_outside_humidity,,Outside humidity,Humedad exterior,
cr_outside_pressure,,Outside pressure,Presión exterior,
cr_outside_air_pressure,,Outside air pressure,Presión atmosférica exterior,
cr_no_sensors_found_for,,No %1$s sensors found.,No se encontraron sensores de %1$s.,app fills in %1$s — keep them
cr_climate_control,,Climate control,Control de clima,
cr_thermostat_dial,,Thermostat dial,Disco del termostato,
cr_width_third,,Third,Tercio,
cr_width_half,,Half,Mitad,
cr_width_full,,Full,Completo,
cr_select_item,,Select %1$s,Seleccionar %1$s,app fills in %1$s — keep them
cr_set_outdoor_sensors,,"Set outdoor temperature, humidity, and pressure","Configurar temperatura, humedad y presión exteriores",
cr_auto_discovered_device_class,,Discovered automatically by device class,Detectado automáticamente por clase de dispositivo,
cr_auto_discovered_climate_devices,,Climate devices discovered automatically,Dispositivos de clima detectados automáticamente,
cr_pick_fan_entities_as_purifiers,,Choose fan entities to use as air purifiers,Elige entidades de ventilador para usar como purificadores de aire,
cr_auto_discovered_humidifier_devices,,Humidifier devices discovered automatically,Dispositivos humidificadores detectados automáticamente,
cr_removed_entities,,Removed entities,Entidades eliminadas,
cr_entities_removed_edit_mode,,Entities removed in edit mode,Entidades eliminadas en modo de edición,
cr_card_indoor_climate_overview,,Indoor climate overview,Resumen del clima interior,
cr_card_sensor_device_tiles,,Sensor and device tiles,Bloques de sensores y dispositivos,
cr_card_thermostats_ac,,Thermostats and AC,Termostatos y aire acondicionado,
cr_card_temperature_summary,,Temperature summary,Resumen de temperatura,
cr_card_humidity_summary,,Humidity summary,Resumen de humedad,
cr_card_air_pressure_summary,,Air-pressure summary,Resumen de presión atmosférica,
cr_card_co2_summary,,CO₂ summary,Resumen de CO₂,
cr_card_air_quality_summary,,Air-quality summary,Resumen de calidad del aire,
cr_category_overview,,Overview,Resumen,
cr_category_devices,,Devices,Dispositivos,
cr_category_sensors,,Sensors,Sensores,
cr_no_climate_sensors_devices,,No climate sensors or devices found.,No se encontraron sensores ni dispositivos de clima.,
cr_no_climate_devices,,No climate devices found. Thermostats and AC units from Home Assistant appear here automatically.,No se encontraron dispositivos de clima. Los termostatos y equipos de aire acondicionado de Home Assistant aparecen aquí automáticamente.,don't translate Home Assistant
cr_no_fans,,No fans found. Fan entities from Home Assistant appear here automatically.,No se encontraron ventiladores. Las entidades de ventilador de Home Assistant aparecen aquí automáticamente.,don't translate Home Assistant
cr_no_air_purifiers,,No air purifiers configured. Choose fan entities under Climate settings → Climate entities → Air purifiers.,No hay purificadores de aire configurados. Elige entidades de ventilador en Configuración de clima → Entidades de clima → Purificadores de aire.,
cr_no_humidifiers,,No humidifiers found. Humidifier entities from Home Assistant appear here automatically.,No se encontraron humidificadores. Las entidades de humidificador de Home Assistant aparecen aquí automáticamente.,don't translate Home Assistant
cr_unknown_climate_card,,Unknown climate card: %1$s,Tarjeta de clima desconocida: %1$s,app fills in %1$s — keep them
cr_select_climate_cards,,Select climate cards,Seleccionar tarjetas de clima,
cr_entities_for,,%1$s entities,%1$s entidades,app fills in %1$s — keep them
cr_climate_card,,Climate card,Tarjeta de clima,
cr_climate_card_dialog_subtitle,,Data sources and card appearance,Fuentes de datos y apariencia de la tarjeta,
cr_card_and_data,,Card and data,Tarjeta y datos,
cr_climate_stack,,Climate stack,Pila de clima,
cr_climate_stack_dialog_subtitle,,"Cards, data sources, and layout","Tarjetas, fuentes de datos y diseño",
cr_cards_and_data,,Cards and data,Tarjetas y datos,
cr_sensor_count,one,%d sensor,%d sensor,app fills in %d — keep them
cr_sensor_count,other,%d sensors,%d sensores,app fills in %d — keep them
cr_device_count_on,one,%1$d device · %2$d on,%1$d dispositivo · %2$d encendido,app fills in %1$d %2$d — keep them
cr_device_count_on,other,%1$d devices · %2$d on,%1$d dispositivos · %2$d encendidos,app fills in %1$d %2$d — keep them
cr_outside_sensors_set,one,%d outside sensor set,%d sensor exterior configurado,app fills in %d — keep them
cr_outside_sensors_set,other,%d outside sensors set,%d sensores exteriores configurados,app fills in %d — keep them
cr_auto_plus_manual,one,Automatic + %d manual,Automático + %d manual,app fills in %d — keep them
cr_auto_plus_manual,other,Automatic + %d manual,Automático + %d manuales,app fills in %d — keep them
cr_selected_count,one,%d selected,%d seleccionado,app fills in %d — keep them
cr_selected_count,other,%d selected,%d seleccionados,app fills in %d — keep them
cr_removed_count,one,%d removed,%d eliminado,app fills in %d — keep them
cr_removed_count,other,%d removed,%d eliminados,app fills in %d — keep them
cr_room,,Room,Habitación,
cr_room_details,,Room details,Detalles de la habitación,
cr_empty_room,,"This room is empty. Swipe down on the header, enable edit mode, and add widgets, buttons, or tiles.","Esta habitación está vacía. Desliza hacia abajo en el encabezado, activa el modo de edición y agrega widgets, botones o bloques.",
cr_default_markdown_content,,# Markdown\nOpen this widget in **edit mode** to write your own content.,# Markdown\nAbre este widget en **modo de edición** para escribir tu propio contenido.,\n = line break
cr_select_camera,,Select camera,Seleccionar cámara,
cr_select_entity,,Select entity,Seleccionar entidad,
cr_custom_camera,,Custom camera,Cámara personalizada,
cr_configure_widget,,Configure widget,Configurar widget,
cr_configure_widget_subtitle,,Set the essentials before adding it,Define lo esencial antes de agregarlo,
cr_widget_options,,Widget options,Opciones del widget,
cr_widget_options_subtitle,,Choose what this widget should display,Elige qué debe mostrar este widget,
cr_add_widget,,Add widget,Agregar widget,
cr_add_widget_subtitle,,Browse by purpose or search every widget,Explora por categoría o busca cualquier widget,
cr_widget_category_controls,,Controls,Controles,
cr_widget_category_controls_description,,"Buttons, vacuums, and grouped controls","Botones, aspiradoras y controles agrupados",
cr_widget_category_cameras,,Cameras,Cámaras,
cr_widget_category_cameras_description,,Live camera tiles and multi-camera views,Bloques de cámara en vivo y vistas de varias cámaras,
cr_widget_category_climate,,Climate and weather,Clima y meteorología,
cr_widget_category_climate_description,,"Temperature, comfort, forecasts, and conditions","Temperatura, confort, pronósticos y condiciones",
cr_widget_category_energy,,Energy and batteries,Energía y baterías,
cr_widget_category_energy_description,,"Consumption, production, and device health","Consumo, producción y estado de los dispositivos",
cr_widget_category_information,,Information and media,Información y multimedia,
cr_widget_category_information_description,,"Calendars, deliveries, graphs, notes, and playback","Calendarios, entregas, gráficos, notas y reproducción",
cr_widget_category_layout,,Layout and structure,Diseño y estructura,
cr_widget_category_layout_description,,Headings and flexible widget containers,Encabezados y contenedores de widgets flexibles,
cr_widget_adaptive_lighting,,Adaptive Lighting,Iluminación adaptable,
cr_widget_adaptive_lighting_description,,Control any installed Adaptive Lighting profile,Controla cualquier perfil de iluminación adaptable instalado,
cr_widget_button,,Button,Botón,
cr_widget_button_description,,A single configurable entity control,Un control de entidad único y configurable,
cr_widget_buttons,,Buttons,Botones,
cr_widget_calendar,,Calendar,Calendario,
cr_widget_calendar_description,,"Agenda, week, and month views from Home Assistant calendars","Vistas de agenda, semana y mes de los calendarios de Home Assistant",don't translate Home Assistant
cr_widget_waste_collection,,Waste collection,Recolección de residuos,
cr_widget_waste_collection_description,,Upcoming collections from waste sensors,Próximas recolecciones de los sensores de residuos,
cr_widget_parcels,,Parcels,Paquetes,
cr_widget_parcels_description,,Incoming and outgoing parcels from supported carriers,Paquetes entrantes y salientes de transportistas compatibles,
cr_widget_camera,,Camera,Cámara,
cr_widget_camera_description,,A single live camera tile or stream URL,Un solo bloque de cámara en vivo o una URL de transmisión,
cr_widget_cameras,,Cameras,Cámaras,
cr_widget_climate_card,,Climate card,Tarjeta de clima,
cr_widget_climate_card_description,,Any card from the Climate view,Cualquier tarjeta de la vista Clima,
cr_widget_energy_card,,Energy card,Tarjeta de energía,
cr_widget_energy_card_description,,Any card from the Energy view,Cualquier tarjeta de la vista Energía,
cr_widget_battery_levels,,Battery levels,Niveles de batería,
cr_widget_battery_levels_description,,"Low batteries, or Battery+ only with type details","Baterías bajas, o solo Battery+ con detalles de tipo",
cr_widget_header_text,,Header text,Texto de encabezado,
cr_widget_header_text_description,,Add a section heading,Agrega un título de sección,
cr_widget_markdown,,Markdown,Markdown,
cr_widget_markdown_description,,A free-form card written in Markdown,Una tarjeta de formato libre escrita en Markdown,
cr_widget_iframe,,iFrame,iFrame,
cr_widget_iframe_description,,Embed any web page on your dashboard,Incorpora cualquier página web en tu panel,
cr_widget_media_player,,Media player,Reproductor multimedia,
cr_widget_media_player_description,,Now-playing tile with album art as the background,Bloque de reproducción con la carátula del álbum como fondo,
cr_widget_sensor_graph,,Sensor graph,Gráfico de sensor,
cr_widget_sensor_graph_description,,"History graph for one or more sensors, as lines or bars","Gráfico de historial para uno o más sensores, como líneas o barras",
cr_widget_vacuum,,Vacuum,Aspiradora,
cr_widget_vacuum_description,,A single robot-vacuum control,Un solo control de aspiradora robot,
cr_widget_weather,,Weather,Clima,
cr_widget_weather_description,,A single weather card,Una sola tarjeta de clima,
cr_widget_empty_stack,,Empty stack,Pila vacía,
cr_widget_empty_stack_description,,Place widgets inside a configurable stack,Coloca widgets dentro de una pila configurable,
cr_widget_button_stack,,Button stack,Pila de botones,
cr_widget_button_stack_description,,Group entities into configurable controls,Agrupa entidades en controles configurables,
cr_widget_camera_stack,,Camera stack,Pila de cámaras,
cr_widget_camera_stack_description,,Show live camera tiles or a custom stream URL,Muestra bloques de cámara en vivo o una URL de transmisión personalizada,
cr_widget_climate_stack,,Climate stack,Pila de clima,
cr_widget_climate_stack_description,,"Group climate cards such as overview, thermostats, and sensors","Agrupa tarjetas de clima como resumen, termostatos y sensores",
cr_widget_energy_stack,,Energy stack,Pila de energía,
cr_widget_energy_stack_description,,"Group energy cards such as usage, solar, gas, and water","Agrupa tarjetas de energía como consumo, solar, gas y agua",
cr_widget_sensor_graph_stack,,Sensor graph stack,Pila de gráficos de sensor,
cr_widget_sensor_graph_stack_description,,Group several sensor-history graphs,Agrupa varios gráficos de historial de sensores,
cr_widget_swiping_stack,,Swiping stack,Pila deslizable,
cr_widget_swiping_stack_description,,Swipe horizontally through nested widgets,Desliza horizontalmente entre widgets anidados,
cr_widget_vacuum_stack,,Vacuum stack,Pila de aspiradoras,
cr_widget_vacuum_stack_description,,Control robot vacuums with a map and battery status,Controla aspiradoras robot con un mapa y el estado de la batería,
cr_widget_weather_stack,,Weather stack,Pila de clima,
cr_widget_weather_stack_description,,"Group conditions, forecast, wind, or rain-map cards","Agrupa tarjetas de condiciones, pronóstico, viento o mapa de lluvia",
cr_camera_settings,,Camera settings,Configuración de la cámara,
cr_vacuum_settings,,Vacuum settings,Configuración de la aspiradora,
cr_button_settings,,Button settings,Configuración del botón,
cr_robot_image,,Robot image,Imagen del robot,
cr_map_camera,,Map camera,Cámara de mapa,
cr_external_url,,External URL,URL externa,
cr_valetudo_map,,Valetudo map,Mapa de Valetudo,don't translate Valetudo
cr_valetudo_map_hint,,Draws the map from a Valetudo robot and lets you tap a room to clean it. Pick the robot's map camera below.,Dibuja el mapa de un robot Valetudo y permite tocar una habitación para limpiarla. Elige abajo la cámara de mapa del robot.,don't translate Valetudo
cr_valetudo_camera_mode_note,,Using Map camera with a Valetudo map entity shows a blank tile. Valetudo does not render the map on the robot — its PNG is only a container for the map data. Choose Valetudo map instead to have HKI draw it.,Cámara de mapa muestra un recuadro en blanco con una entidad de mapa de Valetudo. Valetudo no dibuja el mapa en el robot: su PNG solo es un contenedor de los datos. Elige Mapa de Valetudo para que HKI lo dibuje.,don't translate Valetudo
cr_animation_glow,,Glow,Resplandor,
cr_animation_spin,,Spin,Girar,
cr_animation_pulse,,Pulse,Pulso,
cr_adaptive_lighting_widget,,Adaptive Lighting widget,Widget de iluminación adaptable,
cr_adaptive_lighting_widget_subtitle,,"Profiles, size, and appearance","Perfiles, tamaño y apariencia",
cr_button_stack_dialog_subtitle,,"Layout, appearance, and entity order","Diseño, apariencia y orden de entidades",
cr_expand_stack,,Expand stack,Expandir pila,
cr_collapse_stack,,Collapse stack,Contraer pila,
cr_hide_stack,,Hide stack,Ocultar pila,
cr_unhide_stack,,Unhide stack,Mostrar pila,
cr_swiping_stack_dialog_subtitle,,"Pages, height, and card appearance","Páginas, altura y apariencia de la tarjeta",
cr_empty_stack_dialog_subtitle,,Container layout and appearance,Diseño y apariencia del contenedor,
cr_header_text_dialog_subtitle,,Heading content and visual style,Contenido del encabezado y estilo visual,
cr_animation_swipe,,Swipe,Deslizar,
cr_animation_fade,,Fade,Desvanecer,
cr_animation_zoom,,Zoom,Zoom,
cr_animation_slide_fade,,Slide + fade,Deslizar + desvanecer,
cr_animation_cube,,Cube,Cubo,
cr_animation_instant,,Instant,Instantáneo,
cr_widget_option_count,one,%d option,%d opción,app fills in %d — keep them
cr_widget_option_count,other,%d options,%d opciones,app fills in %d — keep them
cr_configured_lights,one,%d configured light,%d luz configurada,app fills in %d — keep them
cr_configured_lights,other,%d configured lights,%d luces configuradas,app fills in %d — keep them
cr_quick_notifications,,Notifications,Notificaciones,
cr_quick_notifications_instruction,,Swipe right from the upper-left edge.,Desliza hacia la derecha desde el borde superior izquierdo.,
cr_quick_switch_homes,,Switch homes,Cambiar de hogar,
cr_quick_switch_homes_instruction,,Swipe left from the upper-right edge of the header.,Desliza hacia la izquierda desde el borde superior derecho del encabezado.,
cr_quick_actions,,Quick actions,Acciones rápidas,
cr_quick_actions_instruction,,"Pull down on any page header for Search, Flows, Edit, and Settings.","Desliza hacia abajo en el encabezado de cualquier página para ver Buscar, Flujos, Editar y Configuración.",
cr_quick_media_player,,Media player,Reproductor multimedia,
cr_quick_media_player_instruction,,"When the handle appears, swipe up on the bottom bar to restore the player.","Cuando aparezca el tirador, desliza hacia arriba en la barra inferior para restaurar el reproductor.",
cr_quick_make_it_yours,,Make it yours,Hazlo tuyo,
cr_quick_make_it_yours_instruction,,"In edit mode, add and reorder rooms, floors, and widgets. Tap an item to configure it.","En modo de edición, agrega y reordena habitaciones, pisos y widgets. Toca un elemento para configurarlo.",
cr_whats_new_1_1_2,1,"Returning from Home Assistant Settings, Developer tools or HACS now restores the same position in HKI 7 Settings instead of reopening at the top.","Al regresar desde Home Assistant Configuración, Herramientas de desarrollador o HACS ahora se restaura la misma posición en HKI 7 Configuración en lugar de volver a abrirse en la parte superior.","don't translate Home Assistant, HKI 7"
cr_whats_new_1_1_2,2,"Android 17 now asks for Local network access before finding or connecting directly to Home Assistant, so local servers keep working with API 37. Settings › Connection shows whether it is allowed and can ask again, for when the Android 17 upgrade arrives long after setup.","Android 17 ahora solicita acceso a la red local antes de encontrar o conectarse directamente a Home Assistant, por lo que los servidores locales siguen funcionando con API 37. Configuración › Conexión muestra si está permitido y puede volver a preguntar, para cuando llegue la actualización de Android 17 mucho después de la configuración.",don't translate Home Assistant
cr_whats_new_1_1_2,3,"Update notifications now also appear in HKI 7's own notification panel, with a “See what changed” link to the release notes. The system notification is gone once you swipe it away; this one stays, and checking for updates under Settings › About brings it back.","Las notificaciones de actualización ahora también aparecen en el panel de notificaciones de HKI 7, con un enlace ""Ver qué cambió"" a las notas de la versión. La notificación del sistema desaparece una vez que la deslizas; éste permanece y la búsqueda de actualizaciones en Configuración › Acerca de lo recupera.",don't translate HKI 7
cr_whats_new_1_1_2,4,"Permission tiles in Settings now update as soon as you come back from granting one. Location, battery optimization and background usage kept showing the old state until Settings was closed and reopened.","Los mosaicos de permisos en Configuración ahora se actualizan tan pronto como vuelves de otorgar uno. La ubicación, la optimización de la batería y el uso en segundo plano siguieron mostrando el estado anterior hasta que se cerró y se volvió a abrir la Configuración.",
cr_whats_new_1_1_1,1,"New Clock widget. Analog or digital, seven designs each, 12 or 24-hour time, and the day, date and year if you want them. Tap it to see your next alarm.","Nuevo widget de reloj. Analógico o digital, siete diseños cada uno, horario de 12 o 24 horas, y el día, fecha y año si los deseas. Tócalo para ver tu próxima alarma.",
cr_whats_new_1_1_1,2,"Reach Home Assistant itself from Settings. Admins get its Settings, Developer tools and HACS full screen inside HKI 7, already signed in.","Acceda al propio Home Assistant desde Configuración. Los administradores obtienen su configuración, herramientas de desarrollador y HACS en pantalla completa dentro de HKI 7, ya iniciados.","don't translate Home Assistant, HKI 7"
cr_whats_new_1_1_1,3,HKI 7 tells you when a new version is out — useful if you installed it from GitHub rather than the Play Store. Turn it off in Settings › About.,"HKI 7 te avisa cuando sale una nueva versión, lo que resulta útil si la instalaste desde GitHub en lugar de Play Store. Desactívelo en Configuración > Acerca de.",don't translate HKI 7
cr_whats_new_1_1_1,4,"Home Assistant can now see your phone's next alarm, the same sensor the official app provides.","Home Assistant ahora puede ver la próxima alarma de su teléfono, el mismo sensor que proporciona la aplicación oficial.",don't translate Home Assistant
cr_whats_new_1_1_1,5,"Media players show what is playing, not just which app is open. An Android TV streaming a series shows the programme, season and episode.","Los reproductores multimedia muestran lo que se está reproduciendo, no sólo qué aplicación está abierta. Un Android TV que transmite una serie muestra el programa, la temporada y el episodio.",
cr_whats_new_1_1_1,6,"Back goes to the page you were on before, every time, until you reach Home. It no longer skips pages or leaves the app early.","Atrás regresa a la página en la que estabas antes, cada vez, hasta llegar a Inicio. Ya no se salta páginas ni abandona la aplicación antes de tiempo.",
cr_whats_new_1_1_1,7,"Fixed temperature and energy readings in Czech, Slovak, Greek, Norwegian, Swedish and Danish, where numbers showed wrongly or could crash the screen.","Se corrigieron lecturas de temperatura y energía en checo, eslovaco, griego, noruego, sueco y danés, donde los números se mostraban incorrectamente o podían bloquear la pantalla.",
cr_whats_new_1_1_1,8,"Something worded badly in your language? Each language is now a single file you can correct on GitHub, no code needed.","¿Algo mal redactado en tu idioma? Cada idioma ahora es un único archivo que puedes corregir en GitHub, sin necesidad de código.",
cr_whats_new_1_1_0,1,"Eighteen more languages, taking HKI 7 to 36. Polish, Russian, Czech, Slovak, Hungarian, Romanian, Bulgarian, Croatian, Greek, Lithuanian, Latvian, Estonian, Danish, Thai and Hebrew join the list, along with Austrian German, Swiss German and Mexican Spanish. Hebrew lays the interface out right to left, as Arabic does.","Dieciocho idiomas más, llevando HKI 7 a 36. A la lista se suman polaco, ruso, checo, eslovaco, húngaro, rumano, búlgaro, croata, griego, lituano, letón, estonio, danés, tailandés y hebreo, junto con el alemán austriaco, el alemán suizo y el español mexicano. El hebreo presenta la interfaz de derecha a izquierda, como lo hace el árabe.",don't translate HKI 7
cr_whats_new_1_1_0,2,"HKI 7 now runs on Android 12 and later. It previously needed Android 14, which ruled out a lot of perfectly capable phones and tablets.","HKI 7 ahora se ejecuta en Android 12 y versiones posteriores. Anteriormente necesitaba Android 14, lo que descartaba muchos teléfonos y tabletas perfectamente capaces.",don't translate HKI 7
cr_whats_new_1_1_0,3,"Energy costs are shown in your own currency instead of always in euros. HKI 7 follows what your cost sensors report, and there is a Currency setting in Energy settings if you would rather choose one yourself.",Los costes de energía se muestran en su propia moneda en lugar de siempre en euros. HKI 7 sigue lo que informan sus sensores de costos y hay una configuración de Moneda en la configuración de Energía si prefiere elegir una usted mismo.,don't translate HKI 7
cr_whats_new_1_1_0,4,"The language picker has a search box and is sorted, which it needed at 36 entries. If you ever land in a language you cannot read, the way back is still the first thing on screen.","El selector de idioma tiene un cuadro de búsqueda y está ordenado, lo que necesitaba en 36 entradas. Si alguna vez llegas a un idioma que no puedes leer, el camino de regreso sigue siendo lo primero que aparece en la pantalla.",
cr_whats_new_1_1_0,5,"Views remember where you had scrolled to, and tapping the tab you are already on takes you back to the top.","Las vistas recuerdan hacia dónde se desplazó y, al tocar la pestaña en la que ya se encuentra, volverá a la parte superior.",
cr_whats_new_1_1_0,6,"Swiping sideways no longer carries you out of a page you have opened, such as Solar inside Energy. Back now returns you to the view you came from rather than jumping to the home page.","Deslizar el dedo hacia un lado ya no te sacará de una página que hayas abierto, como Solar inside Energy. Atrás ahora le devuelve a la vista desde la que vino en lugar de saltar a la página de inicio.",
cr_whats_new_1_1_0,7,"Scrollable rows say so. The pull-down menu, the navigation bar and the settings tabs all show an arrow at the edge when there is more to reach.","Las filas desplazables lo dicen. El menú desplegable, la barra de navegación y las pestañas de configuración muestran una flecha en el borde cuando hay más para alcanzar.",
cr_whats_new_1_1_0,8,"Dialogs look and behave the same throughout. Six of them were plain Android dialogs with no close button in the corner, and buttons across the app now agree on what Close, Save and Done mean.","Los diálogos se ven y se comportan igual en todas partes. Seis de ellos eran cuadros de diálogo simples de Android sin un botón de cierre en la esquina, y los botones de la aplicación ahora coinciden en lo que significa Cerrar, Guardar y Listo.",
cr_whats_new_1_1_0,9,"Creating a dashboard asks first and then offers the same choices as first-time setup — so a new dashboard can start from a backup or from one your family has shared, as well as being generated or left empty. Your current dashboard is never overwritten, and shared dashboards are now marked as shared in the list.","La creación de un panel solicita primero y luego ofrece las mismas opciones que la configuración inicial, por lo que un nuevo panel puede comenzar a partir de una copia de seguridad o de una que su familia haya compartido, además de generarse o dejarse vacío. Su panel actual nunca se sobrescribe y los paneles compartidos ahora están marcados como compartidos en la lista.",
cr_whats_new_1_1_0,10,"The battery widget opens a list in place instead of taking you to a separate page, grouped by how urgent each one is and showing the battery type where Home Assistant knows it. There is a search box, and a button to open the full Battery view if you want it.","El widget de batería abre una lista en lugar de llevarlo a una página separada, agrupada según la urgencia de cada una y mostrando el tipo de batería donde Home Assistant lo sabe. Hay un cuadro de búsqueda y un botón para abrir la vista completa de la batería si lo desea.",don't translate Home Assistant
cr_whats_new_1_1_0,11,"Tapping the people counter in a room shows who is there, with each person's picture. The Rooms header now has a household counter too, showing where everyone is without opening every room.","Al tocar el contador de personas en una habitación se muestra quién está allí, con la foto de cada persona. El encabezado Habitaciones ahora también tiene un contador de hogares, que muestra dónde están todos sin abrir cada habitación.",
cr_whats_new_1_1_0,12,"A button can be left out of a room's Lights and Devices counters, for the ones that are in the room but not really part of it.","Se puede dejar un botón fuera de los contadores de Luces y Dispositivos de una habitación, para aquellos que están en la habitación pero que en realidad no forman parte de ella.",
cr_whats_new_1_1_0,13,"Widgets that need an integration you do not have — Formula 1, Parcels, Waste Collection — are greyed out and say what is missing, instead of being added and then sitting empty.","Los widgets que necesitan una integración que usted no tiene (Fórmula 1, Paquetes, Recolección de residuos) están atenuados y dicen lo que falta, en lugar de agregarse y luego quedar vacíos.",
cr_whats_new_1_1_0,14,"Parcel tracking covers fifteen more carriers, including PostNord, InPost, Swiss Post, An Post, Budbee, Sameday and Nova Post, each with its own logo.","El seguimiento de paquetes cubre quince transportistas más, incluidos PostNord, InPost, Swiss Post, An Post, Budbee, Sameday y Nova Post, cada uno con su propio logotipo.",
cr_whats_new_1_1_0,15,"A Valetudo robot vacuum picks up its live map automatically when your rooms are imported, rather than needing the camera chosen by hand.","Un robot aspirador Valetudo recoge su mapa en vivo automáticamente cuando se importan sus habitaciones, en lugar de necesitar que la cámara se elija manualmente.",don't translate Valetudo
cr_whats_new_1_0_1,1,"Swiping between tabs now follows your finger. The pages move as you drag, you can change your mind mid-swipe and pull them back, and they settle where you let go. Previously the change was decided the moment you had dragged far enough and could not be taken back, while the animation that played afterwards was on its own timer and unrelated to the gesture — so the app committed to a page before your finger had finished asking for one.","Deslizar entre pestañas ahora sigue a tu dedo. Las páginas se mueven a medida que las arrastras, puedes cambiar de opinión mientras las deslizas y tirarlas hacia atrás, y se asientan donde las sueltas. Anteriormente, el cambio se decidía en el momento en que arrastrabas lo suficiente y no podías retirarlo, mientras que la animación que se reproducía después tenía su propio temporizador y no estaba relacionada con el gesto, por lo que la aplicación se comprometía con una página antes de que tu dedo terminara de pedirla.",
cr_whats_new_1_0_1,2,"The bottom bar now keeps the selected tab in view. On a phone too narrow for every tab it scrolls the active one to the centre, so the tab you are on is always visible along with its neighbours — which is also the hint that there are more pages to swipe to. Reaching the last tab used to leave the indicator somewhere off the end of the bar.","La barra inferior ahora mantiene a la vista la pestaña seleccionada. En un teléfono demasiado estrecho para cada pestaña, la pestaña activa se desplaza hacia el centro, por lo que la pestaña en la que se encuentra siempre está visible junto con sus vecinas, lo que también es un indicio de que hay más páginas para deslizar. Al llegar a la última pestaña se solía dejar el indicador en algún lugar al final de la barra.",
cr_whats_new_1_0_1,3,"Swiping between rooms shows how many rooms there are and which one you are on, as dots above the navigation bar — or as a count once there are more than eight. Room swiping also stops at the last room instead of wrapping around to the first, matching how the tabs behave. Rooms an admin has hidden are now skipped by the swipe rather than only blocked when opened.","Al deslizar el dedo entre habitaciones se muestra cuántas habitaciones hay y en cuál se encuentra, como puntos encima de la barra de navegación, o como un conteo una vez que hay más de ocho. El deslizamiento de la habitación también se detiene en la última habitación en lugar de pasar a la primera, coincidiendo con el comportamiento de las pestañas. Las salas que un administrador ha ocultado ahora se omiten al deslizar el dedo en lugar de bloquearse únicamente cuando se abren.",
cr_whats_new_1_0_1,4,"The pull-down header menu animates to wherever you let it go, instead of jumping open or shut in a single frame. It settles by which half you released it in, a quick flick opens it without a full-length drag, and it can be caught and dragged again mid-animation. It also no longer stops dead partway when pulled a long way but not quite far enough.","El menú de encabezado desplegable se anima dondequiera que lo dejes ir, en lugar de abrirse o cerrarse en un solo cuadro. Se establece en qué mitad lo soltó, un movimiento rápido lo abre sin arrastrarlo por completo y puede capturarlo y arrastrarlo nuevamente a mitad de la animación. Además, ya no se detiene en seco a mitad de camino cuando se lo lleva muy lejos, pero no lo suficiente.",
cr_whats_new_1_0_1,5,"Settings remembers where you were. Coming back from a sub-menu returns to the place in the list you left rather than to the top, which was most noticeable on the long way down to About and Licenses. The page settings dialog had the opposite problem — one scroll position carried across unrelated sub-menus — and that is fixed too.","La configuración recuerda dónde estabas. Al regresar de un submenú, se regresa al lugar de la lista que dejó en lugar de al principio, lo que se notaba más en el largo camino hasta Acerca de y Licencias. El cuadro de diálogo de configuración de página tenía el problema opuesto: una posición de desplazamiento atravesaba submenús no relacionados, y eso también se solucionó.",
cr_whats_new_1_0_1,6,"The notification panel now has a button in the pull-down header menu, so the left-edge swipe is no longer the only way to reach it. That let the strip of screen edge reserved for the swipe shrink from 200dp to 88dp: the reserved strip is where Android's own back gesture stops working, and it had been covering the exact corner where the back arrow sits.","El panel de notificaciones ahora tiene un botón en el menú de encabezado desplegable, por lo que deslizar el dedo hacia la izquierda ya no es la única forma de acceder a él. Eso permitió que la franja del borde de la pantalla reservada para deslizar el dedo se redujera de 200 dp a 88 dp: la franja reservada es donde el propio gesto hacia atrás de Android deja de funcionar, y había estado cubriendo la esquina exacta donde se encuentra la flecha hacia atrás.",
cr_whats_new_1_0_1,7,"Fixed the app closing instead of the notification panel when back was pressed during the panel's opening animation. Back is also defined for the tabs now — it returns to the first tab before leaving the app, rather than exiting from wherever you happened to have swiped to.","Se corrigió el cierre de la aplicación en lugar del panel de notificaciones cuando se presionaba hacia atrás durante la animación de apertura del panel. Atrás también está definido para las pestañas ahora: regresa a la primera pestaña antes de salir de la aplicación, en lugar de salir de dondequiera que hayas deslizado el dedo.",
cr_whats_new_1_0_1,8,"The home switcher panel follows Android's predictive back gesture, sliding out with your finger and springing back if you change your mind.","El panel de cambio de inicio sigue el gesto predictivo hacia atrás de Android, deslizándose hacia afuera con el dedo y retrocediendo si cambia de opinión.",
cr_whats_new_1_0_1,9,"Four more languages: Norwegian, Swedish, Finnish and Arabic. Arabic lays the whole app out right to left — the navigation bar, the panels that slide in from the screen edge, and the swipe that moves between tabs all mirror, rather than only the text changing direction. Product names such as Home Assistant stay in Latin script wherever they appear.","Cuatro idiomas más: noruego, sueco, finlandés y árabe. El árabe presenta toda la aplicación de derecha a izquierda: la barra de navegación, los paneles que se deslizan desde el borde de la pantalla y el deslizamiento que se mueve entre pestañas se reflejan, en lugar de que solo el texto cambie de dirección. Los nombres de productos como Home Assistant permanecen en escritura latina dondequiera que aparezcan.",don't translate Home Assistant
cr_whats_new_1_0_1,10,"Swiping between rooms is much smoother. A room screen is by far the heaviest page in the app, and the next one was being built during the first frames of the swipe — precisely when there was no time for it. It is now prepared while nothing is moving, and live sensor updates wait for the swipe to finish instead of redrawing every open page mid-gesture.","Deslizarse entre habitaciones es mucho más fluido. La pantalla de una sala es, con diferencia, la página más pesada de la aplicación, y la siguiente se estaba creando durante los primeros fotogramas del deslizamiento, precisamente cuando no había tiempo para ello. Ahora está preparado mientras nada se mueve, y las actualizaciones de los sensores en vivo esperan a que finalice el deslizamiento en lugar de volver a dibujar cada página abierta a medio gesto.",
cr_whats_new_1_0_1,11,"The notification panel and the home switcher are dragged rather than flicked open, following your finger and settling where you let go. They close the same way: push them back towards the edge they came from. Tapping the panel itself no longer closes it, which it used to do anywhere you touched that was not a button.","El panel de notificaciones y el conmutador de inicio se arrastran en lugar de abrirse, siguiendo su dedo y estableciéndose donde lo suelta. Se cierran de la misma manera: empújalos hacia el borde de donde vinieron. Al tocar el panel ya no se cierra, lo que solía hacer en cualquier lugar que tocabas que no fuera un botón.",
cr_whats_new_1_0_1,12,"A horizontal row inside a page — a mode selector, a swipe row, a swiping stack — no longer hands the rest of the gesture to the page once it reaches its end. Picking the first or last item in such a row used to flip the whole page instead.","Una fila horizontal dentro de una página (un selector de modo, una fila de deslizamiento, una pila de deslizamiento) ya no entrega el resto del gesto a la página una vez que llega al final. Al elegir el primer o último elemento de dicha fila se solía pasar la página completa.",
cr_whats_new_1_0_1,13,"Dialogs with tabs show how many there are and which one you are on, and a sideways swipe anywhere on the dialog changes tab. The swipe used to be written off as a scroll whenever it set off with the slight downward arc a thumb naturally makes, which made it feel like it worked only sometimes.","Los cuadros de diálogo con pestañas muestran cuántos hay y en cuál se encuentra, y al deslizar el dedo hacia un lado en cualquier parte del cuadro de diálogo cambia la pestaña. El golpe solía considerarse como un pergamino cada vez que se iniciaba con el ligero arco hacia abajo que forma naturalmente el pulgar, lo que hacía que pareciera que solo funcionaba a veces.",
cr_whats_new_1_0_1,14,"Demo mode no longer talks to the network. Twenty-six requests — the whole HKI 7 Cloud surface plus the event timeline, camera snapshots and vacuum maps — were still being attempted against a server that does not exist, and one of them retried every three seconds for the entire session, filling the connection log with failures. Restarting Home Assistant in the demo is now simulated in a few seconds rather than showing ""restarting"" for two minutes and giving up.","El modo de demostración ya no se comunica con la red. Todavía se estaban intentando veintiséis solicitudes (toda la superficie de HKI 7 Cloud más la línea de tiempo del evento, instantáneas de la cámara y mapas de vacío) contra un servidor que no existe, y una de ellas se reintentó cada tres segundos durante toda la sesión, llenando el registro de conexión con fallas. El reinicio de Home Assistant en la demostración ahora se simula en unos segundos en lugar de mostrar ""reiniciar"" durante dos minutos y darse por vencido.","don't translate HKI 7 Cloud, Home Assistant"
cr_whats_new_1_0_0,1,"New Events tab in the notification drawer: a timeline of what your home has actually been doing. The front door opening, a light going off, someone arriving home — each with the time and, where Home Assistant knows, who did it. An admin picks which entities appear under Settings › Family Sharing › Events, once for the whole family rather than on every phone. It reads Home Assistant's own logbook rather than recording anything on the device, so it still shows what happened overnight while the app was closed, and it opens on the last 3 hours — a timeline answers what just happened — with 6h to 72h a tap away. Events never touch the notification bell's unread count: a timeline of doors opening would leave that badge permanently lit and mean nothing. Requires HKI 7 Cloud 0.9.0.*","Nueva pestaña Eventos en el cajón de notificaciones: una cronología de lo que realmente ha estado haciendo su hogar. La puerta de entrada que se abre, una luz que se apaga, alguien que llega a casa, cada uno con la hora y, si Home Assistant sabe, quién lo hizo. Un administrador elige qué entidades aparecen en Configuración > Compartir en familia > Eventos, una vez para toda la familia en lugar de en cada teléfono. Lee el propio libro de registro de Home Assistant en lugar de registrar nada en el dispositivo, por lo que aún muestra lo que sucedió durante la noche mientras la aplicación estaba cerrada, y se abre en las últimas 3 horas (una línea de tiempo responde a lo que acaba de suceder) con entre 6 y 72 horas de distancia. Los eventos nunca tocan el recuento de no leídos de la campana de notificación: una línea de tiempo de puertas que se abren dejaría esa insignia encendida permanentemente y no significaría nada. Requiere HKI 7 Cloud 0.9.0.*","don't translate HKI 7 Cloud, Home Assistant"
cr_whats_new_1_0_0,2,"An admin can take parts of the timeline away from individual family members — a whole domain, or named entities — from the same Events tab. Everyone sees the full timeline unless something is taken out for them, so adding a person to the family does not mean building their timeline from scratch. The filtering happens in the HKI 7 Cloud component rather than in the app, so a restricted device is never even told which entities it is being kept away from. As with hidden views and rooms, this hides the timeline rather than the entities: Home Assistant has no per-entity read permission for non-admin accounts, so anyone signed in can still read those entities through Home Assistant itself.*","Un administrador puede quitar partes de la línea de tiempo de miembros individuales de la familia (un dominio completo o entidades con nombre) desde la misma pestaña Eventos. Todos ven la línea de tiempo completa a menos que se les quite algo, por lo que agregar una persona a la familia no significa construir su línea de tiempo desde cero. El filtrado se produce en el componente HKI 7 Cloud en lugar de en la aplicación, por lo que a un dispositivo restringido ni siquiera se le dice de qué entidades se mantiene alejado. Al igual que con las vistas y salas ocultas, esto oculta la línea de tiempo en lugar de las entidades: Home Assistant no tiene permiso de lectura por entidad para cuentas que no sean de administrador, por lo que cualquiera que haya iniciado sesión aún puede leer esas entidades a través del propio Home Assistant.*","don't translate HKI 7 Cloud, Home Assistant"
cr_whats_new_1_0_0,3,"The event roster takes whole domains as well as named entities, so ""every lock"" is one choice rather than eleven. Domains are resolved fresh each time the timeline opens, so a lock added next month joins on its own instead of the roster meaning whatever existed the day it was set. The editor shows what each domain currently covers, since one domain can be hundreds of entities. Requires HKI 7 Cloud 0.10.0.*","La lista de eventos incluye dominios completos y entidades con nombre, por lo que ""cada bloqueo"" es una opción en lugar de once. Los dominios se resuelven de nuevo cada vez que se abre la línea de tiempo, por lo que un bloqueo agregado el próximo mes se une por sí solo en lugar de la lista, es decir, lo que existía el día en que se estableció. El editor muestra lo que cubre actualmente cada dominio, ya que un dominio puede tener cientos de entidades. Requiere HKI 7 Cloud 0.10.0.*",don't translate HKI 7 Cloud
cr_whats_new_1_0_0,4,"Events are labelled and filterable by what kind of thing they happened to — Doors, Windows, Motion, Lights, Locks. The filter row is built from what your timeline actually contains, so you are never offered a filter that can only come back empty. Days stay as the list headings: a timeline that reorders itself by category stops being a timeline.","Los eventos están etiquetados y se pueden filtrar según el tipo de cosa que sucedió: puertas, ventanas, movimiento, luces, cerraduras. La fila de filtro se crea a partir de lo que realmente contiene su línea de tiempo, por lo que nunca se le ofrece un filtro que solo puede volver vacío. Los días quedan como encabezados de lista: una línea de tiempo que se reordena por categorías deja de ser una línea de tiempo.",
cr_whats_new_1_0_0,5,"Weather artwork now animates in the daily forecast, the hourly strip and the header pill, not only on the hero card. Animation was previously switched off below a fixed size, which caught all three.","Las ilustraciones meteorológicas ahora se animan en el pronóstico diario, la franja horaria y la píldora del encabezado, no solo en la tarjeta de héroe. Anteriormente, la animación se desactivaba por debajo de un tamaño fijo, lo que captaba a los tres.",
cr_whats_new_1_0_0,6,"Where weather artwork animates is now four separate switches — header pill, weather dialog, forecast strips, weather widget — instead of riding on the entity icon animation setting. The forecast strips animate a dozen icons side by side and are the only ones that ever cost anything noticeable, so turning those off need not mean losing the single small icon in the header pill. All four are on by default, and appear both in Settings › Appearance › Icons and in the header pill's own settings.","Donde se anima la obra de arte del clima ahora hay cuatro interruptores separados (píldora de encabezado, cuadro de diálogo del clima, franjas de pronóstico, widget del clima) en lugar de depender de la configuración de animación del ícono de la entidad. Las tiras de pronóstico animan una docena de íconos uno al lado del otro y son los únicos que alguna vez tienen algo notable, por lo que desactivarlos no tiene por qué significar perder el ícono pequeño en la píldora del encabezado. Los cuatro están activados de forma predeterminada y aparecen tanto en Configuración > Apariencia > Iconos como en la configuración de la píldora del encabezado.",
cr_whats_new_1_0_0,7,"The 6h/12h/24h/48h/72h range selector is centred rather than left-aligned everywhere it appears, and gains a 3h option.","El selector de rango de 6h/12h/24h/48h/72h está centrado en lugar de alineado a la izquierda en todas partes donde aparece, y obtiene una opción de 3h.",
cr_whats_new_1_0_0,8,"New Connection log at the bottom of Settings › Connection: what the app's connection has actually been doing — connection attempts, reconnects, sync and subscriptions — with buttons to copy or clear it. All of this was already being recorded; nothing displayed it. It holds the last 300 lines and starts empty each launch.","Nuevo registro de conexión en la parte inferior de Configuración › Conexión: lo que realmente ha estado haciendo la conexión de la aplicación (intentos de conexión, reconexiones, sincronización y suscripciones) con botones para copiarla o borrarla. Todo esto ya estaba siendo registrado; nada lo mostró. Mantiene las últimas 300 líneas y comienza vacía en cada lanzamiento.",
cr_whats_new_1_0_0,9,"A button stack's layout options are now named the same as a single button's. The same shape was called Tile on a button and Compact on a stack, which made them look like different features.","Las opciones de diseño de una pila de botones ahora tienen el mismo nombre que las de un solo botón. La misma forma se llamó Mosaico en un botón y Compacto en una pila, lo que los hacía parecer funciones diferentes.",
cr_whats_new_1_0_0,10,"New Centered button layout beside Standard, Square and Tile: a square card whose icon sits in the middle of the space above the text, with the name and state centred beneath it. The icon is pushed upward rather than crowded as the text grows. A grid of these reads as a keypad, which is what makes a remote control possible.","Nuevo diseño de botón centrado junto a Estándar, Cuadrado y Mosaico: una tarjeta cuadrada cuyo icono se encuentra en el medio del espacio sobre el texto, con el nombre y el estado centrados debajo. El ícono se empuja hacia arriba en lugar de llenarse a medida que crece el texto. Una cuadrícula de estos se lee como un teclado, que es lo que hace posible un control remoto.",
cr_whats_new_1_0_0,11,"A button's icon, name and state are each shown or hidden on their own, under a new Elements section in its settings. The old Icon only switch is gone — hiding both the name and state is what it did, and these also let you keep one of them. Existing icon-only buttons keep working.","El ícono, el nombre y el estado de un botón se muestran u ocultan por sí solos, en una nueva sección Elementos en su configuración. El antiguo interruptor de solo íconos desapareció; lo que hizo fue ocultar tanto el nombre como el estado, y estos también le permiten conservar uno de ellos. Los botones existentes que solo contienen íconos siguen funcionando.",
cr_whats_new_1_0_0,12,"A button stack carries the same three switches for all of its children, so a stack of twenty buttons need not be set twenty times. Turning one off on the stack hides it on every button; leaving it on lets each button decide.","Una pila de botones lleva los mismos tres interruptores para todos sus hijos, por lo que no es necesario configurar veinte veces una pila de veinte botones. Al desactivar uno en la pila, se oculta en cada botón; dejarlo activado permite que cada botón decida.",
cr_whats_new_1_0_0,13,"Fixed the button stack settings dialog stopping about two thirds of the way down with empty space below it, leaving the rest unreachable on a tall phone or a tablet.","Se corrigió que el cuadro de diálogo de configuración de la pila de botones se detuviera aproximadamente a dos tercios del camino hacia abajo con un espacio vacío debajo, dejando el resto inalcanzable en un teléfono alto o una tableta.",
cr_whats_new_1_0_0,14,"Navigation bar, media players and popups moved from Settings › Appearance to Settings › Dashboard, below the dashboards themselves. They are parts of what the dashboard is made of rather than how it is styled.","La barra de navegación, los reproductores multimedia y las ventanas emergentes se movieron de Configuración>Apariencia a Configuración>Panel, debajo de los propios paneles. Son parte de la composición del tablero y no de su estilo.",
cr_whats_new_1_0_0,15,"Settings › Connection ends with the connection log, and Restart Home Assistant now sits below it rather than above — it is the most disruptive thing on the screen and the least often wanted.","Configuración › La conexión finaliza con el registro de conexión, y Reiniciar Home Assistant ahora se encuentra debajo en lugar de arriba: es lo más perturbador en la pantalla y lo que menos se busca.",don't translate Home Assistant
cr_whats_new_1_0_0,16,"The Events tab gives an admin a button straight to Settings › Family Sharing › Events when nothing is being tracked yet, instead of only naming where to go.","La pestaña Eventos le da al administrador un botón directo a Configuración > Compartir en familia > Eventos cuando todavía no se está rastreando nada, en lugar de solo nombrar a dónde ir.",
cr_whats_new_1_0_0,17,"Entity and domain pickers list what is already selected first, so undoing a choice does not mean hunting for it alphabetically. The order is fixed when the picker opens, so ticking something does not make it jump away from your finger.","Los selectores de entidades y dominios enumeran primero lo que ya está seleccionado, por lo que deshacer una elección no significa buscarla alfabéticamente. El orden se fija cuando se abre el selector, por lo que marcar algo no hace que salte lejos de tu dedo.",
cr_whats_new_1_0_0,18,"A button stack's heading now has explicit Show name and Show icon switches, plus an option to centre them. Clearing the text field used to be the only way to get a stack with no heading, which hid that it was possible and meant losing the name to hide it.","El encabezado de una pila de botones ahora tiene interruptores explícitos de Mostrar nombre y Mostrar icono, además de una opción para centrarlos. Borrar el campo de texto solía ser la única forma de obtener una pila sin encabezado, lo que ocultaba que era posible y significaba perder el nombre para ocultarlo.",
cr_whats_new_beta_18,1,"An admin can now change who a published family dashboard is shared with, instead of only being able to choose at the moment of publishing. Settings › Family Sharing › Dashboards lists who each published dashboard reaches, with a Manage access button to add or remove people. Until now the only way to take a dashboard away from one person was to delete it for everybody.*","Un administrador ahora puede cambiar con quién se comparte un panel familiar publicado, en lugar de poder elegir solo en el momento de la publicación. Configuración > Compartir en familia > Paneles enumera a quién llega cada panel publicado, con un botón Administrar acceso para agregar o eliminar personas. Hasta ahora, la única forma de quitarle un panel a una persona era eliminarlo para todos.*",
cr_whats_new_beta_18,2,"Losing access to a family dashboard now clears what was layered on top of it. The dashboard itself was already removed, but the rooms, widgets, pages, nav bar, header pill and theme it left behind on the device stayed — so the next dashboard an admin shared arrived on top of the previous one's leftovers and looked like it had failed to import in full. Everything that belonged to the revoked dashboard is now removed with it. Home Assistant connections, profiles and notification settings are untouched: losing a dashboard is not being signed out.*","Perder el acceso a un panel familiar ahora borra lo que estaba encima de él. El panel en sí ya se eliminó, pero las salas, los widgets, las páginas, la barra de navegación, la píldora de encabezado y el tema que dejó en el dispositivo permanecieron, por lo que el siguiente panel que compartió un administrador llegó encima de los restos del anterior y parecía que no se había podido importar en su totalidad. Todo lo que pertenecía al panel revocado ahora se elimina con él. Las conexiones, los perfiles y la configuración de notificaciones de Home Assistant no se modifican: perder un panel no significa cerrar sesión.*",don't translate Home Assistant
cr_whats_new_beta_18,3,"New Devices tab under Settings › Family Sharing, showing which HKI version each family device is running and flagging the ones older than yours, with the Home Assistant account, device name, Android version and when it last reported. Each install records this through the HKI 7 Cloud component over the connection the app already uses, so every signed-in device is covered — including one with Location and Notifications both switched off — and nothing is added to Home Assistant's entity list. A device can only ever report itself. An admin can forget a phone that has been replaced; one still in use reappears the next time its app opens. Requires HKI 7 Cloud 0.7.0.*","Pestaña Nuevos dispositivos en Configuración › Compartir en familia, que muestra qué versión de HKI está ejecutando cada dispositivo familiar y marca los más antiguos que el suyo, con la cuenta de Home Assistant, el nombre del dispositivo, la versión de Android y cuándo se informó por última vez. Cada instalación registra esto a través del componente HKI 7 Cloud a través de la conexión que la aplicación ya usa, por lo que todos los dispositivos registrados están cubiertos, incluido uno con Ubicación y Notificaciones desactivadas, y no se agrega nada a la lista de entidades de Home Assistant. Un dispositivo sólo puede informarse a sí mismo. Un administrador puede olvidar un teléfono que ha sido reemplazado; uno que todavía está en uso reaparece la próxima vez que se abre la aplicación. Requiere HKI 7 Cloud 0.7.0.*","don't translate HKI 7 Cloud, Home Assistant"
cr_whats_new_beta_18,4,"An admin can now require the family to update. ""Require everyone to be on this version"" in the Devices tab sets a household minimum; anyone below it gets a full-screen prompt on their next launch instead of the dashboard, with Google Play's in-app update doing the install. There is also a per-device ""Ask to update"" for when one phone is behind rather than everyone, which clears itself once that device updates. No app can install a newer version of itself, so Play does the actual work — which also means the prompt can only insist when Play genuinely has the update ready. When it does not, the prompt explains why and lets you past for that session, rather than locking someone out of their own locks and alarms over an update they cannot get. You can only require a version some family device already runs. Requires HKI 7 Cloud 0.8.0.*","Un administrador ahora puede solicitar que la familia se actualice. ""Requerir que todos tengan esta versión"" en la pestaña Dispositivos establece un mínimo para el hogar; cualquiera que esté debajo recibirá un mensaje en pantalla completa en su próximo lanzamiento en lugar del panel, y la actualización dentro de la aplicación de Google Play realizará la instalación. También hay una opción ""Solicitar actualización"" por dispositivo para cuando un teléfono está atrasado en lugar de todos, que se borra solo una vez que el dispositivo se actualiza. Ninguna aplicación puede instalar una versión más nueva de sí misma, por lo que Play hace el trabajo real, lo que también significa que el mensaje solo puede insistir cuando Play realmente tiene la actualización lista. Cuando no es así, el mensaje explica por qué y le permite pasar a esa sesión, en lugar de bloquear a alguien fuera de sus propias cerraduras y alarmas por una actualización que no puede obtener. Solo puede solicitar una versión que ya ejecute algún dispositivo familiar. Requiere HKI 7 Cloud 0.8.0.*",don't translate HKI 7 Cloud
cr_whats_new_beta_18,5,"Each Family Sharing tab now says for itself when it needs a newer HKI 7 Cloud than the one installed, instead of that only appearing in the summary at the top of the screen. Parental controls, Permissions, Presence and Devices each carry the version they need, so it is clear before you configure a tab whose settings the installed component cannot store yet.","Cada pestaña de Compartir en familia ahora dice por sí misma cuándo necesita una nube HKI 7 más nueva que la instalada, en lugar de que solo aparezca en el resumen en la parte superior de la pantalla. Los controles parentales, los permisos, la presencia y los dispositivos tienen cada uno la versión que necesitan, por lo que queda claro antes de configurar una pestaña cuyas configuraciones el componente instalado aún no puede almacenar.",don't translate HKI 7 Cloud
cr_whats_new_beta_17,1,"Fixed a crash that could take the whole app down during the very first connection attempt after opening it, which read as ""the app won't even open"". The setup that runs on every launch had no error handling of its own, so a failure there — usually an expired session being refreshed on a flaky network — escaped as an unhandled error instead of surfacing as a connection error you could retry. As a backstop, an unexpected error on a background task can no longer terminate the app at all.","Se corrigió un fallo que podía hacer caer toda la aplicación durante el primer intento de conexión después de abrirla, que decía ""la aplicación ni siquiera se abre"". La configuración que se ejecuta en cada inicio no tenía manejo de errores propio, por lo que una falla allí (generalmente una sesión caducada que se actualiza en una red inestable) se escapa como un error no controlado en lugar de surgir como un error de conexión que se puede volver a intentar. Como medida preventiva, un error inesperado en una tarea en segundo plano ya no puede finalizar la aplicación.",
cr_whats_new_beta_17,2,"The dashboard no longer rebuilds itself every time Home Assistant reports a state change. The home screen tracked the complete entity list, so a single motion sensor tripping or a power meter ticking — several times a second on a busy install — invalidated the whole screen and every widget on it, even when nothing visible had changed. It now watches only what it actually draws.","El panel ya no se reconstruye cada vez que Home Assistant informa un cambio de estado. La pantalla de inicio rastreaba la lista completa de entidades, por lo que un solo disparo del sensor de movimiento o el tictac de un medidor de potencia (varias veces por segundo en una instalación ocupada) invalidaba toda la pantalla y todos los widgets que contenía, incluso cuando nada visible había cambiado. Ahora sólo observa lo que realmente dibuja.",don't translate Home Assistant
cr_whats_new_beta_17,3,"Entity icon animations no longer redo layout work on every frame they animate. The spin, pulse and glow effects re-ran the surrounding widget's composition on each animation frame instead of just redrawing the icon, so any dashboard with an active light, an open door or a recording camera paid that cost continuously. The animations look exactly the same.","Las animaciones de iconos de entidades ya no rehacen el trabajo de diseño en cada cuadro que animan. Los efectos de giro, pulso y brillo volvieron a ejecutar la composición del widget circundante en cada cuadro de animación en lugar de simplemente volver a dibujar el ícono, por lo que cualquier tablero con una luz activa, una puerta abierta o una cámara de grabación pagaba ese costo continuamente. Las animaciones se ven exactamente iguales.",
cr_whats_new_beta_17,4,"Fixed the app becoming unresponsive — and eventually killed by Android — when opening the history of a busy entity, such as a motion sensor that logs thousands of state changes a day. Matching each history entry to its actor re-scanned and re-parsed the entire logbook's timestamps from scratch for every single entry, work that scaled with history size squared; a quiet entity never noticed, but a busy one could peg the CPU for ten seconds straight. The logbook is now parsed once instead of once per entry, and the whole fetch runs off the main thread.","Se corrigió que la aplicación dejara de responder (y finalmente Android la eliminara) al abrir el historial de una entidad ocupada, como un sensor de movimiento que registra miles de cambios de estado al día. Al hacer coincidir cada entrada del historial con su actor, se volvieron a escanear y analizar las marcas de tiempo de todo el libro de registro desde cero para cada entrada, un trabajo que se escaló con el tamaño del historial al cuadrado; una entidad silenciosa nunca se daba cuenta, pero una ocupada podía fijar la CPU durante diez segundos seguidos. El libro de registro ahora se analiza una vez en lugar de una vez por entrada, y toda la búsqueda se ejecuta desde el hilo principal.",
cr_whats_new_beta_17,5,"Hardened how the app reads attributes Home Assistant sends for an entity: a value present but shaped unexpectedly (an object or array where a plain number or piece of text was expected) used to throw and crash whatever screen read it, instead of just being treated as missing.","Se fortaleció la forma en que la aplicación lee los atributos que Home Assistant envía para una entidad: un valor presente pero con una forma inesperada (un objeto o matriz donde se esperaba un número simple o un fragmento de texto) que se usa para lanzar y bloquear cualquier pantalla que lo lea, en lugar de simplemente ser tratado como faltante.",don't translate Home Assistant
cr_whats_new_beta_17,6,"Fixed ""Push to family dashboard"" reporting a dashboard as already up to date no matter what had changed. A dashboard re-imported after a reinstall is stored locally under a different id than the one the cloud copy is published under, and the push check was still looking up the local export by the cloud id, finding nothing, and silently skipping that dashboard on every push.","Se corrigió el mensaje ""Enviar al panel familiar"" que informaba que un panel ya estaba actualizado sin importar lo que hubiera cambiado. Un panel reimportado después de una reinstalación se almacena localmente con una identificación diferente a aquella con la que se publica la copia en la nube, y la verificación de inserción todavía buscaba la exportación local por la identificación de la nube, no encontraba nada y omitía silenciosamente ese panel en cada inserción.",
cr_whats_new_beta_15,1,"The Formula 1 widget gains two new tabs and expands two existing ones. Calendar lists the season's races in order, with each circuit and the host country's flag. Grid shows the starting grid, with each driver's move up or down from where they qualified. Standings can now show a championship prediction alongside the points table — current and predicted final points, for drivers or constructors — when F1 Sensor's optional F1TV Auth is set up. Live gains a proper timing list: gap to the leader, interval to the car ahead, tyre compound and stint length, and pit/retired status for every driver, plus which lap the leader is on.","El widget de Fórmula 1 gana dos pestañas nuevas y amplía dos existentes. El calendario enumera en orden las carreras de la temporada, con cada circuito y la bandera del país anfitrión. La cuadrícula muestra la parrilla de salida, con el movimiento de cada piloto hacia arriba o hacia abajo desde donde calificaron. Las clasificaciones ahora pueden mostrar una predicción del campeonato junto con la tabla de puntos (puntos finales actuales y previstos, para pilotos o constructores) cuando se configura la autenticación F1TV opcional del sensor F1. Live obtiene una lista de tiempos adecuada: brecha con el líder, intervalo con el auto de adelante, compuesto de neumáticos y duración del stint, y estado de pits/retirado para cada piloto, además de en qué vuelta se encuentra el líder.",
cr_whats_new_beta_15,2,"Fixed shared family dashboards failing to update at all once the owner added a widget type introduced in a newer app version, such as the To-Do List or Formula 1 widgets. A single unrecognized widget used to fail the whole dashboard, so a family member on an older build stopped receiving any of that dashboard's changes instead of just missing the new widget. Unrecognized widgets are now skipped individually, so the rest of a shared dashboard keeps working across app versions.","Se corrigieron los paneles familiares compartidos que no se actualizaban en absoluto una vez que el propietario agregaba un tipo de widget introducido en una versión más nueva de la aplicación, como la lista de tareas pendientes o los widgets de Fórmula 1. Un único widget no reconocido solía fallar en todo el panel, por lo que un miembro de la familia en una versión anterior dejó de recibir cualquiera de los cambios de ese panel en lugar de simplemente perderse el nuevo widget. Los widgets no reconocidos ahora se omiten individualmente, por lo que el resto de un panel compartido sigue funcionando en todas las versiones de la aplicación.",
cr_whats_new_beta_15,3,"The To-Do widget's square card can now feature one whole list instead of items individually flagged high priority. A new Hero list picker in the widget's General tab — shown once it has at least one tab — chooses which list's open items appear on the card, labelled with that list's name, so what you see at a glance is a specific list like Chores rather than a scattered mix pulled from every tab. Deleting a tab that's currently the hero list clears the setting automatically.","La tarjeta cuadrada del widget de tareas pendientes ahora puede presentar una lista completa en lugar de elementos individualmente marcados como de alta prioridad. Un nuevo selector de lista de héroes en la pestaña General del widget, que se muestra una vez que tiene al menos una pestaña, elige qué elementos abiertos de la lista aparecen en la tarjeta, etiquetados con el nombre de esa lista, de modo que lo que ve de un vistazo es una lista específica como Tareas en lugar de una mezcla dispersa extraída de cada pestaña. Al eliminar una pestaña que actualmente es la lista de héroes, se borra la configuración automáticamente.",
cr_whats_new_beta_15,4,"Fixed the app crashing whenever it needed to reconnect to Home Assistant or the connection failed. The in-app push-notification channel ran its subscription in a way that let a dropped connection's error skip past the surrounding error handling entirely and crash the app outright. A separate mismatch also meant every single reconnect immediately tore the whole sync stack down and rebuilt it a second time, racing its own freshly made connection. Both are fixed.","Se corrigió que la aplicación fallara cada vez que necesitaba volver a conectarse a Home Assistant o fallaba la conexión. El canal de notificaciones push en la aplicación ejecutó su suscripción de una manera que permitía que el error de una conexión interrumpida omitiera por completo el manejo de errores circundante y bloqueara la aplicación por completo. Una discrepancia separada también significó que cada reconexión inmediatamente derribara toda la pila de sincronización y la reconstruyera por segunda vez, acelerando su propia conexión recién creada. Ambos están arreglados.",don't translate Home Assistant
cr_whats_new_beta_14,1,"Settings › Family Sharing now shows which HKI 7 Cloud version is installed, and — if it's behind — exactly which family features that leaves unavailable, each labelled with the version that unlocks it. Previously the only way to find out a component was out of date was to hit a save that silently dropped part of what you configured.*","Configuración › Compartir en familia ahora muestra qué versión de HKI 7 Cloud está instalada y, si está atrasada, exactamente qué funciones familiares no están disponibles, cada una etiquetada con la versión que la desbloquea. Anteriormente, la única forma de saber que un componente estaba desactualizado era guardar y eliminar silenciosamente parte de lo que había configurado.*",don't translate HKI 7 Cloud
cr_whats_new_beta_14,2,"New To-Do List widget: a shared checklist or shopping list the whole family can add to. Items support an optional quantity, category, priority (low, normal or high, shown as a flag) and due date, with Added by and Checked by attribution when more than one person edits the list. Choose Manual, A–Z, Priority, or Newest-first ordering, and filter between To do, All, and Done from the dialog. Editing can be limited to everyone, specific family members picked from the real Home Assistant user list, or admins only, enforced the same way the rest of the app's family permissions are. It follows the same design as every other widget, with the usual General, Permissions, Appearance and Visibility settings tabs.","Nuevo widget de lista de tareas pendientes: una lista de verificación compartida o una lista de compras a la que toda la familia puede agregar. Los artículos admiten una cantidad, categoría, prioridad opcional (baja, normal o alta, que se muestra como una bandera) y fecha de vencimiento, con atribución Agregado por y Verificado por cuando más de una persona edita la lista. Elija Orden manual, A–Z, Prioridad o Lo más nuevo primero y filtre entre Tareas pendientes, Todo y Listo en el cuadro de diálogo. La edición se puede limitar a todos, a miembros específicos de la familia seleccionados de la lista de usuarios reales de Home Assistant, o solo a administradores, y se aplica de la misma manera que el resto de los permisos familiares de la aplicación. Sigue el mismo diseño que cualquier otro widget, con las pestañas de configuración habituales General, Permisos, Apariencia y Visibilidad.",don't translate Home Assistant
cr_whats_new_beta_14,3,"Room following can now be set to only place someone in the right room when the app starts, without tracking them for the rest of the session. The existing Ask before switching rooms switch only chose between asking and switching silently; there was no way to get the one-time placement without the app continuing to follow every move afterward. A new Keep following while the app is open switch under each person's room-following settings turns that continued tracking off on its own, leaving Open their room when the app starts to do the one placement it always did.*","El seguimiento de sala ahora se puede configurar para colocar a alguien solo en la sala correcta cuando se inicia la aplicación, sin rastrearlo durante el resto de la sesión. El interruptor existente Preguntar antes de cambiar de habitación solo elegía entre preguntar y cambiar silenciosamente; no había forma de conseguir la ubicación única sin que la aplicación siguiera cada movimiento posteriormente. Un nuevo interruptor Seguir siguiendo mientras la aplicación está abierta en la configuración de seguimiento de sala de cada persona desactiva el seguimiento continuo por sí solo, dejando Abrir su sala cuando la aplicación comienza a realizar la ubicación que siempre hizo.*",
cr_whats_new_beta_14,4,"New Formula 1 widget, for the F1 Sensor integration. The card shows the next race with a countdown and the circuit outline; opening it gives four tabs — Next race with the full session schedule and trackside weather, Standings for drivers and constructors, Results for the last grand prix with places gained or lost, and a Live tab that appears only while a session is running, showing the flag and race control messages. It finds its sensors on its own: F1 Sensor lets you rename its entities and pick a language, so the widget matches on the integration's stable internal keys rather than entity ids.","Nuevo widget de Fórmula 1 para la integración F1 Sensor. La tarjeta muestra la próxima carrera con cuenta atrás y el trazado del circuito; al abrirla hay cuatro pestañas — Próxima carrera con el horario completo de sesiones y el tiempo en el circuito, Clasificación de pilotos y constructores, Resultados del último gran premio con los puestos ganados o perdidos, y una pestaña En directo que solo aparece durante una sesión, con la bandera y los mensajes de dirección de carrera. Encuentra sus sensores sola: F1 Sensor permite renombrar entidades y elegir idioma, así que el widget busca por las claves internas estables de la integración en lugar de por identificadores de entidad.",
cr_whats_new_beta_14,5,"New Find my devices widget: a map of your phones, watches, tags and trackers. Add any device_tracker or person entity; the ones reporting GPS appear as pins on the map, the rest are still listed with their state. Tick as many as you like to show them together, or leave nothing ticked to see everything. Three filters narrow the list: All, Devices, and People. The card follows the same design as the other widgets, so background image, icon, width, shape and corner radius all work as you would expect.","Nuevo widget Encontrar mis dispositivos: un mapa con tus teléfonos, relojes, etiquetas y rastreadores. Añade cualquier entidad device_tracker o person; las que informan GPS aparecen como marcadores y el resto sigue en la lista con su estado. Marca tantos como quieras para verlos juntos, o no marques ninguno para verlo todo. Tres filtros acotan la lista: Todo, Dispositivos y Personas. La tarjeta sigue el mismo diseño que los demás widgets, así que imagen de fondo, icono, ancho, forma y radio de esquina funcionan como esperas.",
cr_whats_new_beta_14,6,"The maps in the app no longer look like a printed atlas. HKI now uses the same muted CARTO basemap that Home Assistant's own map card uses, instead of the standard OpenStreetMap rendering, which was designed as a mapper's reference render rather than a background for an app. It also has a proper dark variant, so the map finally follows your theme instead of glowing white inside a dark dialog.","Los mapas de la app ya no parecen un atlas impreso. HKI usa ahora el mismo mapa base CARTO discreto que la tarjeta de mapa de Home Assistant, en lugar del renderizado estándar de OpenStreetMap, pensado como referencia para cartógrafos y no como fondo de una app. Además tiene una variante oscura de verdad, así que el mapa por fin sigue tu tema en vez de brillar en blanco dentro de un diálogo oscuro.",don't translate Home Assistant
cr_whats_new_beta_14,7,"Fixed room following doing nothing at all once Ask before switching rooms was turned off. That switch was being treated as a master off-switch for the whole feature, so with prompting disabled the app neither asked nor moved. It now does what it says: with prompting on you get the prompt, with it off the room simply opens. Don't ask again until I restart still stops both, since trading a prompt for a surprise jump would be worse.","Corregido que el seguimiento de habitaciones no hiciera absolutamente nada al desactivar Preguntar antes de cambiar de habitación. Ese interruptor se trataba como un apagado general de la función, así que sin preguntas la app ni preguntaba ni cambiaba. Ahora hace lo que dice: con preguntas activadas te consulta, y desactivadas la habitación simplemente se abre. No volver a preguntar hasta reiniciar sigue deteniendo ambas cosas, porque un salto inesperado sería peor que una pregunta.",
cr_whats_new_beta_14,8,"Fixed the waste widget's settings dialog being cut off around two thirds of the way down while empty space sat below it. The dialog reserves a tall card but its contents were capped at a fixed height, so the scroll area stopped short of the space available. Both the settings dialog and the waste dialog itself now use the full height.","Corregido que el diálogo de ajustes del widget de residuos se cortara a dos tercios dejando espacio vacío debajo. El diálogo reserva una tarjeta alta, pero su contenido estaba limitado a una altura fija, así que el área desplazable no alcanzaba el espacio disponible. Ambos diálogos usan ahora toda la altura.",
cr_whats_new_beta_14,9,"The waste dialog's calendar can now look 7, 14 or 28 days ahead, and is drawn as a week grid like the calendar widget rather than a flat list: weekday columns, one row per week, and a coloured dot per collection in its fraction's colour. Tap a day to see what is collected then; it opens on the next day with a collection.","El calendario del diálogo de residuos ya puede mirar 7, 14 o 28 días por delante, y se dibuja como una cuadrícula semanal igual que el widget de calendario en lugar de una lista plana: columnas por día, una fila por semana y un punto de color por recogida con el color de su fracción. Toca un día para ver qué se recoge; se abre en la próxima recogida.",
cr_whats_new_beta_14,10,"Parcel dialogs now say Today or Tomorrow instead of naming the weekday. The whole question a delivery date answers is how soon, and “Wednesday” on a Wednesday made you work that out yourself.","Los diálogos de paquetes ahora dicen Hoy o Mañana en vez del nombre del día. Lo que responde una fecha de entrega es cuánto falta, y “miércoles” un miércoles te obligaba a calcularlo.",
cr_whats_new_beta_14,11,"The +2 bubble in the header, shown when there are more people than fit, now opens. Tapping it lists everyone with their name and state, and picking someone opens their detail dialog as usual. Previously those people were simply unreachable on a narrow header.","La burbuja “+2” de la cabecera, que aparece cuando hay más personas de las que caben, ya responde. Al tocarla se listan todas con su nombre y estado, y elegir a alguien abre su diálogo de detalle como siempre. Antes esas personas eran sencillamente inalcanzables en una cabecera estrecha.",
cr_whats_new_beta_14,12,"Fixed the map in the person dialog overflowing the dialog on a tablet or unfolded foldable. The map was drawn as a square as wide as the dialog, so on a 620dp-wide card it became 620dp tall and pushed the address off the bottom. It now takes the height left over instead.","Corregido que el mapa del diálogo de persona se saliera del diálogo en tablets y plegables abiertos. El mapa se dibujaba como un cuadrado del ancho del diálogo, así que en una tarjeta de 620dp de ancho medía 620dp de alto y empujaba la dirección fuera. Ahora ocupa la altura restante.",
cr_whats_new_beta_14,13,"Fixed notifications going undelivered while Home Assistant reported the device as not connected to local push notifications, even with the app open. The app stood aside for its background connection whenever the settings said that connection should be running — but when Android refused to start it, such as after a reboot, nothing was listening at all. The app now checks whether that connection is really running rather than whether it is meant to be, takes over when it is not, and hands the channel back the moment it does come up.","Corregido que las notificaciones no llegaran mientras Home Assistant indicaba que el dispositivo no estaba conectado a las notificaciones push locales, incluso con la app abierta. La app se apartaba en favor de su conexión en segundo plano en cuanto los ajustes decían que debía estar activa, pero si Android se negaba a iniciarla — por ejemplo tras reiniciar — no escuchaba nadie. Ahora comprueba si esa conexión está realmente activa en lugar de si debería estarlo, toma el relevo cuando no lo está y devuelve el canal en cuanto arranca.",don't translate Home Assistant
cr_whats_new_beta_14,14,"Fixed room-following settings not taking effect on the device you changed them from. Turning following off, or changing how long a room must hold before it counts as a move, was written to the companion component but not to the device's own cached copy — so it kept following, and kept using the old dwell time, until the app was next started. Changes now apply immediately. The dwell slider also no longer offers zero seconds, which made the very first sensor reading count as a move.","Corregido que los ajustes de seguimiento de habitación no surtieran efecto en el dispositivo desde el que se cambiaban. Desactivar el seguimiento, o cambiar cuánto debe mantenerse una habitación antes de contar como un cambio, se escribía en el componente complementario pero no en la copia local del dispositivo, así que seguía siguiendo y usando el tiempo antiguo hasta reiniciar la app. Los cambios se aplican ya de inmediato. El deslizador tampoco ofrece cero segundos, lo que hacía que la primera lectura del sensor contara como un cambio.",
cr_whats_new_beta_14,15,"The Formula 1 card now says one thing: the next grand prix and when it is — “Today 15:00” on the day, otherwise the date and time, in your own timezone. Track status is gone from it, because outside a session that read “Not running”, which is not what anyone glances at the card for. The status sits in the same dark pill the camera, vacuum and waste cards use, so it lines up with the rest of your dashboard again. The circuit outline stays as a faint watermark and the host country flag in the corner. The widget also no longer asks which F1 instance to use — it reads everything the integration publishes, so the dialog always has the full picture.","La tarjeta de Fórmula 1 ahora dice una sola cosa: el próximo gran premio y cuándo es — “Hoy 15:00” el mismo día, si no la fecha y la hora, en tu zona horaria. El estado de pista desaparece: fuera de una sesión ponía “No en marcha”, y nadie mira la tarjeta para eso. El estado va en la misma píldora oscura que las tarjetas de cámara, aspiradora y residuos, así que vuelve a encajar con el resto del panel. El trazado del circuito sigue como marca de agua tenue y la bandera del país anfitrión en la esquina. El widget tampoco pregunta ya qué instancia de F1 usar: lee todo lo que publica la integración, para que el diálogo tenga siempre el cuadro completo.",
cr_whats_new_beta_14,16,"The To-Do List dialog's undo/redo and Close buttons moved from the title row to the bottom action bar, matching every other dialog in the app.","Los botones deshacer/rehacer y Cerrar del cuadro de diálogo Lista de tareas pendientes se movieron desde la fila de título a la barra de acciones inferior, coincidiendo con todos los demás cuadros de diálogo de la aplicación.",
cr_whats_new_beta_14,17,* HKI 7 Cloud Component integration required.,* Requiere la integración de HKI 7 Cloud Component.,don't translate HKI 7 Cloud
cr_whats_new_beta_13,1,"HKI can now follow you from room to room. Point it at a room-presence sensor such as ESPresense and it opens the room you are in when the app starts, then offers to switch views when you move somewhere else. Rooms also gain a purple counter showing how many people are in them, beside the motion and presence counters. An admin sets this up for the whole family under Settings › Family Sharing › Presence: pick each person's sensor and how long a new room must hold before it counts as a move. Sensor rooms named after your Home Assistant areas are matched automatically.*","HKI ahora puede seguirte de habitación en habitación. Indícale un sensor de presencia como ESPresense: al iniciarse, la app abre la habitación en la que estás y ofrece cambiar de vista cuando te mueves. Las habitaciones también muestran un contador morado con cuántas personas hay, junto a los contadores de movimiento y presencia. Un administrador lo configura para toda la familia en Ajustes › Compartir en familia › Presencia: el sensor de cada persona y cuánto debe mantenerse una habitación nueva antes de contar como un movimiento. Las habitaciones del sensor que se llaman como tus áreas de Home Assistant se emparejan automáticamente.*",don't translate Home Assistant
cr_whats_new_beta_13,2,"Notifications from Home Assistant can now carry action buttons. Add actions to a notify.mobile_app_… message and each one appears on the notification; tapping it sends the action back to Home Assistant, where an automation can respond. The buttons also appear on the in-app banner and in the notification drawer, because HKI hides system notifications while it is open. A URI action opens its link, a REPLY action takes a typed answer, and an action tapped while offline is delivered once the connection returns. Each notification can be actioned once.","Las notificaciones de Home Assistant ahora pueden incluir botones de acción. Al agregar actions a un mensaje notify.mobile_app_…, cada una aparece en la notificación; al tocarla, la acción se envía de vuelta a Home Assistant, donde una automatización puede responder. Los botones también aparecen en el aviso dentro de la app y en el cajón de notificaciones, porque HKI oculta las notificaciones del sistema mientras está abierta. Una acción URI abre su enlace, una acción REPLY admite una respuesta escrita y una acción tocada sin conexión se entrega cuando esta vuelve. Cada notificación se puede accionar una vez.",don't translate Home Assistant
cr_whats_new_beta_13,3,"New Action button: a button that needs no entity at all. Give it a name, an icon, and whatever tap, hold, or double-tap action you like — navigate to a view or room, call a Home Assistant action, open a URL or a custom popup. Add one from the widget picker, from a button stack, or as an action badge in the badge area beside the header.","Nuevo: botón de acción, un botón que no necesita ninguna entidad. Dale un nombre, un ícono y la acción que quieras al tocar, mantener presionado o tocar dos veces: ir a una vista o una habitación, llamar a una acción de Home Assistant, abrir una URL o una ventana personalizada. Agrégalo desde el selector de widgets, desde una pila de botones o como insignia de acción en el área de insignias junto al encabezado.",don't translate Home Assistant
cr_whats_new_beta_13,4,"Icon-only buttons can now be sized. Auto shrinks the icon as a stack gains columns, which is what makes icon-only usable in the four-, five-, and six-column custom popups where a fixed-size icon used to overflow the button. A button can also be given its own size.","Los botones de solo ícono ya se pueden dimensionar. Automático reduce el ícono a medida que la pila gana columnas, lo que hace usable el solo ícono en las ventanas de cuatro, cinco y seis columnas donde un tamaño fijo se desbordaba. Un botón también puede tener su propio tamaño.",
cr_whats_new_beta_13,5,"Button stacks can push their appearance onto every button they hold: one Icon only for every button switch instead of the same switch on twenty buttons, plus an icon size they all inherit. A single button can still override the size.","Las pilas de botones pueden imponer su apariencia a todos sus botones: un solo interruptor Solo ícono en todos los botones en lugar del mismo en veinte botones, más un tamaño de ícono que todos heredan. Un botón concreto aún puede cambiarlo.",
cr_whats_new_beta_13,6,"The quick start guide can be browsed by hand. Swipe the gesture preview, tap a dot, or tap any tip to jump to it. It still plays on its own until you take over.","La guía rápida ya se puede recorrer a mano. Desliza la vista previa del gesto, toca un punto o cualquier consejo para ir allí. Sigue avanzando sola hasta que tomas el control.",
cr_whats_new_beta_13,7,"Fixed the waste widget showing the wrong icon and colour for every collection type outside Dutch: the type was matched against the translated label, so PMD shown as Packaging fell through to a generic grey-blue bin. PMD is orange with a recycling symbol again.","Se corrigió que el widget de residuos mostrara el ícono y el color equivocados fuera del neerlandés: el tipo se comparaba con la etiqueta traducida, así que PMD mostrado como Packaging caía en un contenedor gris azulado genérico. PMD vuelve a ser naranja con símbolo de reciclaje.",
cr_whats_new_beta_13,8,"Fixed the room-following prompt appearing after Ask before switching rooms was turned off, and for the room already on screen. It now also offers Don't ask again until I restart the app, and the wait time can be set whether or not prompting is on.","Se corrigió que el aviso de cambio de habitación apareciera tras desactivar Preguntar antes de cambiar de habitación, y para la habitación ya en pantalla. Ahora también ofrece No volver a preguntar hasta reiniciar, y la espera se puede ajustar igualmente.",
cr_whats_new_beta_13,9,"Flows can express Any of these and nested logic, not just a flat list of ANDs. A group opens into its own list with a breadcrumb, and groups can hold groups, so motion detected AND (after sunset OR guest mode on) is buildable. It is the same structure Home Assistant's own editor writes, so a flow made in HA that used OR is no longer an untouchable advanced block.","Los flujos ya expresan «Cualquiera de estas» y lógica anidada, no solo una lista plana de Y. Un grupo se abre en su propia lista con ruta de navegación, y los grupos pueden contener grupos, así que «movimiento detectado Y (después del atardecer O modo invitado activo)» se puede construir. Es la misma estructura que escribe el editor de automatizaciones de Home Assistant, así que un flujo creado en HA con O ya no es un bloque avanzado intocable.",don't translate Home Assistant
cr_whats_new_beta_13,10,"Thermostat dials on the Climate view no longer squeeze six across a landscape foldable. Dials hold at four per row until the window is genuinely desktop-wide, so each keeps enough width to read.","Los diales de termostato de la vista Clima ya no se aprietan de seis en un plegable en horizontal. Se mantienen en cuatro por fila hasta que la ventana es realmente muy ancha, para que cada uno conserve ancho suficiente.",
cr_whats_new_beta_13,11,"The Waiting for notifications message now has a Hide this notification button that jumps straight to its Android channel settings, where switching the channel off hides it for good while the connection keeps working. Android will not let a background connection run without a visible notification, so this is as far as muting can go. It also switches itself on when you have more than one Home Assistant server.","El mensaje «Esperando notificaciones» ahora tiene un botón «Ocultar esta notificación» que lleva directo a los ajustes de su canal de Android. Al desactivarlo ahí desaparece para siempre mientras la conexión sigue funcionando. Android no permite una conexión en segundo plano sin notificación visible, así que no se puede silenciar más. También se activa sola si tienes más de un servidor de Home Assistant.",don't translate Home Assistant
cr_whats_new_beta_13,12,"The vacuum widget can now draw a Valetudo map itself. Choose Valetudo map as the button image and point it at your robot's map camera: HKI reads the map data Valetudo hides inside that camera's PNG and draws the floor, walls, rooms, the robot, its dock and the path it has taken. No add-on, custom component or extra Home Assistant integration is involved, and the map refreshes on its own while the robot is cleaning.","El widget de aspiradora ya puede dibujar un mapa de Valetudo por sí mismo. Elige Mapa de Valetudo como imagen del botón y apunta a la cámara de mapa de tu robot: HKI lee los datos que Valetudo esconde dentro del PNG de esa cámara y dibuja el piso, las paredes, las habitaciones, el robot, su base y el recorrido. No hace falta ningún complemento, componente personalizado ni integración adicional de Home Assistant, y el mapa se actualiza solo mientras el robot limpia.","don't translate Home Assistant, Valetudo"
cr_whats_new_beta_13,13,"Tap a room on the Valetudo map to send the robot to clean it. Rooms use the names you gave them in Valetudo. Cleaning a single room goes through Home Assistant's clean_area action, so first map the robot's segments to your areas in Home Assistant — until you do, the map says so instead of leaving the tap doing nothing.","Toca una habitación en el mapa de Valetudo para enviar el robot a limpiarla. Las habitaciones usan los nombres que les diste en Valetudo. Limpiar una sola habitación usa la acción clean_area de Home Assistant, así que primero asigna los segmentos del robot a tus áreas; hasta que lo hagas, el mapa lo indica en vez de ignorar el toque.","don't translate Home Assistant, Valetudo"
cr_whats_new_beta_13,14,"The vacuum settings now warn that plain Map camera on a Valetudo map entity shows a blank tile. Valetudo deliberately does not render the map on the robot, so its PNG is only a container for the data — Valetudo map is the mode that shows something.","Los ajustes de la aspiradora ahora avisan de que Cámara de mapa muestra un recuadro en blanco con una entidad de mapa de Valetudo. Valetudo no dibuja el mapa en el robot a propósito, así que su PNG solo es un contenedor de datos: Mapa de Valetudo es el modo que sí muestra algo.",don't translate Valetudo
cr_whats_new_beta_13,15,"The vacuum dialog now shows a Valetudo map whenever the map camera you picked actually carries one, whatever the button image is set to — the button image only decides how the tile on the dashboard looks. Cameras that turn out not to be Valetudo maps still show their picture, and HKI stops re-checking once it knows.","El diálogo de la aspiradora ahora muestra un mapa de Valetudo siempre que la cámara de mapa elegida contenga uno, sea cual sea la imagen del botón: esa solo decide el aspecto del recuadro en el panel. Las cámaras que no resultan ser mapas de Valetudo siguen mostrando su imagen, y HKI deja de comprobarlo una vez lo sabe.",don't translate Valetudo
cr_whats_new_beta_13,16,"The robot image now spins while the vacuum is cleaning or returning to its dock, using the same icon animation settings as the rest of the app. A button's own animation setting still overrides it, and Off keeps it still.","La imagen del robot ahora gira mientras la aspiradora limpia o vuelve a su base, con los mismos ajustes de animación de iconos que el resto de la app. El ajuste propio de cada botón sigue teniendo prioridad, y Desactivado la mantiene quieta.",
cr_whats_new_beta_13,17,* HKI 7 Cloud Component integration required.,* Requiere la integración de HKI 7 Cloud Component.,don't translate HKI 7 Cloud
cr_whats_new_beta_12,1,"Button widgets and button stacks can now hold an empty, fully transparent button. It takes up a grid cell without drawing anything, so the buttons around it line up exactly where you want them.","Los widgets y las pilas de botones ahora admiten un botón vacío totalmente transparente. Ocupa una celda de la cuadrícula sin dibujar nada, así que los botones de alrededor quedan justo donde quieres.",
cr_whats_new_beta_12,2,Buttons can show just their icon. The new Icon only switch under a button's Appearance settings drops the name and state and centers a larger icon on the button.,Los botones pueden mostrar solo su ícono. El nuevo interruptor «Solo ícono» en la apariencia de un botón oculta el nombre y el estado y centra un ícono más grande.,
cr_whats_new_beta_12,3,"New Custom popup action for buttons, badges, and dialog buttons. Point any tap, hold, or double tap at a popup you build yourself: it opens with the usual dialog title, status, history, and close controls, and you fill it with any widget the app offers. Popups are listed under Settings › Appearance › Popups, where Edit contents opens one ready to arrange. Popups are shared, so several buttons can open the same one, and stacks inside a popup can use up to six columns instead of three. While a popup is being arranged, a Done button sits beside Add widget to leave edit mode without closing it.","Nueva acción Ventana personalizada para botones, insignias y botones de diálogo. Asigna a cualquier toque, pulsación larga o doble toque una ventana creada por ti: se abre con el título, el estado, el historial y el cierre habituales, y la llenas con cualquier widget de la app. Las ventanas aparecen en Ajustes › Apariencia › Ventanas, donde «Editar contenido» abre una lista para organizar. Se comparten, así que varios botones pueden abrir la misma, y las pilas dentro pueden usar hasta seis columnas en lugar de tres. Mientras organizas una ventana, un botón Listo aparece junto a Agregar widget para salir del modo de edición sin cerrarla.",
cr_whats_new_beta_12,4,"Fixed the Energy detail views (Solar, Electricity, Gas, Water, City heating, Battery) drawing their cards flush against each other with their headings missing. Production, Forecast, Inverters and the rest were hidden behind the card below them; the cards now keep their headings and the usual spacing.","Se corrigieron las vistas de detalle de Energía (Solar, Electricidad, Gas, Agua, Calefacción urbana, Batería), que dibujaban sus tarjetas pegadas y sin títulos. «Producción», «Pronóstico», «Inversores» y las demás quedaban detrás de la tarjeta siguiente; ahora las tarjetas conservan sus títulos y el espaciado habitual.",
cr_whats_new_beta_12,5,"Fixed Parental Controls refusing to save. An out-of-date HKI 7 Cloud component rejects the Visible and Invisible lists, which used to fail the whole policy; the permissions now save regardless and the message says the component needs updating. Those lists only filter entity lists such as global search — a button on a family dashboard stays visible unless it is hidden for that person explicitly.*","Se corrigió que los Controles parentales no guardaran. Un componente HKI 7 Cloud desactualizado rechaza las listas Visible e Invisible, lo que antes hacía fallar toda la política; ahora los permisos se guardan igualmente y el mensaje indica que hay que actualizar el componente. Esas listas solo filtran listas de entidades como la búsqueda global: un botón de un panel familiar sigue visible salvo que se oculte explícitamente para esa persona.*",don't translate HKI 7 Cloud
cr_whats_new_beta_12,6,* HKI 7 Cloud Component integration required.,* Requiere la integración de HKI 7 Cloud Component.,don't translate HKI 7 Cloud
cr_whats_new_beta_11,1,"Rooms, Climate, Security, Energy, and Battery dashboards now make better use of tablets and foldables. Large cards follow the Home and individual-room 1/2/3-column layout, while compact tiles auto-fit without becoming cramped. Climate, Security, and Energy cards use a height-aware masonry layout on wider displays, eliminating large gaps below shorter cards.","Los paneles Habitaciones, Clima, Seguridad, Energía y Batería aprovechan mejor las tabletas y los dispositivos plegables. Las tarjetas grandes siguen el diseño de una, dos o tres columnas de Inicio y las habitaciones, mientras que las tarjetas compactas se ajustan automáticamente sin quedar apretadas. Las tarjetas de Clima, Seguridad y Energía usan un diseño de mampostería que considera la altura en pantallas anchas, evitando grandes espacios bajo las tarjetas más cortas.",
cr_whats_new_beta_11,2,State-colored icons on entity buttons and header/status pills now preserve their semantic hue while automatically shifting lighter or darker when they would blend into the current theme.,"Los íconos coloreados según el estado en botones de entidades y etiquetas de encabezado o estado conservan su tono identificativo, pero se aclaran u oscurecen automáticamente cuando podrían confundirse con el tema actual.",
cr_whats_new_beta_11,3,"Selecting a family dashboard during onboarding now subscribes that installation to it. Owner edits are published when Save or Done is tapped, active clients refresh immediately, and offline clients reconcile when reopened. Non-admin subscribers cannot create or duplicate dashboards unless the app is fully reset.*","Al elegir un panel familiar durante la configuración inicial, la instalación queda suscrita. Los cambios del propietario se publican al tocar Guardar o Listo, los clientes activos se actualizan de inmediato y los desconectados se sincronizan al volver a abrirse. Quienes no sean administradores no pueden crear ni duplicar paneles hasta restablecer por completo la aplicación.*",
cr_whats_new_beta_11,4,"Dashboard setup during onboarding can now restore a local, Google Drive, or Home Assistant backup. New Google Drive and Home Assistant backups use consistent, informative names containing the app version and creation date.*","La configuración inicial del panel ahora permite restaurar una copia local, de Google Drive o de Home Assistant. Las nuevas copias de Google Drive y Home Assistant usan nombres coherentes e informativos con la versión de la aplicación y la fecha de creación.*","don't translate Home Assistant, Google Drive"
cr_whats_new_beta_11,5,"Calendar widgets become vertically scrollable when their height is too small for every event, and hidden Home widgets are removed from the layout instead of leaving an empty space.","Los widgets de calendario permiten desplazamiento vertical cuando no tienen altura suficiente para todos los eventos, y los widgets ocultos de Inicio se eliminan del diseño en vez de dejar un espacio vacío.",
cr_whats_new_beta_11,6,"Parcel carrier cards now show the earliest expected delivery date and time for active incoming or outgoing shipments, including integrations that expose a separate next-delivery sensor.","Las tarjetas de las empresas de paquetería muestran ahora la primera fecha y hora de entrega prevista para envíos activos entrantes o salientes, incluso con integraciones que ofrecen un sensor separado de próxima entrega.",
cr_whats_new_beta_11,7,"Family permissions can now independently allow dashboard switching and creation. Fully restricted subscribers see a locked Dashboard settings tab; onboarding removes its placeholder dashboard when switching is denied, and a deleted family dashboard opens a permission-aware recovery screen instead of silently creating a replacement.*","Los permisos familiares ahora permiten autorizar por separado el cambio y la creación de paneles. Los suscriptores totalmente restringidos ven bloqueada la sección Panel; la configuración inicial elimina el panel provisional si no se permite cambiar y, al eliminarse un panel familiar, abre una recuperación según los permisos en vez de crear un reemplazo en silencio.*",
cr_whats_new_beta_11,8,"Family permissions now also control manual re-importing. Non-admins cannot open Family Sharing settings, disabled onboarding choices explain why they are unavailable, and aesthetics-only editors see only visual controls. Their local names, icons, colors, backgrounds, styles, sizes, and layouts take priority when owner updates arrive.*","Los permisos familiares ahora también controlan la reimportación manual. Los usuarios que no sean administradores no pueden abrir Compartir en familia, las opciones desactivadas de la configuración explican por qué no están disponibles y quienes solo pueden editar la apariencia ven únicamente controles visuales. Sus nombres, íconos, colores, fondos, estilos, tamaños y diseños locales tienen prioridad cuando llegan actualizaciones del propietario.*",
cr_whats_new_beta_11,9,"Climate sensor/device tabs, Security groups, and every Energy detail tab now follow the same responsive one-, two-, or three-column masonry rules, including their edit and reorder layouts.","Las pestañas de sensores y dispositivos de Clima, los grupos de Seguridad y todas las pestañas de detalle de Energía ahora siguen las mismas reglas adaptables de mampostería con una, dos o tres columnas, incluso al editar y reordenar.",
cr_whats_new_beta_11,10,Aesthetics-only family editors can no longer change header-pill configuration or the dashboard's people; those functional settings remain controlled by the owner.*,Los editores familiares limitados a la apariencia ya no pueden cambiar la configuración de las etiquetas del encabezado ni las personas del panel; esos ajustes funcionales siguen bajo el control del propietario.*,
cr_whats_new_beta_11,11,"Parental Controls now replaces manual entity-ID entry with Visible and Invisible lists. Admins can select complete Home Assistant domains or individual entities, and global search hides restricted entities and devices. Invisible entries always take precedence.*",Los Controles parentales reemplazan la captura manual de ID de entidades por listas Visible e Invisible. Los administradores pueden seleccionar dominios completos de Home Assistant o entidades individuales; la búsqueda global oculta entidades y dispositivos restringidos. Invisible siempre tiene prioridad.*,don't translate Home Assistant
cr_whats_new_beta_11,12,"Energy setup now imports SmartGateways and DSMR Reader P1 meters even when the Home Assistant Energy dashboard has not been configured and the sensors are not attached to a device. Tariff 1 and tariff 2 readings are recognised separately, and usage charts and period totals add both tariffs together when no single grid import or export sensor is set.","La configuración de Energía ahora importa los medidores P1 de SmartGateways y DSMR Reader aunque no hayas configurado el panel de Energía de Home Assistant y los sensores no pertenezcan a ningún dispositivo. Las tarifas 1 y 2 se reconocen por separado, y las gráficas de consumo y los totales del período suman ambas tarifas cuando no hay un solo sensor de importación o exportación.",don't translate Home Assistant
cr_whats_new_beta_11,13,* HKI 7 Cloud Component integration required.,* Requiere la integración de HKI 7 Cloud Component.,don't translate HKI 7 Cloud
cr_whats_new_beta_10,1,"Visibility rules now work across all widgets and individual items, with time, entity, person, and mixed AND/OR conditions. Admins using a family-shared dashboard can choose whether an item is Visible or Hidden for a selected user. Person conditions use HKI 7 Cloud, whose requirement is shown when it is unavailable. New rules start empty so you choose Time, Entity, or Person.","Las reglas de visibilidad funcionan en todos los widgets y elementos, con condiciones Hora, Entidad, Persona y combinaciones Y/O. Los administradores de un panel familiar compartido pueden hacer que un elemento sea Visible u Oculto para un usuario elegido. Las condiciones Persona usan HKI 7 Cloud y muestran el requisito si falta la integración. Las reglas nuevas empiezan vacías: Hora, Entidad o Persona.",don't translate HKI 7 Cloud
cr_whats_new_beta_10,2,"Room-status counter badges keep a stable two-digit width. Headers responsively fit one, two, or three counters per row like the home-page and person badges, without pushing the title down.","Las insignias de contador del estado de las habitaciones mantienen un ancho estable para dos dígitos. Los encabezados se adaptan a una, dos o tres columnas como las insignias de inicio y de personas, sin empujar el título hacia abajo.",
cr_whats_new_beta_10,3,"Energy setup now recognises SmartGateways and DSMR Reader MQTT sensor names, and choosing a source device refills its separate sensor roles. City heating has dedicated settings, a source tile and detail tab, plus an estimated natural-gas equivalent for J/GJ heat readings.","La configuración de Energía reconoce ahora sensores MQTT de SmartGateways y DSMR Reader. Elegir un dispositivo de origen vuelve a completar los sensores separados. La calefacción urbana incluye ajustes, tarjeta, pestaña de detalles y una estimación del gas equivalente para lecturas en J/GJ.",
cr_whats_new_beta_10,4,"Calendar widget dialogs now use the available height correctly, fixing content that previously occupied only half the settings dialog or was cut off.",Los diálogos del widget Calendario ahora usan correctamente toda la altura disponible; el contenido ya no ocupa solo la mitad ni queda cortado.,
cr_whats_new_beta_10,5,"Re-import settings now use one consistently spelled and localized label across Rooms, Climate, Security, Energy, and Battery. Conditional visibility wording was also corrected in every supported language.","Los ajustes para volver a importar usan ahora la misma etiqueta bien escrita y localizada en Habitaciones, Clima, Seguridad, Energía y Batería. También se corrigió la terminología de visibilidad condicional en todos los idiomas compatibles.",
cr_whats_new_beta_10,6,"Fixed PostNL and the current parcel-integration parser, so incoming shipments once again show their complete tracking details and delivered state. Carrier support has also been brought up to date.",La rotación de pantalla ahora sigue el giro automático del dispositivo en vez de permanecer bloqueada en vertical.,
cr_whats_new_beta_10,7,"Added an in-app language selector with full coverage in 13 languages: Dutch, German, French, Spanish (plus Latin American Spanish), Italian, Turkish, Portuguese (plus Brazilian Portuguese), Japanese, Korean, and Chinese (Simplified and Traditional). Each language shows its native name with an English hint beneath it.","La tarjeta Exterior de Clima aparece con un dispositivo meteorológico incluso sin sensores dedicados, incluye sus atributos de temperatura, humedad y presión en el resumen y los grafica con los colores de sensor correspondientes.",
cr_whats_new_beta_10,8,"The reconnect status now shows the actual connection error, making Wi-Fi, mobile-data, and VPN handovers much easier to diagnose.","Los códigos de estado de los paquetes se muestran como frases normales. Las fechas y horas siguen el idioma y el formato de 12/24 horas, las entregas cercanas usan días de la semana, se omite el año actual y no se repite una misma fecha.",
cr_whats_new_beta_10,9,Screen rotation now follows your device’s auto-rotate setting instead of staying locked to portrait.,"Se corrigió PostNL y el analizador de integración de paquetes actual, por lo que los envíos entrantes vuelven a mostrar sus detalles de seguimiento completos y su estado de entrega. También se actualizó la compatibilidad con transportistas.",
cr_whats_new_beta_10,10,"The Climate ""Outside"" tile now appears as soon as a weather device is linked, even without dedicated sensors, counts its temperature, humidity and pressure attributes in the summary, and graphs them with matching sensor colors.",El selector de idioma de la app ahora ofrece cobertura completa para los 13 idiomas compatibles. Cada idioma muestra su nombre nativo con una indicación en inglés debajo.,
cr_whats_new_beta_10,11,"Parcel status codes are now normal sentences. Dates and times follow the selected language and 12/24-hour preference, nearby deliveries use weekday names, the current year is omitted, and same-day windows no longer repeat the date.","El estado de reconexión ahora muestra el error de conexión real, lo que facilita mucho el diagnóstico de cambios entre Wi-Fi, datos móviles y VPN.",
cr_whats_new_beta_9,1,"Drag to reorder cameras, thermostats, and energy cards. In edit mode the Security, Climate, and Energy views each get a Reorder button for their relevant cards.","Arrastra para reordenar cámaras, termostatos y tarjetas de energía. En modo de edición, las vistas de Seguridad, Clima y Energía tienen ahora un botón Reordenar para sus tarjetas correspondientes.",
cr_whats_new_beta_9,2,"New Climate Outside tile. Link a weather entity or outdoor temperature, humidity, and air-pressure sensors, then open the tile for individual history graphs.","Nuevo bloque de Exterior en Clima. Vincula una entidad meteorológica o sensores de temperatura, humedad y presión exteriores, y luego abre el bloque para ver gráficos de historial individuales.",
cr_whats_new_beta_9,3,"Visibility now belongs to each button and header badge. Hide an item or schedule it once or on a daily, weekly, monthly, or yearly recurrence.","La visibilidad ahora pertenece a cada botón e insignia de encabezado. Oculta un elemento o prográmalo una vez o de forma diaria, semanal, mensual o anual recurrente.",
cr_whats_new_beta_9,4,Header badges can be renamed from Appearance settings.,Las insignias de encabezado se pueden renombrar desde la configuración de Apariencia.,
cr_whats_new_beta_9,5,Swiping cards autoplay every three seconds by default.,Las tarjetas deslizables se reproducen automáticamente cada tres segundos de forma predeterminada.,
cr_whats_new_beta_9,6,"The Weather dialog adds autoplay for Season, a windrose card, and an optional rain-map card from a camera or embedded web page.","El diálogo del Clima agrega reproducción automática para la Estación, una tarjeta de rosa de los vientos y una tarjeta opcional de mapa de lluvia desde una cámara o una página web incorporada.",
cr_whats_new_beta_9,7,"The Parcels widget was rebuilt around carriers, with logos, account totals, shipment sections, estimates, tracking history, and add-by-tracking support where available.","El widget de Paquetes se reconstruyó en torno a los transportistas, con logotipos, totales de cuenta, secciones de envío, estimaciones, historial de seguimiento y compatibilidad para agregar por número de seguimiento donde esté disponible.",
cr_whats_new_beta_9,8,"Humidifiers and dehumidifiers now have native power, humidity, mode, speed, and helper controls throughout the app.","Los humidificadores y deshumidificadores ahora tienen controles nativos de energía, humedad, modo, velocidad y auxiliares en toda la app.",
cr_whats_new_beta_9,9,Room status counters are interactive and open the entities behind each count.,Los contadores de estado de habitación son interactivos y abren las entidades detrás de cada conteo.,
cr_whats_new_beta_9,10,Buttons and badges can show a live countdown from a completion-time entity.,Los botones e insignias pueden mostrar una cuenta regresiva en vivo desde una entidad de hora de finalización.,
cr_whats_new_beta_9,11,Shared dashboards publish owner edits automatically and recipients receive them on their next sync.,Los paneles compartidos publican las ediciones del propietario automáticamente y los destinatarios las reciben en su próxima sincronización.,
cr_whats_new_beta_9,12,Header display settings now belong to each dashboard and travel through backups and family sharing.,La configuración de visualización del encabezado ahora pertenece a cada panel y se traslada con las copias de seguridad y el uso compartido familiar.,
cr_whats_new_beta_9,13,Camera widgets fill the entire tile and follow the configured corner radius.,Los widgets de cámara ahora llenan todo el bloque y siguen el radio de esquina configurado.,
cr_whats_new_beta_9,14,"Waste collections on the same day now overlap visibly, and the larger dialog can be dismissed by tapping outside.","Las recolecciones de residuos el mismo día ahora se superponen visiblemente, y el diálogo ampliado se puede cerrar tocando fuera de él.",
cr_whats_new_beta_9,15,"Battery, Waste, camera, weather, and About visuals are now more consistent.","Los elementos visuales de Batería, Residuos, cámara, clima y Acerca de ahora son más consistentes.",
cr_whats_new_beta_9,16,"Binary sensors use Home Assistant-style Open/Closed, Wet/Dry, Detected/Clear, and Connected/Disconnected labels.","Los sensores binarios usan las etiquetas de Home Assistant Abierto/Cerrado, Húmedo/Seco, Detectado/Despejado y Conectado/Desconectado.",don't translate Home Assistant
cr_whats_new_beta_9,17,"Aesthetic-only editors can change existing badge visuals but cannot add, remove, or reconfigure badges.","Los editores de solo estética pueden cambiar las insignias visuales existentes, pero no pueden agregar, quitar ni reconfigurar insignias.",
cr_whats_new_beta_9,18,Fixed network handovers: sockets tied to the old Android network are discarded and the saved Home Assistant session reconnects without an unnecessary login. Reconnect status also shows the failure reason.,Se corrigieron los cambios de red: los sockets vinculados a la red anterior de Android se descartan y la sesión guardada de Home Assistant se reconecta sin un inicio de sesión innecesario. El estado de reconexión también muestra el motivo del fallo.,don't translate Home Assistant
cr_whats_new_beta_8,1,Child locks are no longer imported automatically as room controls.,Los bloqueos infantiles ya no se importan automáticamente como controles de habitación.,
cr_whats_new_beta_8,2,Every button and badge now honours Home Assistant entity-icon overrides.,Todos los botones e insignias ahora respetan los íconos de entidad personalizados de Home Assistant.,don't translate Home Assistant
cr_whats_new_beta_8,3,Vacuums now appear in the room badge bar and open their controls when tapped.,Las aspiradoras ahora aparecen en la barra de insignias de la habitación y abren sus controles al tocarlas.,
cr_whats_new_beta_8,4,"Individual buttons in multi-item widgets can be hidden or scheduled, including recurring annual date ranges.","Los botones individuales en widgets de varios elementos se pueden ocultar o programar, incluidos rangos de fechas anuales recurrentes.",
cr_whats_new_beta_8,5,Multiple camera badges now open one swipeable dialog with fullscreen paging.,Varias insignias de cámara ahora abren un solo diálogo deslizable con paginación en pantalla completa.,
cr_whats_new_beta_8,6,"Family Sharing now lists cloud-published dashboards so they can be imported, reshared, or deleted after a reinstall.","Family Sharing ahora enumera los paneles publicados en la nube para poder importarlos, volver a compartirlos o eliminarlos tras una reinstalación.",
cr_whats_new_beta_7,1,Automatic room import now skips built-in helper controls while retaining genuine extra controls.,"La importación automática de habitaciones ahora omite los controles auxiliares integrados, conservando los controles adicionales genuinos.",
cr_whats_new_beta_7,2,Climate devices from different integrations are no longer merged into one control.,Los dispositivos de clima de distintas integraciones ya no se combinan en un solo control.,
cr_whats_new_beta_7,3,"Climate-device icons now match air conditioners, humidifiers, dehumidifiers, and air purifiers.","Los íconos de dispositivos de clima ahora corresponden a aires acondicionados, humidificadores, deshumidificadores y purificadores de aire.",
cr_whats_new_beta_7,4,Air-purifier and humidifier icons pulse gently instead of spinning.,Los íconos de purificadores de aire y humidificadores pulsan suavemente en lugar de girar.,
cr_whats_new_beta_7,5,Door locks now use closed-door and open-door icons.,Las cerraduras de puertas ahora usan íconos de puerta cerrada y puerta abierta.,
cr_whats_new_beta_7,6,Multi-device header badges can be reordered to choose their leading entity.,Las insignias de encabezado de varios dispositivos se pueden reordenar para elegir su entidad principal.,
cr_whats_new_beta_7,7,Animated icon effects are enabled by default on new installations.,Los efectos de íconos animados están activados de forma predeterminada en instalaciones nuevas.,
cr_whats_new_beta_7,8,Buttons and badges can display an entity attribute and optional unit instead of its state.,Los botones e insignias pueden mostrar un atributo de entidad y una unidad opcional en lugar de su estado.,
cr_whats_new_beta_7,9,"Dashboards can now be copied with all rooms, widgets, and page settings.","Ahora los paneles se pueden copiar con todas las habitaciones, widgets y configuraciones de página.",
cr_whats_new_beta_7,10,"Family Sharing now combines parental controls, dashboard sharing, and per-user permissions.","Family Sharing ahora combina control parental, panel compartido y permisos por usuario.",
cr_whats_new_beta_7,11,Shared dashboards update automatically while keeping allowed local visual changes.,Los paneles compartidos se actualizan automáticamente conservando los cambios visuales locales permitidos.,
cr_whats_new_beta_7,12,Non-admin family members can use automatic per-room Adaptive Lighting controls when the HKI 7 Cloud component is installed.,Los miembros de la familia sin permisos de administrador pueden usar controles automáticos de iluminación adaptable por habitación cuando el componente HKI 7 Cloud está instalado.,don't translate HKI 7 Cloud
cr_whats_new_beta_7,13,Fixed unreadable header and pull-down labels in light mode and with custom appearances.,Se corrigieron las etiquetas ilegibles del encabezado y del menú desplegable en modo claro y con apariencias personalizadas.,
cr_whats_new_beta_7,14,About now provides What’s new and Full changelog buttons.,Acerca de ahora ofrece los botones Novedades y Registro de cambios completo.,
cr_whats_new_beta_7,15,Fixed the Unable to connect screen so it appears reliably when Home Assistant cannot be reached.,Se corrigió la pantalla No se puede conectar para que aparezca de forma confiable cuando no se puede acceder a Home Assistant.,don't translate Home Assistant
cr_whats_new_beta_6,1,Fixed edit-mode action bars overlapping Android three-button navigation.,Se corrigieron las barras de acción del modo de edición que se superponían con la navegación de tres botones de Android.,
cr_whats_new_beta_6,2,The Backup and Restore screen now shows when each automatic cloud backup last ran.,La pantalla de copia de seguridad y restauración ahora muestra cuándo se ejecutó por última vez cada copia automática en la nube.,
cr_whats_new_beta_6,3,Each cloud backup now has a Back up now button.,Cada copia de seguridad en la nube ahora tiene un botón Hacer copia ahora.,
cr_whats_new_beta_6,4,Fixed the oversized app icon after the themed-icon update.,Se corrigió el ícono de la app con tamaño excesivo tras la actualización de íconos temáticos.,
cr_whats_new_beta_4_to_5,1,The Backup and Restore screen now shows when each automatic cloud backup last ran.,La pantalla de copia de seguridad y restauración ahora muestra cuándo se ejecutó por última vez cada copia automática en la nube.,
cr_whats_new_beta_4_to_5,2,Each cloud backup now has a Back up now button.,Cada copia de seguridad en la nube ahora tiene un botón Hacer copia ahora.,
cr_whats_new_beta_4_to_5,3,Fixed the oversized app icon after the themed-icon update.,Se corrigió el ícono de la app con tamaño excesivo tras la actualización de íconos temáticos.,
cr_whats_new_beta_3,1,"Added Simple Icons, Tabler, and Phosphor icon packs alongside Material Design Icons.","Se agregaron los paquetes de íconos Simple Icons, Tabler y Phosphor junto a Material Design Icons.",
cr_whats_new_beta_3,2,"Added animated entity icons that glow, spin, or pulse while active.","Se agregaron íconos de entidad animados que resplandecen, giran o pulsan mientras están activos.",
cr_whats_new_beta_3,3,Added family dashboard sharing for admins.*,Se agregó la función de compartir el panel familiar para administradores.*,
cr_whats_new_beta_3,4,Added parental controls that can hide selected views and rooms for specific people.*,Se agregó control parental que puede ocultar vistas y habitaciones seleccionadas para personas específicas.*,
cr_whats_new_beta_3,5,Added automatic daily backup to your own Home Assistant.*,Se agregó la copia de seguridad diaria automática en tu propio Home Assistant.*,don't translate Home Assistant
cr_whats_new_beta_3,6,Media-source icons are colored and can open the installed source app.,Los íconos de fuentes multimedia ahora tienen color y pueden abrir la app de la fuente instalada.,
cr_whats_new_beta_3,7,New iFrame widget for embedding web pages.,Nuevo widget de iFrame para insertar páginas web.,
cr_whats_new_beta_3,8,Energy views now show negative values while exporting power.,Las vistas de energía ahora muestran valores negativos al exportar energía.,
cr_whats_new_beta_3,9,Fixed onboarding completing when switching away before finishing.,Se corrigió que la incorporación se completara al salir antes de terminar.,
cr_whats_new_beta_3,10,Fixed the thermostat-dial mode button overlapping nearby items.,Se corrigió el botón de modo del disco del termostato que se superponía con elementos cercanos.,
cr_whats_new_beta_3,11,Many smaller bug fixes.,Muchas otras correcciones menores.,
cr_whats_new_beta_3,12,* HKI 7 Cloud Component integration required.,* Requiere la integración de HKI 7 Cloud Component.,don't translate HKI 7 Cloud
cr_whats_new_beta_2,1,"Improved layouts on short and narrow displays, with a single-column fallback throughout the app.","Se mejoraron los diseños en pantallas cortas y estrechas, con un diseño de una sola columna en toda la app.",
cr_whats_new_beta_2,2,Dialog headers use two rows on narrow screens so titles are no longer cut off.,Los encabezados de los diálogos usan dos filas en pantallas estrechas para que los títulos ya no se corten.,
cr_whats_new_beta_2,3,Fixed Adaptive Lighting sliders overlapping other elements.,Se corrigieron los controles deslizantes de iluminación adaptable que se superponían con otros elementos.,
cr_whats_new_beta_2,4,Navigation bars now indicate when more items are available off-screen.,Las barras de navegación ahora indican cuándo hay más elementos disponibles fuera de pantalla.,
cr_whats_new_beta_2,5,Fixed cameras ignoring the screen-orientation lock.,Se corrigió que las cámaras ignoraran el bloqueo de orientación de pantalla.,
cr_whats_new_beta_2,6,Fixed zoom in camera dialogs and fullscreen cameras.,Se corrigió el zoom en los diálogos de cámara y las cámaras en pantalla completa.,
global_search_browse_entities,one,Browse %1$d entity on this device,Explorar %1$d entidad en este dispositivo,app fills in %1$d — keep them
global_search_browse_entities,other,Browse %1$d entities on this device,Explorar %1$d entidades en este dispositivo,app fills in %1$d — keep them
global_search_entity_count,one,%1$d entity,%1$d entidad,app fills in %1$d — keep them
global_search_entity_count,other,%1$d entities,%1$d entidades,app fills in %1$d — keep them
rooms_count,one,%1$d room,%1$d habitación,app fills in %1$d — keep them
rooms_count,other,%1$d rooms,%1$d habitaciones,app fills in %1$d — keep them
core_system,,System,Sistema,
core_greeting_morning,,Good Morning,Buenos días,
core_greeting_afternoon,,Good Afternoon,Buenas tardes,
core_greeting_evening,,Good Evening,Buenas noches,
core_greeting_night,,Good Night,Buenas noches,
core_last_seen_just_now,,Last seen just now,Visto por última vez justo ahora,
core_no_media_playing,,No media is playing,No hay nada reproduciéndose,
core_media_players_playing,one,%1$d media player is playing,%1$d reproductor multimedia está reproduciendo,app fills in %1$d — keep them
core_media_players_playing,other,%1$d media players are playing,%1$d reproductores multimedia están reproduciendo,app fills in %1$d — keep them
core_last_seen_minutes,one,Last seen %1$d minute ago,Visto por última vez hace %1$d minuto,app fills in %1$d — keep them
core_last_seen_minutes,other,Last seen %1$d minutes ago,Visto por última vez hace %1$d minutos,app fills in %1$d — keep them
core_last_seen_hours,one,Last seen %1$d hour ago,Visto por última vez hace %1$d hora,app fills in %1$d — keep them
core_last_seen_hours,other,Last seen %1$d hours ago,Visto por última vez hace %1$d horas,app fills in %1$d — keep them
core_last_seen_days,one,Last seen %1$d day ago,Visto por última vez hace %1$d día,app fills in %1$d — keep them
core_last_seen_days,other,Last seen %1$d days ago,Visto por última vez hace %1$d días,app fills in %1$d — keep them
core_last_seen_weeks,one,Last seen %1$d week ago,Visto por última vez hace %1$d semana,app fills in %1$d — keep them
core_last_seen_weeks,other,Last seen %1$d weeks ago,Visto por última vez hace %1$d semanas,app fills in %1$d — keep them
dlg_1_advanced_shorthand_block_kept_unchanged,,1 advanced shorthand block (kept unchanged),1 bloque abreviado avanzado (sin cambios),
dlg_24_hour_format,,24-Hour Format,Formato de 24 horas,
dlg_action_count,,%1$s action,%1$s acción,app fills in %1$s — keep them
dlg_action,,Action,Acción,
dlg_action_data,,Action data,Datos de la acción,
dlg_action_data_object,,Action data object,Objeto de datos de la acción,
dlg_action_details,,Action details,Detalles de la acción,
dlg_adapt_now,,Adapt now,Adaptar ahora,
dlg_adaptive_lighting,,Adaptive Lighting,Iluminación adaptable,
dlg_adaptive_lighting_is_unavailable,,Adaptive Lighting is unavailable,La iluminación adaptable no está disponible,
dlg_add_4_10_entity_buttons_to_this_dialog_s,,Add 4–10 entity buttons to this dialog's nav bar.,Agrega de 4 a 10 botones de entidad a la barra de navegación de este diálogo.,
dlg_add,,Add,Agregar,
dlg_add_at_least_one_step,,Add at least one step,Agrega al menos un paso,
dlg_add_button,,Add button,Agregar botón,
dlg_add_custom_buttons,,Add Custom Buttons,Agregar botones personalizados,
dlg_add_more_for_a_full_row,,Add %1$s more for a full row.,Agrega %1$s más para completar una fila.,app fills in %1$s — keep them
dlg_add_to,,Add to %1$s,Agregar a %1$s,app fills in %1$s — keep them
dlg_advanced,,Advanced,Avanzado,
dlg_advanced_action_data_json,,Advanced action data (JSON),Datos avanzados de la acción (JSON),
dlg_advanced_shorthand_blocks_kept_unchanged,,%1$s advanced shorthand blocks (kept unchanged),%1$s bloques abreviados avanzados (sin cambios),app fills in %1$s — keep them
dlg_alarm_entities,,Alarm entities,Entidades de alarma,
dlg_alarm_pending,,Alarm pending,Alarma pendiente,
dlg_alignment,,Alignment,Alineación,
dlg_always,,Always,Siempre,
dlg_any_state,,Any state,Cualquier estado,
dlg_appearance,,Appearance,Apariencia,
dlg_apply,,Apply,Aplicar,
dlg_aspect_ratio,,Aspect ratio,Relación de aspecto,
dlg_astronomical_tap_or_swipe,,Astronomical · tap or swipe,Astronómico · toca o desliza,
dlg_auto,,Auto,Automático,
dlg_auto_none,,Auto / none,Automático / ninguno,
dlg_auto_scan,,Auto-scan,Escaneo automático,
dlg_automation,,Automation,Automatización,
dlg_back,,Back,Atrás,
dlg_backspace,,Backspace,Retroceso,
dlg_badge_bar_layout,,Badge bar layout,Diseño de la barra de insignias,
dlg_batt,,Batt,Bat.,
dlg_battery_value,,Battery: %1$s,Batería: %1$s,app fills in %1$s — keep them
dlg_built_in,,Built-in,Integrado,
dlg_cancel,,Cancel,Cancelar,
dlg_cancel_arming,,Cancel arming,Cancelar armado,
dlg_change,,Change,Cambiar,
dlg_choose_a_side_when_the_badge_bar_is_split,,Choose a side when the badge bar is split,Elige un lado cuando la barra de insignias esté dividida,
dlg_choose_a_state,,Choose a state,Elige un estado,
dlg_condition,,Condition,Condición,
dlg_condition_is,,Is,Es,
dlg_condition_is_not,,Is not,No es,
dlg_condition_state,,State,Estado,
dlg_vis_and,,AND,Y,
dlg_vis_conditional,,Conditional,Condicional,
dlg_vis_entity_state,,Entity state,Estado de la entidad,
dlg_vis_person,,Person,Persona,
dlg_visible,,Visible,Visible,
dlg_choose_person,,Choose person,Elegir persona,
dlg_person_condition_hint,,Matches the signed-in Home Assistant user. This rule travels with a shared dashboard.,Coincide con el usuario de Home Assistant que inició sesión. Esta regla se incluye en un panel compartido.,don't translate Home Assistant
dlg_person_requires_hki7_cloud,,Person visibility requires the HKI 7 Cloud component. Install it to select Home Assistant users here.,La visibilidad por persona requiere el componente HKI 7 Cloud. Instálalo para elegir aquí usuarios de Home Assistant.,"don't translate HKI 7 Cloud, Home Assistant"
dlg_vis_match,,Match,Fósforo,
dlg_vis_match_all,,All rules,Todas las reglas,
dlg_vis_match_any,,Any rule,cualquier regla,
dlg_vis_or,,OR,O,
dlg_vis_time_schedule,,Time schedule,Horario,
dlg_choose_a_visual_home_assistant_block,,Choose a visual Home Assistant block,Elige un bloque visual de Home Assistant,don't translate Home Assistant
dlg_choose_action,,Choose action,Elegir acción,
dlg_choose_an_action,,Choose an action,Elige una acción,
dlg_choose_an_entity,,Choose an entity,Elige una entidad,
dlg_choose_an_entity_first,,Choose an entity first,Elige primero una entidad,
dlg_choose_entity,,Choose entity,Elegir entidad,
dlg_choose_the_home_assistant_entities_that_drive_this_room,,Choose the Home Assistant entities that drive this room's live indicators. Indicators only appear while they are active.,Elige las entidades de Home Assistant que controlan los indicadores en vivo de esta habitación. Los indicadores solo aparecen mientras están activos.,don't translate Home Assistant
dlg_choose_the_profile_for_this_light,,Choose the profile for this light,Elige el perfil para esta luz,
dlg_choose_what_this_action_should_control,,Choose what this action should control,Elige qué debe controlar esta acción,
dlg_choose_what_this_badge_summarizes,,Choose what this badge summarizes,Elige lo que resume esta insignia,
dlg_choose_what_this_header_pill_shows,,Choose what this header pill shows,Elige lo que muestra esta píldora de encabezado,
dlg_clear,,Clear,Despejado,
dlg_clear_rooms_view,,Clear rooms view?,¿Borrar la vista de habitaciones?,
dlg_climate_dialog_control,,Climate dialog control,Control del diálogo de clima,
dlg_climate_sources_take_priority_and_use_their_current_temper,,Climate sources take priority and use their current_temperature and current_humidity values. ,Las fuentes de clima tienen prioridad y usan sus valores current_temperature y current_humidity. ,keep the space at the start/end
dlg_climate_summary,,Climate summary,Resumen de clima,
dlg_close,,Close,Cerrar,
dlg_confirm,,Confirm,Confirmar,
dlg_controls_light_in_this_profile,,Controls %1$s light%2$s in this profile.,Controla %1$s luz%2$s en este perfil.,app fills in %1$s %2$s — keep them
dlg_countdown_timer,,Countdown timer,Temporizador de cuenta regresiva,
dlg_create_a_flow,,Create a flow,Crear un flujo,
dlg_current,,Current %1$s%%,Actual %1$s%%,app fills in %1$s — keep them
dlg_current_weather,,Current weather,Clima actual,
dlg_custom,,Custom,Personalizado,
dlg_custom_buttons,,Custom buttons,Botones personalizados,
dlg_custom_value,,Custom %1$s,%1$s personalizado,app fills in %1$s — keep them
dlg_custom_name,,Custom name,Nombre personalizado,
dlg_custom_seconds,,Custom seconds,Segundos personalizados,
dlg_custom_state,,Custom state...,Estado personalizado...,
dlg_date,,Date,Fecha,
dlg_day_to,,%1$s day%2$s to %3$s,%1$s día%2$s a %3$s,app fills in %1$s %2$s %3$s — keep them
dlg_delete_automation,,Delete automation?,¿Eliminar automatización?,
dlg_delete,,Delete,Eliminar,
dlg_description,,Description,Descripción,
dlg_details,,Details,Detalles,
dlg_device_value,,Device: %1$s,Dispositivo: %1$s,app fills in %1$s — keep them
dlg_device,,Device,Dispositivo,
dlg_direction,,Direction —,Dirección —,
dlg_display,,Display,Pantalla,
dlg_display_linked_entities_and_dialog_layout,,"Display, linked entities, and dialog layout","Pantalla, entidades vinculadas y diseño del diálogo",
dlg_display_mode,,Display mode,Modo de visualización,
dlg_display_order,,Display order,Orden de visualización,
dlg_done,,Done,Listo,
dlg_door_sensors,,Door sensors,Sensores de puerta,
dlg_edit,,Edit,Editar,
dlg_empty_bin,,Empty bin: %1$s,Vaciar contenedor: %1$s,app fills in %1$s — keep them
dlg_end,,End: %1$s,Fin: %1$s,app fills in %1$s — keep them
dlg_enter_a_valid_json_object,,Enter a valid JSON object,Ingresa un objeto JSON válido,
dlg_enter_code,,Enter code,Ingresa el código,
dlg_enter_the_same_data_object_home_assistant_shows_in,,Enter the same data object Home Assistant shows in YAML. JSON is used here so values keep their exact type.,Ingresa el mismo objeto de datos que Home Assistant muestra en YAML. Aquí se usa JSON para que los valores conserven su tipo exacto.,don't translate Home Assistant
dlg_entities_count,,Entities (%1$s),Entidades (%1$s),app fills in %1$s — keep them
dlg_entities_appearance_and_interactions,,"Entities, appearance, and interactions","Entidades, apariencia e interacciones",
dlg_entities,,Entities,Entidades,
dlg_entities_that_signal_activity_or_safety_states,,Entities that signal activity or safety states,Entidades que indican actividad o estados de seguridad,
dlg_entity_integrations,,Entity integrations,Integraciones de entidades,
dlg_entity_name,,Entity name,Nombre de la entidad,
dlg_entity_picture,,Entity picture,Imagen de la entidad,
dlg_event,,Event,Evento,
dlg_exact_text_or_number_reported_by_home_assistant,,Exact text or number reported by Home Assistant,Texto o número exacto informado por Home Assistant,don't translate Home Assistant
dlg_exit_full_screen,,Exit full screen,Salir de pantalla completa,
dlg_floor,,Floor,Piso,
dlg_floor_assignment,,Floor assignment,Asignación de piso,
dlg_flows,,Flows,Flujos,
dlg_forecast,,Forecast,Pronóstico,
dlg_forget_selection,,Forget selection,Olvidar selección,
dlg_forward,,Forward,Adelante,
dlg_from,,From %1$s,Desde %1$s,app fills in %1$s — keep them
dlg_from_state,,From state,Desde el estado,
dlg_full_day_name,,Full Day Name,Nombre completo del día,
dlg_group_light_paused_for_manual_control,,%1$s group light%2$s paused for manual control.,%1$s luz%2$s del grupo en pausa para control manual.,app fills in %1$s %2$s — keep them
dlg_header_appearance,,Header appearance,Apariencia del encabezado,
dlg_header_custom_color_rrggbb,,Header custom color (#RRGGBB),Color personalizado del encabezado (#RRGGBB),
dlg_header_pill,,Header pill,Píldora de encabezado,
dlg_hidden,,Hidden,Oculto,
dlg_hidden_during,,Hidden during,Oculto durante,
dlg_hide_this_badge_or_schedule_when_it_appears,,"Hide this badge, or schedule when it appears",Oculta esta insignia o programa cuándo aparece,
dlg_https,,https://…,https://…,
dlg_humidity,,Humidity,Humedad,
dlg_icon,,Icon,Ícono,
dlg_icon_animation,,Icon animation,Animación del ícono,
dlg_icon_value,,Icon: %1$s,Ícono: %1$s,app fills in %1$s — keep them
dlg_identity,,Identity,Identidad,
dlg_identity_presentation_indicators_and_maintenance,,"Identity, presentation, indicators, and maintenance","Identidad, presentación, indicadores y mantenimiento",
dlg_import_only_rooms_that_have_not_been_edited_or,,"Import only rooms that have not been edited, or rebuild everything. Rebuilding removes all edited rooms and floors before importing them from scratch.","Importa solo las habitaciones que no se han editado, o reconstruye todo. Reconstruir elimina todas las habitaciones y pisos editados antes de importarlos desde cero.",
dlg_import_unedited,,Import unedited,Importar sin editar,
dlg_interactions,,Interactions,Interacciones,
dlg_is,, is, es,keep the space at the start/end
dlg_items,,%1$s items,%1$s elementos,app fills in %1$s — keep them
dlg_last_run,,Last run %1$s,Última ejecución %1$s,app fills in %1$s — keep them
dlg_left,,Left,Izquierda,
dlg_left_side_overflows_right,,Left side overflows right,El lado izquierdo se desborda hacia la derecha,
dlg_live,,Live,En vivo,
dlg_live_uppercase,,LIVE,EN VIVO,
dlg_live_indicators,,Live indicators,Indicadores en vivo,
dlg_loading_actions,,Loading actions…,Cargando acciones…,
dlg_lunar_phase,,Lunar phase,Fase lunar,
dlg_map,,Map,Mapa,
dlg_map_value,,Map: %1$s,Mapa: %1$s,app fills in %1$s — keep them
dlg_media,,Media,Multimedia,
dlg_media_browsing_isn_t_available_for_this_player,,Media browsing isn't available for this player.,La exploración de contenido multimedia no está disponible para este reproductor.,
dlg_media_library,,Media library,Biblioteca multimedia,
dlg_media_players,,Media players,Reproductores multimedia,
dlg_meteorological_tap_or_swipe,,Meteorological · tap or swipe,Meteorológico · toca o desliza,
dlg_mm,,%1$s mm,%1$s mm,app fills in %1$s — keep them
dlg_modes,,Modes,Modos,
dlg_moon,,Moon,Luna,
dlg_move_down,,Move down,Mover abajo,
dlg_move_up,,Move up,Mover arriba,
dlg_multiple_climate_values_are_averaged_separate_sensor_value,,Multiple climate values are averaged. Separate sensor values are averaged only when no climate source is selected.,Varios valores de clima se promedian. Los valores de sensores individuales solo se promedian cuando no hay una fuente de clima seleccionada.,
dlg_name,,Name,Nombre,
dlg_name_and_icon_used_throughout_the_app,,Name and icon used throughout the app,Nombre e ícono usados en toda la app,
dlg_name_optional,,Name (optional),Nombre (opcional),
dlg_native_home_assistant_automations_always_in_sync,,"Native Home Assistant automations, always in sync","Automatizaciones nativas de Home Assistant, siempre sincronizadas",don't translate Home Assistant
dlg_never_triggered,,Never triggered,Nunca activada,
dlg_new_flow,,New flow,Nuevo flujo,
dlg_next_camera,,Next camera,Cámara siguiente,
dlg_no_conditions_this_flow_always_continues,,No conditions — this flow always continues,Sin condiciones: este flujo siempre continúa,
dlg_no_door_sensor,,No door sensor,Sin sensor de puerta,
dlg_no_forecast_available,,No forecast available,No hay pronóstico disponible,
dlg_no_matching_automations,,No matching automations,No hay automatizaciones coincidentes,
dlg_no_native_home_assistant_automations_found,,No native Home Assistant automations found,No se encontraron automatizaciones nativas de Home Assistant,don't translate Home Assistant
dlg_no_profile_available,,No profile available,No hay perfil disponible,
dlg_no_stream_available,,No stream available,No hay transmisión disponible,
dlg_no_supported_alarm_modes_reported_by_this_entity,,No supported alarm modes reported by this entity,Esta entidad no informa modos de alarma compatibles,
dlg_no_target,,No target,Sin objetivo,
dlg_none,,None,Ninguno,
dlg_none_timer_follows_the_completion_time_only,,None — timer follows the completion time only,Ninguno: el temporizador sigue solo la hora de finalización,
dlg_not_loaded_by_home_assistant,,Not loaded by Home Assistant,No cargado por Home Assistant,don't translate Home Assistant
dlg_nothing_here,,Nothing here.,Nada por aquí.,
dlg_off_uppercase,,OFF,APAGADO,
dlg_off,,Off,Apagado,
dlg_on_uppercase,,ON,ENCENDIDO,
dlg_on,,On,Encendido,
dlg_percent_on,,%1$s%% • ON,%1$s%% • ENCENDIDO,app fills in %1$s — keep them
dlg_open_camera_full_screen,,Open camera full screen,Abrir cámara en pantalla completa,
dlg_open,,Open,Abierto,
dlg_optional_controls_and_sensors_for_richer_dialogs,,Optional controls and sensors for richer dialogs,Controles y sensores opcionales para diálogos más completos,
dlg_optional_fields_passed_to_home_assistant,,Optional fields passed to Home Assistant,Campos opcionales enviados a Home Assistant,don't translate Home Assistant
dlg_optional_label_shown_when_name_is_enabled_above,,"Optional label shown when ""Name"" is enabled above","Etiqueta opcional que se muestra cuando \""Nombre\"" está activado arriba",
dlg_oscillate,,Oscillate,Oscilar,
dlg_pause,,Pause,Pausar,
dlg_pause_adaptation,,Pause adaptation,Pausar adaptación,
dlg_pending_timer,,Pending timer,Temporizador pendiente,
dlg_pick_a_source_device_or_fine_tune_individual_roles,,Pick a source device or fine-tune individual roles,Elige un dispositivo de origen o ajusta funciones individuales,
dlg_place_this_room_in_the_correct_floor_group,,Place this room in the correct floor group,Coloca esta habitación en el grupo de piso correcto,
dlg_placement,,Placement,Ubicación,
dlg_players_summarized_by_the_room_header_and_card,,Players summarized by the room header and card,Reproductores resumidos por el encabezado y la tarjeta de la habitación,
dlg_please_wait,,Please wait…,Por favor espera…,
dlg_precipitation,,Precipitation,Precipitación,
dlg_presets_uppercase,,PRESETS,PREAJUSTES,
dlg_presets,,Presets,Preajustes,
dlg_previous_camera,,Previous camera,Cámara anterior,
dlg_profile,,Profile,Perfil,
dlg_profile_switches_affect_every_light_assigned_to,,Profile switches affect every light assigned to %1$s.,Los interruptores de perfil afectan a todas las luces asignadas a %1$s.,app fills in %1$s — keep them
dlg_rain,,Rain,Lluvia,
dlg_rain_map,,Rain map,Mapa de lluvia,
dlg_rain_map_url_iframe,,Rain map URL (iframe),URL del mapa de lluvia (iframe),
dlg_re_import_rooms,,Re-import rooms,Reimportar habitaciones,
dlg_read_only_home_assistant_automation,,Read-only Home Assistant automation,Automatización de Home Assistant de solo lectura,don't translate Home Assistant
dlg_recipes_create_regular_home_assistant_automations_you_can,,Recipes create regular Home Assistant automations. You can continue editing them in either HKI7 or Home Assistant.,Las recetas crean automatizaciones normales de Home Assistant. Puedes seguir editándolas en HKI7 o en Home Assistant.,"don't translate Home Assistant, HKI7"
dlg_remove,,Remove,Eliminar,
dlg_remove_edits_and_import_all,,Remove edits and import all,Eliminar ediciones e importar todo,
dlg_repeat,,Repeat,Repetir,
dlg_repeats_every_day_only_the_time_of_day_is,,Repeats every day — only the time of day is used.,Se repite todos los días; solo se usa la hora del día.,
dlg_repeats_every_month_only_the_day_of_the_month,,Repeats every month — only the day of the month and time are used.,Se repite cada mes; solo se usan el día del mes y la hora.,
dlg_repeats_every_week_only_the_weekday_and_time_are,,Repeats every week — only the weekday and time are used.,Se repite cada semana; solo se usan el día de la semana y la hora.,
dlg_repeats_every_year_the_year_is_ignored_so_e,,"Repeats every year — the year is ignored, so e.g. 24–26 Dec recurs each Christmas.","Se repite cada año; el año se ignora, por lo que, por ejemplo, 24–26 de dic. se repite cada Navidad.",
dlg_required,, (required), (obligatorio),keep the space at the start/end
dlg_required_state,,Required state,Estado obligatorio,
dlg_resume_adaptation,,Resume adaptation,Reanudar adaptación,
dlg_resume,,Resume,Reanudar,
dlg_reverse,,Reverse,Invertir,
dlg_right,,Right,Derecha,
dlg_right_side_overflows_left,,Right side overflows left,El lado derecho se desborda hacia la izquierda,
dlg_room_areas,,Room areas,Áreas de la habitación,
dlg_room_climate,,Room climate,Clima de la habitación,
dlg_room_name,,Room name,Nombre de la habitación,
dlg_run_mode,,Run mode,Modo de ejecución,
dlg_running_state_entity,,Running-state entity,Entidad de estado de ejecución,
dlg_s_are,,s are,s son,
dlg_save,,Save,Guardar,
dlg_save_in_home_assistant,,Save in Home Assistant,Guardar en Home Assistant,don't translate Home Assistant
dlg_saved_directly_in_the_native_automation,,Saved directly in the native automation,Guardado directamente en la automatización nativa,
dlg_scheduled,,Scheduled,Programado,
dlg_search_actions,,Search actions,Buscar acciones,
dlg_search_automations,,Search automations,Buscar automatizaciones,
dlg_season,,Season,Estación,
dlg_select,,Select %1$s,Seleccionar %1$s,app fills in %1$s — keep them
dlg_select_a_mode_to_continue,,Select a mode to continue,Selecciona un modo para continuar,
dlg_select_battery_sensor,,Select Battery Sensor,Seleccionar sensor de batería,
dlg_select_door_sensor,,Select Door Sensor,Seleccionar sensor de puerta,
dlg_select_empty_bin_control,,Select Empty Bin Control,Seleccionar control de vaciar contenedor,
dlg_select_entities,,Select Entities,Seleccionar entidades,
dlg_select_entity,,Select Entity,Seleccionar entidad,
dlg_select_map_camera,,Select Map Camera,Seleccionar cámara de mapa,
dlg_select_media_players,,Select Media Players,Seleccionar reproductores multimedia,
dlg_select_running_state_entity,,Select running-state entity,Seleccionar entidad de estado de ejecución,
dlg_select_target_entity,,Select Target Entity,Seleccionar entidad de destino,
dlg_select_the_alarm_panels_summarized_by_this_pill,,Select the alarm panels summarized by this pill,Selecciona los paneles de alarma resumidos por esta píldora,
dlg_select_vacuum_entity,,Select Vacuum Entity,Seleccionar entidad de aspiradora,
dlg_select_water_level,,Select Water Level,Seleccionar nivel de agua,
dlg_selected,,%1$s · Selected,%1$s · Seleccionado,app fills in %1$s — keep them
dlg_set,,Set,Establecer,
dlg_shape,,Shape,Forma,
dlg_shape_visible_information_and_icon_behavior,,"Shape, visible information, and icon behavior","Forma, información visible y comportamiento del ícono",
dlg_show_a_descending_timer_when_the_value_is_a,,"Show a descending timer when the value is a completion time (e.g. a washer/dryer finish time). Active while counting, off at zero.","Muestra un temporizador descendente cuando el valor es una hora de finalización (por ejemplo, la hora en que termina una lavadora/secadora). Activo mientras cuenta, apagado en cero.",
dlg_show_a_live_radar_rain_map_card_a_camera,,Show a live radar/rain map card — a camera entity or an embedded web page (iframe),Muestra una tarjeta de radar/mapa de lluvia en vivo: una entidad de cámara o una página web incorporada (iframe),
dlg_show_badge_bar,,Show badge bar,Mostrar barra de insignias,
dlg_show_the_entity_s_state_or_one_of_its,,"Show the entity's state, or one of its attributes instead.","Muestra el estado de la entidad, o uno de sus atributos en su lugar.",
dlg_side_split_alignment,,Side (split alignment),Lado (alineación dividida),
dlg_snapshot,,Snapshot,Instantánea,
dlg_span_badges,,Span badges,Insignias que abarcan,
dlg_speed,,SPEED,VELOCIDAD,
dlg_start,,Start: %1$s,Inicio: %1$s,app fills in %1$s — keep them
dlg_start_with_a_useful_recipe_then_adjust_each_step,,"Start with a useful recipe, then adjust each step",Comienza con una receta útil y luego ajusta cada paso,
dlg_state,,State,Estado,
dlg_state_text,,State text,Texto de estado,
dlg_switch,,SWITCH,INTERRUPTOR,
dlg_tap_hold_and_dialog_quick_actions,,"Tap, hold, and dialog quick actions","Acciones rápidas de toque, mantener presionado y diálogo",
dlg_target_range_percent,,TARGET (%1$s–%2$s%%),OBJETIVO (%1$s–%2$s%%),app fills in %1$s %2$s — keep them
dlg_target,,Target,Objetivo,
dlg_target_entity_optional,,Target entity (optional),Entidad de destino (opcional),
dlg_temperature,,Temperature,Temperatura,
dlg_temperature_and_humidity_sources_for_the_room,,Temperature and humidity sources for the room,Fuentes de temperatura y humedad para la habitación,
dlg_that_profile,,that profile,ese perfil,
dlg_the_exact_dates_you_pick_leave_a_bound_as,,"The exact dates you pick. Leave a bound as ""Any"" for an open-ended range.","Las fechas exactas que elijas. Deja un límite como \""Cualquiera\"" para un rango abierto.",
dlg_the_room_header_and_card_show_a_single_player,,"The room header and card show a single player's media, or an active-player count when multiple players are selected.","El encabezado y la tarjeta de la habitación muestran el contenido de un solo reproductor, o un conteo de reproductores activos cuando hay varios seleccionados.",
dlg_thermostat_dial,,Thermostat dial,Disco del termostato,
dlg_this_action_does_not_use_an_entity_target,,This action does not use an entity target.,Esta acción no usa una entidad de destino.,
dlg_this_action_has_no_required_target_or_additional_fields,,This action has no required target or additional fields.,Esta acción no tiene objetivo obligatorio ni campos adicionales.,
dlg_this_automation_is_managed_outside_home_assistant_s_ui,,"This automation is managed outside Home Assistant's UI (usually YAML). HKI7 can show it, but will not overwrite it.","Esta automatización se gestiona fuera de la interfaz de Home Assistant (por lo general en YAML). HKI7 puede mostrarla, pero no la sobrescribirá.","don't translate Home Assistant, HKI7"
dlg_this_entity,,This entity,Esta entidad,
dlg_this_light_is_paused_for_manual_control,,This light is paused for manual control.,Esta luz está en pausa para control manual.,
dlg_this_removes_all_imported_rooms_and_floors_from_this,,This removes all imported rooms and floors from this view.,Esto elimina todas las habitaciones y pisos importados de esta vista.,
dlg_this_removes_the_native_automation_from_home_assistant_thi,,This removes the native automation from Home Assistant. This cannot be undone from HKI7.,Esto elimina la automatización nativa de Home Assistant. Esta acción no se puede deshacer desde HKI7.,"don't translate Home Assistant, HKI7"
dlg_time,,Time,Hora,
dlg_to_state,,To state,Al estado,
dlg_turn_on,,Turn On,Encender,
dlg_unit,,Unit,Unidad,
dlg_untitled,,Untitled,Sin título,
dlg_url_https,,URL (https://…),URL (https://…),
dlg_vacuum_entities,,Vacuum entities,Entidades de aspiradora,
dlg_vertical_slider,,Vertical slider,Control deslizante vertical,
dlg_visibility,,Visibility,Visibilidad,
dlg_visibility_alignment_and_overflow_behavior,,"Visibility, alignment, and overflow behavior","Visibilidad, alineación y comportamiento de desbordamiento",
dlg_visible_during,,Visible during,Visible durante,
dlg_waiting_for_home_assistant,,Waiting for Home Assistant,Esperando a Home Assistant,don't translate Home Assistant
dlg_wallpaper_and_optional_custom_color,,Wallpaper and optional custom color,Fondo de pantalla y color personalizado opcional,
dlg_wallpaper_url_or_path,,Wallpaper URL or path,URL o ruta del fondo de pantalla,
dlg_water_value,,Water: %1$s,Agua: %1$s,app fills in %1$s — keep them
dlg_water,,Water,Agua,
dlg_weather_details,,Weather details,Detalles del clima,
dlg_weather_entities,,Weather entities,Entidades meteorológicas,
dlg_when,,When,Cuando,
dlg_when_and_if_then,,When · And if · Then,Cuando · Y si · Entonces,
dlg_widget_width,,Widget width,Ancho del widget,
dlg_wind,,Wind,Viento,
dlg_any,,Any,Cualquiera,
dlg_once,,Once,Una vez,
dlg_daily,,Daily,Diario,
dlg_weekly,,Weekly,Semanal,
dlg_monthly,,Monthly,Mensual,
dlg_yearly,,Yearly,Anual,
dlg_default,,Default,Predeterminado,
dlg_toggle,,Toggle,Alternar,
dlg_more_information,,More information,Más información,
dlg_navigate,,Navigate,Navegar,
dlg_url,,URL,URL,
dlg_home,,Home,Presente,
dlg_rooms,,Rooms,Habitaciones,
dlg_energy,,Energy,Energía,
dlg_climate,,Climate,Clima,
dlg_security,,Security,Seguridad,
dlg_battery,,Battery,Batería,
dlg_settings,,Settings,Configuración,
dlg_room_value,,Room · %1$s,Habitación · %1$s,app fills in %1$s — keep them
dlg_could_not_load_home_assistant_actions,,Could not load Home Assistant actions,No se pudieron cargar las acciones de Home Assistant,don't translate Home Assistant
dlg_show_entity_default_this_one,,Show entity (default: this one),Mostrar entidad (predeterminado: esta),
dlg_target_entity_default_this_one,,Target entity (default: this one),Entidad de destino (predeterminado: esta),
dlg_select_destination,,Select destination,Seleccionar destino,
dlg_choose_target,,Choose target,Elegir objetivo,
dlg_target_and_action_data,,Target and action data,Objetivo y datos de la acción,
dlg_tap,,Tap,Tocar,
dlg_hold,,Hold,Mantener,
dlg_double_tap,,Double tap,Doble toque,
dlg_alarm_disarmed,,Disarmed,Desarmado,
dlg_alarm_armed_home,,Armed home,Armado en casa,
dlg_alarm_armed_away,,Armed away,Armado fuera,
dlg_alarm_armed_night,,Armed night,Armado de noche,
dlg_alarm_armed_vacation,,Armed vacation,Armado vacaciones,
dlg_alarm_armed_custom,,Armed (custom),Armado (personalizado),
dlg_alarm_arming,,Arming…,Armando…,
dlg_alarm_disarming,,Disarming…,Desarmando…,
dlg_alarm_triggered,,TRIGGERED,ACTIVADA,
dlg_alarm_disarmed_message,,Alarm disarmed,Alarma desarmada,
dlg_alarm_command,,Alarm command,Comando de alarma,
dlg_alarm_command_accepted,,%1$s accepted,%1$s aceptado,app fills in %1$s — keep them
dlg_alarm_command_failed,,Command failed. Check the code and try again.,El comando falló. Revisa el código e inténtalo de nuevo.,
dlg_alarm_arming_cancelled,,Arming cancelled,Armado cancelado,
dlg_alarm_cancel_failed,,Cancellation failed. Check the code and try again.,No se pudo cancelar. Revisa el código e inténtalo de nuevo.,
dlg_alarm_arm_home,,Arm home,Armar en casa,
dlg_alarm_arm_away,,Arm away,Armar fuera,
dlg_alarm_arm_night,,Arm night,Armar de noche,
dlg_alarm_arm_custom,,Arm custom,Armar personalizado,
dlg_alarm_arm_vacation,,Arm vacation,Armar vacaciones,
dlg_alarm_disarm,,Disarm,Desarmar,
dlg_room_configuration,,Room configuration,Configuración de la habitación,
dlg_choose_room_area_to_configure,,Choose a room area to configure,Elige un área de habitación para configurar,
dlg_focused_room_options,,Options for this room area,Opciones para esta área de habitación,
dlg_general,,General,General,
dlg_name_and_icon,,Name and icon,Nombre e ícono,
dlg_header,,Header,Encabezado,
dlg_wallpaper_and_custom_color,,Wallpaper and custom color,Fondo de pantalla y color personalizado,
dlg_badge_bar,,Badge bar,Barra de insignias,
dlg_alignment_and_display_options,,Alignment and display options,Opciones de alineación y visualización,
dlg_assign_room_to_floor,,Assign this room to a floor,Asigna esta habitación a un piso,
dlg_room_status,,Room status,Estado de la habitación,
dlg_room_status_summary,,"Media, activity, safety, and climate indicators","Indicadores de multimedia, actividad, seguridad y clima",
dlg_reimport_from_home_assistant,,Re-import from Home Assistant,Reimportar desde Home Assistant,don't translate Home Assistant
dlg_import_or_rebuild_rooms,,Import new rooms or rebuild every room,Importar habitaciones nuevas o reconstruir todas,
dlg_clear_rooms_view_action,,Clear rooms view,Borrar vista de habitaciones,
dlg_remove_imported_rooms_and_floors,,Remove imported rooms and floors,Eliminar habitaciones y pisos importados,
dlg_room,,Room,Habitación,
dlg_split,,Split,Dividido,
dlg_center,,Center,Centro,
dlg_doors,,Doors,Puertas,
dlg_windows,,Windows,Ventanas,
dlg_motion,,Motion,Movimiento,
dlg_presence,,Presence,Presencia,
dlg_lights,,Lights,Luces,
dlg_devices,,Devices,Dispositivos,
dlg_smoke,,Smoke,Humo,
dlg_gas,,Gas,Gas,
dlg_fire,,Fire,Fuego,
dlg_full,,Full,Completo,
dlg_half,,Half,Mitad,
dlg_third,,Third,Tercio,
dlg_choose_vacuum_entity_instead,,Choose a vacuum entity instead,Elige una entidad de aspiradora en su lugar,
dlg_camera_live_page,,%1$d/%2$d · Live,%1$d/%2$d · En vivo,app fills in %1$d %2$d — keep them
dlg_weather,,Weather,Clima,
dlg_weather_state_clear_night,,Clear night,Noche despejada,
dlg_weather_state_cloudy,,Cloudy,Nublado,
dlg_weather_state_exceptional,,Exceptional,Excepcional,
dlg_weather_state_fog,,Fog,Niebla,
dlg_weather_state_hail,,Hail,Granizo,
dlg_weather_state_lightning,,Lightning,Rayos,
dlg_weather_state_lightning_rainy,,Thunderstorms,Tormentas eléctricas,
dlg_weather_state_partly_cloudy,,Partly cloudy,Parcialmente nublado,
dlg_weather_state_pouring,,Pouring rain,Lluvia intensa,
dlg_weather_state_rainy,,Rainy,Lluvioso,
dlg_weather_state_snowy,,Snowy,Nevado,
dlg_weather_state_snowy_rainy,,Sleet,Aguanieve,
dlg_weather_state_sunny,,Sunny,Soleado,
dlg_weather_state_windy,,Windy,Ventoso,
dlg_weather_state_windy_variant,,Windy and cloudy,Ventoso y nublado,
dlg_selected_entities_summary,one,%1$d selected · %2$s,%1$d seleccionada · %2$s,app fills in %1$d %2$s — keep them
dlg_selected_entities_summary,other,%1$d selected · %2$s,%1$d seleccionadas · %2$s,app fills in %1$d %2$s — keep them
dlg_action_data_value_summary,one,%1$s · %2$d data value,%1$s · %2$d valor de datos,app fills in %1$s %2$d — keep them
dlg_action_data_value_summary,other,%1$s · %2$d data values,%1$s · %2$d valores de datos,app fills in %1$s %2$d — keep them
dlg_seconds_short,one,%d sec,%d seg,app fills in %d — keep them
dlg_seconds_short,other,%d sec,%d seg,app fills in %d — keep them
dlg_arming_in_seconds,one,Arming in %d second,Armando en %d segundo,app fills in %d — keep them
dlg_arming_in_seconds,other,Arming in %d seconds,Armando en %d segundos,app fills in %d — keep them
energy_extra_sensors,,Energy sensors,Sensores de energía,
energy_extra_settings,,Energy settings,Configuración de energía,
energy_extra_previous_period,,Previous period,Período anterior,
energy_extra_next_period,,Next period,Próximo período,
energy_extra_empty_view_hint,,This energy view is empty. Swipe down on the header and open Energy settings to add entities manually.,Esta vista de energía está vacía. Desliza hacia abajo en el encabezado y abre la configuración de Energía para agregar entidades manualmente.,
energy_extra_electricity,,Electricity,Electricidad,
energy_extra_solar,,Solar,Solar,
energy_extra_home,,Home,Hogar,
energy_extra_battery,,Battery,Batería,
energy_extra_gas,,Gas,Gas,
energy_extra_city_heating,,City heating,Calefacción urbana,
energy_extra_water,,Water,Agua,
energy_extra_energy,,Energy,Energía,
energy_extra_power,,Power,Potencia,
energy_extra_carbon,,Carbon,Carbono,
energy_extra_devices,,Devices,Dispositivos,
energy_extra_device,,Device,Dispositivo,
energy_extra_importing,,Importing,Importando,
energy_extra_exporting,,Exporting,Exportando,
energy_extra_idle,,Idle,Inactivo,
energy_extra_charging,,Charging,Cargando,
energy_extra_discharging,,Discharging,Descargando,
energy_extra_producing,,Producing,Produciendo,
energy_extra_consuming,,Consuming,Consumiendo,
energy_extra_grid_idle,,Grid idle,Red inactiva,
energy_extra_importing_power,,Importing power,Importando energía,
energy_extra_exporting_power,,Exporting power,Exportando energía,
energy_extra_battery_supporting,,Battery supplying power,Batería suministrando energía,
energy_extra_battery_charging,,Battery charging,Batería cargando,
energy_extra_solar_producing,,Solar producing,Solar produciendo,
energy_extra_home_consuming,,Home consuming,Hogar consumiendo,
energy_extra_energy_idle,,Energy idle,Energía inactiva,
energy_extra_today_value,,%1$s today,%1$s hoy,app fills in %1$s — keep them
energy_extra_used_period,,Used %1$s,Usado %1$s,app fills in %1$s — keep them
energy_extra_produced_period,,Produced %1$s,Producido %1$s,app fills in %1$s — keep them
energy_extra_fossil_percentage,,%1$s%% fossil,%1$s%% fósil,app fills in %1$s — keep them
energy_extra_self_used_percentage,,Self-used · %1$d%%,Autoconsumido · %1$d%%,app fills in %1$d — keep them
energy_extra_electricity_total,,Electricity total,Total de electricidad,
energy_extra_top_consumers,,Top consumers,Mayores consumidores,
energy_extra_device_energy,,Device energy,Energía del dispositivo,
energy_extra_individual_water_usage,,Individual water usage,Consumo de agua individual,
energy_extra_production,,Production,Producción,
energy_extra_forecast,,Forecast,Pronóstico,
energy_extra_inverters,,Inverters,Inversores,
energy_extra_now,,Now,Ahora,
energy_extra_usage,,Usage,Consumo,
energy_extra_total,,Total,Total,
energy_extra_cost,,Cost,Costo,
energy_extra_charge,,Charge,Carga,
energy_extra_grid_flow,,Grid flow,Flujo de la red,
energy_extra_self_sufficient,,Self-sufficient,Autosuficiente,
energy_extra_carbon_footprint,,Carbon footprint,Huella de carbono,
energy_extra_self_used,,Self-used,Autoconsumido,
energy_extra_last_seven_days,,Last 7 days,Últimos 7 días,
energy_extra_lifetime,,Lifetime,Total histórico,
energy_extra_power_per_phase,,Power per phase,Potencia por fase,
energy_extra_tariff_meter_readings,,Tariff meter readings,Lecturas de medidor por tarifa,
energy_extra_tariff_one,,Tariff 1,Tarifa 1,
energy_extra_tariff_two,,Tariff 2,Tarifa 2,
energy_extra_solar_production,,Solar production,Producción solar,
energy_extra_category_overview,,Overview,Resumen,
energy_extra_category_electricity_subtitle,,"Grid power, phases, import/export, tariffs, and cost","Energía de la red, fases, importación/exportación, tarifas y costo",
energy_extra_category_solar_subtitle,,"Production, forecast, and inverter device","Producción, pronóstico y dispositivo inversor",
energy_extra_category_battery_subtitle,,Charge level and battery power,Nivel de carga y energía de la batería,
energy_extra_category_carbon_subtitle,,Grid carbon-footprint device,Dispositivo de huella de carbono de la red,
energy_extra_category_usage_cost_subtitle,,Usage and cost,Consumo y costo,
energy_extra_category_devices_subtitle,,"Power, energy, and individual water devices","Energía, potencia y dispositivos de agua individuales",
energy_extra_category_city_heating_subtitle,,"Heat energy, current output, and cost","Energía térmica, producción actual y costo.",
energy_extra_card_live_source_tiles,,Live source tiles,Bloques de fuentes en vivo,
energy_extra_card_electricity_totals_usage,,Electricity totals and usage,Totales y consumo de electricidad,
energy_extra_card_home_battery,,Home battery,Batería del hogar,
energy_extra_card_gas_usage,,Gas usage,Consumo de gas,
energy_extra_card_city_heating_usage,,City-heating usage,Uso de calefacción urbana,
energy_extra_card_water_usage,,Water usage,Consumo de agua,
energy_extra_card_device_energy_bars,,Device energy bars,Barras de energía por dispositivo,
energy_extra_select_energy_cards,,Select energy cards,Seleccionar tarjetas de energía,
energy_extra_role_grid_power,,Grid power (W),Potencia de la red (W),
energy_extra_role_home_power,,Home power (W),Potencia del hogar (W),
energy_extra_role_solar_power,,Solar power (W),Energía solar (W),
energy_extra_role_battery_power,,Battery power (W),Energía de la batería (W),
energy_extra_role_battery_level,,Battery level (%),Nivel de batería (%),
energy_extra_role_grid_import,,Grid import (kWh),Importación de la red (kWh),
energy_extra_role_grid_export,,Grid export (kWh),Exportación a la red (kWh),
energy_extra_role_solar_production,,Solar production (kWh),Producción solar (kWh),
energy_extra_role_phase_one_power,,Phase 1 power,Potencia fase 1,
energy_extra_role_phase_two_power,,Phase 2 power,Potencia fase 2,
energy_extra_role_phase_three_power,,Phase 3 power,Potencia fase 3,
energy_extra_role_import_meter_tariff_one,,Import meter tariff 1,Tarifa 1 del medidor de importación,
energy_extra_role_import_meter_tariff_two,,Import meter tariff 2,Tarifa 2 del medidor de importación,
energy_extra_role_export_meter_tariff_one,,Export meter tariff 1,Tarifa 1 del medidor de exportación,
energy_extra_role_export_meter_tariff_two,,Export meter tariff 2,Tarifa 2 del medidor de exportación,
energy_extra_role_energy_cost,,Energy cost,Costo de energía,
energy_extra_role_gas_total,,Gas total (m³),Total de gas (m³),
energy_extra_role_gas_flow_now,,Gas flow (now),Flujo de gas (ahora),
energy_extra_role_gas_cost,,Gas cost,Costo de gas,
energy_extra_role_water_total,,Water total,Total de agua,
energy_extra_role_water_flow_now,,Water flow (now),Flujo de agua (ahora),
energy_extra_role_water_cost,,Water cost,Costo de agua,
energy_extra_role_individual_water_devices,,Individual water devices,Dispositivos de agua individuales,
energy_extra_role_power_devices,,Power devices,Dispositivos de potencia,
energy_extra_role_energy_devices,,Energy devices,Dispositivos de energía,
energy_extra_sensor_current_power_import,,"Current power (W, + = import)","Potencia actual (W, + = importación)",
energy_extra_sensor_power_phase_one,,Power phase 1 (W),Potencia fase 1 (W),
energy_extra_sensor_power_phase_two,,Power phase 2 (W),Potencia fase 2 (W),
energy_extra_sensor_power_phase_three,,Power phase 3 (W),Potencia fase 3 (W),
energy_extra_sensor_current_phase_one,,Current phase 1 (A),Corriente fase 1 (A),
energy_extra_sensor_current_phase_two,,Current phase 2 (A),Corriente fase 2 (A),
energy_extra_sensor_current_phase_three,,Current phase 3 (A),Corriente fase 3 (A),
energy_extra_sensor_voltage_phase_one,,Voltage phase 1 (V),Voltaje fase 1 (V),
energy_extra_sensor_voltage_phase_two,,Voltage phase 2 (V),Voltaje fase 2 (V),
energy_extra_sensor_voltage_phase_three,,Voltage phase 3 (V),Voltaje fase 3 (V),
energy_extra_sensor_home_consumption_power,,Home consumption power (W),Potencia de consumo del hogar (W),
energy_extra_sensor_energy_import,,Energy import (kWh),Importación de energía (kWh),
energy_extra_sensor_energy_import_tariff_one,,Energy import tariff 1 (kWh),Importación de energía tarifa 1 (kWh),
energy_extra_sensor_energy_import_tariff_two,,Energy import tariff 2 (kWh),Importación de energía tarifa 2 (kWh),
energy_extra_sensor_energy_export,,Energy export (kWh),Exportación de energía (kWh),
energy_extra_sensor_energy_export_tariff_one,,Energy export tariff 1 (kWh),Exportación de energía tarifa 1 (kWh),
energy_extra_sensor_energy_export_tariff_two,,Energy export tariff 2 (kWh),Exportación de energía tarifa 2 (kWh),
energy_extra_sensor_energy_cost_today,,Energy cost today,Costo de energía hoy,
energy_extra_sensor_current_power_production,,Current power production (W),Producción de energía actual (W),
energy_extra_sensor_energy_production_today,,Energy production today (kWh),Producción de energía hoy (kWh),
energy_extra_sensor_energy_production_seven_days,,Energy production over the last 7 days,Producción de energía en los últimos 7 días,
energy_extra_sensor_lifetime_energy_production,,Lifetime energy production,Producción de energía histórica,
energy_extra_sensor_battery_power_charging,,"Battery power (W, + = charging)","Energía de la batería (W, + = cargando)",
energy_extra_sensor_gas_used_today,,Gas used today (m³),Gas usado hoy (m³),
energy_extra_sensor_current_gas_flow,,"Current gas flow (m³/h, optional)","Flujo de gas actual (m³/h, opcional)",
energy_extra_sensor_gas_cost_today,,Gas cost today,Costo de gas hoy,
energy_extra_sensor_city_heating_total,,Heat energy total (J/MJ/GJ/kWh),Energía térmica total (J/MJ/GJ/kWh),
energy_extra_sensor_city_heating_current,,Current heat output (optional),Potencia calorífica actual (opcional),
energy_extra_sensor_city_heating_cost,,City-heating cost,Costo de calefacción de la ciudad,
energy_extra_estimated_gas_equivalent,,Estimated gas equivalent,Equivalente de gas estimado,
energy_extra_estimated_gas_note,,Based on 35.17 MJ per m³ of natural gas,"Basado en 35,17 MJ por m³ de gas natural",
energy_extra_sensor_water_used_today,,Water used today (L/m³),Agua usada hoy (L/m³),
energy_extra_sensor_current_water_flow,,"Current water flow (L/min, optional)","Flujo de agua actual (L/min, opcional)",
energy_extra_sensor_water_cost_today,,Water cost today,Costo de agua hoy,
energy_extra_picker_top_consumer_devices,,Top-consumer devices,Dispositivos de mayor consumo,
energy_extra_picker_device_energy_counters,,Device energy counters,Contadores de energía por dispositivo,
energy_extra_auto_power_sensors_help,,All sensors with device_class power are included automatically. Remove a device to create your own list.,Todos los sensores con device_class power se incluyen automáticamente. Elimina un dispositivo para crear tu propia lista.,
energy_extra_auto_energy_sensors_help,,All sensors with device_class energy are included automatically. Their counter changes are used for the selected period.,Todos los sensores con device_class energy se incluyen automáticamente. Sus cambios de contador se usan para el período seleccionado.,
energy_extra_currency,,Currency,Divisa,
energy_extra_currency_subtitle,,Which currency the cost stats are shown in,¿En qué moneda se muestran las estadísticas de costos?,
energy_extra_currency_search,,Search currencies,Buscar monedas,
energy_extra_currency_automatic,,Automatic,Automático,
energy_extra_currency_automatic_subtitle,,"Follow your cost sensors, then your device region","Siga sus sensores de costos, luego la región de su dispositivo",
energy_extra_currency_automatic_value,,Automatic (%1$s),Automático (%1$s),app fills in %1$s — keep them
energy_extra_energy_card,,Energy card,Tarjeta de energía,
energy_extra_energy_card_subtitle,,Data sources and card appearance,Fuentes de datos y apariencia de la tarjeta,
energy_extra_card_and_data,,Card and data,Tarjeta y datos,
energy_extra_energy_stack,,Energy stack,Pila de energía,
energy_extra_energy_stack_subtitle,,"Cards, data sources, and layout","Tarjetas, fuentes de datos y diseño",
energy_extra_cards_and_data,,Cards and data,Tarjetas y datos,
events_tab,,Events,Eventos,
events_empty,,No events yet,Aún no hay eventos,
events_empty_hint,,Recent activity for the entities your family admin added to the timeline appears here.,Aquí aparece la actividad reciente de las entidades que el administrador de su familia agregó a la línea de tiempo.,
events_not_configured,,No events are being tracked,No se están rastreando eventos,
events_not_configured_admin,,Choose which entities appear here in Settings › Family Sharing › Events.,Elija qué entidades aparecen aquí en Configuración › Compartir en familia › Eventos.,
events_not_configured_member,,Your family admin decides which entities appear here.,El administrador de su familia decide qué entidades aparecen aquí.,
events_unavailable,,The event timeline needs HKI 7 Cloud %1$s.,La línea de tiempo del evento necesita HKI 7 Cloud %1$s.,app fills in %1$s — keep them; don't translate HKI 7 Cloud
events_set_up_button,,Choose entities,Elija entidades,
events_no_matches,,No matching events,No hay eventos coincidentes,
events_loading,,Loading events…,Cargando eventos…,
events_today,,Today,Hoy,
events_yesterday,,Yesterday,Ayer,
events_by,,by %1$s,por %1$s,app fills in %1$s — keep them
events_filter_all,,All,Todo,
event_category_door,,Doors,Puertas,
event_category_window,,Windows,Ventanas,
event_category_motion,,Motion,Movimiento,
event_category_moisture,,Water,Agua,
event_category_safety,,Smoke & gas,Humo y gas,
event_category_problem,,Problems,Problemas,
event_category_battery,,Batteries,Baterías,
event_category_connectivity,,Connectivity,Conectividad,
event_category_light,,Lights,Luces,
event_category_switch,,Switches,interruptores,
event_category_lock,,Locks,Cerraduras,
event_category_cover,,Covers,Persianas,
event_category_climate,,Climate,Clima,
event_category_presence,,People,Personas,
event_category_alarm,,Alarm,Alarma,
event_category_media,,Media,Multimedia,
event_category_vacuum,,Vacuum,Aspirador,
event_category_automation,,Automations,Automatizaciones,
event_category_sensor,,Sensors,Sensores,
event_verb_opened,,was opened,fue abierto,
event_verb_closed,,was closed,estaba cerrado,
event_verb_opening,,is opening,esta abriendo,
event_verb_closing,,is closing,esta cerrando,
event_verb_locked,,was locked,estaba bloqueado,
event_verb_unlocked,,was unlocked,fue desbloqueado,
event_verb_motion_detected,,detected motion,movimiento detectado,
event_verb_motion_cleared,,stopped detecting motion,dejó de detectar movimiento,
event_verb_moisture_detected,,detected moisture,humedad detectada,
event_verb_moisture_cleared,,is dry again,está seco otra vez,
event_verb_alarm_detected,,raised an alarm,dio la alarma,
event_verb_alarm_cleared,,cleared,despejado,
event_verb_problem_detected,,reported a problem,informó un problema,
event_verb_problem_cleared,,is back to normal,ha vuelto a la normalidad,
event_verb_battery_low,,reported a low battery,informó una batería baja,
event_verb_battery_normal,,has a healthy battery again,tiene una batería saludable nuevamente,
event_verb_connected,,came online,vino en línea,
event_verb_disconnected,,went offline,se desconectó,
event_verb_turned_on,,was turned on,estaba encendido,
event_verb_turned_off,,was turned off,estaba apagado,
event_verb_detected,,was triggered,fue desencadenado,
event_verb_cleared,,cleared,despejado,
event_verb_arrived_home,,arrived home,llegó a casa,
event_verb_left_home,,left home,salió de casa,
event_verb_arrived_at,,arrived at %1$s,llegó a %1$s,app fills in %1$s — keep them
event_verb_disarmed,,was disarmed,fue desarmado,
event_verb_armed,,was armed,estaba armado,
event_verb_arming,,is arming,esta armando,
event_verb_pending,,is counting down,está contando atrás,
event_verb_triggered,,was triggered,fue desencadenado,
event_verb_set_to,,was set to %1$s,se estableció en %1$s,app fills in %1$s — keep them
event_verb_started_cleaning,,started cleaning,comenzó a limpiar,
event_verb_returning_to_dock,,is returning to its dock,está regresando a su muelle,
event_verb_docked,,docked,atracado,
event_verb_started_playing,,started playing,empezó a jugar,
event_verb_paused,,was paused,estaba en pausa,
event_verb_stopped,,stopped,interrumpido,
event_verb_generic,,changed to %1$s,cambiado a %1$s,app fills in %1$s — keep them
ui_1_advanced_shorthand_block_kept_unchanged_d4dcbd7,,1 advanced shorthand block (kept unchanged),1 bloque abreviado avanzado (sin cambios),
ui_1f_kwh_self_used_b4798a5,, · %%.1f kWh self-used (%1$s%%%%), · %%.1f kWh autoconsumidos (%1$s%%%%),app fills in %1$s — keep them; keep the space at the start/end
ui_1f_of_1f_kwh_d_00c25f6,,%.1f of %.1f kWh · %d%%,%.1f de %.1f kWh · %d%%,app fills in %.1f %d — keep them
ui_24_hour_format_b195a8f,,24-Hour Format,Formato de 24 horas,
ui_a_fast_auto_generating_dashboard_for_home_assistant_let_0fad4a9,,"A fast, auto-generating dashboard for Home Assistant\nLet's connect to your server.",Un panel rápido y de generación automática para Home Assistant\nConectemos con tu servidor.,don't translate Home Assistant; \n = line break
ui_a_modern_touch_first_android_dashboard_and_companion_for_814cbdb,,"A modern, touch-first Android dashboard and companion for Home Assistant.","Un panel de Android moderno, diseñado para pantalla táctil, y complemento para Home Assistant.",don't translate Home Assistant
ui_about_6b21fb7,,About,Acerca de,
ui_accidental_touch_protection_e2683f4,,Accidental-touch protection,Protección contra toques accidentales,
ui_account_85dfa32,,Account,Cuenta,
ui_action_49924bc,,%1$s action,Acción de %1$s,app fills in %1$s — keep them
ui_action_97c89a4,,Action,Acción,
ui_action_data_e5a7704,,Action data,Datos de la acción,
ui_action_data_object_8850c05,,Action data object,Objeto de datos de la acción,
ui_action_details_d623b1c,,Action details,Detalles de la acción,
ui_active_0af2854,,%1$s · %2$s active,%1$s · %2$s activos,app fills in %1$s %2$s — keep them
ui_active_25ff32f,,%1$s/%2$s active,%1$s/%2$s activos,app fills in %1$s %2$s — keep them
ui_active_a733b80,,Active,Activo,
ui_active_c7260b5,,%1$s%% • ACTIVE,%1$s%% • ACTIVO,app fills in %1$s — keep them
ui_active_connection_54db7a1,,Active connection,Conexión activa,
ui_activity_81c0d91,,Activity,Actividad,
ui_activity_indication_and_collapsing_0764a94,,Activity indication and collapsing,Indicación de actividad y contracción,
ui_adapt_now_c30eb08,,Adapt now,Adaptar ahora,
ui_adaptive_lighting_7587880,,Adaptive lighting,Iluminación adaptativa,
ui_adaptive_lighting_e2cffbd,,Adaptive Lighting,Iluminación adaptativa,
ui_adaptive_lighting_is_unavailable_6b9ada3,,Adaptive Lighting is unavailable,La iluminación adaptativa no está disponible,
ui_add_016df71,,Add (%1$s),Agregar (%1$s),app fills in %1$s — keep them
ui_add_4_10_entity_buttons_to_this_dialog_s_cdedf23,,Add 4–10 entity buttons to this dialog's nav bar.,Agrega de 4 a 10 botones de entidad a la barra de navegación de este cuadro de diálogo.,
ui_add_61cc55a,,Add,Agregar,
ui_add_and_edit_each_chart_in_this_stack_0c0cb11,,Add and edit each chart in this stack,Agrega y edita cada gráfico en esta pila,
ui_add_at_least_one_step_3620909,,Add at least one step,Agrega al menos un paso,
ui_add_button_3d7db43,,Add button,Agregar botón,
ui_add_camera_cf03528,,Add Camera,Agregar cámara,
ui_add_carrier_device_7945283,,Add carrier device,Agregar dispositivo de transportista,
ui_add_current_network_64cabf3,,"Add current network ""%1$s""","Agregar red actual ""%1$s""",app fills in %1$s — keep them
ui_add_custom_buttons_83a0768,,Add Custom Buttons,Agregar botones personalizados,
ui_add_custom_camera_url_aab29ef,,Add Custom Camera URL,Agregar URL de cámara personalizada,
ui_add_entities_333152e,,Add entities,Agregar entidades,
ui_add_entity_f99dc1d,,Add entity,Agregar entidad,
ui_add_every_integration_account_that_should_contribute_parce_ce58afb,,Add every integration account that should contribute parcels,Agrega cada cuenta de integración que deba aportar paquetes,
ui_add_floor_63c715d,,Add Floor,Agregar piso,
ui_add_graph_079e4ca,,Add graph,Agregar gráfico,
ui_add_home_assistant_a6ccea8,,Add Home Assistant,Agregar Home Assistant,don't translate Home Assistant
ui_add_home_assistant_instance_625838a,,Add Home Assistant instance,Agregar instancia de Home Assistant,don't translate Home Assistant
ui_add_individual_water_meters_to_compare_their_usage_daec0de,,Add individual water meters to compare their usage.,Agrega medidores de agua individuales para comparar su consumo.,
ui_add_instance_step_df337b3,,add_instance_step,add_instance_step,
ui_add_more_for_a_full_row_ed977e3,,Add %1$s more for a full row.,Agrega %1$s más para completar una fila.,app fills in %1$s — keep them
ui_add_one_focused_card_c2f2ed8,,Add one focused card,Agrega una tarjeta enfocada,
ui_add_or_edit_entities_b59919b,,Add or edit entities,Agregar o editar entidades,
ui_add_parcel_82c0bf8,,Add parcel,Agregar paquete,
ui_add_parcel_bde8afb,,Add Parcel,Agregar paquete,
ui_add_room_5a95991,,Add Room,Agregar habitación,
ui_add_sensors_d6df16f,,Add sensors,Agregar sensores,
ui_add_to_cd52e85,,Add to %1$s,Agregar a %1$s,app fills in %1$s — keep them
ui_add_widget_a9df350,,Add Widget,Agregar widget,
ui_add_widget_dd4416e,,Add widget,Agregar widget,
ui_adding_ffb2e62,,Adding…,Agregando…,
ui_admin_b38222e,,%1$s (admin),%1$s (administrador),app fills in %1$s — keep them
ui_administrative_controls_for_your_home_assistant_server_e56ebd9,,Administrative controls for your Home Assistant server,Controles administrativos para tu servidor de Home Assistant,don't translate Home Assistant
ui_advanced_4d06472,,Advanced,Avanzado,
ui_advanced_action_data_json_622e363,,Advanced action data (JSON),Datos de acción avanzados (JSON),
ui_advanced_shorthand_blocks_kept_unchanged_aa253ae,,%1$s advanced shorthand blocks (kept unchanged),%1$s bloques abreviados avanzados (sin cambios),app fills in %1$s — keep them
ui_aesthetic_changes_only_f31f444,,Aesthetic changes only,Solo cambios estéticos,
ui_aggregate_carriers_eae26c7,,Aggregate carriers,Agrupar transportistas,
ui_agree_ee68d34,,Agree,Aceptar,
ui_air_circulating_273e82b,,Air circulating,Aire circulando,
ui_air_circulation_devices_a14e95d,,Air circulation devices,Dispositivos de circulación de aire,
ui_air_cleaning_devices_4364277,,Air cleaning devices,Dispositivos de limpieza de aire,
ui_air_purifiers_476147b,,Air purifiers,Purificadores de aire,
ui_air_purifiers_are_fan_entities_in_home_assistant_so_3fa4fdb,,"Air purifiers are fan entities in Home Assistant, so they can't be auto-detected. Select yours here.","Los purificadores de aire son entidades de tipo ventilador en Home Assistant, así que no se pueden detectar automáticamente. Selecciona los tuyos aquí.",don't translate Home Assistant
ui_airphase_1f2d2b6,,airPhase,airPhase,
ui_alarm_25f8c55,,Alarm,Alarma,
ui_alarm_entities_b462ba5,,Alarm entities,Entidades de alarma,
ui_alarm_pending_e2c04aa,,Alarm pending,Alarma pendiente,
ui_alarm_triggered_641ff6f,,Alarm triggered,Alarma activada,
ui_alarm_unavailable_867909b,,Alarm unavailable,Alarma no disponible,
ui_alignment_7f8c517,,Alignment,Alineación,
ui_all_6a72085,,All,Todo,
ui_all_batteries_ok_9676f73,,All batteries OK,Todas las baterías están bien,
ui_all_calendar_entities_bffb01d,,All calendar entities,Todas las entidades de calendario,
ui_all_levels_6b4fde3,,All levels,Todos los niveles,
ui_all_off_97b7833,,All off,Todo apagado,
ui_all_thermostats_59c8297,,All thermostats,Todos los termostatos,
ui_all_types_30c8a0f,,All types,Todos los tipos,
ui_allow_all_the_time_d91ab85,,Allow All The Time,Permitir todo el tiempo,
ui_allow_editing_24f2b54,,Allow editing,Permitir edición,
ui_allow_theme_colors_icons_names_and_wallpaper_but_not_efc8a97,,"Allow theme, colors, icons, names and wallpaper — but not adding or removing widgets, buttons or rooms","Permite el tema, los colores, los íconos, los nombres y el fondo de pantalla, pero no agregar ni quitar widgets, botones o habitaciones",
ui_always_a91bcce,,Always,Siempre,
ui_an_admin_can_share_one_dashboard_with_the_whole_5a5434d,,"An admin can share one dashboard with the whole family so everyone gets the same layout. To use it, an admin needs to install the HKI 7 Cloud component and share a dashboard first.","Un administrador puede compartir un panel con toda la familia para que todos tengan el mismo diseño. Para usarlo, un administrador debe instalar primero el componente HKI 7 Cloud y compartir un panel.",don't translate HKI 7 Cloud
ui_an_admin_needs_to_install_the_hki_7_cloud_0e9241b,,An admin needs to install the HKI 7 Cloud component and share a dashboard first.,Un administrador debe instalar el componente HKI 7 Cloud y compartir un panel primero.,don't translate HKI 7 Cloud
ui_android_location_permission_2ff3839,,Android Location Permission,Permiso de ubicación de Android,
ui_animated_icons_aa39cfe,,Animated icons,Íconos animados,
ui_animation_62afd21,,Animation,Animación,
ui_announced_letter_3a7ac05,,Announced letter,Carta anunciada,
ui_any_state_c7274cb,,Any state,Cualquier estado,
ui_appearance_41def7a,,Appearance,Apariencia,
ui_applies_to_all_dashboard_buttons_widgets_stacks_rooms_and_9715deb,,"Applies to all dashboard buttons, widgets, stacks, rooms, and cards.","Se aplica a todos los botones, widgets, pilas, habitaciones y tarjetas del panel.",
ui_apply_cfea419,,Apply,Aplicar,
ui_archived_eddc813,,Archived,Archivada,
ui_are_you_sure_you_want_to_clear_battery_config_3e19f24,,Are you sure you want to clear battery config?,¿Seguro que deseas borrar la configuración de batería?,
ui_armed_32caa31,,Armed,Armada,
ui_armed_away_6834abf,,Armed away,Armada fuera de casa,
ui_armed_home_c8d0b44,,Armed home,Armada en casa,
ui_armed_night_80659bd,,Armed night,Armada de noche,
ui_arming_in_seconds_b9e07a8,,Arming in %1$s seconds,Armando en %1$s segundos,app fills in %1$s — keep them
ui_aspect_ratio_4e077cf,,Aspect ratio,Relación de aspecto,
ui_aspect_ratio_used_by_every_stream_275bb52,,Aspect ratio used by every stream,Relación de aspecto usada por cada transmisión,
ui_astronomical_tap_or_swipe_683fe28,,Astronomical · tap or swipe,Astronómico · toca o desliza,
ui_at_target_6a8dbb5,,At target,En el objetivo,
ui_auto_c614ba7,,Auto,Auto,
ui_auto_dashboard_c7a509a,,Auto dashboard,Panel automático,
ui_auto_discovered_e0643da,,Auto-discovered,Descubierto automáticamente,
ui_auto_generate_0f86c24,,Auto Generate,Generar automáticamente,
ui_auto_generate_1502534,,Auto generate,Generar automáticamente,
ui_auto_generation_is_a_one_time_starting_point_the_6b317fe,,"Auto generation is a one-time starting point. The Home page starts empty in either mode, and you can re-import Home Assistant data later from individual views.","La generación automática es un punto de partida único. La página de Inicio empieza vacía en ambos modos, y puedes reimportar datos de Home Assistant más adelante desde cada vista.",don't translate Home Assistant
ui_auto_manual_342b68e,,Auto + %1$s manual,Auto + %1$s manual,app fills in %1$s — keep them
ui_auto_none_f606e9b,,Auto / none,Auto / ninguno,
ui_auto_scan_150eb4b,,Auto-scan,Escaneo automático,
ui_auto_unavailable_33737ba,,Auto / unavailable,Auto / no disponible,
ui_automatic_cloud_backup_494d882,,Automatic cloud backup,Copia de seguridad automática en la nube,
ui_automatic_configuration_only_battery_class_percentage_sens_ce9ab03,,Automatic configuration: only battery-class percentage sensors are included.,Configuración automática: solo se incluyen sensores de porcentaje de clase batería.,
ui_automatic_local_cloud_backup_7aef407,,Automatic local cloud backup,Copia de seguridad local en la nube automática,
ui_automatic_paging_and_transition_style_792709a,,Automatic paging and transition style,Paginación automática y estilo de transición,
ui_automatically_backs_up_your_dashboard_and_appearance_setti_cd89812,,"Automatically backs up your dashboard and appearance settings to your own Home Assistant every day, so you can restore them any time. Requires the HKI 7 Cloud custom component (install it via HACS).","Respalda automáticamente tu panel y tus ajustes de apariencia en tu propio Home Assistant todos los días, para que puedas restaurarlos en cualquier momento. Requiere el componente personalizado HKI 7 Cloud (instálalo mediante HACS).","don't translate HKI 7 Cloud, Home Assistant"
ui_automation_a15fde5,,Automation,Automatización,
ui_automations_even_when_the_app_is_closed_or_not_d27e5b1,,"automations, even when the app is closed or not in use.\n\n","automatizaciones, incluso cuando la aplicación está cerrada o no se está usando.\n\n",\n = line break
ui_autoplay_95619b5,,Autoplay,Reproducción automática,
ui_average_93a8018,,average,promedio,
ui_azimuth_d2fbdb3,,Azimuth,Acimut,
ui_back_b52b36b,,Back,Atrás,
ui_back_up_now_527bf1a,,Back up now,Respaldar ahora,
ui_background_image_url_or_path_dfc4908,,Background image (URL or path),Imagen de fondo (URL o ruta),
ui_background_location_5f56f21,,Background location,Ubicación en segundo plano,
ui_background_notifications_563a463,,Background notifications,Notificaciones en segundo plano,
ui_background_usage_fd8ed73,,Background Usage,Uso en segundo plano,
ui_backing_up_f600558,,Backing up…,Respaldando…,
ui_backspace_88d130a,,Backspace,Retroceso,
ui_backup_and_restore_a593246,,Backup and Restore,Copia de seguridad y restauración,
ui_backup_dd96994,,Backup,Copia de seguridad,
ui_backups_contain_dashboard_and_appearance_configuration_onl_d5856be,,"Backups contain dashboard and appearance configuration only. Connection details, app permissions, location state, and notification history are not included.","Las copias de seguridad contienen solo la configuración del panel y la apariencia. No se incluyen los datos de conexión, los permisos de la aplicación, el estado de ubicación ni el historial de notificaciones.",
ui_badge_bar_layout_4b4dfdd,,Badge bar layout,Diseño de la barra de insignias,
ui_bars_ad5fb3b,,Bars,Barras,
ui_batt_679d0aa,,Batt,Bat.,
ui_batteries_0970f9d,,Batteries,Baterías,
ui_battery_4a9be04,,Battery,Batería,
ui_battery_74dff99,,Battery: %1$s,Batería: %1$s,app fills in %1$s — keep them
ui_battery_attention_0feaa08,,battery-attention,battery-attention,
ui_battery_battery_notes_only_14e5936,,Battery+ / Battery Notes only,Solo Batería+ / Notas de batería,
ui_battery_energy_25638f8,,battery-energy,battery-energy,
ui_battery_entities_visible_9299588,,%1$s battery entities visible,%1$s entidades de batería visibles,app fills in %1$s — keep them
ui_battery_fill_8b6793e,,battery-fill,battery-fill,
ui_battery_health_12c0ce4,,BATTERY HEALTH,ESTADO DE LA BATERÍA,
ui_battery_health_8cc8e64,,BATTERY+ HEALTH,ESTADO DE BATERÍA+,
ui_battery_level_is_healthy_1de4c4f,,Battery level is healthy,El nivel de la batería es saludable,
ui_battery_levels_7c61b65,,Battery Levels,Niveles de batería,
ui_battery_optimization_7676ca5,,Battery Optimization,Optimización de batería,
ui_battery_orbit_9aa5d8c,,battery-orbit,battery-orbit,
ui_battery_rules_be75b3c,,Battery rules,Reglas de batería,
ui_battery_sensor_optional_0e261e6,,Battery sensor (optional),Sensor de batería (opcional),
ui_behavior_70cb647,,Behavior,Comportamiento,
ui_birthday_yyyy_mm_dd_d1a9b03,,Birthday (YYYY-MM-DD),Fecha de nacimiento (AAAA-MM-DD),
ui_bold_100_1b94255,,Bold (+100),Negrita (+100),
ui_bolder_200_9cc5d65,,Bolder (+200),Más negrita (+200),
ui_boldest_300_c5a490d,,Boldest (+300),Extra negrita (+300),
ui_boldness_10b6938,,Boldness · %1$s,Grosor · %1$s,app fills in %1$s — keep them
ui_brand_and_third_party_work_8d6d517,,Brand and third-party work,Marca y trabajo de terceros,
ui_brightness_222d6d5,,%1$s brightness,Brillo de %1$s,app fills in %1$s — keep them
ui_brightness_8e06ad0,,BRIGHTNESS,BRILLO,
ui_brightness_slider_a427c80,,Brightness slider,Control deslizante de brillo,
ui_build_the_interface_entirely_your_way_e94582f,,Build the interface entirely your way.,Construye la interfaz completamente a tu manera.,
ui_building_your_dashboard_2943961,,Building your dashboard,Creando tu panel,
ui_built_in_20f409c,,Built-in,Integrado,
ui_button_794145f,,Button,Botón,
ui_button_image_2483e32,,Button image,Imagen del botón,
ui_button_lock_28d87b1,,Button lock,Bloqueo de botón,
ui_button_stack_ee9e7f8,,Button Stack,Pila de botones,
ui_button_type_890a578,,Button type,Tipo de botón,
ui_buttons_available_from_this_person_s_detail_dialog_ab3f9f9,,Buttons available from this person's detail dialog,Botones disponibles desde el cuadro de diálogo de detalle de esta persona,
ui_calendar_content_1f185c8,,Calendar content,Contenido del calendario,
ui_calendars_9444501,,Calendars,Calendarios,
ui_camera_4da9c9a,,Camera,Cámara,
ui_camera_aspect_ratio_928bf09,,Camera aspect ratio,Relación de aspecto de la cámara,
ui_camera_display_20a9c82,,Camera display,Pantalla de la cámara,
ui_camera_feed_cc1f19e,,Camera Feed,Transmisión de la cámara,
ui_camera_page_6b1987b,,camera_page,camera_page,
ui_camera_stack_645ea0f,,Camera Stack,Pila de cámaras,
ui_camera_url_0eebe87,,Camera URL,URL de la cámara,
ui_cameras_d3daff3,,Cameras,Cámaras,
ui_camerascan_00bd2cb,,cameraScan,cameraScan,
ui_can_t_reach_the_server_73079bd,,Can't reach the server,No se pudo llegar al servidor,
ui_cancel_77dfd21,,Cancel,Cancelar,
ui_cancel_arming_5d383c8,,Cancel arming,Cancelar armado,
ui_card_4d4ce73,,Card,Tarjeta,
ui_card_data_4a42176,,Card & data,Tarjeta y datos,
ui_card_entities_e548a55,,Card & entities,Tarjeta y entidades,
ui_card_layout_f83b655,,Card layout,Diseño de la tarjeta,
ui_card_settings_1a3b62a,,Card settings,Ajustes de la tarjeta,
ui_card_shape_and_width_0d513f7,,Card shape and width,Forma y ancho de la tarjeta,
ui_card_shape_width_and_background_e4aff1c,,"Card shape, width, and background","Forma, ancho y fondo de la tarjeta",
ui_card_size_shape_and_background_df75707,,"Card size, shape, and background","Tamaño, forma y fondo de la tarjeta",
ui_card_width_icon_and_styling_de70fd8,,"Card width, icon, and styling","Ancho, ícono y estilo de la tarjeta",
ui_card_width_shape_icon_and_background_c3695b5,,"Card width, shape, icon, and background","Ancho, forma, ícono y fondo de la tarjeta",
ui_cards_0f830bc,,Cards,Tarjetas,
ui_cards_data_a33e044,,Cards & data,Tarjetas y datos,
ui_cards_entities_be4393a,,Cards & entities,Tarjetas y entidades,
ui_carrier_accounts_20ad36c,,Carrier accounts,Cuentas de transportistas,
ui_carrier_devices_9927ae1,,Carrier devices,Dispositivos de transportistas,
ui_carrier_display_name_optional_5ca06fc,,Carrier display name (optional),Nombre visible del transportista (opcional),
ui_center_adapt_now_and_pause_buttons_81074b2,,Center Adapt now and Pause buttons,Centrar los botones de Adaptar ahora y Pausar,
ui_change_64fbd99,,Change,Cambiar,
ui_change_avatar_image_217fbce,,Change avatar image,Cambiar imagen de avatar,
ui_changing_mode_3da68b4,,Changing mode,Cambiando el modo,
ui_charge_flow_ceb6c62,,Charge & flow,Carga y flujo,
ui_chart_66c7734,,Chart,Gráfico,
ui_checking_for_shared_dashboards_5f2f823,,Checking for shared dashboards…,Buscando paneles compartidos…,
ui_checking_for_the_hki_7_cloud_component_c76112a,,Checking for the HKI 7 Cloud component…,Buscando el componente HKI 7 Cloud…,don't translate HKI 7 Cloud
ui_choose_78b7c9f,,Choose,Elegir,
ui_choose_a_different_server_47e6ce6,,Choose a different server,Elegir un servidor diferente,
ui_choose_a_side_when_the_badge_bar_is_split_6e3c73d,,Choose a side when the badge bar is split,Elige un lado cuando la barra de insignias esté dividida,
ui_choose_a_state_7ab7191,,Choose a state,Elige un estado,
ui_choose_a_visual_home_assistant_block_e7c8652,,Choose a visual Home Assistant block,Elige un bloque visual de Home Assistant,don't translate Home Assistant
ui_choose_action_cf9c80e,,Choose action,Elegir acción,
ui_choose_an_action_e82323b,,Choose an action,Elige una acción,
ui_choose_an_entity_00fd1cc,,Choose an entity,Elige una entidad,
ui_choose_an_entity_first_d59e681,,Choose an entity first,Elige primero una entidad,
ui_choose_an_expanded_or_compact_dashboard_header_815902d,,Choose an expanded or compact dashboard header,Elige un encabezado de panel expandido o compacto,
ui_choose_avatar_image_bcd5b00,,Choose avatar image,Elegir imagen de avatar,
ui_choose_between_the_full_header_and_a_compact_navigation_90ec55e,,Choose between the full header and a compact navigation bar,Elige entre el encabezado completo y una barra de navegación compacta,
ui_choose_entity_31b0424,,Choose entity,Elegir entidad,
ui_choose_how_this_phone_or_tablet_appears_in_home_419da67,,Choose how this phone or tablet appears in Home Assistant,Elige cómo aparece este teléfono o tableta en Home Assistant,don't translate Home Assistant
ui_choose_icon_b0047ce,,Choose icon,Elegir ícono,
ui_choose_included_cards_and_shared_entity_overrides_a507343,,Choose included cards and shared entity overrides,Elige las tarjetas incluidas y las anulaciones de entidades compartidas,
ui_choose_included_views_and_shared_entity_overrides_41f2e64,,Choose included views and shared entity overrides,Elige las vistas incluidas y las anulaciones de entidades compartidas,
ui_choose_one_or_more_carrier_devices_in_widget_settings_100a4ca,,Choose one or more carrier devices in widget settings.,Elige uno o más dispositivos de transportista en los ajustes del widget.,
ui_choose_person_entity_977db64,,Choose person entity,Elegir entidad de persona,
ui_choose_the_climate_view_and_optional_entity_overrides_a69cbbc,,Choose the climate view and optional entity overrides,Elige la vista de Clima y las anulaciones de entidades opcionales,
ui_choose_the_energy_view_and_override_its_entities_if_523c3be,,Choose the energy view and override its entities if needed,Elige la vista de Energía y anula sus entidades si es necesario,
ui_choose_the_entity_and_card_content_8bde89a,,Choose the entity and card content,Elige la entidad y el contenido de la tarjeta,
ui_choose_the_home_assistant_entities_that_drive_this_room_53a4061,,Choose the Home Assistant entities that drive this room's live indicators. Indicators only appear while they are active.,Elige las entidades de Home Assistant que activan los indicadores en vivo de esta habitación. Los indicadores solo aparecen mientras están activos.,don't translate Home Assistant
ui_choose_the_home_assistant_shown_in_hki_7_b29bc26,,Choose the Home Assistant shown in HKI 7,Elige el Home Assistant que se muestra en HKI 7,"don't translate Home Assistant, HKI 7"
ui_choose_the_player_and_dashboard_label_7fa88ba,,Choose the player and dashboard label,Elige el reproductor y la etiqueta del panel,
ui_choose_the_profile_for_this_light_d8c7bae,,Choose the profile for this light,Elige el perfil para esta luz,
ui_choose_the_sensors_plotted_together_3bc1663,,Choose the sensors plotted together,Elige los sensores que se grafican juntos,
ui_choose_the_source_and_when_a_battery_is_considered_0b993df,,Choose the source and when a battery is considered low,Elige la fuente y cuándo se considera baja una batería,
ui_choose_what_tap_double_tap_and_hold_should_do_0bbe9c8,,"Choose what tap, double tap, and hold should do","Elige qué deben hacer el toque, el doble toque y la pulsación larga",
ui_choose_what_this_action_should_control_7ebe4ab,,Choose what this action should control,Elige qué debe controlar esta acción,
ui_choose_what_this_badge_summarizes_a7af7e6,,Choose what this badge summarizes,Elige qué resume esta insignia,
ui_choose_what_this_header_pill_shows_0bbdbc2,,Choose what this header pill shows,Elige qué muestra esta píldora del encabezado,
ui_choose_where_to_restore_the_dashboard_configuration_from_bb40b34,,Choose where to restore the dashboard configuration from.,Elige desde dónde restaurar la configuración del panel.,
ui_choose_whether_this_person_appears_in_the_home_header_49f0ec2,,Choose whether this person appears in the Home header,Elige si esta persona aparece en el encabezado de Inicio,
ui_choose_which_profiles_this_widget_can_control_2cd9b2b,,Choose which profiles this widget can control,Elige qué perfiles puede controlar este widget,
ui_choose_who_can_see_this_dashboard_they_can_import_2f5e49d,,Choose who can see this dashboard. They can import it into their own app.,Elige quién puede ver este panel. Podrán importarlo a su propia aplicación.,
ui_choose_your_dashboard_1ec85e9,,Choose your dashboard,Elige tu panel,
ui_clean_rooms_4dc67ab,,Clean rooms,Limpiar habitaciones,
ui_clean_selected_43d8dd5,,Clean selected,Limpiar seleccionado,
ui_clear_719ea39,,Clear,Borrar,
ui_clear_battery_config_d8854f7,,Clear battery config?,¿Borrar la configuración de batería?,
ui_clear_battery_view_1952347,,Clear battery view?,¿Borrar la vista de batería?,
ui_clear_battery_view_5ef09bf,,Clear Battery View,Borrar vista de batería,
ui_clear_climate_view_48e8a5e,,Clear Climate View,Borrar vista de clima,
ui_clear_climate_view_9a1339c,,Clear climate view?,¿Borrar la vista de clima?,
ui_clear_config_51f6330,,Clear config,Borrar configuración,
ui_clear_energy_view_401c166,,Clear Energy View,Borrar vista de energía,
ui_clear_energy_view_d577bb7,,Clear energy view?,¿Borrar la vista de energía?,
ui_clear_filters_4122267,,Clear filters,Borrar filtros,
ui_clear_rooms_view_87a43ca,,Clear Rooms View,Borrar vista de habitaciones,
ui_clear_rooms_view_f1d0d72,,Clear rooms view?,¿Borrar la vista de habitaciones?,
ui_clear_search_67300d0,,Clear search,Borrar búsqueda,
ui_clear_security_view_219e25b,,Clear Security View,Borrar vista de seguridad,
ui_clear_security_view_48790f7,,Clear security view?,¿Borrar la vista de seguridad?,
ui_clear_selection_247fd63,,Clear selection,Borrar selección,
ui_climate_4857860,,Climate,Clima,
ui_climate_cards_f4996fd,,Climate Cards,Tarjetas de clima,
ui_climate_devices_are_found_automatically_add_extra_entities_5ebd8b7,,Climate devices are found automatically; add extra entities here if any are missing.,Los dispositivos de clima se detectan automáticamente; agrega aquí entidades adicionales si falta alguna.,
ui_climate_dialog_control_add9f2b,,Climate dialog control,Control del cuadro de diálogo de clima,
ui_climate_sources_take_priority_and_use_their_current_temper_5dbcde3,,Climate sources take priority and use their current_temperature and current_humidity values. ,Las fuentes de clima tienen prioridad y usan sus valores de current_temperature y current_humidity. ,keep the space at the start/end
ui_climate_stack_cards_dcff178,,Climate Stack Cards,Tarjetas de pila de clima,
ui_climate_summary_4686577,,Climate summary,Resumen de clima,
ui_climatedooropen_026f1c8,,climateDoorOpen,climateDoorOpen,
ui_climatehouse_9c0637a,,climateHouse,climateHouse,
ui_climatewindowopen_9b0794a,,climateWindowOpen,climateWindowOpen,
ui_close_bbfa773,,Close,Cerrar,
ui_cloud_backup_is_off_71dfae1,,Cloud backup is off,La copia de seguridad en la nube está desactivada,
ui_collapsed_by_default_65a57c6,,Collapsed by default,Contraído de forma predeterminada,
ui_collapsible_c932fac,,Collapsible,Contraíble,
ui_collection_30c54a9,,Collection,Recolección,
ui_color_1d0c830,,Color,Color,
ui_color_typography_and_component_shape_b82e582,,"Color, typography, and component shape","Color, tipografía y forma de los componentes",
ui_colors_and_light_dark_mode_37de9d5,,Colors and light/dark mode,Colores y modo claro/oscuro,
ui_columns_cf723c5,,Columns,Columnas,
ui_combine_multiple_accounts_from_the_same_carrier_into_one_0006a49,,Combine multiple accounts from the same carrier into one tab and parcel list.,Combina varias cuentas del mismo transportista en una sola pestaña y lista de paquetes.,
ui_comfortpulse_100b63b,,comfortPulse,comfortPulse,
ui_community_source_716abd9,,Community source,Fuente comunitaria,
ui_compact_1df39aa,,Compact,Compacto,
ui_compact_header_50275e8,,Compact header,Encabezado compacto,
ui_compact_mode_hides_the_left_header_pill_persons_subtitle_da84968,,"Compact mode hides the left header pill, persons, subtitle/status information, and room counters. Swipe down on the compact bar to open Search, Flows, Edit, and Settings.","El modo compacto oculta la píldora izquierda del encabezado, las personas, el subtítulo/información de estado y los contadores de habitaciones. Desliza hacia abajo en la barra compacta para abrir Búsqueda, Flujos, Edición y Ajustes.",
ui_compact_tile_height_78b57a3,,Compact tile height,Altura de mosaico compacto,
ui_configured_light_65a3aad,,%1$s configured light%2$s,%1$s luz%2$s configurada,app fills in %1$s %2$s — keep them
ui_confirm_04a2122,,Confirm,Confirmar,
ui_connect_b65463c,,Connect,Conectar,
ui_connected_through_home_assistant_cloud_47a54c0,,Connected through Home Assistant Cloud,Conectado a través de Home Assistant Cloud,don't translate Home Assistant
ui_connected_through_your_external_home_assistant_address_966b0e6,,Connected through your external Home Assistant address,Conectado a través de tu dirección externa de Home Assistant,don't translate Home Assistant
ui_connected_through_your_home_network_cdf4e0f,,Connected through your home network,Conectado a través de tu red doméstica,
ui_connecting_fd3e796,,Connecting…,Conectando…,
ui_connection_6512ee1,,Connection,Conexión,
ui_connection_switched_to_8f04753,,Connection switched to %1$s,Conexión cambiada a %1$s,app fills in %1$s — keep them
ui_contacting_your_home_assistant_server_e0a53d1,,Contacting your Home Assistant server…,Contactando tu servidor de Home Assistant…,don't translate Home Assistant
ui_content_4f9be05,,Content,Contenido,
ui_continue_2e02623,,Continue,Continuar,
ui_continuous_gps_for_live_tracking_uses_much_more_battery_fdcd80d,,Continuous GPS for live tracking — uses much more battery. Leave off for official-app-like behavior.,GPS continuo para seguimiento en vivo: usa mucha más batería. Déjalo desactivado para un comportamiento similar al de la aplicación oficial.,
ui_control_ea1d3df,,Control,Control,
ui_control_how_accounts_become_tabs_and_lists_f100249,,Control how accounts become tabs and lists,Controla cómo las cuentas se convierten en pestañas y listas,
ui_control_layout_4c3b047,,Control layout,Diseño de control,
ui_controls_and_history_sensors_used_by_the_dialog_f71675d,,Controls and history sensors used by the dialog,Controles y sensores de historial usados por el cuadro de diálogo,
ui_controls_light_in_this_profile_cd11089,,Controls %1$s light%2$s in this profile.,Controla %1$s luz%2$s en este perfil.,app fills in %1$s %2$s — keep them
ui_cooling_5569ac4,,Cooling,Enfriando,
ui_copy_af74f7c,,Copy,Copiar,
ui_copy_dashboard_2ea354e,,Copy dashboard,Copiar panel,
ui_copyright_2026_jimz011_b8f2c24,,Copyright © 2026 Jimz011,Copyright © 2026 Jimz011,
ui_corners_f1fb139,,Corners,Esquinas,
ui_could_not_add_the_parcel_check_the_number_and_fd157b4,,Could not add the parcel. Check the number and try again.,No se pudo agregar el paquete. Verifica el número e inténtalo de nuevo.,
ui_couldn_t_reach_a30cc1b,,Couldn't reach %1$s,No se pudo contactar con %1$s,app fills in %1$s — keep them
ui_couldn_t_reach_your_home_assistant_server_2a17c09,,Couldn't reach your Home Assistant server.,No se pudo contactar con tu servidor de Home Assistant.,don't translate Home Assistant
ui_countdown_timer_282cb17,,Countdown timer,Temporizador de cuenta regresiva,
ui_create_6e157c5,,Create,Crear,
ui_create_a_flow_11b4415,,Create a flow,Crear un flujo,
ui_create_a_separate_dashboard_auto_generate_imports_once_and_a5f0ef1,,Create a separate dashboard. Auto Generate imports once and then becomes editable; Start Empty only keeps persons available.,Crea un panel independiente. Generar automáticamente importa una vez y luego se vuelve editable; Empezar vacío solo mantiene disponibles a las personas.,
ui_create_custom_page_d1f53e7,,Create custom page,Crear página personalizada,
ui_created_by_jimz011_2026_hki_7_v_20cbca0,,Created by Jimz011 - 2026 • HKI 7 v%1$s,Creado por Jimz011 - 2026 • HKI 7 v%1$s,app fills in %1$s — keep them; don't translate HKI 7
ui_created_by_jimz011_with_help_from_ai_assisted_development_47c9a41,,"Created by Jimz011 with help from AI-assisted development tools. Product direction, design choices, testing, and responsibility for the released app remain with the project creator.","Creado por Jimz011 con ayuda de herramientas de desarrollo asistidas por IA. La dirección del producto, las decisiones de diseño, las pruebas y la responsabilidad de la aplicación publicada siguen siendo del creador del proyecto.",
ui_created_openly_1cc16d4,,Created openly,Creado de forma abierta,
ui_creates_a_full_duplicate_of_including_all_rooms_widgets_b96bbb1,,"Creates a full duplicate of ""%1$s"", including all rooms, widgets, and page settings. The copy is added to your dashboards without switching to it.","Crea un duplicado completo de ""%1$s"", incluidas todas las habitaciones, widgets y ajustes de página. La copia se agrega a tus paneles sin cambiar a ella.",app fills in %1$s — keep them
ui_critical_04b7b26,,Critical,Crítico,
ui_critical_low_5852b16,,%1$s critical · %2$s low,%1$s crítico · %2$s bajo,app fills in %1$s %2$s — keep them
ui_critical_replace_soon_dbd946d,,Critical — replace soon,Crítico: reemplazar pronto,
ui_current_4fc0e2b,,Current,Actual,
ui_current_88a0a02,,%1$s° current,%1$s° actual,app fills in %1$s — keep them
ui_current_charge_b6b0b3d,,Current charge,Carga actual,
ui_current_e4ef83d,,Current %1$s%%,Actual %1$s%%,app fills in %1$s — keep them
ui_current_weather_0fc6239,,Current weather,Clima actual,
ui_currently_loaded_69ef6fb,,Currently loaded,Cargado actualmente,
ui_custom_081ae3f,,Custom,Personalizado,
ui_custom_buttons_c580449,,Custom buttons,Botones personalizados,
ui_custom_camera_ada9096,,Custom Camera,Cámara personalizada,
ui_custom_camera_url_8191b15,,Custom camera URL,URL de cámara personalizada,
ui_custom_ed17691,,Custom %1$s,%1$s personalizado,app fills in %1$s — keep them
ui_custom_entities_d6e76ae,,Custom entities,Entidades personalizadas,
ui_custom_name_6af17c2,,Custom name,Nombre personalizado,
ui_custom_order_a7a5984,,Custom order,Orden personalizado,
ui_custom_seconds_7467e28,,Custom seconds,Segundos personalizados,
ui_custom_state_378153b,,Custom state...,Estado personalizado...,
ui_custom_url_9c155e9,,Custom URL,URL personalizada,
ui_customize_device_energy_b754bb5,,Customize device energy,Personalizar energía del dispositivo,
ui_customize_top_consumers_eb249c5,,Customize top consumers,Personalizar principales consumidores,
ui_customize_water_devices_81ce5f6,,Customize water devices,Personalizar dispositivos de agua,
ui_d_6388bb3,,"%1$s d, %2$s","%1$s d, %2$s",app fills in %1$s %2$s — keep them
ui_daily_backup_is_active_111a631,,Daily backup is active,La copia de seguridad diaria está activa,
ui_dashboard_d87f47b,,Dashboard,Panel,
ui_dashboard_header_36d8656,,Dashboard header,Encabezado del panel,
ui_dashboard_name_466f3af,,Dashboard name,Nombre del panel,
ui_dashboard_width_and_card_shape_3fcad11,,Dashboard width and card shape,Ancho del panel y forma de la tarjeta,
ui_dashboards_197565b,,Dashboards,Paneles,
ui_dashboards_shared_by_your_family_import_to_add_a_8a6d06e,,Dashboards shared by your family. Import to add a copy to your dashboards; import again later to pull updates.,Paneles compartidos por tu familia. Impórtalos para agregar una copia a tus paneles; vuelve a importar más tarde para obtener actualizaciones.,
ui_dashboards_visual_style_and_everyday_navigation_17f3ac2,,"Dashboards, visual style, and everyday navigation","Paneles, estilo visual y navegación cotidiana",
ui_data_series_e5977fb,,Data series,Series de datos,
ui_data_sources_dadd6ac,,Data sources,Fuentes de datos,
ui_date_eb9a4bc,,Date,Fecha,
ui_datetime_f1e5baf,,DateTime,Fecha y hora,
ui_day_to_839bf92,,%1$s day%2$s to %3$s,%1$s día%2$s a %3$s,app fills in %1$s %2$s %3$s — keep them
ui_decrease_67e19d8,,Decrease,Disminuir,
ui_default_808d7dc,,Default,Predeterminado,
ui_default_effect_per_type_a4ce3c4,,Default effect per type,Efecto predeterminado por tipo,
ui_default_view_343256a,,Default view,Vista predeterminada,
ui_default_weather_entity_588d455,,Default weather entity,Entidad de clima predeterminada,
ui_defrosting_c3b2817,,Defrosting,Descongelando,
ui_delete_0c6013a,,"Delete ""%1$s""?","¿Eliminar ""%1$s""?",app fills in %1$s — keep them
ui_delete_137cdc2,,Delete %1$s?,¿Eliminar %1$s?,app fills in %1$s — keep them
ui_delete_automation_442d61c,,Delete automation?,¿Eliminar automatización?,
ui_delete_f6fdbe4,,Delete,Eliminar,
ui_delete_floor_07c4a91,,Delete floor,Eliminar piso,
ui_delivered_eea956c,,Delivered,Entregado,
ui_demo_mode_a85b728,,Demo mode,Modo de demostración,
ui_description_55f8ebc,,Description,Descripción,
ui_details_dc3decb,,Details,Detalles,
ui_detected_carbon_intensity_9983458,,Detected carbon intensity,Intensidad de carbono detectada,
ui_device_8c01559,,Device: %1$s,Dispositivo: %1$s,app fills in %1$s — keep them
ui_device_a5a74a6,,Device,Dispositivo,
ui_device_details_39c277d,,Device details,Detalles del dispositivo,
ui_device_details_eb36018,,DEVICE DETAILS,DETALLES DEL DISPOSITIVO,
ui_device_energy_79de3d8,,Device energy,Energía del dispositivo,
ui_device_helpers_6a8b199,,Device & helpers,Dispositivo y ayudantes,
ui_device_name_79d7a15,,Device name,Nombre del dispositivo,
ui_device_tracker_and_geocoded_location_f9e2d34,,Device tracker and geocoded location,Rastreador de dispositivo y ubicación geocodificada,
ui_devices_728190e,,devices,dispositivos,
ui_devices_df485c8,,Devices,Dispositivos,
ui_dialog_control_63e18cf,,Dialog control,Control del cuadro de diálogo,
ui_direction_5a47d4d,,Direction —,Dirección —,
ui_disable_battery_optimization_d3201bf,,Disable Battery Optimization,Desactivar optimización de batería,
ui_disarmed_aaa4d9e,,Disarmed,Desactivada,
ui_discovered_acbb9e0,,Discovered,Descubierto,
ui_dismiss_70afe9e,,Dismiss,Descartar,
ui_display_574ff9b,,Display,Pantalla,
ui_display_linked_entities_and_dialog_layout_e6987f9,,"Display, linked entities, and dialog layout","Pantalla, entidades vinculadas y diseño del cuadro de diálogo",
ui_display_mode_627bc30,,Display mode,Modo de visualización,
ui_display_order_5f1293a,,Display order,Orden de visualización,
ui_done_e9b450d,,Done,Listo,
ui_door_locked_4b46012,,Door\nLocked,Puerta\nBloqueada,\n = line break
ui_door_open_74899a4,,Door\nOpen,Puerta\nAbierta,\n = line break
ui_door_sensor_turns_lock_card_red_when_open_9bc1372,,Door sensor (turns lock card red when open),Sensor de puerta (pone en rojo la tarjeta de cerradura cuando está abierta),
ui_door_sensors_a7bb309,,Door sensors,Sensores de puerta,
ui_double_tap_a268e89,,Double tap,Doble toque,
ui_drag_horizontally_across_the_full_button_547ea8c,,Drag horizontally across the full button,Arrastra horizontalmente por todo el botón,
ui_drag_to_reorder_use_the_eye_button_to_hide_cd28b4c,,Drag to reorder. Use the eye button to hide an item or schedule when it shows.,Arrastra para reordenar. Usa el botón de ojo para ocultar un elemento o programar cuándo se muestra.,
ui_drag_to_set_the_order_cameras_appear_on_the_7bcb4f5,,Drag to set the order cameras appear on the Security view.,Arrastra para establecer el orden en que aparecen las cámaras en la vista de Seguridad.,
ui_drag_to_set_the_order_the_cards_appear_below_b6a92e4,,Drag to set the order the cards appear below the house on the Energy view.,Arrastra para establecer el orden en que aparecen las tarjetas debajo de la casa en la vista de Energía.,
ui_drag_to_set_the_order_thermostats_and_ac_units_62d49e7,,Drag to set the order thermostats and AC units appear on the Climate view.,Arrastra para establecer el orden en que aparecen los termostatos y aires acondicionados en la vista de Clima.,
ui_drying_7ea61a9,,Drying,Secando,
ui_e_e0184ad,,E,E,
ui_each_group_controls_one_part_of_this_page_286a40b,,Each group controls one part of this page,Cada grupo controla una parte de esta página,
ui_each_home_keeps_its_own_login_dashboard_notification_conne_c261f94,,"Each home keeps its own login, dashboard, notification connection, and location registration","Cada hogar mantiene su propio inicio de sesión, panel, conexión de notificaciones y registro de ubicación",
ui_edit_5301648,,Edit,Editar,
ui_edit_entities_485ee65,,Edit entities,Editar entidades,
ui_edit_page_17e45f8,,Edit page,Editar página,
ui_edit_sensors_6c38d51,,Edit sensors,Editar sensores,
ui_effects_8f25a85,,Effects,Efectos,
ui_electricity_925cf7f,,Electricity,Electricidad,
ui_electricity_total_c81c63f,,Electricity Total,Electricidad total,
ui_elevation_a514da1,,Elevation,Elevación,
ui_empty_3159fe4,,Empty,Vacío,
ui_empty_bin_0cbe2d7,,Empty bin,Vaciar contenedor,
ui_empty_bin_bcf05c4,,Empty bin: %1$s,Vaciar contenedor: %1$s,app fills in %1$s — keep them
ui_empty_bin_optional_fallback_e40b857,,Empty bin (optional fallback),Vaciar contenedor (alternativa opcional),
ui_empty_iframe_open_its_settings_in_edit_mode_and_c17ba2f,,Empty iFrame — open its settings in edit mode and enter a web address.,iFrame vacío: abre sus ajustes en modo de edición e ingresa una dirección web.,
ui_empty_markdown_widget_open_its_settings_in_edit_mode_b65072d,,Empty markdown widget — open its settings in edit mode to write content.,Widget de Markdown vacío: abre sus ajustes en modo de edición para escribir contenido.,
ui_empty_stack_79d38d5,,Empty Stack,Pila vacía,
ui_enable_cloud_backup_32fe82b,,Enable cloud backup,Activar copia de seguridad en la nube,
ui_enable_home_assistant_backup_bd7cf62,,Enable Home Assistant backup,Activar copia de seguridad de Home Assistant,don't translate Home Assistant
ui_enable_the_features_hki_7_may_use_in_the_52e596d,,Enable the features HKI 7 may use in the background,Activa las funciones que HKI 7 puede usar en segundo plano,don't translate HKI 7
ui_enabled_e22fb09,,ENABLED,ACTIVADO,
ui_end_2a002eb,,End: %1$s,Fin: %1$s,app fills in %1$s — keep them
ui_energy_437bcb1,,Energy,Energía,
ui_energy_cards_c84abda,,Energy Cards,Tarjetas de energía,
ui_energy_counters_imported_from_home_assistant_s_energy_dash_9dd23f9,,Energy counters imported from Home Assistant's Energy dashboard.,Contadores de energía importados del panel de Energía de Home Assistant.,don't translate Home Assistant
ui_energy_stack_cards_5ac4b4c,,Energy Stack Cards,Tarjetas de pila de energía,
ui_energyscene_374cbbb,,energyScene,energyScene,
ui_enter_a_pin_4e6a960,,Enter a PIN,Ingresa un PIN,
ui_enter_a_valid_json_object_00d1e89,,Enter a valid JSON object,Ingresa un objeto JSON válido,
ui_enter_an_address_manually_5eda99d,,Enter an address manually,Ingresar una dirección manualmente,
ui_enter_code_ab45ae5,,Enter code,Ingresar código,
ui_enter_http_url_relative_path_or_webrtc_id_e_bb736eb,,"Enter HTTP URL, relative path, or WebRTC ID (e.g., poort_hd)","Ingresa una URL HTTP, ruta relativa o ID de WebRTC (por ejemplo, poort_hd)",
ui_enter_http_url_relative_path_or_webrtc_path_e_41da8c2,,"Enter HTTP URL, relative path, or WebRTC path (e.g., url: poort_hd)","Ingresa una URL HTTP, ruta relativa o ruta de WebRTC (por ejemplo, url: poort_hd)",
ui_enter_the_same_data_object_home_assistant_shows_in_f7e27af,,Enter the same data object Home Assistant shows in YAML. JSON is used here so values keep their exact type.,Ingresa el mismo objeto de datos que Home Assistant muestra en YAML. Aquí se usa JSON para que los valores conserven su tipo exacto.,don't translate Home Assistant
ui_entities_390082d,,Entities · %1$s,Entidades · %1$s,app fills in %1$s — keep them
ui_entities_6510c2f,,Entities (%1$s),Entidades (%1$s),app fills in %1$s — keep them
ui_entities_9d88f3c,,entities,entidades,
ui_entities_appearance_and_interactions_b90b013,,"Entities, appearance, and interactions","Entidades, apariencia e interacciones",
ui_entities_f7638a2,,Entities,Entidades,
ui_entities_that_signal_activity_or_safety_states_769b862,,Entities that signal activity or safety states,Entidades que indican actividad o estados de seguridad,
ui_entity_icons_gently_glow_spin_or_pulse_while_the_b3a8910,,"Entity icons gently glow, spin, or pulse while the device is on. Only active devices animate.","Los íconos de entidad brillan, giran o laten suavemente mientras el dispositivo está encendido. Solo se animan los dispositivos activos.",
ui_entity_integrations_852a3e0,,Entity integrations,Integraciones de entidades,
ui_entity_name_9543eb8,,Entity name,Nombre de la entidad,
ui_entity_picture_0569c68,,Entity picture,Imagen de la entidad,
ui_entity_unavailable_3974ddb,,Entity unavailable,Entidad no disponible,
ui_event_ad8919a,,Event,Evento,
ui_every_contribution_helps_and_payment_is_never_required_1bc44f2,,"Every contribution helps, and payment is never required","Cada contribución ayuda, y el pago nunca es obligatorio",
ui_everyday_navigation_e2f1711,,Everyday navigation,Navegación cotidiana,
ui_everyone_c756f6a,,Everyone,Todos,
ui_exact_text_or_number_reported_by_home_assistant_00e5cc6,,Exact text or number reported by Home Assistant,Texto o número exacto reportado por Home Assistant,don't translate Home Assistant
ui_example_com_or_https_8381ca6,,example.com or https://…,ejemplo.com o https://…,
ui_existing_camera_5fb3653,,Existing Camera,Cámara existente,
ui_exit_demo_mode_ab94122,,Exit Demo Mode,Salir del modo de demostración,
ui_exit_full_screen_3d9afda,,Exit full screen,Salir de pantalla completa,
ui_exiting_removes_the_sample_home_and_returns_to_the_05548e1,,"Exiting removes the sample home and returns to the welcome screen, where you can connect a real Home Assistant server.","Salir elimina el hogar de muestra y vuelve a la pantalla de bienvenida, donde puedes conectar un servidor de Home Assistant real.",don't translate Home Assistant
ui_expected_delivery_78d54b2,,Expected delivery,Entrega estimada,
ui_expected_today_4af5600,,Expected today,Se espera hoy,
ui_external_url_or_nabu_casa_url_d2e1eed,,External URL or Nabu Casa URL,URL externa o URL de Nabu Casa,don't translate Nabu Casa
ui_family_sharing_160fddb,,Family Sharing,Uso compartido familiar,
ui_family_sharing_settings_are_controlled_by_a_home_assistant_cdb35a2,,Family Sharing settings are controlled by a Home Assistant admin. You can use a dashboard shared with you below.,Los ajustes de uso compartido familiar los controla un administrador de Home Assistant. Puedes usar un panel compartido contigo a continuación.,don't translate Home Assistant
ui_fan_ec38406,,Fan,Ventilador,
ui_fan_modes_fbaa3df,,Fan & modes,Ventilador y modos,
ui_fans_73d38db,,Fans,Ventiladores,
ui_fetch_climate_entities_from_home_assistant_again_a65f837,,Fetch climate entities from Home Assistant again.,Obtener nuevamente las entidades de clima desde Home Assistant.,don't translate Home Assistant
ui_fetch_rooms_floors_and_their_entities_from_home_assistant_0d84305,,"Fetch rooms, floors, and their entities from Home Assistant again.","Obtener nuevamente las habitaciones, pisos y sus entidades desde Home Assistant.",don't translate Home Assistant
ui_fetch_security_entities_from_home_assistant_again_577b666,,Fetch security entities from Home Assistant again.,Obtener nuevamente las entidades de seguridad desde Home Assistant.,don't translate Home Assistant
ui_fetch_the_home_assistant_energy_dashboard_configuration_ag_9180e9b,,Fetch the Home Assistant energy dashboard configuration again.,Obtener nuevamente la configuración del panel de Energía de Home Assistant.,don't translate Home Assistant
ui_find_home_assistant_locally_c992bdf,,Find Home Assistant locally,Buscar Home Assistant localmente,don't translate Home Assistant
ui_firmware_94fe490,,Firmware %1$s,Firmware %1$s,app fills in %1$s — keep them
ui_five_simple_gestures_are_all_you_need_to_get_d4c2675,,Five simple gestures are all you need to get around HKI 7.,Cinco gestos simples son todo lo que necesitas para moverte por HKI 7.,don't translate HKI 7
ui_fixed_tab_10fe998,,Fixed tab,Pestaña fija,
ui_floor_7db82f7,,Floor,Piso,
ui_floor_assignment_288a740,,Floor assignment,Asignación de piso,
ui_floor_name_e9d98d6,,Floor name,Nombre del piso,
ui_floor_settings_640cb8e,,Floor settings,Ajustes del piso,
ui_flowphase_101d9f0,,flowPhase,flowPhase,
ui_flows_1242655,,Flows,Flujos,
ui_focused_groups_keep_advanced_options_easy_to_find_44ac86e,,Focused groups keep advanced options easy to find,Los grupos enfocados mantienen las opciones avanzadas fáciles de encontrar,
ui_font_family_54a1848,,Font family,Familia de fuente,
ui_font_size_ef89fc7,,Font size · %1$s%%,Tamaño de fuente · %1$s%%,app fills in %1$s — keep them
ui_fonts_ffe688a,,Fonts,Fuentes,
ui_force_high_refresh_rate_214de79,,Force high refresh rate,Forzar tasa de refresco alta,
ui_forecast_528bc4b,,Forecast,Pronóstico,
ui_forecast_entities_c950412,,Forecast entities,Entidades de pronóstico,
ui_forget_selection_7864f34,,Forget selection,Olvidar selección,
ui_forward_ba4e722,,Forward,Adelante,
ui_from_ad3b521,,From %1$s,Desde %1$s,app fills in %1$s — keep them
ui_from_state_6c7eaef,,From state,Desde el estado,
ui_full_changelog_ae838e7,,Full changelog,Registro de cambios completo,
ui_full_controls_68749a5,,Full controls,Controles completos,
ui_full_day_name_25ab7ee,,Full Day Name,Nombre completo del día,
ui_full_url_or_a_path_on_your_home_assistant_66f9c59,,Full URL or a path on your Home Assistant server (e.g. /local/vacuum.png),"URL completa o una ruta en tu servidor de Home Assistant (por ejemplo, /local/vacuum.png)",don't translate Home Assistant
ui_gas_ead9650,,Gas,Gas,
ui_generating_your_rooms_01654a1,,Generating your rooms,Generando tus habitaciones,
ui_get_started_bd2cb05,,Get Started,Comenzar,
ui_give_a_humidifier_a_fan_select_input_select_to_860be4d,,"Give a humidifier a fan / select / input_select to control its speed; its options replace the humidifier's mode chips, and modes move to the dialog's nav bar.","Asigna a un humidificador un ventilador / select / input_select para controlar su velocidad; sus opciones reemplazan los chips de modo del humidificador, y los modos pasan a la barra de navegación del cuadro de diálogo.",
ui_glow_6ae5a62,,glow,glow,
ui_glowphase_748e6d6,,glowPhase,glowPhase,
ui_glowpulse_9269294,,glowPulse,glowPulse,
ui_good_61dedcf,,Good,Bueno,
ui_google_drive_07c2964,,Google Drive,Google Drive,don't translate Google Drive
ui_got_it_5b8027f,,Got it,Entendido,
ui_got_it_let_s_explore_107038f,,Got it — let's explore,"Entendido, exploremos",
ui_graph_sensor_c63cbb6,,Graph %1$s · %2$s sensor%3$s,Gráfico %1$s · %2$s sensor%3$s,app fills in %1$s %2$s %3$s — keep them
ui_graph_style_6acd980,,Graph Style,Estilo de gráfico,
ui_graphs_7839947,,Graphs,Gráficos,
ui_grid_density_and_button_presentation_b7907e5,,Grid density and button presentation,Densidad de la cuadrícula y presentación de botones,
ui_grid_density_width_and_tile_shape_267ad9a,,"Grid density, width, and tile shape","Densidad de la cuadrícula, ancho y forma de los mosaicos",
ui_grid_phases_0a5eae5,,Grid & phases,Red y fases,
ui_group_light_paused_for_manual_control_78d6b74,,%1$s group light%2$s paused for manual control.,%1$s luz%2$s de grupo en pausa para control manual.,app fills in %1$s %2$s — keep them
ui_group_related_cards_in_one_section_f978d2b,,Group related cards in one section,Agrupa tarjetas relacionadas en una sola sección,
ui_guide_motion_579dcaf,,guide_motion,guide_motion,
ui_guide_progress_6138614,,guide_progress,guide_progress,
ui_gust_53f5da4,, (gust %1$s), (ráfaga %1$s),app fills in %1$s — keep them; keep the space at the start/end
ui_h_0be1674,,%1$sh,%1$sh,app fills in %1$s — keep them
ui_header_31341c6,,Header,Encabezado,
ui_header_appearance_40327c9,,Header appearance,Apariencia del encabezado,
ui_header_custom_color_rrggbb_1887d0a,,Header custom color (#RRGGBB),Color personalizado del encabezado (#RRGGBB),
ui_header_pill_d7520cf,,Header pill,Píldora del encabezado,
ui_header_text_7f71314,,Header text,Texto del encabezado,
ui_header_text_f7593e7,,Header Text,Texto del encabezado,
ui_header_wallpaper_url_or_path_25cf2b6,,Header wallpaper URL or path,URL o ruta del fondo de pantalla del encabezado,
ui_heading_some_bold_text_a_list_item_one_item_b7f049b,,"# Heading\nSome **bold** text, a list:\n- item one\n- item two","# Encabezado\nAlgo de texto **en negrita**, una lista:\n- elemento uno\n- elemento dos",\n = line break
ui_healthy_80ea156,,Healthy,Saludable,
ui_heating_f2a3e6e,,Heating,Calentando,
ui_height_3f608b4,,Height,Altura,
ui_help_the_project_without_buying_premium_e960d10,,Help the project without buying Premium,Ayuda al proyecto sin comprar Premium,
ui_hidden_1364716,,%1$s hidden,%1$s oculto,app fills in %1$s — keep them
ui_hidden_d4c2792,,Hidden,Oculto,
ui_hidden_during_c0afbbc,,Hidden during,Oculto durante,
ui_hidden_rooms_f621ba4,,Hidden rooms,Habitaciones ocultas,
ui_hidden_items_advanced_title,,Hidden items (advanced),Elementos ocultos (avanzado),
ui_hidden_items_advanced_hint,,Comma-separated list of button entity ids or badge/widget ids to hide from this person specifically. A button's id is its entity id; a badge or widget's id is shown in its own Appearance settings.,Lista separada por comas de identificadores de entidades de botones o identificadores de insignias/widgets para ocultarlos específicamente a esta persona. La identificación de un botón es su identificación de entidad; La identificación de una insignia o widget se muestra en su propia configuración de Apariencia.,
ui_hidden_views_3e16d85,,Hidden views,Vistas ocultas,
ui_hide_certain_views_or_rooms_from_specific_people_to_f10458c,,Hide certain views or rooms from specific people to keep their dashboard simple. This is UX-level hiding — it does not restrict what they can do in Home Assistant itself.,Oculta ciertas vistas o habitaciones a personas específicas para mantener su panel sencillo. Esto es una ocultación a nivel de interfaz; no restringe lo que pueden hacer en Home Assistant.,don't translate Home Assistant
ui_hide_connection_notification_dcee06a,,Hide Connection Notification,Ocultar notificación de conexión,
ui_hide_this_badge_or_schedule_when_it_appears_e149fbf,,"Hide this badge, or schedule when it appears",Oculta esta insignia o programa cuándo aparece,
ui_hide_this_button_or_schedule_when_it_appears_a28bf66,,"Hide this button, or schedule when it appears",Oculta este botón o programa cuándo aparece,
ui_high_accuracy_mode_954d2c5,,High accuracy mode,Modo de alta precisión,
ui_history_90ccd64,,History,Historial,
ui_hki_7_68a9e17,,HKI 7,HKI 7,don't translate HKI 7
ui_hki_7_collects_location_data_to_enable_presence_detection_2dda033,,HKI 7 collects location data to enable presence detection and zone-based ,HKI 7 recopila datos de ubicación para habilitar la detección de presencia y ,don't translate HKI 7; keep the space at the start/end
ui_hki_7_logo_a445c44,,HKI 7 logo,Logotipo de HKI 7,don't translate HKI 7
ui_hki_7_turns_your_native_home_assistant_entities_rooms_c95b345,,"HKI 7 turns your native Home Assistant entities, rooms, automations, media, energy data, and services into a configurable mobile dashboard. It is designed to stay connected to Home Assistant as the source of truth while offering a distinct HKI interface.","HKI 7 convierte tus entidades, habitaciones, automatizaciones, contenido multimedia, datos de energía y servicios nativos de Home Assistant en un panel móvil configurable. Está diseñado para mantenerse conectado a Home Assistant como fuente de verdad, mientras ofrece una interfaz HKI diferenciada.","don't translate Home Assistant, HKI 7"
ui_hki_7_v_d5594a7,,HKI 7 v%1$s,HKI 7 v%1$s,app fills in %1$s — keep them; don't translate HKI 7
ui_home_and_rooms_are_always_shown_reorder_the_other_bea984a,,Home and Rooms are always shown. Reorder the other tabs with the arrows and toggle each on or off.,Inicio y Habitaciones siempre se muestran. Reordena las demás pestañas con las flechas y activa o desactiva cada una.,
ui_home_assistant_backup_is_off_4524f2e,,Home Assistant backup is off,La copia de seguridad de Home Assistant está desactivada,don't translate Home Assistant
ui_home_assistant_c8fd3bb,,Home Assistant,Home Assistant,don't translate Home Assistant
ui_home_assistant_instances_b0de2f3,,Home Assistant instances,Instancias de Home Assistant,don't translate Home Assistant
ui_home_assistant_will_be_unavailable_briefly_while_it_restar_df30b45,,Home Assistant will be unavailable briefly while it restarts. Administrator access is required.,Home Assistant no estará disponible brevemente mientras se reinicia. Se requiere acceso de administrador.,don't translate Home Assistant
ui_home_security_aa534f2,,HOME SECURITY,SEGURIDAD DEL HOGAR,
ui_home_wi_fi_names_comma_separated_b71c6ab,,Home Wi-Fi names (comma separated),Nombres de Wi-Fi doméstica (separados por comas),
ui_hourly_forecast_50f6c9c,,Hourly forecast,Pronóstico por hora,
ui_how_this_control_communicates_state_ad17a3d,,How this control communicates state,Cómo comunica el estado este control,
ui_how_this_icon_animates_while_the_device_is_active_dffdaf5,,"How this icon animates while the device is active. ""Auto"" follows the global setting; the rest override it for this icon.","Cómo se anima este ícono mientras el dispositivo está activo. ""Auto"" sigue el ajuste global; el resto lo anula para este ícono.",
ui_http_homeassistant_local_8123_67b2235,,http://homeassistant.local:8123,http://homeassistant.local:8123,
ui_http_url_relative_path_or_webrtc_name_e_g_dfc56c4,,"HTTP URL, relative path, or WebRTC name (e.g., url: poort_hd)","URL HTTP, ruta relativa o nombre de WebRTC (por ejemplo, url: poort_hd)",
ui_https_1a66279,,https://…,https://…,
ui_https_example_ui_nabu_casa_4d97501,,https://example.ui.nabu.casa,https://example.ui.nabu.casa,
ui_humidifiers_aa38e2a,,Humidifiers,Humidificadores,
ui_humidifiers_are_found_automatically_from_the_humidifier_do_0717429,,Humidifiers are found automatically from the humidifier domain; add extra entities here if any are missing.,Los humidificadores se detectan automáticamente en el dominio humidifier; agrega aquí entidades adicionales si falta alguna.,
ui_humidifying_5d5f6c5,,Humidifying,Humidificando,
ui_humidity_65adb9c,,Humidity,Humedad,
ui_humidity_control_devices_c7e4846,,Humidity control devices,Dispositivos de control de humedad,
ui_humidity_sensor_graphed_in_activity_5b792e1,,Humidity sensor (graphed in Activity),Sensor de humedad (graficado en Actividad),
ui_icon_716f63b,,Icon,Ícono,
ui_icon_animation_5b1faae,,Icon animation,Animación de ícono,
ui_icon_animations_and_effects_db0dea4,,Icon animations and effects,Animaciones y efectos de íconos,
ui_icon_eeaa97d,,Icon: %1$s,Ícono: %1$s,app fills in %1$s — keep them
ui_icon_feedback_180b871,,Icon & feedback,Ícono y retroalimentación,
ui_icons_edb8f6c,,Icons,Íconos,
ui_identity_7e5a975,,Identity,Identidad,
ui_identity_and_connection_bee53f8,,Identity and connection,Identidad y conexión,
ui_identity_presentation_indicators_and_maintenance_d46fbf4,,"Identity, presentation, indicators, and maintenance","Identidad, presentación, indicadores y mantenimiento",
ui_idle_cc1ebdd,,Idle,Inactivo,
ui_image_50e19fd,,Image,Imagen,
ui_image_style_size_shape_and_background_40c17b6,,"Image style, size, shape, and background","Estilo, tamaño, forma y fondo de la imagen",
ui_image_url_or_path_ddd8d74,,Image URL or path,URL o ruta de la imagen,
ui_import_d6fbc9d,,Import,Importar,
ui_import_entities_that_have_not_been_edited_or_remove_6edde59,,"Import entities that have not been edited, or remove all climate edits and import from scratch.","Importa las entidades que no se han editado, o elimina todas las ediciones de clima e importa desde cero.",
ui_import_entities_that_have_not_been_edited_or_remove_9851b28,,"Import entities that have not been edited, or remove all security edits and import from scratch.","Importa las entidades que no se han editado, o elimina todas las ediciones de seguridad e importa desde cero.",
ui_import_from_family_f9eb88d,,Import from family,Importar desde la familia,
ui_import_only_rooms_and_entities_that_have_not_been_478d449,,"Import only rooms and entities that have not been edited, or remove all edited rooms and floors and import everything from scratch.","Importa solo las habitaciones y entidades que no se han editado, o elimina todos los pisos y habitaciones editados e importa todo desde cero.",
ui_import_only_rooms_that_have_not_been_edited_or_d59bee5,,"Import only rooms that have not been edited, or rebuild everything. Rebuilding removes all edited rooms and floors before importing them from scratch.","Importa solo las habitaciones que no se han editado, o reconstruye todo. Reconstruir elimina todas las habitaciones y pisos editados antes de importarlos desde cero.",
ui_import_sensors_with_device_class_battery_and_unit_of_dfaced9,,Import sensors with device_class battery and unit_of_measurement %.,Importa sensores con device_class battery y unit_of_measurement %.,
ui_import_settings_that_have_not_been_edited_or_remove_2fc3850,,"Import settings that have not been edited, or remove all energy edits and import from scratch.","Importa los ajustes que no se han editado, o elimina todas las ediciones de energía e importa desde cero.",
ui_import_unedited_4a58143,,Import unedited,Importar sin editar,
ui_imported_stacks_cannot_be_removed_in_auto_mode_hide_608f9ed,,"Imported stacks cannot be removed in auto mode. Hide the stack instead, or take over / switch to manual mode to delete it permanently.","Las pilas importadas no se pueden eliminar en modo automático. Oculta la pila en su lugar, o toma el control / cambia al modo manual para eliminarla permanentemente.",
ui_importing_820599d,,Importing…,Importando…,
ui_importing_areas_and_entities_from_home_assistant_0e50b82,,Importing areas and entities from Home Assistant…,Importando áreas y entidades desde Home Assistant…,don't translate Home Assistant
ui_incoming_outgoing_1815915,,%1$s incoming · %2$s outgoing%3$s,%1$s entrando · %2$s saliendo%3$s,app fills in %1$s %2$s %3$s — keep them
ui_incoming_outgoing_49b9c0b,,%1$s incoming · %2$s outgoing,%1$s entrando · %2$s saliendo,app fills in %1$s %2$s — keep them
ui_incorrect_pin_2de1d18,,Incorrect PIN,PIN incorrecto,
ui_increase_5a7fecf,,Increase,Aumentar,
ui_individual_water_usage_21dd78c,,Individual water usage,Consumo individual de agua,
ui_individual_widgets_ff1526f,,Individual widgets,Widgets individuales,
ui_indoor_average_53abf03,,INDOOR AVERAGE,PROMEDIO INTERIOR,
ui_indoor_comfort_7060319,,Indoor comfort,Confort interior,
ui_instance_name_e98a2eb,,Instance name,Nombre de la instancia,
ui_interactions_0b3583e,,Interactions,Interacciones,
ui_internal_url_acab9b2,,Internal URL,URL interna,
ui_interval_seconds_eaeeb46,,Interval seconds,Intervalo en segundos,
ui_is_c24d775,, is, es,keep the space at the start/end
ui_item_corner_roundness_5032003,,Item corner roundness,Redondez de esquinas del elemento,
ui_items_cabff0b,,%1$s items,%1$s elementos,app fills in %1$s — keep them
ui_k_df46805,,%1$sK,%1$sK,app fills in %1$s — keep them
ui_keep_existing_edits_or_remove_all_battery_edits_and_acc0236,,"Keep existing edits, or remove all battery edits and import from scratch.","Conserva las ediciones existentes, o elimina todas las ediciones de batería e importa desde cero.",
ui_keep_only_the_title_right_header_pill_and_back_7777651,,"Keep only the title, right header pill, and back button when a page has one.","Conserva solo el título, la píldora derecha del encabezado y el botón atrás cuando una página lo tenga.",
ui_keeps_a_connection_to_home_assistant_for_instant_notificat_ecaee7d,,Keeps a connection to Home Assistant for instant notifications,Mantiene una conexión con Home Assistant para notificaciones instantáneas,don't translate Home Assistant
ui_keeps_presence_detection_and_zone_automations_working_andr_c48598a,,Keeps presence detection and zone automations working. Android should show ‘Allow all the time’.,"Mantiene funcionando la detección de presencia y las automatizaciones de zona. Android debería mostrar ""Permitir todo el tiempo"".",
ui_keeps_your_device_location_updated_in_home_assistant_e295875,,Keeps your device location updated in Home Assistant,Mantiene actualizada la ubicación de tu dispositivo en Home Assistant,don't translate Home Assistant
ui_km_h_ede7178,,%1$s km/h,%1$s km/h,app fills in %1$s — keep them
ui_languages_and_frameworks_used_by_the_android_app_fb4ac97,,Languages and frameworks used by the Android app,Lenguajes y frameworks usados por la aplicación de Android,
ui_last_backup_05509f8,,Last backup %1$s,Última copia de seguridad %1$s,app fills in %1$s — keep them
ui_last_h_3faaee1,,Last %1$sh,Últimas %1$sh,app fills in %1$s — keep them
ui_last_run_b27f32a,,Last run %1$s,Última ejecución %1$s,app fills in %1$s — keep them
ui_layout_972ad8d,,Layout,Diseño,
ui_leave_a_tip_5f90f10,,Leave a tip,Dejar una propina,
ui_leave_empty_to_use_the_home_assistant_name_f769e92,,Leave empty to use the Home Assistant name,Deja vacío para usar el nombre de Home Assistant,don't translate Home Assistant
ui_leave_this_empty_for_local_only_access_add_an_cc6bf85,,Leave this empty for local-only access. Add an external or Nabu Casa URL to use HKI 7 away from home.,Déjalo vacío para acceso solo local. Agrega una URL externa o de Nabu Casa para usar HKI 7 fuera de casa.,"don't translate Nabu Casa, HKI 7"
ui_left_8ae1c34,,Left,Izquierda,
ui_left_side_overflows_right_fc8533c,,Left side overflows right,El lado izquierdo se desborda hacia la derecha,
ui_less_526cb74,,Less,Menos,
ui_let_hki_7_create_the_first_version_for_you_dc36439,,Let HKI 7 create the first version for you.,Deja que HKI 7 cree la primera versión por ti.,don't translate HKI 7
ui_let_this_person_enter_edit_mode_667df39,,Let this person enter edit mode,Permitir que esta persona entre en modo de edición,
ui_level_7c7f5d0,,Level,Nivel,
ui_level_unavailable_a442183,,Level unavailable,Nivel no disponible,
ui_license_3229609,,License,Licencia,
ui_light_is_turned_off_ebc0cf1,,Light is turned off,La luz está apagada,
ui_lines_c6fd387,,Lines,Líneas,
ui_link_a_device_to_auto_fill_the_humidifier_s_6f65010,,"Link a device to auto-fill the humidifier's helper entities, or set them by hand","Vincula un dispositivo para autocompletar las entidades auxiliares del humidificador, o configúralas manualmente",
ui_link_a_speed_control_197d75a,,Link a speed control,Vincular un control de velocidad,
ui_linked_speed_control_optional_95fd680,,Linked speed control (optional),Control de velocidad vinculado (opcional),
ui_live_65c821a,,Live,En vivo,
ui_live_6990f01,,LIVE,EN VIVO,
ui_live_indicators_11ef687,,Live indicators,Indicadores en vivo,
ui_live_power_sensors_imported_from_home_assistant_s_configur_1b926f2,,Live power sensors imported from Home Assistant's configured Energy devices.,Sensores de potencia en vivo importados de los dispositivos de Energía configurados en Home Assistant.,don't translate Home Assistant
ui_loading_actions_260b0c0,,Loading actions…,Cargando acciones…,
ui_loading_actions_877bfd9,,Loading actions...,Cargando acciones...,
ui_loading_camera_50a8065,,Loading camera…,Cargando cámara…,
ui_loading_device_a3fda88,,Loading device...,Cargando dispositivo...,
ui_local_file_576d5ac,,Local file,Archivo local,
ui_local_network_optional_42aba01,,Local network (optional),Red local (opcional),
ui_local_only_05ed059,,Local Only,Solo local,
ui_locating_e46bab0,,Locating…,Ubicando…,
ui_location_access_3b68001,,Location access,Acceso a la ubicación,
ui_location_d219c68,,Location,Ubicación,
ui_location_unavailable_3a57dda,,Location Unavailable,Ubicación no disponible,
ui_lock_c37eb4c,,LOCK,CERRADURA,
ui_locked_a798882,,Locked,Bloqueado,
ui_locks_the_screen_to_its_highest_refresh_rate_while_585256f,,Locks the screen to its highest refresh rate while the app is open (uses more battery).,Bloquea la pantalla en su tasa de refresco más alta mientras la aplicación está abierta (usa más batería).,
ui_log_in_again_1ee6e18,,Log in again,Iniciar sesión de nuevo,
ui_logging_in_again_keeps_your_dashboard_and_settings_9a8ed6f,,Logging in again keeps your dashboard and settings.,Volver a iniciar sesión conserva tu panel y tus ajustes.,
ui_logo_url_or_ha_local_path_optional_e795f06,,Logo URL or HA/local path (optional),URL del logo o ruta local de HA (opcional),
ui_logout_keep_config_32a0cfb,,Logout (Keep Config),Cerrar sesión (conservar configuración),
ui_low_a124947,,Low,Bajo,
ui_low_ba7cae2,,%1$s low,%1$s bajo,app fills in %1$s — keep them
ui_low_batteries_41d22d9,,%1$s low batteries,%1$s baterías bajas,app fills in %1$s — keep them
ui_low_plan_a_replacement_34435da,,Low — plan a replacement,Bajo: planea un reemplazo,
ui_low_threshold_1ecfd8b,,Low threshold (%),Umbral bajo (%),
ui_lunar_phase_301b75e,,Lunar phase,Fase lunar,
ui_mail_92379cb,,Mail,Correo,
ui_maintenance_94de303,,Maintenance,Mantenimiento,
ui_manage_items_d854c4b,,Manage items,Administrar elementos,
ui_manage_order_411f2d9,,Manage order,Administrar orden,
ui_managed_by_an_admin_805ae65,,Managed by an admin,Administrado por un administrador,
ui_manual_configuration_only_selected_entities_and_devices_ar_10e150b,,Manual configuration: only selected entities and devices are shown.,Configuración manual: solo se muestran las entidades y dispositivos seleccionados.,
ui_map_ab478f3,,Map,Mapa,
ui_map_c5cc79f,,Map: %1$s,Mapa: %1$s,app fills in %1$s — keep them
ui_map_camera_for_dialog_2bc4344,,Map camera (for dialog),Cámara de mapa (para el cuadro de diálogo),
ui_map_status_sensors_and_control_bindings_8cc2dbd,,"Map, status sensors, and control bindings","Mapa, sensores de estado y enlaces de control",
ui_map_unavailable_0ccd149,,Map unavailable,Mapa no disponible,
ui_markdown_23e67fc,,Markdown,Markdown,
ui_matching_entities_are_added_automatically_by_home_assistan_07ebdac,,Matching entities are added automatically by Home Assistant device class. Add any missing or custom entities here.,Las entidades coincidentes se agregan automáticamente según la clase de dispositivo de Home Assistant. Agrega aquí cualquier entidad faltante o personalizada.,don't translate Home Assistant
ui_media_0c77aee,,Media,Multimedia,
ui_media_browsing_isn_t_available_for_this_player_e068417,,Media browsing isn't available for this player.,La exploración de contenido multimedia no está disponible para este reproductor.,
ui_media_library_b9c5845,,Media library,Biblioteca multimedia,
ui_media_players_a4b8cf2,,Media players,Reproductores multimedia,
ui_media_players_ec25525,,Media Players,Reproductores multimedia,
ui_messages_safety_and_portability_ee58dfe,,"Messages, safety, and portability","Mensajes, seguridad y portabilidad",
ui_messages_sent_to_this_device_via_home_assistant_s_87e4a32,,Messages sent to this device via\nHome Assistant's notify service appear here.,Los mensajes enviados a este dispositivo mediante\nel servicio notify de Home Assistant aparecen aquí.,don't translate Home Assistant; \n = line break
ui_meteorological_tap_or_swipe_3f3d67e,,Meteorological · tap or swipe,Meteorológico · toca o desliza,
ui_meter_readings_a3c12c4,,Meter readings,Lecturas del medidor,
ui_mixed_climate_5d22eb9,,Mixed climate,Clima mixto,
ui_mm_ce9b88b,,%1$s mm,%1$s mm,app fills in %1$s — keep them
ui_mmm_d_9367bcf,,"%1$s, MMM d","%1$s, MMM d",app fills in %1$s — keep them
ui_mode_a7b93d2,,Mode,Modo,
ui_modes_6fc3ca8,,MODES,MODOS,
ui_modes_79f5b22,,Modes,Modos,
ui_monitoring_a814345,,Monitoring,Monitoreo,
ui_moon_846b902,,Moon,Luna,
ui_move_down_260ff8a,,Move down,Mover hacia abajo,
ui_move_up_b4f57cd,,Move up,Mover hacia arriba,
ui_mozilla_public_license_2_0_mpl_2_0_4ec8335,,Mozilla Public License 2.0 (MPL-2.0),Licencia Pública de Mozilla 2.0 (MPL-2.0),
ui_multiple_climate_values_are_averaged_separate_sensor_value_cfccbf4,,Multiple climate values are averaged. Separate sensor values are averaged only when no climate source is selected.,Los valores de clima múltiples se promedian. Los valores de sensores separados solo se promedian cuando no hay ninguna fuente de clima seleccionada.,
ui_mywifi_mywifi_5g_2a163c1,,"MyWiFi, MyWiFi-5G","MiWiFi, MiWiFi-5G",
ui_n_b51a607,,N,N,
ui_name_709a232,,Name,Nombre,
ui_name_a_z_257c1c4,,Name A-Z,Nombre A-Z,
ui_name_and_icon_shown_above_this_container_9076bde,,Name and icon shown above this container,Nombre e ícono mostrados sobre este contenedor,
ui_name_and_icon_shown_above_this_floor_3755eda,,Name and icon shown above this floor,Nombre e ícono mostrados sobre este piso,
ui_name_and_icon_used_throughout_the_app_bed8e83,,Name and icon used throughout the app,Nombre e ícono usados en toda la aplicación,
ui_name_optional_9c9f03a,,Name (optional),Nombre (opcional),
ui_name_subtitle_and_navigation_icon_3f2e8c4,,"Name, subtitle, and navigation icon","Nombre, subtítulo e ícono de navegación",
ui_name_this_device_4d603e2,,Name this device,Nombra este dispositivo,
ui_name_width_and_icon_a4d694b,,"Name, width, and icon","Nombre, ancho e ícono",
ui_name_z_a_daabfb6,,Name Z-A,Nombre Z-A,
ui_native_home_assistant_automations_always_in_sync_ae8941e,,"Native Home Assistant automations, always in sync","Automatizaciones nativas de Home Assistant, siempre sincronizadas",don't translate Home Assistant
ui_navigation_bar_e90e3de,,Navigation Bar,Barra de navegación,
ui_network_routes_for_1d18efd,,Network routes for %1$s,Rutas de red para %1$s,app fills in %1$s — keep them
ui_never_sent_to_the_developer_or_to_any_third_f0479e9,,"never sent to the developer or to any third party, and you can turn this ","nunca se envía al desarrollador ni a terceros, y puedes desactivar esto ",keep the space at the start/end
ui_never_triggered_c91b347,,Never triggered,Nunca activada,
ui_new_dashboard_4d3c071,,New Dashboard,Panel nuevo,
ui_new_floor_1389094,,New floor,Piso nuevo,
ui_new_flow_d4cef94,,New flow,Flujo nuevo,
ui_next_camera_14994be,,Next camera,Cámara siguiente,
ui_no_active_parcels_or_mail_6c9d49c,,No active parcels or mail.,No hay paquetes o correo activos.,
ui_no_activity_in_this_period_5cb3978,,No activity in this period,Sin actividad en este período,
ui_no_adaptive_lighting_profiles_are_currently_available_6d29642,,No Adaptive Lighting profiles are currently available.,Actualmente no hay perfiles de iluminación adaptativa disponibles.,
ui_no_air_purifiers_configured_add_fan_entities_under_climate_fd229a8,,No air purifiers configured. Add fan entities under Climate Settings → Climate Entities → Air purifiers.,No hay purificadores de aire configurados. Agrega entidades de ventilador en Ajustes de Clima → Entidades de clima → Purificadores de aire.,
ui_no_alarm_585ad82,,No alarm,Sin alarma,
ui_no_announced_letters_4382408,,No announced letters.,No hay cartas anunciadas.,
ui_no_archived_notifications_ed5604b,,No archived notifications,No hay notificaciones archivadas,
ui_no_battery_entities_found_turn_off_battery_filtering_to_dfbc403,,No Battery+ entities found. Turn off Battery+ filtering to show all battery sensors.,No se encontraron entidades de Batería+. Desactiva el filtrado de Batería+ para mostrar todos los sensores de batería.,
ui_no_battery_sensors_found_7cc0962,,No battery sensors found.,No se encontraron sensores de batería.,
ui_no_camera_selected_717ad35,,No camera selected,No hay cámara seleccionada,
ui_no_carbon_intensity_sensor_found_on_this_device_140bf09,,No carbon intensity sensor found on this device,No se encontró ningún sensor de intensidad de carbono en este dispositivo,
ui_no_cards_yet_open_the_stack_settings_to_pick_021dada,,No cards yet — open the stack settings to pick energy cards.,Aún no hay tarjetas: abre los ajustes de la pila para elegir tarjetas de energía.,
ui_no_cards_yet_open_the_stack_settings_to_pick_ca8008f,,No cards yet — open the stack settings to pick climate cards.,Aún no hay tarjetas: abre los ajustes de la pila para elegir tarjetas de clima.,
ui_no_climate_data_37d45e0,,No climate data,Sin datos de clima,
ui_no_climate_devices_found_thermostats_and_ac_units_from_2e47541,,No climate devices found. Thermostats and AC units from Home Assistant appear here automatically.,No se encontraron dispositivos de clima. Los termostatos y aires acondicionados de Home Assistant aparecen aquí automáticamente.,don't translate Home Assistant
ui_no_collections_in_the_next_7_days_6d48bf4,,No collections in the next 7 days.,No hay recolecciones en los próximos 7 días.,
ui_no_conditions_this_flow_always_continues_c95e76f,,No conditions — this flow always continues,Sin condiciones: este flujo siempre continúa,
ui_no_dashboards_have_been_shared_with_you_yet_ask_38b2c0d,,"No dashboards have been shared with you yet. Ask an admin to share one, or pick another option above.","Aún no se ha compartido ningún panel contigo. Pide a un administrador que comparta uno, o elige otra opción arriba.",
ui_no_dashboards_have_been_shared_with_you_yet_ask_877080a,,No dashboards have been shared with you yet. Ask an admin to share one.,Aún no se ha compartido ningún panel contigo. Pide a un administrador que comparta uno.,
ui_no_data_d802d23,,No data,Sin datos,
ui_no_door_sensor_f6b60c8,,No door sensor,Sin sensor de puerta,
ui_no_energy_sensors_found_eeecdec,,No energy sensors found.,No se encontraron sensores de energía.,
ui_no_events_e339ba7,,No events,No hay eventos,
ui_no_fans_found_fan_entities_from_home_assistant_appear_279dab7,,No fans found. Fan entities from Home Assistant appear here automatically.,No se encontraron ventiladores. Las entidades de ventilador de Home Assistant aparecen aquí automáticamente.,don't translate Home Assistant
ui_no_forecast_available_ed48809,,No forecast available,No hay pronóstico disponible,
ui_no_graphs_yet_open_the_stack_settings_to_add_87f742f,,No graphs yet — open the stack settings to add sensor graphs.,Aún no hay gráficos: abre los ajustes de la pila para agregar gráficos de sensores.,
ui_no_heading_162947f,,No heading,Sin encabezado,
ui_no_hourly_forecast_available_9ef5a5f,,No hourly forecast available,No hay pronóstico por hora disponible,
ui_no_humidifiers_found_humidifier_entities_from_home_assista_eeadbd7,,No humidifiers found. Humidifier entities from Home Assistant appear here automatically; extras can be added in Climate Settings.,No se encontraron humidificadores. Las entidades de humidificador de Home Assistant aparecen aquí automáticamente; puedes agregar extras en Ajustes de Clima.,don't translate Home Assistant
ui_no_individual_water_devices_configured_d0060ba,,No individual water devices configured.,No hay dispositivos de agua individuales configurados.,
ui_no_letter_image_available_eeb42c0,,No letter image available,No hay imagen de carta disponible,
ui_no_map_camera_configured_d72057b,,No map camera\nconfigured,No hay cámara de mapa\nconfigurada,\n = line break
ui_no_map_camera_set_configure_in_button_settings_b54466c,,No map camera set.\nConfigure in button settings.,No hay cámara de mapa establecida.\nConfigura en los ajustes del botón.,\n = line break
ui_no_matches_cd0af6c,,No matches,Sin coincidencias,
ui_no_matching_automations_4489522,,No matching automations,No hay automatizaciones coincidentes,
ui_no_media_players_found_1248a89,,No media players found.,No se encontraron reproductores multimedia.,
ui_no_native_home_assistant_automations_found_725a043,,No native Home Assistant automations found,No se encontraron automatizaciones nativas de Home Assistant,don't translate Home Assistant
ui_no_non_admin_users_found_on_this_home_assistant_e9e665d,,No non-admin users found on this Home Assistant.,No se encontraron usuarios no administradores en este Home Assistant.,don't translate Home Assistant
ui_no_notifications_a72159d,,No Notifications,Sin notificaciones,
ui_no_notifications_b08626f,,No notifications,Sin notificaciones,
ui_no_options_available_7a19b6d,,No options available,No hay opciones disponibles,
ui_no_other_entities_on_this_device_fbc481b,,No other entities on this device.,No hay otras entidades en este dispositivo.,
ui_no_other_users_found_on_this_home_assistant_cb89d3d,,No other users found on this Home Assistant.,No se encontraron otros usuarios en este Home Assistant.,don't translate Home Assistant
ui_no_parcel_selected_922a402,,No parcel selected,No hay paquete seleccionado,
ui_no_parcels_cf4c0a0,,No %1$s parcels.,No hay paquetes %1$s.,app fills in %1$s — keep them
ui_no_phase_sensors_configured_in_energy_settings_b88c1dc,,No phase sensors configured in Energy Settings.,No hay sensores de fase configurados en Ajustes de Energía.,
ui_no_power_sensors_found_caf2e07,,No power sensors found.,No se encontraron sensores de potencia.,
ui_no_power_sensors_found_on_this_device_or_its_942e9be,,No power sensors found on this device (or its sub-devices) yet.,Aún no se encontraron sensores de potencia en este dispositivo (ni en sus subdispositivos).,
ui_no_profile_available_98d6e00,,No profile available,No hay perfil disponible,
ui_no_sensors_found_edacf22,,No %1$s sensors found.,No se encontraron sensores de %1$s.,app fills in %1$s — keep them
ui_no_sensors_selected_open_the_widget_settings_in_edit_cd87a2e,,No sensors selected — open the widget settings in edit mode.,No hay sensores seleccionados: abre los ajustes del widget en modo de edición.,
ui_no_servers_found_yet_make_sure_you_re_on_7e6832d,,"No servers found yet. Make sure you're on the same Wi-Fi, or enter the address below.","Aún no se encontraron servidores. Asegúrate de estar en la misma Wi-Fi, o ingresa la dirección abajo.",
ui_no_speed_control_linked_cb0e9ad,,No speed control linked,No hay control de velocidad vinculado,
ui_no_status_history_enable_parcel_history_in_the_integration_302ca4a,,No status history (enable parcel history in the integration options),No hay historial de estado (activa el historial de paquetes en las opciones de la integración),
ui_no_stream_available_0535c4e,,No stream available,No hay transmisión disponible,
ui_no_stream_available_6bfd14a,,No Stream Available,No hay transmisión disponible,
ui_no_supported_alarm_modes_reported_by_this_entity_588b22a,,No supported alarm modes reported by this entity,Esta entidad no reporta modos de alarma compatibles,
ui_no_target_f919b89,,No target,Sin objetivo,
ui_no_tariff_sensors_configured_in_energy_settings_2ad6a3c,,No tariff sensors configured in Energy Settings.,No hay sensores de tarifa configurados en Ajustes de Energía.,
ui_no_thanks_6d745b3,,No thanks,"No, gracias",
ui_no_upcoming_collections_feff2a6,,No upcoming collections,No hay próximas recolecciones,
ui_no_waste_sensors_selected_68b51ce,,No waste sensors selected,No hay sensores de residuos seleccionados,
ui_no_waste_sensors_selected_add_them_via_the_widget_554ff3d,,No waste sensors selected. Add them via the widget settings in edit mode.,No hay sensores de residuos seleccionados. Agrégalos mediante los ajustes del widget en modo de edición.,
ui_no_weather_cards_ce32255,,No weather cards,No hay tarjetas de clima,
ui_no_weather_entity_available_7476bcb,,No weather entity available,No hay entidad de clima disponible,
ui_no_widgets_match_73a3c20,,"No widgets match ""%1$s""","Ningún widget coincide con ""%1$s""",app fills in %1$s — keep them
ui_none_6eef664,,None,Ninguno,
ui_none_auto_cc8786f,,None / Auto,Ninguno / Auto,
ui_none_modes_stay_as_the_only_control_b62bff7,,None — modes stay as the only control,Ninguno: los modos siguen siendo el único control,
ui_none_of_your_configured_carriers_support_adding_a_parcel_21dc0a4,,"None of your configured carriers support adding a parcel by tracking number. Account-based carriers (PostNL, DPD, DHL) only track what's already in your account.","Ninguno de tus transportistas configurados admite agregar un paquete por número de rastreo. Los transportistas basados en cuenta (PostNL, DPD, DHL) solo rastrean lo que ya está en tu cuenta.",
ui_none_selected_5798946,,None selected,Ninguno seleccionado,
ui_none_timer_follows_the_completion_time_only_09d470a,,None — timer follows the completion time only,Ninguno: el temporizador solo sigue la hora de finalización,
ui_not_enough_data_cdb9d58,,Not enough data,No hay suficientes datos,
ui_not_enough_data_in_this_period_48188c4,,Not enough data in this period,No hay suficientes datos en este período,
ui_not_loaded_by_home_assistant_95f811a,,Not loaded by Home Assistant,No cargado por Home Assistant,don't translate Home Assistant
ui_not_set_93039e6,,Not set,No establecido,
ui_nothing_here_7f42022,,Nothing here.,Nada aquí.,
ui_nothing_hidden_fd1cdd3,,Nothing hidden,Nada oculto,
ui_nothing_is_shared_yet_fca61d0,,Nothing is shared yet.,Aún no hay nada compartido.,
ui_nothing_removed_d67902f,,Nothing removed.,No se eliminó nada.,
ui_nothing_removed_use_edit_mode_on_the_climate_page_dd07910,,Nothing removed. Use edit mode on the Climate page to remove cards; they land here and can be restored.,No se eliminó nada. Usa el modo de edición en la página de Clima para eliminar tarjetas; llegan aquí y se pueden restaurar.,
ui_nothing_to_reorder_yet_cdcbb36,,Nothing to reorder yet.,Aún no hay nada para reordenar.,
ui_notification_c18f8f2,,Notification,Notificación,
ui_notifications_753a22b,,Notifications,Notificaciones,
ui_notifications_are_delivered_over_the_app_s_live_connection_d2aa965,,Notifications are delivered over the app's live connection whenever it is open — send them from Home Assistant with the notify service for this device. Swipe in from the left edge to see the history.,Las notificaciones se entregan mediante la conexión en vivo de la aplicación mientras está abierta; envíalas desde Home Assistant con el servicio notify para este dispositivo. Desliza desde el borde izquierdo para ver el historial.,don't translate Home Assistant
ui_now_e3b8204,,Now,Ahora,
ui_of_3_enabled_5cdedd4,,%1$s of 3 enabled,%1$s de 3 activados,app fills in %1$s — keep them
ui_of_home_fdfd824,,%1$s%% of home,%1$s%% de la casa,app fills in %1$s — keep them
ui_off_ad50489,,OFF,APAGADO,
ui_off_at_any_time_in_android_settings_4607e2c,,off at any time in Android settings.,en cualquier momento en los ajustes de Android.,
ui_off_e3de5ab,,Off,Apagado,
ui_ok_9ce3bd4,,OK,Aceptar,
ui_on_12469c7,,On - %1$s%%,Encendido - %1$s%%,app fills in %1$s — keep them
ui_on_387d7a5,,ON,ENCENDIDO,
ui_on_e0049a6,,On,Encendido,
ui_on_f9ca2fe,,%1$s%% • ON,%1$s%% • ENCENDIDO,app fills in %1$s — keep them
ui_on_these_wi_fi_networks_the_app_connects_via_82d3f1f,,On these Wi-Fi networks the app connects via the internal URL; everywhere else it uses the main server URL above.,En estas redes Wi-Fi la aplicación se conecta mediante la URL interna; en cualquier otro lugar usa la URL principal del servidor de arriba.,
ui_on_this_device_a7f9620,,On this device,En este dispositivo,
ui_onboard_step_fefaac1,,onboard_step,onboard_step,
ui_only_percentage_sensors_classified_by_home_assistant_as_ba_0d94a2a,,Only percentage sensors classified by Home Assistant as batteries are imported. ,Solo se importan los sensores de porcentaje clasificados por Home Assistant como baterías. ,don't translate Home Assistant; keep the space at the start/end
ui_only_show_battery_entities_and_include_battery_type_detail_b216867,,Only show Battery+ entities and include battery type details,Mostrar solo entidades de Batería+ e incluir detalles del tipo de batería,
ui_only_show_battery_entities_and_include_type_quantity_and_0d8ce40,,"Only show Battery+ entities and include type, quantity, and related battery info.","Muestra solo entidades de Batería+ e incluye tipo, cantidad e información relacionada de la batería.",
ui_open_camera_full_screen_afc186b,,Open camera full screen,Abrir cámara en pantalla completa,
ui_open_cf9b770,,Open,Abrir,
ui_open_history_for_graph_ae801d5,,Open history for graph,Abrir historial para el gráfico,
ui_open_link_d2de1a2,,Open link,Abrir enlace,
ui_open_source_and_premium_licensing_0328125,,Open-source and premium licensing,Código abierto y licencias premium,
ui_open_the_component_on_github_c1e5ee5,,Open the component on GitHub,Abrir el componente en GitHub,
ui_open_this_panel_by_swiping_left_from_the_upper_671e63c,,Open this panel by swiping left from the upper-right edge of any page header.,Abre este panel deslizando hacia la izquierda desde el borde superior derecho del encabezado de cualquier página.,
ui_opening_dashboard_8e99930,,Opening dashboard…,Abriendo panel…,
ui_openstreetmap_fa78a33,,OpenStreetMap,OpenStreetMap,
ui_optional_context_shown_by_the_lock_card_03f6814,,Optional context shown by the lock card,Contexto opcional mostrado por la tarjeta de cerradura,
ui_optional_controls_and_sensors_for_richer_dialogs_7a80e7b,,Optional controls and sensors for richer dialogs,Controles y sensores opcionales para diálogos más completos,
ui_optional_display_name_and_icon_override_f7a6cda,,Optional display name and icon override,Nombre de visualización e ícono personalizados opcionales,
ui_optional_fields_passed_to_home_assistant_54dffc6,,Optional fields passed to Home Assistant,Campos opcionales enviados a Home Assistant,don't translate Home Assistant
ui_optional_label_shown_when_name_is_enabled_above_8229e92,,"Optional label shown when ""Name"" is enabled above","Etiqueta opcional mostrada cuando ""Nombre"" está activado arriba",
ui_optional_name_and_icon_overrides_5dfd062,,Optional name and icon overrides,Anulaciones opcionales de nombre e ícono,
ui_optional_name_and_icon_shown_above_this_stack_272f237,,Optional name and icon shown above this stack,Nombre e ícono opcionales mostrados sobre esta pila,
ui_optional_premium_5ae8183,,Optional Premium,Premium opcional,
ui_optional_support_for_development_and_testing_costs_5d6af95,,Optional support for development and testing costs,Apoyo opcional para los costos de desarrollo y pruebas,
ui_optional_title_and_dashboard_width_e04c6e8,,Optional title and dashboard width,Título y ancho de panel opcionales,
ui_optional_title_width_and_supported_shape_8b2e456,,"Optional title, width, and supported shape","Título, ancho y forma admitida opcionales",
ui_options_6bf5da9,,Options,Opciones,
ui_organization_519255a,,Organization,Organización,
ui_oscillate_3d3c9bd,,Oscillate,Oscilar,
ui_outside_cbbef8c,,OUTSIDE,EXTERIOR,
ui_outside_is_never_auto_detected_either_link_a_weather_eb8cc14,,"Outside is never auto-detected. Either link a weather entity (it usually carries temperature, humidity and pressure) or pick individual outdoor sensors below. The temperature feeds the Outside tile and the hero's outside reading.","El exterior nunca se detecta automáticamente. Vincula una entidad de clima (normalmente incluye temperatura, humedad y presión) o elige sensores exteriores individuales abajo. La temperatura alimenta el mosaico Exterior y la lectura exterior del panel principal.",
ui_outside_weather_entity_98e8465,,Outside weather entity,Entidad de clima exterior,
ui_page_areas_1068b64,,Page areas,Áreas de la página,
ui_page_icon_b58a288,,Page icon,Ícono de la página,
ui_page_identity_dafa8dd,,Page identity,Identidad de la página,
ui_page_name_c99f51a,,Page name,Nombre de la página,
ui_page_settings_0a44afc,,Page settings,Ajustes de la página,
ui_page_subtitle_8a04084,,Page subtitle,Subtítulo de la página,
ui_parcel_9ddaaee,,Parcel,Paquete,
ui_parcels_16129ec,,Parcels,Paquetes,
ui_parental_controls_c4f61d0,,Parental controls,Controles parentales,
ui_parental_controls_dashboard_sharing_and_permissions_b74e0c0,,"Parental controls, dashboard sharing, and permissions","Controles parentales, uso compartido de paneles y permisos",
ui_parental_controls_sharing_needs_the_hki_7_cloud_component_7929459,,Parental controls & sharing — needs the HKI 7 Cloud component,Controles parentales y uso compartido: requiere el componente HKI 7 Cloud,don't translate HKI 7 Cloud
ui_pause_781961b,,Pause,Pausar,
ui_pause_adaptation_821b33e,,Pause adaptation,Pausar adaptación,
ui_pending_timer_dbf15fa,,Pending timer,Temporizador pendiente,
ui_people_b37554f,,People,Personas,
ui_permission_needed_7c7a8e5,,Permission needed,Se necesita permiso,
ui_permissions_d06d555,,Permissions,Permisos,
ui_person_settings_977e009,,Person settings,Ajustes de la persona,
ui_personal_information_used_throughout_hki_7_b7d1b08,,Personal information used throughout HKI 7,Información personal usada en toda la aplicación HKI 7,don't translate HKI 7
ui_personalize_7602b35,,Personalize,Personalizar,
ui_persons_order_9fe91dc,,Persons order,Orden de personas,
ui_phase_17619b8,,Phase %1$s,Fase %1$s,app fills in %1$s — keep them
ui_pick_a_carbon_footprint_device_ea1fe94,,Pick a carbon footprint device,Elige un dispositivo de huella de carbono,
ui_pick_a_device_to_auto_fill_the_sensors_below_f396326,,Pick a device to auto-fill the sensors below,Elige un dispositivo para autocompletar los sensores de abajo,
ui_pick_a_source_device_or_fine_tune_individual_roles_beb54f5,,Pick a source device or fine-tune individual roles,Elige un dispositivo de origen o ajusta roles individuales,
ui_pick_a_starting_point_everything_remains_editable_340924e,,Pick a starting point; everything remains editable,Elige un punto de partida; todo sigue siendo editable,
ui_pickup_b6da461,,Pickup: %1$s,Recogida: %1$s,app fills in %1$s — keep them
ui_pin_3adadd3,,PIN,PIN,
ui_place_this_room_in_the_correct_floor_group_52c044a,,Place this room in the correct floor group,Coloca esta habitación en el grupo de piso correcto,
ui_placement_ab89d05,,Placement,Ubicación,
ui_playback_c8e3087,,Playback,Reproducción,
ui_player_e53407c,,Player,Reproductor,
ui_players_summarized_by_the_room_header_and_card_729ea70,,Players summarized by the room header and card,Reproductores resumidos por el encabezado y la tarjeta de la habitación,
ui_please_wait_5afeca7,,Please wait…,Espera un momento…,
ui_position_d0b0314,,POSITION,POSICIÓN,
ui_postal_code_optional_b86b6a2,,Postal code (optional),Código postal (opcional),
ui_power_c2b6b52,,POWER,POTENCIA,
ui_power_overview_a204dd7,,Power overview,Resumen de potencia,
ui_power_per_phase_1f38fb0,,Power per phase,Potencia por fase,
ui_precipitation_60d5e73,,Precipitation,Precipitación,
ui_premium_icon_packs_animated_icons_and_artwork_premium_them_6363fef,,"Premium icon packs, animated icons and artwork, premium themes, entitlement services, and any separately marked premium modules are not covered by MPL-2.0. They remain proprietary and are licensed for personal use through a valid Premium entitlement.","Los paquetes de íconos premium, íconos animados y obras de arte, temas premium, servicios de derechos y cualquier módulo premium marcado por separado no están cubiertos por MPL-2.0. Siguen siendo propietarios y se licencian para uso personal mediante un derecho Premium válido.",
ui_presets_6891289,,PRESETS,AJUSTES PREDETERMINADOS,
ui_presets_e709e76,,Presets,Preajustes,
ui_press_ea683ad,,Press,Presionar,
ui_prevents_android_from_delaying_battery_charging_and_presen_623b898,,"Prevents Android from delaying battery, charging, and presence updates while the device is idle.","Evita que Android retrase las actualizaciones de batería, carga y presencia mientras el dispositivo está inactivo.",
ui_previous_camera_5014da7,,Previous camera,Cámara anterior,
ui_produced_5028c07,,Produced %1$s,Producido %1$s,app fills in %1$s — keep them
ui_production_overview_fbbfc38,,Production overview,Resumen de producción,
ui_profile_ff4fc02,,Profile,Perfil,
ui_profile_switches_affect_every_light_assigned_to_19ba9ec,,Profile switches affect every light assigned to %1$s.,Los interruptores de perfil afectan a todas las luces asignadas a %1$s.,app fills in %1$s — keep them
ui_profiles_0c2a930,,Profiles,Perfiles,
ui_project_information_licensing_and_community_support_9fc47d6,,"Project information, licensing, and community support","Información del proyecto, licencias y soporte comunitario",
ui_publish_one_of_your_dashboards_to_your_family_recipients_88c1d49,,Publish one of your dashboards to your family. Recipients import it from Settings › Dashboard and can pull updates later. Set what they may change under Permissions.,Publica uno de tus paneles para tu familia. Los destinatarios lo importan desde Ajustes › Panel y pueden obtener actualizaciones más tarde. Define lo que pueden cambiar en Permisos.,
ui_published_to_your_family_33fc8da,,Published to your family,Publicado para tu familia,
ui_pulse_8439fc4,,pulse,pulse,
ui_pulsescale_939f5c2,,pulseScale,pulseScale,
ui_push_delivery_and_history_aa3e29d,,Push delivery and history,Entrega push e historial,
ui_push_my_changes_now_ddff3f6,,Push my changes now,Enviar mis cambios ahora,
ui_pushing_3c52088,,Pushing…,Enviando…,
ui_quick_actions_e47e804,,Quick actions,Acciones rápidas,
ui_quick_start_gesture_23ee6fe,,quick_start_gesture,quick_start_gesture,
ui_rain_0a858c9,,Rain,Lluvia,
ui_rain_map_7c1862a,,Rain map,Mapa de lluvia,
ui_rain_map_image_url_0c47012,,Rain map image URL,URL de imagen del mapa de lluvia,
ui_rain_map_url_iframe_3f22653,,Rain map URL (iframe),URL del mapa de lluvia (iframe),
ui_re_import_batteries_9473d07,,Re-import batteries,Reimportar baterías,
ui_re_import_batteries_f3b8458,,Re-import Batteries,Reimportar baterías,
ui_re_import_climate_3ed098c,,Re-import climate,Reimportar clima,
ui_re_import_climate_f7f5678,,Re-import Climate,Reimportar clima,
ui_re_import_energy_9e66bbb,,Re-import Energy,Reimportar energía,
ui_re_import_energy_c0b0fcc,,Re-import energy,Reimportar energía,
ui_re_import_rooms_6cc58f9,,Re-import rooms,Reimportar habitaciones,
ui_re_import_rooms_b49077d,,Re-import Rooms,Reimportar habitaciones,
ui_re_import_security_411e76d,,Re-import Security,Reimportar seguridad,
ui_re_import_security_fcf0ad8,,Re-import security,Reimportar seguridad,
ui_read_only_home_assistant_automation_46d25b7,,Read-only Home Assistant automation,Automatización de Home Assistant de solo lectura,don't translate Home Assistant
ui_read_the_full_mpl_2_0_4d68c7d,,Read the full MPL 2.0,Leer la MPL 2.0 completa,
ui_ready_20c7c55,,Ready,Listo,
ui_receive_home_assistant_alerts_and_actionable_notifications_386435f,,Receive Home Assistant alerts and actionable notifications on this device.,Recibe alertas de Home Assistant y notificaciones interactivas en este dispositivo.,don't translate Home Assistant
ui_recipes_create_regular_home_assistant_automations_you_can_a81bf72,,Recipes create regular Home Assistant automations. You can continue editing them in either HKI7 or Home Assistant.,Las recetas crean automatizaciones normales de Home Assistant. Puedes seguir editándolas en HKI7 o en Home Assistant.,"don't translate Home Assistant, HKI7"
ui_recommended_e37d21e,,RECOMMENDED,RECOMENDADO,
ui_recording_09b5b61,,Recording · ,Grabando · ,keep the space at the start/end
ui_refresh_56e3bad,,Refresh,Actualizar,
ui_refresh_connection_46966aa,,Refresh Connection,Actualizar conexión,
ui_refresh_interval_f086d9d,,Refresh interval,Intervalo de actualización,
ui_relock_after_4db5c55,,Relock after,Volver a bloquear después de,
ui_remote_access_is_ready_0e26b5a,,Remote access is ready.,El acceso remoto está listo.,
ui_remote_access_optional_75dd54d,,Remote access (optional),Acceso remoto (opcional),
ui_remove_436e1a0,,Remove %1$s?,¿Quitar %1$s?,app fills in %1$s — keep them
ui_remove_avatar_58e0c56,,Remove avatar,Quitar avatar,
ui_remove_e963907,,Remove,Quitar,
ui_remove_edits_and_import_all_7f0b4a1,,Remove edits and import all,Quitar ediciones e importar todo,
ui_removed_entities_559c584,,Removed entities (%1$s),Entidades quitadas (%1$s),app fills in %1$s — keep them
ui_removed_entities_6dbeb2d,,Removed entities,Entidades quitadas,
ui_removed_entities_are_excluded_from_cards_graphs_tiles_and_628e91a,,"Removed entities are excluded from cards, graphs, tiles and averages. Tap ✕ to restore.","Las entidades quitadas se excluyen de las tarjetas, gráficos, mosaicos y promedios. Toca ✕ para restaurar.",
ui_rename_d3f4cb8,,Rename,Renombrar,
ui_rename_dashboard_ceb1d6d,,Rename dashboard,Renombrar panel,
ui_rename_home_assistant_f1a0d6f,,Rename Home Assistant,Renombrar Home Assistant,don't translate Home Assistant
ui_rename_players_and_choose_which_ones_may_show_the_212864f,,Rename players and choose which ones may show the mini player above the navigation bar while playing.,Renombra los reproductores y elige cuáles pueden mostrar el reproductor mini sobre la barra de navegación mientras reproducen.,
ui_rename_players_and_mini_player_visibility_8d0e1f7,,Rename players and mini player visibility,Renombrar reproductores y visibilidad del reproductor mini,
ui_rendering_style_and_history_range_be872e9,,Rendering style and history range,Estilo de renderizado y rango de historial,
ui_reorder_and_hide_tabs_39de701,,Reorder and hide tabs,Reordenar y ocultar pestañas,
ui_reorder_cameras_b226c47,,Reorder cameras,Reordenar cámaras,
ui_reorder_cards_147ed64,,Reorder cards,Reordenar tarjetas,
ui_reorder_devices_8bcc061,,Reorder devices,Reordenar dispositivos,
ui_repeat_659eba1,,Repeat,Repetir,
ui_repeats_every_day_only_the_time_of_day_is_a71f502,,Repeats every day — only the time of day is used.,Se repite todos los días; solo se usa la hora del día.,
ui_repeats_every_month_only_the_day_of_the_month_93ca445,,Repeats every month — only the day of the month and time are used.,Se repite todos los meses; solo se usan el día del mes y la hora.,
ui_repeats_every_week_only_the_weekday_and_time_are_8f36757,,Repeats every week — only the weekday and time are used.,Se repite todas las semanas; solo se usan el día de la semana y la hora.,
ui_repeats_every_year_the_year_is_ignored_so_e_a661f32,,"Repeats every year — the year is ignored, so e.g. 24–26 Dec recurs each Christmas.","Se repite todos los años; el año se ignora, así que, por ejemplo, del 24 al 26 de diciembre se repite cada Navidad.",
ui_require_an_extra_gesture_or_pin_before_actions_run_19ae393,,Require an extra gesture or PIN before actions run,Requerir un gesto adicional o PIN antes de ejecutar acciones,
ui_required_9100e2e,, (required), (obligatorio),keep the space at the start/end
ui_required_state_bdc9c95,,Required state,Estado requerido,
ui_reset_44c57ab,,Reset,Restablecer,
ui_reset_everything_2d6cd07,,Reset Everything,Restablecer todo,
ui_restart_b134bd5,,Restart,Reiniciar,
ui_restart_home_assistant_0206bf0,,Restart Home Assistant?,¿Reiniciar Home Assistant?,don't translate Home Assistant
ui_restart_home_assistant_551322c,,Restart Home Assistant,Reiniciar Home Assistant,don't translate Home Assistant
ui_restarting_b86eee1,,Restarting…,Reiniciando…,
ui_restore_3cbe6d6,,Restore,Restaurar,
ui_restore_backup_a65eaa8,,Restore backup,Restaurar copia de seguridad,
ui_restore_from_cloud_52b6663,,Restore from cloud,Restaurar desde la nube,
ui_restore_from_home_assistant_13aec1d,,Restore from Home Assistant,Restaurar desde Home Assistant,don't translate Home Assistant
ui_resume_adaptation_ac73b12,,Resume adaptation,Reanudar adaptación,
ui_resume_b3bd0b5,,Resume,Reanudar,
ui_reverse_57f9933,,Reverse,Invertir,
ui_right_954daa8,,Right,Derecha,
ui_right_side_overflows_left_d75893d,,Right side overflows left,El lado derecho se desborda hacia la izquierda,
ui_room_areas_584c8ee,,Room areas,Áreas de la habitación,
ui_room_climate_c57811d,,Room climate,Clima de la habitación,
ui_room_name_8605e33,,Room name,Nombre de la habitación,
ui_room_scale_6602c22,,room-scale,room-scale,
ui_rooms_3a28d6f,,Rooms,Habitaciones,
ui_rooms_are_imported_2ef3415,,Rooms are imported,Las habitaciones se importan,
ui_rooms_in_auto_mode_are_imported_from_home_assistant_c583d84,,Rooms in auto mode are imported from Home Assistant. Switch to manual or take over the current dashboard to add widgets by hand.,Las habitaciones en modo automático se importan desde Home Assistant. Cambia a manual o toma el control del panel actual para agregar widgets manualmente.,don't translate Home Assistant
ui_rotation_acaf322,,rotation,rotation,
ui_roundness_of_buttons_cards_and_widgets_3573fff,,"Roundness of buttons, cards and widgets","Redondez de botones, tarjetas y widgets",
ui_run_b1b3926,,Run,Ejecutar,
ui_run_mode_12ce660,,Run mode,Modo de ejecución,
ui_running_state_entity_3c8ffde,,Running-state entity,Entidad de estado de ejecución,
ui_s_02aa629,,S,S,
ui_s_are_81c69ca,,s are,s son,
ui_s_refresh_10a9b0b,,%1$ss refresh,Actualización cada %1$ss,app fills in %1$s — keep them
ui_save_efc007a,,Save,Guardar,
ui_save_in_home_assistant_eacb2ce,,Save in Home Assistant,Guardar en Home Assistant,don't translate Home Assistant
ui_save_local_network_7f0247d,,Save Local Network,Guardar red local,
ui_save_or_restore_dashboard_configuration_be8f39f,,Save or restore dashboard configuration,Guardar o restaurar la configuración del panel,
ui_save_profile_f597c0e,,Save profile,Guardar perfil,
ui_save_remote_access_05740bc,,Save Remote Access,Guardar acceso remoto,
ui_saved_directly_in_the_native_automation_734f9ba,,Saved directly in the native automation,Guardado directamente en la automatización nativa,
ui_saving_56a2285,,Saving…,Guardando…,
ui_scanning_36c4a06,,Scanning…,Escaneando…,
ui_scheduled_1cd1bda,,Scheduled,Programado,
ui_search_actions_9313854,,Search actions,Buscar acciones,
ui_search_automations_9172ba9,,Search automations,Buscar automatizaciones,
ui_search_batteries_a63e58b,,Search batteries,Buscar baterías,
ui_search_bce0641,,Search,Buscar,
ui_search_by_name_28abc03,,Search by name,Buscar por nombre,
ui_search_devices_2ce0b70,,Search devices,Buscar dispositivos,
ui_search_entities_7c70008,,Search entities,Buscar entidades,
ui_search_f54fbca,,Search…,Buscar…,
ui_search_filters_3d10e32,,Search & filters,Búsqueda y filtros,
ui_search_sort_9fe6cb4,,Search & sort,Búsqueda y orden,
ui_search_the_material_design_icon_library_2a2aa8d,,Search the Material Design icon library,Busca en la biblioteca de íconos Material Design,
ui_search_widgets_9525879,,Search widgets,Buscar widgets,
ui_season_62255f5,,Season,Estación,
ui_season_card_flip_6683142,,season-card-flip,season-card-flip,
ui_secondary_line_ca81690,,Secondary line,Línea secundaria,
ui_seconds_5fb1db5,,Seconds,Segundos,
ui_securitydoor_929c4fc,,securityDoor,securityDoor,
ui_securitygarage_499e9f7,,securityGarage,securityGarage,
ui_securitygate_0743480,,securityGate,securityGate,
ui_securityhouse_08bd121,,securityHouse,securityHouse,
ui_securityphase_f4739f6,,securityPhase,securityPhase,
ui_securitypulse_5340cf8,,securityPulse,securityPulse,
ui_securitywindow_4619bf3,,securityWindow,securityWindow,
ui_select_0fc8ec5,,Select %1$s,Seleccionar %1$s,app fills in %1$s — keep them
ui_select_a_mode_to_continue_0426fc8,,Select a mode to continue,Selecciona un modo para continuar,
ui_select_an_effect_to_turn_it_on_75d9bec,,Select an effect to turn it on,Selecciona un efecto para activarlo,
ui_select_an_inverter_device_in_energy_settings_solar_to_4a0aade,,Select an inverter device in Energy Settings → Solar to list its inverters here.,Selecciona un dispositivo inversor en Ajustes de Energía → Solar para listar sus inversores aquí.,
ui_select_an_option_08d7aa3,,Select an option,Selecciona una opción,
ui_select_battery_devices_bfc9841,,Select Battery Devices,Seleccionar dispositivos de batería,
ui_select_battery_entities_b08b299,,Select Battery Entities,Seleccionar entidades de batería,
ui_select_battery_sensor_51f1222,,Select Battery Sensor,Seleccionar sensor de batería,
ui_select_calendars_and_the_view_shown_first_d5c38b5,,Select calendars and the view shown first,Selecciona los calendarios y la vista que se muestra primero,
ui_select_calendars_e26b0da,,Select Calendars,Seleccionar calendarios,
ui_select_camera_70cf6fb,,Select Camera,Seleccionar cámara,
ui_select_climate_card_18f3b6e,,Select Climate Card,Seleccionar tarjeta de clima,
ui_select_device_87a4751,,Select Device,Seleccionar dispositivo,
ui_select_door_sensor_f345fbf,,Select Door Sensor,Seleccionar sensor de puerta,
ui_select_empty_bin_control_d992252,,Select Empty Bin Control,Seleccionar control de vaciado de contenedor,
ui_select_energy_card_9b5bf0c,,Select Energy Card,Seleccionar tarjeta de energía,
ui_select_entities_affed45,,Select Entities,Seleccionar entidades,
ui_select_entity_4b3713e,,Select Entity,Seleccionar entidad,
ui_select_forecast_entities_f0ec511,,Select Forecast Entities,Seleccionar entidades de pronóstico,
ui_select_humidity_sensor_8192d0e,,Select Humidity Sensor,Seleccionar sensor de humedad,
ui_select_map_camera_d5ae262,,Select Map Camera,Seleccionar cámara de mapa,
ui_select_media_player_73f4f5b,,Select Media Player,Seleccionar reproductor multimedia,
ui_select_media_players_e0da90e,,Select Media Players,Seleccionar reproductores multimedia,
ui_select_outside_3593063,,Select outside %1$s,Seleccionar exterior %1$s,app fills in %1$s — keep them
ui_select_running_state_entity_136482a,,Select running-state entity,Seleccionar entidad de estado de ejecución,
ui_select_sensor_2564e1a,,Select Sensor,Seleccionar sensor,
ui_select_sensors_5141d75,,Select Sensors,Seleccionar sensores,
ui_select_speed_control_20f7efa,,Select speed control,Seleccionar control de velocidad,
ui_select_target_entity_654e6ac,,Select Target Entity,Seleccionar entidad objetivo,
ui_select_temperature_sensor_821f54c,,Select Temperature Sensor,Seleccionar sensor de temperatura,
ui_select_the_alarm_panels_summarized_by_this_pill_f9b23e6,,Select the alarm panels summarized by this pill,Selecciona los paneles de alarma resumidos por esta píldora,
ui_select_to_auto_detect_map_battery_and_controls_72bc9d7,,"Select to auto-detect map, battery and controls","Selecciona para detectar automáticamente el mapa, la batería y los controles",
ui_select_to_auto_fill_helper_entities_below_84a8833,,Select to auto-fill helper entities below,Selecciona para autocompletar las entidades auxiliares de abajo,
ui_select_vacuum_4663021,,Select Vacuum,Seleccionar aspiradora,
ui_select_vacuum_entity_dbda6f4,,Select Vacuum Entity,Seleccionar entidad de aspiradora,
ui_select_vacuums_7c2d22a,,Select Vacuums,Seleccionar aspiradoras,
ui_select_waste_sensors_6006d5f,,Select Waste Sensors,Seleccionar sensores de residuos,
ui_select_water_level_562845a,,Select Water Level,Seleccionar nivel de agua,
ui_select_weather_2357e9d,,Select Weather,Seleccionar clima,
ui_select_weather_entity_d489986,,Select Weather Entity,Seleccionar entidad de clima,
ui_select_week_calendar_640f382,,Select Week Calendar,Seleccionar calendario semanal,
ui_selected_61ed328,,%1$s selected,%1$s seleccionados,app fills in %1$s — keep them
ui_selected_b82aaa5,,%1$s · Selected,%1$s · Seleccionado,app fills in %1$s — keep them
ui_selected_for_this_card_3c4a588,,%1$s selected for this card,%1$s seleccionados para esta tarjeta,app fills in %1$s — keep them
ui_sensor_620ec21,,%1$s sensor%2$s,%1$s sensor%2$s,app fills in %1$s %2$s — keep them
ui_sensor_efb9fbf,,SENSOR,SENSOR,
ui_sensor_graphs_5eb3573,,Sensor Graphs,Gráficos de sensores,
ui_sensor_picture_c3a0ed2,,Sensor picture,Imagen del sensor,
ui_sensors_711bf35,,Sensors,Sensores,
ui_sensors_and_an_optional_week_calendar_399bad3,,Sensors and an optional week calendar,Sensores y un calendario semanal opcional,
ui_sensors_are_found_automatically_by_device_class_add_sensor_150bab5,,%1$s sensors are found automatically by device class; add sensors missing that class here.,Los sensores de %1$s se detectan automáticamente por clase de dispositivo; agrega aquí los sensores a los que les falte esa clase.,app fills in %1$s — keep them
ui_separate_commercial_content_0408620,,Separate commercial content,Contenido comercial separado,
ui_server_url_1d5d1ef,,Server URL,URL del servidor,
ui_services_data_7864c0a,,Services & data,Servicios y datos,
ui_session_f7f1997,,Session,Sesión,
ui_set_448ab73,,Set,Establecer,
ui_set_a_rain_map_image_url_in_this_widget_03729b8,,Set a rain map image URL in this widget's settings,Establece una URL de imagen del mapa de lluvia en los ajustes de este widget,
ui_set_the_control_style_for_every_thermostat_on_this_de5cd1e,,Set the control style for every thermostat on this Climate page. Standalone climate widgets keep their own layout settings.,Establece el estilo de control para cada termostato en esta página de Clima. Los widgets de clima independientes mantienen su propia configuración de diseño.,
ui_set_what_each_person_may_do_per_user_like_aa86ea2,,"Set what each person may do — per user, like the hidden views above. These apply when they use a dashboard you shared.","Define lo que cada persona puede hacer, por usuario, como las vistas ocultas de arriba. Esto se aplica cuando usan un panel que compartiste.",
ui_settings_c7f73bb,,Settings,Ajustes,
ui_setup_changed_b184bf0,,Setup changed,La configuración cambió,
ui_setup_progress_1a8adef,,Setup progress,Progreso de configuración,
ui_shape_and_width_on_the_dashboard_c89fefa,,Shape and width on the dashboard,Forma y ancho en el panel,
ui_shape_ea5c1a2,,Shape,Forma,
ui_shape_visible_information_and_icon_behavior_63dec1c,,"Shape, visible information, and icon behavior","Forma, información visible y comportamiento del ícono",
ui_share_09ca55c,,Share,Compartir,
ui_share_b300e5f,,"Share ""%1$s""","Compartir ""%1$s""",app fills in %1$s — keep them
ui_share_dashboards_0917ff1,,Share dashboards,Compartir paneles,
ui_shared_dashboard_86876c0,,Shared dashboard,Panel compartido,
ui_shared_with_me_f40ca84,,Shared with me,Compartido conmigo,
ui_sharing_ad00590,,Sharing…,Compartiendo…,
ui_show_a_descending_timer_when_the_value_is_a_1ae7350,,"Show a descending timer when the value is a completion time (e.g. a washer/dryer finish time). Active while counting, off at zero.","Muestra un temporizador descendente cuando el valor es una hora de finalización (por ejemplo, la hora de fin de una lavadora/secadora). Activo mientras cuenta, apagado en cero.",
ui_show_a_live_radar_rain_map_card_a_camera_a0e11c8,,Show a live radar/rain map card — a camera entity or an embedded web page (iframe),Muestra una tarjeta de radar/mapa de lluvia en vivo: una entidad de cámara o una página web integrada (iframe),
ui_show_activity_badge_f5d56bb,,Show activity badge,Mostrar insignia de actividad,
ui_show_badge_bar_827499b,,Show badge bar,Mostrar barra de insignias,
ui_show_flows_button_9e888be,,Show flows button,Mostrar botón de flujos,
ui_show_global_search_e7aefbe,,Show global search,Mostrar búsqueda global,
ui_show_group_380c43e,,Show group,Mostrar grupo,
ui_show_in_header_43f0dfd,,Show in header,Mostrar en el encabezado,
ui_show_persons_c4e81a0,,Show persons,Mostrar personas,
ui_show_the_automations_flows_button_16254ce,,Show the automations (flows) button,Mostrar el botón de automatizaciones (flujos),
ui_show_the_entity_s_state_or_one_of_its_1008a4d,,"Show the entity's state, or one of its attributes instead","Muestra el estado de la entidad, o uno de sus atributos en su lugar",
ui_show_the_entity_s_state_or_one_of_its_e721168,,"Show the entity's state, or one of its attributes instead.","Muestra el estado de la entidad, o uno de sus atributos en su lugar.",
ui_show_the_global_search_button_0517d8b,,Show the global search button,Mostrar el botón de búsqueda global,
ui_show_widget_name_5ad7fc9,,Show widget name,Mostrar nombre del widget,
ui_shown_b1015a1,,%1$s shown,%1$s mostrado,app fills in %1$s — keep them
ui_shows_an_icon_matching_the_waste_type_gft_pmd_1966fe0,,"Shows an icon matching the waste type (GFT, PMD, paper, …).","Muestra un ícono que coincide con el tipo de residuo (orgánico, reciclable, papel, …).",
ui_side_split_alignment_b9c5399,,Side (split alignment),Lado (alineación dividida),
ui_sign_out_safely_or_reset_this_installation_681fac2,,Sign out safely or reset this installation,Cierra sesión de forma segura o restablece esta instalación,
ui_signing_you_in_10d0636,,Signing you in…,Iniciando tu sesión…,
ui_size_shape_and_artwork_4bb38bb,,"Size, shape, and artwork","Tamaño, forma y diseño gráfico",
ui_size_shape_and_background_24dd9b6,,"Size, shape, and background","Tamaño, forma y fondo",
ui_snapshot_b08ae37,,Snapshot,Instantánea,
ui_solar_0e26539,,Solar,Solar,
ui_solar_noon_599372c,,Solar noon %1$s,Mediodía solar %1$s,app fills in %1$s — keep them
ui_sort_d5f73d6,,Sort: %1$s,Ordenar: %1$s,app fills in %1$s — keep them
ui_source_and_card_refresh_behavior_0a26324,,Source and card refresh behavior,Fuente y comportamiento de actualización de la tarjeta,
ui_source_device_4ddad2a,,Source device,Dispositivo de origen,
ui_span_badges_58c73f2,,Span badges,Insignias de extensión,
ui_speed_265ffc5,,SPEED,VELOCIDAD,
ui_speed_control_89a2786,,Speed control,Control de velocidad,
ui_spin_a801301,,spin,spin,
ui_square_82810cb,,Square,Cuadrado,
ui_stack_cards_8bdc343,,Stack Cards,Tarjetas de pila,
ui_stack_layout_1623679,,Stack layout,Diseño de la pila,
ui_stack_name_7507e93,,Stack name,Nombre de la pila,
ui_stack_page_3d91ce9,,stack_page,stack_page,
ui_stack_title_46ccc2d,,Stack title,Título de la pila,
ui_stack_title_cc2f1ed,,Stack Title,Título de la pila,
ui_stacks_249f056,,Stacks,Pilas,
ui_standard_2dfa660,,Standard,Estándar,
ui_start_24758a5,,Start: %1$s,Inicio: %1$s,app fills in %1$s — keep them
ui_start_empty_25336ee,,Start empty,Empezar vacío,
ui_start_empty_888db50,,Start Empty,Empezar vacío,
ui_start_new_dashboard_8c71127,,Start new dashboard?,¿Iniciar panel nuevo?,
ui_start_with_a_useful_recipe_then_adjust_each_step_d560a2a,,"Start with a useful recipe, then adjust each step",Empieza con una receta útil y luego ajusta cada paso,
ui_state_a725020,,State,Estado,
ui_state_bef84bb,,STATE,ESTADO,
ui_state_text_6749c0a,,State text,Texto de estado,
ui_stream_df06386,,Stream,Transmisión,
ui_style_99a0efc,,Style,Estilo,
ui_sunrise_and_sunset_data_unavailable_3295324,,Sunrise and sunset data unavailable,Datos de amanecer y atardecer no disponibles,
ui_sunrise_fadf71c,,Sunrise,Amanecer,
ui_sunset_181bcd5,,Sunset,Atardecer,
ui_support_f32d5a3,,Support,Soporte,
ui_support_via_buy_me_a_coffee_d7dadd1,,Support via Buy Me a Coffee,Apoyar mediante Buy Me a Coffee,
ui_support_via_paypal_7184a5d,,Support via PayPal,Apoyar mediante PayPal,
ui_support_without_premium_0a4aebd,,Support without Premium,Apoyar sin Premium,
ui_supports_headings_lists_quotes_code_bold_italic_code_strik_e295744,,"Supports # headings, lists, > quotes, ``` code, **bold**, *italic*, `code`, ~~strike~~ and [links](https://…).","Admite # encabezados, listas, > citas, ``` código, **negrita**, *cursiva*, `código`, ~~tachado~~ y [enlaces](https://…).",
ui_swing_65d8d45,,Swing,Oscilación,
ui_swing_horizontal_c166cda,,Swing (horizontal),Oscilación (horizontal),
ui_swipe_left_from_the_upper_right_edge_of_a_416c467,,Swipe left from the upper-right edge of a page header to switch homes at any time.,Desliza hacia la izquierda desde el borde superior derecho de un encabezado de página para cambiar de hogar en cualquier momento.,
ui_switch_b02cbd9,,SWITCH,INTERRUPTOR,
ui_switch_home_e6ceda2,,Switch home,Cambiar de hogar,
ui_system_dark_theme_c7e4ff9,,System Dark Theme,Tema oscuro del sistema,
ui_system_light_theme_5bc7623,,System Light Theme,Tema claro del sistema,
ui_systems_idle_584a6f0,,Systems idle,Sistemas inactivos,
ui_t_c2c53d6,,T,T,
ui_tabs_and_media_controls_shown_throughout_the_app_5d9c1ff,,Tabs and media controls shown throughout the app,Pestañas y controles multimedia mostrados en toda la aplicación,
ui_tap_here_or_use_the_button_while_edit_mode_8baf490,,Tap here or use the + button while edit mode is active to add widgets to this stack.,Toca aquí o usa el botón + mientras el modo de edición está activo para agregar widgets a esta pila.,
ui_tap_here_or_use_the_button_while_edit_mode_b06aac5,,Tap here or use the + button while edit mode is active to add entities to this stack.,Toca aquí o usa el botón + mientras el modo de edición está activo para agregar entidades a esta pila.,
ui_tap_hold_and_dialog_quick_actions_2052817,,"Tap, hold, and dialog quick actions","Acciones rápidas de toque, pulsación larga y cuadro de diálogo",
ui_tap_share_to_publish_or_update_d185341,,Tap Share to publish or update,Toca Compartir para publicar o actualizar,
ui_tap_to_add_a_weather_card_a3508a9,,Tap + to add a weather card,Toca + para agregar una tarjeta de clima,
ui_tap_to_load_0c49cab,,Tap to load,Toca para cargar,
ui_tap_x_to_restore_an_entity_to_the_battery_ad0eb75,,Tap X to restore an entity to the battery page.,Toca X para restaurar una entidad a la página de batería.,
ui_target_49d76ad,,TARGET (%1$s–%2$s%%),OBJETIVO (%1$s–%2$s%%),app fills in %1$s %2$s — keep them
ui_target_61ad50a,,Target,Objetivo,
ui_target_entity_optional_cdb68af,,Target entity (optional),Entidad objetivo (opcional),
ui_target_f762108,,TARGET,OBJETIVO,
ui_technology_d018b08,,Technology,Tecnología,
ui_temperature_0a9062a,,Temperature,Temperatura,
ui_temperature_and_humidity_sources_for_the_room_8960580,,Temperature and humidity sources for the room,Fuentes de temperatura y humedad para la habitación,
ui_temperature_cc6906a,,TEMPERATURE,TEMPERATURA,
ui_temperature_sensor_graphed_in_activity_1088c3d,,Temperature sensor (graphed in Activity),Sensor de temperatura (graficado en Actividad),
ui_text_c3328c3,,Text,Texto,
ui_text_size_boldness_and_font_family_365f489,,"Text size, boldness and font family","Tamaño de texto, grosor y familia de fuente",
ui_that_profile_35adbf0,,that profile,ese perfil,
ui_the_effect_used_when_a_button_s_animation_is_7cce891,,"The effect used when a button's animation is set to ""Auto"". You can still override any individual button.","El efecto usado cuando la animación de un botón está en ""Auto"". Aún puedes anular cualquier botón individual.",
ui_the_exact_dates_you_pick_leave_a_bound_as_19357e8,,"The exact dates you pick. Leave a bound as ""Any"" for an open-ended range.","Las fechas exactas que elijas. Deja un límite como ""Cualquiera"" para un rango abierto.",
ui_the_heading_shown_between_dashboard_sections_b03805f,,The heading shown between dashboard sections,El encabezado mostrado entre secciones del panel,
ui_the_hki_7_community_source_code_is_free_and_f4f3f51,,"The HKI 7 community source code is free and open source under the Mozilla Public License 2.0. You may use, study, modify, and redistribute it. When you distribute modified MPL-covered files, those files and their source must remain available under MPL-2.0.","El código fuente comunitario de HKI 7 es libre y de código abierto bajo la Licencia Pública de Mozilla 2.0. Puedes usarlo, estudiarlo, modificarlo y redistribuirlo. Cuando distribuyas archivos modificados cubiertos por MPL, esos archivos y su código fuente deben seguir disponibles bajo MPL-2.0.",don't translate HKI 7
ui_the_hki_7_name_and_logos_are_project_trademarks_985ffec,,"The HKI 7 name and logos are project trademarks and are not granted for misleading redistribution. Home Assistant and other third-party names, libraries, fonts, and artwork remain subject to their respective licenses and trademarks. The software is provided without warranty, as described by MPL-2.0.","El nombre y los logotipos de HKI 7 son marcas registradas del proyecto y no se otorgan para redistribución engañosa. Home Assistant y otros nombres, bibliotecas, fuentes y obras de arte de terceros siguen sujetos a sus respectivas licencias y marcas. El software se proporciona sin garantía, tal como se describe en la MPL-2.0.","don't translate Home Assistant, HKI 7"
ui_the_interface_is_built_with_jetpack_compose_coroutines_and_fe7f52d,,"The interface is built with Jetpack Compose. Coroutines and Flow handle live state, while JSON and YAML-compatible data keep HKI 7 connected with Home Assistant.","La interfaz está construida con Jetpack Compose. Coroutines y Flow manejan el estado en vivo, mientras que los datos JSON y compatibles con YAML mantienen a HKI 7 conectado con Home Assistant.","don't translate Home Assistant, HKI 7"
ui_the_open_source_community_core_remains_usable_without_prem_d83ff8a,,The open-source community core remains usable without Premium. Premium purchases fund extra visual content and continued development; they do not remove the freedoms granted for MPL-covered files.,El núcleo comunitario de código abierto sigue siendo usable sin Premium. Las compras de Premium financian contenido visual adicional y desarrollo continuo; no eliminan las libertades otorgadas para los archivos cubiertos por MPL.,
ui_the_page_starts_empty_with_its_own_header_and_5a325c0,,"The page starts empty with its own header and page settings, while keeping the Home widget catalogue.","La página empieza vacía con su propio encabezado y ajustes de página, conservando el catálogo de widgets de Inicio.",
ui_the_quick_brown_fox_jumps_over_the_lazy_dog_2204ad2,,The quick brown fox jumps over the lazy dog — 0123456789,El veloz murciélago hindú comía feliz cardillo y kiwi — 0123456789,
ui_the_room_header_and_card_show_a_single_player_3e24a17,,"The room header and card show a single player's media, or an active-player count when multiple players are selected.","El encabezado y la tarjeta de la habitación muestran el contenido de un solo reproductor, o un contador de reproductores activos cuando hay varios seleccionados.",
ui_the_text_shown_on_the_dashboard_fff5c98,,The text shown on the dashboard,El texto mostrado en el panel,
ui_the_web_page_shown_on_this_card_ce97bfd,,The web page shown on this card,La página web mostrada en esta tarjeta,
ui_theme_a797e30,,Theme,Tema,
ui_theme_and_navigation_bar_474ee6b,,Theme and navigation bar,Tema y barra de navegación,
ui_thermostat_dial_e6af91b,,Thermostat dial,Dial de termostato,
ui_thermostats_601da0c,,Thermostats,Termostatos,
ui_thermostats_ac_7d2ace4,,Thermostats & AC,Termostatos y aire acondicionado,
ui_these_are_stored_in_the_cloud_import_one_to_558c62d,,"These are stored in the cloud. Import one to edit or re-share it, or delete it to remove it from everyone. Your edits are also pushed automatically when you open the app.","Estos se almacenan en la nube. Impórtalos para editarlos o volver a compartirlos, o elimínalos para quitarlos de todos. Tus ediciones también se envían automáticamente al abrir la aplicación.",
ui_these_links_open_in_your_browser_tips_do_not_049b881,,These links open in your browser. Tips do not unlock Premium features and do not create an obligation to provide individual support.,Estos enlaces se abren en tu navegador. Las propinas no desbloquean funciones Premium ni crean una obligación de brindar soporte individual.,
ui_these_permissions_are_optional_and_can_be_changed_later_aa7a106,,These permissions are optional and can be changed later in Android Settings.,Estos permisos son opcionales y se pueden cambiar más tarde en los Ajustes de Android.,
ui_thin_100_9e7a443,,Thin (-100),Fina (-100),
ui_thinner_200_6ae7a6f,,Thinner (-200),Más fina (-200),
ui_this_action_does_not_use_an_entity_target_5952444,,This action does not use an entity target.,Esta acción no usa una entidad objetivo.,
ui_this_action_has_no_required_target_or_additional_fields_987a410,,This action has no required target or additional fields.,Esta acción no tiene objetivo requerido ni campos adicionales.,
ui_this_automation_is_managed_outside_home_assistant_s_ui_89d26f5,,"This automation is managed outside Home Assistant's UI (usually YAML). HKI7 can show it, but will not overwrite it.","Esta automatización se administra fuera de la interfaz de Home Assistant (normalmente en YAML). HKI7 puede mostrarla, pero no la sobrescribirá.","don't translate Home Assistant, HKI7"
ui_this_card_uses_its_own_entities_e572388,,This card uses its own entities,Esta tarjeta usa sus propias entidades,
ui_this_dashboard_is_currently_being_generated_from_home_assi_470200d,,This dashboard is currently being generated from Home Assistant. You can edit rooms as soon as the one-time import finishes.,Este panel se está generando actualmente desde Home Assistant. Podrás editar las habitaciones en cuanto finalice la importación única.,don't translate Home Assistant
ui_this_entity_2ddd36d,,This entity,Esta entidad,
ui_this_entity_has_no_attributes_to_show_b09f4c9,,This entity has no attributes to show.,Esta entidad no tiene atributos para mostrar.,
ui_this_light_is_paused_for_manual_control_706bffa,,This light is paused for manual control.,Esta luz está en pausa para control manual.,
ui_this_name_is_used_when_the_device_registers_with_8aba2f2,,This name is used when the device registers with Home Assistant.,Este nombre se usa cuando el dispositivo se registra en Home Assistant.,don't translate Home Assistant
ui_this_permanently_removes_this_dashboard_and_its_room_and_8087734,,This permanently removes this dashboard and its room and page configuration.,Esto elimina permanentemente este panel y su configuración de habitaciones y páginas.,
ui_this_removes_all_imported_battery_entities_from_this_view_7a74283,,This removes all imported battery entities from this view.,Esto elimina todas las entidades de batería importadas de esta vista.,
ui_this_removes_all_imported_climate_entities_from_this_view_713f511,,This removes all imported climate entities from this view.,Esto elimina todas las entidades de clima importadas de esta vista.,
ui_this_removes_all_imported_energy_entities_from_this_view_7397917,,This removes all imported energy entities from this view.,Esto elimina todas las entidades de energía importadas de esta vista.,
ui_this_removes_all_imported_rooms_and_floors_from_this_d1cbbff,,This removes all imported rooms and floors from this view.,Esto elimina todas las habitaciones y pisos importados de esta vista.,
ui_this_removes_all_imported_security_entities_from_this_view_6443e5c,,This removes all imported security entities from this view.,Esto elimina todas las entidades de seguridad importadas de esta vista.,
ui_this_removes_its_login_mobile_app_registration_details_and_69afc19,,"This removes its login, mobile-app registration details, and HKI dashboards from this device. The Home Assistant server itself is not changed.","Esto elimina su inicio de sesión, los datos de registro de la aplicación móvil y los paneles HKI de este dispositivo. El servidor de Home Assistant en sí no se modifica.",don't translate Home Assistant
ui_this_removes_the_native_automation_from_home_assistant_thi_2a48e1a,,This removes the native automation from Home Assistant. This cannot be undone from HKI7.,Esto elimina la automatización nativa de Home Assistant. No se puede deshacer desde HKI7.,"don't translate Home Assistant, HKI7"
ui_this_removes_the_shared_dashboard_from_the_cloud_for_4bab01c,,This removes the shared dashboard from the cloud for everyone. People currently using it fall back to an auto-generated dashboard. Their local copies aren't touched until they next open the app.,Esto elimina el panel compartido de la nube para todos. Las personas que lo usan actualmente vuelven a un panel generado automáticamente. Sus copias locales no se modifican hasta que vuelvan a abrir la aplicación.,
ui_this_runs_on_a_small_free_home_assistant_add_f46f2e3,,"This runs on a small, free Home Assistant add-on (the HKI 7 Cloud component). It isn't on HACS by default yet, so add it as a custom repository — the app then handles everything else.","Esto se ejecuta en un complemento pequeño y gratuito de Home Assistant (el componente HKI 7 Cloud). Aún no está en HACS de forma predeterminada, así que agrégalo como repositorio personalizado; la aplicación se encarga del resto.","don't translate HKI 7 Cloud, Home Assistant"
ui_this_source_code_form_is_subject_to_the_terms_c8e4e24,,"This Source Code Form is subject to the terms of the Mozilla Public License, v. 2.0. If a copy of the MPL was not distributed with this file, you can obtain one at mozilla.org/MPL/2.0/.","Este formulario de código fuente está sujeto a los términos de la Licencia Pública de Mozilla, v. 2.0. Si no se distribuyó una copia de la MPL con este archivo, puedes obtener una en mozilla.org/MPL/2.0/.",
ui_this_stack_has_no_items_0f92c8d,,This stack has no items.,Esta pila no tiene elementos.,
ui_this_travels_with_the_dashboard_so_cloud_backups_and_1dd603d,," This travels with the dashboard, so cloud backups and family sharing keep it."," Esto viaja con el panel, así que las copias de seguridad en la nube y el uso compartido familiar lo conservan.",keep the space at the start/end
ui_tile_2dd2c66,,Tile,Mosaico,
ui_tilt_aceae6f,,TILT,INCLINACIÓN,
ui_time_6c82e6d,,Time,Hora,
ui_time_range_9257117,,Time Range,Rango de tiempo,
ui_title_768e0c1,,Title,Título,
ui_title_collapse_behavior_and_dashboard_width_a64a590,,"Title, collapse behavior, and dashboard width","Título, comportamiento de contracción y ancho del panel",
ui_title_collapse_behavior_and_width_dd2b475,,"Title, collapse behavior, and width","Título, comportamiento de contracción y ancho",
ui_title_optional_932fc13,,Title (optional),Título (opcional),
ui_title_width_and_icon_41ec073,,"Title, width, and icon","Título, ancho e ícono",
ui_to_state_2a995a1,,To state,Al estado,
ui_today_24345a1,,Today,Hoy,
ui_tomorrow_1948bf2,,Tomorrow,Mañana,
ui_top_consumers_0199dbf,,Top consumers,Principales consumidores,
ui_tracking_number_4e40c54,,Tracking number,Número de rastreo,
ui_try_again_042c862,,Try again,Intentar de nuevo,
ui_try_the_demo_home_no_server_needed_bc58247,,Try the demo home — no server needed,Prueba el hogar de demostración: no necesitas servidor,
ui_turn_off_all_3a7a2b0,,Turn off all,Apagar todo,
ui_turn_on_a5aa418,,Turn On,Encender,
ui_turn_the_light_on_to_access_controls_25f4ad6,,Turn the light on to access controls,Enciende la luz para acceder a los controles,
ui_turn_the_notification_connection_channel_off_on_the_next_cdddec0,,"Turn the ""Notification connection"" channel off on the next screen — the connection keeps working, only its notification disappears.","Desactiva el canal ""Conexión de notificaciones"" en la siguiente pantalla; la conexión sigue funcionando, solo desaparece su notificación.",
ui_two_rows_1b1737f,,Two rows,Dos filas,
ui_type_3deb745,,Type,Tipo,
ui_type_icon_839142a,,Type icon,Ícono de tipo,
ui_unable_to_connect_8207f1b,,Unable to connect,No se puede conectar,
ui_unit_f6b935a,,Unit,Unidad,
ui_unknown_bc7819b,,Unknown,Desconocido,
ui_unknown_energy_card_b8e46de,,Unknown energy card: %1$s,Tarjeta de energía desconocida: %1$s,app fills in %1$s — keep them
ui_unlock_1526a17,,Unlock,Desbloquear,
ui_unlock_button_ad521c4,,Unlock button,Botón de desbloqueo,
ui_unlock_method_dff380e,,Unlock method,Método de desbloqueo,
ui_unlocked_b3da702,,Unlocked,Desbloqueado,
ui_unrestricted_background_cebdb1e,,Unrestricted background,Sin restricciones en segundo plano,
ui_untitled_621521f,,Untitled,Sin título,
ui_untitled_event_ef8d264,,Untitled event,Evento sin título,
ui_upcoming_523baab,,Upcoming,Próximo,
ui_update_fb91e24,,Update,Actualizar,
ui_update_location_now_d338c2c,,Update Location Now,Actualizar ubicación ahora,
ui_updated_62d2331,,Updated %1$s,Actualizado %1$s,app fills in %1$s — keep them
ui_url_https_a1a19ec,,URL (https://…),URL (https://…),
ui_usage_overview_fc2eefc,,Usage overview,Resumen de consumo,
ui_use_1d4d43c,,Use,Usar,
ui_use_a_dashboard_an_admin_has_shared_with_you_8b1cfdb,,Use a dashboard an admin has shared with you.,Usa un panel que un administrador haya compartido contigo.,
ui_use_a_family_shared_dashboard_9b8ab51,,Use a family shared dashboard,Usar un panel compartido por la familia,
ui_use_a_recognizable_name_such_as_kitchen_tablet_or_ca9f431,,"Use a recognizable name, such as ‘Kitchen tablet’ or ‘Jimmy’s phone’.","Usa un nombre reconocible, como ""Tableta de la cocina"" o ""Celular de Jimmy"".",
ui_use_family_shared_dashboard_28e06c2,,Use family shared dashboard,Usar panel compartido por la familia,
ui_used_6a4ebbf,,Used %1$s,Usado %1$s,app fills in %1$s — keep them
ui_uses_hki_7_s_private_google_drive_storage_enable_0559ced,,Uses HKI 7's private Google Drive storage. Enable it once to create an immediate backup and then back up automatically every day.,Usa el almacenamiento privado de Google Drive de HKI 7. Actívalo una vez para crear una copia de seguridad inmediata y luego respaldar automáticamente todos los días.,"don't translate Google Drive, HKI 7"
ui_uses_the_sun_entity_configured_in_weather_settings_e580a39,,Uses the Sun entity configured in Weather settings.,Usa la entidad Sol configurada en los Ajustes de clima.,
ui_using_a_shared_dashboard_applies_the_permissions_the_admin_a337a76,,Using a shared dashboard applies the permissions the admin set for it.,Usar un panel compartido aplica los permisos que el administrador definió para él.,
ui_using_the_climate_view_s_entities_8befb0f,,Using the Climate view's entities,Usando las entidades de la vista de Clima,
ui_using_the_energy_view_s_entities_7ca9bed,,Using the Energy view's entities,Usando las entidades de la vista de Energía,
ui_vacuum_5fe15df,,Vacuum,Aspiradora,
ui_vacuum_device_3deae52,,Vacuum device,Dispositivo aspiradora,
ui_vacuum_entities_c7da1d7,,Vacuum entities,Entidades de aspiradora,
ui_vacuum_map_8236541,,Vacuum map,Mapa de la aspiradora,
ui_vacuum_stack_b93d3b7,,Vacuum Stack,Pila de aspiradora,
ui_vertical_slider_e09cef1,,Vertical slider,Control deslizante vertical,
ui_view_on_github_0c77991,,View on GitHub,Ver en GitHub,
ui_visibility_7d9ff4f,,Visibility,Visibilidad,
ui_visibility_alignment_and_overflow_behavior_467f44f,,"Visibility, alignment, and overflow behavior","Visibilidad, alineación y comportamiento de desbordamiento",
ui_visibility_and_ordering_in_the_page_header_0f9e3d8,,Visibility and ordering in the page header,Visibilidad y orden en el encabezado de la página,
ui_visible_during_791f42c,,Visible during,Visible durante,
ui_visible_persons_4b7ae6c,,Visible persons,Personas visibles,
ui_visual_style_bc567f3,,Visual style,Estilo visual,
ui_w_e2415cb,,W,O,
ui_waiting_for_home_assistant_af224aa,,Waiting for Home Assistant,Esperando a Home Assistant,don't translate Home Assistant
ui_wallpaper_and_an_optional_custom_color_f4f12f1,,Wallpaper and an optional custom color,Fondo de pantalla y un color personalizado opcional,
ui_wallpaper_and_optional_custom_color_0dc6738,,Wallpaper and optional custom color,Fondo de pantalla y color personalizado opcional,
ui_wallpaper_url_or_path_e208631,,Wallpaper URL or path,URL o ruta del fondo de pantalla,
ui_waste_collection_7cdf205,,Waste Collection,Recolección de residuos,
ui_waste_sensors_8bfd3ec,,Waste sensors,Sensores de residuos,
ui_watch_d91ebf5,,Watch,Reloj,
ui_water_5480538,,Water: %1$s,Agua: %1$s,app fills in %1$s — keep them
ui_water_de9b1be,,Water,Agua,
ui_water_level_optional_fallback_61b2be5,,Water level (optional fallback),Nivel de agua (alternativa opcional),
ui_water_meters_imported_from_home_assistant_s_energy_dashboa_b1ac157,,Water meters imported from Home Assistant's Energy dashboard.,Medidores de agua importados del panel de Energía de Home Assistant.,don't translate Home Assistant
ui_we_ll_check_your_home_network_first_you_can_c7ca0f0,,We'll check your home network first; you can also enter an address,Primero revisaremos tu red doméstica; también puedes ingresar una dirección,
ui_weather_284af3e,,Weather,Clima,
ui_weather_card_0c6594c,,Weather Card,Tarjeta de clima,
ui_weather_details_bc94175,,Weather details,Detalles del clima,
ui_weather_entities_0a2c547,,Weather entities,Entidades de clima,
ui_weather_entity_402cbd9,,Weather entity,Entidad de clima,
ui_weather_source_778baeb,,Weather source,Fuente de clima,
ui_weather_stack_4d4f763,,Weather Stack,Pila de clima,
ui_weather_type_fe0b7cc,,Weather Type,Tipo de clima,
ui_web_address_url_55052c9,,Web address (URL),Dirección web (URL),
ui_week_calendar_shown_in_the_dialog_6d4f28b,,Week calendar (shown in the dialog),Calendario semanal (mostrado en el cuadro de diálogo),
ui_welcome_to_hki_7_9e317bb,,Welcome to HKI 7,Bienvenido a HKI 7,don't translate HKI 7
ui_what_hki_7_is_and_how_it_is_built_247bace,,What HKI 7 is and how it is built,Qué es HKI 7 y cómo está construido,don't translate HKI 7
ui_what_it_does_ca032b5,,What it does,Qué hace,
ui_what_s_new_4d8dc5f,,What's new,Novedades,
ui_when_769bb19,,When,Cuándo,
ui_when_and_if_then_dd86ebe,,When · And if · Then,Cuándo · Y si · Entonces,
ui_when_reporting_a_problem_include_your_android_version_home_784a4e6,,"When reporting a problem, include your Android version, Home Assistant version, the affected entity or integration, and clear steps to reproduce it. Removing private URLs, tokens, names, and location data first helps keep support safe.","Al reportar un problema, incluye tu versión de Android, la versión de Home Assistant, la entidad o integración afectada y pasos claros para reproducirlo. Quitar primero las URL privadas, tokens, nombres y datos de ubicación ayuda a mantener seguro el soporte.",don't translate Home Assistant
ui_when_the_value_is_a_completion_time_e_g_7dce367,,"When the value is a completion time (e.g. a washer/dryer finish time), show a descending timer. The button reads active while counting and turns off at zero.","Cuando el valor es una hora de finalización (por ejemplo, la hora de fin de una lavadora/secadora), muestra un temporizador descendente. El botón se marca como activo mientras cuenta y se apaga en cero.",
ui_widget_height_b26de24,,Widget height,Altura del widget,
ui_widget_name_55e5340,,Widget name,Nombre del widget,
ui_widget_presentation_a3a8cdc,,Widget presentation,Presentación del widget,
ui_widget_width_1d89599,,Widget width,Ancho del widget,
ui_width_a58ddf5,,Width,Ancho,
ui_width_and_height_6ed6746,,Width and height,Ancho y alto,
ui_width_and_optional_icon_671e2ef,,Width and optional icon,Ancho e ícono opcional,
ui_width_columns_and_container_shape_984a191,,"Width, columns, and container shape","Ancho, columnas y forma del contenedor",
ui_width_shape_and_collapse_behavior_7abc6f4,,"Width, shape, and collapse behavior","Ancho, forma y comportamiento de contracción",
ui_wind_142b575,,Wind,Viento,
ui_worth_watching_a3d46c7,,Worth watching,Vale la pena ver,
ui_would_you_like_to_add_an_existing_camera_entity_00d5bc3,,Would you like to add an existing camera entity or a custom URL?,¿Deseas agregar una entidad de cámara existente o una URL personalizada?,
ui_write_the_information_shown_on_this_card_4ca5db7,,Write the information shown on this card,Escribe la información mostrada en esta tarjeta,
ui_you_can_help_by_testing_new_builds_reporting_reproducible_5310461,,"You can help by testing new builds, reporting reproducible bugs, suggesting thoughtful improvements, helping with translations or documentation, sharing HKI 7 with other Home Assistant users, and giving constructive feedback.","Puedes ayudar probando nuevas versiones, reportando errores reproducibles, sugiriendo mejoras bien pensadas, ayudando con traducciones o documentación, compartiendo HKI 7 con otros usuarios de Home Assistant y dando comentarios constructivos.","don't translate Home Assistant, HKI 7"
ui_you_re_exploring_the_built_in_sample_home_63c2ad1,,You're exploring the built-in sample home,Estás explorando el hogar de muestra integrado,
ui_your_automations_and_devices_will_be_unavailable_briefly_h_8a8572e,,Your automations and devices will be unavailable briefly. HKI7 will reconnect automatically when Home Assistant is ready.,Tus automatizaciones y dispositivos no estarán disponibles brevemente. HKI7 se reconectará automáticamente cuando Home Assistant esté listo.,"don't translate Home Assistant, HKI7"
ui_your_dashboard_is_ready_0719f75,,Your dashboard is ready,Tu panel está listo,
ui_your_home_72412fa,,Your home,Tu hogar,
ui_your_location_is_shared_only_with_your_own_home_c75bd6d,,Your location is shared only with your own Home Assistant server. It is ,Tu ubicación se comparte solo con tu propio servidor de Home Assistant. ,don't translate Home Assistant; keep the space at the start/end
logs_title,,Connection log,Registro de conexión,
logs_subtitle,,What the app's connection to Home Assistant has been doing,Qué ha estado haciendo la conexión de la aplicación con Home Assistant,don't translate Home Assistant
logs_empty,,Connection log,Registro de conexión,
logs_empty_hint,,"Nothing logged yet. Connection attempts, reconnects, sync and subscriptions appear here as they happen.","Aún no se ha registrado nada. Los intentos de conexión, reconexiones, sincronización y suscripciones aparecen aquí a medida que ocurren.",
logs_count,,Connection log (%1$d),Registro de conexión (%1$d),app fills in %1$d — keep them
logs_copy,,Copy the log,Copiar el registro,
logs_clear,,Clear the log,Borrar el registro,
logs_show_all,,Show all %1$d,Mostrar todo %1$d,app fills in %1$d — keep them
logs_show_less,,Show less,Mostrar menos,
parcel_letter_count,one,%1$d letter,%1$d carta,app fills in %1$d — keep them
parcel_letter_count,other,%1$d letters,%1$d cartas,app fills in %1$d — keep them
spacer_empty_button,,Empty button,Botón vacío,
spacer_empty_button_description,,Transparent placeholder that only reserves space,Marcador de posición transparente que solo reserva espacio,
spacer_add_empty_button,,Add empty button,Agregar botón vacío,
popup_custom_popup,,Custom popup,Ventana personalizada,
popup_choose,,Choose a popup,Elige una ventana,
popup_none_yet,,No popups yet,Aún no hay ventanas,
popup_new,,New popup,Nueva ventana,
popup_default_name,,New popup,Nueva ventana,
popup_name,,Popup name,Nombre de la ventana,
popup_edit_contents,,Edit contents,Editar contenido,
popup_delete,,Delete popup,Eliminar ventana,
popup_status_entity,,Status entity,Entidad de estado,
popup_status_entity_hint,,Optional. Its state fills the dialog's status line and adds the history view.,Opcional. Su estado llena la línea de estado del diálogo y agrega la vista de historial.,
popup_settings_subtitle,,"Name, icon, and status entity","Nombre, ícono y entidad de estado",
popup_shared_hint,,Popups are shared: other buttons can open this same popup.,Las ventanas se comparten: otros botones pueden abrir esta misma ventana.,
popup_empty,,This popup is empty. Tap Edit to add widgets.,Esta ventana está vacía. Toca Editar para agregar widgets.,
popup_settings_title,,Popups,Ventanas,
popup_settings_subtitle_section,,Build and edit your custom popups,Crea y edita tus ventanas personalizadas,
popup_settings_hint,,"Popups open from a button, badge, or dialog button set to the Custom popup action. Edit contents opens the popup itself so you can arrange its widgets.","Las ventanas se abren desde un botón, una insignia o un botón de diálogo con la acción Ventana personalizada. «Editar contenido» abre la propia ventana para organizar sus widgets.",
button_icon_only,,Icon only,Solo ícono,
button_icon_size,,Icon size,Tamaño del ícono,
button_icon_size_description,,"Auto shrinks the icon as the stack gains columns, so it still fits a narrow button.","Automático reduce el ícono a medida que la pila gana columnas, para que quepa en un botón angosto.",
button_icon_size_auto,,Auto,Automático,
button_icon_size_value,,%1$d dp,%1$d dp,app fills in %1$d — keep them
stack_child_icon_only,,Icon only for every button,Solo ícono en todos los botones,
stack_child_icon_only_description,,"Applies to all buttons in this stack, so you don't have to set it on each one.","Se aplica a todos los botones de esta pila, así no tienes que ajustarlo uno por uno.",
stack_child_icon_size,,Icon size for every button,Tamaño del ícono en todos los botones,
button_icon_only_description,,"Hide the name and state, centering the icon on the button",Oculta el nombre y el estado y centra el ícono en el botón,
action_button,,Action button,Botón de acción,
action_button_description,,"A button without an entity: give it a name, an icon, and any action","Un botón sin entidad: dale un nombre, un ícono y cualquier acción",
action_button_add,,Add action button,Agregar botón de acción,
action_badge_add,,Add action badge,Agregar insignia de acción,
security_entity_count,one,%1$d entity,%1$d entidad,app fills in %1$d — keep them
security_entity_count,other,%1$d entities,%1$d entidades,app fills in %1$d — keep them
family_permission_switch_dashboards,,Allow switching dashboards,Permitir cambiar de panel,
family_permission_switch_dashboards_subtitle,,Let this person load another existing dashboard,Permite que esta persona cargue otro panel existente,
family_permission_create_dashboards,,Allow creating dashboards,Permitir crear paneles,
family_permission_create_dashboards_subtitle,,Let this person create or duplicate dashboards,Permite que esta persona cree o duplique paneles,
family_dashboard_tab_locked,,Locked by family permissions,Bloqueado por los permisos familiares,
family_dashboard_access_lost_title,,Family access removed,Acceso familiar eliminado,
family_dashboard_access_lost_message,,"You no longer have access to HKI 7 through this family dashboard. Choose another dashboard shared with you, or use any other option your family permissions allow.",Ya no tienes acceso a HKI 7 mediante este panel familiar. Elige otro panel compartido contigo o cualquier otra opción permitida por tus permisos familiares.,don't translate HKI 7
family_access_manage,,Manage access,Administrar acceso,
family_access_title,,Who can see %1$s,¿Quién puede ver %1$s?,app fills in %1$s — keep them
family_access_description,,Add or remove people. Everyone you remove loses this dashboard the next time their app syncs.,Agregar o eliminar personas. Todas las personas que elimines perderán este panel la próxima vez que se sincronice su aplicación.,
family_access_shared_everyone,,Shared with everyone,Compartido con todos,
family_access_shared_nobody,,Shared with no one,compartido con nadie,
family_access_shared_with,,Shared with %1$s,Compartido con %1$s,app fills in %1$s — keep them
family_access_unknown_user,,Unknown user,Usuario desconocido,
family_access_revoke_warning,,"Losing access deletes their copy of this dashboard, along with any colours, icons, and names they changed on it.","Al perder el acceso, se elimina su copia de este panel, junto con los colores, íconos y nombres que cambiaron en él.",
family_versions_title,,HKI versions,Versiones HKI,
family_versions_description,,Which HKI build each family device is running. This device is on %1$s. A device appears once it has opened HKI 7 1.0.0-beta.18 or newer at least once.,Qué compilación de HKI está ejecutando cada dispositivo familiar. Este dispositivo está en %1$s. Un dispositivo aparece una vez que ha abierto HKI 7 1.0.0-beta.18 o posterior al menos una vez.,app fills in %1$s — keep them; don't translate HKI 7
family_versions_empty,,No family devices have reported a version yet.,Ningún dispositivo familiar ha reportado una versión todavía.,
family_versions_loading,,Loading family devices…,Cargando dispositivos familiares...,
family_versions_unavailable,,Home Assistant could not return the family device list. Check that HKI 7 Cloud is up to date.,Home Assistant no pudo devolver la lista de dispositivos familiares. Compruebe que HKI 7 Cloud esté actualizado.,"don't translate HKI 7 Cloud, Home Assistant"
family_versions_outdated,,Older than yours,mayor que el tuyo,
family_versions_android,,Android %1$s,Android %1$s,app fills in %1$s — keep them
family_versions_reported,,reported %1$s,reportado %1$s,app fills in %1$s — keep them
family_versions_forget,,Forget this device,Olvídate de este dispositivo,
family_versions_forget_hint,,Forgetting a device only clears it from this list. One that is still in use reappears the next time its app opens.,Olvidar un dispositivo solo lo borra de esta lista. Uno que todavía está en uso reaparece la próxima vez que se abre su aplicación.,
family_versions_nudge,,Ask to update to %1$s,Solicitar actualizar a %1$s,app fills in %1$s — keep them
family_versions_nudge_clear,,Cancel update request,Cancelar solicitud de actualización,
family_versions_nudge_pending,,Waiting for this device to update to %1$s. The request clears itself once it does.,Esperando que este dispositivo se actualice a %1$s. La solicitud se borra sola una vez que lo hace.,app fills in %1$s — keep them
family_require_title,,Require an HKI version,Requiere una versión HKI,
family_require_description,,"Everyone below the version you require is asked to update before they can keep using HKI. Nothing here installs anything — Google Play does the update, so people are only ever held up when Play actually has it ready for them.","A todos los que se encuentran debajo de la versión que usted necesita se les solicita que actualicen antes de poder seguir usando HKI. Aquí nada instala nada: Google Play realiza la actualización, por lo que las personas solo se retrasan cuando Play realmente lo tiene listo para ellos.",
family_require_current,,Currently required: %1$s,Actualmente requerido: %1$s,app fills in %1$s — keep them
family_require_set,,Require everyone to be on %1$s,Requerir que todos estén en %1$s,app fills in %1$s — keep them
family_require_clear,,Clear the requirement,Borrar el requisito,
family_require_hint,,"You can only require a version some device already runs, so a requirement can never be one nobody is able to install.","Solo puede solicitar una versión que algún dispositivo ya ejecute, por lo que un requisito nunca puede ser uno que nadie pueda instalar.",
settings_extra_family_require_failed,,Could not change the required version. It has to be one a family device already runs.,No se pudo cambiar la versión requerida. Tiene que ser uno que ya esté funcionando en un dispositivo familiar.,
settings_extra_family_nudge_failed,,Could not ask “%1$s” to update.,No se pudo solicitar a “%1$s” que se actualice.,app fills in %1$s — keep them
app_update_required_title,,Time to update HKI,Es hora de actualizar HKI,
app_update_required_title_device,,This device needs an HKI update,Este dispositivo necesita una actualización HKI,
app_update_required_message,,Your family is on HKI %1$s. This device is on %2$s.,Tu familia está en HKI %1$s. Este dispositivo está en %2$s.,app fills in %1$s %2$s — keep them
app_update_required_checking,,Checking Google Play…,Comprobando Google Play…,
app_update_required_update,,Update now,Actualizar ahora,
app_update_required_open_store,,Open HKI in the Play Store,Abra HKI en Play Store,
app_update_required_opened_store,,"Google Play could not take over here, so its store page was opened instead.","Google Play no pudo hacerse cargo aquí, por lo que se abrió su página de tienda.",
app_update_required_unavailable,,"Google Play has no update ready for this device yet. That usually means the release hasn't reached you, or this copy of HKI didn't come from the Play Store.","Google Play aún no tiene ninguna actualización lista para este dispositivo. Por lo general, eso significa que el lanzamiento no le ha llegado o que esta copia de HKI no proviene de Play Store.",
app_update_required_continue,,Continue without updating,Continuar sin actualizar,
settings_extra_active_instance,,Active instance,Instancia activa,
settings_extra_automatic_cloud_backup_enabled,,Automatic cloud backup enabled.,Copia de seguridad automática en la nube activada.,
settings_extra_background_restricted_warning,,Restricted — background sync will not work,Restringido: la sincronización en segundo plano no funcionará,
settings_extra_backup_failed,,Backup failed: %1$s,Error en la copia de seguridad: %1$s,app fills in %1$s — keep them
settings_extra_backup_unreadable,,The backup could not be read,No se pudo leer la copia de seguridad,
settings_extra_battery_optimized_warning,,Optimized — may interrupt background sync,Optimizado: puede interrumpir la sincronización en segundo plano,
settings_extra_buy_me_a_coffee_logo,,Buy Me a Coffee logo,Logotipo de Buy Me a Coffee,
settings_extra_cloud_backup_created,,Cloud backup created.,Copia de seguridad en la nube creada.,
settings_extra_cloud_backup_failed,,Cloud backup failed: %1$s,Error en la copia de seguridad en la nube: %1$s,app fills in %1$s — keep them
settings_extra_cloud_component_missing,,"The HKI 7 Cloud component was not found on your Home Assistant. Install it through HACS, then try again.",No se encontró el componente HKI 7 Cloud en tu Home Assistant. Instálalo mediante HACS e inténtalo de nuevo.,"don't translate HKI 7 Cloud, Home Assistant"
settings_extra_copy_dashboard,,Copy %1$s,Copiar %1$s,app fills in %1$s — keep them
settings_extra_corner_modern,,Modern,Moderno,
settings_extra_corner_round,,Round,Redondo,
settings_extra_corner_sharp,,Sharp,Angular,
settings_extra_create_custom_page,,Create custom page,Crear página personalizada,
settings_extra_custom_page_identity_subtitle,,Identity and navigation appearance,Identidad y apariencia de navegación,
settings_extra_dashboard_backup_saved,,Dashboard backup saved.,Copia de seguridad del panel guardada.,
settings_extra_dashboard_copy_name,,%1$s copy,Copia de %1$s,app fills in %1$s — keep them
settings_extra_dashboard_default_name,,Dashboard %1$d,Panel %1$d,app fills in %1$d — keep them
settings_extra_new_dashboard_confirm_body,,This adds a dashboard alongside the one you are using. Your current dashboard is kept exactly as it is and is never overwritten — you can switch between them at any time.,Esto agrega un panel junto al que estás usando. Su panel actual se mantiene exactamente como está y nunca se sobrescribe; puede cambiar entre ellos en cualquier momento.,
settings_extra_new_dashboard_confirm_action,,Continue,Continuar,
settings_extra_new_dashboard_created,,Created “%1$s”,"Creado ""%1$s""",app fills in %1$s — keep them
uif_onboarding_shared_already_added,,Already added,Ya agregado,
settings_extra_dashboard_shared_badge,,Shared,Compartido,
settings_extra_dashboard_shared_subtitle,,Shared with you by your family. Tap to load,Compartido contigo por tu familia. Toca para cargar,
settings_extra_dashboard_shared_loaded,,Shared with you by your family. Currently loaded,Compartido contigo por tu familia. Actualmente cargado,
settings_extra_dashboard_generating,,Your new dashboard is being generated automatically.,Tu nuevo panel se está generando automáticamente.,
settings_extra_dashboard_mode_auto,,Automatic,Automático,
settings_extra_dashboard_mode_manual,,Manual,Manual,
settings_extra_dashboard_restored,,Dashboard configuration restored.,Configuración del panel restaurada.,
settings_extra_dashboard_shared,,“%1$s” shared.,“%1$s” compartido.,app fills in %1$s — keep them
settings_extra_dashboard_sharing_failed,,Could not share the dashboard.,No se pudo compartir el panel.,
settings_extra_default_user_name,,User,Usuario,
settings_extra_delete_dashboard,,Delete %1$s,Eliminar %1$s,app fills in %1$s — keep them
settings_extra_device_tracker,,Device tracker,Rastreador de dispositivo,
settings_extra_device_tracker_subtitle,,"Name used for location, geocoded location, battery, and charging entities","Nombre usado para las entidades de ubicación, ubicación geocodificada, batería y carga",
settings_extra_drive_access_token_missing,,Google Drive authorization did not return an access token.,La autorización de Google Drive no devolvió un token de acceso.,don't translate Google Drive
settings_extra_drive_authorization_cancelled,,Google Drive authorization was cancelled.,Se canceló la autorización de Google Drive.,don't translate Google Drive
settings_extra_drive_authorization_failed,,Google Drive authorization failed: %1$s,Error en la autorización de Google Drive: %1$s,app fills in %1$s — keep them; don't translate Google Drive
settings_extra_drive_authorization_open_failed,,Google Drive authorization could not be opened.,No se pudo abrir la autorización de Google Drive.,don't translate Google Drive
settings_extra_drive_backups_load_failed,,Could not load Google Drive backups: %1$s,No se pudieron cargar las copias de seguridad de Google Drive: %1$s,app fills in %1$s — keep them; don't translate Google Drive
settings_extra_edit_custom_page,,Edit custom page,Editar página personalizada,
settings_extra_effect_glow,,Glow,Resplandor,
settings_extra_effect_group_alerts,,Sensors and alarms,Sensores y alarmas,
settings_extra_effect_group_climate,,Climate and humidity,Clima y humedad,
settings_extra_effect_group_fans,,Fans and vacuums,Ventiladores y aspiradoras,
settings_extra_effect_group_lights,,Lights and switches,Luces e interruptores,
settings_extra_effect_group_media,,Media players,Reproductores multimedia,
settings_extra_effect_group_other,,Everything else,Todo lo demás,
settings_extra_effect_none,,None,Ninguno,
settings_extra_effect_pulse,,Pulse,Pulso,
settings_extra_effect_spin,,Spin,Girar,
settings_extra_empty_dashboard_created,,An empty dashboard was created.,Se creó un panel vacío.,
settings_extra_font_atkinson,,Atkinson Hyperlegible,Atkinson Hyperlegible,
settings_extra_font_bree_serif,,Bree Serif,Bree Serif,
settings_extra_font_comfortaa,,Comfortaa,Comfortaa,
settings_extra_font_cursive,,Cursive,Cursiva,
settings_extra_font_default,,Default,Predeterminada,
settings_extra_font_monospace,,Monospace,Monoespaciada,
settings_extra_font_nunito,,Nunito,Nunito,
settings_extra_font_patrick_hand,,Patrick Hand,Patrick Hand,
settings_extra_font_sans_serif,,Sans serif,Sans serif,
settings_extra_font_serif,,Serif,Serif,
settings_extra_font_space_grotesk,,Space Grotesk,Space Grotesk,
settings_extra_ha_backup_created,,Home Assistant backup created.,Copia de seguridad de Home Assistant creada.,don't translate Home Assistant
settings_extra_ha_backup_enabled,,Home Assistant backup enabled.,Copia de seguridad de Home Assistant activada.,don't translate Home Assistant
settings_extra_ha_backup_failed,,Home Assistant backup failed. Is the HKI 7 Cloud component reachable?,Error en la copia de seguridad de Home Assistant. ¿Está accesible el componente HKI 7 Cloud?,"don't translate HKI 7 Cloud, Home Assistant"
settings_extra_ha_backups_load_failed,,Could not load Home Assistant backups: %1$s,No se pudieron cargar las copias de seguridad de Home Assistant: %1$s,app fills in %1$s — keep them; don't translate Home Assistant
settings_extra_hide_tab,,Hide tab,Ocultar pestaña,
settings_extra_hki_cloud_step_add_integration,,"Go to Settings → Devices & Services → Add Integration, choose “HKI 7 Cloud,” and confirm.","Ve a Configuración → Dispositivos y servicios → Agregar integración, elige “HKI 7 Cloud” y confirma.",don't translate HKI 7 Cloud
settings_extra_hki_cloud_step_add_repository,,"Paste %1$s, choose the “Integration” category, and add it.","Pega %1$s, elige la categoría “Integración” y agrégalo.",app fills in %1$s — keep them
settings_extra_hki_cloud_step_install,,"Open the new “HKI 7 Cloud” entry, install it, and restart Home Assistant.","Abre la nueva entrada “HKI 7 Cloud”, instálala y reinicia Home Assistant.","don't translate HKI 7 Cloud, Home Assistant"
settings_extra_hki_cloud_step_open_custom_repositories,,"In Home Assistant, open HACS → the ⋮ menu in the top-right → Custom repositories.","En Home Assistant, abre HACS → el menú ⋮ arriba a la derecha → Repositorios personalizados.",don't translate Home Assistant
settings_extra_hki_cloud_step_reopen,,Reopen this screen. The features will appear automatically.,Vuelve a abrir esta pantalla. Las funciones aparecerán automáticamente.,
settings_extra_hki_cloud_version,,HKI 7 Cloud v%1$s installed,HKI 7 Nube v%1$s instalado,app fills in %1$s — keep them; don't translate HKI 7 Cloud
settings_extra_hki_cloud_version_unknown,,HKI 7 Cloud installed (update to see its version),HKI 7 Cloud instalado (actualiza para ver su versión),don't translate HKI 7 Cloud
settings_extra_hki_cloud_update_to_unlock,,Update to unlock:,Actualizar para desbloquear:,
settings_extra_hki_cloud_feature_requires,,%1$s (needs v%2$s+),%1$s (necesita v%2$s+),app fills in %1$s %2$s — keep them
settings_extra_hki_cloud_feature_reimport,,Manually re-importing or clearing dashboard view data,Volver a importar o borrar manualmente los datos de la vista del panel,
settings_extra_hki_cloud_feature_search_lists,,Per-person Visible/Invisible global search lists,Listas de búsqueda globales visibles/invisibles por persona,
settings_extra_hki_cloud_feature_room_follow,,Room following,Seguimiento de la habitación,
settings_extra_hki_cloud_feature_room_follow_launch_only,,"Room following: only place someone on launch, without tracking further moves","Seguimiento de sala: solo coloca a alguien en el lanzamiento, sin seguir más movimientos",
settings_extra_hki_cloud_feature_devices,,Seeing which HKI version each family device runs,Ver qué versión de HKI ejecuta cada dispositivo familiar,
settings_extra_hki_cloud_feature_required_version,,Requiring the family to update to a given HKI version,Requerir que la familia actualice a una versión HKI determinada,
settings_extra_hki_cloud_feature_events,,"The event timeline, and hiding parts of it from individual people",La línea de tiempo del evento y ocultar partes de ella a personas individuales.,
settings_extra_hki_cloud_tab_requires,,"Needs HKI 7 Cloud v%1$s or newer. Update the component in HACS — until then, what you set here won't take effect.","Necesita HKI 7 Cloud v%1$s o más reciente. Actualice el componente en HACS; hasta entonces, lo que establezca aquí no tendrá efecto.",app fills in %1$s — keep them; don't translate HKI 7 Cloud
settings_extra_location_allowed_always,,Allowed all the time,Permitido todo el tiempo,
settings_extra_location_allowed_foreground,,Allowed only while using the app,Permitido solo mientras se usa la app,
settings_extra_location_not_allowed,,Not allowed,No permitido,
language_search_placeholder,,Search languages,Idiomas de búsqueda,
language_search_no_matches,,No language matches “%1$s”,Ningún idioma coincide con “%1$s”,app fills in %1$s — keep them
settings_extra_language_dutch,,Nederlands,Nederlands,
settings_extra_language_english,,English,English,
settings_extra_language_french,,Français,Français,
settings_extra_language_german,,Deutsch,Deutsch,
settings_extra_language_italian,,Italiano,Italiano,
settings_extra_language_spanish,,Español,Español,
settings_extra_language_turkish,,Türkçe,Türkçe,
settings_extra_language_portuguese,,Português,Português,
settings_extra_language_portuguese_brazil,,Português (Brasil),Português (Brasil),
settings_extra_language_spanish_latam,,Español (Latinoamérica),Español (Latinoamérica),
settings_extra_language_japanese,,日本語,日本語,
settings_extra_language_korean,,한국어,한국어,
settings_extra_language_chinese_simplified,,中文（简体）,中文（简体）,
settings_extra_language_chinese_traditional,,中文（繁體）,中文（繁體）,
settings_extra_no_drive_backups,,No Google Drive backups were found.,No se encontraron copias de seguridad en Google Drive.,don't translate Google Drive
settings_extra_no_ha_backups,,No Home Assistant backups were found. Is the HKI 7 Cloud component installed?,No se encontraron copias de seguridad de Home Assistant. ¿Está instalado el componente HKI 7 Cloud?,"don't translate HKI 7 Cloud, Home Assistant"
settings_extra_notifications_multi_home_required,,Required while multiple homes receive notifications. Manage each home under Connection.,Obligatorio mientras varios hogares reciban notificaciones. Gestiona cada hogar en Conexión.,
settings_extra_notifications_persistent_connection,,Keeps a persistent connection to Home Assistant while the app is closed. This uses more battery.,Mantiene una conexión persistente con Home Assistant mientras la app está cerrada. Esto consume más batería.,don't translate Home Assistant
settings_extra_paypal_logo,,PayPal logo,Logotipo de PayPal,
settings_extra_policy_update_failed,,Could not update the policy.,No se pudo actualizar la política.,
settings_extra_policy_needs_component_update,,Permissions saved. Update HKI 7 Cloud to also store the Visible and Invisible lists.,Permisos guardados. Actualiza HKI 7 Cloud para guardar también las listas Visible e Invisible.,don't translate HKI 7 Cloud
settings_extra_policy_needs_component_update_room_follow,,Permissions saved. Update HKI 7 Cloud to also store the room following settings.,Permisos guardados. Actualiza HKI 7 Cloud para guardar también los ajustes de seguimiento de habitaciones.,don't translate HKI 7 Cloud
settings_extra_policy_needs_component_update_events,,"Permissions saved, but this HKI 7 Cloud is too old to hide events from this person — they would see the whole timeline. Update it to apply the restriction.","Los permisos se guardaron, pero esta nube HKI 7 es demasiado antigua para ocultar eventos a esta persona: vería toda la línea de tiempo. Actualícelo para aplicar la restricción.",don't translate HKI 7 Cloud
settings_extra_tab_presence,,Presence,Presencia,
settings_extra_tab_events,,Events,Eventos,
settings_extra_events_title,,Event timeline,Cronograma del evento,
settings_extra_events_description,,"Choose which entities the family sees recent activity for, in the Events tab of the notification drawer. Set once here rather than on each phone. This hides the timeline, not the entities — anyone signed in to Home Assistant can still read them there.","Elija para qué entidades ve la familia la actividad reciente, en la pestaña Eventos del cajón de notificaciones. Configúrelo una vez aquí en lugar de en cada teléfono. Esto oculta la línea de tiempo, no las entidades; cualquiera que haya iniciado sesión en Home Assistant aún puede leerlas allí.",don't translate Home Assistant
settings_extra_events_loading,,Loading the roster…,Cargando la lista...,
settings_extra_events_unavailable,,Could not read the roster from HKI 7 Cloud.,No se pudo leer la lista de HKI 7 Cloud.,don't translate HKI 7 Cloud
settings_extra_events_empty,,No entities are being tracked yet.,Aún no se está rastreando ninguna entidad.,
settings_extra_events_choose,,Choose entities,Elija entidades,
settings_extra_events_edit,,Edit entities,Editar entidades,
settings_extra_events_pick_title,,Entities to show events for,Entidades para mostrar eventos para,
settings_extra_events_save_failed,,Could not save the event roster.,No se pudo guardar la lista del evento.,
settings_extra_events_capped,,Saved %1$d entities and %2$d domains. The timeline roster is capped.,Se guardaron %1$d entidades y %2$d dominios. La lista de la línea de tiempo está limitada.,app fills in %1$d %2$d — keep them
settings_extra_events_whole_domain,,All %1$s (%2$d entities),Todas las %1$s (%2$d entidades),app fills in %1$s %2$d — keep them
settings_extra_events_resolved_capped,,"This roster covers %2$d entities, but a timeline subscribes to at most %1$d. Remove a domain, or add entities by name instead.","Esta lista cubre %2$d entidades, pero una línea de tiempo se suscribe como máximo a %1$d. Elimine un dominio o agregue entidades por nombre.",app fills in %2$d %1$d — keep them
settings_extra_events_per_person_title,,Who sees what,¿Quién ve qué?,
settings_extra_events_per_person_description,,Everyone sees the whole timeline unless you take something out of it for them.,Todos ven la línea de tiempo completa a menos que les saques algo.,
settings_extra_events_sees_everything,,Sees the whole timeline,Ve toda la línea de tiempo,
settings_extra_events_hidden_count,,%1$d hidden,%1$d oculto,app fills in %1$d — keep them
settings_extra_events_manage,,Manage,Administrar,
settings_extra_events_hidden_title,,Hide from this person,Esconderse de esta persona,
settings_extra_events_notifications_hint,,"The Events tab in the notification drawer shows recent activity for the entities your family admin chose. It is set for the whole family in Family Sharing, not per device.","La pestaña Eventos en el cajón de notificaciones muestra la actividad reciente de las entidades que eligió el administrador de su familia. Está configurado para toda la familia en Family Sharing, no para cada dispositivo.",
settings_extra_events_open_family_sharing,,Open Family Sharing,Compartir en familia abierto,
settings_extra_room_follow_title,,Room following,Seguimiento de habitaciones,
settings_extra_room_follow_description,,"Pick the room-presence sensor that tracks each person's phone, such as an ESPresense sensor. The app opens the room they are in and offers to follow them as they move.","Elige el sensor de presencia que sigue el teléfono de cada persona, como un sensor ESPresense. La app abre la habitación en la que está y ofrece seguirla cuando se mueve.",
settings_extra_room_follow_sensor,,Presence sensor,Sensor de presencia,
settings_extra_room_follow_none,,No sensor,Sin sensor,
settings_extra_room_follow_enabled,,Follow this person between rooms,Seguir a esta persona entre habitaciones,
settings_extra_room_follow_open_on_launch,,Open their room when the app starts,Abrir su habitación al iniciar la app,
settings_extra_room_follow_continue_after_launch,,Keep following while the app is open,Sigue siguiendo mientras la aplicación esté abierta.,
settings_extra_room_follow_continue_after_launch_hint,,"Turn off to only place them in the right room when the app starts, without switching rooms again while they're using it.","Desactívelo para colocarlos solo en la habitación correcta cuando se inicie la aplicación, sin volver a cambiar de habitación mientras la usan.",
settings_extra_room_follow_prompt_on_move,,Ask before switching rooms,Preguntar antes de cambiar de habitación,
settings_extra_room_follow_dwell,,Wait before a move counts,Espera antes de contar un movimiento,
settings_extra_room_follow_dwell_value,,%1$d s,%1$d s,app fills in %1$d — keep them
settings_extra_room_follow_dwell_hint,,Room-presence sensors drift between nearby rooms. A longer wait means fewer false moves.,Los sensores de presencia oscilan entre habitaciones contiguas. Una espera más larga reduce los movimientos falsos.,
settings_extra_room_follow_rooms,,Sensor states,Estados del sensor,
settings_extra_room_follow_rooms_matched,,Matched automatically,Emparejado automáticamente,
settings_extra_room_follow_rooms_unmatched,,Pick a room,Elegir una habitación,
settings_extra_room_follow_no_states,,No states seen yet. States appear here once the sensor reports them.,Aún no se han visto estados. Aparecerán aquí cuando el sensor los informe.,
room_follow_moved_title,,You moved to %1$s,Te moviste a %1$s,app fills in %1$s — keep them
room_follow_moved_message,,"Switch to that room, or stay where you are?",¿Cambiar a esa habitación o quedarte aquí?,
room_follow_moved_switch,,Switch,Cambiar,
room_follow_moved_stay,,Stay,Quedarme,
room_follow_moved_silence,,Don't ask again until I restart the app,No volver a preguntar hasta que reinicie la app,
settings_extra_rename_dashboard,,Rename %1$s,Renombrar %1$s,app fills in %1$s — keep them
settings_extra_rename_instance,,Rename %1$s,Renombrar %1$s,app fills in %1$s — keep them
settings_extra_restart_home_assistant_failed,,Could not restart Home Assistant.,No se pudo reiniciar Home Assistant.,don't translate Home Assistant
settings_extra_restore_failed,,Restore failed: %1$s,Error al restaurar: %1$s,app fills in %1$s — keep them
settings_extra_selected_file_open_failed,,Could not open the selected file,No se pudo abrir el archivo seleccionado,
settings_extra_set_dashboard_default,,Set %1$s as the default dashboard,Establecer %1$s como panel predeterminado,app fills in %1$s — keep them
settings_extra_family_device_forget_failed,,Could not forget “%1$s.”,"No pude olvidar ""%1$s"".",app fills in %1$s — keep them
settings_extra_shared_dashboard_access_failed,,Could not change who can see “%1$s.”,"No se pudo cambiar quién puede ver ""%1$s"".",app fills in %1$s — keep them
settings_extra_shared_dashboard_access_updated,,Updated who can see “%1$s.”,"Se actualizó quién puede ver ""%1$s"".",app fills in %1$s — keep them
settings_extra_shared_dashboard_delete_failed,,Could not delete “%1$s.”,No se pudo eliminar “%1$s.”,app fills in %1$s — keep them
settings_extra_shared_dashboard_deleted,,“%1$s” was deleted from the cloud.,“%1$s” se eliminó de la nube.,app fills in %1$s — keep them
settings_extra_shared_dashboard_import_failed,,Could not import “%1$s.”,No se pudo importar “%1$s.”,app fills in %1$s — keep them
settings_extra_shared_dashboard_imported,,“%1$s” was imported into your dashboards.,“%1$s” se importó a tus paneles.,app fills in %1$s — keep them
settings_extra_shared_dashboard_now_using,,Now using “%1$s.”,Usando ahora “%1$s.”,app fills in %1$s — keep them
settings_extra_shared_dashboard_use_failed,,Could not use “%1$s.”,No se pudo usar “%1$s.”,app fills in %1$s — keep them
settings_extra_shared_dashboards_up_to_date,,Shared dashboards are already up to date.,Los paneles compartidos ya están actualizados.,
settings_extra_show_tab,,Show tab,Mostrar pestaña,
settings_extra_tab_dashboards,,Dashboards,Paneles,
settings_extra_tab_devices,,Devices,Dispositivos,
settings_extra_tab_parental_controls,,Parental controls,Control parental,
settings_extra_tab_permissions,,Permissions,Permisos,
settings_extra_technology_kotlin,,Kotlin,Kotlin,
settings_extra_technology_xml_kotlin_dsl,,XML and Kotlin DSL,XML y Kotlin DSL,
settings_extra_theme_amber,,Amber,Ámbar,
settings_extra_theme_auto,,Auto,Automático,
settings_extra_theme_blue,,Blue,Azul,
settings_extra_theme_custom,,Custom,Personalizado,
settings_extra_theme_dark,,Dark,Oscuro,
settings_extra_theme_green,,Green,Verde,
settings_extra_theme_light,,Light,Claro,
settings_extra_theme_rose,,Rose,Rosa,
settings_extra_theme_system,,System,Sistema,
settings_extra_unknown_error,,Unknown error,Error desconocido,
settings_extra_unrestricted_recommended,,Unrestricted (recommended),Sin restricciones (recomendado),
settings_extra_view_battery,,Battery,Batería,
settings_extra_view_climate,,Climate,Clima,
settings_extra_view_energy,,Energy,Energía,
settings_extra_view_rooms,,Rooms,Habitaciones,
settings_extra_view_security,,Security,Seguridad,
settings_extra_minutes_ago,one,%1$d minute ago,Hace %1$d minuto,app fills in %1$d — keep them
settings_extra_minutes_ago,other,%1$d minutes ago,Hace %1$d minutos,app fills in %1$d — keep them
settings_extra_hours_ago,one,%1$d hour ago,Hace %1$d hora,app fills in %1$d — keep them
settings_extra_hours_ago,other,%1$d hours ago,Hace %1$d horas,app fills in %1$d — keep them
settings_extra_days_ago,one,%1$d day ago,Hace %1$d día,app fills in %1$d — keep them
settings_extra_days_ago,other,%1$d days ago,Hace %1$d días,app fills in %1$d — keep them
settings_extra_shared_dashboards_pushed,one,Pushed changes to %1$d shared dashboard.,Cambios enviados a %1$d panel compartido.,app fills in %1$d — keep them
settings_extra_shared_dashboards_pushed,other,Pushed changes to %1$d shared dashboards.,Cambios enviados a %1$d paneles compartidos.,app fills in %1$d — keep them
family_permission_reimport,,Allow re-importing,Permitir volver a importar,
family_permission_reimport_subtitle,,"Let this person manually re-import or clear Rooms, Climate, Security, Energy, and Battery data","Permitir que esta persona vuelva a importar o borre manualmente los datos de Habitaciones, Clima, Seguridad, Energía y Batería",
family_dashboard_create_disabled_reason,,Your family administrator has disabled dashboard creation. This account can only use family-shared dashboards.,El administrador familiar desactivó la creación de tableros. Esta cuenta solo puede usar tableros familiares compartidos.,
family_dashboard_restore_disabled_reason,,"Your family administrator has disabled dashboard switching. Restoring a backup could replace the family dashboard, so this account can only select a shared dashboard.","El administrador familiar desactivó el cambio de tablero. Restaurar un respaldo podría reemplazar el tablero familiar, por lo que esta cuenta solo puede elegir un tablero compartido.",
family_settings_admin_only,,Locked — only a Home Assistant administrator can manage family sharing,Bloqueado: solo un administrador de Home Assistant puede gestionar el uso compartido familiar,don't translate Home Assistant
family_aesthetics_only_explanation,,"Aesthetics-only access allows local names, icons, colors, backgrounds, card styles, shapes, sizes, and layout. Entities, actions, visibility rules, content, controls, and other behavior remain managed by the dashboard owner.","El acceso solo estético permite nombres, íconos, colores, fondos, estilos de tarjetas, formas, tamaños y diseño locales. Las entidades, acciones, reglas de visibilidad, contenido, controles y demás comportamiento siguen bajo la gestión del propietario del tablero.",
parental_search_access_title,,Entity search access,Acceso a la búsqueda de entidades,
parental_search_access_hint,,Choose which Home Assistant domains or individual entities this person can find in global search. Invisible selections always take precedence.,Elige qué dominios de Home Assistant o entidades individuales puede encontrar esta persona en la búsqueda global. Las selecciones invisibles siempre tienen prioridad.,don't translate Home Assistant
parental_search_visible_title,,Visible,Visible,
parental_search_invisible_title,,Invisible,Invisible,
parental_search_visible_empty,,All entities are visible unless they appear in the Invisible list.,"Todas las entidades son visibles, excepto las que estén en la lista Invisible.",
parental_search_invisible_empty,,No entities are explicitly hidden.,No hay entidades ocultas explícitamente.,
parental_search_picker_subtitle,,Select entire domains or individual entities,Selecciona dominios completos o entidades individuales,
parental_search_domains,,Domains,Dominios,
parental_search_entire_domain,,Entire domain,Dominio completo,
parental_search_domain_chip,,Domain: %1$s,Dominio: %1$s,app fills in %1$s — keep them
ha_page_category,,Home Assistant,Asistente de hogar,don't translate Home Assistant
ha_page_category_subtitle,,Open your server's own pages without leaving HKI 7,Abra las páginas propias de su servidor sin salir de HKI 7,don't translate HKI 7
ha_page_settings,,Home Assistant settings,Home Assistant configuración,don't translate Home Assistant
ha_page_settings_subtitle,,"Integrations, devices, areas and automations","Integraciones, dispositivos, áreas y automatizaciones.",
ha_page_dev_tools,,Developer tools,Herramientas de desarrollador,
ha_page_dev_tools_subtitle,,"States, services, templates and events","Estados, servicios, plantillas y eventos.",
ha_page_hacs,,HACS,HACS,
ha_page_hacs_subtitle,,Community integrations and frontend add-ons,Integraciones comunitarias y complementos de interfaz,
ha_page_no_server,,Connect to a Home Assistant server first.,Conéctese primero a un servidor Home Assistant.,don't translate Home Assistant
ha_page_reload,,Reload,Recargar,
ha_page_open_browser,,Open in browser,Abrir en el navegador,
ha_page_session_failed,,Could not start the embedded Home Assistant session. Reload the page or open it in your browser.,No se pudo iniciar la sesión Home Assistant integrada. Vuelva a cargar la página o ábrala en su navegador.,don't translate Home Assistant
update_channel_name,,App updates,Actualizaciones de aplicaciones,
update_channel_description,,Tells you when a newer version of HKI 7 has been released,Le avisa cuando se ha lanzado una versión más nueva de HKI 7,don't translate HKI 7
update_available_title,,HKI 7 %1$s is available,HKI 7 %1$s está disponible,app fills in %1$s — keep them; don't translate HKI 7
update_available_body,,Tap to see what changed and update,Toca para ver qué cambió y actualizar,
update_title,,App updates,Actualizaciones de aplicaciones,
update_subtitle_checking,,Checking for a newer version…,Buscando una versión más nueva...,
update_subtitle_current,,You are on the latest version,Estás en la última versión.,
update_subtitle_available,,Version %1$s is available,La versión %1$s está disponible,app fills in %1$s — keep them
update_check_now,,Check for updates,Buscar actualizaciones,
update_now,,Update now,Actualizar ahora,
update_see_changes,,See what changed,Mira lo que cambió,
update_watch_releases,,Tell me about new releases,Cuéntame sobre nuevos lanzamientos.,
update_watch_releases_subtitle,,Checks GitHub once a day and notifies you when a newer version is published,Comprueba GitHub una vez al día y te notifica cuando se publica una versión más nueva.,
uif_a_state,,a state,un estado,
uif_a_time,,a time,una hora,
uif_actions,,Actions,Acciones,
uif_active,,Active,Activo,
uif_adaptive,,Adaptive,Adaptable,
uif_advanced,,Advanced,Avanzado,
uif_air_quality,,Air quality,Calidad del aire,
uif_alarm,,Alarm,Alarma,
uif_alarms,,Alarms,Alarmas,
uif_allow,,Allow,Permitir,
uif_allow_all_the_time,,Allow all the time,Permitir todo el tiempo,
uif_and_separator,,\u0020and\u0020, y ,
uif_appearance,,Appearance,Apariencia,
uif_aqi,,AQI,ICA,
uif_auto,,Auto,Automático,
uif_back,,Back,Atrás,
uif_beep,,Beep,Pitido,
uif_brightness,,Brightness,Brillo,
uif_bucket,,Bucket,Cubo,
uif_choose_action,,Choose action,Elegir acción,
uif_choose_entity,,Choose entity,Elegir entidad,
uif_choose_target,,Choose target,Elegir objetivo,
uif_circle,,Circle,Círculo,
uif_color,,Color,Color,
uif_date,,Date,Fecha,
uif_date_and_time,,Date and time,Fecha y hora,
uif_defrost,,Defrost,Descongelar,
uif_devices_on,,Devices on,Dispositivos encendidos,
uif_direction_east_short,,E,E,
uif_direction_north_short,,N,N,
uif_direction_northeast_short,,NE,NE,
uif_direction_northwest_short,,NW,NO,
uif_direction_south_short,,S,S,
uif_direction_southeast_short,,SE,SE,
uif_direction_southwest_short,,SW,SO,
uif_direction_west_short,,W,O,
uif_display,,Display,Pantalla,
uif_edit,,Edit,Editar,
uif_enable,,Enable,Activar,
uif_enable_location,,Enable location,Activar ubicación,
uif_enabled,,Enabled,Activado,
uif_entities,,Entities,Entidades,
uif_error,,Error,Error,
uif_fan_speed,,Fan speed,Velocidad del ventilador,
uif_feels_like_temperature,,Feels like %1$d°,Sensación térmica %1$d°,app fills in %1$d — keep them
uif_filter,,Filter,Filtro,
uif_fire,,Fire,Fuego,
uif_flow_actions_available,,Actions available in Home Assistant,Acciones disponibles en Home Assistant,don't translate Home Assistant
uif_flow_actions_load_failed,,Could not load Home Assistant actions,No se pudieron cargar las acciones de Home Assistant,don't translate Home Assistant
uif_flow_advanced_block_unchanged,,Advanced block (kept unchanged),Bloque avanzado (sin cambios),
uif_flow_after_format,,After (HH:MM:SS),Después de (HH:MM:SS),
uif_flow_after_time,,after %1$s,después de %1$s,app fills in %1$s — keep them
uif_flow_at_time,,At %1$s,A las %1$s,app fills in %1$s — keep them
uif_flow_automation_delete_failed,,Could not delete this automation,No se pudo eliminar esta automatización,
uif_flow_automation_deleted,,Deleted from Home Assistant,Eliminada de Home Assistant,don't translate Home Assistant
uif_flow_automation_load_failed,,Could not load this automation,No se pudo cargar esta automatización,
uif_flow_automation_save_failed,,Could not save this automation,No se pudo guardar esta automatización,
uif_flow_automation_saved,,Saved and loaded in Home Assistant,Guardada y cargada en Home Assistant,don't translate Home Assistant
uif_flow_before_format,,Before (HH:MM:SS),Antes de (HH:MM:SS),
uif_flow_before_time,,before %1$s,antes de %1$s,app fills in %1$s — keep them
uif_flow_domain_actions_first,,%1$s actions are shown first,Las acciones de %1$s se muestran primero,app fills in %1$s — keep them
uif_flow_entity_becomes_state,,%1$s becomes %2$s,%1$s pasa a %2$s,app fills in %1$s %2$s — keep them
uif_flow_entity_is_state,,%1$s is %2$s,%1$s es %2$s,app fills in %1$s %2$s — keep them
uif_flow_entity_state,,Entity state,Estado de la entidad,
uif_flow_ha_action,,Home Assistant action,Acción de Home Assistant,don't translate Home Assistant
uif_flow_mode_parallel,,Parallel,Paralelo,
uif_flow_mode_parallel_description,,Start every trigger as a separate run at the same time.,Inicia cada disparador como una ejecución independiente al mismo tiempo.,
uif_flow_mode_queued,,Queued,En cola,
uif_flow_mode_queued_description,,"Wait, then run each trigger in the order it arrived.",Espera y luego ejecuta cada disparador en el orden en que llegó.,
uif_flow_mode_restart,,Restart,Reiniciar,
uif_flow_mode_restart_description,,Stop the current run and start again when conditions still pass.,Detiene la ejecución actual y comienza de nuevo cuando las condiciones aún se cumplen.,
uif_flow_mode_single,,Single,Único,
uif_flow_mode_single_description,,Ignore a new trigger while this flow is still running.,Ignora un nuevo disparador mientras este flujo sigue en ejecución.,
uif_flow_perform_ha_action,,Perform a Home Assistant action,Realizar una acción de Home Assistant,don't translate Home Assistant
uif_flow_section_and_if,,And if,Y si,
uif_flow_section_then,,Then,Entonces,
uif_flow_section_when,,When,Cuando,
uif_flow_sun_event,,Sun event,Evento solar,
uif_flow_sunrise_or_sunset,,Sunrise or sunset,Amanecer o atardecer,
uif_flow_time_format,,Time (HH:MM:SS),Hora (HH:MM:SS),
uif_flow_time_window,,Time window,Ventana de tiempo,
uif_flow_group_any,,Any of these,Cualquiera de estas,
uif_flow_group_all,,All of these,Todas estas,
uif_flow_group_none,,None of these,Ninguna de estas,
uif_flow_group_empty,,Empty — open it to add conditions,Vacío — abre el grupo para agregar condiciones,
uif_flow_group_open,,Open group,Abrir grupo,
uif_flow_group_back,,Back,Atrás,
uif_flow_group_count,one,%1$d condition inside,%1$d condición dentro,app fills in %1$d — keep them
uif_flow_group_count,other,%1$d conditions inside,%1$d condiciones dentro,app fills in %1$d — keep them
uif_flow_within_time_window,,Within a time window,Dentro de una ventana de tiempo,
uif_full,,Full,Completo,
uif_gas,,Gas,Gas,
uif_glow,,Glow,Resplandor,
uif_half,,Half,Mitad,
uif_header_pill,,Header pill,Píldora de encabezado,
uif_hold,,Hold,Mantener,
uif_humidity,,Humidity,Humedad,
uif_ionizer,,Ionizer,Ionizador,
uif_lights_on,,Lights on,Luces encendidas,
uif_local_network_access,,Local network access,Acceso a la red local,
uif_local_network_access_description,,Allows HKI 7 to find and connect directly to Home Assistant on your Wi-Fi network.,Permite que HKI 7 encuentre y se conecte directamente a Home Assistant en su red Wi-Fi.,"don't translate Home Assistant, HKI 7"
uif_mode_auto,,Auto,Automático,
uif_mode_away,,Away,Ausente,
uif_mode_baby,,Baby,Bebé,
uif_mode_boost,,Boost,Impulso,
uif_mode_clothes,,Clothes,Ropa,
uif_mode_comfort,,Comfort,Confort,
uif_mode_continuous,,Continuous,Continuo,
uif_mode_dry,,Dry,Seco,
uif_mode_eco,,Eco,Eco,
uif_mode_high,,High,Alto,
uif_mode_home,,Home,En casa,
uif_mode_laundry,,Laundry,Lavado,
uif_mode_low,,Low,Bajo,
uif_mode_manual,,Manual,Manual,
uif_mode_medium,,Medium,Medio,
uif_mode_normal,,Normal,Normal,
uif_mode_purify,,Purify,Purificar,
uif_mode_quiet,,Quiet,Silencioso,
uif_mode_sleep,,Sleep,Reposo,
uif_moon,,Moon,Luna,
uif_moon_phase_first_quarter,,First quarter,Cuarto creciente,
uif_moon_phase_full,,Full moon,Luna llena,
uif_moon_phase_last_quarter,,Last quarter,Cuarto menguante,
uif_moon_phase_new,,New moon,Luna nueva,
uif_moon_phase_waning_crescent,,Waning crescent,Menguante creciente,
uif_moon_phase_waning_gibbous,,Waning gibbous,Menguante gibosa,
uif_moon_phase_waxing_crescent,,Waxing crescent,Creciente,
uif_moon_phase_waxing_gibbous,,Waxing gibbous,Creciente gibosa,
uif_motion,,Motion,Movimiento,
uif_mute,,Mute,Silenciar,
uif_next,,Next,Siguiente,
uif_none,,None,Ninguno,
uif_off,,Off,Apagado,
uif_onboarding_add_in_edit_mode,,Add everything yourself in Edit mode,Agrega todo tú mismo en el modo de edición,
uif_onboarding_add_internal_url_later,,"For a faster direct connection at home, you can add an internal URL and your home Wi-Fi networks later in Settings > Connection.","Para una conexión directa más rápida en casa, puedes agregar una URL interna y tus redes Wi-Fi domésticas más tarde en Configuración > Conexión.",
uif_onboarding_add_remote_url_later,,"To connect while you're away from home, add a Nabu Casa or external URL later in Settings > Connection.","Para conectarte cuando estés fuera de casa, agrega una URL de Nabu Casa o externa más tarde en Configuración > Conexión.",don't translate Nabu Casa
uif_onboarding_auto_entities,,"Finds suitable Climate, Security, Energy and Battery entities","Encuentra entidades adecuadas de Clima, Seguridad, Energía y Batería",
uif_onboarding_auto_generate,,Auto generate,Generar automáticamente,
uif_onboarding_auto_rooms_floors,,Creates rooms and floors from Home Assistant areas,Crea habitaciones y pisos a partir de las áreas de Home Assistant,don't translate Home Assistant
uif_onboarding_building_dashboard,,Building dashboard…,Creando panel…,
uif_onboarding_connection_failed,,Connection failed,Error de conexión,
uif_onboarding_everything_editable,,Everything can be changed afterward in Edit mode,Todo se puede cambiar después en el modo de edición,
uif_onboarding_external_access_explanation,,HKI 7 can reach your smart home both at home and while you're away through the external URL you entered.,HKI 7 puede acceder a tu hogar inteligente tanto en casa como fuera de ella a través de la URL externa que ingresaste.,don't translate HKI 7
uif_onboarding_local_access_explanation,,Your smart home is currently available to HKI 7 only while this device can reach your local Home Assistant network.,Tu hogar inteligente actualmente solo está disponible para HKI 7 mientras este dispositivo pueda acceder a tu red local de Home Assistant.,"don't translate Home Assistant, HKI 7"
uif_onboarding_login_failed,,Login failed: %1$s,Error al iniciar sesión: %1$s,app fills in %1$s — keep them
uif_onboarding_nabu_casa_access_explanation,,HKI 7 can reach your smart home both at home and while you're away through your Nabu Casa URL.,HKI 7 puede acceder a tu hogar inteligente tanto en casa como fuera de ella a través de tu URL de Nabu Casa.,"don't translate Nabu Casa, HKI 7"
uif_onboarding_no_authorization_code,,Login failed: Home Assistant returned no authorization code.,Error al iniciar sesión: Home Assistant no devolvió ningún código de autorización.,don't translate Home Assistant
uif_onboarding_preparing_dashboard,,Preparing dashboard…,Preparando panel…,
uif_onboarding_server_http_error,,The server answered with HTTP %1$d,El servidor respondió con HTTP %1$d,app fills in %1$d — keep them
uif_onboarding_shared_import_failed,,Could not import “%1$s”. Try again.,No se pudo importar “%1$s”. Inténtalo de nuevo.,app fills in %1$s — keep them
uif_onboarding_start_empty,,Start empty,Empezar vacío,
uif_onboarding_starts_empty,,"Starts without imported rooms, widgets or view entities","Comienza sin habitaciones, widgets ni entidades de vista importadas",
uif_open,,Open,Abierto,
uif_open_doors,,Open doors,Puertas abiertas,
uif_open_settings,,Open settings,Abrir configuración,
uif_open_windows,,Open windows,Ventanas abiertas,
uif_of_enabled,,%1$d of %2$d enabled,%1$d de %2$d habilitado,app fills in %1$d %2$d — keep them
uif_pause,,Pause,Pausar,
uif_percentage,,Percentage,Porcentaje,
uif_permissions_can_be_changed_later,,You can change these permissions later in Android Settings.,Puede cambiar estos permisos más adelante en la Configuración de Android.,
uif_pick_to_auto_fill,,Pick to auto-fill,Elige para autocompletar,
uif_pill,,Pill,Píldora,
uif_play,,Play,Reproducir,
uif_playlists,,Playlists,Listas de reproducción,
uif_pm25,,PM2.5,PM2.5,
uif_presence,,Presence,Presencia,
uif_pressure,,Pressure,Presión,
uif_pressure_hpa,,%1$d hPa,%1$d hPa,app fills in %1$d — keep them
uif_previous,,Previous,Anterior,
uif_pulse,,Pulse,Pulso,
uif_pump,,Pump,Bomba,
uif_rain,,Rain,Lluvia,
uif_rain_map_camera,,Rain map camera,Cámara de mapa de lluvia,
uif_recipe_arrive_home_description,,Activate a scene when someone arrives home,Activa una escena cuando alguien llega a casa,
uif_recipe_arrive_home_title,,Welcome home,Bienvenida a casa,
uif_recipe_bedtime_description,,Turn off a light at a chosen bedtime,Apaga una luz a una hora de dormir elegida,
uif_recipe_bedtime_title,,Bedtime lights,Luces para dormir,
uif_recipe_blank_description,,Build an automation from an empty canvas,Crea una automatización desde un lienzo vacío,
uif_recipe_blank_title,,Start empty,Empezar vacío,
uif_recipe_close_covers_description,,Close a cover when the sun sets,Cierra una cortina cuando se pone el sol,
uif_recipe_close_covers_title,,Close covers at sunset,Cerrar cortinas al atardecer,
uif_recipe_entity_state_description,,Run an action when an entity reaches a state,Ejecuta una acción cuando una entidad alcanza un estado,
uif_recipe_entity_state_title,,Entity changes,Cambios de entidad,
uif_recipe_leave_home_description,,Turn off a light when someone leaves home,Apaga una luz cuando alguien sale de casa,
uif_recipe_leave_home_title,,Leaving home,Salir de casa,
uif_recipe_lock_at_night_description,,Lock a door at a chosen time,Bloquea una puerta a una hora elegida,
uif_recipe_lock_at_night_title,,Lock up at night,Cerrar de noche,
uif_recipe_morning_scene_description,,Activate a scene at a chosen morning time,Activa una escena a una hora de la mañana elegida,
uif_recipe_morning_scene_title,,Morning scene,Escena matutina,
uif_recipe_motion_lights_description,,Turn on a light when motion is detected,Enciende una luz cuando se detecta movimiento,
uif_recipe_motion_lights_title,,Motion lighting,Iluminación por movimiento,
uif_recipe_open_covers_description,,Open a cover when the sun rises,Abre una cortina cuando sale el sol,
uif_recipe_open_covers_title,,Open covers at sunrise,Abrir cortinas al amanecer,
uif_recipe_schedule_description,,Run an action at a fixed time every day,Ejecuta una acción a una hora fija todos los días,
uif_recipe_schedule_title,,At a time,A una hora,
uif_recipe_sunrise_lights_off_description,,Turn off a light when the sun rises,Apaga una luz cuando sale el sol,
uif_recipe_sunrise_lights_off_title,,Lights off at sunrise,Apagar luces al amanecer,
uif_recipe_sunset_description,,Run an action at sunset,Ejecuta una acción al atardecer,
uif_recipe_sunset_title,,Around sunset,Alrededor del atardecer,
uif_refresh,,Refresh,Actualizar,
uif_remove,,Remove,Eliminar,
uif_repeat,,Repeat,Repetir,
uif_run,,Run,Ejecutar,
uif_season,,Season,Estación,
uif_season_autumn,,Autumn,Otoño,
uif_season_spring,,Spring,Primavera,
uif_season_summer,,Summer,Verano,
uif_season_winter,,Winter,Invierno,
uif_shuffle,,Shuffle,Aleatorio,
uif_sleep,,Sleep,Reposo,
uif_smoke,,Smoke,Humo,
uif_source,,Source,Fuente,
uif_source_device,,Source device,Dispositivo de origen,
uif_speed,,Speed,Velocidad,
uif_speed_kmh,,%1$d km/h,%1$d km/h,app fills in %1$d — keep them
uif_spin,,Spin,Girar,
uif_state_active,,Active,Activo,
uif_state_away,,Away,Ausente,
uif_state_buffering,,Buffering,Almacenando en búfer,
uif_state_cleaning,,Cleaning,Limpiando,
uif_state_closed,,Closed,Cerrado,
uif_state_docked,,Docked,En base,
uif_state_error,,Error,Error,
uif_state_home,,Home,Presente,
uif_state_idle,,Idle,Inactivo,
uif_state_locked,,Locked,Bloqueado,
uif_state_off,,Off,Apagado,
uif_state_on,,On,Encendido,
uif_state_open,,Open,Abierto,
uif_state_paused,,Paused,Pausado,
uif_state_playing,,Playing,Reproduciendo,
uif_state_returning,,Returning,Regresando,
uif_state_standby,,Standby,Espera,
uif_state_unavailable,,Unavailable,No disponible,
uif_state_unknown,,Unknown,Desconocido,
uif_state_unlocked,,Unlocked,Desbloqueado,
uif_sun,,Sun,Sol,
uif_sunrise,,Sunrise,Amanecer,
uif_sunset,,Sunset,Atardecer,
uif_tank,,Tank,Tanque,
uif_tap,,Tap,Tocar,
uif_third,,Third,Tercio,
uif_time,,Time,Hora,
uif_unknown,,Unknown,Desconocido,
uif_update_failed,,Could not update %1$s,No se pudo actualizar %1$s,app fills in %1$s — keep them
uif_updated,,%1$s updated,%1$s actualizado,app fills in %1$s — keep them
uif_weather,,Weather,Clima,
uif_wind,,Wind,Viento,
uif_active_device_count,one,%1$d active device,%1$d dispositivo activo,app fills in %1$d — keep them
uif_active_device_count,other,%1$d active devices,%1$d dispositivos activos,app fills in %1$d — keep them
uif_adaptive_group_paused_count,one,%1$d group light is paused for manual control.,%1$d luz del grupo está en pausa para control manual.,app fills in %1$d — keep them
uif_adaptive_group_paused_count,other,%1$d group lights are paused for manual control.,%1$d luces del grupo están en pausa para control manual.,app fills in %1$d — keep them
uif_adaptive_profile_light_count,one,Controls %1$d light in this profile.,Controla %1$d luz en este perfil.,app fills in %1$d — keep them
uif_adaptive_profile_light_count,other,Controls %1$d lights in this profile.,Controla %1$d luces en este perfil.,app fills in %1$d — keep them
uif_days_to_season,one,%1$d day to %2$s,%1$d día para %2$s,app fills in %1$d %2$s — keep them
uif_days_to_season,other,%1$d days to %2$s,%1$d días para %2$s,app fills in %1$d %2$s — keep them
uif_device_on_count,one,%1$d device on,%1$d dispositivo encendido,app fills in %1$d — keep them
uif_device_on_count,other,%1$d devices on,%1$d dispositivos encendidos,app fills in %1$d — keep them
uif_fire_detector_count,one,%1$d fire detector active,%1$d detector de incendios activo,app fills in %1$d — keep them
uif_fire_detector_count,other,%1$d fire detectors active,%1$d detectores de incendios activos,app fills in %1$d — keep them
uif_flow_advanced_block_count,one,%1$d advanced shorthand block (kept unchanged),%1$d bloque abreviado avanzado (sin cambios),app fills in %1$d — keep them
uif_flow_advanced_block_count,other,%1$d advanced shorthand blocks (kept unchanged),%1$d bloques abreviados avanzados (sin cambios),app fills in %1$d — keep them
uif_gas_detector_count,one,%1$d gas detector active,%1$d detector de gas activo,app fills in %1$d — keep them
uif_gas_detector_count,other,%1$d gas detectors active,%1$d detectores de gas activos,app fills in %1$d — keep them
uif_light_on_count,one,%1$d light on,%1$d luz encendida,app fills in %1$d — keep them
uif_light_on_count,other,%1$d lights on,%1$d luces encendidas,app fills in %1$d — keep them
uif_media_item_count,one,%1$d item,%1$d elemento,app fills in %1$d — keep them
uif_media_item_count,other,%1$d items,%1$d elementos,app fills in %1$d — keep them
uif_motion_sensor_count,one,%1$d motion sensor active,%1$d sensor de movimiento activo,app fills in %1$d — keep them
uif_motion_sensor_count,other,%1$d motion sensors active,%1$d sensores de movimiento activos,app fills in %1$d — keep them
uif_open_door_count,one,%1$d open door,%1$d puerta abierta,app fills in %1$d — keep them
uif_open_door_count,other,%1$d open doors,%1$d puertas abiertas,app fills in %1$d — keep them
uif_open_window_count,one,%1$d open window,%1$d ventana abierta,app fills in %1$d — keep them
uif_open_window_count,other,%1$d open windows,%1$d ventanas abiertas,app fills in %1$d — keep them
uif_presence_sensor_count,one,%1$d presence sensor active,%1$d sensor de presencia activo,app fills in %1$d — keep them
uif_presence_sensor_count,other,%1$d presence sensors active,%1$d sensores de presencia activos,app fills in %1$d — keep them
uif_smoke_detector_count,one,%1$d smoke detector active,%1$d detector de humo activo,app fills in %1$d — keep them
uif_smoke_detector_count,other,%1$d smoke detectors active,%1$d detectores de humo activos,app fills in %1$d — keep them
weather_animate_title,,Animated weather,Clima animado,
weather_animate_description,,"Where the full-colour weather artwork plays. Turn a surface off to show its still artwork instead — the forecast strips are the ones that cost the most, since they animate a dozen icons side by side.","Donde juega el arte meteorológico a todo color. En su lugar, apague una superficie para mostrar su obra de arte fija: las franjas de pronóstico son las que cuestan más, ya que animan una docena de íconos uno al lado del otro.",
weather_animate_applies_everywhere,,"These apply to this device everywhere weather is shown, not just to this pill. The same switches are in Settings › Appearance › Icons.","Estos se aplican a este dispositivo en todos los lugares donde se muestra el clima, no solo a esta píldora. Los mismos interruptores están en Configuración>Apariencia>Iconos.",
weather_animate_pill,,Header pill,Píldora de encabezado,
weather_animate_pill_description,,The small weather icon beside the dashboard title.,El pequeño ícono del clima al lado del título del tablero.,
weather_animate_dialog,,Weather dialog,Diálogo meteorológico,
weather_animate_dialog_description,,The large icon on the current-weather card when you open the weather.,El ícono grande en la tarjeta del clima actual cuando abres el clima.,
weather_animate_forecast,,Forecast strips,Tiras de pronóstico,
weather_animate_forecast_description,,"The daily and hourly rows, in the dialog and on the dashboard.","Las filas diarias y horarias, en el cuadro de diálogo y en el panel.",
weather_animate_widget,,Weather widget,Widget del tiempo,
weather_animate_widget_description,,The weather card on the dashboard itself.,La tarjeta meteorológica en el propio salpicadero.,
widgets_tab_content,,Content,Contenido,
widgets_tab_appearance,,Appearance,Apariencia,
widgets_tab_data,,Data,Datos,
widgets_tab_chart,,Chart,Gráfico,
widgets_tab_graphs,,Graphs,Gráficos,
widgets_tab_layout,,Layout,Diseño,
widgets_tab_data_sources,,Data sources,Fuentes de datos,
widgets_remove,,Remove,Eliminar,
widgets_reimport,,Re-import,Reimportar,
widgets_unavailable,,Unavailable,No disponible,
widgets_today,,Today,Hoy,
widgets_tomorrow,,Tomorrow,Mañana,
widgets_yesterday,,Yesterday,Ayer,
widgets_today_initial,,T,H,
widgets_iframe_title,,iFrame,iFrame,
widgets_iframe_subtitle,,Embed a web page on your dashboard,Incorpora una página web en tu panel,
widgets_ratio_square,,Square,Cuadrado,
widgets_ratio_wide,,Wide,Ancho,
widgets_ratio_tall,,Tall,Alto,
widgets_markdown_title,,Markdown,Markdown,
widgets_markdown_subtitle,,Content and card appearance,Contenido y apariencia de la tarjeta,
widgets_media_player_title,,Media player,Reproductor multimedia,
widgets_media_player_subtitle,,"Source, layout, and artwork","Fuente, diseño y portada",
widgets_stat_min,,Min,Mín.,
widgets_stat_average,,Avg,Prom.,
widgets_stat_max,,Max,Máx.,
widgets_sensor_graph_title,,Sensor graph,Gráfico de sensor,
widgets_sensor_graph_subtitle,,"Entities, chart style, and appearance","Entidades, estilo de gráfico y apariencia",
widgets_sensor_graph_stack_title,,Sensor graph stack,Pila de gráficos de sensor,
widgets_sensor_graph_stack_subtitle,,Grouped charts and stack layout,Gráficos agrupados y diseño de pila,
widgets_graph_sensor_count,one,Graph %1$d · %2$d sensor,Gráfico %1$d · %2$d sensor,app fills in %1$d %2$d — keep them
widgets_graph_sensor_count,other,Graph %1$d · %2$d sensors,Gráfico %1$d · %2$d sensores,app fills in %1$d %2$d — keep them
widgets_calendar_title,,Calendar,Calendario,
widgets_calendar_subtitle,,"Calendars, default view, and appearance","Calendarios, vista predeterminada y apariencia",
widgets_calendar_agenda,,Agenda,Agenda,
widgets_calendar_week,,Week,Semana,
widgets_calendar_month,,Month,Mes,
widgets_calendar_no_entity,,No calendar entity available,No hay ninguna entidad de calendario disponible,
widgets_calendar_no_upcoming_events,,No events in the coming days,No hay eventos en los próximos días,
widgets_calendar_no_events_for,,No events for %1$s,Sin eventos para %1$s,app fills in %1$s — keep them
widgets_calendar_all_day,,All day,Todo el día,
widgets_calendar_time_unknown,,Time unknown,Hora desconocida,
widgets_vacuum_state_cleaning,,Cleaning,Limpiando,
widgets_vacuum_state_docked,,Docked,En base,
widgets_vacuum_state_paused,,Paused,Pausado,
widgets_vacuum_state_error,,Error,Error,
widgets_vacuum_state_returning,,Returning to dock,Regresando a la base,
widgets_vacuum_dock,,Dock,Base,
widgets_vacuum_start,,Start,Iniciar,
widgets_vacuum_pause,,Pause,Pausar,
widgets_vacuum_stop,,Stop,Detener,
widgets_vacuum_locate,,Locate,Localizar,
widgets_vacuum_fan_speed,,Fan speed,Velocidad del ventilador,
widgets_vacuum_water_level,,Water level,Nivel de agua,
widgets_vacuum_map,,Vacuum map,Mapa de la aspiradora,
widgets_vacuum_room_number,,Room %1$d,Habitación %1$d,app fills in %1$d — keep them
widgets_vacuum_room_label,,Room %1$s,Habitación %1$s,app fills in %1$s — keep them
widgets_vacuum_valetudo_decode_failed,,No Valetudo map data in this camera entity,Esta entidad de cámara no contiene datos de mapa de Valetudo,don't translate Valetudo
widgets_vacuum_valetudo_tap_hint,,Tap a room to clean it,Toca una habitación para limpiarla,
widgets_vacuum_valetudo_unmapped,,Map this robot's segments to areas in Home Assistant to clean a room by tapping it,Asigna los segmentos de este robot a áreas en Home Assistant para limpiar una habitación con un toque,don't translate Home Assistant
widgets_vacuum_valetudo_cleaning,,Cleaning %1$s,Limpiando %1$s,app fills in %1$s — keep them
widgets_waste_collection_title,,Waste collection,Recolección de residuos,
widgets_waste_collection_subtitle,,"Sensors, calendar, and appearance","Sensores, calendario y apariencia",
widgets_waste_sensor_picture_help,,Shows the sensor’s entity_picture (falls back to the type icon when no picture is available).,Muestra el entity_picture del sensor (usa el ícono del tipo cuando no hay imagen disponible).,
ui_people_dialog_title,,People,Gente,
widgets_f1_title,,Formula 1,Fórmula 1,
widgets_f1_subtitle,,"Race weekend, standings, and results","Fin de semana de carrera, clasificación y resultados",
widgets_f1_sources_subtitle,,Read from the F1 Sensor integration,Leer desde la integración del sensor F1,
widgets_f1_tab_next,,Next race,Próxima carrera,
widgets_f1_tab_calendar,,Calendar,Calendario,
widgets_f1_tab_standings,,Standings,Clasificación,
widgets_f1_tab_grid,,Grid,Red,
widgets_f1_tab_results,,Results,Resultados,
widgets_f1_tab_live,,Live,Vivir,
widgets_f1_drivers,,Drivers,Conductores,
widgets_f1_constructors,,Constructors,Constructores,
widgets_f1_prediction,,Prediction,Predicción,
widgets_f1_schedule,,Session schedule,Horario de sesiones,
widgets_f1_race_control,,Race control,control de carrera,
widgets_f1_timing,,Timing,Momento,
widgets_f1_round,,Round %1$s,Ronda %1$s,app fills in %1$s — keep them
widgets_f1_lap_short,,Lap %1$s,Vuelta %1$s,app fills in %1$s — keep them
widgets_f1_lap_of,,Lap %1$d / %2$d,Vuelta %1$d / %2$d,app fills in %1$d %2$d — keep them
widgets_f1_wins_short,,%1$s wins,%1$s gana,app fills in %1$s — keep them
widgets_f1_points_wins_legend,,Right-hand column shows championship points.,La columna de la derecha muestra los puntos del campeonato.,
widgets_f1_prediction_now,,Now: %1$s pts,Ahora: %1$s puntos,app fills in %1$s — keep them
widgets_f1_prediction_legend,,Right-hand column shows predicted final points. Needs F1TV Auth in F1 Sensor.,La columna de la derecha muestra los puntos finales previstos. Necesita autenticación F1TV en el sensor F1.,
widgets_f1_status_pit,,In pit,en el hoyo,
widgets_f1_status_out,,Retired,Jubilado,
widgets_f1_no_calendar,,No season schedule available yet,Aún no hay calendario de temporada disponible,
widgets_f1_no_grid,,No starting grid available yet,Aún no hay parrilla de salida disponible,
widgets_f1_no_prediction,,No championship prediction available. Needs F1TV Auth in F1 Sensor.,No hay predicciones de campeonato disponibles. Necesita autenticación F1TV en el sensor F1.,
widgets_f1_lights_out_in,,Lights out in %1$s,Luces apagadas en %1$s,app fills in %1$s — keep them
widgets_f1_in_days_hours,,in %1$dd %2$dh,en %1$dd %2$dh,app fills in %1$d %2$d — keep them
widgets_f1_in_hours_minutes,,in %1$dh %2$dm,en %1$dh %2$dm,app fills in %1$d %2$d — keep them
widgets_f1_in_minutes,,in %1$dm,en %1$dm,app fills in %1$d — keep them
widgets_f1_no_upcoming,,No upcoming race,No hay carrera próxima,
widgets_f1_today_at,,Today %1$s,Hoy %1$s,app fills in %1$s — keep them
widgets_f1_tomorrow_at,,Tomorrow %1$s,Mañana %1$s,app fills in %1$s — keep them
widgets_f1_time_unknown,,Time to be confirmed,Hora por confirmar,
widgets_f1_sensors_used,,"This widget uses the next race, season calendar, starting grid, driver and constructor standings, last race results, weather, and — during a session — track status, session status, race control, driver positions, and current tyres. It also shows a championship prediction when F1 Sensor's optional F1TV Auth is set up. Other F1 Sensor options are not needed for it.","Este widget utiliza la próxima carrera, el calendario de la temporada, la parrilla de salida, la clasificación de pilotos y constructores, los resultados de la última carrera, el clima y, durante una sesión, el estado de la pista, el estado de la sesión, el control de carrera, las posiciones de los conductores y los neumáticos actuales. También muestra una predicción del campeonato cuando se configura la autenticación F1TV opcional del sensor F1. No se necesitan otras opciones del sensor F1.",
widgets_f1_no_standings,,No standings available yet,Aún no hay clasificaciones disponibles,
widgets_f1_no_results,,No race results available yet,Aún no hay resultados de carrera disponibles,
widgets_f1_no_race_control,,No race control messages,No hay mensajes de control de carrera.,
widgets_f1_not_found,,F1 Sensor not found,Sensor F1 no encontrado,
widgets_f1_not_found_long,,The F1 Sensor integration was not found. Install it in Home Assistant (HACS: Nicxe/f1_sensor) and its sensors are picked up automatically.,No se encontró la integración del sensor F1. Instálelo en Home Assistant (HACS: Nicxe/f1_sensor) y sus sensores se detectan automáticamente.,don't translate Home Assistant
widgets_f1_found,,Found %1$d F1 sensors.,Se encontraron %1$d sensores F1.,app fills in %1$d — keep them
widgets_f1_default_tab,,Opening tab,Pestaña de apertura,
widgets_f1_background_help,,"With no background image the card shows the upcoming race, with the circuit outline as a faint watermark behind it.","Sin imagen de fondo, la tarjeta muestra la próxima carrera, con el contorno del circuito como una tenue marca de agua detrás.",
widgets_f1_session_fp1,,Practice 1,Práctica 1,
widgets_f1_session_fp2,,Practice 2,Práctica 2,
widgets_f1_session_fp3,,Practice 3,Práctica 3,
widgets_f1_session_sprint_quali,,Sprint qualifying,Clasificación de velocidad,
widgets_f1_session_sprint,,Sprint,Sprint,
widgets_f1_session_qualifying,,Qualifying,Calificativo,
widgets_f1_session_race,,Race,Carrera,
widgets_f1_flag_green,,Track clear,Seguimiento claro,
widgets_f1_flag_yellow,,Yellow flag,Bandera amarilla,
widgets_f1_flag_red,,Red flag,Bandera roja,
widgets_f1_flag_safety_car,,Safety car,coche de seguridad,
widgets_f1_flag_vsc,,Virtual safety car,coche de seguridad virtual,
widgets_f1_flag_chequered,,Chequered flag,bandera a cuadros,
widgets_f1_flag_unknown,,Not running,no corriendo,
cr_widget_f1,,Formula 1,Fórmula 1,
cr_widget_f1_description,,"Race weekend, standings, and results","Fin de semana de carrera, clasificación y resultados",
widgets_todo_title,,To-Do List,Lista de tareas pendientes,
widgets_todo_shopping_title,,Shopping List,Lista de compras,
widgets_todo_subtitle,,A shared checklist your family can add to and check off,Una lista de verificación compartida que su familia puede agregar y marcar,
widgets_todo_empty,,No items yet,Aún no hay artículos,
widgets_todo_all_done,,All done,todo hecho,
widgets_todo_remaining,,%1$d of %2$d left,%1$d de %2$d queda,app fills in %1$d %2$d — keep them
widgets_todo_add_placeholder,,Add an item…,Añadir un artículo...,
widgets_todo_read_only,,You don't have permission to edit this list.,No tienes permiso para editar esta lista.,
widgets_todo_filter_active,,To do,Hacer,
widgets_todo_filter_all,,All,Todo,
widgets_todo_filter_done,,Done,Hecho,
widgets_todo_clear_completed,,Clear completed,Borrar completado,
widgets_todo_completed_section,,Completed (%1$d),Completado (%1$d),app fills in %1$d — keep them
widgets_todo_new_category,,New tab,Nueva pestaña,
widgets_todo_manage_categories,,Manage tabs,Administrar pestañas,
widgets_todo_edit_item,,Edit item,Editar elemento,
widgets_todo_item_text,,Item,Artículo,
widgets_todo_quantity,,Quantity,Cantidad,
widgets_todo_category,,Category,Categoría,
widgets_todo_note,,Note,Nota,
widgets_todo_priority,,Priority,Prioridad,
widgets_todo_priority_low,,Low,Bajo,
widgets_todo_priority_normal,,Normal,Normal,
widgets_todo_priority_high,,High,Alto,
widgets_todo_due_date,,Due date,Fecha de vencimiento,
widgets_todo_clear_due_date,,Clear due date,Borrar fecha de vencimiento,
widgets_todo_delete_item,,Delete,Borrar,
widgets_todo_checked_by,,Checked by %1$s,Comprobado por %1$s,app fills in %1$s — keep them
widgets_todo_added_by,,Added by %1$s,Añadido por %1$s,app fills in %1$s — keep them
widgets_todo_tab_general,,General,General,
widgets_todo_tab_permissions,,Permissions,Permisos,
widgets_todo_list_type,,List type,Tipo de lista,
widgets_todo_type_todo,,To-do,Hacer,
widgets_todo_type_shopping,,Shopping,Compras,
widgets_todo_sort_mode,,Sort order,orden de clasificación,
widgets_todo_sort_manual,,Manual,Manual,
widgets_todo_sort_alphabetical,,A–Z,ARIZONA,
widgets_todo_sort_priority,,Priority,Prioridad,
widgets_todo_sort_newest,,Newest first,Lo nuevo primero,
widgets_todo_show_completed,,Show completed items by default,Mostrar elementos completados de forma predeterminada,
widgets_todo_hero_list,,Hero list,Lista de héroes,
widgets_todo_hero_list_hint,,Show this list's open items on the square card.,Muestre los elementos abiertos de esta lista en la tarjeta cuadrada.,
widgets_todo_permissions_subtitle,,"Choose who can add, check off, or remove items","Elija quién puede agregar, marcar o eliminar elementos",
widgets_todo_perm_everyone,,Everyone,Todos,
widgets_todo_perm_specific,,Specific family members,Miembros específicos de la familia.,
widgets_todo_perm_admin_only,,Admins only,Solo administradores,
widgets_todo_permissions_admin_required,,Only an admin can choose specific members,Sólo un administrador puede elegir miembros específicos,
widgets_todo_no_users_found,,No Home Assistant users found,No se encontraron usuarios de Home Assistant,don't translate Home Assistant
cr_widget_todo,,To-Do List,Lista de tareas pendientes,
cr_widget_todo_description,,"Shared checklist or shopping list, editable by everyone, chosen members, or admins only","Lista de verificación compartida o lista de compras, editable por todos, miembros elegidos o administradores únicamente",
widgets_find_devices_title,,Find my devices,encontrar mis dispositivos,
widgets_find_devices_subtitle,,"Devices, map, and appearance","Dispositivos, mapa y apariencia.",
widgets_find_devices_label,,Devices,Dispositivos,
widgets_find_select_devices,,Select devices,Seleccionar dispositivos,
widgets_find_sources_subtitle,,Trackers to show on the map,Rastreadores para mostrar en el mapa,
widgets_find_gps_help,,Any device_tracker or person entity can be added. Those reporting GPS coordinates appear on the map; the rest are still listed with their state.,Se puede agregar cualquier dispositivo_tracker o entidad personal. Las coordenadas GPS que informan aparecen en el mapa; el resto todavía figura en la lista con su estado.,
widgets_find_my_devices,,My devices,Mis dispositivos,
widgets_find_filter_all,,All,Todo,
widgets_find_filter_devices,,Devices,Dispositivos,
widgets_find_filter_persons,,People,Gente,
widgets_find_showing_selected,,Showing %1$d selected,Mostrando %1$d seleccionado,app fills in %1$d — keep them
widgets_find_show_all,,Show all,Mostrar todo,
widgets_find_none_in_filter,,Nothing of this kind in this widget,Nada de este tipo en este widget,
widgets_find_refresh,,Refresh,Refrescar,
widgets_find_summary,,%1$d of %2$d home,%1$d de %2$d casa,app fills in %1$d %2$d — keep them
widgets_find_no_devices_selected,,No devices selected,No hay dispositivos seleccionados,
widgets_find_no_location,,None of these devices report a location yet,Ninguno de estos dispositivos informa una ubicación todavía,
widgets_find_no_gps,,No location,Sin ubicación,
widgets_find_state_home,,Home,Hogar,
widgets_find_state_away,,Away,Lejos,
widgets_find_state_unknown,,Unknown,Desconocido,
cr_widget_find_devices,,Find my devices,encontrar mis dispositivos,
cr_widget_find_devices_description,,"Map of your phones, tags, and trackers","Mapa de sus teléfonos, etiquetas y rastreadores",
widgets_waste_calendar_range,,Calendar range,Rango de calendario,
widgets_waste_calendar_days,,%1$d days,%1$d días,app fills in %1$d — keep them
widgets_waste_calendar_range_help,,"How far ahead the dialog's calendar looks. It is shown as a week grid, rounded out to whole weeks.","Qué tan adelantado se ve el calendario del diálogo. Se muestra como una cuadrícula semanal, redondeada a semanas enteras.",
widgets_waste_no_collection_on,,No collection on %1$s,No hay recogida el %1$s,app fills in %1$s — keep them
widgets_waste_organic,,Organic waste,Residuos orgánicos,
widgets_waste_packaging,,Packaging,Envases,
widgets_waste_paper,,Paper,Papel,
widgets_waste_residual,,Residual waste,Residuos generales,
widgets_waste_glass,,Glass,Vidrio,
widgets_waste_textiles,,Textiles,Textiles,
widgets_waste_plastic,,Plastic,Plástico,
widgets_waste_christmas_trees,,Christmas trees,Árboles de Navidad,
widgets_waste_bulky,,Bulky waste,Residuos voluminosos,
widgets_waste_duo_bin,,Duo bin,Contenedor dúo,
widgets_weather_title,,Weather,Clima,
widgets_weather_subtitle,,"Entity, card type, and appearance","Entidad, tipo de tarjeta y apariencia",
widgets_weather_style_current,,Current weather,Clima actual,
widgets_weather_style_daily,,Daily forecast,Pronóstico diario,
widgets_weather_style_hourly,,Hourly forecast,Pronóstico por hora,
widgets_weather_style_horizon,,Sunrise & sunset horizon,Horizonte de amanecer y atardecer,
widgets_weather_style_wind,,Wind compass,Rosa de los vientos,
widgets_weather_style_rain_map,,Rain map (image URL),Mapa de lluvia (URL de imagen),
widgets_compass_directions,1,N,N,
widgets_compass_directions,2,NNE,NNE,
widgets_compass_directions,3,NE,NE,
widgets_compass_directions,4,ENE,ENE,
widgets_compass_directions,5,E,E,
widgets_compass_directions,6,ESE,ESE,
widgets_compass_directions,7,SE,SE,
widgets_compass_directions,8,SSE,SSE,
widgets_compass_directions,9,S,S,
widgets_compass_directions,10,SSW,SSO,
widgets_compass_directions,11,SW,SO,
widgets_compass_directions,12,WSW,OSO,
widgets_compass_directions,13,W,O,
widgets_compass_directions,14,WNW,ONO,
widgets_compass_directions,15,NW,NO,
widgets_compass_directions,16,NNW,NNO,
widgets_battery_entities,,Battery entities,Entidades de batería,
widgets_battery_settings,,Battery settings,Configuración de batería,
widgets_battery_empty_view_hint,,This battery view is empty. Swipe down on the header and open Battery settings to add entities manually.,Esta vista de batería está vacía. Desliza hacia abajo en el encabezado y abre la configuración de Batería para agregar entidades manualmente.,
widgets_battery_levels_title,,Battery levels,Niveles de batería,
widgets_battery_levels_subtitle,,"Thresholds, sources, and appearance","Umbrales, fuentes y apariencia",
widgets_battery_rules,,Battery rules,Reglas de batería,
widgets_battery_all,,All,Todas,
widgets_battery_critical,,Critical,Crítica,
widgets_battery_low,,Low,Baja,
widgets_battery_watch,,Watch,Vigilar,
widgets_battery_good,,Good,Buena,
widgets_battery_unknown,,Unknown,Desconocido,
widgets_battery_range_good,,Above 50%,Más del 50%,
widgets_battery_range_unknown,,Unavailable or unknown,No disponible o desconocido,
widgets_battery_no_data,,No battery data,Sin datos de batería,
widgets_battery_levels_unavailable,,Battery levels unavailable,Niveles de batería no disponibles,
widgets_battery_levels_healthy,,Battery levels look healthy,Los niveles de batería se ven saludables,
widgets_battery_lowest_detail,,Lowest: %1$s at %2$d%%,Más baja: %1$s con %2$d%%,app fills in %1$s %2$d — keep them
widgets_battery_showing_plus,,Showing Battery+ devices,Mostrando dispositivos Battery+,
widgets_battery_waiting_levels,,Waiting for reported levels,Esperando niveles informados,
widgets_battery_lowest,,Lowest,Más baja,
widgets_battery_attention,,Attention,Atención,
widgets_battery_tracked,,Tracked,Seguidas,
widgets_battery_level,,Level,Nivel,
widgets_battery_name,,Name,Nombre,
widgets_battery_type,,Battery type,Tipo de batería,
widgets_battery_entity,,Entity,Entidad,
widgets_battery_quantity,,Quantity,Cantidad,
widgets_battery_quantity_short,,Qty %1$s,Cant. %1$s,app fills in %1$s — keep them
widgets_battery_device_id,,Device ID,ID del dispositivo,
widgets_battery_unknown_type,,Unknown type,Tipo desconocido,
widgets_battery_sort_summary,,Sort: %1$s,Ordenar: %1$s,app fills in %1$s — keep them
widgets_battery_no_filters,,No filters active,Sin filtros activos,
widgets_battery_collapse_filters,,Collapse filters,Contraer filtros,
widgets_battery_expand_filters,,Expand filters,Expandir filtros,
widgets_battery_low_count,one,%1$d low battery,%1$d batería baja,app fills in %1$d — keep them
widgets_battery_low_count,other,%1$d low batteries,%1$d baterías bajas,app fills in %1$d — keep them
widgets_battery_critical_count,one,%1$d critical battery,%1$d batería crítica,app fills in %1$d — keep them
widgets_battery_critical_count,other,%1$d critical batteries,%1$d baterías críticas,app fills in %1$d — keep them
widgets_battery_attention_count,one,%1$d battery needs attention,%1$d batería necesita atención,app fills in %1$d — keep them
widgets_battery_attention_count,other,%1$d batteries need attention,%1$d baterías necesitan atención,app fills in %1$d — keep them
widgets_energy_day,,Day,Día,
widgets_energy_week,,Week,Semana,
widgets_energy_month,,Month,Mes,
widgets_energy_year,,Year,Año,
widgets_energy_this_week,,This week,Esta semana,
widgets_energy_this_month,,This month,Este mes,
widgets_energy_this_year,,This year,Este año,
widgets_energy_today_lower,,today,hoy,
widgets_energy_this_week_lower,,this week,esta semana,
widgets_energy_this_month_lower,,this month,este mes,
widgets_energy_this_year_lower,,this year,este año,
widgets_energy_yesterday_lower,,yesterday,ayer,
widgets_energy_consumed_solar,,Consumed solar,Solar consumida,
widgets_energy_imported,,Imported,Importada,
widgets_energy_exported,,Exported,Exportada,
widgets_energy_phase_number,,Phase %1$d,Fase %1$d,app fills in %1$d — keep them
widgets_energy_forecast_number,,Forecast %1$d,Pronóstico %1$d,app fills in %1$d — keep them
widgets_energy_ha_forecast,,Home Assistant forecast,Pronóstico de Home Assistant,don't translate Home Assistant
widgets_battery_search,,Search devices,Dispositivos de búsqueda,
widgets_battery_none,,No batteries match that search.,Ninguna batería coincide con esa búsqueda.,
widgets_battery_open_page,,Open battery page,Abrir página de batería,
cr_widget_clock,,Clock,Reloj,
cr_widget_clock_description,,"An analog or digital clock, in the style you pick, with the date and your next alarm.","Un reloj analógico o digital, del estilo que elijas, con la fecha y tu próxima alarma.",
clock_widget_title,,Clock,Reloj,
clock_widget_subtitle,,"Face, styling and what it shows","Rostro, estilismo y lo que muestra.",
clock_title_label,,Title (optional),Título (opcional),
clock_face_section,,Face,Rostro,
clock_face_section_subtitle,,"Analog or digital, and which design","Analógico o digital, y qué diseño",
clock_shows_section,,Shows,Espectáculos,
clock_shows_section_subtitle,,Choose what appears alongside the time,Elige lo que aparece junto a la hora,
clock_mode_analog,,Analog,Cosa análoga,
clock_mode_digital,,Digital,Digital,
clock_style,,Style,Estilo,
clock_24_hour,,24-hour clock,reloj de 24 horas,
clock_seconds,,Seconds,Artículos de segunda clase,
clock_date,,Date,Fecha,
clock_day_name,,Day of the week,Día de la semana,
clock_year,,Year,Año,
clock_style_classic,,Classic,Clásico,
clock_style_minimal,,Minimal,Mínimo,
clock_style_roman,,Roman,romano,
clock_style_railway,,Railway,Ferrocarril,
clock_style_bauhaus,,Bauhaus,Bauhaus,
clock_style_neon,,Neon,Neón,
clock_style_skeleton,,Skeleton,Esqueleto,
clock_style_plain,,Plain,Plano,
clock_style_segment,,Segment,Segmento,
clock_style_mono,,Monospace,Monoespaciada,
clock_style_flip,,Flip,Voltear,
clock_style_outline,,Outline,Describir,
clock_style_stacked,,Stacked,apilados,
clock_style_dots,,Dots,Puntos,
clock_alarms_title,,Next alarm,Próxima alarma,
clock_no_alarm,,No alarm is set.,No hay ninguna alarma configurada.,
clock_alarm_set_by,,Set by %1$s,Establecido por %1$s,app fills in %1$s — keep them
clock_alarms_platform_note,,"Android only tells other apps about the next alarm, so alarms cannot be listed or switched on and off from here.","Android solo informa a otras aplicaciones sobre la próxima alarma, por lo que las alarmas no se pueden enumerar ni activar y desactivar desde aquí.",
clock_open_clock_app,,Open Clock app,Abrir la aplicación Reloj,
clock_open_failed,,No clock app could be opened. Pick one in this widget's settings.,No se pudo abrir ninguna aplicación de reloj. Elija uno en la configuración de este widget.,
clock_app_section,,Clock app,Aplicación de reloj,
clock_app_section_subtitle,,Which app the alarm dialog opens,¿Qué aplicación abre el cuadro de diálogo de alarma?,
clock_app_automatic,,Automatic,Automático,
clock_app_none_found,,No clock app was found on this device.,No se encontró ninguna aplicación de reloj en este dispositivo.,
