key,item,english,translation,notes
language_title,,Language,език,
language_display_title,,Display language,Език на дисплея,
language_display_subtitle,,Follows your device by default; choose one to override it,"Следва вашето устройство по подразбиране; изберете един, който да го замени",
language_system,,System default,Система по подразбиране,
language_selected,,Selected,Избрано,
nav_home,,Home,Начало,
nav_rooms,,Rooms,Стаи,
nav_security,,Security,сигурност,
nav_energy,,Energy,енергия,
nav_climate,,Climate,Климат,
nav_battery,,Battery,Батерия,
nav_settings,,Settings,Настройки,
nav_room_detail,,Room Detail,Детайл на стаята,
settings_title_connection,,Connection,Връзка,
settings_title_profile,,Profile,Профил,
settings_title_location,,Location,Местоположение,
settings_title_notifications,,Notifications,Известия,
settings_title_appearance,,Appearance,Външен вид,
settings_title_header,,Header,Заглавка,
settings_title_theme,,Theme,Тема,
settings_title_fonts,,Fonts,Шрифтове,
settings_title_corners,,Corners,Ъгли,
settings_title_icons,,Icons,Икони,
settings_title_nav_bar,,Navigation Bar,Навигационна лента,
settings_title_media_players,,Media Players,Медийни плейъри,
settings_title_dashboard,,Dashboard,Табло за управление,
settings_title_family_sharing,,Family Sharing,Семейно споделяне,
settings_title_backup_restore,,Backup and Restore,Архивиране и възстановяване,
settings_title_account,,Account,акаунт,
settings_title_about,,About HKI 7,Относно HKI 7,don't translate HKI 7
settings_title_license,,License,Лиценз,
settings_title_support,,Support,поддръжка,
settings_subtitle_menu,,Everything that shapes your HKI 7 experience,"Всичко, което оформя вашето HKI 7 изживяване",don't translate HKI 7
settings_subtitle_account,,Your profile and this app installation,Вашият профил и тази инсталация на приложението,
settings_subtitle_profile,,Personal details used throughout your dashboard,"Лични данни, използвани във вашето табло за управление",
settings_subtitle_connection,,Server routes and local-network preferences,Сървърни маршрути и предпочитания за локална мрежа,
settings_subtitle_location,,Presence updates and background access,Актуализации на присъствието и фонов достъп,
settings_subtitle_dashboard,,"Dashboards, tabs, media players, and popups","Табла, раздели, медийни плейъри и изскачащи прозорци",
settings_subtitle_appearance,,Make the dashboard feel like yours,Накарайте таблото да се чувства като ваше,
settings_subtitle_corners,,"Roundness of buttons, cards, and widgets","Заобленост на бутоните, картите и джаджите",
settings_subtitle_icons,,Icon animations and per-domain effects,Анимации на икони и ефекти за всеки домейн,
settings_subtitle_header,,Choose whether the dashboard header is shown,Изберете дали да се показва заглавката на таблото,
settings_subtitle_theme,,"Color, contrast, mode, and corner styling","Цвят, контраст, режим и оформяне на ъглите",
settings_subtitle_fonts,,"Size, weight, and typeface readability","Размер, тегло и четливост на шрифта",
settings_subtitle_nav_bar,,Choose which destinations are always within reach,Изберете кои дестинации са винаги наблизо,
settings_subtitle_media_players,,Names and mini-player visibility,Имена и видимост на мини-плейър,
settings_subtitle_notifications,,"Push delivery, history, and service behavior","Push доставка, история и поведение на услугата",
settings_subtitle_backup_restore,,Protect or move your dashboard configuration,Защитете или преместете конфигурацията на вашето табло,
settings_subtitle_family_sharing,,"Parental controls, dashboard sharing, and recipient permissions","Родителски контрол, споделяне на таблото за управление и разрешения за получатели",
settings_subtitle_about,,"The project, technology, and people behind HKI 7","Проектът, технологията и хората зад HKI 7",don't translate HKI 7
settings_subtitle_license,,Open-source community core and optional premium materials,Ядро на общността с отворен код и незадължителни първокласни материали,
settings_subtitle_support,,Ways to help HKI 7 grow without buying Premium,"Начини да помогнете на HKI 7 да расте, без да купувате Premium",don't translate HKI 7
notification_channel_general,,General,генерал,
location_channel_name,,Location sharing,Споделяне на местоположение,
location_notification_title,,Home Assistant location,Home Assistant местоположение,don't translate Home Assistant
location_notification_text,,Sharing your location with Home Assistant,Споделяне на вашето местоположение с Home Assistant,don't translate Home Assistant
push_connection_channel_name,,Notification connection,Връзка за известяване,
push_connection_notification_title,,Connected to Home Assistant,Свързан с Home Assistant,don't translate Home Assistant
push_connection_notification_text,,Listening for notifications,Слушане за известия,
parcel_title,,Parcels,Колети,
parcel_generic_carrier,,Carrier,Превозвач,
parcel_incoming,,Incoming,Входящи,
parcel_delivered,,Delivered,Доставено,
parcel_outgoing,,Outgoing,Изходящ,
parcel_letters,,Letters,Писма,
parcel_mail,,Mail,поща,
parcel_summary,,%1$d incoming · %2$d outgoing,%1$d входящи · %2$d изходящи,app fills in %1$d %2$d — keep them
parcel_summary_with_letters,,%1$d incoming · %2$d outgoing · %3$d letters,%1$d входящи · %2$d изходящи · %3$d букви,app fills in %1$d %2$d %3$d — keep them
parcel_carrier_summary_with_letters,,%1$d incoming · %2$d outgoing · %3$d letters,%1$d входящи · %2$d изходящи · %3$d букви,app fills in %1$d %2$d %3$d — keep them
parcel_summary_with_letter_count,,%1$d incoming · %2$d outgoing · %3$s,%1$d входящи · %2$d изходящи · %3$s,app fills in %1$d %2$d %3$s — keep them
parcel_tracking_history,,Tracking history,Проследяване на историята,
parcel_tracking_history_subtitle,,Parcel journey and status updates,Пътуване на колета и актуализации на състоянието,
parcel_choose_carrier_account,,Choose a carrier account,Изберете акаунт на оператор,
parcel_empty_tab,,No %1$s parcels.,Няма колети %1$s.,app fills in %1$s — keep them
parcel_no_incoming,,No incoming parcels.,Няма входящи колети.,
parcel_no_delivered,,No delivered parcels.,Няма доставени колети.,
parcel_no_outgoing,,No outgoing parcels.,Няма изходящи колети.,
parcel_stage_registered,,Registered,Регистриран,
parcel_stage_sorting,,Sorting,Сортиране,
parcel_stage_on_the_way,,On the way,На път,
parcel_unknown_status,,Unknown status,Неизвестен статус,
parcel_status_in_transit,,In transit,В транзит,
parcel_status_out_for_delivery,,Out for delivery,За доставка,
parcel_status_at_pickup_point,,Ready at pickup point,Готов на място за получаване,
parcel_status_ready_to_send,,Ready to send,Готов за изпращане,
parcel_letter_preview,,Letter preview,Преглед на писмо,
parcel_carriers,,Carriers,Превозвачи,
parcel_track_new,,Track a new %1$s parcel by number,Проследете нов %1$s колет по номер,app fills in %1$s — keep them
parcel_choose_carrier,,Choose a carrier,Изберете превозвач,
parcel_settings_subtitle,,"Carrier accounts, aggregation, and appearance","Сметки на оператора, обобщаване и външен вид",
parcel_settings_accounts,,Accounts,Сметки,
parcel_settings_organization,,Organization,Организация,
parcel_settings_appearance,,Appearance,Външен вид,
action_remove,,Remove,Премахнете,
notification_delete,,Delete notification,Изтриване на известието,
notification_mark_all_read,,Mark all as read,Маркирайте всички като прочетени,
notification_mark_all_unread,,Mark all as unread,Маркирайте всички като непрочетени,
notification_delete_all,,Delete all,Изтрий всички,
notification_delete_all_archived,,Delete all archived,Изтриване на всички архивирани,
notification_unread,,Unread,Непрочетено,
notification_history,,History,История,
notification_mark_unread,,Mark as unread,Маркирайте като непрочетени,
notification_mark_read,,Mark as read,Маркирайте като прочетено,
notification_archive,,Archive,Архив,
notification_unarchive,,Unarchive,Разархивиране,
notification_delete_action,,Delete,Изтриване,
entity_search_select_items,,Select items,Изберете елементи,
entity_search_choose_one,,Search and choose one entity,Търсете и изберете един обект,
entity_search_choose_multiple,,Search and select one or more entities,Търсете и изберете един или повече обекти,
global_search_title,,Search,Търсене,
global_search_subtitle,,Find and control any Home Assistant device or entity,Намерете и контролирайте всяко Home Assistant устройство или обект,don't translate Home Assistant
global_search_clear,,Clear search,Изчистете търсенето,
global_search_no_devices,,No matching devices.,Няма съответстващи устройства.,
global_search_no_entities,,No matching entities.,Няма съвпадащи обекти.,
security_title,,Security,сигурност,
security_subtitle,,Home status and activity,Домашно състояние и активност,
security_settings,,Security settings,Настройки за сигурност,
security_entities,,Security entities,Субекти на сигурността,
security_reimport,,Re-import,Повторно импортиране,
security_group_doors,,Doors,Врати,
security_group_doors_subtitle,,Door contacts,Контакти на вратата,
security_group_windows,,Windows,Windows,
security_group_windows_subtitle,,Window contacts,Прозоречни контакти,
security_group_openings,,Openings,Отвори,
security_group_openings_subtitle,,Garage doors and other openings,Гаражни врати и други отвори,
security_group_garage_doors,,Garage doors,Гаражни врати,
security_group_garage_doors_subtitle,,Garage door covers,Капаци за гаражни врати,
security_group_covers,,Covers,Корици,
security_group_covers_subtitle,,"Blinds, shutters, and gates","Щори, капаци и порти",
security_group_locks,,Locks,Брави,
security_group_locks_subtitle,,Door and gate locks,Брави за врати и порти,
security_group_motion,,Motion,Движение,
security_group_motion_subtitle,,Motion detection,Откриване на движение,
security_group_presence,,Presence,присъствие,
security_group_presence_subtitle,,Occupancy sensors,Сензори за заетост,
security_group_fire,,Fire and temperature,Огън и температура,
security_group_fire_subtitle,,"Fire, heat, cold, and safety alarms","Аларми за пожар, топлина, студ и безопасност",
security_group_smoke,,Smoke,дим,
security_group_smoke_subtitle,,Smoke detectors,Датчици за дим,
security_group_gas,,Gas,газ,
security_group_gas_subtitle,,Combustible gas sensors,Сензори за горими газове,
security_group_co2,,CO / CO₂,CO / CO₂,
security_group_co2_subtitle,,Carbon monoxide and carbon dioxide sensors,Сензори за въглероден оксид и въглероден диоксид,
security_group_moisture,,Leaks,Течове,
security_group_moisture_subtitle,,Moisture and water leaks,Влага и течове на вода,
security_group_sound,,Sound,Звук,
security_group_sound_subtitle,,Sound and glass-break sensors,Датчици за звук и счупено стъкло,
security_group_light,,Light detection,Откриване на светлина,
security_group_light_subtitle,,Light and beam sensors,Сензори за светлина и лъч,
security_group_alarms,,Alarm systems,Алармени системи,
security_group_alarms_subtitle,,Alarm control panels,Алармени централи,
security_group_cameras,,Cameras,Фотоапарати,
security_group_cameras_subtitle,,Camera feeds,Емисии на камерата,
security_no_search_active,,No search active · %1$s,Няма активно търсене · %1$s,app fills in %1$s — keep them
security_status_alert,,Security alert,Сигнал за сигурност,
security_status_alarm_pending,,Alarm pending,Предстояща аларма,
security_status_changing_alarm,,Changing alarm mode,Промяна на режима на аларма,
security_status_needs_attention,,Needs attention,Нуждае се от внимание,
security_status_motion,,Motion detected,Засечено движение,
security_status_sensor_activity,,Sensor activity,Сензорна активност,
security_status_alarm_unavailable,,Alarm unavailable,Алармата е недостъпна,
security_status_devices_unavailable,,Devices unavailable,Устройствата са недостъпни,
security_status_cameras_offline,,Cameras offline,Камери офлайн,
security_status_all_secure,,All secure,Всичко сигурно,
security_status_alarm_disarmed,,Alarm disarmed,Алармата е изключена,
security_status_all_clear,,All clear,Всичко е ясно,
security_status_no_data,,No security data,Няма данни за сигурност,
security_metric_openings,,Openings,Отвори,
security_metric_locked,,Locked,Заключено,
security_metric_cameras_online,,Cameras online,Камери онлайн,
security_card_title,,Security card,Карта за сигурност,
security_card_subtitle,,"Name, layout, and card appearance","Име, оформление и външен вид на картата",
security_stat_total,,Total,Общо,
security_stat_active,,Active,Активен,
security_stat_clear,,Clear,ясно,
security_cover_open,,Open,Отворете,
security_cover_stop,,Stop,Спрете,
security_cover_close,,Close,затвори,
security_restore,,Restore,Възстановяване,
security_empty,,This is an empty security view. Swipe down on the header and open Security settings to add entities manually.,"Това е празен изглед за сигурност. Плъзнете надолу по заглавката и отворете настройките за сигурност, за да добавите обекти ръчно.",
connection_stopping_for_restart,,Stopping for restart…,Спиране за рестартиране...,
connection_starting,,Home Assistant is starting…,Home Assistant започва...,don't translate Home Assistant
connection_restoring_dashboard,,Restoring your dashboard…,Вашето табло за управление се възстановява…,
connection_restarting,,Home Assistant is restarting…,Home Assistant се рестартира...,don't translate Home Assistant
connection_auto_generating,,Auto-generating rooms and widgets…,Автоматично генериране на стаи и уиджети...,
connection_reconnecting,,Reconnecting to Home Assistant…,Повторно свързване с Home Assistant…,don't translate Home Assistant
connection_unavailable_retrying,,Unavailable · Retrying…,Недостъпно · Повторен опит…,
connection_paused,,Connection paused,Връзката е на пауза,
connection_connected,,Connected,Свързан,
connection_server_not_found,,Server address could not be found,Адресът на сървъра не можа да бъде намерен,
connection_timed_out,,Connection timed out,Времето за изчакване на връзката изтече,
connection_no_route,,No network route to Home Assistant,Няма мрежов маршрут до Home Assistant,don't translate Home Assistant
connection_could_not_connect,,Could not connect to Home Assistant,Не можа да се свърже с Home Assistant,don't translate Home Assistant
connection_secure_failed,,Secure connection failed,Сигурната връзка е неуспешна,
connection_session_expired_refreshing,,Session expired · Refreshing login…,Сесията е изтекла · Опресняване на влизането…,
connection_interrupted,,Connection was interrupted,Връзката беше прекъсната,
connection_error_title,,Connection error,Грешка при свързване,
connection_all_systems_normal,,All systems normal,Всички системи са нормални,
action_undo,,Undo,Отмяна,
action_redo,,Redo,Повторете,
connection_route_local,,Local,Местен,
connection_route_nabu_casa,,Nabu Casa,Nabu Casa,don't translate Nabu Casa
connection_route_external,,External,Външен,
settings_connection_via,,Connected via %1$s,Свързан чрез %1$s,app fills in %1$s — keep them
settings_connection_unknown,,Unknown,неизвестен,
settings_connection_connecting,,Connecting…,Свързване...,
settings_this_home,,this home,този дом,
settings_local_network_allowed,,Allowed,Разрешено,
settings_local_network_not_allowed,,Not allowed — Home Assistant cannot be reached directly on your Wi-Fi,Не е позволено — Home Assistant не може да бъде достигнат директно през Wi-Fi,don't translate Home Assistant
settings_current_wifi,,Current Wi-Fi,Текущ Wi-Fi,
settings_wifi_unavailable,,Not connected or location permission is missing,Няма връзка или липсва разрешение за местоположение,
settings_just_now,,just now,точно сега,
settings_primary_app_language,,Primary application language,Основен език на приложението,
settings_android_build_configuration,,Android resources and build configuration,Ресурси за Android и конфигурация на компилация,
page_settings_default_title,,Page settings,Настройки на страницата,
page_settings_choose_area,,Choose an area to configure,Изберете област за конфигуриране,
page_settings_focused_options,,Focused options for this page area,Фокусирани опции за тази област на страницата,
page_settings_header_description,,Wallpaper and custom header color,Тапет и персонализиран цвят на заглавката,
page_settings_custom_page_description,,"Name, subtitle, and navigation icon","Име, субтитри и икона за навигация",
page_settings_badge_bar,,Badge bar,Лента за значки,
page_settings_badge_description,,"Visibility, alignment, and display options","Опции за видимост, подравняване и показване",
page_settings_persons,,Persons,Лица,
page_settings_persons_description,,Visibility and ordering,Видимост и подреждане,
page_settings_configure,,Configure,Конфигуриране,
room_config_title,,Room configuration,Конфигурация на стаята,
header_pill_left,,Left header pill,Хапче за ляво заглавие,
header_pill_right,,Right header pill,Дясно заглавие хапче,
alignment_split,,Split,Сплит,
alignment_center,,Center,Център,
weather_cloudy,,Cloudy,Облачно,
home_default_markdown_content,,# Markdown\nOpen this widget's settings in **edit mode** to write your own content.,"# Markdown\nОтворете настройките на тази джаджа в **режим на редактиране**, за да напишете свое собствено съдържание.",\n = line break
home_settings_title,,Home settings,Домашни настройки,
custom_page_settings_title,,%1$s settings,%1$s настройки,app fills in %1$s — keep them
home_empty,,This is the homepage. Add widgets by swiping down on the header and enabling edit mode.,"Това е началната страница. Добавете джаджи, като плъзнете надолу по заглавката и активирате режима за редактиране.",
custom_page_empty,,This page is empty. Add widgets by swiping down on the header and enabling edit mode.,"Тази страница е празна. Добавете джаджи, като плъзнете надолу по заглавката и активирате режима за редактиране.",
select_camera_title,,Select camera,Изберете камера,
select_entity_title,,Select entity,Изберете обект,
custom_camera_default_name,,Custom camera,Персонализирана камера,
rooms_settings_title,,Rooms settings,Настройки на стаите,
rooms_empty,,The rooms view is empty. Swipe down on the header and enable edit mode to add floors and rooms.,"Гледката на стаите е празна. Плъзнете надолу по заглавката и активирайте режима за редактиране, за да добавите етажи и стаи.",
floor_expand,,Expand floor,Разширете етажа,
floor_collapse,,Collapse floor,Свиване на пода,
floor_settings_title,,Floor,Етаж,
floor_settings_subtitle,,"Identity, layout, and card style","Идентичност, оформление и стил на картата",
universal_effects,,Effects,Ефекти,
universal_open_door,,Open door,Отворена врата,
universal_vacuum_dock,,Dock,Док,
universal_start,,Start,Започнете,
universal_pause,,Pause,Пауза,
universal_stop,,Stop,Спрете,
universal_locate,,Locate,Намерете,
universal_room_number,,Room %1$d,Стая %1$d,app fills in %1$d — keep them
core_optional_display_name,,Optional display name override,Незадължителна отмяна на показваното име,
core_media_paused_track,,Paused: %1$s,На пауза: %1$s,app fills in %1$s — keep them
core_percent_value,,%1$d percent,%1$d процента,app fills in %1$d — keep them
core_current_humidity,,Current humidity,Текуща влажност,
core_tank_water_level,,Tank / water level,Ниво на резервоар / вода,
core_pm25,,PM2.5,PM2.5,
core_error_code,,Error code,Код на грешка,
core_bucket_full,,Bucket full,Пълна кофа,
core_clean_filter,,Clean filter,Почистете филтъра,
core_ionizer,,Ionizer,Йонизатор,
core_pump,,Pump,помпа,
core_beep_on_command,,Beep on command,Звуков сигнал при команда,
core_dawn,,Dawn,Зори,
core_solar_noon,,Solar noon,Слънчево пладне,
core_dusk,,Dusk,Здрач,
core_icon_category_common,,Common,Чести,
core_icon_category_home,,Home,Начало,
core_icon_category_weather,,Weather,Времето,
core_icon_category_lock,,Lock,Заключване,
core_icon_category_people,,People,хора,
core_icon_category_auto,,Automotive,Автомобилна,
core_icon_category_music,,Music,Музика,
core_icon_category_battery,,Battery,Батерия,
core_icon_category_nature,,Nature,Природата,
core_icon_category_places,,Places,Места,
core_icon_category_food,,Food,храна,
core_icon_category_navigation,,Navigation,Навигация,
core_icon_category_devices,,Devices,устройства,
core_icon_category_map,,Map,Карта,
core_icon_category_media,,Media,Медия,
core_icon_category_communication,,Communication,Комуникация,
core_icon_category_health,,Health,здраве,
core_icon_category_vehicles,,Vehicles,Превозни средства,
core_icon_category_buildings,,Buildings,Сгради,
core_icon_category_electrical,,Electrical,Електрически,
core_icon_category_sport,,Sport,спорт,
core_icon_category_objects,,Objects,Обекти,
core_icon_category_commerce,,Commerce,Търговия,
core_icon_category_games,,Games,игри,
core_icon_category_finance,,Finance,Финанси,
background_notification_channel_general,,General,генерал,
background_location_channel_name,,Location sharing,Споделяне на местоположение,
background_location_channel_description,,Keeps your device location up to date in Home Assistant,Поддържа местоположението на вашето устройство актуално в Home Assistant,don't translate Home Assistant
background_location_notification_title,,Home Assistant location sharing,Home Assistant споделяне на местоположение,don't translate Home Assistant
background_location_notification_text,,Sharing your location with Home Assistant,Споделяне на вашето местоположение с Home Assistant,don't translate Home Assistant
background_push_channel_name,,Notification connection,Връзка за известяване,
background_push_channel_description,,Keeps a background connection to Home Assistant for instant notifications,Поддържа фонова връзка към Home Assistant за незабавни известия,don't translate Home Assistant
background_push_notification_title,,Connected to Home Assistant,Свързан с Home Assistant,don't translate Home Assistant
background_push_notification_text,,Waiting for notifications,Изчакване на известия,
background_push_hide_action,,Hide this notification,Скрийте това известие,
button_style_centered,,Centered,Центрирано,
button_elements,,Elements,Елементи,
button_elements_description,,What appears on this button. Hide the name and state for an icon on its own.,Какво се появява на този бутон. Скрийте името и състоянието за икона самостоятелно.,
stack_elements_title,,Elements on every button in this stack,Елементи на всеки бутон в този стек,
stack_elements_description,,"These apply to the whole stack, not to one button. Turning something off here hides it on every button in the stack; leaving it on lets each button decide for itself in its own settings.","Те се отнасят за целия стек, а не за един бутон. Изключването на нещо тук го скрива на всеки бутон в стека; ако го оставите включен, всеки бутон решава сам в собствените си настройки.",
button_element_icon,,Icon,Икона,
button_element_name,,Name,Име,
button_element_state,,State,състояние,
stack_show_title,,Show name,Име на шоуто,
stack_show_title_description,,Turn off for a stack with no heading at all.,Изключете за стек без изобщо заглавие.,
stack_show_icon,,Show icon,Показване на икона,
stack_show_icon_description,,The icon beside the heading.,Иконата до заглавието.,
stack_center_title,,Center the heading,Центрирайте заглавието,
stack_center_title_description,,Puts the icon and name in the middle instead of against the left edge.,Поставя иконата и името в средата вместо срещу левия ръб.,
cr_state_on,,On,включено,
cr_state_off,,Off,Изкл,
cr_open,,Open,Отворете,
cr_close,,Close,затвори,
cr_stop,,Stop,Спрете,
cr_closed,,Closed,Затворено,
cr_opening,,Opening,Отваряне,
cr_closing,,Closing,Затваряне,
cr_locked,,Locked,Заключено,
cr_unlocked,,Unlocked,Отключена,
cr_unavailable,,Unavailable,Недостъпен,
cr_unknown,,Unknown,неизвестен,
cr_idle,,Idle,празен ход,
cr_home,,Home,Начало,
cr_away,,Away,Далеч,
cr_cleaning,,Cleaning,Почистване,
cr_returning,,Returning,Връщане,
cr_paused,,Paused,На пауза,
cr_error,,Error,Грешка,
cr_playing,,Playing,Играя,
cr_buffering,,Buffering,Буфериране,
cr_standby,,Standby,В режим на готовност,
cr_humidifying,,Humidifying,Овлажняващ,
cr_drying,,Drying,Сушене,
cr_detected,,Detected,Открито,
cr_clear,,Clear,ясно,
cr_problem,,Problem,проблем,
cr_ok,,OK,добре,
cr_low,,Low,ниско,
cr_normal,,Normal,нормално,
cr_connected,,Connected,Свързан,
cr_disconnected,,Disconnected,Прекъсната връзка,
cr_plugged_in,,Plugged in,Включен в контакта,
cr_unplugged,,Unplugged,Изключен от контакта,
cr_wet,,Wet,Мокър,
cr_dry,,Dry,Суха,
cr_none,,None,Няма,
cr_any,,Any,Всякакви,
cr_remove,,Remove,Премахнете,
cr_restore,,Restore,Възстановяване,
cr_general,,General,генерал,
cr_identity,,Identity,Идентичност,
cr_appearance,,Appearance,Външен вид,
cr_layout,,Layout,Оформление,
cr_behavior,,Behavior,Поведение,
cr_profiles,,Profiles,Профили,
cr_playback,,Playback,Възпроизвеждане,
cr_content,,Content,Съдържание,
cr_actions,,Actions,Действия,
cr_protection,,Protection,защита,
cr_power,,Power,Мощност,
cr_brightness,,Brightness,Яркост,
cr_temperature,,Temperature,температура,
cr_color,,Color,Цвят,
cr_min,,Min,Мин,
cr_avg,,Avg,ср,
cr_max,,Max,Макс,
cr_now,,Now,Сега,
cr_lowest,,Lowest,Най-ниска,
cr_average,,Average,Средно,
cr_highest,,Highest,Най-високо,
cr_live,,Live,На живо,
cr_once,,Once,Веднъж,
cr_daily,,Daily,Ежедневно,
cr_weekly,,Weekly,Ежеседмично,
cr_monthly,,Monthly,Месечно,
cr_yearly,,Yearly,Годишно,
cr_action_tap,,Tap,Докоснете,
cr_action_double_tap,,Double tap,Докоснете два пъти,
cr_action_hold,,Hold,Задръжте,
cr_mode,,Mode,Режим,
cr_mode_auto,,Auto,Авто,
cr_mode_heat,,Heat,Топлина,
cr_mode_cool,,Cool,Готино,
cr_mode_heat_cool,,Heat/cool,Загряване/охлаждане,
cr_mode_dry,,Dry,Суха,
cr_mode_fan_only,,Fan only,Само вентилатор,
cr_mode_low,,Low,ниско,
cr_mode_medium,,Medium,Среден,
cr_mode_high,,High,високо,
cr_mode_quiet,,Quiet,Тихо,
cr_mode_boost,,Boost,Увеличете,
cr_mode_eco,,Eco,Еко,
cr_mode_sleep,,Sleep,сън,
cr_mode_manual,,Manual,Наръчник,
cr_mode_vertical,,Vertical,Вертикална,
cr_mode_horizontal,,Horizontal,Хоризонтална,
cr_mode_both,,Both,И двете,
cr_mode_up,,Up,нагоре,
cr_mode_down,,Down,Надолу,
cr_mode_center,,Center,Център,
cr_mode_left,,Left,наляво,
cr_mode_right,,Right,вярно,
cr_climate_fan,,Fan,Вентилатор,
cr_climate_vertical_airflow,,Vertical airflow,Вертикален въздушен поток,
cr_climate_horizontal_airflow,,Horizontal airflow,Хоризонтален въздушен поток,
cr_climate_preset,,Preset,Предварителна настройка,
cr_fan_speed,,Fan speed,Скорост на вентилатора,
cr_speed,,Speed,Скорост,
cr_lower_target,,Lower target,Долна цел,
cr_raise_target,,Raise target,Повишете целта,
cr_climate_temperature,,Temperature,температура,
cr_climate_all_temperature_sensors,,All temperature sensors,Всички температурни сензори,
cr_climate_outside,,Outside,Навън,
cr_climate_outside_summary,,"Outdoor temperature, humidity, and pressure","Външна температура, влажност и налягане",
cr_climate_humidity,,Humidity,Влажност,
cr_climate_all_humidity_sensors,,All humidity sensors,Всички сензори за влажност,
cr_climate_air_pressure,,Air pressure,Въздушно налягане,
cr_climate_all_pressure_sensors,,All air-pressure sensors,Всички сензори за въздушно налягане,
cr_climate_co2,,CO₂,CO₂,
cr_climate_carbon_dioxide_sensors,,Carbon-dioxide sensors,Сензори за въглероден диоксид,
cr_climate_air_quality,,Air quality,Качество на въздуха,
cr_climate_air_quality_summary,,"Particulates, AQI, VOCs, and gases","Прахови частици, AQI, ЛОС и газове",
cr_climate_entities,,Climate entities,Климатични субекти,
cr_climate_settings,,Climate settings,Настройки на климата,
cr_empty_climate_view,,No climate data is available yet.,Все още няма налични климатични данни.,
cr_climate_fans,,Fans,Фенове,
cr_climate_air_purifiers,,Air purifiers,Пречистватели на въздуха,
cr_climate_humidifiers,,Humidifiers,Овлажнители,
cr_temperature_sensors,,Temperature sensors,Температурни сензори,
cr_devices_active,,Devices active,Устройствата са активни,
cr_active_of_total,,%1$d of %2$d active,%1$d от %2$d активен,app fills in %1$d %2$d — keep them
cr_no_search_active,,No active search · %1$s,Няма активно търсене · %1$s,app fills in %1$s — keep them
cr_collapse_search,,Collapse search,Свиване на търсенето,
cr_expand_search,,Expand search,Разширете търсенето,
cr_custom_order,,Custom order,По поръчка,
cr_name_a_z,,Name A–Z,Име A–Z,
cr_name_z_a,,Name Z–A,Име Z–A,
cr_climate_device,,Climate device,Климатичен уред,
cr_climate_device_subtitle,,"Name, icon, card style, and width","Име, икона, стил на карта и ширина",
cr_widget_requires_f1,,"Needs the F1 Sensor integration, which was not found on your Home Assistant","Нуждае се от интегриране на сензор F1, който не е намерен на вашия Home Assistant",don't translate Home Assistant
cr_widget_requires_parcels,,"Needs a parcel integration, and none was found on your Home Assistant",Нуждае се от интегриране на колет и не е намерено на вашия Home Assistant,don't translate Home Assistant
cr_widget_requires_waste,,"Needs a waste collection integration, and none was found on your Home Assistant",Нуждае се от интеграция за събиране на отпадъци и не е намерено такова на вашия Home Assistant,don't translate Home Assistant
cr_people_here_title,,Who is here,Кой е тук,
cr_people_here_empty,,Nobody is being tracked in this room right now.,Никой не е проследен в тази стая в момента.,
cr_people_here_unknown_room,,Room unknown,Неизвестна стая,
cr_button_exclude_counters,,Leave out of counters,Оставете извън гишетата,
cr_button_exclude_counters_hint,,"Keep the button, but stop it counting towards this room’s Lights and Devices totals","Запазете бутона, но спрете да се брои към общия брой светлини и устройства в тази стая",
cr_count_with_average,,%1$s · avg %2$s%3$s,%1$s · ср. %2$s%3$s,app fills in %1$s %2$s %3$s — keep them
cr_outside_temperature,,Outside temperature,Външна температура,
cr_outside_humidity,,Outside humidity,Външна влажност,
cr_outside_pressure,,Outside pressure,Външен натиск,
cr_outside_air_pressure,,Outside air pressure,Външно налягане на въздуха,
cr_no_sensors_found_for,,No %1$s sensors found.,Няма намерени %1$s сензори.,app fills in %1$s — keep them
cr_climate_control,,Climate control,Климатичен контрол,
cr_thermostat_dial,,Thermostat dial,Циферблат на термостат,
cr_width_third,,Third,трето,
cr_width_half,,Half,Наполовина,
cr_width_full,,Full,Пълна,
cr_select_item,,Select %1$s,Изберете %1$s,app fills in %1$s — keep them
cr_set_outdoor_sensors,,"Set outdoor temperature, humidity, and pressure","Задайте външна температура, влажност и налягане",
cr_auto_discovered_device_class,,Discovered automatically by device class,Открива се автоматично по клас устройство,
cr_auto_discovered_climate_devices,,Climate devices discovered automatically,Климатичните устройства се откриват автоматично,
cr_pick_fan_entities_as_purifiers,,Choose fan entities to use as air purifiers,"Изберете вентилаторни обекти, които да използвате като пречистватели на въздуха",
cr_auto_discovered_humidifier_devices,,Humidifier devices discovered automatically,Устройствата за овлажняване на въздуха се откриват автоматично,
cr_removed_entities,,Removed entities,Премахнати обекти,
cr_entities_removed_edit_mode,,Entities removed in edit mode,Субектите са премахнати в режим на редактиране,
cr_card_indoor_climate_overview,,Indoor climate overview,Преглед на вътрешния климат,
cr_card_sensor_device_tiles,,Sensor and device tiles,Плочки за сензори и устройства,
cr_card_thermostats_ac,,Thermostats and AC,Термостати и климатик,
cr_card_temperature_summary,,Temperature summary,Обобщение на температурата,
cr_card_humidity_summary,,Humidity summary,Обобщение на влажността,
cr_card_air_pressure_summary,,Air-pressure summary,Обобщение на атмосферното налягане,
cr_card_co2_summary,,CO₂ summary,Обобщение на CO₂,
cr_card_air_quality_summary,,Air-quality summary,Обобщение на качеството на въздуха,
cr_category_overview,,Overview,Преглед,
cr_category_devices,,Devices,устройства,
cr_category_sensors,,Sensors,Сензори,
cr_no_climate_sensors_devices,,No climate sensors or devices found.,Няма открити климатични сензори или устройства.,
cr_no_climate_devices,,No climate devices found. Thermostats and AC units from Home Assistant appear here automatically.,Няма намерени климатични устройства. Термостатите и климатичните модули от Home Assistant се появяват тук автоматично.,don't translate Home Assistant
cr_no_fans,,No fans found. Fan entities from Home Assistant appear here automatically.,Няма намерени фенове. Обекти на фенове от Home Assistant се появяват тук автоматично.,don't translate Home Assistant
cr_no_air_purifiers,,No air purifiers configured. Choose fan entities under Climate settings → Climate entities → Air purifiers.,Няма конфигурирани пречистватели на въздуха. Изберете вентилаторни обекти в Настройки на климата → Климатични обекти → Пречистватели на въздух.,
cr_no_humidifiers,,No humidifiers found. Humidifier entities from Home Assistant appear here automatically.,Няма открити овлажнители. Обектите на овлажнителя от Home Assistant се появяват тук автоматично.,don't translate Home Assistant
cr_unknown_climate_card,,Unknown climate card: %1$s,Неизвестна климатична карта: %1$s,app fills in %1$s — keep them
cr_select_climate_cards,,Select climate cards,Изберете климатични карти,
cr_entities_for,,%1$s entities,%1$s обекти,app fills in %1$s — keep them
cr_climate_card,,Climate card,Климатична карта,
cr_climate_card_dialog_subtitle,,Data sources and card appearance,Източници на данни и външен вид на картата,
cr_card_and_data,,Card and data,Карта и данни,
cr_climate_stack,,Climate stack,Климатичен стек,
cr_climate_stack_dialog_subtitle,,"Cards, data sources, and layout","Карти, източници на данни и оформление",
cr_cards_and_data,,Cards and data,Карти и данни,
cr_sensor_count,one,%d sensor,%d сензор,app fills in %d — keep them
cr_sensor_count,other,%d sensors,%d сензора,app fills in %d — keep them
cr_device_count_on,one,%1$d device · %2$d on,%1$d устройство · %2$d включено,app fills in %1$d %2$d — keep them
cr_device_count_on,other,%1$d devices · %2$d on,%1$d устройства · %2$d включени,app fills in %1$d %2$d — keep them
cr_outside_sensors_set,one,%d outside sensor set,%d външен сензор е зададен,app fills in %d — keep them
cr_outside_sensors_set,other,%d outside sensors set,Зададени са %d външни сензора,app fills in %d — keep them
cr_auto_plus_manual,one,Automatic + %d manual,Автоматично + %d ръчно,app fills in %d — keep them
cr_auto_plus_manual,other,Automatic + %d manual,Автоматично + %d ръчно,app fills in %d — keep them
cr_selected_count,one,%d selected,%d избрани,app fills in %d — keep them
cr_selected_count,other,%d selected,%d избрани,app fills in %d — keep them
cr_removed_count,one,%d removed,%d премахнати,app fills in %d — keep them
cr_removed_count,other,%d removed,%d премахнати,app fills in %d — keep them
cr_room,,Room,стая,
cr_room_details,,Room details,Подробности за стаята,
cr_empty_room,,"This room is empty. Swipe down on the header, enable edit mode, and add widgets, buttons, or tiles.","Тази стая е празна. Плъзнете надолу по заглавката, активирайте режима за редактиране и добавете джаджи, бутони или плочки.",
cr_default_markdown_content,,# Markdown\nOpen this widget in **edit mode** to write your own content.,"# Markdown\nОтворете тази джаджа в **режим на редактиране**, за да напишете свое собствено съдържание.",\n = line break
cr_select_camera,,Select camera,Изберете камера,
cr_select_entity,,Select entity,Изберете обект,
cr_custom_camera,,Custom camera,Персонализирана камера,
cr_configure_widget,,Configure widget,Конфигуриране на джаджа,
cr_configure_widget_subtitle,,Set the essentials before adding it,"Задайте най-важното, преди да го добавите",
cr_widget_options,,Widget options,Опции за джаджи,
cr_widget_options_subtitle,,Choose what this widget should display,Изберете какво да показва тази джаджа,
cr_add_widget,,Add widget,Добавете джаджа,
cr_add_widget_subtitle,,Browse by purpose or search every widget,Прегледайте по предназначение или търсете във всяка джаджа,
cr_widget_category_controls,,Controls,Контроли,
cr_widget_category_controls_description,,"Buttons, vacuums, and grouped controls","Бутони, прахосмукачки и групирани контроли",
cr_widget_category_cameras,,Cameras,Фотоапарати,
cr_widget_category_cameras_description,,Live camera tiles and multi-camera views,Плочки с камера на живо и изгледи с множество камери,
cr_widget_category_climate,,Climate and weather,Климат и време,
cr_widget_category_climate_description,,"Temperature, comfort, forecasts, and conditions","Температура, комфорт, прогнози и условия",
cr_widget_category_energy,,Energy and batteries,Енергия и батерии,
cr_widget_category_energy_description,,"Consumption, production, and device health","Потребление, производство и здраве на устройството",
cr_widget_category_information,,Information and media,Информация и медии,
cr_widget_category_information_description,,"Calendars, deliveries, graphs, notes, and playback","Календари, доставки, графики, бележки и възпроизвеждане",
cr_widget_category_layout,,Layout and structure,Оформление и структура,
cr_widget_category_layout_description,,Headings and flexible widget containers,Заглавия и гъвкави контейнери за джаджи,
cr_widget_adaptive_lighting,,Adaptive Lighting,Адаптивно осветление,
cr_widget_adaptive_lighting_description,,Control any installed Adaptive Lighting profile,Контролирайте всеки инсталиран профил за адаптивно осветление,
cr_widget_button,,Button,Бутон,
cr_widget_button_description,,A single configurable entity control,Единично конфигурируемо управление на обекта,
cr_widget_buttons,,Buttons,Бутони,
cr_widget_calendar,,Calendar,Календар,
cr_widget_calendar_description,,"Agenda, week, and month views from Home Assistant calendars","Изгледи на дневен ред, седмица и месец от Home Assistant календари",don't translate Home Assistant
cr_widget_waste_collection,,Waste collection,Събиране на отпадъци,
cr_widget_waste_collection_description,,Upcoming collections from waste sensors,Предстоящи събирания от сензори за отпадъци,
cr_widget_parcels,,Parcels,Колети,
cr_widget_parcels_description,,Incoming and outgoing parcels from supported carriers,Входящи и изходящи колети от поддържани превозвачи,
cr_widget_camera,,Camera,Камера,
cr_widget_camera_description,,A single live camera tile or stream URL,Една плочка на камера на живо или URL адрес на поток,
cr_widget_cameras,,Cameras,Фотоапарати,
cr_widget_climate_card,,Climate card,Климатична карта,
cr_widget_climate_card_description,,Any card from the Climate view,Всяка карта от изгледа Climate,
cr_widget_energy_card,,Energy card,Енергийна карта,
cr_widget_energy_card_description,,Any card from the Energy view,Всяка карта от енергийния изглед,
cr_widget_battery_levels,,Battery levels,Нива на батерията,
cr_widget_battery_levels_description,,"Low batteries, or Battery+ only with type details",Ниски батерии или Battery+ само с подробности за типа,
cr_widget_header_text,,Header text,Заглавен текст,
cr_widget_header_text_description,,Add a section heading,Добавете заглавие на раздел,
cr_widget_markdown,,Markdown,Markdown,
cr_widget_markdown_description,,A free-form card written in Markdown,"Карта в свободна форма, написана в Markdown",
cr_widget_iframe,,iFrame,iFrame,
cr_widget_iframe_description,,Embed any web page on your dashboard,Вградете всяка уеб страница в таблото си за управление,
cr_widget_media_player,,Media player,Медиен плейър,
cr_widget_media_player_description,,Now-playing tile with album art as the background,Сега възпроизвеждаща се плочка с обложка на албум като фон,
cr_widget_sensor_graph,,Sensor graph,Сензорна графика,
cr_widget_sensor_graph_description,,"History graph for one or more sensors, as lines or bars","Графика на историята за един или повече сензори, като линии или ленти",
cr_widget_vacuum,,Vacuum,Вакуум,
cr_widget_vacuum_description,,A single robot-vacuum control,Един робот-вакуумно управление,
cr_widget_weather,,Weather,Времето,
cr_widget_weather_description,,A single weather card,Една карта за времето,
cr_widget_empty_stack,,Empty stack,Празен стек,
cr_widget_empty_stack_description,,Place widgets inside a configurable stack,Поставете джаджи в конфигурируем стек,
cr_widget_button_stack,,Button stack,Купчина бутони,
cr_widget_button_stack_description,,Group entities into configurable controls,Групирайте обекти в конфигурируеми контроли,
cr_widget_camera_stack,,Camera stack,Стек от камери,
cr_widget_camera_stack_description,,Show live camera tiles or a custom stream URL,Показване на плочки на камерата на живо или персонализиран URL адрес на поток,
cr_widget_climate_stack,,Climate stack,Климатичен стек,
cr_widget_climate_stack_description,,"Group climate cards such as overview, thermostats, and sensors","Групирайте климатични карти като преглед, термостати и сензори",
cr_widget_energy_stack,,Energy stack,Енергиен стек,
cr_widget_energy_stack_description,,"Group energy cards such as usage, solar, gas, and water","Групови енергийни карти като използване, слънчева енергия, газ и вода",
cr_widget_sensor_graph_stack,,Sensor graph stack,Стек от сензорни графики,
cr_widget_sensor_graph_stack_description,,Group several sensor-history graphs,Групирайте няколко графики на сензорна история,
cr_widget_swiping_stack,,Swiping stack,Плъзгащ стек,
cr_widget_swiping_stack_description,,Swipe horizontally through nested widgets,Плъзнете хоризонтално през вложени уиджети,
cr_widget_vacuum_stack,,Vacuum stack,Вакуум стек,
cr_widget_vacuum_stack_description,,Control robot vacuums with a map and battery status,Управлявайте прахосмукачки роботи с карта и състояние на батерията,
cr_widget_weather_stack,,Weather stack,Метеорологичен стек,
cr_widget_weather_stack_description,,"Group conditions, forecast, wind, or rain-map cards","Групови карти с условия, прогноза, вятър или дъжд",
cr_camera_settings,,Camera settings,Настройки на камерата,
cr_vacuum_settings,,Vacuum settings,Настройки на вакуума,
cr_button_settings,,Button settings,Настройки на бутоните,
cr_robot_image,,Robot image,Изображение на робот,
cr_map_camera,,Map camera,Камера за карта,
cr_external_url,,External URL,Външен URL адрес,
cr_valetudo_map,,Valetudo map,Valetudo карта,don't translate Valetudo
cr_valetudo_map_hint,,Draws the map from a Valetudo robot and lets you tap a room to clean it. Pick the robot's map camera below.,"Чертае картата от робот Valetudo и ви позволява да докоснете стая, за да я почистите. Изберете камерата на картата на робота по-долу.",don't translate Valetudo
cr_valetudo_camera_mode_note,,Using Map camera with a Valetudo map entity shows a blank tile. Valetudo does not render the map on the robot — its PNG is only a container for the map data. Choose Valetudo map instead to have HKI draw it.,"Използването на камера за карта с обект на карта Valetudo показва празна плочка. Valetudo не изобразява картата на робота — неговият PNG е само контейнер за картографските данни. Вместо това изберете карта Valetudo, за да я начертае HKI.",don't translate Valetudo
cr_animation_glow,,Glow,Сияние,
cr_animation_spin,,Spin,Завъртете,
cr_animation_pulse,,Pulse,Пулс,
cr_adaptive_lighting_widget,,Adaptive Lighting widget,Приспособление за адаптивно осветление,
cr_adaptive_lighting_widget_subtitle,,"Profiles, size, and appearance","Профили, размер и външен вид",
cr_button_stack_dialog_subtitle,,"Layout, appearance, and entity order","Оформление, външен вид и ред на обектите",
cr_expand_stack,,Expand stack,Разширете стека,
cr_collapse_stack,,Collapse stack,Свиване на стека,
cr_hide_stack,,Hide stack,Скриване на стека,
cr_unhide_stack,,Unhide stack,Показване на стека,
cr_swiping_stack_dialog_subtitle,,"Pages, height, and card appearance","Страници, височина и външен вид на картата",
cr_empty_stack_dialog_subtitle,,Container layout and appearance,Оформление и външен вид на контейнера,
cr_header_text_dialog_subtitle,,Heading content and visual style,Съдържание на заглавието и визуален стил,
cr_animation_swipe,,Swipe,Плъзнете,
cr_animation_fade,,Fade,Избледняват,
cr_animation_zoom,,Zoom,мащабиране,
cr_animation_slide_fade,,Slide + fade,Плъзгане + избледняване,
cr_animation_cube,,Cube,куб,
cr_animation_instant,,Instant,Моментално,
cr_widget_option_count,one,%d option,%d опция,app fills in %d — keep them
cr_widget_option_count,other,%d options,%d опции,app fills in %d — keep them
cr_configured_lights,one,%d configured light,%d конфигурирана светлина,app fills in %d — keep them
cr_configured_lights,other,%d configured lights,%d конфигурирани светлини,app fills in %d — keep them
cr_quick_notifications,,Notifications,Известия,
cr_quick_notifications_instruction,,Swipe right from the upper-left edge.,Плъзнете надясно от горния ляв край.,
cr_quick_switch_homes,,Switch homes,Сменете дома,
cr_quick_switch_homes_instruction,,Swipe left from the upper-right edge of the header.,Плъзнете наляво от горния десен край на заглавката.,
cr_quick_actions,,Quick actions,Бързи действия,
cr_quick_actions_instruction,,"Pull down on any page header for Search, Flows, Edit, and Settings.","Издърпайте надолу горния колонтитул на всяка страница за Търсене, Потоци, Редактиране и Настройки.",
cr_quick_media_player,,Media player,Медиен плейър,
cr_quick_media_player_instruction,,"When the handle appears, swipe up on the bottom bar to restore the player.","Когато се появи манипулаторът, плъзнете нагоре по долната лента, за да възстановите плейъра.",
cr_quick_make_it_yours,,Make it yours,Направи го твое,
cr_quick_make_it_yours_instruction,,"In edit mode, add and reorder rooms, floors, and widgets. Tap an item to configure it.","В режим на редактиране добавяйте и пренареждайте стаи, етажи и приспособления. Докоснете елемент, за да го конфигурирате.",
cr_whats_new_1_1_2,1,"Returning from Home Assistant Settings, Developer tools or HACS now restores the same position in HKI 7 Settings instead of reopening at the top.","Връщането от настройките на Home Assistant, инструментите за разработчици или HACS вече възстановява същата позиция в настройките на HKI 7, вместо да се отваря отново в горната част.","don't translate Home Assistant, HKI 7"
cr_whats_new_1_1_2,2,"Android 17 now asks for Local network access before finding or connecting directly to Home Assistant, so local servers keep working with API 37. Settings › Connection shows whether it is allowed and can ask again, for when the Android 17 upgrade arrives long after setup.","Android 17 вече иска достъп до локална мрежа, преди да намери или да се свърже директно с Home Assistant, така че локалните сървъри продължават да работят с API 37. Настройки › Връзката показва дали е разрешена и може да поиска отново, когато надстройката на Android 17 пристигне дълго след настройката.",don't translate Home Assistant
cr_whats_new_1_1_2,3,"Update notifications now also appear in HKI 7's own notification panel, with a “See what changed” link to the release notes. The system notification is gone once you swipe it away; this one stays, and checking for updates under Settings › About brings it back.","Известията за актуализации вече се показват и в собствения панел за известия на HKI 7 с връзка „Вижте какво се промени“ към бележките по изданието. Системното известие изчезва, след като го махнете; този остава и проверката за актуализации в Настройки › Относно го връща обратно.",don't translate HKI 7
cr_whats_new_1_1_2,4,"Permission tiles in Settings now update as soon as you come back from granting one. Location, battery optimization and background usage kept showing the old state until Settings was closed and reopened.","Плочките за разрешение в настройките вече се актуализират веднага щом се върнете след предоставянето на такова. Местоположението, оптимизирането на батерията и използването на заден план продължават да показват старото състояние, докато настройките не бъдат затворени и отворени отново.",
cr_whats_new_1_1_1,1,"New Clock widget. Analog or digital, seven designs each, 12 or 24-hour time, and the day, date and year if you want them. Tap it to see your next alarm.","Нова джаджа за часовник. Аналогови или цифрови, седем дизайна всеки, 12 или 24-часово време и ден, дата и година, ако ги желаете. Докоснете го, за да видите следващата си аларма.",
cr_whats_new_1_1_1,2,"Reach Home Assistant itself from Settings. Admins get its Settings, Developer tools and HACS full screen inside HKI 7, already signed in.","Достигнете до самия Home Assistant от Настройки. Администраторите получават неговите настройки, инструменти за разработчици и HACS на цял екран в HKI 7, като вече са влезли.","don't translate Home Assistant, HKI 7"
cr_whats_new_1_1_1,3,HKI 7 tells you when a new version is out — useful if you installed it from GitHub rather than the Play Store. Turn it off in Settings › About.,"HKI 7 ви казва кога е излязла нова версия — полезно, ако сте я инсталирали от GitHub, а не от Play Store. Изключете го в Настройки › Относно.",don't translate HKI 7
cr_whats_new_1_1_1,4,"Home Assistant can now see your phone's next alarm, the same sensor the official app provides.","Home Assistant вече може да види следващата аларма на телефона ви със същия сензор, който предоставя официалното приложение.",don't translate Home Assistant
cr_whats_new_1_1_1,5,"Media players show what is playing, not just which app is open. An Android TV streaming a series shows the programme, season and episode.","Медийните плейъри показват какво се възпроизвежда, а не само кое приложение е отворено. Телевизор с Android, предаващ поточно серия, показва програмата, сезона и епизода.",
cr_whats_new_1_1_1,6,"Back goes to the page you were on before, every time, until you reach Home. It no longer skips pages or leaves the app early.","Назад връща към страницата, на която сте били преди, всеки път, докато стигнете до Начало. Вече не пропуска страници и не напуска приложението по-рано.",
cr_whats_new_1_1_1,7,"Fixed temperature and energy readings in Czech, Slovak, Greek, Norwegian, Swedish and Danish, where numbers showed wrongly or could crash the screen.","Фиксирани показания за температура и енергия на чешки, словашки, гръцки, норвежки, шведски и датски, където числата се показват грешно или могат да сринат екрана.",
cr_whats_new_1_1_1,8,"Something worded badly in your language? Each language is now a single file you can correct on GitHub, no code needed.","Нещо лошо формулирано на вашия език? Всеки език вече е един файл, който можете да коригирате в GitHub, без да е необходим код.",
cr_whats_new_1_1_0,1,"Eighteen more languages, taking HKI 7 to 36. Polish, Russian, Czech, Slovak, Hungarian, Romanian, Bulgarian, Croatian, Greek, Lithuanian, Latvian, Estonian, Danish, Thai and Hebrew join the list, along with Austrian German, Swiss German and Mexican Spanish. Hebrew lays the interface out right to left, as Arabic does.","Още осемнадесет езика, като HKI 7 достига 36. Полски, руски, чешки, словашки, унгарски, румънски, български, хърватски, гръцки, литовски, латвийски, естонски, датски, тайландски и иврит се присъединяват към списъка, заедно с австрийски немски, швейцарски немски и мексикански испански. Ивритът разполага с интерфейса отдясно наляво, както и арабският.",don't translate HKI 7
cr_whats_new_1_1_0,2,"HKI 7 now runs on Android 12 and later. It previously needed Android 14, which ruled out a lot of perfectly capable phones and tablets.","HKI 7 вече работи на Android 12 и по-нови версии. Преди това се нуждаеше от Android 14, което изключваше много напълно способни телефони и таблети.",don't translate HKI 7
cr_whats_new_1_1_0,3,"Energy costs are shown in your own currency instead of always in euros. HKI 7 follows what your cost sensors report, and there is a Currency setting in Energy settings if you would rather choose one yourself.","Разходите за енергия се показват във вашата собствена валута вместо винаги в евро. HKI 7 следва това, което отчитат вашите сензори за разходи, и има настройка за валута в настройките за енергия, ако предпочитате да изберете такава сами.",don't translate HKI 7
cr_whats_new_1_1_0,4,"The language picker has a search box and is sorted, which it needed at 36 entries. If you ever land in a language you cannot read, the way back is still the first thing on screen.","Инструментът за избор на език има поле за търсене и е сортиран, което му беше необходимо при 36 записа. Ако някога попаднете на език, който не можете да четете, пътят обратно все още е първото нещо на екрана.",
cr_whats_new_1_1_0,5,"Views remember where you had scrolled to, and tapping the tab you are already on takes you back to the top.","Изгледите запомнят къде сте превъртели и докосването на раздела, в който вече сте, ви връща обратно в горната част.",
cr_whats_new_1_1_0,6,"Swiping sideways no longer carries you out of a page you have opened, such as Solar inside Energy. Back now returns you to the view you came from rather than jumping to the home page.","Плъзгането настрани вече не ви извежда от страница, която сте отворили, като например Solar inside Energy. Back now ви връща към изгледа, от който сте дошли, вместо да прескачате към началната страница.",
cr_whats_new_1_1_0,7,"Scrollable rows say so. The pull-down menu, the navigation bar and the settings tabs all show an arrow at the edge when there is more to reach.","Превъртащите се редове казват така. Падащото меню, лентата за навигация и разделите с настройки показват стрелка в края, когато има още за достигане.",
cr_whats_new_1_1_0,8,"Dialogs look and behave the same throughout. Six of them were plain Android dialogs with no close button in the corner, and buttons across the app now agree on what Close, Save and Done mean.","Диалозите изглеждат и се държат еднакво навсякъде. Шест от тях бяха обикновени диалогови прозорци на Android без бутон за затваряне в ъгъла, а бутоните в приложението вече се съгласяват какво означават Затваряне, Запазване и Готово.",
cr_whats_new_1_1_0,9,"Creating a dashboard asks first and then offers the same choices as first-time setup — so a new dashboard can start from a backup or from one your family has shared, as well as being generated or left empty. Your current dashboard is never overwritten, and shared dashboards are now marked as shared in the list.","Създаването на табло за управление първо пита и след това предлага същите възможности за избор като настройката за първи път — така че ново табло за управление може да започне от резервно копие или от такова, което вашето семейство е споделило, както и да бъде генерирано или оставено празно. Вашето текущо табло никога не се презаписва и споделените табла вече са маркирани като споделени в списъка.",
cr_whats_new_1_1_0,10,"The battery widget opens a list in place instead of taking you to a separate page, grouped by how urgent each one is and showing the battery type where Home Assistant knows it. There is a search box, and a button to open the full Battery view if you want it.","Приспособлението за батерията отваря списък на място, вместо да ви отведе до отделна страница, групирана според това колко спешна е всяка от тях и показва типа на батерията, където Home Assistant го знае. Има поле за търсене и бутон за отваряне на пълния изглед на батерията, ако искате.",don't translate Home Assistant
cr_whats_new_1_1_0,11,"Tapping the people counter in a room shows who is there, with each person's picture. The Rooms header now has a household counter too, showing where everyone is without opening every room.","Докосването на брояча на хора в стая показва кой е там със снимката на всеки човек. Заглавката Стаи вече има и домакински брояч, показващ къде се намира всеки, без да отваря всяка стая.",
cr_whats_new_1_1_0,12,"A button can be left out of a room's Lights and Devices counters, for the ones that are in the room but not really part of it.","Бутон може да бъде оставен извън броячите на светлините и устройствата в стаята за тези, които са в стаята, но всъщност не са част от нея.",
cr_whats_new_1_1_0,13,"Widgets that need an integration you do not have — Formula 1, Parcels, Waste Collection — are greyed out and say what is missing, instead of being added and then sitting empty.","Джаджите, които се нуждаят от интеграция, която вие нямате — Формула 1, Парцели, Събиране на отпадъци — са оцветени в сиво и казват какво липсва, вместо да бъдат добавени и след това да останат празни.",
cr_whats_new_1_1_0,14,"Parcel tracking covers fifteen more carriers, including PostNord, InPost, Swiss Post, An Post, Budbee, Sameday and Nova Post, each with its own logo.","Проследяването на пратки обхваща още петнадесет превозвача, включително PostNord, InPost, Swiss Post, An Post, Budbee, Sameday и Nova Post, всеки със собствено лого.",
cr_whats_new_1_1_0,15,"A Valetudo robot vacuum picks up its live map automatically when your rooms are imported, rather than needing the camera chosen by hand.","Робот прахосмукачка Valetudo взима своята карта на живо автоматично, когато стаите ви бъдат импортирани, вместо да се нуждаете от камерата, избрана ръчно.",don't translate Valetudo
cr_whats_new_1_0_1,1,"Swiping between tabs now follows your finger. The pages move as you drag, you can change your mind mid-swipe and pull them back, and they settle where you let go. Previously the change was decided the moment you had dragged far enough and could not be taken back, while the animation that played afterwards was on its own timer and unrelated to the gesture — so the app committed to a page before your finger had finished asking for one.",,needs translation
cr_whats_new_1_0_1,2,"The bottom bar now keeps the selected tab in view. On a phone too narrow for every tab it scrolls the active one to the centre, so the tab you are on is always visible along with its neighbours — which is also the hint that there are more pages to swipe to. Reaching the last tab used to leave the indicator somewhere off the end of the bar.",,needs translation
cr_whats_new_1_0_1,3,"Swiping between rooms shows how many rooms there are and which one you are on, as dots above the navigation bar — or as a count once there are more than eight. Room swiping also stops at the last room instead of wrapping around to the first, matching how the tabs behave. Rooms an admin has hidden are now skipped by the swipe rather than only blocked when opened.",,needs translation
cr_whats_new_1_0_1,4,"The pull-down header menu animates to wherever you let it go, instead of jumping open or shut in a single frame. It settles by which half you released it in, a quick flick opens it without a full-length drag, and it can be caught and dragged again mid-animation. It also no longer stops dead partway when pulled a long way but not quite far enough.",,needs translation
cr_whats_new_1_0_1,5,"Settings remembers where you were. Coming back from a sub-menu returns to the place in the list you left rather than to the top, which was most noticeable on the long way down to About and Licenses. The page settings dialog had the opposite problem — one scroll position carried across unrelated sub-menus — and that is fixed too.",,needs translation
cr_whats_new_1_0_1,6,"The notification panel now has a button in the pull-down header menu, so the left-edge swipe is no longer the only way to reach it. That let the strip of screen edge reserved for the swipe shrink from 200dp to 88dp: the reserved strip is where Android's own back gesture stops working, and it had been covering the exact corner where the back arrow sits.",,needs translation
cr_whats_new_1_0_1,7,"Fixed the app closing instead of the notification panel when back was pressed during the panel's opening animation. Back is also defined for the tabs now — it returns to the first tab before leaving the app, rather than exiting from wherever you happened to have swiped to.",,needs translation
cr_whats_new_1_0_1,8,"The home switcher panel follows Android's predictive back gesture, sliding out with your finger and springing back if you change your mind.",,needs translation
cr_whats_new_1_0_1,9,"Four more languages: Norwegian, Swedish, Finnish and Arabic. Arabic lays the whole app out right to left — the navigation bar, the panels that slide in from the screen edge, and the swipe that moves between tabs all mirror, rather than only the text changing direction. Product names such as Home Assistant stay in Latin script wherever they appear.",,needs translation; don't translate Home Assistant
cr_whats_new_1_0_1,10,"Swiping between rooms is much smoother. A room screen is by far the heaviest page in the app, and the next one was being built during the first frames of the swipe — precisely when there was no time for it. It is now prepared while nothing is moving, and live sensor updates wait for the swipe to finish instead of redrawing every open page mid-gesture.",,needs translation
cr_whats_new_1_0_1,11,"The notification panel and the home switcher are dragged rather than flicked open, following your finger and settling where you let go. They close the same way: push them back towards the edge they came from. Tapping the panel itself no longer closes it, which it used to do anywhere you touched that was not a button.",,needs translation
cr_whats_new_1_0_1,12,"A horizontal row inside a page — a mode selector, a swipe row, a swiping stack — no longer hands the rest of the gesture to the page once it reaches its end. Picking the first or last item in such a row used to flip the whole page instead.",,needs translation
cr_whats_new_1_0_1,13,"Dialogs with tabs show how many there are and which one you are on, and a sideways swipe anywhere on the dialog changes tab. The swipe used to be written off as a scroll whenever it set off with the slight downward arc a thumb naturally makes, which made it feel like it worked only sometimes.",,needs translation
cr_whats_new_1_0_1,14,"Demo mode no longer talks to the network. Twenty-six requests — the whole HKI 7 Cloud surface plus the event timeline, camera snapshots and vacuum maps — were still being attempted against a server that does not exist, and one of them retried every three seconds for the entire session, filling the connection log with failures. Restarting Home Assistant in the demo is now simulated in a few seconds rather than showing ""restarting"" for two minutes and giving up.",,"needs translation; don't translate HKI 7 Cloud, Home Assistant"
cr_whats_new_1_0_0,1,"New Events tab in the notification drawer: a timeline of what your home has actually been doing. The front door opening, a light going off, someone arriving home — each with the time and, where Home Assistant knows, who did it. An admin picks which entities appear under Settings › Family Sharing › Events, once for the whole family rather than on every phone. It reads Home Assistant's own logbook rather than recording anything on the device, so it still shows what happened overnight while the app was closed, and it opens on the last 3 hours — a timeline answers what just happened — with 6h to 72h a tap away. Events never touch the notification bell's unread count: a timeline of doors opening would leave that badge permanently lit and mean nothing. Requires HKI 7 Cloud 0.9.0.*",,"needs translation; don't translate HKI 7 Cloud, Home Assistant"
cr_whats_new_1_0_0,2,"An admin can take parts of the timeline away from individual family members — a whole domain, or named entities — from the same Events tab. Everyone sees the full timeline unless something is taken out for them, so adding a person to the family does not mean building their timeline from scratch. The filtering happens in the HKI 7 Cloud component rather than in the app, so a restricted device is never even told which entities it is being kept away from. As with hidden views and rooms, this hides the timeline rather than the entities: Home Assistant has no per-entity read permission for non-admin accounts, so anyone signed in can still read those entities through Home Assistant itself.*",,"needs translation; don't translate HKI 7 Cloud, Home Assistant"
cr_whats_new_1_0_0,3,"The event roster takes whole domains as well as named entities, so ""every lock"" is one choice rather than eleven. Domains are resolved fresh each time the timeline opens, so a lock added next month joins on its own instead of the roster meaning whatever existed the day it was set. The editor shows what each domain currently covers, since one domain can be hundreds of entities. Requires HKI 7 Cloud 0.10.0.*",,needs translation; don't translate HKI 7 Cloud
cr_whats_new_1_0_0,4,"Events are labelled and filterable by what kind of thing they happened to — Doors, Windows, Motion, Lights, Locks. The filter row is built from what your timeline actually contains, so you are never offered a filter that can only come back empty. Days stay as the list headings: a timeline that reorders itself by category stops being a timeline.",,needs translation
cr_whats_new_1_0_0,5,"Weather artwork now animates in the daily forecast, the hourly strip and the header pill, not only on the hero card. Animation was previously switched off below a fixed size, which caught all three.",,needs translation
cr_whats_new_1_0_0,6,"Where weather artwork animates is now four separate switches — header pill, weather dialog, forecast strips, weather widget — instead of riding on the entity icon animation setting. The forecast strips animate a dozen icons side by side and are the only ones that ever cost anything noticeable, so turning those off need not mean losing the single small icon in the header pill. All four are on by default, and appear both in Settings › Appearance › Icons and in the header pill's own settings.",,needs translation
cr_whats_new_1_0_0,7,"The 6h/12h/24h/48h/72h range selector is centred rather than left-aligned everywhere it appears, and gains a 3h option.",,needs translation
cr_whats_new_1_0_0,8,"New Connection log at the bottom of Settings › Connection: what the app's connection has actually been doing — connection attempts, reconnects, sync and subscriptions — with buttons to copy or clear it. All of this was already being recorded; nothing displayed it. It holds the last 300 lines and starts empty each launch.",,needs translation
cr_whats_new_1_0_0,9,"A button stack's layout options are now named the same as a single button's. The same shape was called Tile on a button and Compact on a stack, which made them look like different features.",,needs translation
cr_whats_new_1_0_0,10,"New Centered button layout beside Standard, Square and Tile: a square card whose icon sits in the middle of the space above the text, with the name and state centred beneath it. The icon is pushed upward rather than crowded as the text grows. A grid of these reads as a keypad, which is what makes a remote control possible.",,needs translation
cr_whats_new_1_0_0,11,"A button's icon, name and state are each shown or hidden on their own, under a new Elements section in its settings. The old Icon only switch is gone — hiding both the name and state is what it did, and these also let you keep one of them. Existing icon-only buttons keep working.",,needs translation
cr_whats_new_1_0_0,12,"A button stack carries the same three switches for all of its children, so a stack of twenty buttons need not be set twenty times. Turning one off on the stack hides it on every button; leaving it on lets each button decide.",,needs translation
cr_whats_new_1_0_0,13,"Fixed the button stack settings dialog stopping about two thirds of the way down with empty space below it, leaving the rest unreachable on a tall phone or a tablet.",,needs translation
cr_whats_new_1_0_0,14,"Navigation bar, media players and popups moved from Settings › Appearance to Settings › Dashboard, below the dashboards themselves. They are parts of what the dashboard is made of rather than how it is styled.",,needs translation
cr_whats_new_1_0_0,15,"Settings › Connection ends with the connection log, and Restart Home Assistant now sits below it rather than above — it is the most disruptive thing on the screen and the least often wanted.",,needs translation; don't translate Home Assistant
cr_whats_new_1_0_0,16,"The Events tab gives an admin a button straight to Settings › Family Sharing › Events when nothing is being tracked yet, instead of only naming where to go.",,needs translation
cr_whats_new_1_0_0,17,"Entity and domain pickers list what is already selected first, so undoing a choice does not mean hunting for it alphabetically. The order is fixed when the picker opens, so ticking something does not make it jump away from your finger.",,needs translation
cr_whats_new_1_0_0,18,"A button stack's heading now has explicit Show name and Show icon switches, plus an option to centre them. Clearing the text field used to be the only way to get a stack with no heading, which hid that it was possible and meant losing the name to hide it.",,needs translation
cr_whats_new_beta_18,1,"An admin can now change who a published family dashboard is shared with, instead of only being able to choose at the moment of publishing. Settings › Family Sharing › Dashboards lists who each published dashboard reaches, with a Manage access button to add or remove people. Until now the only way to take a dashboard away from one person was to delete it for everybody.*",,needs translation
cr_whats_new_beta_18,2,"Losing access to a family dashboard now clears what was layered on top of it. The dashboard itself was already removed, but the rooms, widgets, pages, nav bar, header pill and theme it left behind on the device stayed — so the next dashboard an admin shared arrived on top of the previous one's leftovers and looked like it had failed to import in full. Everything that belonged to the revoked dashboard is now removed with it. Home Assistant connections, profiles and notification settings are untouched: losing a dashboard is not being signed out.*",,needs translation; don't translate Home Assistant
cr_whats_new_beta_18,3,"New Devices tab under Settings › Family Sharing, showing which HKI version each family device is running and flagging the ones older than yours, with the Home Assistant account, device name, Android version and when it last reported. Each install records this through the HKI 7 Cloud component over the connection the app already uses, so every signed-in device is covered — including one with Location and Notifications both switched off — and nothing is added to Home Assistant's entity list. A device can only ever report itself. An admin can forget a phone that has been replaced; one still in use reappears the next time its app opens. Requires HKI 7 Cloud 0.7.0.*",,"needs translation; don't translate HKI 7 Cloud, Home Assistant"
cr_whats_new_beta_18,4,"An admin can now require the family to update. ""Require everyone to be on this version"" in the Devices tab sets a household minimum; anyone below it gets a full-screen prompt on their next launch instead of the dashboard, with Google Play's in-app update doing the install. There is also a per-device ""Ask to update"" for when one phone is behind rather than everyone, which clears itself once that device updates. No app can install a newer version of itself, so Play does the actual work — which also means the prompt can only insist when Play genuinely has the update ready. When it does not, the prompt explains why and lets you past for that session, rather than locking someone out of their own locks and alarms over an update they cannot get. You can only require a version some family device already runs. Requires HKI 7 Cloud 0.8.0.*",,needs translation; don't translate HKI 7 Cloud
cr_whats_new_beta_18,5,"Each Family Sharing tab now says for itself when it needs a newer HKI 7 Cloud than the one installed, instead of that only appearing in the summary at the top of the screen. Parental controls, Permissions, Presence and Devices each carry the version they need, so it is clear before you configure a tab whose settings the installed component cannot store yet.",,needs translation; don't translate HKI 7 Cloud
cr_whats_new_beta_17,1,"Fixed a crash that could take the whole app down during the very first connection attempt after opening it, which read as ""the app won't even open"". The setup that runs on every launch had no error handling of its own, so a failure there — usually an expired session being refreshed on a flaky network — escaped as an unhandled error instead of surfacing as a connection error you could retry. As a backstop, an unexpected error on a background task can no longer terminate the app at all.",,needs translation
cr_whats_new_beta_17,2,"The dashboard no longer rebuilds itself every time Home Assistant reports a state change. The home screen tracked the complete entity list, so a single motion sensor tripping or a power meter ticking — several times a second on a busy install — invalidated the whole screen and every widget on it, even when nothing visible had changed. It now watches only what it actually draws.",,needs translation; don't translate Home Assistant
cr_whats_new_beta_17,3,"Entity icon animations no longer redo layout work on every frame they animate. The spin, pulse and glow effects re-ran the surrounding widget's composition on each animation frame instead of just redrawing the icon, so any dashboard with an active light, an open door or a recording camera paid that cost continuously. The animations look exactly the same.",,needs translation
cr_whats_new_beta_17,4,"Fixed the app becoming unresponsive — and eventually killed by Android — when opening the history of a busy entity, such as a motion sensor that logs thousands of state changes a day. Matching each history entry to its actor re-scanned and re-parsed the entire logbook's timestamps from scratch for every single entry, work that scaled with history size squared; a quiet entity never noticed, but a busy one could peg the CPU for ten seconds straight. The logbook is now parsed once instead of once per entry, and the whole fetch runs off the main thread.",,needs translation
cr_whats_new_beta_17,5,"Hardened how the app reads attributes Home Assistant sends for an entity: a value present but shaped unexpectedly (an object or array where a plain number or piece of text was expected) used to throw and crash whatever screen read it, instead of just being treated as missing.",,needs translation; don't translate Home Assistant
cr_whats_new_beta_17,6,"Fixed ""Push to family dashboard"" reporting a dashboard as already up to date no matter what had changed. A dashboard re-imported after a reinstall is stored locally under a different id than the one the cloud copy is published under, and the push check was still looking up the local export by the cloud id, finding nothing, and silently skipping that dashboard on every push.",,needs translation
cr_whats_new_beta_15,1,"The Formula 1 widget gains two new tabs and expands two existing ones. Calendar lists the season's races in order, with each circuit and the host country's flag. Grid shows the starting grid, with each driver's move up or down from where they qualified. Standings can now show a championship prediction alongside the points table — current and predicted final points, for drivers or constructors — when F1 Sensor's optional F1TV Auth is set up. Live gains a proper timing list: gap to the leader, interval to the car ahead, tyre compound and stint length, and pit/retired status for every driver, plus which lap the leader is on.",,needs translation
cr_whats_new_beta_15,2,"Fixed shared family dashboards failing to update at all once the owner added a widget type introduced in a newer app version, such as the To-Do List or Formula 1 widgets. A single unrecognized widget used to fail the whole dashboard, so a family member on an older build stopped receiving any of that dashboard's changes instead of just missing the new widget. Unrecognized widgets are now skipped individually, so the rest of a shared dashboard keeps working across app versions.",,needs translation
cr_whats_new_beta_15,3,"The To-Do widget's square card can now feature one whole list instead of items individually flagged high priority. A new Hero list picker in the widget's General tab — shown once it has at least one tab — chooses which list's open items appear on the card, labelled with that list's name, so what you see at a glance is a specific list like Chores rather than a scattered mix pulled from every tab. Deleting a tab that's currently the hero list clears the setting automatically.",,needs translation
cr_whats_new_beta_15,4,"Fixed the app crashing whenever it needed to reconnect to Home Assistant or the connection failed. The in-app push-notification channel ran its subscription in a way that let a dropped connection's error skip past the surrounding error handling entirely and crash the app outright. A separate mismatch also meant every single reconnect immediately tore the whole sync stack down and rebuilt it a second time, racing its own freshly made connection. Both are fixed.",,needs translation; don't translate Home Assistant
cr_whats_new_beta_14,1,"Settings › Family Sharing now shows which HKI 7 Cloud version is installed, and — if it's behind — exactly which family features that leaves unavailable, each labelled with the version that unlocks it. Previously the only way to find out a component was out of date was to hit a save that silently dropped part of what you configured.*",,needs translation; don't translate HKI 7 Cloud
cr_whats_new_beta_14,2,"New To-Do List widget: a shared checklist or shopping list the whole family can add to. Items support an optional quantity, category, priority (low, normal or high, shown as a flag) and due date, with Added by and Checked by attribution when more than one person edits the list. Choose Manual, A–Z, Priority, or Newest-first ordering, and filter between To do, All, and Done from the dialog. Editing can be limited to everyone, specific family members picked from the real Home Assistant user list, or admins only, enforced the same way the rest of the app's family permissions are. It follows the same design as every other widget, with the usual General, Permissions, Appearance and Visibility settings tabs.",,needs translation; don't translate Home Assistant
cr_whats_new_beta_14,3,"Room following can now be set to only place someone in the right room when the app starts, without tracking them for the rest of the session. The existing Ask before switching rooms switch only chose between asking and switching silently; there was no way to get the one-time placement without the app continuing to follow every move afterward. A new Keep following while the app is open switch under each person's room-following settings turns that continued tracking off on its own, leaving Open their room when the app starts to do the one placement it always did.*",,needs translation
cr_whats_new_beta_14,4,"New Formula 1 widget, for the F1 Sensor integration. The card shows the next race with a countdown and the circuit outline; opening it gives four tabs — Next race with the full session schedule and trackside weather, Standings for drivers and constructors, Results for the last grand prix with places gained or lost, and a Live tab that appears only while a session is running, showing the flag and race control messages. It finds its sensors on its own: F1 Sensor lets you rename its entities and pick a language, so the widget matches on the integration's stable internal keys rather than entity ids.",,needs translation
cr_whats_new_beta_14,5,"New Find my devices widget: a map of your phones, watches, tags and trackers. Add any device_tracker or person entity; the ones reporting GPS appear as pins on the map, the rest are still listed with their state. Tick as many as you like to show them together, or leave nothing ticked to see everything. Three filters narrow the list: All, Devices, and People. The card follows the same design as the other widgets, so background image, icon, width, shape and corner radius all work as you would expect.",,needs translation
cr_whats_new_beta_14,6,"The maps in the app no longer look like a printed atlas. HKI now uses the same muted CARTO basemap that Home Assistant's own map card uses, instead of the standard OpenStreetMap rendering, which was designed as a mapper's reference render rather than a background for an app. It also has a proper dark variant, so the map finally follows your theme instead of glowing white inside a dark dialog.",,needs translation; don't translate Home Assistant
cr_whats_new_beta_14,7,"Fixed room following doing nothing at all once Ask before switching rooms was turned off. That switch was being treated as a master off-switch for the whole feature, so with prompting disabled the app neither asked nor moved. It now does what it says: with prompting on you get the prompt, with it off the room simply opens. Don't ask again until I restart still stops both, since trading a prompt for a surprise jump would be worse.",,needs translation
cr_whats_new_beta_14,8,"Fixed the waste widget's settings dialog being cut off around two thirds of the way down while empty space sat below it. The dialog reserves a tall card but its contents were capped at a fixed height, so the scroll area stopped short of the space available. Both the settings dialog and the waste dialog itself now use the full height.",,needs translation
cr_whats_new_beta_14,9,"The waste dialog's calendar can now look 7, 14 or 28 days ahead, and is drawn as a week grid like the calendar widget rather than a flat list: weekday columns, one row per week, and a coloured dot per collection in its fraction's colour. Tap a day to see what is collected then; it opens on the next day with a collection.",,needs translation
cr_whats_new_beta_14,10,"Parcel dialogs now say Today or Tomorrow instead of naming the weekday. The whole question a delivery date answers is how soon, and “Wednesday” on a Wednesday made you work that out yourself.",,needs translation
cr_whats_new_beta_14,11,"The +2 bubble in the header, shown when there are more people than fit, now opens. Tapping it lists everyone with their name and state, and picking someone opens their detail dialog as usual. Previously those people were simply unreachable on a narrow header.",,needs translation
cr_whats_new_beta_14,12,"Fixed the map in the person dialog overflowing the dialog on a tablet or unfolded foldable. The map was drawn as a square as wide as the dialog, so on a 620dp-wide card it became 620dp tall and pushed the address off the bottom. It now takes the height left over instead.",,needs translation
cr_whats_new_beta_14,13,"Fixed notifications going undelivered while Home Assistant reported the device as not connected to local push notifications, even with the app open. The app stood aside for its background connection whenever the settings said that connection should be running — but when Android refused to start it, such as after a reboot, nothing was listening at all. The app now checks whether that connection is really running rather than whether it is meant to be, takes over when it is not, and hands the channel back the moment it does come up.",,needs translation; don't translate Home Assistant
cr_whats_new_beta_14,14,"Fixed room-following settings not taking effect on the device you changed them from. Turning following off, or changing how long a room must hold before it counts as a move, was written to the companion component but not to the device's own cached copy — so it kept following, and kept using the old dwell time, until the app was next started. Changes now apply immediately. The dwell slider also no longer offers zero seconds, which made the very first sensor reading count as a move.",,needs translation
cr_whats_new_beta_14,15,"The Formula 1 card now says one thing: the next grand prix and when it is — “Today 15:00” on the day, otherwise the date and time, in your own timezone. Track status is gone from it, because outside a session that read “Not running”, which is not what anyone glances at the card for. The status sits in the same dark pill the camera, vacuum and waste cards use, so it lines up with the rest of your dashboard again. The circuit outline stays as a faint watermark and the host country flag in the corner. The widget also no longer asks which F1 instance to use — it reads everything the integration publishes, so the dialog always has the full picture.",,needs translation
cr_whats_new_beta_14,16,"The To-Do List dialog's undo/redo and Close buttons moved from the title row to the bottom action bar, matching every other dialog in the app.",,needs translation
cr_whats_new_beta_14,17,* HKI 7 Cloud Component integration required.,,needs translation; don't translate HKI 7 Cloud
cr_whats_new_beta_13,1,"HKI can now follow you from room to room. Point it at a room-presence sensor such as ESPresense and it opens the room you are in when the app starts, then offers to switch views when you move somewhere else. Rooms also gain a purple counter showing how many people are in them, beside the motion and presence counters. An admin sets this up for the whole family under Settings › Family Sharing › Presence: pick each person's sensor and how long a new room must hold before it counts as a move. Sensor rooms named after your Home Assistant areas are matched automatically.*",,needs translation; don't translate Home Assistant
cr_whats_new_beta_13,2,"Notifications from Home Assistant can now carry action buttons. Add actions to a notify.mobile_app_… message and each one appears on the notification; tapping it sends the action back to Home Assistant, where an automation can respond. The buttons also appear on the in-app banner and in the notification drawer, because HKI hides system notifications while it is open. A URI action opens its link, a REPLY action takes a typed answer, and an action tapped while offline is delivered once the connection returns. Each notification can be actioned once.",,needs translation; don't translate Home Assistant
cr_whats_new_beta_13,3,"New Action button: a button that needs no entity at all. Give it a name, an icon, and whatever tap, hold, or double-tap action you like — navigate to a view or room, call a Home Assistant action, open a URL or a custom popup. Add one from the widget picker, from a button stack, or as an action badge in the badge area beside the header.",,needs translation; don't translate Home Assistant
cr_whats_new_beta_13,4,"Icon-only buttons can now be sized. Auto shrinks the icon as a stack gains columns, which is what makes icon-only usable in the four-, five-, and six-column custom popups where a fixed-size icon used to overflow the button. A button can also be given its own size.",,needs translation
cr_whats_new_beta_13,5,"Button stacks can push their appearance onto every button they hold: one Icon only for every button switch instead of the same switch on twenty buttons, plus an icon size they all inherit. A single button can still override the size.",,needs translation
cr_whats_new_beta_13,6,"The quick start guide can be browsed by hand. Swipe the gesture preview, tap a dot, or tap any tip to jump to it. It still plays on its own until you take over.",,needs translation
cr_whats_new_beta_13,7,"Fixed the waste widget showing the wrong icon and colour for every collection type outside Dutch: the type was matched against the translated label, so PMD shown as Packaging fell through to a generic grey-blue bin. PMD is orange with a recycling symbol again.",,needs translation
cr_whats_new_beta_13,8,"Fixed the room-following prompt appearing after Ask before switching rooms was turned off, and for the room already on screen. It now also offers Don't ask again until I restart the app, and the wait time can be set whether or not prompting is on.",,needs translation
cr_whats_new_beta_13,9,"Flows can express Any of these and nested logic, not just a flat list of ANDs. A group opens into its own list with a breadcrumb, and groups can hold groups, so motion detected AND (after sunset OR guest mode on) is buildable. It is the same structure Home Assistant's own editor writes, so a flow made in HA that used OR is no longer an untouchable advanced block.",,needs translation; don't translate Home Assistant
cr_whats_new_beta_13,10,"Thermostat dials on the Climate view no longer squeeze six across a landscape foldable. Dials hold at four per row until the window is genuinely desktop-wide, so each keeps enough width to read.",,needs translation
cr_whats_new_beta_13,11,"The Waiting for notifications message now has a Hide this notification button that jumps straight to its Android channel settings, where switching the channel off hides it for good while the connection keeps working. Android will not let a background connection run without a visible notification, so this is as far as muting can go. It also switches itself on when you have more than one Home Assistant server.",,needs translation; don't translate Home Assistant
cr_whats_new_beta_13,12,"The vacuum widget can now draw a Valetudo map itself. Choose Valetudo map as the button image and point it at your robot's map camera: HKI reads the map data Valetudo hides inside that camera's PNG and draws the floor, walls, rooms, the robot, its dock and the path it has taken. No add-on, custom component or extra Home Assistant integration is involved, and the map refreshes on its own while the robot is cleaning.",,"needs translation; don't translate Home Assistant, Valetudo"
cr_whats_new_beta_13,13,"Tap a room on the Valetudo map to send the robot to clean it. Rooms use the names you gave them in Valetudo. Cleaning a single room goes through Home Assistant's clean_area action, so first map the robot's segments to your areas in Home Assistant — until you do, the map says so instead of leaving the tap doing nothing.",,"needs translation; don't translate Home Assistant, Valetudo"
cr_whats_new_beta_13,14,"The vacuum settings now warn that plain Map camera on a Valetudo map entity shows a blank tile. Valetudo deliberately does not render the map on the robot, so its PNG is only a container for the data — Valetudo map is the mode that shows something.",,needs translation; don't translate Valetudo
cr_whats_new_beta_13,15,"The vacuum dialog now shows a Valetudo map whenever the map camera you picked actually carries one, whatever the button image is set to — the button image only decides how the tile on the dashboard looks. Cameras that turn out not to be Valetudo maps still show their picture, and HKI stops re-checking once it knows.",,needs translation; don't translate Valetudo
cr_whats_new_beta_13,16,"The robot image now spins while the vacuum is cleaning or returning to its dock, using the same icon animation settings as the rest of the app. A button's own animation setting still overrides it, and Off keeps it still.",,needs translation
cr_whats_new_beta_13,17,* HKI 7 Cloud Component integration required.,,needs translation; don't translate HKI 7 Cloud
cr_whats_new_beta_12,1,"Button widgets and button stacks can now hold an empty, fully transparent button. It takes up a grid cell without drawing anything, so the buttons around it line up exactly where you want them.",,needs translation
cr_whats_new_beta_12,2,Buttons can show just their icon. The new Icon only switch under a button's Appearance settings drops the name and state and centers a larger icon on the button.,,needs translation
cr_whats_new_beta_12,3,"New Custom popup action for buttons, badges, and dialog buttons. Point any tap, hold, or double tap at a popup you build yourself: it opens with the usual dialog title, status, history, and close controls, and you fill it with any widget the app offers. Popups are listed under Settings › Appearance › Popups, where Edit contents opens one ready to arrange. Popups are shared, so several buttons can open the same one, and stacks inside a popup can use up to six columns instead of three. While a popup is being arranged, a Done button sits beside Add widget to leave edit mode without closing it.",,needs translation
cr_whats_new_beta_12,4,"Fixed the Energy detail views (Solar, Electricity, Gas, Water, City heating, Battery) drawing their cards flush against each other with their headings missing. Production, Forecast, Inverters and the rest were hidden behind the card below them; the cards now keep their headings and the usual spacing.",,needs translation
cr_whats_new_beta_12,5,"Fixed Parental Controls refusing to save. An out-of-date HKI 7 Cloud component rejects the Visible and Invisible lists, which used to fail the whole policy; the permissions now save regardless and the message says the component needs updating. Those lists only filter entity lists such as global search — a button on a family dashboard stays visible unless it is hidden for that person explicitly.*",,needs translation; don't translate HKI 7 Cloud
cr_whats_new_beta_12,6,* HKI 7 Cloud Component integration required.,,needs translation; don't translate HKI 7 Cloud
cr_whats_new_beta_11,1,"Rooms, Climate, Security, Energy, and Battery dashboards now make better use of tablets and foldables. Large cards follow the Home and individual-room 1/2/3-column layout, while compact tiles auto-fit without becoming cramped. Climate, Security, and Energy cards use a height-aware masonry layout on wider displays, eliminating large gaps below shorter cards.",,needs translation
cr_whats_new_beta_11,2,State-colored icons on entity buttons and header/status pills now preserve their semantic hue while automatically shifting lighter or darker when they would blend into the current theme.,,needs translation
cr_whats_new_beta_11,3,"Selecting a family dashboard during onboarding now subscribes that installation to it. Owner edits are published when Save or Done is tapped, active clients refresh immediately, and offline clients reconcile when reopened. Non-admin subscribers cannot create or duplicate dashboards unless the app is fully reset.*",,needs translation
cr_whats_new_beta_11,4,"Dashboard setup during onboarding can now restore a local, Google Drive, or Home Assistant backup. New Google Drive and Home Assistant backups use consistent, informative names containing the app version and creation date.*",,"needs translation; don't translate Home Assistant, Google Drive"
cr_whats_new_beta_11,5,"Calendar widgets become vertically scrollable when their height is too small for every event, and hidden Home widgets are removed from the layout instead of leaving an empty space.",,needs translation
cr_whats_new_beta_11,6,"Parcel carrier cards now show the earliest expected delivery date and time for active incoming or outgoing shipments, including integrations that expose a separate next-delivery sensor.",,needs translation
cr_whats_new_beta_11,7,"Family permissions can now independently allow dashboard switching and creation. Fully restricted subscribers see a locked Dashboard settings tab; onboarding removes its placeholder dashboard when switching is denied, and a deleted family dashboard opens a permission-aware recovery screen instead of silently creating a replacement.*",,needs translation
cr_whats_new_beta_11,8,"Family permissions now also control manual re-importing. Non-admins cannot open Family Sharing settings, disabled onboarding choices explain why they are unavailable, and aesthetics-only editors see only visual controls. Their local names, icons, colors, backgrounds, styles, sizes, and layouts take priority when owner updates arrive.*",,needs translation
cr_whats_new_beta_11,9,"Climate sensor/device tabs, Security groups, and every Energy detail tab now follow the same responsive one-, two-, or three-column masonry rules, including their edit and reorder layouts.",,needs translation
cr_whats_new_beta_11,10,Aesthetics-only family editors can no longer change header-pill configuration or the dashboard's people; those functional settings remain controlled by the owner.*,,needs translation
cr_whats_new_beta_11,11,"Parental Controls now replaces manual entity-ID entry with Visible and Invisible lists. Admins can select complete Home Assistant domains or individual entities, and global search hides restricted entities and devices. Invisible entries always take precedence.*",,needs translation; don't translate Home Assistant
cr_whats_new_beta_11,12,"Energy setup now imports SmartGateways and DSMR Reader P1 meters even when the Home Assistant Energy dashboard has not been configured and the sensors are not attached to a device. Tariff 1 and tariff 2 readings are recognised separately, and usage charts and period totals add both tariffs together when no single grid import or export sensor is set.",,needs translation; don't translate Home Assistant
cr_whats_new_beta_11,13,* HKI 7 Cloud Component integration required.,,needs translation; don't translate HKI 7 Cloud
cr_whats_new_beta_10,1,"Visibility rules now work across all widgets and individual items, with time, entity, person, and mixed AND/OR conditions. Admins using a family-shared dashboard can choose whether an item is Visible or Hidden for a selected user. Person conditions use HKI 7 Cloud, whose requirement is shown when it is unavailable. New rules start empty so you choose Time, Entity, or Person.",,needs translation; don't translate HKI 7 Cloud
cr_whats_new_beta_10,2,"Room-status counter badges keep a stable two-digit width. Headers responsively fit one, two, or three counters per row like the home-page and person badges, without pushing the title down.",,needs translation
cr_whats_new_beta_10,3,"Energy setup now recognises SmartGateways and DSMR Reader MQTT sensor names, and choosing a source device refills its separate sensor roles. City heating has dedicated settings, a source tile and detail tab, plus an estimated natural-gas equivalent for J/GJ heat readings.",,needs translation
cr_whats_new_beta_10,4,"Calendar widget dialogs now use the available height correctly, fixing content that previously occupied only half the settings dialog or was cut off.",,needs translation
cr_whats_new_beta_10,5,"Re-import settings now use one consistently spelled and localized label across Rooms, Climate, Security, Energy, and Battery. Conditional visibility wording was also corrected in every supported language.",,needs translation
cr_whats_new_beta_10,6,"Fixed PostNL and the current parcel-integration parser, so incoming shipments once again show their complete tracking details and delivered state. Carrier support has also been brought up to date.",,needs translation
cr_whats_new_beta_10,7,"Added an in-app language selector with full coverage in 13 languages: Dutch, German, French, Spanish (plus Latin American Spanish), Italian, Turkish, Portuguese (plus Brazilian Portuguese), Japanese, Korean, and Chinese (Simplified and Traditional). Each language shows its native name with an English hint beneath it.",,needs translation
cr_whats_new_beta_10,8,"The reconnect status now shows the actual connection error, making Wi-Fi, mobile-data, and VPN handovers much easier to diagnose.",,needs translation
cr_whats_new_beta_10,9,Screen rotation now follows your device’s auto-rotate setting instead of staying locked to portrait.,,needs translation
cr_whats_new_beta_10,10,"The Climate ""Outside"" tile now appears as soon as a weather device is linked, even without dedicated sensors, counts its temperature, humidity and pressure attributes in the summary, and graphs them with matching sensor colors.",,needs translation
cr_whats_new_beta_10,11,"Parcel status codes are now normal sentences. Dates and times follow the selected language and 12/24-hour preference, nearby deliveries use weekday names, the current year is omitted, and same-day windows no longer repeat the date.",,needs translation
cr_whats_new_beta_9,1,"Drag to reorder cameras, thermostats, and energy cards. In edit mode the Security, Climate, and Energy views each get a Reorder button for their relevant cards.",,needs translation
cr_whats_new_beta_9,2,"New Climate Outside tile. Link a weather entity or outdoor temperature, humidity, and air-pressure sensors, then open the tile for individual history graphs.",,needs translation
cr_whats_new_beta_9,3,"Visibility now belongs to each button and header badge. Hide an item or schedule it once or on a daily, weekly, monthly, or yearly recurrence.",,needs translation
cr_whats_new_beta_9,4,Header badges can be renamed from Appearance settings.,,needs translation
cr_whats_new_beta_9,5,Swiping cards autoplay every three seconds by default.,,needs translation
cr_whats_new_beta_9,6,"The Weather dialog adds autoplay for Season, a windrose card, and an optional rain-map card from a camera or embedded web page.",,needs translation
cr_whats_new_beta_9,7,"The Parcels widget was rebuilt around carriers, with logos, account totals, shipment sections, estimates, tracking history, and add-by-tracking support where available.",,needs translation
cr_whats_new_beta_9,8,"Humidifiers and dehumidifiers now have native power, humidity, mode, speed, and helper controls throughout the app.",,needs translation
cr_whats_new_beta_9,9,Room status counters are interactive and open the entities behind each count.,,needs translation
cr_whats_new_beta_9,10,Buttons and badges can show a live countdown from a completion-time entity.,,needs translation
cr_whats_new_beta_9,11,Shared dashboards publish owner edits automatically and recipients receive them on their next sync.,,needs translation
cr_whats_new_beta_9,12,Header display settings now belong to each dashboard and travel through backups and family sharing.,,needs translation
cr_whats_new_beta_9,13,Camera widgets fill the entire tile and follow the configured corner radius.,,needs translation
cr_whats_new_beta_9,14,"Waste collections on the same day now overlap visibly, and the larger dialog can be dismissed by tapping outside.",,needs translation
cr_whats_new_beta_9,15,"Battery, Waste, camera, weather, and About visuals are now more consistent.",,needs translation
cr_whats_new_beta_9,16,"Binary sensors use Home Assistant-style Open/Closed, Wet/Dry, Detected/Clear, and Connected/Disconnected labels.",,needs translation; don't translate Home Assistant
cr_whats_new_beta_9,17,"Aesthetic-only editors can change existing badge visuals but cannot add, remove, or reconfigure badges.",,needs translation
cr_whats_new_beta_9,18,Fixed network handovers: sockets tied to the old Android network are discarded and the saved Home Assistant session reconnects without an unnecessary login. Reconnect status also shows the failure reason.,,needs translation; don't translate Home Assistant
cr_whats_new_beta_8,1,Child locks are no longer imported automatically as room controls.,,needs translation
cr_whats_new_beta_8,2,Every button and badge now honours Home Assistant entity-icon overrides.,,needs translation; don't translate Home Assistant
cr_whats_new_beta_8,3,Vacuums now appear in the room badge bar and open their controls when tapped.,,needs translation
cr_whats_new_beta_8,4,"Individual buttons in multi-item widgets can be hidden or scheduled, including recurring annual date ranges.",,needs translation
cr_whats_new_beta_8,5,Multiple camera badges now open one swipeable dialog with fullscreen paging.,,needs translation
cr_whats_new_beta_8,6,"Family Sharing now lists cloud-published dashboards so they can be imported, reshared, or deleted after a reinstall.",,needs translation
cr_whats_new_beta_7,1,Automatic room import now skips built-in helper controls while retaining genuine extra controls.,,needs translation
cr_whats_new_beta_7,2,Climate devices from different integrations are no longer merged into one control.,,needs translation
cr_whats_new_beta_7,3,"Climate-device icons now match air conditioners, humidifiers, dehumidifiers, and air purifiers.",,needs translation
cr_whats_new_beta_7,4,Air-purifier and humidifier icons pulse gently instead of spinning.,,needs translation
cr_whats_new_beta_7,5,Door locks now use closed-door and open-door icons.,,needs translation
cr_whats_new_beta_7,6,Multi-device header badges can be reordered to choose their leading entity.,,needs translation
cr_whats_new_beta_7,7,Animated icon effects are enabled by default on new installations.,,needs translation
cr_whats_new_beta_7,8,Buttons and badges can display an entity attribute and optional unit instead of its state.,,needs translation
cr_whats_new_beta_7,9,"Dashboards can now be copied with all rooms, widgets, and page settings.",,needs translation
cr_whats_new_beta_7,10,"Family Sharing now combines parental controls, dashboard sharing, and per-user permissions.",,needs translation
cr_whats_new_beta_7,11,Shared dashboards update automatically while keeping allowed local visual changes.,,needs translation
cr_whats_new_beta_7,12,Non-admin family members can use automatic per-room Adaptive Lighting controls when the HKI 7 Cloud component is installed.,,needs translation; don't translate HKI 7 Cloud
cr_whats_new_beta_7,13,Fixed unreadable header and pull-down labels in light mode and with custom appearances.,,needs translation
cr_whats_new_beta_7,14,About now provides What’s new and Full changelog buttons.,,needs translation
cr_whats_new_beta_7,15,Fixed the Unable to connect screen so it appears reliably when Home Assistant cannot be reached.,,needs translation; don't translate Home Assistant
cr_whats_new_beta_6,1,Fixed edit-mode action bars overlapping Android three-button navigation.,,needs translation
cr_whats_new_beta_6,2,The Backup and Restore screen now shows when each automatic cloud backup last ran.,,needs translation
cr_whats_new_beta_6,3,Each cloud backup now has a Back up now button.,,needs translation
cr_whats_new_beta_6,4,Fixed the oversized app icon after the themed-icon update.,,needs translation
cr_whats_new_beta_4_to_5,1,The Backup and Restore screen now shows when each automatic cloud backup last ran.,,needs translation
cr_whats_new_beta_4_to_5,2,Each cloud backup now has a Back up now button.,,needs translation
cr_whats_new_beta_4_to_5,3,Fixed the oversized app icon after the themed-icon update.,,needs translation
cr_whats_new_beta_3,1,"Added Simple Icons, Tabler, and Phosphor icon packs alongside Material Design Icons.",,needs translation
cr_whats_new_beta_3,2,"Added animated entity icons that glow, spin, or pulse while active.",,needs translation
cr_whats_new_beta_3,3,Added family dashboard sharing for admins.*,,needs translation
cr_whats_new_beta_3,4,Added parental controls that can hide selected views and rooms for specific people.*,,needs translation
cr_whats_new_beta_3,5,Added automatic daily backup to your own Home Assistant.*,,needs translation; don't translate Home Assistant
cr_whats_new_beta_3,6,Media-source icons are colored and can open the installed source app.,,needs translation
cr_whats_new_beta_3,7,New iFrame widget for embedding web pages.,,needs translation
cr_whats_new_beta_3,8,Energy views now show negative values while exporting power.,,needs translation
cr_whats_new_beta_3,9,Fixed onboarding completing when switching away before finishing.,,needs translation
cr_whats_new_beta_3,10,Fixed the thermostat-dial mode button overlapping nearby items.,,needs translation
cr_whats_new_beta_3,11,Many smaller bug fixes.,,needs translation
cr_whats_new_beta_3,12,* HKI 7 Cloud Component integration required.,,needs translation; don't translate HKI 7 Cloud
cr_whats_new_beta_2,1,"Improved layouts on short and narrow displays, with a single-column fallback throughout the app.",,needs translation
cr_whats_new_beta_2,2,Dialog headers use two rows on narrow screens so titles are no longer cut off.,,needs translation
cr_whats_new_beta_2,3,Fixed Adaptive Lighting sliders overlapping other elements.,,needs translation
cr_whats_new_beta_2,4,Navigation bars now indicate when more items are available off-screen.,,needs translation
cr_whats_new_beta_2,5,Fixed cameras ignoring the screen-orientation lock.,,needs translation
cr_whats_new_beta_2,6,Fixed zoom in camera dialogs and fullscreen cameras.,,needs translation
global_search_browse_entities,one,Browse %1$d entity on this device,Прегледайте %1$d обект на това устройство,app fills in %1$d — keep them
global_search_browse_entities,other,Browse %1$d entities on this device,Прегледайте %1$d обекти на това устройство,app fills in %1$d — keep them
global_search_entity_count,one,%1$d entity,%1$d обект,app fills in %1$d — keep them
global_search_entity_count,other,%1$d entities,%1$d обекти,app fills in %1$d — keep them
rooms_count,one,%1$d room,%1$d стая,app fills in %1$d — keep them
rooms_count,other,%1$d rooms,%1$d стаи,app fills in %1$d — keep them
core_system,,System,система,
core_greeting_morning,,Good Morning,добро утро,
core_greeting_afternoon,,Good Afternoon,добър следобед,
core_greeting_evening,,Good Evening,добър вечер,
core_greeting_night,,Good Night,лека нощ,
core_last_seen_just_now,,Last seen just now,Последно видян току-що,
core_no_media_playing,,No media is playing,Не се възпроизвежда медия,
core_media_players_playing,one,%1$d media player is playing,Възпроизвежда се мултимедиен плейър %1$d,app fills in %1$d — keep them
core_media_players_playing,other,%1$d media players are playing,Възпроизвеждат се %1$d медийни плейъри,app fills in %1$d — keep them
core_last_seen_minutes,one,Last seen %1$d minute ago,Последно видян преди %1$d минута,app fills in %1$d — keep them
core_last_seen_minutes,other,Last seen %1$d minutes ago,Последно видян преди %1$d минути,app fills in %1$d — keep them
core_last_seen_hours,one,Last seen %1$d hour ago,Последно видян преди %1$d час,app fills in %1$d — keep them
core_last_seen_hours,other,Last seen %1$d hours ago,Последно ползване преди %1$d часа,app fills in %1$d — keep them
core_last_seen_days,one,Last seen %1$d day ago,Последно ползване преди %1$d ден,app fills in %1$d — keep them
core_last_seen_days,other,Last seen %1$d days ago,Последно ползване преди %1$d дни,app fills in %1$d — keep them
core_last_seen_weeks,one,Last seen %1$d week ago,Последно видян преди %1$d седмица,app fills in %1$d — keep them
core_last_seen_weeks,other,Last seen %1$d weeks ago,Последно видян преди %1$d седмици,app fills in %1$d — keep them
dlg_1_advanced_shorthand_block_kept_unchanged,,1 advanced shorthand block (kept unchanged),1 усъвършенстван стенографски блок (запазен непроменен),
dlg_24_hour_format,,24-Hour Format,24-часов формат,
dlg_action_count,,%1$s action,%1$s действие,app fills in %1$s — keep them
dlg_action,,Action,Действие,
dlg_action_data,,Action data,Данни за действие,
dlg_action_data_object,,Action data object,Обект с данни за действие,
dlg_action_details,,Action details,Подробности за действието,
dlg_adapt_now,,Adapt now,Адаптирайте се сега,
dlg_adaptive_lighting,,Adaptive Lighting,Адаптивно осветление,
dlg_adaptive_lighting_is_unavailable,,Adaptive Lighting is unavailable,Адаптивното осветление не е налично,
dlg_add_4_10_entity_buttons_to_this_dialog_s,,Add 4–10 entity buttons to this dialog's nav bar.,Добавете 4–10 бутона за обект към навигационната лента на този диалогов прозорец.,
dlg_add,,Add,Добавете,
dlg_add_at_least_one_step,,Add at least one step,Добавете поне една стъпка,
dlg_add_button,,Add button,Бутон за добавяне,
dlg_add_custom_buttons,,Add Custom Buttons,Добавете персонализирани бутони,
dlg_add_more_for_a_full_row,,Add %1$s more for a full row.,Добавете още %1$s за цял ред.,app fills in %1$s — keep them
dlg_add_to,,Add to %1$s,Добавяне към %1$s,app fills in %1$s — keep them
dlg_advanced,,Advanced,Разширено,
dlg_advanced_action_data_json,,Advanced action data (JSON),Разширени данни за действие (JSON),
dlg_advanced_shorthand_blocks_kept_unchanged,,%1$s advanced shorthand blocks (kept unchanged),%1$s разширени стенографски блокове (запазени непроменени),app fills in %1$s — keep them
dlg_alarm_entities,,Alarm entities,Алармени обекти,
dlg_alarm_pending,,Alarm pending,Предстояща аларма,
dlg_alignment,,Alignment,Подравняване,
dlg_always,,Always,Винаги,
dlg_any_state,,Any state,Всяка държава,
dlg_appearance,,Appearance,Външен вид,
dlg_apply,,Apply,Кандидатствайте,
dlg_aspect_ratio,,Aspect ratio,Съотношение на страните,
dlg_astronomical_tap_or_swipe,,Astronomical · tap or swipe,Астрономически · докоснете или плъзнете,
dlg_auto,,Auto,Авто,
dlg_auto_none,,Auto / none,Автоматично / няма,
dlg_auto_scan,,Auto-scan,Автоматично сканиране,
dlg_automation,,Automation,Автоматизация,
dlg_back,,Back,Назад,
dlg_backspace,,Backspace,Backspace,
dlg_badge_bar_layout,,Badge bar layout,Оформление на лентата за значки,
dlg_batt,,Batt,Бат,
dlg_battery_value,,Battery: %1$s,Батерия: %1$s,app fills in %1$s — keep them
dlg_built_in,,Built-in,Вградена,
dlg_cancel,,Cancel,Отказ,
dlg_cancel_arming,,Cancel arming,Отменете активирането,
dlg_change,,Change,промяна,
dlg_choose_a_side_when_the_badge_bar_is_split,,Choose a side when the badge bar is split,"Изберете страна, когато лентата за значки е разделена",
dlg_choose_a_state,,Choose a state,Изберете състояние,
dlg_condition,,Condition,Състояние,
dlg_condition_is,,Is,Е,
dlg_condition_is_not,,Is not,не е,
dlg_condition_state,,State,състояние,
dlg_vis_and,,AND,И,
dlg_vis_conditional,,Conditional,Условно,
dlg_vis_entity_state,,Entity state,Състояние на обекта,
dlg_vis_person,,Person,Лице,
dlg_visible,,Visible,Видими,
dlg_choose_person,,Choose person,Изберете човек,
dlg_person_condition_hint,,Matches the signed-in Home Assistant user. This rule travels with a shared dashboard.,Съвпада с влезлия потребител Home Assistant. Това правило пътува със споделено табло за управление.,don't translate Home Assistant
dlg_person_requires_hki7_cloud,,Person visibility requires the HKI 7 Cloud component. Install it to select Home Assistant users here.,"Видимостта на лицето изисква компонента HKI 7 Cloud. Инсталирайте го, за да изберете Home Assistant потребители тук.","don't translate HKI 7 Cloud, Home Assistant"
dlg_vis_match,,Match,Съвпадение,
dlg_vis_match_all,,All rules,Всички правила,
dlg_vis_match_any,,Any rule,Всяко правило,
dlg_vis_or,,OR,ИЛИ,
dlg_vis_time_schedule,,Time schedule,Времеви график,
dlg_choose_a_visual_home_assistant_block,,Choose a visual Home Assistant block,Изберете визуален блок Home Assistant,don't translate Home Assistant
dlg_choose_action,,Choose action,Изберете действие,
dlg_choose_an_action,,Choose an action,Изберете действие,
dlg_choose_an_entity,,Choose an entity,Изберете обект,
dlg_choose_an_entity_first,,Choose an entity first,Първо изберете обект,
dlg_choose_entity,,Choose entity,Изберете обект,
dlg_choose_the_home_assistant_entities_that_drive_this_room,,Choose the Home Assistant entities that drive this room's live indicators. Indicators only appear while they are active.,"Изберете Home Assistant обектите, които управляват индикаторите на живо в тази стая. Индикаторите се появяват само докато са активни.",don't translate Home Assistant
dlg_choose_the_profile_for_this_light,,Choose the profile for this light,Изберете профила за тази светлина,
dlg_choose_what_this_action_should_control,,Choose what this action should control,Изберете какво да контролира това действие,
dlg_choose_what_this_badge_summarizes,,Choose what this badge summarizes,Изберете какво обобщава тази значка,
dlg_choose_what_this_header_pill_shows,,Choose what this header pill shows,Изберете какво показва това заглавно хапче,
dlg_clear,,Clear,ясно,
dlg_clear_rooms_view,,Clear rooms view?,Ясен изглед на стаите?,
dlg_climate_dialog_control,,Climate dialog control,Диалогов контрол на климата,
dlg_climate_sources_take_priority_and_use_their_current_temper,,Climate sources take priority and use their current_temperature and current_humidity values. ,Климатичните източници имат приоритет и използват своите стойности за текуща_температура и текуща_влажност.,keep the space at the start/end
dlg_climate_summary,,Climate summary,Обобщение на климата,
dlg_close,,Close,затвори,
dlg_confirm,,Confirm,Потвърдете,
dlg_controls_light_in_this_profile,,Controls %1$s light%2$s in this profile.,Контролира %1$s light%2$s в този профил.,app fills in %1$s %2$s — keep them
dlg_countdown_timer,,Countdown timer,Таймер за обратно броене,
dlg_create_a_flow,,Create a flow,Създайте поток,
dlg_current,,Current %1$s%%,Текущи %1$s%%,app fills in %1$s — keep them
dlg_current_weather,,Current weather,Времето в момента,
dlg_custom,,Custom,По поръчка,
dlg_custom_buttons,,Custom buttons,Персонализирани бутони,
dlg_custom_value,,Custom %1$s,Персонализирано %1$s,app fills in %1$s — keep them
dlg_custom_name,,Custom name,Персонализирано име,
dlg_custom_seconds,,Custom seconds,Персонализирани секунди,
dlg_custom_state,,Custom state...,Персонализирано състояние...,
dlg_date,,Date,Дата,
dlg_day_to,,%1$s day%2$s to %3$s,%1$s ден%2$s до %3$s,app fills in %1$s %2$s %3$s — keep them
dlg_delete_automation,,Delete automation?,Изтриване на автоматизацията?,
dlg_delete,,Delete,Изтриване,
dlg_description,,Description,Описание,
dlg_details,,Details,Подробности,
dlg_device_value,,Device: %1$s,Устройство: %1$s,app fills in %1$s — keep them
dlg_device,,Device,устройство,
dlg_direction,,Direction —,Посока —,
dlg_display,,Display,Дисплей,
dlg_display_linked_entities_and_dialog_layout,,"Display, linked entities, and dialog layout","Оформление на дисплея, свързани обекти и диалогов прозорец",
dlg_display_mode,,Display mode,Режим на показване,
dlg_display_order,,Display order,Ред на показване,
dlg_done,,Done,Готово,
dlg_door_sensors,,Door sensors,Сензори за врати,
dlg_edit,,Edit,Редактиране,
dlg_empty_bin,,Empty bin: %1$s,Празен контейнер: %1$s,app fills in %1$s — keep them
dlg_end,,End: %1$s,Край: %1$s,app fills in %1$s — keep them
dlg_enter_a_valid_json_object,,Enter a valid JSON object,Въведете валиден JSON обект,
dlg_enter_code,,Enter code,Въведете код,
dlg_enter_the_same_data_object_home_assistant_shows_in,,Enter the same data object Home Assistant shows in YAML. JSON is used here so values keep their exact type.,"Въведете същия обект с данни, който Home Assistant показва в YAML. Тук се използва JSON, така че стойностите запазват точния си тип.",don't translate Home Assistant
dlg_entities_count,,Entities (%1$s),Обекти (%1$s),app fills in %1$s — keep them
dlg_entities_appearance_and_interactions,,"Entities, appearance, and interactions","Обекти, външен вид и взаимодействия",
dlg_entities,,Entities,Субекти,
dlg_entities_that_signal_activity_or_safety_states,,Entities that signal activity or safety states,"Субекти, които сигнализират за активност или състояния на безопасност",
dlg_entity_integrations,,Entity integrations,Интеграции на обекти,
dlg_entity_name,,Entity name,Име на обекта,
dlg_entity_picture,,Entity picture,Снимка на обект,
dlg_event,,Event,Събитие,
dlg_exact_text_or_number_reported_by_home_assistant,,Exact text or number reported by Home Assistant,"Точен текст или номер, отчетен от Home Assistant",don't translate Home Assistant
dlg_exit_full_screen,,Exit full screen,Изход от цял екран,
dlg_floor,,Floor,Етаж,
dlg_floor_assignment,,Floor assignment,Разпределение на етажа,
dlg_flows,,Flows,Потоци,
dlg_forecast,,Forecast,Прогноза,
dlg_forget_selection,,Forget selection,Забравете избора,
dlg_forward,,Forward,Напред,
dlg_from,,From %1$s,От %1$s,app fills in %1$s — keep them
dlg_from_state,,From state,От държавата,
dlg_full_day_name,,Full Day Name,Пълно име на деня,
dlg_group_light_paused_for_manual_control,,%1$s group light%2$s paused for manual control.,%1$s групова светлина%2$s поставена на пауза за ръчно управление.,app fills in %1$s %2$s — keep them
dlg_header_appearance,,Header appearance,Външен вид на заглавката,
dlg_header_custom_color_rrggbb,,Header custom color (#RRGGBB),Персонализиран цвят на заглавката (#RRGGBB),
dlg_header_pill,,Header pill,Хапче за глава,
dlg_hidden,,Hidden,Скрити,
dlg_hidden_during,,Hidden during,Скрит по време на,
dlg_hide_this_badge_or_schedule_when_it_appears,,"Hide this badge, or schedule when it appears","Скрийте тази значка или насрочете, когато се появи",
dlg_https,,https://…,https://…,
dlg_humidity,,Humidity,Влажност,
dlg_icon,,Icon,Икона,
dlg_icon_animation,,Icon animation,Анимация на икони,
dlg_icon_value,,Icon: %1$s,Икона: %1$s,app fills in %1$s — keep them
dlg_identity,,Identity,Идентичност,
dlg_identity_presentation_indicators_and_maintenance,,"Identity, presentation, indicators, and maintenance","Идентичност, представяне, индикатори и поддръжка",
dlg_import_only_rooms_that_have_not_been_edited_or,,"Import only rooms that have not been edited, or rebuild everything. Rebuilding removes all edited rooms and floors before importing them from scratch.","Импортирайте само стаи, които не са редактирани, или изградете отново всичко. Повторното изграждане премахва всички редактирани стаи и етажи, преди да ги импортирате от нулата.",
dlg_import_unedited,,Import unedited,Импортиране нередактирано,
dlg_interactions,,Interactions,Взаимодействия,
dlg_is,, is,е,keep the space at the start/end
dlg_items,,%1$s items,%1$s елемента,app fills in %1$s — keep them
dlg_last_run,,Last run %1$s,Последно изпълнение %1$s,app fills in %1$s — keep them
dlg_left,,Left,наляво,
dlg_left_side_overflows_right,,Left side overflows right,Лявата страна прелива надясно,
dlg_live,,Live,На живо,
dlg_live_uppercase,,LIVE,НА ЖИВО,
dlg_live_indicators,,Live indicators,Живи индикатори,
dlg_loading_actions,,Loading actions…,Действията се зареждат...,
dlg_lunar_phase,,Lunar phase,Лунна фаза,
dlg_map,,Map,Карта,
dlg_map_value,,Map: %1$s,Карта: %1$s,app fills in %1$s — keep them
dlg_media,,Media,Медия,
dlg_media_browsing_isn_t_available_for_this_player,,Media browsing isn't available for this player.,Сърфирането на мултимедия не е достъпно за този плейър.,
dlg_media_library,,Media library,Медийна библиотека,
dlg_media_players,,Media players,Медийни плейъри,
dlg_meteorological_tap_or_swipe,,Meteorological · tap or swipe,Метеорологични · докоснете или плъзнете,
dlg_mm,,%1$s mm,%1$s мм,app fills in %1$s — keep them
dlg_modes,,Modes,Режими,
dlg_moon,,Moon,Луна,
dlg_move_down,,Move down,Придвижете се надолу,
dlg_move_up,,Move up,Придвижете се нагоре,
dlg_multiple_climate_values_are_averaged_separate_sensor_value,,Multiple climate values are averaged. Separate sensor values are averaged only when no climate source is selected.,Осредняват се множество климатични стойности. Стойностите на отделните сензори се осредняват само когато не е избран климатичен източник.,
dlg_name,,Name,Име,
dlg_name_and_icon_used_throughout_the_app,,Name and icon used throughout the app,"Име и икона, използвани в цялото приложение",
dlg_name_optional,,Name (optional),Име (по избор),
dlg_native_home_assistant_automations_always_in_sync,,"Native Home Assistant automations, always in sync","Родни Home Assistant автоматизации, винаги в синхрон",don't translate Home Assistant
dlg_never_triggered,,Never triggered,Никога не е задействан,
dlg_new_flow,,New flow,Нов поток,
dlg_next_camera,,Next camera,Следваща камера,
dlg_no_conditions_this_flow_always_continues,,No conditions — this flow always continues,Без условия — този поток винаги продължава,
dlg_no_door_sensor,,No door sensor,Няма сензор за врата,
dlg_no_forecast_available,,No forecast available,Няма налична прогноза,
dlg_no_matching_automations,,No matching automations,Няма съответстващи автоматизации,
dlg_no_native_home_assistant_automations_found,,No native Home Assistant automations found,Няма намерени собствени автоматизации на Home Assistant,don't translate Home Assistant
dlg_no_profile_available,,No profile available,Няма наличен профил,
dlg_no_stream_available,,No stream available,Няма наличен поток,
dlg_no_supported_alarm_modes_reported_by_this_entity,,No supported alarm modes reported by this entity,"Няма поддържани режими на аларма, докладвани от този обект",
dlg_no_target,,No target,Няма цел,
dlg_none,,None,Няма,
dlg_none_timer_follows_the_completion_time_only,,None — timer follows the completion time only,Няма — таймерът следва само времето за завършване,
dlg_not_loaded_by_home_assistant,,Not loaded by Home Assistant,Не е заредено от Home Assistant,don't translate Home Assistant
dlg_nothing_here,,Nothing here.,Тук няма нищо.,
dlg_off_uppercase,,OFF,ИЗКЛ,
dlg_off,,Off,Изкл,
dlg_on_uppercase,,ON,ВКЛ,
dlg_on,,On,включено,
dlg_percent_on,,%1$s%% • ON,%1$s%% • ВКЛ,app fills in %1$s — keep them
dlg_open_camera_full_screen,,Open camera full screen,Отворете камерата на цял екран,
dlg_open,,Open,Отворете,
dlg_optional_controls_and_sensors_for_richer_dialogs,,Optional controls and sensors for richer dialogs,Допълнителни контроли и сензори за по-богати диалози,
dlg_optional_fields_passed_to_home_assistant,,Optional fields passed to Home Assistant,"Незадължителни полета, предадени на Home Assistant",don't translate Home Assistant
dlg_optional_label_shown_when_name_is_enabled_above,,"Optional label shown when ""Name"" is enabled above","Незадължителен етикет, показан, когато „Име“ е активирано по-горе",
dlg_oscillate,,Oscillate,Осцилирайте,
dlg_pause,,Pause,Пауза,
dlg_pause_adaptation,,Pause adaptation,Пауза на адаптацията,
dlg_pending_timer,,Pending timer,Изчакващ таймер,
dlg_pick_a_source_device_or_fine_tune_individual_roles,,Pick a source device or fine-tune individual roles,Изберете изходно устройство или прецизирайте отделните роли,
dlg_place_this_room_in_the_correct_floor_group,,Place this room in the correct floor group,Поставете тази стая в правилната група етажи,
dlg_placement,,Placement,Поставяне,
dlg_players_summarized_by_the_room_header_and_card,,Players summarized by the room header and card,Играчите са обобщени по заглавието на стаята и картата,
dlg_please_wait,,Please wait…,моля изчакайте...,
dlg_precipitation,,Precipitation,Валежи,
dlg_presets_uppercase,,PRESETS,ПРЕДВАРИТЕЛНИ НАСТРОЙКИ,
dlg_presets,,Presets,Предварителни настройки,
dlg_previous_camera,,Previous camera,Предишна камера,
dlg_profile,,Profile,Профил,
dlg_profile_switches_affect_every_light_assigned_to,,Profile switches affect every light assigned to %1$s.,"Превключвателите на профили засягат всяка светлина, присвоена на %1$s.",app fills in %1$s — keep them
dlg_rain,,Rain,дъжд,
dlg_rain_map,,Rain map,Карта на дъжда,
dlg_rain_map_url_iframe,,Rain map URL (iframe),URL адрес на картата на дъжда (iframe),
dlg_re_import_rooms,,Re-import rooms,Повторно импортиране на стаи,
dlg_read_only_home_assistant_automation,,Read-only Home Assistant automation,Само за четене Home Assistant автоматизация,don't translate Home Assistant
dlg_recipes_create_regular_home_assistant_automations_you_can,,Recipes create regular Home Assistant automations. You can continue editing them in either HKI7 or Home Assistant.,Рецептите създават редовни Home Assistant автоматизации. Можете да продължите да ги редактирате в HKI7 или Home Assistant.,"don't translate Home Assistant, HKI7"
dlg_remove,,Remove,Премахнете,
dlg_remove_edits_and_import_all,,Remove edits and import all,Премахнете редакциите и импортирайте всички,
dlg_repeat,,Repeat,Повторете,
dlg_repeats_every_day_only_the_time_of_day_is,,Repeats every day — only the time of day is used.,Повтаря се всеки ден — използва се само времето от деня.,
dlg_repeats_every_month_only_the_day_of_the_month,,Repeats every month — only the day of the month and time are used.,Повтаря се всеки месец — използват се само денят от месеца и часът.,
dlg_repeats_every_week_only_the_weekday_and_time_are,,Repeats every week — only the weekday and time are used.,Повтаря се всяка седмица — използват се само делничният ден и часът.,
dlg_repeats_every_year_the_year_is_ignored_so_e,,"Repeats every year — the year is ignored, so e.g. 24–26 Dec recurs each Christmas.","Повтаря се всяка година — годината се игнорира, така че напр. 24–26 декември се повтаря всяка Коледа.",
dlg_required,, (required),(задължително),keep the space at the start/end
dlg_required_state,,Required state,Задължително състояние,
dlg_resume_adaptation,,Resume adaptation,Възобновете адаптацията,
dlg_resume,,Resume,Резюме,
dlg_reverse,,Reverse,Обратно,
dlg_right,,Right,вярно,
dlg_right_side_overflows_left,,Right side overflows left,Дясната страна прелива наляво,
dlg_room_areas,,Room areas,Стайни площи,
dlg_room_climate,,Room climate,Стаен климат,
dlg_room_name,,Room name,Име на стаята,
dlg_run_mode,,Run mode,Режим на бягане,
dlg_running_state_entity,,Running-state entity,Обект в работещо състояние,
dlg_s_are,,s are,s са,
dlg_save,,Save,Запазване,
dlg_save_in_home_assistant,,Save in Home Assistant,Запазване в Home Assistant,don't translate Home Assistant
dlg_saved_directly_in_the_native_automation,,Saved directly in the native automation,Записва се директно в родната автоматизация,
dlg_scheduled,,Scheduled,Планирано,
dlg_search_actions,,Search actions,Действия за търсене,
dlg_search_automations,,Search automations,Автоматизация на търсенето,
dlg_season,,Season,Сезон,
dlg_select,,Select %1$s,Изберете %1$s,app fills in %1$s — keep them
dlg_select_a_mode_to_continue,,Select a mode to continue,"Изберете режим, за да продължите",
dlg_select_battery_sensor,,Select Battery Sensor,Изберете Сензор за батерия,
dlg_select_door_sensor,,Select Door Sensor,Изберете Сензор за врата,
dlg_select_empty_bin_control,,Select Empty Bin Control,Изберете Empty Bin Control,
dlg_select_entities,,Select Entities,Изберете Обекти,
dlg_select_entity,,Select Entity,Изберете Обект,
dlg_select_map_camera,,Select Map Camera,Изберете Карта на камерата,
dlg_select_media_players,,Select Media Players,Изберете Media Players,
dlg_select_running_state_entity,,Select running-state entity,Изберете обект в работещо състояние,
dlg_select_target_entity,,Select Target Entity,Изберете целеви обект,
dlg_select_the_alarm_panels_summarized_by_this_pill,,Select the alarm panels summarized by this pill,"Изберете алармените панели, обобщени от това хапче",
dlg_select_vacuum_entity,,Select Vacuum Entity,Изберете Вакуумно образувание,
dlg_select_water_level,,Select Water Level,Изберете ниво на водата,
dlg_selected,,%1$s · Selected,%1$s · Избрано,app fills in %1$s — keep them
dlg_set,,Set,Комплект,
dlg_shape,,Shape,Форма,
dlg_shape_visible_information_and_icon_behavior,,"Shape, visible information, and icon behavior","Форма, видима информация и поведение на иконата",
dlg_show_a_descending_timer_when_the_value_is_a,,"Show a descending timer when the value is a completion time (e.g. a washer/dryer finish time). Active while counting, off at zero.","Показване на низходящ таймер, когато стойността е време за завършване (напр. време за завършване на пералня/сушилня). Активен по време на броене, изключен на нула.",
dlg_show_a_live_radar_rain_map_card_a_camera,,Show a live radar/rain map card — a camera entity or an embedded web page (iframe),Показване на радарна/дъждовна карта на живо — обект на камера или вградена уеб страница (iframe),
dlg_show_badge_bar,,Show badge bar,Показване на лентата със значки,
dlg_show_the_entity_s_state_or_one_of_its,,"Show the entity's state, or one of its attributes instead.",Покажете състоянието на обекта или вместо това един от неговите атрибути.,
dlg_side_split_alignment,,Side (split alignment),Странично (разделено подравняване),
dlg_snapshot,,Snapshot,Моментна снимка,
dlg_span_badges,,Span badges,Значки за размах,
dlg_speed,,SPEED,СКОРОСТ,
dlg_start,,Start: %1$s,Начало: %1$s,app fills in %1$s — keep them
dlg_start_with_a_useful_recipe_then_adjust_each_step,,"Start with a useful recipe, then adjust each step","Започнете с полезна рецепта, след това коригирайте всяка стъпка",
dlg_state,,State,състояние,
dlg_state_text,,State text,Държавен текст,
dlg_switch,,SWITCH,ПРЕВКЛЮЧВАНЕ,
dlg_tap_hold_and_dialog_quick_actions,,"Tap, hold, and dialog quick actions","Бързи действия с докосване, задържане и диалог",
dlg_target_range_percent,,TARGET (%1$s–%2$s%%),TARGET (%1$s–%2$s%%),app fills in %1$s %2$s — keep them
dlg_target,,Target,Цел,
dlg_target_entity_optional,,Target entity (optional),Целеви обект (по избор),
dlg_temperature,,Temperature,температура,
dlg_temperature_and_humidity_sources_for_the_room,,Temperature and humidity sources for the room,Източници на температура и влажност на помещението,
dlg_that_profile,,that profile,този профил,
dlg_the_exact_dates_you_pick_leave_a_bound_as,,"The exact dates you pick. Leave a bound as ""Any"" for an open-ended range.",Точните дати избирате вие. Оставете граница като „Всички“ за диапазон с отворен край.,
dlg_the_room_header_and_card_show_a_single_player,,"The room header and card show a single player's media, or an active-player count when multiple players are selected.","Заглавието на стаята и картата показват медиите на един играч или броя на активните играчи, когато са избрани няколко играча.",
dlg_thermostat_dial,,Thermostat dial,Циферблат на термостат,
dlg_this_action_does_not_use_an_entity_target,,This action does not use an entity target.,Това действие не използва цел на обект.,
dlg_this_action_has_no_required_target_or_additional_fields,,This action has no required target or additional fields.,Това действие няма задължителна цел или допълнителни полета.,
dlg_this_automation_is_managed_outside_home_assistant_s_ui,,"This automation is managed outside Home Assistant's UI (usually YAML). HKI7 can show it, but will not overwrite it.","Тази автоматизация се управлява извън потребителския интерфейс на Home Assistant (обикновено YAML). HKI7 може да го покаже, но няма да го презапише.","don't translate Home Assistant, HKI7"
dlg_this_entity,,This entity,Това образувание,
dlg_this_light_is_paused_for_manual_control,,This light is paused for manual control.,Тази светлина е на пауза за ръчно управление.,
dlg_this_removes_all_imported_rooms_and_floors_from_this,,This removes all imported rooms and floors from this view.,Това премахва всички импортирани стаи и подове от този изглед.,
dlg_this_removes_the_native_automation_from_home_assistant_thi,,This removes the native automation from Home Assistant. This cannot be undone from HKI7.,Това премахва собствената автоматизация от Home Assistant. Това не може да бъде отменено от HKI7.,"don't translate Home Assistant, HKI7"
dlg_time,,Time,време,
dlg_to_state,,To state,За да заявите,
dlg_turn_on,,Turn On,Включете,
dlg_unit,,Unit,единица,
dlg_untitled,,Untitled,Без заглавие,
dlg_url_https,,URL (https://…),URL (https://…),
dlg_vacuum_entities,,Vacuum entities,Вакуумни същности,
dlg_vertical_slider,,Vertical slider,Вертикален плъзгач,
dlg_visibility,,Visibility,Видимост,
dlg_visibility_alignment_and_overflow_behavior,,"Visibility, alignment, and overflow behavior","Видимост, подравняване и поведение при преливане",
dlg_visible_during,,Visible during,Видимо по време на,
dlg_waiting_for_home_assistant,,Waiting for Home Assistant,Изчаква се Home Assistant,don't translate Home Assistant
dlg_wallpaper_and_optional_custom_color,,Wallpaper and optional custom color,Тапет и цвят по избор,
dlg_wallpaper_url_or_path,,Wallpaper URL or path,URL адрес или път на тапет,
dlg_water_value,,Water: %1$s,Вода: %1$s,app fills in %1$s — keep them
dlg_water,,Water,вода,
dlg_weather_details,,Weather details,Подробности за времето,
dlg_weather_entities,,Weather entities,Метеорологични субекти,
dlg_when,,When,Кога,
dlg_when_and_if_then,,When · And if · Then,Когато · И ако · Тогава,
dlg_widget_width,,Widget width,Ширина на джаджа,
dlg_wind,,Wind,Вятър,
dlg_any,,Any,Всякакви,
dlg_once,,Once,Веднъж,
dlg_daily,,Daily,Ежедневно,
dlg_weekly,,Weekly,Ежеседмично,
dlg_monthly,,Monthly,Месечно,
dlg_yearly,,Yearly,Годишно,
dlg_default,,Default,По подразбиране,
dlg_toggle,,Toggle,Превключване,
dlg_more_information,,More information,Повече информация,
dlg_navigate,,Navigate,Навигирайте,
dlg_url,,URL,URL адрес,
dlg_home,,Home,Начало,
dlg_rooms,,Rooms,Стаи,
dlg_energy,,Energy,енергия,
dlg_climate,,Climate,Климат,
dlg_security,,Security,сигурност,
dlg_battery,,Battery,Батерия,
dlg_settings,,Settings,Настройки,
dlg_room_value,,Room · %1$s,Стая · %1$s,app fills in %1$s — keep them
dlg_could_not_load_home_assistant_actions,,Could not load Home Assistant actions,Неуспешно зареждане на Home Assistant действия,don't translate Home Assistant
dlg_show_entity_default_this_one,,Show entity (default: this one),Показване на обект (по подразбиране: този),
dlg_target_entity_default_this_one,,Target entity (default: this one),Целеви обект (по подразбиране: този),
dlg_select_destination,,Select destination,Изберете дестинация,
dlg_choose_target,,Choose target,Изберете цел,
dlg_target_and_action_data,,Target and action data,Данни за целите и действията,
dlg_tap,,Tap,Докоснете,
dlg_hold,,Hold,Задръжте,
dlg_double_tap,,Double tap,Докоснете два пъти,
dlg_alarm_disarmed,,Disarmed,Разоръжен,
dlg_alarm_armed_home,,Armed home,Въоръжен дом,
dlg_alarm_armed_away,,Armed away,Въоръжен,
dlg_alarm_armed_night,,Armed night,Въоръжена нощ,
dlg_alarm_armed_vacation,,Armed vacation,Въоръжена ваканция,
dlg_alarm_armed_custom,,Armed (custom),Въоръжени (по избор),
dlg_alarm_arming,,Arming…,Активиране...,
dlg_alarm_disarming,,Disarming…,Дезактивира се...,
dlg_alarm_triggered,,TRIGGERED,ЗАдействано,
dlg_alarm_disarmed_message,,Alarm disarmed,Алармата е изключена,
dlg_alarm_command,,Alarm command,Команда за аларма,
dlg_alarm_command_accepted,,%1$s accepted,%1$s приет,app fills in %1$s — keep them
dlg_alarm_command_failed,,Command failed. Check the code and try again.,Командата е неуспешна. Проверете кода и опитайте отново.,
dlg_alarm_arming_cancelled,,Arming cancelled,Активирането е отменено,
dlg_alarm_cancel_failed,,Cancellation failed. Check the code and try again.,Анулирането не бе успешно. Проверете кода и опитайте отново.,
dlg_alarm_arm_home,,Arm home,Arm home,
dlg_alarm_arm_away,,Arm away,Ръката далеч,
dlg_alarm_arm_night,,Arm night,Arm night,
dlg_alarm_arm_custom,,Arm custom,Арматура по поръчка,
dlg_alarm_arm_vacation,,Arm vacation,Оръжие ваканция,
dlg_alarm_disarm,,Disarm,Разоръжете,
dlg_room_configuration,,Room configuration,Конфигурация на стаята,
dlg_choose_room_area_to_configure,,Choose a room area to configure,Изберете зона на стая за конфигуриране,
dlg_focused_room_options,,Options for this room area,Опции за тази зона на стаята,
dlg_general,,General,генерал,
dlg_name_and_icon,,Name and icon,Име и икона,
dlg_header,,Header,Заглавка,
dlg_wallpaper_and_custom_color,,Wallpaper and custom color,Тапет и персонализиран цвят,
dlg_badge_bar,,Badge bar,Лента за значки,
dlg_alignment_and_display_options,,Alignment and display options,Опции за подравняване и показване,
dlg_assign_room_to_floor,,Assign this room to a floor,Задайте тази стая на етаж,
dlg_room_status,,Room status,Състояние на стаята,
dlg_room_status_summary,,"Media, activity, safety, and climate indicators","Показатели за медии, активност, безопасност и климат",
dlg_reimport_from_home_assistant,,Re-import from Home Assistant,Повторно импортиране от Home Assistant,don't translate Home Assistant
dlg_import_or_rebuild_rooms,,Import new rooms or rebuild every room,Импортирайте нови стаи или преустройте всяка стая,
dlg_clear_rooms_view_action,,Clear rooms view,Ясна гледка към стаите,
dlg_remove_imported_rooms_and_floors,,Remove imported rooms and floors,Премахнете импортираните стаи и подове,
dlg_room,,Room,стая,
dlg_split,,Split,Сплит,
dlg_center,,Center,Център,
dlg_doors,,Doors,Врати,
dlg_windows,,Windows,Windows,
dlg_motion,,Motion,Движение,
dlg_presence,,Presence,присъствие,
dlg_lights,,Lights,Светлини,
dlg_devices,,Devices,устройства,
dlg_smoke,,Smoke,дим,
dlg_gas,,Gas,газ,
dlg_fire,,Fire,огън,
dlg_full,,Full,Пълна,
dlg_half,,Half,Наполовина,
dlg_third,,Third,трето,
dlg_choose_vacuum_entity_instead,,Choose a vacuum entity instead,Вместо това изберете вакуумно образувание,
dlg_camera_live_page,,%1$d/%2$d · Live,%1$d/%2$d · На живо,app fills in %1$d %2$d — keep them
dlg_weather,,Weather,Времето,
dlg_weather_state_clear_night,,Clear night,Ясна нощ,
dlg_weather_state_cloudy,,Cloudy,Облачно,
dlg_weather_state_exceptional,,Exceptional,Изключителен,
dlg_weather_state_fog,,Fog,мъгла,
dlg_weather_state_hail,,Hail,градушка,
dlg_weather_state_lightning,,Lightning,Светкавица,
dlg_weather_state_lightning_rainy,,Thunderstorms,гръмотевични бури,
dlg_weather_state_partly_cloudy,,Partly cloudy,Частична облачност,
dlg_weather_state_pouring,,Pouring rain,Проливен дъжд,
dlg_weather_state_rainy,,Rainy,Дъждовно,
dlg_weather_state_snowy,,Snowy,Снежно,
dlg_weather_state_snowy_rainy,,Sleet,суграшица,
dlg_weather_state_sunny,,Sunny,Слънчево,
dlg_weather_state_windy,,Windy,ветровито,
dlg_weather_state_windy_variant,,Windy and cloudy,Ветровито и облачно,
dlg_selected_entities_summary,one,%1$d selected · %2$s,%1$d избрано · %2$s,app fills in %1$d %2$s — keep them
dlg_selected_entities_summary,other,%1$d selected · %2$s,%1$d избрано · %2$s,app fills in %1$d %2$s — keep them
dlg_action_data_value_summary,one,%1$s · %2$d data value,%1$s · %2$d стойност на данните,app fills in %1$s %2$d — keep them
dlg_action_data_value_summary,other,%1$s · %2$d data values,%1$s · %2$d стойности на данните,app fills in %1$s %2$d — keep them
dlg_seconds_short,one,%d sec,%d сек,app fills in %d — keep them
dlg_seconds_short,other,%d sec,%d сек,app fills in %d — keep them
dlg_arming_in_seconds,one,Arming in %d second,Активиране след %d секунда,app fills in %d — keep them
dlg_arming_in_seconds,other,Arming in %d seconds,Активиране след %d секунди,app fills in %d — keep them
energy_extra_sensors,,Energy sensors,Енергийни сензори,
energy_extra_settings,,Energy settings,Енергийни настройки,
energy_extra_previous_period,,Previous period,Предишен период,
energy_extra_next_period,,Next period,Следващ период,
energy_extra_empty_view_hint,,This energy view is empty. Swipe down on the header and open Energy settings to add entities manually.,"Този енергиен изглед е празен. Плъзнете надолу по заглавката и отворете Енергийни настройки, за да добавите обекти ръчно.",
energy_extra_electricity,,Electricity,Електричество,
energy_extra_solar,,Solar,Слънчева,
energy_extra_home,,Home,Начало,
energy_extra_battery,,Battery,Батерия,
energy_extra_gas,,Gas,газ,
energy_extra_city_heating,,City heating,Градско отопление,
energy_extra_water,,Water,вода,
energy_extra_energy,,Energy,енергия,
energy_extra_power,,Power,Мощност,
energy_extra_carbon,,Carbon,въглерод,
energy_extra_devices,,Devices,устройства,
energy_extra_device,,Device,устройство,
energy_extra_importing,,Importing,Импортиране,
energy_extra_exporting,,Exporting,Експортиране,
energy_extra_idle,,Idle,празен ход,
energy_extra_charging,,Charging,Зареждане,
energy_extra_discharging,,Discharging,Разтоварване,
energy_extra_producing,,Producing,Продуциране,
energy_extra_consuming,,Consuming,Консумиране,
energy_extra_grid_idle,,Grid idle,Мрежата не работи,
energy_extra_importing_power,,Importing power,Импортиране на мощност,
energy_extra_exporting_power,,Exporting power,Износ на мощност,
energy_extra_battery_supporting,,Battery supplying power,Батерия захранваща,
energy_extra_battery_charging,,Battery charging,Зареждане на батерията,
energy_extra_solar_producing,,Solar producing,Слънчево производство,
energy_extra_home_consuming,,Home consuming,Домашна консумация,
energy_extra_energy_idle,,Energy idle,Енергиен празен ход,
energy_extra_today_value,,%1$s today,%1$s днес,app fills in %1$s — keep them
energy_extra_used_period,,Used %1$s,Използвано %1$s,app fills in %1$s — keep them
energy_extra_produced_period,,Produced %1$s,Произведено %1$s,app fills in %1$s — keep them
energy_extra_fossil_percentage,,%1$s%% fossil,%1$s%% вкаменелости,app fills in %1$s — keep them
energy_extra_self_used_percentage,,Self-used · %1$d%%,Използва се самостоятелно · %1$d%%,app fills in %1$d — keep them
energy_extra_electricity_total,,Electricity total,Общо електричество,
energy_extra_top_consumers,,Top consumers,Топ потребители,
energy_extra_device_energy,,Device energy,Енергия на устройството,
energy_extra_individual_water_usage,,Individual water usage,Индивидуално потребление на вода,
energy_extra_production,,Production,производство,
energy_extra_forecast,,Forecast,Прогноза,
energy_extra_inverters,,Inverters,Инвертори,
energy_extra_now,,Now,Сега,
energy_extra_usage,,Usage,Използване,
energy_extra_total,,Total,Общо,
energy_extra_cost,,Cost,цена,
energy_extra_charge,,Charge,Зареждане,
energy_extra_grid_flow,,Grid flow,Решетъчен поток,
energy_extra_self_sufficient,,Self-sufficient,Самодостатъчен,
energy_extra_carbon_footprint,,Carbon footprint,Въглероден отпечатък,
energy_extra_self_used,,Self-used,Самостоятелна употреба,
energy_extra_last_seven_days,,Last 7 days,Последните 7 дни,
energy_extra_lifetime,,Lifetime,цял живот,
energy_extra_power_per_phase,,Power per phase,Мощност на фаза,
energy_extra_tariff_meter_readings,,Tariff meter readings,Показания на тарифния уред,
energy_extra_tariff_one,,Tariff 1,Тарифа 1,
energy_extra_tariff_two,,Tariff 2,Тарифа 2,
energy_extra_solar_production,,Solar production,Слънчево производство,
energy_extra_category_overview,,Overview,Преглед,
energy_extra_category_electricity_subtitle,,"Grid power, phases, import/export, tariffs, and cost","Мрежова мощност, фази, внос/износ, тарифи и цена",
energy_extra_category_solar_subtitle,,"Production, forecast, and inverter device","Производствено, прогнозно и инверторно устройство",
energy_extra_category_battery_subtitle,,Charge level and battery power,Ниво на заряд и мощност на батерията,
energy_extra_category_carbon_subtitle,,Grid carbon-footprint device,Решетъчно устройство за въглероден отпечатък,
energy_extra_category_usage_cost_subtitle,,Usage and cost,Използване и цена,
energy_extra_category_devices_subtitle,,"Power, energy, and individual water devices","Силови, енергийни и индивидуални водни устройства",
energy_extra_category_city_heating_subtitle,,"Heat energy, current output, and cost","Топлинна енергия, текуща мощност и цена",
energy_extra_card_live_source_tiles,,Live source tiles,Плочки с източник на живо,
energy_extra_card_electricity_totals_usage,,Electricity totals and usage,Общо количество и потребление на електроенергия,
energy_extra_card_home_battery,,Home battery,Домашна батерия,
energy_extra_card_gas_usage,,Gas usage,Използване на газ,
energy_extra_card_city_heating_usage,,City-heating usage,Използване на градско отопление,
energy_extra_card_water_usage,,Water usage,Използване на вода,
energy_extra_card_device_energy_bars,,Device energy bars,Енергийни блокчета на устройството,
energy_extra_select_energy_cards,,Select energy cards,Изберете енергийни карти,
energy_extra_role_grid_power,,Grid power (W),Мощност на мрежата (W),
energy_extra_role_home_power,,Home power (W),Домашна мощност (W),
energy_extra_role_solar_power,,Solar power (W),Слънчева мощност (W),
energy_extra_role_battery_power,,Battery power (W),Мощност на батерията (W),
energy_extra_role_battery_level,,Battery level (%),Ниво на батерията (%),
energy_extra_role_grid_import,,Grid import (kWh),Внос в мрежата (kWh),
energy_extra_role_grid_export,,Grid export (kWh),Износ на мрежата (kWh),
energy_extra_role_solar_production,,Solar production (kWh),Слънчева продукция (kWh),
energy_extra_role_phase_one_power,,Phase 1 power,Фаза 1 мощност,
energy_extra_role_phase_two_power,,Phase 2 power,Фаза 2 мощност,
energy_extra_role_phase_three_power,,Phase 3 power,Фаза 3 мощност,
energy_extra_role_import_meter_tariff_one,,Import meter tariff 1,Тарифа за внос на броячи 1,
energy_extra_role_import_meter_tariff_two,,Import meter tariff 2,Тарифа за внос на броячи 2,
energy_extra_role_export_meter_tariff_one,,Export meter tariff 1,Износна тарифа за брояч 1,
energy_extra_role_export_meter_tariff_two,,Export meter tariff 2,Износна тарифа за брояч 2,
energy_extra_role_energy_cost,,Energy cost,Енергийни разходи,
energy_extra_role_gas_total,,Gas total (m³),Общо газ (m³),
energy_extra_role_gas_flow_now,,Gas flow (now),Поток на газ (сега),
energy_extra_role_gas_cost,,Gas cost,Разходи за газ,
energy_extra_role_water_total,,Water total,Общо вода,
energy_extra_role_water_flow_now,,Water flow (now),Воден поток (сега),
energy_extra_role_water_cost,,Water cost,Разходи за вода,
energy_extra_role_individual_water_devices,,Individual water devices,Индивидуални водни устройства,
energy_extra_role_power_devices,,Power devices,Силови устройства,
energy_extra_role_energy_devices,,Energy devices,Енергийни устройства,
energy_extra_sensor_current_power_import,,"Current power (W, + = import)","Текуща мощност (W, + = внос)",
energy_extra_sensor_power_phase_one,,Power phase 1 (W),Мощност фаза 1 (W),
energy_extra_sensor_power_phase_two,,Power phase 2 (W),Мощност фаза 2 (W),
energy_extra_sensor_power_phase_three,,Power phase 3 (W),Мощност фаза 3 (W),
energy_extra_sensor_current_phase_one,,Current phase 1 (A),Текуща фаза 1 (A),
energy_extra_sensor_current_phase_two,,Current phase 2 (A),Текуща фаза 2 (A),
energy_extra_sensor_current_phase_three,,Current phase 3 (A),Текуща фаза 3 (A),
energy_extra_sensor_voltage_phase_one,,Voltage phase 1 (V),Напрежение фаза 1 (V),
energy_extra_sensor_voltage_phase_two,,Voltage phase 2 (V),Напрежение фаза 2 (V),
energy_extra_sensor_voltage_phase_three,,Voltage phase 3 (V),Напрежение фаза 3 (V),
energy_extra_sensor_home_consumption_power,,Home consumption power (W),Домашна консумация на енергия (W),
energy_extra_sensor_energy_import,,Energy import (kWh),Внос на енергия (kWh),
energy_extra_sensor_energy_import_tariff_one,,Energy import tariff 1 (kWh),Тарифа за внос на енергия 1 (kWh),
energy_extra_sensor_energy_import_tariff_two,,Energy import tariff 2 (kWh),Тарифа за внос на енергия 2 (kWh),
energy_extra_sensor_energy_export,,Energy export (kWh),Износ на енергия (kWh),
energy_extra_sensor_energy_export_tariff_one,,Energy export tariff 1 (kWh),Тарифа за износ на енергия 1 (kWh),
energy_extra_sensor_energy_export_tariff_two,,Energy export tariff 2 (kWh),Тарифа за износ на енергия 2 (kWh),
energy_extra_sensor_energy_cost_today,,Energy cost today,Цената на енергията днес,
energy_extra_sensor_current_power_production,,Current power production (W),Текущо производство на мощност (W),
energy_extra_sensor_energy_production_today,,Energy production today (kWh),Производство на енергия днес (kWh),
energy_extra_sensor_energy_production_seven_days,,Energy production over the last 7 days,Производство на енергия през последните 7 дни,
energy_extra_sensor_lifetime_energy_production,,Lifetime energy production,Производство на енергия през целия живот,
energy_extra_sensor_battery_power_charging,,"Battery power (W, + = charging)","Мощност на батерията (W, + = зареждане)",
energy_extra_sensor_gas_used_today,,Gas used today (m³),Използван газ днес (m³),
energy_extra_sensor_current_gas_flow,,"Current gas flow (m³/h, optional)","Текущ дебит на газ (m³/h, по избор)",
energy_extra_sensor_gas_cost_today,,Gas cost today,Цената на бензина днес,
energy_extra_sensor_city_heating_total,,Heat energy total (J/MJ/GJ/kWh),Обща топлинна енергия (J/MJ/GJ/kWh),
energy_extra_sensor_city_heating_current,,Current heat output (optional),Текуща топлинна мощност (по избор),
energy_extra_sensor_city_heating_cost,,City-heating cost,Разходи за градско отопление,
energy_extra_estimated_gas_equivalent,,Estimated gas equivalent,Очакван газов еквивалент,
energy_extra_estimated_gas_note,,Based on 35.17 MJ per m³ of natural gas,"Въз основа на 35,17 MJ на m³ природен газ",
energy_extra_sensor_water_used_today,,Water used today (L/m³),"Вода, използвана днес (L/m³)",
energy_extra_sensor_current_water_flow,,"Current water flow (L/min, optional)","Текущ воден поток (л/мин, по избор)",
energy_extra_sensor_water_cost_today,,Water cost today,Цената на водата днес,
energy_extra_picker_top_consumer_devices,,Top-consumer devices,Най-потребителски устройства,
energy_extra_picker_device_energy_counters,,Device energy counters,Броячи на енергия на устройството,
energy_extra_auto_power_sensors_help,,All sensors with device_class power are included automatically. Remove a device to create your own list.,"Всички сензори с мощност device_class се включват автоматично. Премахнете устройство, за да създадете свой собствен списък.",
energy_extra_auto_energy_sensors_help,,All sensors with device_class energy are included automatically. Their counter changes are used for the selected period.,Всички сензори с device_class енергия се включват автоматично. Техните промени в брояча се използват за избрания период.,
energy_extra_currency,,Currency,Валута,
energy_extra_currency_subtitle,,Which currency the cost stats are shown in,В коя валута се показват статистическите данни за разходите,
energy_extra_currency_search,,Search currencies,Търсене на валути,
energy_extra_currency_automatic,,Automatic,Автоматичен,
energy_extra_currency_automatic_subtitle,,"Follow your cost sensors, then your device region","Следвайте вашите сензори за разходи, след това региона на вашето устройство",
energy_extra_currency_automatic_value,,Automatic (%1$s),Автоматично (%1$s),app fills in %1$s — keep them
energy_extra_energy_card,,Energy card,Енергийна карта,
energy_extra_energy_card_subtitle,,Data sources and card appearance,Източници на данни и външен вид на картата,
energy_extra_card_and_data,,Card and data,Карта и данни,
energy_extra_energy_stack,,Energy stack,Енергиен стек,
energy_extra_energy_stack_subtitle,,"Cards, data sources, and layout","Карти, източници на данни и оформление",
energy_extra_cards_and_data,,Cards and data,Карти и данни,
events_tab,,Events,събития,
events_empty,,No events yet,Все още няма събития,
events_empty_hint,,Recent activity for the entities your family admin added to the timeline appears here.,"Скорошната активност за обектите, които вашият семеен администратор е добавил към хронологията, се показва тук.",
events_not_configured,,No events are being tracked,Не се проследяват събития,
events_not_configured_admin,,Choose which entities appear here in Settings › Family Sharing › Events.,Изберете кои обекти да се показват тук в Настройки › Семейно споделяне › Събития.,
events_not_configured_member,,Your family admin decides which entities appear here.,Вашият семеен администратор решава кои обекти да се показват тук.,
events_unavailable,,The event timeline needs HKI 7 Cloud %1$s.,Графикът на събитието се нуждае от HKI 7 Cloud %1$s.,app fills in %1$s — keep them; don't translate HKI 7 Cloud
events_set_up_button,,Choose entities,Изберете обекти,
events_no_matches,,No matching events,Няма съответстващи събития,
events_loading,,Loading events…,Събитията се зареждат...,
events_today,,Today,Днес,
events_yesterday,,Yesterday,Вчера,
events_by,,by %1$s,от %1$s,app fills in %1$s — keep them
events_filter_all,,All,Всички,
event_category_door,,Doors,Врати,
event_category_window,,Windows,Windows,
event_category_motion,,Motion,Движение,
event_category_moisture,,Water,вода,
event_category_safety,,Smoke & gas,Дим и газ,
event_category_problem,,Problems,проблеми,
event_category_battery,,Batteries,Батерии,
event_category_connectivity,,Connectivity,Свързаност,
event_category_light,,Lights,Светлини,
event_category_switch,,Switches,Превключватели,
event_category_lock,,Locks,Брави,
event_category_cover,,Covers,Корици,
event_category_climate,,Climate,Климат,
event_category_presence,,People,хора,
event_category_alarm,,Alarm,Аларма,
event_category_media,,Media,Медия,
event_category_vacuum,,Vacuum,Вакуум,
event_category_automation,,Automations,Автоматизация,
event_category_sensor,,Sensors,Сензори,
event_verb_opened,,was opened,беше отворен,
event_verb_closed,,was closed,беше затворен,
event_verb_opening,,is opening,се отваря,
event_verb_closing,,is closing,се затваря,
event_verb_locked,,was locked,беше заключено,
event_verb_unlocked,,was unlocked,беше отключен,
event_verb_motion_detected,,detected motion,засечено движение,
event_verb_motion_cleared,,stopped detecting motion,спря да открива движение,
event_verb_moisture_detected,,detected moisture,открита влага,
event_verb_moisture_cleared,,is dry again,отново е суха,
event_verb_alarm_detected,,raised an alarm,вдигна тревога,
event_verb_alarm_cleared,,cleared,изчистено,
event_verb_problem_detected,,reported a problem,съобщи за проблем,
event_verb_problem_cleared,,is back to normal,се връща към нормалното,
event_verb_battery_low,,reported a low battery,съобщи за слаба батерия,
event_verb_battery_normal,,has a healthy battery again,отново има здрава батерия,
event_verb_connected,,came online,дойде онлайн,
event_verb_disconnected,,went offline,излезе офлайн,
event_verb_turned_on,,was turned on,беше включено,
event_verb_turned_off,,was turned off,беше изключено,
event_verb_detected,,was triggered,беше задействана,
event_verb_cleared,,cleared,изчистено,
event_verb_arrived_home,,arrived home,пристигна у дома,
event_verb_left_home,,left home,напуснал дома си,
event_verb_arrived_at,,arrived at %1$s,пристигна в %1$s,app fills in %1$s — keep them
event_verb_disarmed,,was disarmed,беше обезоръжен,
event_verb_armed,,was armed,бил въоръжен,
event_verb_arming,,is arming,се въоръжава,
event_verb_pending,,is counting down,отброява,
event_verb_triggered,,was triggered,беше задействана,
event_verb_set_to,,was set to %1$s,беше зададено на %1$s,app fills in %1$s — keep them
event_verb_started_cleaning,,started cleaning,започна почистване,
event_verb_returning_to_dock,,is returning to its dock,се връща на дока си,
event_verb_docked,,docked,закачен,
event_verb_started_playing,,started playing,започна да играе,
event_verb_paused,,was paused,беше на пауза,
event_verb_stopped,,stopped,спря,
event_verb_generic,,changed to %1$s,променен на %1$s,app fills in %1$s — keep them
ui_1_advanced_shorthand_block_kept_unchanged_d4dcbd7,,1 advanced shorthand block (kept unchanged),1 усъвършенстван стенографски блок (запазен непроменен),
ui_1f_kwh_self_used_b4798a5,, · %%.1f kWh self-used (%1$s%%%%),· %%.1f kWh самостоятелно използване (%1$s%%%%),app fills in %1$s — keep them; keep the space at the start/end
ui_1f_of_1f_kwh_d_00c25f6,,%.1f of %.1f kWh · %d%%,%.1f от %.1f kWh · %d%%,app fills in %.1f %d — keep them
ui_24_hour_format_b195a8f,,24-Hour Format,24-часов формат,
ui_a_fast_auto_generating_dashboard_for_home_assistant_let_0fad4a9,,"A fast, auto-generating dashboard for Home Assistant\nLet's connect to your server.","Бързо, автоматично генериращо табло за Home Assistant\nНека се свържем с вашия сървър.",don't translate Home Assistant; \n = line break
ui_a_modern_touch_first_android_dashboard_and_companion_for_814cbdb,,"A modern, touch-first Android dashboard and companion for Home Assistant.","Модерно, първо сензорно табло за Android и придружител за Home Assistant.",don't translate Home Assistant
ui_about_6b21fb7,,About,За,
ui_accidental_touch_protection_e2683f4,,Accidental-touch protection,Защита срещу случайно докосване,
ui_account_85dfa32,,Account,акаунт,
ui_action_49924bc,,%1$s action,%1$s действие,app fills in %1$s — keep them
ui_action_97c89a4,,Action,Действие,
ui_action_data_e5a7704,,Action data,Данни за действие,
ui_action_data_object_8850c05,,Action data object,Обект с данни за действие,
ui_action_details_d623b1c,,Action details,Подробности за действието,
ui_active_0af2854,,%1$s · %2$s active,%1$s · %2$s активен,app fills in %1$s %2$s — keep them
ui_active_25ff32f,,%1$s/%2$s active,%1$s/%2$s активен,app fills in %1$s %2$s — keep them
ui_active_a733b80,,Active,Активен,
ui_active_c7260b5,,%1$s%% • ACTIVE,%1$s%% • АКТИВЕН,app fills in %1$s — keep them
ui_active_connection_54db7a1,,Active connection,Активна връзка,
ui_activity_81c0d91,,Activity,активност,
ui_activity_indication_and_collapsing_0764a94,,Activity indication and collapsing,Индикация за активност и свиване,
ui_adapt_now_c30eb08,,Adapt now,Адаптирайте се сега,
ui_adaptive_lighting_7587880,,Adaptive lighting,Адаптивно осветление,
ui_adaptive_lighting_e2cffbd,,Adaptive Lighting,Адаптивно осветление,
ui_adaptive_lighting_is_unavailable_6b9ada3,,Adaptive Lighting is unavailable,Адаптивното осветление не е налично,
ui_add_016df71,,Add (%1$s),Добавяне (%1$s),app fills in %1$s — keep them
ui_add_4_10_entity_buttons_to_this_dialog_s_cdedf23,,Add 4–10 entity buttons to this dialog's nav bar.,Добавете 4–10 бутона за обект към навигационната лента на този диалогов прозорец.,
ui_add_61cc55a,,Add,Добавете,
ui_add_and_edit_each_chart_in_this_stack_0c0cb11,,Add and edit each chart in this stack,Добавете и редактирайте всяка диаграма в този стек,
ui_add_at_least_one_step_3620909,,Add at least one step,Добавете поне една стъпка,
ui_add_button_3d7db43,,Add button,Бутон за добавяне,
ui_add_camera_cf03528,,Add Camera,Добавяне на камера,
ui_add_carrier_device_7945283,,Add carrier device,Добавяне на носещо устройство,
ui_add_current_network_64cabf3,,"Add current network ""%1$s""","Добавяне на текуща мрежа ""%1$s""",app fills in %1$s — keep them
ui_add_custom_buttons_83a0768,,Add Custom Buttons,Добавете персонализирани бутони,
ui_add_custom_camera_url_aab29ef,,Add Custom Camera URL,Добавете персонализиран URL адрес на камера,
ui_add_entities_333152e,,Add entities,Добавете обекти,
ui_add_entity_f99dc1d,,Add entity,Добавете обект,
ui_add_every_integration_account_that_should_contribute_parce_ce58afb,,Add every integration account that should contribute parcels,"Добавете всеки интеграционен акаунт, който трябва да допринесе за пакети",
ui_add_floor_63c715d,,Add Floor,Добавяне на етаж,
ui_add_graph_079e4ca,,Add graph,Добавете графика,
ui_add_home_assistant_a6ccea8,,Add Home Assistant,Добавете Home Assistant,don't translate Home Assistant
ui_add_home_assistant_instance_625838a,,Add Home Assistant instance,Добавете екземпляр Home Assistant,don't translate Home Assistant
ui_add_individual_water_meters_to_compare_their_usage_daec0de,,Add individual water meters to compare their usage.,"Добавете индивидуални водомери, за да сравните използването им.",
ui_add_instance_step_df337b3,,add_instance_step,add_instance_step,
ui_add_more_for_a_full_row_ed977e3,,Add %1$s more for a full row.,Добавете още %1$s за цял ред.,app fills in %1$s — keep them
ui_add_one_focused_card_c2f2ed8,,Add one focused card,Добавете една фокусирана карта,
ui_add_or_edit_entities_b59919b,,Add or edit entities,Добавяне или редактиране на обекти,
ui_add_parcel_82c0bf8,,Add parcel,Добавяне на парцел,
ui_add_parcel_bde8afb,,Add Parcel,Добавете парцел,
ui_add_room_5a95991,,Add Room,Добавете стая,
ui_add_sensors_d6df16f,,Add sensors,Добавете сензори,
ui_add_to_cd52e85,,Add to %1$s,Добавяне към %1$s,app fills in %1$s — keep them
ui_add_widget_a9df350,,Add Widget,Добавете Widget,
ui_add_widget_dd4416e,,Add widget,Добавете джаджа,
ui_adding_ffb2e62,,Adding…,Добавяне...,
ui_admin_b38222e,,%1$s (admin),%1$s (администратор),app fills in %1$s — keep them
ui_administrative_controls_for_your_home_assistant_server_e56ebd9,,Administrative controls for your Home Assistant server,Административни контроли за вашия Home Assistant сървър,don't translate Home Assistant
ui_advanced_4d06472,,Advanced,Разширено,
ui_advanced_action_data_json_622e363,,Advanced action data (JSON),Разширени данни за действие (JSON),
ui_advanced_shorthand_blocks_kept_unchanged_aa253ae,,%1$s advanced shorthand blocks (kept unchanged),%1$s разширени стенографски блокове (запазени непроменени),app fills in %1$s — keep them
ui_aesthetic_changes_only_f31f444,,Aesthetic changes only,Само естетически промени,
ui_aggregate_carriers_eae26c7,,Aggregate carriers,Агрегатни носители,
ui_agree_ee68d34,,Agree,Съгласен,
ui_air_circulating_273e82b,,Air circulating,Въздухът циркулира,
ui_air_circulation_devices_a14e95d,,Air circulation devices,Устройства за циркулация на въздуха,
ui_air_cleaning_devices_4364277,,Air cleaning devices,Уреди за почистване на въздуха,
ui_air_purifiers_476147b,,Air purifiers,Пречистватели на въздуха,
ui_air_purifiers_are_fan_entities_in_home_assistant_so_3fa4fdb,,"Air purifiers are fan entities in Home Assistant, so they can't be auto-detected. Select yours here.","Пречиствателите на въздуха са вентилаторни обекти в Home Assistant, така че не могат да бъдат автоматично открити. Изберете своя тук.",don't translate Home Assistant
ui_airphase_1f2d2b6,,airPhase,airPhase,
ui_alarm_25f8c55,,Alarm,Аларма,
ui_alarm_entities_b462ba5,,Alarm entities,Алармени обекти,
ui_alarm_pending_e2c04aa,,Alarm pending,Предстояща аларма,
ui_alarm_triggered_641ff6f,,Alarm triggered,Задействана аларма,
ui_alarm_unavailable_867909b,,Alarm unavailable,Алармата е недостъпна,
ui_alignment_7f8c517,,Alignment,Подравняване,
ui_all_6a72085,,All,Всички,
ui_all_batteries_ok_9676f73,,All batteries OK,Всички батерии са ОК,
ui_all_calendar_entities_bffb01d,,All calendar entities,Всички календарни обекти,
ui_all_levels_6b4fde3,,All levels,Всички нива,
ui_all_off_97b7833,,All off,Всички изключени,
ui_all_thermostats_59c8297,,All thermostats,Всички термостати,
ui_all_types_30c8a0f,,All types,Всички видове,
ui_allow_all_the_time_d91ab85,,Allow All The Time,Позволете през цялото време,
ui_allow_editing_24f2b54,,Allow editing,Разрешете редактиране,
ui_allow_theme_colors_icons_names_and_wallpaper_but_not_efc8a97,,"Allow theme, colors, icons, names and wallpaper — but not adding or removing widgets, buttons or rooms","Разрешаване на тема, цветове, икони, имена и тапети — но без добавяне или премахване на джаджи, бутони или стаи",
ui_always_a91bcce,,Always,Винаги,
ui_an_admin_can_share_one_dashboard_with_the_whole_5a5434d,,"An admin can share one dashboard with the whole family so everyone gets the same layout. To use it, an admin needs to install the HKI 7 Cloud component and share a dashboard first.","Администраторът може да сподели едно табло за управление с цялото семейство, така че всеки да получи еднакво оформление. За да го използва, администраторът трябва първо да инсталира компонента HKI 7 Cloud и да сподели табло за управление.",don't translate HKI 7 Cloud
ui_an_admin_needs_to_install_the_hki_7_cloud_0e9241b,,An admin needs to install the HKI 7 Cloud component and share a dashboard first.,Администраторът трябва първо да инсталира компонента HKI 7 Cloud и да сподели табло за управление.,don't translate HKI 7 Cloud
ui_android_location_permission_2ff3839,,Android Location Permission,Разрешение за местоположение на Android,
ui_animated_icons_aa39cfe,,Animated icons,Анимирани икони,
ui_animation_62afd21,,Animation,Анимация,
ui_announced_letter_3a7ac05,,Announced letter,Обявено писмо,
ui_any_state_c7274cb,,Any state,Всяка държава,
ui_appearance_41def7a,,Appearance,Външен вид,
ui_applies_to_all_dashboard_buttons_widgets_stacks_rooms_and_9715deb,,"Applies to all dashboard buttons, widgets, stacks, rooms, and cards.","Прилага се за всички бутони на таблото, уиджети, стекове, стаи и карти.",
ui_apply_cfea419,,Apply,Кандидатствайте,
ui_archived_eddc813,,Archived,Архивирано,
ui_are_you_sure_you_want_to_clear_battery_config_3e19f24,,Are you sure you want to clear battery config?,"Сигурни ли сте, че искате да изчистите конфигурацията на батерията?",
ui_armed_32caa31,,Armed,въоръжен,
ui_armed_away_6834abf,,Armed away,Въоръжен,
ui_armed_home_c8d0b44,,Armed home,Въоръжен дом,
ui_armed_night_80659bd,,Armed night,Въоръжена нощ,
ui_arming_in_seconds_b9e07a8,,Arming in %1$s seconds,Включване след %1$s секунди,app fills in %1$s — keep them
ui_aspect_ratio_4e077cf,,Aspect ratio,Съотношение на страните,
ui_aspect_ratio_used_by_every_stream_275bb52,,Aspect ratio used by every stream,"Съотношение на страните, използвано от всеки поток",
ui_astronomical_tap_or_swipe_683fe28,,Astronomical · tap or swipe,Астрономически · докоснете или плъзнете,
ui_at_target_6a8dbb5,,At target,В целта,
ui_auto_c614ba7,,Auto,Авто,
ui_auto_dashboard_c7a509a,,Auto dashboard,Автоматично табло,
ui_auto_discovered_e0643da,,Auto-discovered,Автоматично открит,
ui_auto_generate_0f86c24,,Auto Generate,Автоматично генериране,
ui_auto_generate_1502534,,Auto generate,Автоматично генериране,
ui_auto_generation_is_a_one_time_starting_point_the_6b317fe,,"Auto generation is a one-time starting point. The Home page starts empty in either mode, and you can re-import Home Assistant data later from individual views.",Автоматичното генериране е еднократна начална точка. Началната страница започва празна и в двата режима и можете да импортирате повторно Home Assistant данни по-късно от отделни изгледи.,don't translate Home Assistant
ui_auto_manual_342b68e,,Auto + %1$s manual,Автоматично + %1$s ръчно,app fills in %1$s — keep them
ui_auto_none_f606e9b,,Auto / none,Автоматично / няма,
ui_auto_scan_150eb4b,,Auto-scan,Автоматично сканиране,
ui_auto_unavailable_33737ba,,Auto / unavailable,Автоматично / недостъпно,
ui_automatic_cloud_backup_494d882,,Automatic cloud backup,Автоматично архивиране в облак,
ui_automatic_configuration_only_battery_class_percentage_sens_ce9ab03,,Automatic configuration: only battery-class percentage sensors are included.,Автоматична конфигурация: включени са само сензори за процент на батерията.,
ui_automatic_local_cloud_backup_7aef407,,Automatic local cloud backup,Автоматично архивиране в локален облак,
ui_automatic_paging_and_transition_style_792709a,,Automatic paging and transition style,Автоматично страниране и стил на преход,
ui_automatically_backs_up_your_dashboard_and_appearance_setti_cd89812,,"Automatically backs up your dashboard and appearance settings to your own Home Assistant every day, so you can restore them any time. Requires the HKI 7 Cloud custom component (install it via HACS).","Автоматично архивира вашите настройки за табло и външен вид във вашия собствен Home Assistant всеки ден, така че можете да ги възстановите по всяко време. Изисква персонализирания компонент HKI 7 Cloud (инсталирайте го чрез HACS).","don't translate HKI 7 Cloud, Home Assistant"
ui_automation_a15fde5,,Automation,Автоматизация,
ui_automations_even_when_the_app_is_closed_or_not_d27e5b1,,"automations, even when the app is closed or not in use.\n\n","автоматизации, дори когато приложението е затворено или не се използва.",\n = line break
ui_autoplay_95619b5,,Autoplay,Автоматично пускане,
ui_average_93a8018,,average,средно,
ui_azimuth_d2fbdb3,,Azimuth,Азимут,
ui_back_b52b36b,,Back,Назад,
ui_back_up_now_527bf1a,,Back up now,Архивирайте сега,
ui_background_image_url_or_path_dfc4908,,Background image (URL or path),Фоново изображение (URL или път),
ui_background_location_5f56f21,,Background location,Фоново местоположение,
ui_background_notifications_563a463,,Background notifications,Известия на заден план,
ui_background_usage_fd8ed73,,Background Usage,Използване на заден план,
ui_backing_up_f600558,,Backing up…,Създава се резервно копие...,
ui_backspace_88d130a,,Backspace,Backspace,
ui_backup_and_restore_a593246,,Backup and Restore,Архивиране и възстановяване,
ui_backup_dd96994,,Backup,Архивиране,
ui_backups_contain_dashboard_and_appearance_configuration_onl_d5856be,,"Backups contain dashboard and appearance configuration only. Connection details, app permissions, location state, and notification history are not included.","Резервните копия съдържат само табло за управление и конфигурация на външния вид. Подробности за връзката, разрешения за приложения, състояние на местоположението и хронология на известията не са включени.",
ui_badge_bar_layout_4b4dfdd,,Badge bar layout,Оформление на лентата за значки,
ui_bars_ad5fb3b,,Bars,Барове,
ui_batt_679d0aa,,Batt,Бат,
ui_batteries_0970f9d,,Batteries,Батерии,
ui_battery_4a9be04,,Battery,Батерия,
ui_battery_74dff99,,Battery: %1$s,Батерия: %1$s,app fills in %1$s — keep them
ui_battery_attention_0feaa08,,battery-attention,батерия-внимание,
ui_battery_battery_notes_only_14e5936,,Battery+ / Battery Notes only,Батерия+ / Само бележки за батерията,
ui_battery_energy_25638f8,,battery-energy,батерия-енергия,
ui_battery_entities_visible_9299588,,%1$s battery entities visible,%1$s видими елементи на батерията,app fills in %1$s — keep them
ui_battery_fill_8b6793e,,battery-fill,зареждане на батерията,
ui_battery_health_12c0ce4,,BATTERY HEALTH,ЗДРАВЕ НА БАТЕРИЯТА,
ui_battery_health_8cc8e64,,BATTERY+ HEALTH,БАТЕРИЯ+ ЗДРАВЕ,
ui_battery_level_is_healthy_1de4c4f,,Battery level is healthy,Нивото на батерията е здраво,
ui_battery_levels_7c61b65,,Battery Levels,Нива на батерията,
ui_battery_optimization_7676ca5,,Battery Optimization,Оптимизация на батерията,
ui_battery_orbit_9aa5d8c,,battery-orbit,батерия-орбита,
ui_battery_rules_be75b3c,,Battery rules,Правила за батерията,
ui_battery_sensor_optional_0e261e6,,Battery sensor (optional),Сензор за батерия (по избор),
ui_behavior_70cb647,,Behavior,Поведение,
ui_birthday_yyyy_mm_dd_d1a9b03,,Birthday (YYYY-MM-DD),Рожден ден (ГГГГ-ММ-ДД),
ui_bold_100_1b94255,,Bold (+100),Получер (+100),
ui_bolder_200_9cc5d65,,Bolder (+200),По-смел (+200),
ui_boldest_300_c5a490d,,Boldest (+300),Най-смел (+300),
ui_boldness_10b6938,,Boldness · %1$s,Смелост · %1$s,app fills in %1$s — keep them
ui_brand_and_third_party_work_8d6d517,,Brand and third-party work,Марка и работа на трети страни,
ui_brightness_222d6d5,,%1$s brightness,%1$s яркост,app fills in %1$s — keep them
ui_brightness_8e06ad0,,BRIGHTNESS,ЯРКОСТ,
ui_brightness_slider_a427c80,,Brightness slider,Плъзгач за яркост,
ui_build_the_interface_entirely_your_way_e94582f,,Build the interface entirely your way.,Изградете интерфейса изцяло по ваш начин.,
ui_building_your_dashboard_2943961,,Building your dashboard,Изграждане на вашето табло за управление,
ui_built_in_20f409c,,Built-in,Вградена,
ui_button_794145f,,Button,Бутон,
ui_button_image_2483e32,,Button image,Изображение на бутон,
ui_button_lock_28d87b1,,Button lock,Заключване на бутоните,
ui_button_stack_ee9e7f8,,Button Stack,Купчина бутони,
ui_button_type_890a578,,Button type,Тип бутон,
ui_buttons_available_from_this_person_s_detail_dialog_ab3f9f9,,Buttons available from this person's detail dialog,"Бутони, достъпни от диалоговия прозорец с подробности за този човек",
ui_calendar_content_1f185c8,,Calendar content,Съдържание на календара,
ui_calendars_9444501,,Calendars,Календари,
ui_camera_4da9c9a,,Camera,Камера,
ui_camera_aspect_ratio_928bf09,,Camera aspect ratio,Съотношение на страните на камерата,
ui_camera_display_20a9c82,,Camera display,Дисплей на камерата,
ui_camera_feed_cc1f19e,,Camera Feed,Камера Камера,
ui_camera_page_6b1987b,,camera_page,камера_страница,
ui_camera_stack_645ea0f,,Camera Stack,Стек на камерата,
ui_camera_url_0eebe87,,Camera URL,URL адрес на камерата,
ui_cameras_d3daff3,,Cameras,Фотоапарати,
ui_camerascan_00bd2cb,,cameraScan,cameraScan,
ui_can_t_reach_the_server_73079bd,,Can't reach the server,Не може да се достигне до сървъра,
ui_cancel_77dfd21,,Cancel,Отказ,
ui_cancel_arming_5d383c8,,Cancel arming,Отменете активирането,
ui_card_4d4ce73,,Card,карта,
ui_card_data_4a42176,,Card & data,Карта и данни,
ui_card_entities_e548a55,,Card & entities,Карти и обекти,
ui_card_layout_f83b655,,Card layout,Оформление на картата,
ui_card_settings_1a3b62a,,Card settings,Настройки на картата,
ui_card_shape_and_width_0d513f7,,Card shape and width,Форма и ширина на картата,
ui_card_shape_width_and_background_e4aff1c,,"Card shape, width, and background","Форма, ширина и фон на картата",
ui_card_size_shape_and_background_df75707,,"Card size, shape, and background","Размер, форма и фон на картата",
ui_card_width_icon_and_styling_de70fd8,,"Card width, icon, and styling","Ширина, икона и стил на картата",
ui_card_width_shape_icon_and_background_c3695b5,,"Card width, shape, icon, and background","Ширина, форма, икона и фон на картата",
ui_cards_0f830bc,,Cards,Карти,
ui_cards_data_a33e044,,Cards & data,Карти и данни,
ui_cards_entities_be4393a,,Cards & entities,Карти и обекти,
ui_carrier_accounts_20ad36c,,Carrier accounts,Сметки на оператора,
ui_carrier_devices_9927ae1,,Carrier devices,Носещи устройства,
ui_carrier_display_name_optional_5ca06fc,,Carrier display name (optional),Екранно име на оператора (по избор),
ui_center_adapt_now_and_pause_buttons_81074b2,,Center Adapt now and Pause buttons,Центрирайте бутоните Адаптиране сега и Пауза,
ui_change_64fbd99,,Change,промяна,
ui_change_avatar_image_217fbce,,Change avatar image,Промяна на изображението на аватара,
ui_changing_mode_3da68b4,,Changing mode,Смяна на режима,
ui_charge_flow_ceb6c62,,Charge & flow,Зареждане и поток,
ui_chart_66c7734,,Chart,Диаграма,
ui_checking_for_shared_dashboards_5f2f823,,Checking for shared dashboards…,Проверява се за споделени табла за управление...,
ui_checking_for_the_hki_7_cloud_component_c76112a,,Checking for the HKI 7 Cloud component…,Проверява се за компонента HKI 7 Cloud...,don't translate HKI 7 Cloud
ui_choose_78b7c9f,,Choose,Изберете,
ui_choose_a_different_server_47e6ce6,,Choose a different server,Изберете друг сървър,
ui_choose_a_side_when_the_badge_bar_is_split_6e3c73d,,Choose a side when the badge bar is split,"Изберете страна, когато лентата за значки е разделена",
ui_choose_a_state_7ab7191,,Choose a state,Изберете състояние,
ui_choose_a_visual_home_assistant_block_e7c8652,,Choose a visual Home Assistant block,Изберете визуален блок Home Assistant,don't translate Home Assistant
ui_choose_action_cf9c80e,,Choose action,Изберете действие,
ui_choose_an_action_e82323b,,Choose an action,Изберете действие,
ui_choose_an_entity_00fd1cc,,Choose an entity,Изберете обект,
ui_choose_an_entity_first_d59e681,,Choose an entity first,Първо изберете обект,
ui_choose_an_expanded_or_compact_dashboard_header_815902d,,Choose an expanded or compact dashboard header,Изберете разширена или компактна заглавка на таблото,
ui_choose_avatar_image_bcd5b00,,Choose avatar image,Изберете изображение на аватар,
ui_choose_between_the_full_header_and_a_compact_navigation_90ec55e,,Choose between the full header and a compact navigation bar,Изберете между пълна заглавка и компактна лента за навигация,
ui_choose_entity_31b0424,,Choose entity,Изберете обект,
ui_choose_how_this_phone_or_tablet_appears_in_home_419da67,,Choose how this phone or tablet appears in Home Assistant,Изберете как този телефон или таблет да се показва в Home Assistant,don't translate Home Assistant
ui_choose_icon_b0047ce,,Choose icon,Изберете икона,
ui_choose_included_cards_and_shared_entity_overrides_a507343,,Choose included cards and shared entity overrides,Изберете включени карти и замени на споделени обекти,
ui_choose_included_views_and_shared_entity_overrides_41f2e64,,Choose included views and shared entity overrides,Изберете включени изгледи и замени на споделени обекти,
ui_choose_one_or_more_carrier_devices_in_widget_settings_100a4ca,,Choose one or more carrier devices in widget settings.,Изберете едно или повече устройства-носители в настройките на джаджи.,
ui_choose_person_entity_977db64,,Choose person entity,Изберете субект лице,
ui_choose_the_climate_view_and_optional_entity_overrides_a69cbbc,,Choose the climate view and optional entity overrides,Изберете изгледа на климата и незадължителни замени на обекти,
ui_choose_the_energy_view_and_override_its_entities_if_523c3be,,Choose the energy view and override its entities if needed,"Изберете енергийния изглед и заменете неговите обекти, ако е необходимо",
ui_choose_the_entity_and_card_content_8bde89a,,Choose the entity and card content,Изберете обекта и съдържанието на картата,
ui_choose_the_home_assistant_entities_that_drive_this_room_53a4061,,Choose the Home Assistant entities that drive this room's live indicators. Indicators only appear while they are active.,"Изберете Home Assistant обектите, които управляват индикаторите на живо в тази стая. Индикаторите се появяват само докато са активни.",don't translate Home Assistant
ui_choose_the_home_assistant_shown_in_hki_7_b29bc26,,Choose the Home Assistant shown in HKI 7,"Изберете Home Assistant, показан в HKI 7","don't translate Home Assistant, HKI 7"
ui_choose_the_player_and_dashboard_label_7fa88ba,,Choose the player and dashboard label,Изберете етикета на плейъра и таблото за управление,
ui_choose_the_profile_for_this_light_d8c7bae,,Choose the profile for this light,Изберете профила за тази светлина,
ui_choose_the_sensors_plotted_together_3bc1663,,Choose the sensors plotted together,"Изберете сензорите, начертани заедно",
ui_choose_the_source_and_when_a_battery_is_considered_0b993df,,Choose the source and when a battery is considered low,Изберете източника и кога батерията се счита за изтощена,
ui_choose_what_tap_double_tap_and_hold_should_do_0bbe9c8,,"Choose what tap, double tap, and hold should do","Изберете какво да прави докосването, двойното докосване и задържането",
ui_choose_what_this_action_should_control_7ebe4ab,,Choose what this action should control,Изберете какво да контролира това действие,
ui_choose_what_this_badge_summarizes_a7af7e6,,Choose what this badge summarizes,Изберете какво обобщава тази значка,
ui_choose_what_this_header_pill_shows_0bbdbc2,,Choose what this header pill shows,Изберете какво показва това заглавно хапче,
ui_choose_where_to_restore_the_dashboard_configuration_from_bb40b34,,Choose where to restore the dashboard configuration from.,Изберете откъде да възстановите конфигурацията на таблото за управление.,
ui_choose_whether_this_person_appears_in_the_home_header_49f0ec2,,Choose whether this person appears in the Home header,Изберете дали този човек да се показва в началния колонтитул,
ui_choose_which_profiles_this_widget_can_control_2cd9b2b,,Choose which profiles this widget can control,Изберете кои профили може да контролира тази джаджа,
ui_choose_who_can_see_this_dashboard_they_can_import_2f5e49d,,Choose who can see this dashboard. They can import it into their own app.,Изберете кой може да вижда това табло за управление. Те могат да го импортират в собственото си приложение.,
ui_choose_your_dashboard_1ec85e9,,Choose your dashboard,Изберете вашето табло за управление,
ui_clean_rooms_4dc67ab,,Clean rooms,Чисти стаи,
ui_clean_selected_43d8dd5,,Clean selected,Почистете избраното,
ui_clear_719ea39,,Clear,ясно,
ui_clear_battery_config_d8854f7,,Clear battery config?,Изчистване на конфигурацията на батерията?,
ui_clear_battery_view_1952347,,Clear battery view?,Изчистване на изгледа на батерията?,
ui_clear_battery_view_5ef09bf,,Clear Battery View,Изчистване на изгледа на батерията,
ui_clear_climate_view_48e8a5e,,Clear Climate View,Изчистен климатичен изглед,
ui_clear_climate_view_9a1339c,,Clear climate view?,Ясен климатичен изглед?,
ui_clear_config_51f6330,,Clear config,Изчистване на конфигурацията,
ui_clear_energy_view_401c166,,Clear Energy View,Ясен енергиен изглед,
ui_clear_energy_view_d577bb7,,Clear energy view?,Ясен енергиен изглед?,
ui_clear_filters_4122267,,Clear filters,Изчистване на филтрите,
ui_clear_rooms_view_87a43ca,,Clear Rooms View,Clear Rooms View,
ui_clear_rooms_view_f1d0d72,,Clear rooms view?,Ясен изглед на стаите?,
ui_clear_search_67300d0,,Clear search,Изчистете търсенето,
ui_clear_security_view_219e25b,,Clear Security View,Изчистване на изгледа за защита,
ui_clear_security_view_48790f7,,Clear security view?,Изчистване на изгледа за защита?,
ui_clear_selection_247fd63,,Clear selection,Изчистване на селекцията,
ui_climate_4857860,,Climate,Климат,
ui_climate_cards_f4996fd,,Climate Cards,Климатични карти,
ui_climate_devices_are_found_automatically_add_extra_entities_5ebd8b7,,Climate devices are found automatically; add extra entities here if any are missing.,"Климатичните устройства се намират автоматично; добавете допълнителни обекти тук, ако липсват такива.",
ui_climate_dialog_control_add9f2b,,Climate dialog control,Диалогов контрол на климата,
ui_climate_sources_take_priority_and_use_their_current_temper_5dbcde3,,Climate sources take priority and use their current_temperature and current_humidity values. ,Климатичните източници имат приоритет и използват своите стойности за текуща_температура и текуща_влажност.,keep the space at the start/end
ui_climate_stack_cards_dcff178,,Climate Stack Cards,Климатични стекови карти,
ui_climate_summary_4686577,,Climate summary,Обобщение на климата,
ui_climatedooropen_026f1c8,,climateDoorOpen,климат DoorOpen,
ui_climatehouse_9c0637a,,climateHouse,климатична къща,
ui_climatewindowopen_9b0794a,,climateWindowOpen,климатичен прозорецОтворен,
ui_close_bbfa773,,Close,затвори,
ui_cloud_backup_is_off_71dfae1,,Cloud backup is off,Архивирането в облак е изключено,
ui_collapsed_by_default_65a57c6,,Collapsed by default,Свито по подразбиране,
ui_collapsible_c932fac,,Collapsible,Сгъваема,
ui_collection_30c54a9,,Collection,Колекция,
ui_color_1d0c830,,Color,Цвят,
ui_color_typography_and_component_shape_b82e582,,"Color, typography, and component shape","Цвят, типография и форма на компонента",
ui_colors_and_light_dark_mode_37de9d5,,Colors and light/dark mode,Цветове и светъл/тъмен режим,
ui_columns_cf723c5,,Columns,Колони,
ui_combine_multiple_accounts_from_the_same_carrier_into_one_0006a49,,Combine multiple accounts from the same carrier into one tab and parcel list.,Комбинирайте няколко акаунта от един и същи оператор в един раздел и списък с колети.,
ui_comfortpulse_100b63b,,comfortPulse,комфортПулс,
ui_community_source_716abd9,,Community source,Източник на общността,
ui_compact_1df39aa,,Compact,Компактен,
ui_compact_header_50275e8,,Compact header,Компактен хедър,
ui_compact_mode_hides_the_left_header_pill_persons_subtitle_da84968,,"Compact mode hides the left header pill, persons, subtitle/status information, and room counters. Swipe down on the compact bar to open Search, Flows, Edit, and Settings.","Компактният режим скрива лявото заглавие, лица, информация за субтитри/статус и броячи на стаи. Плъзнете надолу по компактната лента, за да отворите Търсене, Потоци, Редактиране и Настройки.",
ui_compact_tile_height_78b57a3,,Compact tile height,Компактна височина на плочката,
ui_configured_light_65a3aad,,%1$s configured light%2$s,%1$s конфигурирана светлина%2$s,app fills in %1$s %2$s — keep them
ui_confirm_04a2122,,Confirm,Потвърдете,
ui_connect_b65463c,,Connect,Свържете се,
ui_connected_through_home_assistant_cloud_47a54c0,,Connected through Home Assistant Cloud,Свързан чрез Home Assistant Cloud,don't translate Home Assistant
ui_connected_through_your_external_home_assistant_address_966b0e6,,Connected through your external Home Assistant address,Свързан чрез вашия външен Home Assistant адрес,don't translate Home Assistant
ui_connected_through_your_home_network_cdf4e0f,,Connected through your home network,Свързан чрез вашата домашна мрежа,
ui_connecting_fd3e796,,Connecting…,Свързване...,
ui_connection_6512ee1,,Connection,Връзка,
ui_connection_switched_to_8f04753,,Connection switched to %1$s,Връзката е превключена към %1$s,app fills in %1$s — keep them
ui_contacting_your_home_assistant_server_e0a53d1,,Contacting your Home Assistant server…,Свързване с вашия Home Assistant сървър...,don't translate Home Assistant
ui_content_4f9be05,,Content,Съдържание,
ui_continue_2e02623,,Continue,Продължи,
ui_continuous_gps_for_live_tracking_uses_much_more_battery_fdcd80d,,Continuous GPS for live tracking — uses much more battery. Leave off for official-app-like behavior.,"Непрекъснат GPS за проследяване на живо — използва много повече батерия. Изключете за поведение, подобно на официално приложение.",
ui_control_ea1d3df,,Control,контрол,
ui_control_how_accounts_become_tabs_and_lists_f100249,,Control how accounts become tabs and lists,Контролирайте как акаунтите се превръщат в раздели и списъци,
ui_control_layout_4c3b047,,Control layout,Контролно оформление,
ui_controls_and_history_sensors_used_by_the_dialog_f71675d,,Controls and history sensors used by the dialog,"Контроли и сензори за история, използвани от диалоговия прозорец",
ui_controls_light_in_this_profile_cd11089,,Controls %1$s light%2$s in this profile.,Контролира %1$s light%2$s в този профил.,app fills in %1$s %2$s — keep them
ui_cooling_5569ac4,,Cooling,Охлаждане,
ui_copy_af74f7c,,Copy,копие,
ui_copy_dashboard_2ea354e,,Copy dashboard,Копиране на таблото за управление,
ui_copyright_2026_jimz011_b8f2c24,,Copyright © 2026 Jimz011,Авторско право © 2026 Jimz011,
ui_corners_f1fb139,,Corners,Ъгли,
ui_could_not_add_the_parcel_check_the_number_and_fd157b4,,Could not add the parcel. Check the number and try again.,Не можах да добавя колета. Проверете номера и опитайте отново.,
ui_couldn_t_reach_a30cc1b,,Couldn't reach %1$s,Не можах да достигна %1$s,app fills in %1$s — keep them
ui_couldn_t_reach_your_home_assistant_server_2a17c09,,Couldn't reach your Home Assistant server.,Не можахте да достигнете до вашия Home Assistant сървър.,don't translate Home Assistant
ui_countdown_timer_282cb17,,Countdown timer,Таймер за обратно броене,
ui_create_6e157c5,,Create,Създавайте,
ui_create_a_flow_11b4415,,Create a flow,Създайте поток,
ui_create_a_separate_dashboard_auto_generate_imports_once_and_a5f0ef1,,Create a separate dashboard. Auto Generate imports once and then becomes editable; Start Empty only keeps persons available.,Създайте отделно табло за управление. Автоматично генериране на импортиране веднъж и след това става редактируемо; Start Empty поддържа само налични лица.,
ui_create_custom_page_d1f53e7,,Create custom page,Създайте персонализирана страница,
ui_created_by_jimz011_2026_hki_7_v_20cbca0,,Created by Jimz011 - 2026 • HKI 7 v%1$s,Създадено от Jimz011 - 2026 • HKI 7 v%1$s,app fills in %1$s — keep them; don't translate HKI 7
ui_created_by_jimz011_with_help_from_ai_assisted_development_47c9a41,,"Created by Jimz011 with help from AI-assisted development tools. Product direction, design choices, testing, and responsibility for the released app remain with the project creator.","Създаден от Jimz011 с помощта на инструменти за разработка, подпомагани от AI. Ръководството на продукта, изборът на дизайн, тестването и отговорността за пуснатото приложение остават на създателя на проекта.",
ui_created_openly_1cc16d4,,Created openly,Създаден открито,
ui_creates_a_full_duplicate_of_including_all_rooms_widgets_b96bbb1,,"Creates a full duplicate of ""%1$s"", including all rooms, widgets, and page settings. The copy is added to your dashboards without switching to it.","Създава пълен дубликат на „%1$s“, включително всички стаи, уиджети и настройки на страницата. Копието се добавя към вашите табла за управление, без да превключвате към него.",app fills in %1$s — keep them
ui_critical_04b7b26,,Critical,Критичен,
ui_critical_low_5852b16,,%1$s critical · %2$s low,%1$s критично · %2$s ниско,app fills in %1$s %2$s — keep them
ui_critical_replace_soon_dbd946d,,Critical — replace soon,Критично — сменете скоро,
ui_current_4fc0e2b,,Current,Текущ,
ui_current_88a0a02,,%1$s° current,%1$s° ток,app fills in %1$s — keep them
ui_current_charge_b6b0b3d,,Current charge,Текущо зареждане,
ui_current_e4ef83d,,Current %1$s%%,Текущи %1$s%%,app fills in %1$s — keep them
ui_current_weather_0fc6239,,Current weather,Времето в момента,
ui_currently_loaded_69ef6fb,,Currently loaded,В момента е заредено,
ui_custom_081ae3f,,Custom,По поръчка,
ui_custom_buttons_c580449,,Custom buttons,Персонализирани бутони,
ui_custom_camera_ada9096,,Custom Camera,Персонализирана камера,
ui_custom_camera_url_8191b15,,Custom camera URL,Персонализиран URL адрес на камерата,
ui_custom_ed17691,,Custom %1$s,Персонализирано %1$s,app fills in %1$s — keep them
ui_custom_entities_d6e76ae,,Custom entities,Персонализирани обекти,
ui_custom_name_6af17c2,,Custom name,Персонализирано име,
ui_custom_order_a7a5984,,Custom order,По поръчка,
ui_custom_seconds_7467e28,,Custom seconds,Персонализирани секунди,
ui_custom_state_378153b,,Custom state...,Персонализирано състояние...,
ui_custom_url_9c155e9,,Custom URL,Персонализиран URL адрес,
ui_customize_device_energy_b754bb5,,Customize device energy,Персонализирайте енергията на устройството,
ui_customize_top_consumers_eb249c5,,Customize top consumers,Персонализирайте най-добрите потребители,
ui_customize_water_devices_81ce5f6,,Customize water devices,Персонализирайте водните устройства,
ui_d_6388bb3,,"%1$s d, %2$s","%1$s d, %2$s",app fills in %1$s %2$s — keep them
ui_daily_backup_is_active_111a631,,Daily backup is active,Ежедневното архивиране е активно,
ui_dashboard_d87f47b,,Dashboard,Табло за управление,
ui_dashboard_header_36d8656,,Dashboard header,Заглавка на таблото,
ui_dashboard_name_466f3af,,Dashboard name,Име на таблото,
ui_dashboard_width_and_card_shape_3fcad11,,Dashboard width and card shape,Ширина на таблото и форма на карта,
ui_dashboards_197565b,,Dashboards,Табла за управление,
ui_dashboards_shared_by_your_family_import_to_add_a_8a6d06e,,Dashboards shared by your family. Import to add a copy to your dashboards; import again later to pull updates.,"Табла за управление, споделени от вашето семейство. Импортирайте, за да добавите копие към вашите табла за управление; импортирайте отново по-късно, за да изтеглите актуализации.",
ui_dashboards_visual_style_and_everyday_navigation_17f3ac2,,"Dashboards, visual style, and everyday navigation","Табла, визуален стил и ежедневна навигация",
ui_data_series_e5977fb,,Data series,Серии от данни,
ui_data_sources_dadd6ac,,Data sources,Източници на данни,
ui_date_eb9a4bc,,Date,Дата,
ui_datetime_f1e5baf,,DateTime,Дата и час,
ui_day_to_839bf92,,%1$s day%2$s to %3$s,%1$s ден%2$s до %3$s,app fills in %1$s %2$s %3$s — keep them
ui_decrease_67e19d8,,Decrease,Намаляване,
ui_default_808d7dc,,Default,По подразбиране,
ui_default_effect_per_type_a4ce3c4,,Default effect per type,Ефект по подразбиране за тип,
ui_default_view_343256a,,Default view,Изглед по подразбиране,
ui_default_weather_entity_588d455,,Default weather entity,Метеорологичен обект по подразбиране,
ui_defrosting_c3b2817,,Defrosting,Размразяване,
ui_delete_0c6013a,,"Delete ""%1$s""?",Изтриване на „%1$s“?,app fills in %1$s — keep them
ui_delete_137cdc2,,Delete %1$s?,Изтриване на %1$s?,app fills in %1$s — keep them
ui_delete_automation_442d61c,,Delete automation?,Изтриване на автоматизацията?,
ui_delete_f6fdbe4,,Delete,Изтриване,
ui_delete_floor_07c4a91,,Delete floor,Изтриване на етаж,
ui_delivered_eea956c,,Delivered,Доставено,
ui_demo_mode_a85b728,,Demo mode,Демо режим,
ui_description_55f8ebc,,Description,Описание,
ui_details_dc3decb,,Details,Подробности,
ui_detected_carbon_intensity_9983458,,Detected carbon intensity,Открит въглероден интензитет,
ui_device_8c01559,,Device: %1$s,Устройство: %1$s,app fills in %1$s — keep them
ui_device_a5a74a6,,Device,устройство,
ui_device_details_39c277d,,Device details,Подробности за устройството,
ui_device_details_eb36018,,DEVICE DETAILS,ПОДРОБНОСТИ ЗА УСТРОЙСТВОТО,
ui_device_energy_79de3d8,,Device energy,Енергия на устройството,
ui_device_helpers_6a8b199,,Device & helpers,Устройство и помощници,
ui_device_name_79d7a15,,Device name,Име на устройството,
ui_device_tracker_and_geocoded_location_f9e2d34,,Device tracker and geocoded location,Устройство за проследяване и геокодирано местоположение,
ui_devices_728190e,,devices,устройства,
ui_devices_df485c8,,Devices,устройства,
ui_dialog_control_63e18cf,,Dialog control,Диалогово управление,
ui_direction_5a47d4d,,Direction —,Посока —,
ui_disable_battery_optimization_d3201bf,,Disable Battery Optimization,Деактивирайте оптимизацията на батерията,
ui_disarmed_aaa4d9e,,Disarmed,Разоръжен,
ui_discovered_acbb9e0,,Discovered,Открит,
ui_dismiss_70afe9e,,Dismiss,Отхвърляне,
ui_display_574ff9b,,Display,Дисплей,
ui_display_linked_entities_and_dialog_layout_e6987f9,,"Display, linked entities, and dialog layout","Оформление на дисплея, свързани обекти и диалогов прозорец",
ui_display_mode_627bc30,,Display mode,Режим на показване,
ui_display_order_5f1293a,,Display order,Ред на показване,
ui_done_e9b450d,,Done,Готово,
ui_door_locked_4b46012,,Door\nLocked,врата\nЗаключено,\n = line break
ui_door_open_74899a4,,Door\nOpen,врата\nОтворете,\n = line break
ui_door_sensor_turns_lock_card_red_when_open_9bc1372,,Door sensor (turns lock card red when open),"Сензор за врата (оцветява картата за заключване в червено, когато е отворена)",
ui_door_sensors_a7bb309,,Door sensors,Сензори за врати,
ui_double_tap_a268e89,,Double tap,Докоснете два пъти,
ui_drag_horizontally_across_the_full_button_547ea8c,,Drag horizontally across the full button,Плъзнете хоризонтално през целия бутон,
ui_drag_to_reorder_use_the_eye_button_to_hide_cd28b4c,,Drag to reorder. Use the eye button to hide an item or schedule when it shows.,"Плъзнете, за да пренаредите. Използвайте бутона за око, за да скриете елемент или график, когато се покаже.",
ui_drag_to_set_the_order_cameras_appear_on_the_7bcb4f5,,Drag to set the order cameras appear on the Security view.,"Плъзнете, за да зададете реда на показване на камерите в изгледа за сигурност.",
ui_drag_to_set_the_order_the_cards_appear_below_b6a92e4,,Drag to set the order the cards appear below the house on the Energy view.,"Плъзнете, за да зададете реда, в който картите се появяват под къщата в енергийния изглед.",
ui_drag_to_set_the_order_thermostats_and_ac_units_62d49e7,,Drag to set the order thermostats and AC units appear on the Climate view.,"Плъзнете, за да зададете реда, в който термостатите и климатичните модули се показват в изгледа Climate.",
ui_drying_7ea61a9,,Drying,Сушене,
ui_e_e0184ad,,E,д,
ui_each_group_controls_one_part_of_this_page_286a40b,,Each group controls one part of this page,Всяка група контролира една част от тази страница,
ui_each_home_keeps_its_own_login_dashboard_notification_conne_c261f94,,"Each home keeps its own login, dashboard, notification connection, and location registration","Всеки дом поддържа свои собствени данни за вход, табло за управление, връзка за известяване и регистрация на местоположение",
ui_edit_5301648,,Edit,Редактиране,
ui_edit_entities_485ee65,,Edit entities,Редактиране на обекти,
ui_edit_page_17e45f8,,Edit page,Редактиране на страница,
ui_edit_sensors_6c38d51,,Edit sensors,Редактиране на сензори,
ui_effects_8f25a85,,Effects,Ефекти,
ui_electricity_925cf7f,,Electricity,Електричество,
ui_electricity_total_c81c63f,,Electricity Total,Електроенергия Общо,
ui_elevation_a514da1,,Elevation,надморска височина,
ui_empty_3159fe4,,Empty,празна,
ui_empty_bin_0cbe2d7,,Empty bin,Празен кош,
ui_empty_bin_bcf05c4,,Empty bin: %1$s,Празен контейнер: %1$s,app fills in %1$s — keep them
ui_empty_bin_optional_fallback_e40b857,,Empty bin (optional fallback),Празен контейнер (по избор резервен),
ui_empty_iframe_open_its_settings_in_edit_mode_and_c17ba2f,,Empty iFrame — open its settings in edit mode and enter a web address.,Изпразване на iFrame — отворете настройките му в режим на редактиране и въведете уеб адрес.,
ui_empty_markdown_widget_open_its_settings_in_edit_mode_b65072d,,Empty markdown widget — open its settings in edit mode to write content.,"Празна джаджа за маркиране — отворете настройките й в режим на редактиране, за да напишете съдържание.",
ui_empty_stack_79d38d5,,Empty Stack,Празен стек,
ui_enable_cloud_backup_32fe82b,,Enable cloud backup,Активиране на архивиране в облак,
ui_enable_home_assistant_backup_bd7cf62,,Enable Home Assistant backup,Активиране на архивиране на Home Assistant,don't translate Home Assistant
ui_enable_the_features_hki_7_may_use_in_the_52e596d,,Enable the features HKI 7 may use in the background,"Активирайте функциите, които HKI 7 може да използва във фонов режим",don't translate HKI 7
ui_enabled_e22fb09,,ENABLED,АКТИВИРАН,
ui_end_2a002eb,,End: %1$s,Край: %1$s,app fills in %1$s — keep them
ui_energy_437bcb1,,Energy,енергия,
ui_energy_cards_c84abda,,Energy Cards,Енергийни карти,
ui_energy_counters_imported_from_home_assistant_s_energy_dash_9dd23f9,,Energy counters imported from Home Assistant's Energy dashboard.,"Енергийни броячи, импортирани от енергийното табло на Home Assistant.",don't translate Home Assistant
ui_energy_stack_cards_5ac4b4c,,Energy Stack Cards,Карти с енергиен стек,
ui_energyscene_374cbbb,,energyScene,EnergyScene,
ui_enter_a_pin_4e6a960,,Enter a PIN,Въведете ПИН,
ui_enter_a_valid_json_object_00d1e89,,Enter a valid JSON object,Въведете валиден JSON обект,
ui_enter_an_address_manually_5eda99d,,Enter an address manually,Въведете адрес ръчно,
ui_enter_code_ab45ae5,,Enter code,Въведете код,
ui_enter_http_url_relative_path_or_webrtc_id_e_bb736eb,,"Enter HTTP URL, relative path, or WebRTC ID (e.g., poort_hd)","Въведете HTTP URL, относителен път или WebRTC ID (напр. poort_hd)",
ui_enter_http_url_relative_path_or_webrtc_path_e_41da8c2,,"Enter HTTP URL, relative path, or WebRTC path (e.g., url: poort_hd)","Въведете HTTP URL, относителен път или WebRTC път (напр. url: poort_hd)",
ui_enter_the_same_data_object_home_assistant_shows_in_f7e27af,,Enter the same data object Home Assistant shows in YAML. JSON is used here so values keep their exact type.,"Въведете същия обект с данни, който Home Assistant показва в YAML. Тук се използва JSON, така че стойностите запазват точния си тип.",don't translate Home Assistant
ui_entities_390082d,,Entities · %1$s,Обекти · %1$s,app fills in %1$s — keep them
ui_entities_6510c2f,,Entities (%1$s),Обекти (%1$s),app fills in %1$s — keep them
ui_entities_9d88f3c,,entities,образувания,
ui_entities_appearance_and_interactions_b90b013,,"Entities, appearance, and interactions","Обекти, външен вид и взаимодействия",
ui_entities_f7638a2,,Entities,Субекти,
ui_entities_that_signal_activity_or_safety_states_769b862,,Entities that signal activity or safety states,"Субекти, които сигнализират за активност или състояния на безопасност",
ui_entity_icons_gently_glow_spin_or_pulse_while_the_b3a8910,,"Entity icons gently glow, spin, or pulse while the device is on. Only active devices animate.","Иконите на обекти леко светят, въртят се или пулсират, докато устройството е включено. Анимират се само активни устройства.",
ui_entity_integrations_852a3e0,,Entity integrations,Интеграции на обекти,
ui_entity_name_9543eb8,,Entity name,Име на обекта,
ui_entity_picture_0569c68,,Entity picture,Снимка на обект,
ui_entity_unavailable_3974ddb,,Entity unavailable,Обектът не е наличен,
ui_event_ad8919a,,Event,Събитие,
ui_every_contribution_helps_and_payment_is_never_required_1bc44f2,,"Every contribution helps, and payment is never required",Всяко дарение помага и никога не се изисква плащане,
ui_everyday_navigation_e2f1711,,Everyday navigation,Ежедневна навигация,
ui_everyone_c756f6a,,Everyone,всички,
ui_exact_text_or_number_reported_by_home_assistant_00e5cc6,,Exact text or number reported by Home Assistant,"Точен текст или номер, отчетен от Home Assistant",don't translate Home Assistant
ui_example_com_or_https_8381ca6,,example.com or https://…,example.com или https://…,
ui_existing_camera_5fb3653,,Existing Camera,Съществуваща камера,
ui_exit_demo_mode_ab94122,,Exit Demo Mode,Излезте от демо режим,
ui_exit_full_screen_3d9afda,,Exit full screen,Изход от цял екран,
ui_exiting_removes_the_sample_home_and_returns_to_the_05548e1,,"Exiting removes the sample home and returns to the welcome screen, where you can connect a real Home Assistant server.","Излизането премахва началния образец и се връща към началния екран, където можете да свържете истински Home Assistant сървър.",don't translate Home Assistant
ui_expected_delivery_78d54b2,,Expected delivery,Очаквана доставка,
ui_expected_today_4af5600,,Expected today,Очаква се днес,
ui_external_url_or_nabu_casa_url_d2e1eed,,External URL or Nabu Casa URL,Външен URL или Nabu Casa URL,don't translate Nabu Casa
ui_family_sharing_160fddb,,Family Sharing,Семейно споделяне,
ui_family_sharing_settings_are_controlled_by_a_home_assistant_cdb35a2,,Family Sharing settings are controlled by a Home Assistant admin. You can use a dashboard shared with you below.,Настройките за семейно споделяне се контролират от Home Assistant администратор. Можете да използвате споделено с вас табло по-долу.,don't translate Home Assistant
ui_fan_ec38406,,Fan,Вентилатор,
ui_fan_modes_fbaa3df,,Fan & modes,Вентилатор и режими,
ui_fans_73d38db,,Fans,Фенове,
ui_fetch_climate_entities_from_home_assistant_again_a65f837,,Fetch climate entities from Home Assistant again.,Извлечете отново климатични обекти от Home Assistant.,don't translate Home Assistant
ui_fetch_rooms_floors_and_their_entities_from_home_assistant_0d84305,,"Fetch rooms, floors, and their entities from Home Assistant again.","Извлечете стаи, етажи и техните обекти от Home Assistant отново.",don't translate Home Assistant
ui_fetch_security_entities_from_home_assistant_again_577b666,,Fetch security entities from Home Assistant again.,Извлечете обекти за сигурност от Home Assistant отново.,don't translate Home Assistant
ui_fetch_the_home_assistant_energy_dashboard_configuration_ag_9180e9b,,Fetch the Home Assistant energy dashboard configuration again.,Изтеглете отново конфигурацията на енергийното табло Home Assistant.,don't translate Home Assistant
ui_find_home_assistant_locally_c992bdf,,Find Home Assistant locally,Намерете Home Assistant локално,don't translate Home Assistant
ui_firmware_94fe490,,Firmware %1$s,Фърмуер %1$s,app fills in %1$s — keep them
ui_five_simple_gestures_are_all_you_need_to_get_d4c2675,,Five simple gestures are all you need to get around HKI 7.,"Пет прости жеста са всичко, от което се нуждаете, за да обиколите HKI 7.",don't translate HKI 7
ui_fixed_tab_10fe998,,Fixed tab,Фиксиран раздел,
ui_floor_7db82f7,,Floor,Етаж,
ui_floor_assignment_288a740,,Floor assignment,Разпределение на етажа,
ui_floor_name_e9d98d6,,Floor name,Име на етажа,
ui_floor_settings_640cb8e,,Floor settings,Подови настройки,
ui_flowphase_101d9f0,,flowPhase,flowPhase,
ui_flows_1242655,,Flows,Потоци,
ui_focused_groups_keep_advanced_options_easy_to_find_44ac86e,,Focused groups keep advanced options easy to find,Фокусираните групи поддържат разширените опции лесни за намиране,
ui_font_family_54a1848,,Font family,Семейство шрифтове,
ui_font_size_ef89fc7,,Font size · %1$s%%,Размер на шрифта · %1$s%%,app fills in %1$s — keep them
ui_fonts_ffe688a,,Fonts,Шрифтове,
ui_force_high_refresh_rate_214de79,,Force high refresh rate,Принудително висока честота на опресняване,
ui_forecast_528bc4b,,Forecast,Прогноза,
ui_forecast_entities_c950412,,Forecast entities,Прогнозни обекти,
ui_forget_selection_7864f34,,Forget selection,Забравете избора,
ui_forward_ba4e722,,Forward,Напред,
ui_from_ad3b521,,From %1$s,От %1$s,app fills in %1$s — keep them
ui_from_state_6c7eaef,,From state,От държавата,
ui_full_changelog_ae838e7,,Full changelog,Пълен регистър на промените,
ui_full_controls_68749a5,,Full controls,Пълен контрол,
ui_full_day_name_25ab7ee,,Full Day Name,Пълно име на деня,
ui_full_url_or_a_path_on_your_home_assistant_66f9c59,,Full URL or a path on your Home Assistant server (e.g. /local/vacuum.png),Пълен URL адрес или път на вашия Home Assistant сървър (напр. /local/vacuum.png),don't translate Home Assistant
ui_gas_ead9650,,Gas,газ,
ui_generating_your_rooms_01654a1,,Generating your rooms,Генериране на вашите стаи,
ui_get_started_bd2cb05,,Get Started,Започнете,
ui_give_a_humidifier_a_fan_select_input_select_to_860be4d,,"Give a humidifier a fan / select / input_select to control its speed; its options replace the humidifier's mode chips, and modes move to the dialog's nav bar.","Дайте на овлажнителя вентилатор / select / input_select, за да контролирате скоростта му; неговите опции заменят чиповете за режими на овлажнителя и режимите се преместват в навигационната лента на диалоговия прозорец.",
ui_glow_6ae5a62,,glow,светят,
ui_glowphase_748e6d6,,glowPhase,glowPhase,
ui_glowpulse_9269294,,glowPulse,glowPulse,
ui_good_61dedcf,,Good,добре,
ui_google_drive_07c2964,,Google Drive,Google Drive,don't translate Google Drive
ui_got_it_5b8027f,,Got it,разбрах,
ui_got_it_let_s_explore_107038f,,Got it — let's explore,Разбрах – нека проучим,
ui_graph_sensor_c63cbb6,,Graph %1$s · %2$s sensor%3$s,Графика %1$s · %2$s сензор%3$s,app fills in %1$s %2$s %3$s — keep them
ui_graph_style_6acd980,,Graph Style,Графичен стил,
ui_graphs_7839947,,Graphs,Графики,
ui_grid_density_and_button_presentation_b7907e5,,Grid density and button presentation,Плътност на мрежата и представяне на бутоните,
ui_grid_density_width_and_tile_shape_267ad9a,,"Grid density, width, and tile shape","Плътност на мрежата, ширина и форма на плочка",
ui_grid_phases_0a5eae5,,Grid & phases,Решетка и фази,
ui_group_light_paused_for_manual_control_78d6b74,,%1$s group light%2$s paused for manual control.,%1$s групова светлина%2$s поставена на пауза за ръчно управление.,app fills in %1$s %2$s — keep them
ui_group_related_cards_in_one_section_f978d2b,,Group related cards in one section,Групирайте свързани карти в една секция,
ui_guide_motion_579dcaf,,guide_motion,направляващо_движение,
ui_guide_progress_6138614,,guide_progress,ръководство_прогрес,
ui_gust_53f5da4,, (gust %1$s),(порив %1$s),app fills in %1$s — keep them; keep the space at the start/end
ui_h_0be1674,,%1$sh,%1$sh,app fills in %1$s — keep them
ui_header_31341c6,,Header,Заглавка,
ui_header_appearance_40327c9,,Header appearance,Външен вид на заглавката,
ui_header_custom_color_rrggbb_1887d0a,,Header custom color (#RRGGBB),Персонализиран цвят на заглавката (#RRGGBB),
ui_header_pill_d7520cf,,Header pill,Хапче за глава,
ui_header_text_7f71314,,Header text,Заглавен текст,
ui_header_text_f7593e7,,Header Text,Заглавен текст,
ui_header_wallpaper_url_or_path_25cf2b6,,Header wallpaper URL or path,URL адрес или път на тапета на заглавката,
ui_heading_some_bold_text_a_list_item_one_item_b7f049b,,"# Heading\nSome **bold** text, a list:\n- item one\n- item two","# Заглавие\nМалко **удебелен** текст, списък:\n- позиция първа\n- позиция втора",\n = line break
ui_healthy_80ea156,,Healthy,Здрави,
ui_heating_f2a3e6e,,Heating,Отопление,
ui_height_3f608b4,,Height,Височина,
ui_help_the_project_without_buying_premium_e960d10,,Help the project without buying Premium,"Помогнете на проекта, без да купувате Premium",
ui_hidden_1364716,,%1$s hidden,%1$s скрит,app fills in %1$s — keep them
ui_hidden_d4c2792,,Hidden,Скрити,
ui_hidden_during_c0afbbc,,Hidden during,Скрит по време на,
ui_hidden_rooms_f621ba4,,Hidden rooms,Скрити стаи,
ui_hidden_items_advanced_title,,Hidden items (advanced),Скрити елементи (разширени),
ui_hidden_items_advanced_hint,,Comma-separated list of button entity ids or badge/widget ids to hide from this person specifically. A button's id is its entity id; a badge or widget's id is shown in its own Appearance settings.,"Списък с разделени със запетая идентификационни номера на субекти на бутони или идентификационни номера на значки/приспособления, които да се скрият конкретно от този човек. Идентификаторът на бутон е неговият идентификатор на обект; идентификационният номер на значка или джаджа се показва в собствените й настройки за външен вид.",
ui_hidden_views_3e16d85,,Hidden views,Скрити гледки,
ui_hide_certain_views_or_rooms_from_specific_people_to_f10458c,,Hide certain views or rooms from specific people to keep their dashboard simple. This is UX-level hiding — it does not restrict what they can do in Home Assistant itself.,"Скрийте определени изгледи или стаи от конкретни хора, за да запазите таблото им за управление просто. Това е скриване на ниво UX — то не ограничава какво могат да правят в самия Home Assistant.",don't translate Home Assistant
ui_hide_connection_notification_dcee06a,,Hide Connection Notification,Скриване на известието за връзка,
ui_hide_this_badge_or_schedule_when_it_appears_e149fbf,,"Hide this badge, or schedule when it appears","Скрийте тази значка или насрочете, когато се появи",
ui_hide_this_button_or_schedule_when_it_appears_a28bf66,,"Hide this button, or schedule when it appears","Скрийте този бутон или насрочете, когато се появи",
ui_high_accuracy_mode_954d2c5,,High accuracy mode,Режим с висока точност,
ui_history_90ccd64,,History,История,
ui_hki_7_68a9e17,,HKI 7,HKI 7,don't translate HKI 7
ui_hki_7_collects_location_data_to_enable_presence_detection_2dda033,,HKI 7 collects location data to enable presence detection and zone-based ,"HKI 7 събира данни за местоположение, за да позволи откриване на присъствие и базирано на зони",don't translate HKI 7; keep the space at the start/end
ui_hki_7_logo_a445c44,,HKI 7 logo,Лого HKI 7,don't translate HKI 7
ui_hki_7_turns_your_native_home_assistant_entities_rooms_c95b345,,"HKI 7 turns your native Home Assistant entities, rooms, automations, media, energy data, and services into a configurable mobile dashboard. It is designed to stay connected to Home Assistant as the source of truth while offering a distinct HKI interface.","HKI 7 превръща вашите естествени Home Assistant обекти, стаи, автоматизации, медии, енергийни данни и услуги в конфигурируемо мобилно табло за управление. Той е проектиран да поддържа връзка с Home Assistant като източник на истина, като същевременно предлага различен HKI интерфейс.","don't translate Home Assistant, HKI 7"
ui_hki_7_v_d5594a7,,HKI 7 v%1$s,HKI 7 v%1$s,app fills in %1$s — keep them; don't translate HKI 7
ui_home_and_rooms_are_always_shown_reorder_the_other_bea984a,,Home and Rooms are always shown. Reorder the other tabs with the arrows and toggle each on or off.,Домът и стаите винаги се показват. Пренаредете другите раздели със стрелките и включете или изключете всеки.,
ui_home_assistant_backup_is_off_4524f2e,,Home Assistant backup is off,Home Assistant архивирането е изключено,don't translate Home Assistant
ui_home_assistant_c8fd3bb,,Home Assistant,Home Assistant,don't translate Home Assistant
ui_home_assistant_instances_b0de2f3,,Home Assistant instances,Home Assistant екземпляри,don't translate Home Assistant
ui_home_assistant_will_be_unavailable_briefly_while_it_restar_df30b45,,Home Assistant will be unavailable briefly while it restarts. Administrator access is required.,"Home Assistant ще бъде недостъпен за кратко, докато се рестартира. Необходим е администраторски достъп.",don't translate Home Assistant
ui_home_security_aa534f2,,HOME SECURITY,ОХРАНА НА ДОМА,
ui_home_wi_fi_names_comma_separated_b71c6ab,,Home Wi-Fi names (comma separated),Имена на домашни Wi-Fi (разделени със запетая),
ui_hourly_forecast_50f6c9c,,Hourly forecast,Почасова прогноза,
ui_how_this_control_communicates_state_ad17a3d,,How this control communicates state,Как този контрол предава състояние,
ui_how_this_icon_animates_while_the_device_is_active_dffdaf5,,"How this icon animates while the device is active. ""Auto"" follows the global setting; the rest override it for this icon.","Как тази икона анимира, докато устройството е активно. ""Auto"" следва глобалната настройка; останалите го заместват за тази икона.",
ui_http_homeassistant_local_8123_67b2235,,http://homeassistant.local:8123,http://homeassistant.local:8123,
ui_http_url_relative_path_or_webrtc_name_e_g_dfc56c4,,"HTTP URL, relative path, or WebRTC name (e.g., url: poort_hd)","HTTP URL адрес, относителен път или WebRTC име (напр. url: poort_hd)",
ui_https_1a66279,,https://…,https://…,
ui_https_example_ui_nabu_casa_4d97501,,https://example.ui.nabu.casa,https://example.ui.nabu.casa,
ui_humidifiers_aa38e2a,,Humidifiers,Овлажнители,
ui_humidifiers_are_found_automatically_from_the_humidifier_do_0717429,,Humidifiers are found automatically from the humidifier domain; add extra entities here if any are missing.,"Овлажнителите се намират автоматично от домейна на овлажнителите; добавете допълнителни обекти тук, ако липсват такива.",
ui_humidifying_5d5f6c5,,Humidifying,Овлажняващ,
ui_humidity_65adb9c,,Humidity,Влажност,
ui_humidity_control_devices_c7e4846,,Humidity control devices,Уреди за контрол на влажността,
ui_humidity_sensor_graphed_in_activity_5b792e1,,Humidity sensor (graphed in Activity),Сензор за влажност (изобразен в Activity),
ui_icon_716f63b,,Icon,Икона,
ui_icon_animation_5b1faae,,Icon animation,Анимация на икони,
ui_icon_animations_and_effects_db0dea4,,Icon animations and effects,Анимации и ефекти на икони,
ui_icon_eeaa97d,,Icon: %1$s,Икона: %1$s,app fills in %1$s — keep them
ui_icon_feedback_180b871,,Icon & feedback,Икона и обратна връзка,
ui_icons_edb8f6c,,Icons,Икони,
ui_identity_7e5a975,,Identity,Идентичност,
ui_identity_and_connection_bee53f8,,Identity and connection,Идентичност и връзка,
ui_identity_presentation_indicators_and_maintenance_d46fbf4,,"Identity, presentation, indicators, and maintenance","Идентичност, представяне, индикатори и поддръжка",
ui_idle_cc1ebdd,,Idle,празен ход,
ui_image_50e19fd,,Image,Изображение,
ui_image_style_size_shape_and_background_40c17b6,,"Image style, size, shape, and background","Стил на изображението, размер, форма и фон",
ui_image_url_or_path_ddd8d74,,Image URL or path,URL адрес на изображението или път,
ui_import_d6fbc9d,,Import,Импортиране,
ui_import_entities_that_have_not_been_edited_or_remove_6edde59,,"Import entities that have not been edited, or remove all climate edits and import from scratch.","Импортирайте обекти, които не са били редактирани, или премахнете всички редакции на климата и импортирайте от нулата.",
ui_import_entities_that_have_not_been_edited_or_remove_9851b28,,"Import entities that have not been edited, or remove all security edits and import from scratch.","Импортирайте обекти, които не са били редактирани, или премахнете всички редакции на защитата и импортирайте от нулата.",
ui_import_from_family_f9eb88d,,Import from family,Внос от семейството,
ui_import_only_rooms_and_entities_that_have_not_been_478d449,,"Import only rooms and entities that have not been edited, or remove all edited rooms and floors and import everything from scratch.","Импортирайте само стаи и обекти, които не са били редактирани, или премахнете всички редактирани стаи и етажи и импортирайте всичко от нулата.",
ui_import_only_rooms_that_have_not_been_edited_or_d59bee5,,"Import only rooms that have not been edited, or rebuild everything. Rebuilding removes all edited rooms and floors before importing them from scratch.","Импортирайте само стаи, които не са редактирани, или изградете отново всичко. Повторното изграждане премахва всички редактирани стаи и етажи, преди да ги импортирате от нулата.",
ui_import_sensors_with_device_class_battery_and_unit_of_dfaced9,,Import sensors with device_class battery and unit_of_measurement %.,Импортирайте сензори с device_class батерия и unit_of_measurement %.,
ui_import_settings_that_have_not_been_edited_or_remove_2fc3850,,"Import settings that have not been edited, or remove all energy edits and import from scratch.","Импортирайте настройки, които не са били редактирани, или премахнете всички енергийни редакции и импортирайте от нулата.",
ui_import_unedited_4a58143,,Import unedited,Импортиране нередактирано,
ui_imported_stacks_cannot_be_removed_in_auto_mode_hide_608f9ed,,"Imported stacks cannot be removed in auto mode. Hide the stack instead, or take over / switch to manual mode to delete it permanently.","Импортираните стекове не могат да бъдат премахнати в автоматичен режим. Вместо това скрийте стека или поемете/превключете на ръчен режим, за да го изтриете за постоянно.",
ui_importing_820599d,,Importing…,Импортиране...,
ui_importing_areas_and_entities_from_home_assistant_0e50b82,,Importing areas and entities from Home Assistant…,Импортиране на области и обекти от Home Assistant…,don't translate Home Assistant
ui_incoming_outgoing_1815915,,%1$s incoming · %2$s outgoing%3$s,%1$s входящи · %2$s изходящи%3$s,app fills in %1$s %2$s %3$s — keep them
ui_incoming_outgoing_49b9c0b,,%1$s incoming · %2$s outgoing,%1$s входящи · %2$s изходящи,app fills in %1$s %2$s — keep them
ui_incorrect_pin_2de1d18,,Incorrect PIN,Неправилен ПИН,
ui_increase_5a7fecf,,Increase,Увеличете,
ui_individual_water_usage_21dd78c,,Individual water usage,Индивидуално потребление на вода,
ui_individual_widgets_ff1526f,,Individual widgets,Индивидуални джаджи,
ui_indoor_average_53abf03,,INDOOR AVERAGE,ВЪТРЕШНО СРЕДНО,
ui_indoor_comfort_7060319,,Indoor comfort,Комфорт на закрито,
ui_instance_name_e98a2eb,,Instance name,Име на инстанция,
ui_interactions_0b3583e,,Interactions,Взаимодействия,
ui_internal_url_acab9b2,,Internal URL,Вътрешен URL адрес,
ui_interval_seconds_eaeeb46,,Interval seconds,Интервални секунди,
ui_is_c24d775,, is,е,keep the space at the start/end
ui_item_corner_roundness_5032003,,Item corner roundness,Заоблен ъгъл на артикула,
ui_items_cabff0b,,%1$s items,%1$s елемента,app fills in %1$s — keep them
ui_k_df46805,,%1$sK,%1$sK,app fills in %1$s — keep them
ui_keep_existing_edits_or_remove_all_battery_edits_and_acc0236,,"Keep existing edits, or remove all battery edits and import from scratch.",Запазете съществуващите редакции или премахнете всички редакции на батерията и импортирайте от нулата.,
ui_keep_only_the_title_right_header_pill_and_back_7777651,,"Keep only the title, right header pill, and back button when a page has one.","Запазете само заглавието, дясното заглавие и бутона за връщане назад, когато страницата има такъв.",
ui_keeps_a_connection_to_home_assistant_for_instant_notificat_ecaee7d,,Keeps a connection to Home Assistant for instant notifications,Поддържа връзка с Home Assistant за незабавни известия,don't translate Home Assistant
ui_keeps_presence_detection_and_zone_automations_working_andr_c48598a,,Keeps presence detection and zone automations working. Android should show ‘Allow all the time’.,Поддържа работата на откриването на присъствие и автоматизацията на зоните. Android трябва да показва „Разрешаване през цялото време“.,
ui_keeps_your_device_location_updated_in_home_assistant_e295875,,Keeps your device location updated in Home Assistant,Поддържа местоположението на вашето устройство актуализирано в Home Assistant,don't translate Home Assistant
ui_km_h_ede7178,,%1$s km/h,%1$s км/ч,app fills in %1$s — keep them
ui_languages_and_frameworks_used_by_the_android_app_fb4ac97,,Languages and frameworks used by the Android app,"Езици и рамки, използвани от приложението за Android",
ui_last_backup_05509f8,,Last backup %1$s,Последно архивиране %1$s,app fills in %1$s — keep them
ui_last_h_3faaee1,,Last %1$sh,Последни %1$sч,app fills in %1$s — keep them
ui_last_run_b27f32a,,Last run %1$s,Последно изпълнение %1$s,app fills in %1$s — keep them
ui_layout_972ad8d,,Layout,Оформление,
ui_leave_a_tip_5f90f10,,Leave a tip,Оставете бакшиш,
ui_leave_empty_to_use_the_home_assistant_name_f769e92,,Leave empty to use the Home Assistant name,"Оставете празно, за да използвате името Home Assistant",don't translate Home Assistant
ui_leave_this_empty_for_local_only_access_add_an_cc6bf85,,Leave this empty for local-only access. Add an external or Nabu Casa URL to use HKI 7 away from home.,"Оставете това празно за локален достъп. Добавете външен или Nabu Casa URL, за да използвате HKI 7 извън дома.","don't translate Nabu Casa, HKI 7"
ui_left_8ae1c34,,Left,наляво,
ui_left_side_overflows_right_fc8533c,,Left side overflows right,Лявата страна прелива надясно,
ui_less_526cb74,,Less,По-малко,
ui_let_hki_7_create_the_first_version_for_you_dc36439,,Let HKI 7 create the first version for you.,Нека HKI 7 създаде първата версия за вас.,don't translate HKI 7
ui_let_this_person_enter_edit_mode_667df39,,Let this person enter edit mode,Нека този човек влезе в режим на редактиране,
ui_level_7c7f5d0,,Level,Ниво,
ui_level_unavailable_a442183,,Level unavailable,Нивото е недостъпно,
ui_license_3229609,,License,Лиценз,
ui_light_is_turned_off_ebc0cf1,,Light is turned off,Светлината е изключена,
ui_lines_c6fd387,,Lines,линии,
ui_link_a_device_to_auto_fill_the_humidifier_s_6f65010,,"Link a device to auto-fill the humidifier's helper entities, or set them by hand",Свържете устройство за автоматично попълване на помощните обекти на овлажнителя или ги задайте ръчно,
ui_link_a_speed_control_197d75a,,Link a speed control,Свържете контрол на скоростта,
ui_linked_speed_control_optional_95fd680,,Linked speed control (optional),Свързан контрол на скоростта (по избор),
ui_live_65c821a,,Live,На живо,
ui_live_6990f01,,LIVE,НА ЖИВО,
ui_live_indicators_11ef687,,Live indicators,Живи индикатори,
ui_live_power_sensors_imported_from_home_assistant_s_configur_1b926f2,,Live power sensors imported from Home Assistant's configured Energy devices.,"Сензори за мощност на живо, импортирани от конфигурирани енергийни устройства на Home Assistant.",don't translate Home Assistant
ui_loading_actions_260b0c0,,Loading actions…,Действията се зареждат...,
ui_loading_actions_877bfd9,,Loading actions...,Действията се зареждат...,
ui_loading_camera_50a8065,,Loading camera…,Камерата се зарежда...,
ui_loading_device_a3fda88,,Loading device...,Устройството се зарежда...,
ui_local_file_576d5ac,,Local file,Локален файл,
ui_local_network_optional_42aba01,,Local network (optional),Локална мрежа (по избор),
ui_local_only_05ed059,,Local Only,Само местно,
ui_locating_e46bab0,,Locating…,Намиране...,
ui_location_access_3b68001,,Location access,Достъп до местоположение,
ui_location_d219c68,,Location,Местоположение,
ui_location_unavailable_3a57dda,,Location Unavailable,Местоположението е недостъпно,
ui_lock_c37eb4c,,LOCK,ЗАКЛЮЧВАНЕ,
ui_locked_a798882,,Locked,Заключено,
ui_locks_the_screen_to_its_highest_refresh_rate_while_585256f,,Locks the screen to its highest refresh rate while the app is open (uses more battery).,"Заключва екрана до най-високата честота на опресняване, докато приложението е отворено (използва повече батерия).",
ui_log_in_again_1ee6e18,,Log in again,Влезте отново,
ui_logging_in_again_keeps_your_dashboard_and_settings_9a8ed6f,,Logging in again keeps your dashboard and settings.,Влизането отново запазва таблото и настройките ви.,
ui_logo_url_or_ha_local_path_optional_e795f06,,Logo URL or HA/local path (optional),URL адрес на лого или HA/локален път (по избор),
ui_logout_keep_config_32a0cfb,,Logout (Keep Config),Изход (Запазване на конфигурацията),
ui_low_a124947,,Low,ниско,
ui_low_ba7cae2,,%1$s low,%1$s ниско,app fills in %1$s — keep them
ui_low_batteries_41d22d9,,%1$s low batteries,%1$s изтощени батерии,app fills in %1$s — keep them
ui_low_plan_a_replacement_34435da,,Low — plan a replacement,Ниско — планирайте замяна,
ui_low_threshold_1ecfd8b,,Low threshold (%),Нисък праг (%),
ui_lunar_phase_301b75e,,Lunar phase,Лунна фаза,
ui_mail_92379cb,,Mail,поща,
ui_maintenance_94de303,,Maintenance,Поддръжка,
ui_manage_items_d854c4b,,Manage items,Управление на елементи,
ui_manage_order_411f2d9,,Manage order,Управление на поръчката,
ui_managed_by_an_admin_805ae65,,Managed by an admin,Управлява се от администратор,
ui_manual_configuration_only_selected_entities_and_devices_ar_10e150b,,Manual configuration: only selected entities and devices are shown.,Ръчна конфигурация: показват се само избрани обекти и устройства.,
ui_map_ab478f3,,Map,Карта,
ui_map_c5cc79f,,Map: %1$s,Карта: %1$s,app fills in %1$s — keep them
ui_map_camera_for_dialog_2bc4344,,Map camera (for dialog),Камера на картата (за диалог),
ui_map_status_sensors_and_control_bindings_8cc2dbd,,"Map, status sensors, and control bindings","Карта, сензори за състояние и контролни връзки",
ui_map_unavailable_0ccd149,,Map unavailable,Картата е недостъпна,
ui_markdown_23e67fc,,Markdown,Markdown,
ui_matching_entities_are_added_automatically_by_home_assistan_07ebdac,,Matching entities are added automatically by Home Assistant device class. Add any missing or custom entities here.,Съвпадащите обекти се добавят автоматично от Home Assistant клас устройство. Добавете всички липсващи или персонализирани обекти тук.,don't translate Home Assistant
ui_media_0c77aee,,Media,Медия,
ui_media_browsing_isn_t_available_for_this_player_e068417,,Media browsing isn't available for this player.,Сърфирането на мултимедия не е достъпно за този плейър.,
ui_media_library_b9c5845,,Media library,Медийна библиотека,
ui_media_players_a4b8cf2,,Media players,Медийни плейъри,
ui_media_players_ec25525,,Media Players,Медийни плейъри,
ui_messages_safety_and_portability_ee58dfe,,"Messages, safety, and portability","Съобщения, безопасност и преносимост",
ui_messages_sent_to_this_device_via_home_assistant_s_87e4a32,,Messages sent to this device via\nHome Assistant's notify service appear here.,"Съобщения, изпратени до това устройство чрез\nУслугата за уведомяване на Home Assistant се показва тук.",don't translate Home Assistant; \n = line break
ui_meteorological_tap_or_swipe_3f3d67e,,Meteorological · tap or swipe,Метеорологични · докоснете или плъзнете,
ui_meter_readings_a3c12c4,,Meter readings,Показания на измервателните уреди,
ui_mixed_climate_5d22eb9,,Mixed climate,Смесен климат,
ui_mm_ce9b88b,,%1$s mm,%1$s мм,app fills in %1$s — keep them
ui_mmm_d_9367bcf,,"%1$s, MMM d","%1$s, MMM d",app fills in %1$s — keep them
ui_mode_a7b93d2,,Mode,Режим,
ui_modes_6fc3ca8,,MODES,РЕЖИМИ,
ui_modes_79f5b22,,Modes,Режими,
ui_monitoring_a814345,,Monitoring,Мониторинг,
ui_moon_846b902,,Moon,Луна,
ui_move_down_260ff8a,,Move down,Придвижете се надолу,
ui_move_up_b4f57cd,,Move up,Придвижете се нагоре,
ui_mozilla_public_license_2_0_mpl_2_0_4ec8335,,Mozilla Public License 2.0 (MPL-2.0),Mozilla Public License 2.0 (MPL-2.0),
ui_multiple_climate_values_are_averaged_separate_sensor_value_cfccbf4,,Multiple climate values are averaged. Separate sensor values are averaged only when no climate source is selected.,Осредняват се множество климатични стойности. Стойностите на отделните сензори се осредняват само когато не е избран климатичен източник.,
ui_mywifi_mywifi_5g_2a163c1,,"MyWiFi, MyWiFi-5G","MyWiFi, MyWiFi-5G",
ui_n_b51a607,,N,Н,
ui_name_709a232,,Name,Име,
ui_name_a_z_257c1c4,,Name A-Z,Име A-Z,
ui_name_and_icon_shown_above_this_container_9076bde,,Name and icon shown above this container,"Име и икона, показани над този контейнер",
ui_name_and_icon_shown_above_this_floor_3755eda,,Name and icon shown above this floor,"Име и икона, показани над този етаж",
ui_name_and_icon_used_throughout_the_app_bed8e83,,Name and icon used throughout the app,"Име и икона, използвани в цялото приложение",
ui_name_optional_9c9f03a,,Name (optional),Име (по избор),
ui_name_subtitle_and_navigation_icon_3f2e8c4,,"Name, subtitle, and navigation icon","Име, субтитри и икона за навигация",
ui_name_this_device_4d603e2,,Name this device,Назовете това устройство,
ui_name_width_and_icon_a4d694b,,"Name, width, and icon","Име, ширина и икона",
ui_name_z_a_daabfb6,,Name Z-A,Име Z-A,
ui_native_home_assistant_automations_always_in_sync_ae8941e,,"Native Home Assistant automations, always in sync","Родни Home Assistant автоматизации, винаги в синхрон",don't translate Home Assistant
ui_navigation_bar_e90e3de,,Navigation Bar,Навигационна лента,
ui_network_routes_for_1d18efd,,Network routes for %1$s,Мрежови маршрути за %1$s,app fills in %1$s — keep them
ui_never_sent_to_the_developer_or_to_any_third_f0479e9,,"never sent to the developer or to any third party, and you can turn this ",никога не се изпраща на програмиста или на трета страна и можете да го обърнете,keep the space at the start/end
ui_never_triggered_c91b347,,Never triggered,Никога не е задействан,
ui_new_dashboard_4d3c071,,New Dashboard,Ново табло за управление,
ui_new_floor_1389094,,New floor,Нов етаж,
ui_new_flow_d4cef94,,New flow,Нов поток,
ui_next_camera_14994be,,Next camera,Следваща камера,
ui_no_active_parcels_or_mail_6c9d49c,,No active parcels or mail.,Няма активни колети или поща.,
ui_no_activity_in_this_period_5cb3978,,No activity in this period,Няма активност в този период,
ui_no_adaptive_lighting_profiles_are_currently_available_6d29642,,No Adaptive Lighting profiles are currently available.,В момента няма налични профили за адаптивно осветление.,
ui_no_air_purifiers_configured_add_fan_entities_under_climate_fd229a8,,No air purifiers configured. Add fan entities under Climate Settings → Climate Entities → Air purifiers.,Няма конфигурирани пречистватели на въздуха. Добавете вентилационни обекти в Настройки на климата → Климатични обекти → Пречистватели на въздух.,
ui_no_alarm_585ad82,,No alarm,Няма аларма,
ui_no_announced_letters_4382408,,No announced letters.,Няма обявени писма.,
ui_no_archived_notifications_ed5604b,,No archived notifications,Няма архивирани известия,
ui_no_battery_entities_found_turn_off_battery_filtering_to_dfbc403,,No Battery+ entities found. Turn off Battery+ filtering to show all battery sensors.,"Няма намерени обекти Battery+. Изключете филтрирането на батерията+, за да покажете всички сензори за батерията.",
ui_no_battery_sensors_found_7cc0962,,No battery sensors found.,Няма намерени сензори за батерията.,
ui_no_camera_selected_717ad35,,No camera selected,Няма избрана камера,
ui_no_carbon_intensity_sensor_found_on_this_device_140bf09,,No carbon intensity sensor found on this device,На това устройство не е намерен сензор за въглероден интензитет,
ui_no_cards_yet_open_the_stack_settings_to_pick_021dada,,No cards yet — open the stack settings to pick energy cards.,"Все още няма карти — отворете настройките на стека, за да изберете енергийни карти.",
ui_no_cards_yet_open_the_stack_settings_to_pick_ca8008f,,No cards yet — open the stack settings to pick climate cards.,"Все още няма карти — отворете настройките на стека, за да изберете климатични карти.",
ui_no_climate_data_37d45e0,,No climate data,Няма климатични данни,
ui_no_climate_devices_found_thermostats_and_ac_units_from_2e47541,,No climate devices found. Thermostats and AC units from Home Assistant appear here automatically.,Няма намерени климатични устройства. Термостатите и климатичните модули от Home Assistant се появяват тук автоматично.,don't translate Home Assistant
ui_no_collections_in_the_next_7_days_6d48bf4,,No collections in the next 7 days.,Няма събиране през следващите 7 дни.,
ui_no_conditions_this_flow_always_continues_c95e76f,,No conditions — this flow always continues,Без условия — този поток винаги продължава,
ui_no_dashboards_have_been_shared_with_you_yet_ask_38b2c0d,,"No dashboards have been shared with you yet. Ask an admin to share one, or pick another option above.",Все още няма споделени табла с вас. Помолете администратор да сподели такъв или изберете друга опция по-горе.,
ui_no_dashboards_have_been_shared_with_you_yet_ask_877080a,,No dashboards have been shared with you yet. Ask an admin to share one.,Все още няма споделени табла с вас. Помолете администратор да сподели такъв.,
ui_no_data_d802d23,,No data,Няма данни,
ui_no_door_sensor_f6b60c8,,No door sensor,Няма сензор за врата,
ui_no_energy_sensors_found_eeecdec,,No energy sensors found.,Няма намерени енергийни сензори.,
ui_no_events_e339ba7,,No events,Няма събития,
ui_no_fans_found_fan_entities_from_home_assistant_appear_279dab7,,No fans found. Fan entities from Home Assistant appear here automatically.,Няма намерени фенове. Обекти на фенове от Home Assistant се появяват тук автоматично.,don't translate Home Assistant
ui_no_forecast_available_ed48809,,No forecast available,Няма налична прогноза,
ui_no_graphs_yet_open_the_stack_settings_to_add_87f742f,,No graphs yet — open the stack settings to add sensor graphs.,"Все още няма графики — отворете настройките на стека, за да добавите сензорни графики.",
ui_no_heading_162947f,,No heading,Без заглавие,
ui_no_hourly_forecast_available_9ef5a5f,,No hourly forecast available,Няма налична почасова прогноза,
ui_no_humidifiers_found_humidifier_entities_from_home_assista_eeadbd7,,No humidifiers found. Humidifier entities from Home Assistant appear here automatically; extras can be added in Climate Settings.,Няма открити овлажнители. Обектите на овлажнителя от Home Assistant се появяват тук автоматично; могат да се добавят екстри в Climate Settings.,don't translate Home Assistant
ui_no_individual_water_devices_configured_d0060ba,,No individual water devices configured.,Няма конфигурирани индивидуални устройства за вода.,
ui_no_letter_image_available_eeb42c0,,No letter image available,Няма налично изображение на буква,
ui_no_map_camera_configured_d72057b,,No map camera\nconfigured,Няма камера за карта\nконфигуриран,\n = line break
ui_no_map_camera_set_configure_in_button_settings_b54466c,,No map camera set.\nConfigure in button settings.,Няма зададена камера за карта.\nКонфигурирайте в настройките на бутоните.,\n = line break
ui_no_matches_cd0af6c,,No matches,Няма съвпадения,
ui_no_matching_automations_4489522,,No matching automations,Няма съответстващи автоматизации,
ui_no_media_players_found_1248a89,,No media players found.,Няма намерени медийни плейъри.,
ui_no_native_home_assistant_automations_found_725a043,,No native Home Assistant automations found,Няма намерени собствени автоматизации на Home Assistant,don't translate Home Assistant
ui_no_non_admin_users_found_on_this_home_assistant_e9e665d,,No non-admin users found on this Home Assistant.,"В този Home Assistant не са намерени потребители, които не са администратори.",don't translate Home Assistant
ui_no_notifications_a72159d,,No Notifications,Няма известия,
ui_no_notifications_b08626f,,No notifications,Няма известия,
ui_no_options_available_7a19b6d,,No options available,Няма налични опции,
ui_no_other_entities_on_this_device_fbc481b,,No other entities on this device.,Няма други обекти на това устройство.,
ui_no_other_users_found_on_this_home_assistant_cb89d3d,,No other users found on this Home Assistant.,Няма намерени други потребители на този Home Assistant.,don't translate Home Assistant
ui_no_parcel_selected_922a402,,No parcel selected,Няма избран парцел,
ui_no_parcels_cf4c0a0,,No %1$s parcels.,Няма колети %1$s.,app fills in %1$s — keep them
ui_no_phase_sensors_configured_in_energy_settings_b88c1dc,,No phase sensors configured in Energy Settings.,"Няма фазови сензори, конфигурирани в енергийните настройки.",
ui_no_power_sensors_found_caf2e07,,No power sensors found.,Няма намерени сензори за мощност.,
ui_no_power_sensors_found_on_this_device_or_its_942e9be,,No power sensors found on this device (or its sub-devices) yet.,Все още няма открити сензори за мощност на това устройство (или неговите подустройства).,
ui_no_profile_available_98d6e00,,No profile available,Няма наличен профил,
ui_no_sensors_found_edacf22,,No %1$s sensors found.,Няма намерени %1$s сензори.,app fills in %1$s — keep them
ui_no_sensors_selected_open_the_widget_settings_in_edit_cd87a2e,,No sensors selected — open the widget settings in edit mode.,Няма избрани сензори — отворете настройките на притурката в режим на редактиране.,
ui_no_servers_found_yet_make_sure_you_re_on_7e6832d,,"No servers found yet. Make sure you're on the same Wi-Fi, or enter the address below.","Все още няма намерени сървъри. Уверете се, че сте на същата Wi-Fi мрежа или въведете адреса по-долу.",
ui_no_speed_control_linked_cb0e9ad,,No speed control linked,Няма свързан контрол на скоростта,
ui_no_status_history_enable_parcel_history_in_the_integration_302ca4a,,No status history (enable parcel history in the integration options),Няма история на състоянието (активирайте историята на колетите в опциите за интеграция),
ui_no_stream_available_0535c4e,,No stream available,Няма наличен поток,
ui_no_stream_available_6bfd14a,,No Stream Available,Няма наличен поток,
ui_no_supported_alarm_modes_reported_by_this_entity_588b22a,,No supported alarm modes reported by this entity,"Няма поддържани режими на аларма, докладвани от този обект",
ui_no_target_f919b89,,No target,Няма цел,
ui_no_tariff_sensors_configured_in_energy_settings_2ad6a3c,,No tariff sensors configured in Energy Settings.,"Няма тарифни сензори, конфигурирани в енергийните настройки.",
ui_no_thanks_6d745b3,,No thanks,не благодаря,
ui_no_upcoming_collections_feff2a6,,No upcoming collections,Няма предстоящи колекции,
ui_no_waste_sensors_selected_68b51ce,,No waste sensors selected,Няма избрани сензори за отпадъци,
ui_no_waste_sensors_selected_add_them_via_the_widget_554ff3d,,No waste sensors selected. Add them via the widget settings in edit mode.,Няма избрани сензори за отпадъци. Добавете ги чрез настройките на уиджета в режим на редактиране.,
ui_no_weather_cards_ce32255,,No weather cards,Няма карти за времето,
ui_no_weather_entity_available_7476bcb,,No weather entity available,Няма наличен обект за времето,
ui_no_widgets_match_73a3c20,,"No widgets match ""%1$s""","Няма уиджети, съответстващи на „%1$s“",app fills in %1$s — keep them
ui_none_6eef664,,None,Няма,
ui_none_auto_cc8786f,,None / Auto,Няма / Авто,
ui_none_modes_stay_as_the_only_control_b62bff7,,None — modes stay as the only control,Няма — режимите остават като единствен контрол,
ui_none_of_your_configured_carriers_support_adding_a_parcel_21dc0a4,,"None of your configured carriers support adding a parcel by tracking number. Account-based carriers (PostNL, DPD, DHL) only track what's already in your account.","Никой от вашите конфигурирани оператори не поддържа добавяне на колет чрез номер за проследяване. Базираните на акаунти превозвачи (PostNL, DPD, DHL) проследяват само това, което вече е във вашия акаунт.",
ui_none_selected_5798946,,None selected,Няма избрани,
ui_none_timer_follows_the_completion_time_only_09d470a,,None — timer follows the completion time only,Няма — таймерът следва само времето за завършване,
ui_not_enough_data_cdb9d58,,Not enough data,Няма достатъчно данни,
ui_not_enough_data_in_this_period_48188c4,,Not enough data in this period,Няма достатъчно данни за този период,
ui_not_loaded_by_home_assistant_95f811a,,Not loaded by Home Assistant,Не е заредено от Home Assistant,don't translate Home Assistant
ui_not_set_93039e6,,Not set,Не е зададено,
ui_nothing_here_7f42022,,Nothing here.,Тук няма нищо.,
ui_nothing_hidden_fd1cdd3,,Nothing hidden,Нищо скрито,
ui_nothing_is_shared_yet_fca61d0,,Nothing is shared yet.,Все още нищо не е споделено.,
ui_nothing_removed_d67902f,,Nothing removed.,Нищо премахнато.,
ui_nothing_removed_use_edit_mode_on_the_climate_page_dd07910,,Nothing removed. Use edit mode on the Climate page to remove cards; they land here and can be restored.,"Нищо премахнато. Използвайте режима за редактиране на страницата Climate, за да премахнете картите; те кацат тук и могат да бъдат възстановени.",
ui_nothing_to_reorder_yet_cdcbb36,,Nothing to reorder yet.,Все още няма нищо за пренареждане.,
ui_notification_c18f8f2,,Notification,Уведомяване,
ui_notifications_753a22b,,Notifications,Известия,
ui_notifications_are_delivered_over_the_app_s_live_connection_d2aa965,,Notifications are delivered over the app's live connection whenever it is open — send them from Home Assistant with the notify service for this device. Swipe in from the left edge to see the history.,"Известията се доставят през връзката на живо на приложението, когато то е отворено — изпратете ги от Home Assistant с услугата за известяване за това устройство. Плъзнете навътре от левия край, за да видите хронологията.",don't translate Home Assistant
ui_now_e3b8204,,Now,Сега,
ui_of_3_enabled_5cdedd4,,%1$s of 3 enabled,%1$s от 3 активирани,app fills in %1$s — keep them
ui_of_home_fdfd824,,%1$s%% of home,%1$s%% от дома,app fills in %1$s — keep them
ui_off_ad50489,,OFF,ИЗКЛ,
ui_off_at_any_time_in_android_settings_4607e2c,,off at any time in Android settings.,изключен по всяко време в настройките на Android.,
ui_off_e3de5ab,,Off,Изкл,
ui_ok_9ce3bd4,,OK,добре,
ui_on_12469c7,,On - %1$s%%,Включено - %1$s%%,app fills in %1$s — keep them
ui_on_387d7a5,,ON,ВКЛ,
ui_on_e0049a6,,On,включено,
ui_on_f9ca2fe,,%1$s%% • ON,%1$s%% • ВКЛ,app fills in %1$s — keep them
ui_on_these_wi_fi_networks_the_app_connects_via_82d3f1f,,On these Wi-Fi networks the app connects via the internal URL; everywhere else it uses the main server URL above.,В тези Wi-Fi мрежи приложението се свързва чрез вътрешния URL адрес; навсякъде другаде използва URL адреса на главния сървър по-горе.,
ui_on_this_device_a7f9620,,On this device,На това устройство,
ui_onboard_step_fefaac1,,onboard_step,onboard_step,
ui_only_percentage_sensors_classified_by_home_assistant_as_ba_0d94a2a,,Only percentage sensors classified by Home Assistant as batteries are imported. ,"Импортират се само процентни сензори, класифицирани от Home Assistant като батерии.",don't translate Home Assistant; keep the space at the start/end
ui_only_show_battery_entities_and_include_battery_type_detail_b216867,,Only show Battery+ entities and include battery type details,Показване само на обекти Battery+ и включване на подробности за типа батерия,
ui_only_show_battery_entities_and_include_type_quantity_and_0d8ce40,,"Only show Battery+ entities and include type, quantity, and related battery info.","Показвайте само обекти Battery+ и включете тип, количество и свързана информация за батерията.",
ui_open_camera_full_screen_afc186b,,Open camera full screen,Отворете камерата на цял екран,
ui_open_cf9b770,,Open,Отворете,
ui_open_history_for_graph_ae801d5,,Open history for graph,Отворете историята за графиката,
ui_open_link_d2de1a2,,Open link,Отворете връзката,
ui_open_source_and_premium_licensing_0328125,,Open-source and premium licensing,Лицензиране с отворен код и премия,
ui_open_the_component_on_github_c1e5ee5,,Open the component on GitHub,Отворете компонента в GitHub,
ui_open_this_panel_by_swiping_left_from_the_upper_671e63c,,Open this panel by swiping left from the upper-right edge of any page header.,"Отворете този панел, като плъзнете наляво от горния десен край на която и да е горна част на страница.",
ui_opening_dashboard_8e99930,,Opening dashboard…,Таблото за управление се отваря...,
ui_openstreetmap_fa78a33,,OpenStreetMap,OpenStreetMap,
ui_optional_context_shown_by_the_lock_card_03f6814,,Optional context shown by the lock card,"Незадължителен контекст, показан от заключващата карта",
ui_optional_controls_and_sensors_for_richer_dialogs_7a80e7b,,Optional controls and sensors for richer dialogs,Допълнителни контроли и сензори за по-богати диалози,
ui_optional_display_name_and_icon_override_f7a6cda,,Optional display name and icon override,Незадължително екранно име и отмяна на икона,
ui_optional_fields_passed_to_home_assistant_54dffc6,,Optional fields passed to Home Assistant,"Незадължителни полета, предадени на Home Assistant",don't translate Home Assistant
ui_optional_label_shown_when_name_is_enabled_above_8229e92,,"Optional label shown when ""Name"" is enabled above","Незадължителен етикет, показан, когато „Име“ е активирано по-горе",
ui_optional_name_and_icon_overrides_5dfd062,,Optional name and icon overrides,Име и икона по избор,
ui_optional_name_and_icon_shown_above_this_stack_272f237,,Optional name and icon shown above this stack,"Незадължително име и икона, показани над този стек",
ui_optional_premium_5ae8183,,Optional Premium,Премиум по избор,
ui_optional_support_for_development_and_testing_costs_5d6af95,,Optional support for development and testing costs,Незадължителна поддръжка за разходи за разработка и тестване,
ui_optional_title_and_dashboard_width_e04c6e8,,Optional title and dashboard width,По избор заглавие и ширина на таблото,
ui_optional_title_width_and_supported_shape_8b2e456,,"Optional title, width, and supported shape","Незадължително заглавие, ширина и поддържана форма",
ui_options_6bf5da9,,Options,Опции,
ui_organization_519255a,,Organization,Организация,
ui_oscillate_3d3c9bd,,Oscillate,Осцилирайте,
ui_outside_cbbef8c,,OUTSIDE,ВЪН,
ui_outside_is_never_auto_detected_either_link_a_weather_eb8cc14,,"Outside is never auto-detected. Either link a weather entity (it usually carries temperature, humidity and pressure) or pick individual outdoor sensors below. The temperature feeds the Outside tile and the hero's outside reading.","Извън никога не се открива автоматично. Или свържете метеорологичен обект (обикновено носи температура, влажност и налягане) или изберете отделни външни сензори по-долу. Температурата захранва външната плочка и външното четене на героя.",
ui_outside_weather_entity_98e8465,,Outside weather entity,Външен метеорологичен обект,
ui_page_areas_1068b64,,Page areas,Области на страницата,
ui_page_icon_b58a288,,Page icon,Икона на страница,
ui_page_identity_dafa8dd,,Page identity,Идентичност на страницата,
ui_page_name_c99f51a,,Page name,Име на страницата,
ui_page_settings_0a44afc,,Page settings,Настройки на страницата,
ui_page_subtitle_8a04084,,Page subtitle,Подзаглавие на страницата,
ui_parcel_9ddaaee,,Parcel,Колет,
ui_parcels_16129ec,,Parcels,Колети,
ui_parental_controls_c4f61d0,,Parental controls,Родителски контрол,
ui_parental_controls_dashboard_sharing_and_permissions_b74e0c0,,"Parental controls, dashboard sharing, and permissions","Родителски контрол, споделяне на таблото за управление и разрешения",
ui_parental_controls_sharing_needs_the_hki_7_cloud_component_7929459,,Parental controls & sharing — needs the HKI 7 Cloud component,Родителски контрол и споделяне — нуждае се от компонента HKI 7 Cloud,don't translate HKI 7 Cloud
ui_pause_781961b,,Pause,Пауза,
ui_pause_adaptation_821b33e,,Pause adaptation,Пауза на адаптацията,
ui_pending_timer_dbf15fa,,Pending timer,Изчакващ таймер,
ui_people_b37554f,,People,хора,
ui_permission_needed_7c7a8e5,,Permission needed,Необходимо е разрешение,
ui_permissions_d06d555,,Permissions,Разрешения,
ui_person_settings_977e009,,Person settings,Настройки на лицето,
ui_personal_information_used_throughout_hki_7_b7d1b08,,Personal information used throughout HKI 7,"Лична информация, използвана в HKI 7",don't translate HKI 7
ui_personalize_7602b35,,Personalize,Персонализирайте,
ui_persons_order_9fe91dc,,Persons order,Поръчка на лица,
ui_phase_17619b8,,Phase %1$s,Фаза %1$s,app fills in %1$s — keep them
ui_pick_a_carbon_footprint_device_ea1fe94,,Pick a carbon footprint device,Изберете устройство с въглероден отпечатък,
ui_pick_a_device_to_auto_fill_the_sensors_below_f396326,,Pick a device to auto-fill the sensors below,Изберете устройство за автоматично попълване на сензорите по-долу,
ui_pick_a_source_device_or_fine_tune_individual_roles_beb54f5,,Pick a source device or fine-tune individual roles,Изберете изходно устройство или прецизирайте отделните роли,
ui_pick_a_starting_point_everything_remains_editable_340924e,,Pick a starting point; everything remains editable,Изберете начална точка; всичко остава редактируемо,
ui_pickup_b6da461,,Pickup: %1$s,Вземане: %1$s,app fills in %1$s — keep them
ui_pin_3adadd3,,PIN,ПИН,
ui_place_this_room_in_the_correct_floor_group_52c044a,,Place this room in the correct floor group,Поставете тази стая в правилната група етажи,
ui_placement_ab89d05,,Placement,Поставяне,
ui_playback_c8e3087,,Playback,Възпроизвеждане,
ui_player_e53407c,,Player,Играч,
ui_players_summarized_by_the_room_header_and_card_729ea70,,Players summarized by the room header and card,Играчите са обобщени по заглавието на стаята и картата,
ui_please_wait_5afeca7,,Please wait…,моля изчакайте...,
ui_position_d0b0314,,POSITION,ПОЗИЦИЯ,
ui_postal_code_optional_b86b6a2,,Postal code (optional),Пощенски код (по избор),
ui_power_c2b6b52,,POWER,МОЩНОСТ,
ui_power_overview_a204dd7,,Power overview,Преглед на мощността,
ui_power_per_phase_1f38fb0,,Power per phase,Мощност на фаза,
ui_precipitation_60d5e73,,Precipitation,Валежи,
ui_premium_icon_packs_animated_icons_and_artwork_premium_them_6363fef,,"Premium icon packs, animated icons and artwork, premium themes, entitlement services, and any separately marked premium modules are not covered by MPL-2.0. They remain proprietary and are licensed for personal use through a valid Premium entitlement.","Премиум пакети с икони, анимирани икони и произведения на изкуството, премиум теми, услуги за предоставяне на права и всички отделно маркирани премиум модули не се покриват от MPL-2.0. Те остават собственост и са лицензирани за лична употреба чрез валидно право на Premium.",
ui_presets_6891289,,PRESETS,ПРЕДВАРИТЕЛНИ НАСТРОЙКИ,
ui_presets_e709e76,,Presets,Предварителни настройки,
ui_press_ea683ad,,Press,Натиснете,
ui_prevents_android_from_delaying_battery_charging_and_presen_623b898,,"Prevents Android from delaying battery, charging, and presence updates while the device is idle.","Не позволява на Android да забавя батерията, зареждането и актуализациите за присъствие, докато устройството е неактивно.",
ui_previous_camera_5014da7,,Previous camera,Предишна камера,
ui_produced_5028c07,,Produced %1$s,Произведено %1$s,app fills in %1$s — keep them
ui_production_overview_fbbfc38,,Production overview,Преглед на производството,
ui_profile_ff4fc02,,Profile,Профил,
ui_profile_switches_affect_every_light_assigned_to_19ba9ec,,Profile switches affect every light assigned to %1$s.,"Превключвателите на профили засягат всяка светлина, присвоена на %1$s.",app fills in %1$s — keep them
ui_profiles_0c2a930,,Profiles,Профили,
ui_project_information_licensing_and_community_support_9fc47d6,,"Project information, licensing, and community support","Информация за проекта, лицензиране и подкрепа от общността",
ui_publish_one_of_your_dashboards_to_your_family_recipients_88c1d49,,Publish one of your dashboards to your family. Recipients import it from Settings › Dashboard and can pull updates later. Set what they may change under Permissions.,Публикувайте едно от вашите табла за управление на вашето семейство. Получателите го импортират от Настройки › Табло за управление и могат да изтеглят актуализации по-късно. Задайте какво могат да променят под Разрешения.,
ui_published_to_your_family_33fc8da,,Published to your family,Публикувано за вашето семейство,
ui_pulse_8439fc4,,pulse,пулс,
ui_pulsescale_939f5c2,,pulseScale,pulseScale,
ui_push_delivery_and_history_aa3e29d,,Push delivery and history,Push доставка и история,
ui_push_my_changes_now_ddff3f6,,Push my changes now,Изпратете моите промени сега,
ui_pushing_3c52088,,Pushing…,Натискане...,
ui_quick_actions_e47e804,,Quick actions,Бързи действия,
ui_quick_start_gesture_23ee6fe,,quick_start_gesture,жест_за_бърз_старт,
ui_rain_0a858c9,,Rain,дъжд,
ui_rain_map_7c1862a,,Rain map,Карта на дъжда,
ui_rain_map_image_url_0c47012,,Rain map image URL,URL адрес на изображението на картата на дъжда,
ui_rain_map_url_iframe_3f22653,,Rain map URL (iframe),URL адрес на картата на дъжда (iframe),
ui_re_import_batteries_9473d07,,Re-import batteries,Повторен внос на батерии,
ui_re_import_batteries_f3b8458,,Re-import Batteries,Повторно импортиране на батерии,
ui_re_import_climate_3ed098c,,Re-import climate,Re-import климат,
ui_re_import_climate_f7f5678,,Re-import Climate,Повторно импортиране на климата,
ui_re_import_energy_9e66bbb,,Re-import Energy,Повторен внос на енергия,
ui_re_import_energy_c0b0fcc,,Re-import energy,Реимпортирайте енергия,
ui_re_import_rooms_6cc58f9,,Re-import rooms,Повторно импортиране на стаи,
ui_re_import_rooms_b49077d,,Re-import Rooms,Повторно импортиране на стаи,
ui_re_import_security_411e76d,,Re-import Security,Повторно импортиране на сигурността,
ui_re_import_security_fcf0ad8,,Re-import security,Повторно импортиране на сигурност,
ui_read_only_home_assistant_automation_46d25b7,,Read-only Home Assistant automation,Само за четене Home Assistant автоматизация,don't translate Home Assistant
ui_read_the_full_mpl_2_0_4d68c7d,,Read the full MPL 2.0,Прочетете пълния MPL 2.0,
ui_ready_20c7c55,,Ready,Готови,
ui_receive_home_assistant_alerts_and_actionable_notifications_386435f,,Receive Home Assistant alerts and actionable notifications on this device.,Получавайте Home Assistant сигнали и известия за действие на това устройство.,don't translate Home Assistant
ui_recipes_create_regular_home_assistant_automations_you_can_a81bf72,,Recipes create regular Home Assistant automations. You can continue editing them in either HKI7 or Home Assistant.,Рецептите създават редовни Home Assistant автоматизации. Можете да продължите да ги редактирате в HKI7 или Home Assistant.,"don't translate Home Assistant, HKI7"
ui_recommended_e37d21e,,RECOMMENDED,ПРЕПОРЪЧВА СЕ,
ui_recording_09b5b61,,Recording · ,Записване ·,keep the space at the start/end
ui_refresh_56e3bad,,Refresh,Опресняване,
ui_refresh_connection_46966aa,,Refresh Connection,Обновяване на връзката,
ui_refresh_interval_f086d9d,,Refresh interval,Интервал на опресняване,
ui_relock_after_4db5c55,,Relock after,Повторно заключване след,
ui_remote_access_is_ready_0e26b5a,,Remote access is ready.,Отдалеченият достъп е готов.,
ui_remote_access_optional_75dd54d,,Remote access (optional),Отдалечен достъп (по избор),
ui_remove_436e1a0,,Remove %1$s?,Премахване на %1$s?,app fills in %1$s — keep them
ui_remove_avatar_58e0c56,,Remove avatar,Премахване на аватара,
ui_remove_e963907,,Remove,Премахнете,
ui_remove_edits_and_import_all_7f0b4a1,,Remove edits and import all,Премахнете редакциите и импортирайте всички,
ui_removed_entities_559c584,,Removed entities (%1$s),Премахнати обекти (%1$s),app fills in %1$s — keep them
ui_removed_entities_6dbeb2d,,Removed entities,Премахнати обекти,
ui_removed_entities_are_excluded_from_cards_graphs_tiles_and_628e91a,,"Removed entities are excluded from cards, graphs, tiles and averages. Tap ✕ to restore.","Премахнатите обекти се изключват от карти, графики, плочки и средни стойности. Докоснете ✕ за възстановяване.",
ui_rename_d3f4cb8,,Rename,Преименуване,
ui_rename_dashboard_ceb1d6d,,Rename dashboard,Преименуване на таблото за управление,
ui_rename_home_assistant_f1a0d6f,,Rename Home Assistant,Преименуване на Home Assistant,don't translate Home Assistant
ui_rename_players_and_choose_which_ones_may_show_the_212864f,,Rename players and choose which ones may show the mini player above the navigation bar while playing.,"Преименувайте играчите и изберете кои да показват мини плейъра над навигационната лента, докато играят.",
ui_rename_players_and_mini_player_visibility_8d0e1f7,,Rename players and mini player visibility,Преименуване на играчи и видимост на мини плейъра,
ui_rendering_style_and_history_range_be872e9,,Rendering style and history range,Стил на изобразяване и диапазон на историята,
ui_reorder_and_hide_tabs_39de701,,Reorder and hide tabs,Пренареждане и скриване на раздели,
ui_reorder_cameras_b226c47,,Reorder cameras,Пренаредете камерите,
ui_reorder_cards_147ed64,,Reorder cards,Пренаредете картите,
ui_reorder_devices_8bcc061,,Reorder devices,Пренареждане на устройства,
ui_repeat_659eba1,,Repeat,Повторете,
ui_repeats_every_day_only_the_time_of_day_is_a71f502,,Repeats every day — only the time of day is used.,Повтаря се всеки ден — използва се само времето от деня.,
ui_repeats_every_month_only_the_day_of_the_month_93ca445,,Repeats every month — only the day of the month and time are used.,Повтаря се всеки месец — използват се само денят от месеца и часът.,
ui_repeats_every_week_only_the_weekday_and_time_are_8f36757,,Repeats every week — only the weekday and time are used.,Повтаря се всяка седмица — използват се само делничният ден и часът.,
ui_repeats_every_year_the_year_is_ignored_so_e_a661f32,,"Repeats every year — the year is ignored, so e.g. 24–26 Dec recurs each Christmas.","Повтаря се всяка година — годината се игнорира, така че напр. 24–26 декември се повтаря всяка Коледа.",
ui_require_an_extra_gesture_or_pin_before_actions_run_19ae393,,Require an extra gesture or PIN before actions run,Изискване на допълнителен жест или ПИН преди изпълнение на действията,
ui_required_9100e2e,, (required),(задължително),keep the space at the start/end
ui_required_state_bdc9c95,,Required state,Задължително състояние,
ui_reset_44c57ab,,Reset,Нулиране,
ui_reset_everything_2d6cd07,,Reset Everything,Нулирайте всичко,
ui_restart_b134bd5,,Restart,Рестартирайте,
ui_restart_home_assistant_0206bf0,,Restart Home Assistant?,Рестартиране на Home Assistant?,don't translate Home Assistant
ui_restart_home_assistant_551322c,,Restart Home Assistant,Рестартирайте Home Assistant,don't translate Home Assistant
ui_restarting_b86eee1,,Restarting…,Рестартира се...,
ui_restore_3cbe6d6,,Restore,Възстановяване,
ui_restore_backup_a65eaa8,,Restore backup,Възстановете резервно копие,
ui_restore_from_cloud_52b6663,,Restore from cloud,Възстановяване от облак,
ui_restore_from_home_assistant_13aec1d,,Restore from Home Assistant,Възстановяване от Home Assistant,don't translate Home Assistant
ui_resume_adaptation_ac73b12,,Resume adaptation,Възобновете адаптацията,
ui_resume_b3bd0b5,,Resume,Резюме,
ui_reverse_57f9933,,Reverse,Обратно,
ui_right_954daa8,,Right,вярно,
ui_right_side_overflows_left_d75893d,,Right side overflows left,Дясната страна прелива наляво,
ui_room_areas_584c8ee,,Room areas,Стайни площи,
ui_room_climate_c57811d,,Room climate,Стаен климат,
ui_room_name_8605e33,,Room name,Име на стаята,
ui_room_scale_6602c22,,room-scale,стаен мащаб,
ui_rooms_3a28d6f,,Rooms,Стаи,
ui_rooms_are_imported_2ef3415,,Rooms are imported,Стаите са вносни,
ui_rooms_in_auto_mode_are_imported_from_home_assistant_c583d84,,Rooms in auto mode are imported from Home Assistant. Switch to manual or take over the current dashboard to add widgets by hand.,"Стаите в автоматичен режим се импортират от Home Assistant. Превключете на ръчно или поемете текущото табло за управление, за да добавите приспособления на ръка.",don't translate Home Assistant
ui_rotation_acaf322,,rotation,въртене,
ui_roundness_of_buttons_cards_and_widgets_3573fff,,"Roundness of buttons, cards and widgets","Заобленост на бутоните, картите и уиджетите",
ui_run_b1b3926,,Run,Бягай,
ui_run_mode_12ce660,,Run mode,Режим на бягане,
ui_running_state_entity_3c8ffde,,Running-state entity,Обект в работещо състояние,
ui_s_02aa629,,S,С,
ui_s_are_81c69ca,,s are,s са,
ui_s_refresh_10a9b0b,,%1$ss refresh,%1$ss опресняване,app fills in %1$s — keep them
ui_save_efc007a,,Save,Запазване,
ui_save_in_home_assistant_eacb2ce,,Save in Home Assistant,Запазване в Home Assistant,don't translate Home Assistant
ui_save_local_network_7f0247d,,Save Local Network,Запазване на локалната мрежа,
ui_save_or_restore_dashboard_configuration_be8f39f,,Save or restore dashboard configuration,Запазете или възстановете конфигурацията на таблото за управление,
ui_save_profile_f597c0e,,Save profile,Запазване на профила,
ui_save_remote_access_05740bc,,Save Remote Access,Запазване на отдалечен достъп,
ui_saved_directly_in_the_native_automation_734f9ba,,Saved directly in the native automation,Записва се директно в родната автоматизация,
ui_saving_56a2285,,Saving…,Запазва се...,
ui_scanning_36c4a06,,Scanning…,Сканиране...,
ui_scheduled_1cd1bda,,Scheduled,Планирано,
ui_search_actions_9313854,,Search actions,Действия за търсене,
ui_search_automations_9172ba9,,Search automations,Автоматизация на търсенето,
ui_search_batteries_a63e58b,,Search batteries,Търсене на батерии,
ui_search_bce0641,,Search,Търсене,
ui_search_by_name_28abc03,,Search by name,Търсене по име,
ui_search_devices_2ce0b70,,Search devices,Търсене на устройства,
ui_search_entities_7c70008,,Search entities,Субекти за търсене,
ui_search_f54fbca,,Search…,Търсене...,
ui_search_filters_3d10e32,,Search & filters,Търсене и филтри,
ui_search_sort_9fe6cb4,,Search & sort,Търсене и сортиране,
ui_search_the_material_design_icon_library_2a2aa8d,,Search the Material Design icon library,Търсене в библиотеката с икони на Material Design,
ui_search_widgets_9525879,,Search widgets,Уиджети за търсене,
ui_season_62255f5,,Season,Сезон,
ui_season_card_flip_6683142,,season-card-flip,сезонна карта-флип,
ui_secondary_line_ca81690,,Secondary line,Вторична линия,
ui_seconds_5fb1db5,,Seconds,Секунди,
ui_securitydoor_929c4fc,,securityDoor,охранителна врата,
ui_securitygarage_499e9f7,,securityGarage,сигурностГараж,
ui_securitygate_0743480,,securityGate,securityGate,
ui_securityhouse_08bd121,,securityHouse,сигурностКъща,
ui_securityphase_f4739f6,,securityPhase,securityPhase,
ui_securitypulse_5340cf8,,securityPulse,сигурностPulse,
ui_securitywindow_4619bf3,,securityWindow,securityWindow,
ui_select_0fc8ec5,,Select %1$s,Изберете %1$s,app fills in %1$s — keep them
ui_select_a_mode_to_continue_0426fc8,,Select a mode to continue,"Изберете режим, за да продължите",
ui_select_an_effect_to_turn_it_on_75d9bec,,Select an effect to turn it on,"Изберете ефект, за да го включите",
ui_select_an_inverter_device_in_energy_settings_solar_to_4a0aade,,Select an inverter device in Energy Settings → Solar to list its inverters here.,"Изберете инверторно устройство в Енергийни настройки → Слънчева енергия, за да изброите неговите инвертори тук.",
ui_select_an_option_08d7aa3,,Select an option,Изберете опция,
ui_select_battery_devices_bfc9841,,Select Battery Devices,Изберете Батерийни устройства,
ui_select_battery_entities_b08b299,,Select Battery Entities,Изберете Обекти на батерията,
ui_select_battery_sensor_51f1222,,Select Battery Sensor,Изберете Сензор за батерия,
ui_select_calendars_and_the_view_shown_first_d5c38b5,,Select calendars and the view shown first,Изберете календари и показания първи изглед,
ui_select_calendars_e26b0da,,Select Calendars,Изберете Календари,
ui_select_camera_70cf6fb,,Select Camera,Изберете Камера,
ui_select_climate_card_18f3b6e,,Select Climate Card,Изберете Климатична карта,
ui_select_device_87a4751,,Select Device,Изберете Устройство,
ui_select_door_sensor_f345fbf,,Select Door Sensor,Изберете Сензор за врата,
ui_select_empty_bin_control_d992252,,Select Empty Bin Control,Изберете Empty Bin Control,
ui_select_energy_card_9b5bf0c,,Select Energy Card,Изберете Енергийна карта,
ui_select_entities_affed45,,Select Entities,Изберете Обекти,
ui_select_entity_4b3713e,,Select Entity,Изберете Обект,
ui_select_forecast_entities_f0ec511,,Select Forecast Entities,Изберете Прогнозни обекти,
ui_select_humidity_sensor_8192d0e,,Select Humidity Sensor,Изберете Сензор за влажност,
ui_select_map_camera_d5ae262,,Select Map Camera,Изберете Карта на камерата,
ui_select_media_player_73f4f5b,,Select Media Player,Изберете Media Player,
ui_select_media_players_e0da90e,,Select Media Players,Изберете Media Players,
ui_select_outside_3593063,,Select outside %1$s,Изберете извън %1$s,app fills in %1$s — keep them
ui_select_running_state_entity_136482a,,Select running-state entity,Изберете обект в работещо състояние,
ui_select_sensor_2564e1a,,Select Sensor,Изберете Сензор,
ui_select_sensors_5141d75,,Select Sensors,Изберете Сензори,
ui_select_speed_control_20f7efa,,Select speed control,Изберете контрол на скоростта,
ui_select_target_entity_654e6ac,,Select Target Entity,Изберете целеви обект,
ui_select_temperature_sensor_821f54c,,Select Temperature Sensor,Изберете Температурен сензор,
ui_select_the_alarm_panels_summarized_by_this_pill_f9b23e6,,Select the alarm panels summarized by this pill,"Изберете алармените панели, обобщени от това хапче",
ui_select_to_auto_detect_map_battery_and_controls_72bc9d7,,"Select to auto-detect map, battery and controls","Изберете за автоматично откриване на карта, батерия и контроли",
ui_select_to_auto_fill_helper_entities_below_84a8833,,Select to auto-fill helper entities below,Изберете за автоматично попълване на помощни обекти по-долу,
ui_select_vacuum_4663021,,Select Vacuum,Изберете Вакуум,
ui_select_vacuum_entity_dbda6f4,,Select Vacuum Entity,Изберете Вакуумно образувание,
ui_select_vacuums_7c2d22a,,Select Vacuums,Изберете Вакууми,
ui_select_waste_sensors_6006d5f,,Select Waste Sensors,Изберете Сензори за отпадъци,
ui_select_water_level_562845a,,Select Water Level,Изберете ниво на водата,
ui_select_weather_2357e9d,,Select Weather,Изберете Времето,
ui_select_weather_entity_d489986,,Select Weather Entity,Изберете метеорологичен обект,
ui_select_week_calendar_640f382,,Select Week Calendar,Изберете Седмичен календар,
ui_selected_61ed328,,%1$s selected,%1$s избрано,app fills in %1$s — keep them
ui_selected_b82aaa5,,%1$s · Selected,%1$s · Избрано,app fills in %1$s — keep them
ui_selected_for_this_card_3c4a588,,%1$s selected for this card,%1$s избрано за тази карта,app fills in %1$s — keep them
ui_sensor_620ec21,,%1$s sensor%2$s,%1$s сензор%2$s,app fills in %1$s %2$s — keep them
ui_sensor_efb9fbf,,SENSOR,СЕНЗОР,
ui_sensor_graphs_5eb3573,,Sensor Graphs,Сензорни графики,
ui_sensor_picture_c3a0ed2,,Sensor picture,Сензорна снимка,
ui_sensors_711bf35,,Sensors,Сензори,
ui_sensors_and_an_optional_week_calendar_399bad3,,Sensors and an optional week calendar,Сензори и опционален седмичен календар,
ui_sensors_are_found_automatically_by_device_class_add_sensor_150bab5,,%1$s sensors are found automatically by device class; add sensors missing that class here.,"%1$s сензорите се намират автоматично по клас на устройството; добавете сензори, които липсват от този клас тук.",app fills in %1$s — keep them
ui_separate_commercial_content_0408620,,Separate commercial content,Отделно търговско съдържание,
ui_server_url_1d5d1ef,,Server URL,URL адрес на сървъра,
ui_services_data_7864c0a,,Services & data,Услуги и данни,
ui_session_f7f1997,,Session,Сесия,
ui_set_448ab73,,Set,Комплект,
ui_set_a_rain_map_image_url_in_this_widget_03729b8,,Set a rain map image URL in this widget's settings,Задайте URL адрес на изображение на карта на дъжда в настройките на тази джаджа,
ui_set_the_control_style_for_every_thermostat_on_this_de5cd1e,,Set the control style for every thermostat on this Climate page. Standalone climate widgets keep their own layout settings.,Задайте стила на управление за всеки термостат на тази страница Climate. Самостоятелните климатични джаджи запазват собствените си настройки за оформление.,
ui_set_what_each_person_may_do_per_user_like_aa86ea2,,"Set what each person may do — per user, like the hidden views above. These apply when they use a dashboard you shared.","Задайте какво може да прави всеки човек - за потребител, като скритите изгледи по-горе. Те се прилагат, когато използват табло за управление, което сте споделили.",
ui_settings_c7f73bb,,Settings,Настройки,
ui_setup_changed_b184bf0,,Setup changed,Настройката е променена,
ui_setup_progress_1a8adef,,Setup progress,Напредък на настройката,
ui_shape_and_width_on_the_dashboard_c89fefa,,Shape and width on the dashboard,Форма и ширина на таблото,
ui_shape_ea5c1a2,,Shape,Форма,
ui_shape_visible_information_and_icon_behavior_63dec1c,,"Shape, visible information, and icon behavior","Форма, видима информация и поведение на иконата",
ui_share_09ca55c,,Share,Споделете,
ui_share_b300e5f,,"Share ""%1$s""",Споделяне на „%1$s“,app fills in %1$s — keep them
ui_share_dashboards_0917ff1,,Share dashboards,Споделяйте табла за управление,
ui_shared_dashboard_86876c0,,Shared dashboard,Споделено табло за управление,
ui_shared_with_me_f40ca84,,Shared with me,Споделено с мен,
ui_sharing_ad00590,,Sharing…,Споделяне...,
ui_show_a_descending_timer_when_the_value_is_a_1ae7350,,"Show a descending timer when the value is a completion time (e.g. a washer/dryer finish time). Active while counting, off at zero.","Показване на низходящ таймер, когато стойността е време за завършване (напр. време за завършване на пералня/сушилня). Активен по време на броене, изключен на нула.",
ui_show_a_live_radar_rain_map_card_a_camera_a0e11c8,,Show a live radar/rain map card — a camera entity or an embedded web page (iframe),Показване на радарна/дъждовна карта на живо — обект на камера или вградена уеб страница (iframe),
ui_show_activity_badge_f5d56bb,,Show activity badge,Показване на значка за активност,
ui_show_badge_bar_827499b,,Show badge bar,Показване на лентата със значки,
ui_show_flows_button_9e888be,,Show flows button,Бутон за показване на потоци,
ui_show_global_search_e7aefbe,,Show global search,Показване на глобалното търсене,
ui_show_group_380c43e,,Show group,Покажи група,
ui_show_in_header_43f0dfd,,Show in header,Показване в заглавката,
ui_show_persons_c4e81a0,,Show persons,Показване на лица,
ui_show_the_automations_flows_button_16254ce,,Show the automations (flows) button,Показване на бутона за автоматизации (потоци).,
ui_show_the_entity_s_state_or_one_of_its_1008a4d,,"Show the entity's state, or one of its attributes instead",Покажете състоянието на обекта или вместо това един от неговите атрибути,
ui_show_the_entity_s_state_or_one_of_its_e721168,,"Show the entity's state, or one of its attributes instead.",Покажете състоянието на обекта или вместо това един от неговите атрибути.,
ui_show_the_global_search_button_0517d8b,,Show the global search button,Показване на бутона за глобално търсене,
ui_show_widget_name_5ad7fc9,,Show widget name,Показване на име на джаджа,
ui_shown_b1015a1,,%1$s shown,Показан е %1$s,app fills in %1$s — keep them
ui_shows_an_icon_matching_the_waste_type_gft_pmd_1966fe0,,"Shows an icon matching the waste type (GFT, PMD, paper, …).","Показва икона, съответстваща на типа отпадъци (GFT, PMD, хартия, …).",
ui_side_split_alignment_b9c5399,,Side (split alignment),Странично (разделено подравняване),
ui_sign_out_safely_or_reset_this_installation_681fac2,,Sign out safely or reset this installation,Излезте безопасно или нулирайте тази инсталация,
ui_signing_you_in_10d0636,,Signing you in…,Влизам ви...,
ui_size_shape_and_artwork_4bb38bb,,"Size, shape, and artwork","Размер, форма и произведения на изкуството",
ui_size_shape_and_background_24dd9b6,,"Size, shape, and background","Размер, форма и фон",
ui_snapshot_b08ae37,,Snapshot,Моментна снимка,
ui_solar_0e26539,,Solar,Слънчева,
ui_solar_noon_599372c,,Solar noon %1$s,Слънчево обяд %1$s,app fills in %1$s — keep them
ui_sort_d5f73d6,,Sort: %1$s,Сортиране: %1$s,app fills in %1$s — keep them
ui_source_and_card_refresh_behavior_0a26324,,Source and card refresh behavior,Поведение при опресняване на източник и карта,
ui_source_device_4ddad2a,,Source device,Изходно устройство,
ui_span_badges_58c73f2,,Span badges,Значки за размах,
ui_speed_265ffc5,,SPEED,СКОРОСТ,
ui_speed_control_89a2786,,Speed control,Контрол на скоростта,
ui_spin_a801301,,spin,завъртане,
ui_square_82810cb,,Square,Квадрат,
ui_stack_cards_8bdc343,,Stack Cards,Подреждане на карти,
ui_stack_layout_1623679,,Stack layout,Оформление на стека,
ui_stack_name_7507e93,,Stack name,Име на стека,
ui_stack_page_3d91ce9,,stack_page,стекова_страница,
ui_stack_title_46ccc2d,,Stack title,Заглавие на стека,
ui_stack_title_cc2f1ed,,Stack Title,Заглавие на стека,
ui_stacks_249f056,,Stacks,Купчини,
ui_standard_2dfa660,,Standard,Стандартен,
ui_start_24758a5,,Start: %1$s,Начало: %1$s,app fills in %1$s — keep them
ui_start_empty_25336ee,,Start empty,Започнете празно,
ui_start_empty_888db50,,Start Empty,Започнете празно,
ui_start_new_dashboard_8c71127,,Start new dashboard?,Стартиране на ново табло за управление?,
ui_start_with_a_useful_recipe_then_adjust_each_step_d560a2a,,"Start with a useful recipe, then adjust each step","Започнете с полезна рецепта, след това коригирайте всяка стъпка",
ui_state_a725020,,State,състояние,
ui_state_bef84bb,,STATE,ДЪРЖАВА,
ui_state_text_6749c0a,,State text,Държавен текст,
ui_stream_df06386,,Stream,Поток,
ui_style_99a0efc,,Style,стил,
ui_sunrise_and_sunset_data_unavailable_3295324,,Sunrise and sunset data unavailable,Няма налични данни за изгрева и залеза,
ui_sunrise_fadf71c,,Sunrise,Изгрев,
ui_sunset_181bcd5,,Sunset,Залез,
ui_support_f32d5a3,,Support,поддръжка,
ui_support_via_buy_me_a_coffee_d7dadd1,,Support via Buy Me a Coffee,Поддръжка чрез Купете ми кафе,
ui_support_via_paypal_7184a5d,,Support via PayPal,Поддръжка чрез PayPal,
ui_support_without_premium_0a4aebd,,Support without Premium,Поддръжка без Premium,
ui_supports_headings_lists_quotes_code_bold_italic_code_strik_e295744,,"Supports # headings, lists, > quotes, ``` code, **bold**, *italic*, `code`, ~~strike~~ and [links](https://…).","Поддържа # заглавия, списъци, > кавички, ``` код, **удебелен**, *курсив*, `код`, ~~зачеркване~~ и [линкове](https://…).",
ui_swing_65d8d45,,Swing,Люлка,
ui_swing_horizontal_c166cda,,Swing (horizontal),Люлка (хоризонтална),
ui_swipe_left_from_the_upper_right_edge_of_a_416c467,,Swipe left from the upper-right edge of a page header to switch homes at any time.,"Плъзнете наляво от горния десен край на горния колонтитул на страница, за да превключите домовете по всяко време.",
ui_switch_b02cbd9,,SWITCH,ПРЕВКЛЮЧВАНЕ,
ui_switch_home_e6ceda2,,Switch home,Превключете вкъщи,
ui_system_dark_theme_c7e4ff9,,System Dark Theme,Системна тъмна тема,
ui_system_light_theme_5bc7623,,System Light Theme,Системна светла тема,
ui_systems_idle_584a6f0,,Systems idle,Системите не работят,
ui_t_c2c53d6,,T,Т,
ui_tabs_and_media_controls_shown_throughout_the_app_5d9c1ff,,Tabs and media controls shown throughout the app,"Раздели и мултимедийни контроли, показани в цялото приложение",
ui_tap_here_or_use_the_button_while_edit_mode_8baf490,,Tap here or use the + button while edit mode is active to add widgets to this stack.,"Докоснете тук или използвайте бутона +, докато режимът на редактиране е активен, за да добавите уиджети към този стек.",
ui_tap_here_or_use_the_button_while_edit_mode_b06aac5,,Tap here or use the + button while edit mode is active to add entities to this stack.,"Докоснете тук или използвайте бутона +, докато режимът на редактиране е активен, за да добавите обекти към този стек.",
ui_tap_hold_and_dialog_quick_actions_2052817,,"Tap, hold, and dialog quick actions","Бързи действия с докосване, задържане и диалог",
ui_tap_share_to_publish_or_update_d185341,,Tap Share to publish or update,"Докоснете Споделяне, за да публикувате или актуализирате",
ui_tap_to_add_a_weather_card_a3508a9,,Tap + to add a weather card,"Докоснете +, за да добавите карта за времето",
ui_tap_to_load_0c49cab,,Tap to load,Докоснете за зареждане,
ui_tap_x_to_restore_an_entity_to_the_battery_ad0eb75,,Tap X to restore an entity to the battery page.,"Докоснете X, за да възстановите обект на страницата с батерията.",
ui_target_49d76ad,,TARGET (%1$s–%2$s%%),TARGET (%1$s–%2$s%%),app fills in %1$s %2$s — keep them
ui_target_61ad50a,,Target,Цел,
ui_target_entity_optional_cdb68af,,Target entity (optional),Целеви обект (по избор),
ui_target_f762108,,TARGET,ЦЕЛ,
ui_technology_d018b08,,Technology,технология,
ui_temperature_0a9062a,,Temperature,температура,
ui_temperature_and_humidity_sources_for_the_room_8960580,,Temperature and humidity sources for the room,Източници на температура и влажност на помещението,
ui_temperature_cc6906a,,TEMPERATURE,ТЕМПЕРАТУРА,
ui_temperature_sensor_graphed_in_activity_1088c3d,,Temperature sensor (graphed in Activity),Температурен сензор (изобразен в Activity),
ui_text_c3328c3,,Text,Текст,
ui_text_size_boldness_and_font_family_365f489,,"Text size, boldness and font family","Размер на текста, удебелен шрифт и семейство шрифтове",
ui_that_profile_35adbf0,,that profile,този профил,
ui_the_effect_used_when_a_button_s_animation_is_7cce891,,"The effect used when a button's animation is set to ""Auto"". You can still override any individual button.","Ефектът, използван, когато анимацията на бутон е зададена на „Автоматично“. Все още можете да замените всеки отделен бутон.",
ui_the_exact_dates_you_pick_leave_a_bound_as_19357e8,,"The exact dates you pick. Leave a bound as ""Any"" for an open-ended range.",Точните дати избирате вие. Оставете граница като „Всички“ за диапазон с отворен край.,
ui_the_heading_shown_between_dashboard_sections_b03805f,,The heading shown between dashboard sections,"Заглавието, показано между секциите на таблото",
ui_the_hki_7_community_source_code_is_free_and_f4f3f51,,"The HKI 7 community source code is free and open source under the Mozilla Public License 2.0. You may use, study, modify, and redistribute it. When you distribute modified MPL-covered files, those files and their source must remain available under MPL-2.0.","Изходният код на общността HKI 7 е безплатен и с отворен код под Mozilla Public License 2.0. Можете да го използвате, изучавате, променяте и разпространявате отново. Когато разпространявате модифицирани покрити с MPL файлове, тези файлове и техният източник трябва да останат достъпни под MPL-2.0.",don't translate HKI 7
ui_the_hki_7_name_and_logos_are_project_trademarks_985ffec,,"The HKI 7 name and logos are project trademarks and are not granted for misleading redistribution. Home Assistant and other third-party names, libraries, fonts, and artwork remain subject to their respective licenses and trademarks. The software is provided without warranty, as described by MPL-2.0.","Името и логото HKI 7 са търговски марки на проекта и не се предоставят за подвеждащо преразпределение. Home Assistant и други имена, библиотеки, шрифтове и произведения на изкуството на трети страни остават предмет на съответните им лицензи и търговски марки. Софтуерът се предоставя без гаранция, както е описано в MPL-2.0.","don't translate Home Assistant, HKI 7"
ui_the_interface_is_built_with_jetpack_compose_coroutines_and_fe7f52d,,"The interface is built with Jetpack Compose. Coroutines and Flow handle live state, while JSON and YAML-compatible data keep HKI 7 connected with Home Assistant.","Интерфейсът е изграден с Jetpack Compose. Coroutines и Flow обработват състоянието на живо, докато JSON и YAML-съвместимите данни поддържат HKI 7 свързан с Home Assistant.","don't translate Home Assistant, HKI 7"
ui_the_open_source_community_core_remains_usable_without_prem_d83ff8a,,The open-source community core remains usable without Premium. Premium purchases fund extra visual content and continued development; they do not remove the freedoms granted for MPL-covered files.,"Ядрото на общността с отворен код остава използваемо без Premium. Премиум покупките финансират допълнително визуално съдържание и непрекъснато развитие; те не премахват свободите, предоставени за покрити с MPL файлове.",
ui_the_page_starts_empty_with_its_own_header_and_5a325c0,,"The page starts empty with its own header and page settings, while keeping the Home widget catalogue.","Страницата започва празна със собствен колонтитул и настройки на страницата, като същевременно запазва каталога на началните приспособления.",
ui_the_quick_brown_fox_jumps_over_the_lazy_dog_2204ad2,,The quick brown fox jumps over the lazy dog — 0123456789,Бързата кафява лисица прескача мързеливото куче — 0123456789,
ui_the_room_header_and_card_show_a_single_player_3e24a17,,"The room header and card show a single player's media, or an active-player count when multiple players are selected.","Заглавието на стаята и картата показват медиите на един играч или броя на активните играчи, когато са избрани няколко играча.",
ui_the_text_shown_on_the_dashboard_fff5c98,,The text shown on the dashboard,"Текстът, показан на таблото",
ui_the_web_page_shown_on_this_card_ce97bfd,,The web page shown on this card,"Уеб страницата, показана на тази карта",
ui_theme_a797e30,,Theme,Тема,
ui_theme_and_navigation_bar_474ee6b,,Theme and navigation bar,Тема и лента за навигация,
ui_thermostat_dial_e6af91b,,Thermostat dial,Циферблат на термостат,
ui_thermostats_601da0c,,Thermostats,Термостати,
ui_thermostats_ac_7d2ace4,,Thermostats & AC,Термостати и климатик,
ui_these_are_stored_in_the_cloud_import_one_to_558c62d,,"These are stored in the cloud. Import one to edit or re-share it, or delete it to remove it from everyone. Your edits are also pushed automatically when you open the app.","Те се съхраняват в облака. Импортирайте един, за да го редактирате или споделите повторно, или го изтрийте, за да го премахнете от всички. Вашите редакции също се изпращат автоматично, когато отворите приложението.",
ui_these_links_open_in_your_browser_tips_do_not_049b881,,These links open in your browser. Tips do not unlock Premium features and do not create an obligation to provide individual support.,Тези връзки се отварят във вашия браузър. Съветите не отключват Premium функции и не създават задължение за предоставяне на индивидуална поддръжка.,
ui_these_permissions_are_optional_and_can_be_changed_later_aa7a106,,These permissions are optional and can be changed later in Android Settings.,Тези разрешения не са задължителни и могат да бъдат променени по-късно в настройките на Android.,
ui_thin_100_9e7a443,,Thin (-100),Тънък (-100),
ui_thinner_200_6ae7a6f,,Thinner (-200),Разредител (-200),
ui_this_action_does_not_use_an_entity_target_5952444,,This action does not use an entity target.,Това действие не използва цел на обект.,
ui_this_action_has_no_required_target_or_additional_fields_987a410,,This action has no required target or additional fields.,Това действие няма задължителна цел или допълнителни полета.,
ui_this_automation_is_managed_outside_home_assistant_s_ui_89d26f5,,"This automation is managed outside Home Assistant's UI (usually YAML). HKI7 can show it, but will not overwrite it.","Тази автоматизация се управлява извън потребителския интерфейс на Home Assistant (обикновено YAML). HKI7 може да го покаже, но няма да го презапише.","don't translate Home Assistant, HKI7"
ui_this_card_uses_its_own_entities_e572388,,This card uses its own entities,Тази карта използва свои собствени обекти,
ui_this_dashboard_is_currently_being_generated_from_home_assi_470200d,,This dashboard is currently being generated from Home Assistant. You can edit rooms as soon as the one-time import finishes.,Това табло за управление в момента се генерира от Home Assistant. Можете да редактирате стаи веднага след като еднократното импортиране приключи.,don't translate Home Assistant
ui_this_entity_2ddd36d,,This entity,Това образувание,
ui_this_entity_has_no_attributes_to_show_b09f4c9,,This entity has no attributes to show.,Този обект няма атрибути за показване.,
ui_this_light_is_paused_for_manual_control_706bffa,,This light is paused for manual control.,Тази светлина е на пауза за ръчно управление.,
ui_this_name_is_used_when_the_device_registers_with_8aba2f2,,This name is used when the device registers with Home Assistant.,"Това име се използва, когато устройството се регистрира с Home Assistant.",don't translate Home Assistant
ui_this_permanently_removes_this_dashboard_and_its_room_and_8087734,,This permanently removes this dashboard and its room and page configuration.,Това премахва за постоянно това табло за управление и неговата конфигурация на стая и страница.,
ui_this_removes_all_imported_battery_entities_from_this_view_7a74283,,This removes all imported battery entities from this view.,Това премахва всички импортирани обекти на батерията от този изглед.,
ui_this_removes_all_imported_climate_entities_from_this_view_713f511,,This removes all imported climate entities from this view.,Това премахва всички импортирани климатични обекти от този изглед.,
ui_this_removes_all_imported_energy_entities_from_this_view_7397917,,This removes all imported energy entities from this view.,Това премахва всички импортирани енергийни обекти от този изглед.,
ui_this_removes_all_imported_rooms_and_floors_from_this_d1cbbff,,This removes all imported rooms and floors from this view.,Това премахва всички импортирани стаи и подове от този изглед.,
ui_this_removes_all_imported_security_entities_from_this_view_6443e5c,,This removes all imported security entities from this view.,Това премахва всички импортирани обекти за сигурност от този изглед.,
ui_this_removes_its_login_mobile_app_registration_details_and_69afc19,,"This removes its login, mobile-app registration details, and HKI dashboards from this device. The Home Assistant server itself is not changed.","Това премахва неговите данни за вход, регистрационни данни за мобилно приложение и HKI табла за управление от това устройство. Самият сървър Home Assistant не е променен.",don't translate Home Assistant
ui_this_removes_the_native_automation_from_home_assistant_thi_2a48e1a,,This removes the native automation from Home Assistant. This cannot be undone from HKI7.,Това премахва собствената автоматизация от Home Assistant. Това не може да бъде отменено от HKI7.,"don't translate Home Assistant, HKI7"
ui_this_removes_the_shared_dashboard_from_the_cloud_for_4bab01c,,This removes the shared dashboard from the cloud for everyone. People currently using it fall back to an auto-generated dashboard. Their local copies aren't touched until they next open the app.,"Това премахва споделеното табло за управление от облака за всички. Хората, които го използват в момента, се връщат към автоматично генерирано табло за управление. Техните локални копия не се докосват до следващото отваряне на приложението.",
ui_this_runs_on_a_small_free_home_assistant_add_f46f2e3,,"This runs on a small, free Home Assistant add-on (the HKI 7 Cloud component). It isn't on HACS by default yet, so add it as a custom repository — the app then handles everything else.","Това работи на малка, безплатна добавка Home Assistant (компонентът HKI 7 Cloud). Все още не е на HACS по подразбиране, така че го добавете като персонализирано хранилище — след това приложението обработва всичко останало.","don't translate HKI 7 Cloud, Home Assistant"
ui_this_source_code_form_is_subject_to_the_terms_c8e4e24,,"This Source Code Form is subject to the terms of the Mozilla Public License, v. 2.0. If a copy of the MPL was not distributed with this file, you can obtain one at mozilla.org/MPL/2.0/.","Този формуляр за изходен код е предмет на условията на публичния лиценз на Mozilla, v. 2.0. Ако копие на MPL не е разпространено с този файл, можете да го получите на mozilla.org/MPL/2.0/.",
ui_this_stack_has_no_items_0f92c8d,,This stack has no items.,Този стек няма елементи.,
ui_this_travels_with_the_dashboard_so_cloud_backups_and_1dd603d,," This travels with the dashboard, so cloud backups and family sharing keep it.","Това пътува с таблото за управление, така че резервните копия в облака и семейното споделяне го запазват.",keep the space at the start/end
ui_tile_2dd2c66,,Tile,Плочка,
ui_tilt_aceae6f,,TILT,НАКЛОН,
ui_time_6c82e6d,,Time,време,
ui_time_range_9257117,,Time Range,Времеви диапазон,
ui_title_768e0c1,,Title,Заглавие,
ui_title_collapse_behavior_and_dashboard_width_a64a590,,"Title, collapse behavior, and dashboard width","Заглавие, поведение при свиване и ширина на таблото за управление",
ui_title_collapse_behavior_and_width_dd2b475,,"Title, collapse behavior, and width","Заглавие, поведение при свиване и ширина",
ui_title_optional_932fc13,,Title (optional),Заглавие (по избор),
ui_title_width_and_icon_41ec073,,"Title, width, and icon","Заглавие, ширина и икона",
ui_to_state_2a995a1,,To state,За да заявите,
ui_today_24345a1,,Today,Днес,
ui_tomorrow_1948bf2,,Tomorrow,утре,
ui_top_consumers_0199dbf,,Top consumers,Топ потребители,
ui_tracking_number_4e40c54,,Tracking number,Номер за проследяване,
ui_try_again_042c862,,Try again,Опитайте отново,
ui_try_the_demo_home_no_server_needed_bc58247,,Try the demo home — no server needed,Опитайте началната демонстрация — няма нужда от сървър,
ui_turn_off_all_3a7a2b0,,Turn off all,Изключете всички,
ui_turn_on_a5aa418,,Turn On,Включете,
ui_turn_the_light_on_to_access_controls_25f4ad6,,Turn the light on to access controls,Включете светлината за контрол на достъпа,
ui_turn_the_notification_connection_channel_off_on_the_next_cdddec0,,"Turn the ""Notification connection"" channel off on the next screen — the connection keeps working, only its notification disappears.","Изключете канала „Връзка за известяване“ на следващия екран — връзката продължава да работи, само известието за нея изчезва.",
ui_two_rows_1b1737f,,Two rows,Два реда,
ui_type_3deb745,,Type,Тип,
ui_type_icon_839142a,,Type icon,Тип икона,
ui_unable_to_connect_8207f1b,,Unable to connect,Не може да се свърже,
ui_unit_f6b935a,,Unit,единица,
ui_unknown_bc7819b,,Unknown,неизвестен,
ui_unknown_energy_card_b8e46de,,Unknown energy card: %1$s,Неизвестна енергийна карта: %1$s,app fills in %1$s — keep them
ui_unlock_1526a17,,Unlock,Отключи,
ui_unlock_button_ad521c4,,Unlock button,Бутон за отключване,
ui_unlock_method_dff380e,,Unlock method,Метод за отключване,
ui_unlocked_b3da702,,Unlocked,Отключена,
ui_unrestricted_background_cebdb1e,,Unrestricted background,Неограничен фон,
ui_untitled_621521f,,Untitled,Без заглавие,
ui_untitled_event_ef8d264,,Untitled event,Неозаглавено събитие,
ui_upcoming_523baab,,Upcoming,Предстои,
ui_update_fb91e24,,Update,Актуализация,
ui_update_location_now_d338c2c,,Update Location Now,Актуализирайте местоположението сега,
ui_updated_62d2331,,Updated %1$s,Актуализирано %1$s,app fills in %1$s — keep them
ui_url_https_a1a19ec,,URL (https://…),URL (https://…),
ui_usage_overview_fc2eefc,,Usage overview,Преглед на употребата,
ui_use_1d4d43c,,Use,Използвайте,
ui_use_a_dashboard_an_admin_has_shared_with_you_8b1cfdb,,Use a dashboard an admin has shared with you.,"Използвайте табло за управление, което администратор е споделил с вас.",
ui_use_a_family_shared_dashboard_9b8ab51,,Use a family shared dashboard,Използвайте споделено семейно табло за управление,
ui_use_a_recognizable_name_such_as_kitchen_tablet_or_ca9f431,,"Use a recognizable name, such as ‘Kitchen tablet’ or ‘Jimmy’s phone’.","Използвайте разпознаваемо име, като например „Кухненски таблет“ или „Телефонът на Джими“.",
ui_use_family_shared_dashboard_28e06c2,,Use family shared dashboard,Използвайте споделено семейно табло за управление,
ui_used_6a4ebbf,,Used %1$s,Използвано %1$s,app fills in %1$s — keep them
ui_uses_hki_7_s_private_google_drive_storage_enable_0559ced,,Uses HKI 7's private Google Drive storage. Enable it once to create an immediate backup and then back up automatically every day.,"Използва частното хранилище Google Drive на HKI 7. Активирайте го веднъж, за да създадете незабавно архивиране и след това архивирайте автоматично всеки ден.","don't translate Google Drive, HKI 7"
ui_uses_the_sun_entity_configured_in_weather_settings_e580a39,,Uses the Sun entity configured in Weather settings.,"Използва обекта Sun, конфигуриран в настройките за времето.",
ui_using_a_shared_dashboard_applies_the_permissions_the_admin_a337a76,,Using a shared dashboard applies the permissions the admin set for it.,"Използването на споделено табло за управление прилага разрешенията, зададени от администратора за него.",
ui_using_the_climate_view_s_entities_8befb0f,,Using the Climate view's entities,Използване на обектите на изгледа Climate,
ui_using_the_energy_view_s_entities_7ca9bed,,Using the Energy view's entities,Използване на обектите на енергийния изглед,
ui_vacuum_5fe15df,,Vacuum,Вакуум,
ui_vacuum_device_3deae52,,Vacuum device,Вакуумно устройство,
ui_vacuum_entities_c7da1d7,,Vacuum entities,Вакуумни същности,
ui_vacuum_map_8236541,,Vacuum map,Вакуумна карта,
ui_vacuum_stack_b93d3b7,,Vacuum Stack,Вакуумен стек,
ui_vertical_slider_e09cef1,,Vertical slider,Вертикален плъзгач,
ui_view_on_github_0c77991,,View on GitHub,Вижте в GitHub,
ui_visibility_7d9ff4f,,Visibility,Видимост,
ui_visibility_alignment_and_overflow_behavior_467f44f,,"Visibility, alignment, and overflow behavior","Видимост, подравняване и поведение при преливане",
ui_visibility_and_ordering_in_the_page_header_0f9e3d8,,Visibility and ordering in the page header,Видимост и подреждане в заглавката на страницата,
ui_visible_during_791f42c,,Visible during,Видимо по време на,
ui_visible_persons_4b7ae6c,,Visible persons,Видими лица,
ui_visual_style_bc567f3,,Visual style,Визуален стил,
ui_w_e2415cb,,W,У,
ui_waiting_for_home_assistant_af224aa,,Waiting for Home Assistant,Изчаква се Home Assistant,don't translate Home Assistant
ui_wallpaper_and_an_optional_custom_color_f4f12f1,,Wallpaper and an optional custom color,Тапет и допълнителен персонализиран цвят,
ui_wallpaper_and_optional_custom_color_0dc6738,,Wallpaper and optional custom color,Тапет и цвят по избор,
ui_wallpaper_url_or_path_e208631,,Wallpaper URL or path,URL адрес или път на тапет,
ui_waste_collection_7cdf205,,Waste Collection,Събиране на отпадъци,
ui_waste_sensors_8bfd3ec,,Waste sensors,Сензори за отпадъци,
ui_watch_d91ebf5,,Watch,Гледай,
ui_water_5480538,,Water: %1$s,Вода: %1$s,app fills in %1$s — keep them
ui_water_de9b1be,,Water,вода,
ui_water_level_optional_fallback_61b2be5,,Water level (optional fallback),Ниво на водата (по избор),
ui_water_meters_imported_from_home_assistant_s_energy_dashboa_b1ac157,,Water meters imported from Home Assistant's Energy dashboard.,"Водомери, импортирани от енергийното табло на Home Assistant.",don't translate Home Assistant
ui_we_ll_check_your_home_network_first_you_can_c7ca0f0,,We'll check your home network first; you can also enter an address,Първо ще проверим вашата домашна мрежа; можете също да въведете адрес,
ui_weather_284af3e,,Weather,Времето,
ui_weather_card_0c6594c,,Weather Card,Карта за времето,
ui_weather_details_bc94175,,Weather details,Подробности за времето,
ui_weather_entities_0a2c547,,Weather entities,Метеорологични субекти,
ui_weather_entity_402cbd9,,Weather entity,Метеорологичен субект,
ui_weather_source_778baeb,,Weather source,Източник на времето,
ui_weather_stack_4d4f763,,Weather Stack,Времето Stack,
ui_weather_type_fe0b7cc,,Weather Type,Тип време,
ui_web_address_url_55052c9,,Web address (URL),Уеб адрес (URL),
ui_week_calendar_shown_in_the_dialog_6d4f28b,,Week calendar (shown in the dialog),Седмичен календар (показан в диалоговия прозорец),
ui_welcome_to_hki_7_9e317bb,,Welcome to HKI 7,Добре дошли в HKI 7,don't translate HKI 7
ui_what_hki_7_is_and_how_it_is_built_247bace,,What HKI 7 is and how it is built,Какво представлява HKI 7 и как се изгражда,don't translate HKI 7
ui_what_it_does_ca032b5,,What it does,Какво прави,
ui_what_s_new_4d8dc5f,,What's new,Какво ново,
ui_when_769bb19,,When,Кога,
ui_when_and_if_then_dd86ebe,,When · And if · Then,Когато · И ако · Тогава,
ui_when_reporting_a_problem_include_your_android_version_home_784a4e6,,"When reporting a problem, include your Android version, Home Assistant version, the affected entity or integration, and clear steps to reproduce it. Removing private URLs, tokens, names, and location data first helps keep support safe.","Когато докладвате за проблем, включете вашата версия на Android, версия Home Assistant, засегнатия обект или интеграция и ясни стъпки за възпроизвеждането му. Първо премахването на частни URL адреси, токени, имена и данни за местоположение помага за поддържането на безопасността на поддръжката.",don't translate Home Assistant
ui_when_the_value_is_a_completion_time_e_g_7dce367,,"When the value is a completion time (e.g. a washer/dryer finish time), show a descending timer. The button reads active while counting and turns off at zero.","Когато стойността е време за завършване (напр. време за завършване на пералня/сушилня), покажете низходящ таймер. Бутонът показва, че е активен, докато брои и се изключва при нула.",
ui_widget_height_b26de24,,Widget height,Височина на джаджата,
ui_widget_name_55e5340,,Widget name,Име на джаджа,
ui_widget_presentation_a3a8cdc,,Widget presentation,Представяне на джаджи,
ui_widget_width_1d89599,,Widget width,Ширина на джаджа,
ui_width_a58ddf5,,Width,ширина,
ui_width_and_height_6ed6746,,Width and height,Широчина и височина,
ui_width_and_optional_icon_671e2ef,,Width and optional icon,Ширина и икона по избор,
ui_width_columns_and_container_shape_984a191,,"Width, columns, and container shape","Ширина, колони и форма на контейнера",
ui_width_shape_and_collapse_behavior_7abc6f4,,"Width, shape, and collapse behavior","Ширина, форма и поведение при свиване",
ui_wind_142b575,,Wind,Вятър,
ui_worth_watching_a3d46c7,,Worth watching,Заслужава си гледане,
ui_would_you_like_to_add_an_existing_camera_entity_00d5bc3,,Would you like to add an existing camera entity or a custom URL?,Искате ли да добавите съществуващ обект на камера или персонализиран URL адрес?,
ui_write_the_information_shown_on_this_card_4ca5db7,,Write the information shown on this card,"Напишете информацията, показана на тази карта",
ui_you_can_help_by_testing_new_builds_reporting_reproducible_5310461,,"You can help by testing new builds, reporting reproducible bugs, suggesting thoughtful improvements, helping with translations or documentation, sharing HKI 7 with other Home Assistant users, and giving constructive feedback.","Можете да помогнете, като тествате нови версии, съобщавате за възпроизводими грешки, предлагате обмислени подобрения, помагате с преводи или документация, споделяте HKI 7 с други потребители на Home Assistant и давате конструктивна обратна връзка.","don't translate Home Assistant, HKI 7"
ui_you_re_exploring_the_built_in_sample_home_63c2ad1,,You're exploring the built-in sample home,Разглеждате вградения примерен дом,
ui_your_automations_and_devices_will_be_unavailable_briefly_h_8a8572e,,Your automations and devices will be unavailable briefly. HKI7 will reconnect automatically when Home Assistant is ready.,"Вашите автоматизации и устройства ще бъдат недостъпни за кратко. HKI7 ще се свърже отново автоматично, когато Home Assistant е готов.","don't translate Home Assistant, HKI7"
ui_your_dashboard_is_ready_0719f75,,Your dashboard is ready,Вашето табло е готово,
ui_your_home_72412fa,,Your home,Вашият дом,
ui_your_location_is_shared_only_with_your_own_home_c75bd6d,,Your location is shared only with your own Home Assistant server. It is ,Вашето местоположение се споделя само с вашия собствен сървър Home Assistant. Така е,don't translate Home Assistant; keep the space at the start/end
logs_title,,Connection log,Дневник на връзката,
logs_subtitle,,What the app's connection to Home Assistant has been doing,Какво прави връзката на приложението с Home Assistant,don't translate Home Assistant
logs_empty,,Connection log,Дневник на връзката,
logs_empty_hint,,"Nothing logged yet. Connection attempts, reconnects, sync and subscriptions appear here as they happen.","Все още нищо не е регистрирано. Опитите за свързване, повторното свързване, синхронизирането и абонаментите се показват тук, както се случват.",
logs_count,,Connection log (%1$d),Дневник на връзката (%1$d),app fills in %1$d — keep them
logs_copy,,Copy the log,Копирайте дневника,
logs_clear,,Clear the log,Изчистете дневника,
logs_show_all,,Show all %1$d,Показване на всички %1$d,app fills in %1$d — keep them
logs_show_less,,Show less,Покажи по-малко,
parcel_letter_count,one,%1$d letter,%1$d писмо,app fills in %1$d — keep them
parcel_letter_count,other,%1$d letters,%1$d букви,app fills in %1$d — keep them
spacer_empty_button,,Empty button,Празен бутон,
spacer_empty_button_description,,Transparent placeholder that only reserves space,"Прозрачен контейнер, който запазва само място",
spacer_add_empty_button,,Add empty button,Добавяне на празен бутон,
popup_custom_popup,,Custom popup,Персонализиран изскачащ прозорец,
popup_choose,,Choose a popup,Изберете изскачащ прозорец,
popup_none_yet,,No popups yet,Все още няма изскачащи прозорци,
popup_new,,New popup,Нов изскачащ прозорец,
popup_default_name,,New popup,Нов изскачащ прозорец,
popup_name,,Popup name,Име на изскачащ прозорец,
popup_edit_contents,,Edit contents,Редактиране на съдържанието,
popup_delete,,Delete popup,Изтриване на изскачащ прозорец,
popup_status_entity,,Status entity,Субект на състоянието,
popup_status_entity_hint,,Optional. Its state fills the dialog's status line and adds the history view.,Не е задължително. Състоянието му запълва реда за състояние на диалоговия прозорец и добавя изгледа на хронологията.,
popup_settings_subtitle,,"Name, icon, and status entity","Име, икона и обект на състояние",
popup_shared_hint,,Popups are shared: other buttons can open this same popup.,Изскачащите прозорци се споделят: други бутони могат да отварят същия изскачащ прозорец.,
popup_empty,,This popup is empty. Tap Edit to add widgets.,"Този изскачащ прозорец е празен. Докоснете Редактиране, за да добавите уиджети.",
popup_settings_title,,Popups,Изскачащи прозорци,
popup_settings_subtitle_section,,Build and edit your custom popups,Създайте и редактирайте вашите персонализирани изскачащи прозорци,
popup_settings_hint,,"Popups open from a button, badge, or dialog button set to the Custom popup action. Edit contents opens the popup itself so you can arrange its widgets.","Изскачащите прозорци се отварят от бутон, значка или бутон за диалогов прозорец, настроен на персонализирано изскачащо действие. Редактиране на съдържанието отваря самия изскачащ прозорец, за да можете да подредите неговите приспособления.",
button_icon_only,,Icon only,Само икона,
button_icon_size,,Icon size,Размер на иконата,
button_icon_size_description,,"Auto shrinks the icon as the stack gains columns, so it still fits a narrow button.","Автоматично свива иконата, когато стекът придобива колони, така че все още пасва на тесен бутон.",
button_icon_size_auto,,Auto,Авто,
button_icon_size_value,,%1$d dp,%1$d dp,app fills in %1$d — keep them
stack_child_icon_only,,Icon only for every button,Икона само за всеки бутон,
stack_child_icon_only_description,,"Applies to all buttons in this stack, so you don't have to set it on each one.","Прилага се за всички бутони в този стек, така че не е нужно да го задавате за всеки от тях.",
stack_child_icon_size,,Icon size for every button,Размер на иконата за всеки бутон,
button_icon_only_description,,"Hide the name and state, centering the icon on the button","Скрийте името и състоянието, като центрирате иконата върху бутона",
action_button,,Action button,Бутон за действие,
action_button_description,,"A button without an entity: give it a name, an icon, and any action","Бутон без обект: дайте му име, икона и всяко действие",
action_button_add,,Add action button,Добавяне на бутон за действие,
action_badge_add,,Add action badge,Добавете значка за действие,
security_entity_count,one,%1$d entity,%1$d обект,app fills in %1$d — keep them
security_entity_count,other,%1$d entities,%1$d обекти,app fills in %1$d — keep them
family_permission_switch_dashboards,,Allow switching dashboards,Разрешаване на превключване на таблата за управление,
family_permission_switch_dashboards_subtitle,,Let this person load another existing dashboard,Нека този човек зареди друго съществуващо табло,
family_permission_create_dashboards,,Allow creating dashboards,Разрешете създаването на табла за управление,
family_permission_create_dashboards_subtitle,,Let this person create or duplicate dashboards,Нека този човек създава или дублира табла за управление,
family_dashboard_tab_locked,,Locked by family permissions,Заключено от семейни разрешения,
family_dashboard_access_lost_title,,Family access removed,Семейният достъп е премахнат,
family_dashboard_access_lost_message,,"You no longer have access to HKI 7 through this family dashboard. Choose another dashboard shared with you, or use any other option your family permissions allow.","Вече нямате достъп до HKI 7 чрез това семейно табло за управление. Изберете друго табло за управление, споделено с вас, или използвайте друга опция, разрешена от семейните ви разрешения.",don't translate HKI 7
family_access_manage,,Manage access,Управление на достъпа,
family_access_title,,Who can see %1$s,Кой може да вижда %1$s,app fills in %1$s — keep them
family_access_description,,Add or remove people. Everyone you remove loses this dashboard the next time their app syncs.,"Добавяне или премахване на хора. Всеки, когото премахнете, губи това табло за управление следващия път, когато приложението му се синхронизира.",
family_access_shared_everyone,,Shared with everyone,Споделено с всички,
family_access_shared_nobody,,Shared with no one,Споделено с никого,
family_access_shared_with,,Shared with %1$s,Споделено с %1$s,app fills in %1$s — keep them
family_access_unknown_user,,Unknown user,Неизвестен потребител,
family_access_revoke_warning,,"Losing access deletes their copy of this dashboard, along with any colours, icons, and names they changed on it.","Загубата на достъп изтрива тяхното копие на това табло за управление, заедно с всички цветове, икони и имена, които са променили в него.",
family_versions_title,,HKI versions,HKI версии,
family_versions_description,,Which HKI build each family device is running. This device is on %1$s. A device appears once it has opened HKI 7 1.0.0-beta.18 or newer at least once.,"Коя HKI компилация работи на всяко семейно устройство. Това устройство е на %1$s. Устройството се появява, след като отвори HKI 7 1.0.0-beta.18 или по-нова поне веднъж.",app fills in %1$s — keep them; don't translate HKI 7
family_versions_empty,,No family devices have reported a version yet.,Все още нито едно семейно устройство не е съобщило версия.,
family_versions_loading,,Loading family devices…,Семейните устройства се зареждат...,
family_versions_unavailable,,Home Assistant could not return the family device list. Check that HKI 7 Cloud is up to date.,Home Assistant не можа да върне списъка с семейни устройства. Проверете дали HKI 7 Cloud е актуален.,"don't translate HKI 7 Cloud, Home Assistant"
family_versions_outdated,,Older than yours,По-стар от твоя,
family_versions_android,,Android %1$s,Android %1$s,app fills in %1$s — keep them
family_versions_reported,,reported %1$s,отчетено %1$s,app fills in %1$s — keep them
family_versions_forget,,Forget this device,Забравете това устройство,
family_versions_forget_hint,,Forgetting a device only clears it from this list. One that is still in use reappears the next time its app opens.,"Забравянето на устройство го изчиства само от този списък. Този, който все още се използва, се появява отново следващия път, когато приложението му се отвори.",
family_versions_nudge,,Ask to update to %1$s,Поискайте актуализиране до %1$s,app fills in %1$s — keep them
family_versions_nudge_clear,,Cancel update request,Отменете заявката за актуализация,
family_versions_nudge_pending,,Waiting for this device to update to %1$s. The request clears itself once it does.,"Изчаква се това устройство да се актуализира до %1$s. Заявката се изчиства сама, след като го направи.",app fills in %1$s — keep them
family_require_title,,Require an HKI version,Изискване на HKI версия,
family_require_description,,"Everyone below the version you require is asked to update before they can keep using HKI. Nothing here installs anything — Google Play does the update, so people are only ever held up when Play actually has it ready for them.","Всеки под версията, от която се нуждаете, е помолен да актуализира, преди да може да продължи да използва HKI. Нищо тук не инсталира нищо — Google Play прави актуализацията, така че хората винаги са задържани само когато Play действително е готово за тях.",
family_require_current,,Currently required: %1$s,В момента се изисква: %1$s,app fills in %1$s — keep them
family_require_set,,Require everyone to be on %1$s,Изискване всички да са на %1$s,app fills in %1$s — keep them
family_require_clear,,Clear the requirement,Изчистете изискването,
family_require_hint,,"You can only require a version some device already runs, so a requirement can never be one nobody is able to install.","Можете да изисквате само версия, която вече работи на някое устройство, така че изискването никога не може да бъде такова, което никой не може да инсталира.",
settings_extra_family_require_failed,,Could not change the required version. It has to be one a family device already runs.,"Не може да се промени необходимата версия. Трябва да е такова, което семейното устройство вече работи.",
settings_extra_family_nudge_failed,,Could not ask “%1$s” to update.,Не може да поиска „%1$s“ да се актуализира.,app fills in %1$s — keep them
app_update_required_title,,Time to update HKI,Време е да актуализирате HKI,
app_update_required_title_device,,This device needs an HKI update,Това устройство се нуждае от HKI актуализация,
app_update_required_message,,Your family is on HKI %1$s. This device is on %2$s.,Вашето семейство е на HKI %1$s. Това устройство е на %2$s.,app fills in %1$s %2$s — keep them
app_update_required_checking,,Checking Google Play…,Проверява се Google Play…,
app_update_required_update,,Update now,Актуализирайте сега,
app_update_required_open_store,,Open HKI in the Play Store,Отворете HKI в Play Store,
app_update_required_opened_store,,"Google Play could not take over here, so its store page was opened instead.","Google Play не можа да поеме тук, така че страницата му в магазина беше отворена вместо това.",
app_update_required_unavailable,,"Google Play has no update ready for this device yet. That usually means the release hasn't reached you, or this copy of HKI didn't come from the Play Store.","Google Play все още няма готова актуализация за това устройство. Това обикновено означава, че изданието не е достигнало до вас или това копие на HKI не е дошло от Play Store.",
app_update_required_continue,,Continue without updating,Продължете без актуализиране,
settings_extra_active_instance,,Active instance,Активен екземпляр,
settings_extra_automatic_cloud_backup_enabled,,Automatic cloud backup enabled.,Активирано автоматично архивиране в облак.,
settings_extra_background_restricted_warning,,Restricted — background sync will not work,Ограничено — фоновото синхронизиране няма да работи,
settings_extra_backup_failed,,Backup failed: %1$s,Неуспешно архивиране: %1$s,app fills in %1$s — keep them
settings_extra_backup_unreadable,,The backup could not be read,Резервното копие не може да бъде прочетено,
settings_extra_battery_optimized_warning,,Optimized — may interrupt background sync,Оптимизиран — може да прекъсне фоновото синхронизиране,
settings_extra_buy_me_a_coffee_logo,,Buy Me a Coffee logo,Лого на Купи ми кафе,
settings_extra_cloud_backup_created,,Cloud backup created.,Облачно архивиране е създадено.,
settings_extra_cloud_backup_failed,,Cloud backup failed: %1$s,Неуспешно архивиране в облака: %1$s,app fills in %1$s — keep them
settings_extra_cloud_component_missing,,"The HKI 7 Cloud component was not found on your Home Assistant. Install it through HACS, then try again.","Компонентът HKI 7 Cloud не е намерен на вашия Home Assistant. Инсталирайте го чрез HACS, след което опитайте отново.","don't translate HKI 7 Cloud, Home Assistant"
settings_extra_copy_dashboard,,Copy %1$s,Копиране %1$s,app fills in %1$s — keep them
settings_extra_corner_modern,,Modern,Модерен,
settings_extra_corner_round,,Round,Кръгъл,
settings_extra_corner_sharp,,Sharp,Остър,
settings_extra_create_custom_page,,Create custom page,Създайте персонализирана страница,
settings_extra_custom_page_identity_subtitle,,Identity and navigation appearance,Идентификация и навигационен външен вид,
settings_extra_dashboard_backup_saved,,Dashboard backup saved.,Резервното копие на таблото е запазено.,
settings_extra_dashboard_copy_name,,%1$s copy,%1$s копие,app fills in %1$s — keep them
settings_extra_dashboard_default_name,,Dashboard %1$d,Табло за управление %1$d,app fills in %1$d — keep them
settings_extra_new_dashboard_confirm_body,,This adds a dashboard alongside the one you are using. Your current dashboard is kept exactly as it is and is never overwritten — you can switch between them at any time.,"Това добавя табло за управление до това, което използвате. Вашето текущо табло се запазва точно такова, каквото е, и никога не се презаписва — можете да превключвате между тях по всяко време.",
settings_extra_new_dashboard_confirm_action,,Continue,Продължи,
settings_extra_new_dashboard_created,,Created “%1$s”,Създаден „%1$s“,app fills in %1$s — keep them
uif_onboarding_shared_already_added,,Already added,Вече е добавено,
settings_extra_dashboard_shared_badge,,Shared,Споделено,
settings_extra_dashboard_shared_subtitle,,Shared with you by your family. Tap to load,Споделено с вас от вашето семейство. Докоснете за зареждане,
settings_extra_dashboard_shared_loaded,,Shared with you by your family. Currently loaded,Споделено с вас от вашето семейство. В момента е заредено,
settings_extra_dashboard_generating,,Your new dashboard is being generated automatically.,Вашето ново табло се генерира автоматично.,
settings_extra_dashboard_mode_auto,,Automatic,Автоматичен,
settings_extra_dashboard_mode_manual,,Manual,Наръчник,
settings_extra_dashboard_restored,,Dashboard configuration restored.,Конфигурацията на таблото е възстановена.,
settings_extra_dashboard_shared,,“%1$s” shared.,„%1$s“ споделен.,app fills in %1$s — keep them
settings_extra_dashboard_sharing_failed,,Could not share the dashboard.,Таблото за управление не можа да се сподели.,
settings_extra_default_user_name,,User,Потребител,
settings_extra_delete_dashboard,,Delete %1$s,Изтриване на %1$s,app fills in %1$s — keep them
settings_extra_device_tracker,,Device tracker,Устройство за проследяване,
settings_extra_device_tracker_subtitle,,"Name used for location, geocoded location, battery, and charging entities","Име, използвано за местоположение, геокодирано местоположение, батерия и обекти за зареждане",
settings_extra_drive_access_token_missing,,Google Drive authorization did not return an access token.,Упълномощаването Google Drive не върна токен за достъп.,don't translate Google Drive
settings_extra_drive_authorization_cancelled,,Google Drive authorization was cancelled.,Упълномощаването Google Drive беше отменено.,don't translate Google Drive
settings_extra_drive_authorization_failed,,Google Drive authorization failed: %1$s,Google Drive неуспешно упълномощаване: %1$s,app fills in %1$s — keep them; don't translate Google Drive
settings_extra_drive_authorization_open_failed,,Google Drive authorization could not be opened.,Упълномощаването Google Drive не можа да бъде отворено.,don't translate Google Drive
settings_extra_drive_backups_load_failed,,Could not load Google Drive backups: %1$s,Неуспешно зареждане на Google Drive резервни копия: %1$s,app fills in %1$s — keep them; don't translate Google Drive
settings_extra_edit_custom_page,,Edit custom page,Редактиране на персонализирана страница,
settings_extra_effect_glow,,Glow,Сияние,
settings_extra_effect_group_alerts,,Sensors and alarms,Сензори и аларми,
settings_extra_effect_group_climate,,Climate and humidity,Климат и влажност,
settings_extra_effect_group_fans,,Fans and vacuums,Вентилатори и прахосмукачки,
settings_extra_effect_group_lights,,Lights and switches,Светлини и ключове,
settings_extra_effect_group_media,,Media players,Медийни плейъри,
settings_extra_effect_group_other,,Everything else,Всичко останало,
settings_extra_effect_none,,None,Няма,
settings_extra_effect_pulse,,Pulse,Пулс,
settings_extra_effect_spin,,Spin,Завъртете,
settings_extra_empty_dashboard_created,,An empty dashboard was created.,Създадено е празно табло за управление.,
settings_extra_font_atkinson,,Atkinson Hyperlegible,Хиперчетливост на Аткинсън,
settings_extra_font_bree_serif,,Bree Serif,Бри Сериф,
settings_extra_font_comfortaa,,Comfortaa,Комфортаа,
settings_extra_font_cursive,,Cursive,Курсив,
settings_extra_font_default,,Default,По подразбиране,
settings_extra_font_monospace,,Monospace,Монопространство,
settings_extra_font_nunito,,Nunito,Нунито,
settings_extra_font_patrick_hand,,Patrick Hand,Патрик Хенд,
settings_extra_font_sans_serif,,Sans serif,Без сериф,
settings_extra_font_serif,,Serif,Serif,
settings_extra_font_space_grotesk,,Space Grotesk,Космически Гротеск,
settings_extra_ha_backup_created,,Home Assistant backup created.,Home Assistant архивиране създадено.,don't translate Home Assistant
settings_extra_ha_backup_enabled,,Home Assistant backup enabled.,Home Assistant архивиране е активирано.,don't translate Home Assistant
settings_extra_ha_backup_failed,,Home Assistant backup failed. Is the HKI 7 Cloud component reachable?,Неуспешно архивиране на Home Assistant. Достижим ли е компонентът HKI 7 Cloud?,"don't translate HKI 7 Cloud, Home Assistant"
settings_extra_ha_backups_load_failed,,Could not load Home Assistant backups: %1$s,Неуспешно зареждане на Home Assistant резервни копия: %1$s,app fills in %1$s — keep them; don't translate Home Assistant
settings_extra_hide_tab,,Hide tab,Скриване на раздела,
settings_extra_hki_cloud_step_add_integration,,"Go to Settings → Devices & Services → Add Integration, choose “HKI 7 Cloud,” and confirm.","Отидете в Настройки → Устройства и услуги → Добавяне на интеграция, изберете „HKI 7 Cloud“ и потвърдете.",don't translate HKI 7 Cloud
settings_extra_hki_cloud_step_add_repository,,"Paste %1$s, choose the “Integration” category, and add it.","Поставете %1$s, изберете категорията „Интеграция“ и я добавете.",app fills in %1$s — keep them
settings_extra_hki_cloud_step_install,,"Open the new “HKI 7 Cloud” entry, install it, and restart Home Assistant.","Отворете новия запис „HKI 7 Cloud“, инсталирайте го и рестартирайте Home Assistant.","don't translate HKI 7 Cloud, Home Assistant"
settings_extra_hki_cloud_step_open_custom_repositories,,"In Home Assistant, open HACS → the ⋮ menu in the top-right → Custom repositories.",В Home Assistant отворете HACS → менюто ⋮ в горния десен ъгъл → Персонализирани хранилища.,don't translate Home Assistant
settings_extra_hki_cloud_step_reopen,,Reopen this screen. The features will appear automatically.,Отворете отново този екран. Функциите ще се появят автоматично.,
settings_extra_hki_cloud_version,,HKI 7 Cloud v%1$s installed,HKI 7 Cloud v%1$s инсталиран,app fills in %1$s — keep them; don't translate HKI 7 Cloud
settings_extra_hki_cloud_version_unknown,,HKI 7 Cloud installed (update to see its version),"HKI 7 Cloud инсталиран (актуализирайте, за да видите версията му)",don't translate HKI 7 Cloud
settings_extra_hki_cloud_update_to_unlock,,Update to unlock:,Актуализирайте за отключване:,
settings_extra_hki_cloud_feature_requires,,%1$s (needs v%2$s+),%1$s (има нужда от v%2$s+),app fills in %1$s %2$s — keep them
settings_extra_hki_cloud_feature_reimport,,Manually re-importing or clearing dashboard view data,Ръчно повторно импортиране или изчистване на данните за изглед на таблото,
settings_extra_hki_cloud_feature_search_lists,,Per-person Visible/Invisible global search lists,Видими/невидими глобални списъци за търсене на всеки човек,
settings_extra_hki_cloud_feature_room_follow,,Room following,Следваща стая,
settings_extra_hki_cloud_feature_room_follow_launch_only,,"Room following: only place someone on launch, without tracking further moves","Следване на стая: поставяйте някого само при изстрелване, без да проследявате по-нататъшни ходове",
settings_extra_hki_cloud_feature_devices,,Seeing which HKI version each family device runs,Вижте коя версия на HKI работи всяко семейно устройство,
settings_extra_hki_cloud_feature_required_version,,Requiring the family to update to a given HKI version,Изискване семейството да се актуализира до дадена HKI версия,
settings_extra_hki_cloud_feature_events,,"The event timeline, and hiding parts of it from individual people",Графикът на събитието и скриването на части от него от отделни хора,
settings_extra_hki_cloud_tab_requires,,"Needs HKI 7 Cloud v%1$s or newer. Update the component in HACS — until then, what you set here won't take effect.","Нуждае се от HKI 7 Cloud v%1$s или по-нова. Актуализирайте компонента в HACS — дотогава това, което сте задали тук, няма да влезе в сила.",app fills in %1$s — keep them; don't translate HKI 7 Cloud
settings_extra_location_allowed_always,,Allowed all the time,Позволено през цялото време,
settings_extra_location_allowed_foreground,,Allowed only while using the app,Разрешено само докато използвате приложението,
settings_extra_location_not_allowed,,Not allowed,Не е разрешено,
language_search_placeholder,,Search languages,Търсене на езици,
language_search_no_matches,,No language matches “%1$s”,Няма съответстващ език на „%1$s“,app fills in %1$s — keep them
settings_extra_language_dutch,,Nederlands,Холандия,
settings_extra_language_english,,English,английски,
settings_extra_language_french,,Français,Français,
settings_extra_language_german,,Deutsch,Deutsch,
settings_extra_language_italian,,Italiano,Италиано,
settings_extra_language_spanish,,Español,Español,
settings_extra_language_turkish,,Türkçe,турски,
settings_extra_language_portuguese,,Português,португалски,
settings_extra_language_portuguese_brazil,,Português (Brasil),португалски (Бразилия),
settings_extra_language_spanish_latam,,Español (Latinoamérica),Español (Латиноамерика),
settings_extra_language_japanese,,日本語,日本語,
settings_extra_language_korean,,한국어,한국어,
settings_extra_language_chinese_simplified,,中文（简体）,中文（简体）,
settings_extra_language_chinese_traditional,,中文（繁體）,中文（繁體）,
settings_extra_no_drive_backups,,No Google Drive backups were found.,Не бяха намерени резервни копия на Google Drive.,don't translate Google Drive
settings_extra_no_ha_backups,,No Home Assistant backups were found. Is the HKI 7 Cloud component installed?,Не бяха намерени резервни копия на Home Assistant. Инсталиран ли е компонентът HKI 7 Cloud?,"don't translate HKI 7 Cloud, Home Assistant"
settings_extra_notifications_multi_home_required,,Required while multiple homes receive notifications. Manage each home under Connection.,"Изисква се, докато множество домове получават известия. Управлявайте всеки дом под Connection.",
settings_extra_notifications_persistent_connection,,Keeps a persistent connection to Home Assistant while the app is closed. This uses more battery.,"Поддържа постоянна връзка с Home Assistant, докато приложението е затворено. Това изразходва повече батерия.",don't translate Home Assistant
settings_extra_paypal_logo,,PayPal logo,Лого на PayPal,
settings_extra_policy_update_failed,,Could not update the policy.,Правилата не можаха да се актуализират.,
settings_extra_policy_needs_component_update,,Permissions saved. Update HKI 7 Cloud to also store the Visible and Invisible lists.,"Разрешенията са запазени. Актуализирайте HKI 7 Cloud, за да съхранявате и списъците Visible и Invisible.",don't translate HKI 7 Cloud
settings_extra_policy_needs_component_update_room_follow,,Permissions saved. Update HKI 7 Cloud to also store the room following settings.,"Разрешенията са запазени. Актуализирайте HKI 7 Cloud, за да съхраните и следните настройки на стаята.",don't translate HKI 7 Cloud
settings_extra_policy_needs_component_update_events,,"Permissions saved, but this HKI 7 Cloud is too old to hide events from this person — they would see the whole timeline. Update it to apply the restriction.","Разрешенията са запазени, но този HKI 7 Cloud е твърде стар, за да скрие събития от този човек — той ще види цялата времева линия. Актуализирайте го, за да приложите ограничението.",don't translate HKI 7 Cloud
settings_extra_tab_presence,,Presence,присъствие,
settings_extra_tab_events,,Events,събития,
settings_extra_events_title,,Event timeline,График на събитието,
settings_extra_events_description,,"Choose which entities the family sees recent activity for, in the Events tab of the notification drawer. Set once here rather than on each phone. This hides the timeline, not the entities — anyone signed in to Home Assistant can still read them there.","Изберете за кои обекти семейството вижда скорошна активност в раздела Събития на панела за известия. Задайте веднъж тук, вместо на всеки телефон. Това скрива времевата линия, а не обектите — всеки, влязъл в Home Assistant, все още може да ги прочете там.",don't translate Home Assistant
settings_extra_events_loading,,Loading the roster…,Списъкът се зарежда...,
settings_extra_events_unavailable,,Could not read the roster from HKI 7 Cloud.,Не можах да прочета списъка от HKI 7 Cloud.,don't translate HKI 7 Cloud
settings_extra_events_empty,,No entities are being tracked yet.,Все още не се проследяват обекти.,
settings_extra_events_choose,,Choose entities,Изберете обекти,
settings_extra_events_edit,,Edit entities,Редактиране на обекти,
settings_extra_events_pick_title,,Entities to show events for,"Обекти, за които да се показват събития",
settings_extra_events_save_failed,,Could not save the event roster.,Списъкът на събитията не можа да бъде запазен.,
settings_extra_events_capped,,Saved %1$d entities and %2$d domains. The timeline roster is capped.,Запазени %1$d обекти и %2$d домейни. Списъкът с времевата линия е ограничен.,app fills in %1$d %2$d — keep them
settings_extra_events_whole_domain,,All %1$s (%2$d entities),Всички %1$s (%2$d обекти),app fills in %1$s %2$d — keep them
settings_extra_events_resolved_capped,,"This roster covers %2$d entities, but a timeline subscribes to at most %1$d. Remove a domain, or add entities by name instead.","Този списък обхваща %2$d обекти, но времевата линия се абонира за най-много %1$d. Премахнете домейн или вместо това добавете обекти по име.",app fills in %2$d %1$d — keep them
settings_extra_events_per_person_title,,Who sees what,Кой какво вижда,
settings_extra_events_per_person_description,,Everyone sees the whole timeline unless you take something out of it for them.,"Всеки вижда цялата времева линия, освен ако не вземете нещо от нея за тях.",
settings_extra_events_sees_everything,,Sees the whole timeline,Вижда цялата времева линия,
settings_extra_events_hidden_count,,%1$d hidden,%1$d скрит,app fills in %1$d — keep them
settings_extra_events_manage,,Manage,Управлявайте,
settings_extra_events_hidden_title,,Hide from this person,Скрийте се от този човек,
settings_extra_events_notifications_hint,,"The Events tab in the notification drawer shows recent activity for the entities your family admin chose. It is set for the whole family in Family Sharing, not per device.","Разделът Събития в чекмеджето за известия показва скорошна активност за обектите, избрани от вашия семеен администратор. Задава се за цялото семейство в Family Sharing, а не за всяко устройство.",
settings_extra_events_open_family_sharing,,Open Family Sharing,Отворете Family Sharing,
settings_extra_room_follow_title,,Room following,Следваща стая,
settings_extra_room_follow_description,,"Pick the room-presence sensor that tracks each person's phone, such as an ESPresense sensor. The app opens the room they are in and offers to follow them as they move.","Изберете сензор за присъствие в стаята, който проследява телефона на всеки човек, като например сензор ESPresense. Приложението отваря стаята, в която се намират, и предлага да ги следва, докато се движат.",
settings_extra_room_follow_sensor,,Presence sensor,Сензор за присъствие,
settings_extra_room_follow_none,,No sensor,Няма сензор,
settings_extra_room_follow_enabled,,Follow this person between rooms,Следвайте този човек между стаите,
settings_extra_room_follow_open_on_launch,,Open their room when the app starts,"Отворете стаята им, когато приложението стартира",
settings_extra_room_follow_continue_after_launch,,Keep following while the app is open,"Продължете да следвате, докато приложението е отворено",
settings_extra_room_follow_continue_after_launch_hint,,"Turn off to only place them in the right room when the app starts, without switching rooms again while they're using it.","Изключете, за да ги поставите в правилната стая само когато приложението стартира, без да превключвате стаите отново, докато го използват.",
settings_extra_room_follow_prompt_on_move,,Ask before switching rooms,Попитайте преди да смените стаята,
settings_extra_room_follow_dwell,,Wait before a move counts,"Изчакайте, преди ходът да се зачете",
settings_extra_room_follow_dwell_value,,%1$d s,%1$d s,app fills in %1$d — keep them
settings_extra_room_follow_dwell_hint,,Room-presence sensors drift between nearby rooms. A longer wait means fewer false moves.,Сензорите за присъствие в стаята се движат между близките стаи. По-дългото чакане означава по-малко грешни ходове.,
settings_extra_room_follow_rooms,,Sensor states,Състояния на сензора,
settings_extra_room_follow_rooms_matched,,Matched automatically,Съвпада автоматично,
settings_extra_room_follow_rooms_unmatched,,Pick a room,Изберете стая,
settings_extra_room_follow_no_states,,No states seen yet. States appear here once the sensor reports them.,"Все още не се виждат състояния. Състоянията се появяват тук, след като сензорът ги докладва.",
room_follow_moved_title,,You moved to %1$s,Преместихте се в %1$s,app fills in %1$s — keep them
room_follow_moved_message,,"Switch to that room, or stay where you are?","Превключете в тази стая или останете там, където сте?",
room_follow_moved_switch,,Switch,Превключване,
room_follow_moved_stay,,Stay,остани,
room_follow_moved_silence,,Don't ask again until I restart the app,"Не питайте отново, докато не рестартирам приложението",
settings_extra_rename_dashboard,,Rename %1$s,Преименуване на %1$s,app fills in %1$s — keep them
settings_extra_rename_instance,,Rename %1$s,Преименуване на %1$s,app fills in %1$s — keep them
settings_extra_restart_home_assistant_failed,,Could not restart Home Assistant.,Не може да се рестартира Home Assistant.,don't translate Home Assistant
settings_extra_restore_failed,,Restore failed: %1$s,Неуспешно възстановяване: %1$s,app fills in %1$s — keep them
settings_extra_selected_file_open_failed,,Could not open the selected file,Избраният файл не може да се отвори,
settings_extra_set_dashboard_default,,Set %1$s as the default dashboard,Задайте %1$s като табло за управление по подразбиране,app fills in %1$s — keep them
settings_extra_family_device_forget_failed,,Could not forget “%1$s.”,Не можах да забравя „%1$s.“,app fills in %1$s — keep them
settings_extra_shared_dashboard_access_failed,,Could not change who can see “%1$s.”,Не може да се промени кой може да вижда „%1$s.“,app fills in %1$s — keep them
settings_extra_shared_dashboard_access_updated,,Updated who can see “%1$s.”,Актуализирано е кой може да вижда „%1$s.“,app fills in %1$s — keep them
settings_extra_shared_dashboard_delete_failed,,Could not delete “%1$s.”,Не може да се изтрие „%1$s.“,app fills in %1$s — keep them
settings_extra_shared_dashboard_deleted,,“%1$s” was deleted from the cloud.,„%1$s“ беше изтрит от облака.,app fills in %1$s — keep them
settings_extra_shared_dashboard_import_failed,,Could not import “%1$s.”,Не можа да се импортира „%1$s.“,app fills in %1$s — keep them
settings_extra_shared_dashboard_imported,,“%1$s” was imported into your dashboards.,„%1$s“ беше импортиран във вашите табла за управление.,app fills in %1$s — keep them
settings_extra_shared_dashboard_now_using,,Now using “%1$s.”,Сега се използва „%1$s.“,app fills in %1$s — keep them
settings_extra_shared_dashboard_use_failed,,Could not use “%1$s.”,Не може да се използва „%1$s.“,app fills in %1$s — keep them
settings_extra_shared_dashboards_up_to_date,,Shared dashboards are already up to date.,Споделените табла за управление вече са актуални.,
settings_extra_show_tab,,Show tab,Показване на раздела,
settings_extra_tab_dashboards,,Dashboards,Табла за управление,
settings_extra_tab_devices,,Devices,устройства,
settings_extra_tab_parental_controls,,Parental controls,Родителски контрол,
settings_extra_tab_permissions,,Permissions,Разрешения,
settings_extra_technology_kotlin,,Kotlin,Котлин,
settings_extra_technology_xml_kotlin_dsl,,XML and Kotlin DSL,XML и Kotlin DSL,
settings_extra_theme_amber,,Amber,Амбър,
settings_extra_theme_auto,,Auto,Авто,
settings_extra_theme_blue,,Blue,Синьо,
settings_extra_theme_custom,,Custom,По поръчка,
settings_extra_theme_dark,,Dark,Тъмно,
settings_extra_theme_green,,Green,Зелено,
settings_extra_theme_light,,Light,светлина,
settings_extra_theme_rose,,Rose,Роза,
settings_extra_theme_system,,System,система,
settings_extra_unknown_error,,Unknown error,Неизвестна грешка,
settings_extra_unrestricted_recommended,,Unrestricted (recommended),Неограничено (препоръчително),
settings_extra_view_battery,,Battery,Батерия,
settings_extra_view_climate,,Climate,Климат,
settings_extra_view_energy,,Energy,енергия,
settings_extra_view_rooms,,Rooms,Стаи,
settings_extra_view_security,,Security,сигурност,
settings_extra_minutes_ago,one,%1$d minute ago,преди %1$d минути,app fills in %1$d — keep them
settings_extra_minutes_ago,other,%1$d minutes ago,преди %1$d минути,app fills in %1$d — keep them
settings_extra_hours_ago,one,%1$d hour ago,преди %1$d час,app fills in %1$d — keep them
settings_extra_hours_ago,other,%1$d hours ago,преди %1$d часа,app fills in %1$d — keep them
settings_extra_days_ago,one,%1$d day ago,преди %1$d ден,app fills in %1$d — keep them
settings_extra_days_ago,other,%1$d days ago,преди %1$d дни,app fills in %1$d — keep them
settings_extra_shared_dashboards_pushed,one,Pushed changes to %1$d shared dashboard.,Изпратени промени в %1$d споделено табло за управление.,app fills in %1$d — keep them
settings_extra_shared_dashboards_pushed,other,Pushed changes to %1$d shared dashboards.,Изпратени промени в %1$d споделени табла за управление.,app fills in %1$d — keep them
family_permission_reimport,,Allow re-importing,Разрешете повторно импортиране,
family_permission_reimport_subtitle,,"Let this person manually re-import or clear Rooms, Climate, Security, Energy, and Battery data","Нека този човек ръчно повторно импортира или изчисти данните за стаите, климата, сигурността, енергията и батерията",
family_dashboard_create_disabled_reason,,Your family administrator has disabled dashboard creation. This account can only use family-shared dashboards.,Семейният ви администратор е деактивирал създаването на табло за управление. Този акаунт може да използва само споделени от семейството табла за управление.,
family_dashboard_restore_disabled_reason,,"Your family administrator has disabled dashboard switching. Restoring a backup could replace the family dashboard, so this account can only select a shared dashboard.","Семейният ви администратор е деактивирал превключването на таблото за управление. Възстановяването на резервно копие може да замени семейното табло за управление, така че този акаунт може да избере само споделено табло за управление.",
family_settings_admin_only,,Locked — only a Home Assistant administrator can manage family sharing,Заключено — само администратор на Home Assistant може да управлява семейното споделяне,don't translate Home Assistant
family_aesthetics_only_explanation,,"Aesthetics-only access allows local names, icons, colors, backgrounds, card styles, shapes, sizes, and layout. Entities, actions, visibility rules, content, controls, and other behavior remain managed by the dashboard owner.","Достъпът само до естетика позволява локални имена, икони, цветове, фонове, стилове на карти, форми, размери и оформление. Обекти, действия, правила за видимост, съдържание, контроли и друго поведение остават управлявани от собственика на таблото за управление.",
parental_search_access_title,,Entity search access,Достъп за търсене на обекти,
parental_search_access_hint,,Choose which Home Assistant domains or individual entities this person can find in global search. Invisible selections always take precedence.,Изберете кои Home Assistant домейни или отделни обекти този човек може да намери в глобалното търсене. Невидимите селекции винаги имат предимство.,don't translate Home Assistant
parental_search_visible_title,,Visible,Видими,
parental_search_invisible_title,,Invisible,Невидим,
parental_search_visible_empty,,All entities are visible unless they appear in the Invisible list.,"Всички обекти са видими, освен ако не се показват в списъка Невидими.",
parental_search_invisible_empty,,No entities are explicitly hidden.,Никакви обекти не са изрично скрити.,
parental_search_picker_subtitle,,Select entire domains or individual entities,Изберете цели домейни или отделни обекти,
parental_search_domains,,Domains,Домейни,
parental_search_entire_domain,,Entire domain,Целият домейн,
parental_search_domain_chip,,Domain: %1$s,Домейн: %1$s,app fills in %1$s — keep them
ha_page_category,,Home Assistant,Home Assistant,don't translate Home Assistant
ha_page_category_subtitle,,Open your server's own pages without leaving HKI 7,"Отворете собствените страници на вашия сървър, без да напускате HKI 7",don't translate HKI 7
ha_page_settings,,Home Assistant settings,Home Assistant настройки,don't translate Home Assistant
ha_page_settings_subtitle,,"Integrations, devices, areas and automations","Интеграции, устройства, области и автоматизация",
ha_page_dev_tools,,Developer tools,Инструменти за разработчици,
ha_page_dev_tools_subtitle,,"States, services, templates and events","Състояния, услуги, шаблони и събития",
ha_page_hacs,,HACS,HACS,
ha_page_hacs_subtitle,,Community integrations and frontend add-ons,Интеграции на общността и добавки за интерфейс,
ha_page_no_server,,Connect to a Home Assistant server first.,Първо се свържете със сървър Home Assistant.,don't translate Home Assistant
ha_page_reload,,Reload,Презареди,
ha_page_open_browser,,Open in browser,Отворете в браузъра,
ha_page_session_failed,,Could not start the embedded Home Assistant session. Reload the page or open it in your browser.,Неуспешно стартиране на вградената Home Assistant сесия. Презаредете страницата или я отворете в браузъра си.,don't translate Home Assistant
update_channel_name,,App updates,Актуализации на приложения,
update_channel_description,,Tells you when a newer version of HKI 7 has been released,Казва ви кога е пусната по-нова версия на HKI 7,don't translate HKI 7
update_available_title,,HKI 7 %1$s is available,HKI 7 %1$s е наличен,app fills in %1$s — keep them; don't translate HKI 7
update_available_body,,Tap to see what changed and update,"Докоснете, за да видите какво се е променило и актуализирайте",
update_title,,App updates,Актуализации на приложения,
update_subtitle_checking,,Checking for a newer version…,Проверява се за по-нова версия...,
update_subtitle_current,,You are on the latest version,Вие сте на най-новата версия,
update_subtitle_available,,Version %1$s is available,Версия %1$s е налична,app fills in %1$s — keep them
update_check_now,,Check for updates,Проверете за актуализации,
update_now,,Update now,Актуализирайте сега,
update_see_changes,,See what changed,Вижте какво се промени,
update_watch_releases,,Tell me about new releases,Разкажете ми за новите издания,
update_watch_releases_subtitle,,Checks GitHub once a day and notifies you when a newer version is published,Проверява GitHub веднъж на ден и ви уведомява при публикуване на по-нова версия,
uif_a_state,,a state,състояние,
uif_a_time,,a time,време,
uif_actions,,Actions,Действия,
uif_active,,Active,Активен,
uif_adaptive,,Adaptive,Адаптивна,
uif_advanced,,Advanced,Разширено,
uif_air_quality,,Air quality,Качество на въздуха,
uif_alarm,,Alarm,Аларма,
uif_alarms,,Alarms,Аларми,
uif_allow,,Allow,Разрешете,
uif_allow_all_the_time,,Allow all the time,Разрешете през цялото време,
uif_and_separator,,\u0020and\u0020,\\u0020и\\u0020,
uif_appearance,,Appearance,Външен вид,
uif_aqi,,AQI,AQI,
uif_auto,,Auto,Авто,
uif_back,,Back,Назад,
uif_beep,,Beep,Звуков сигнал,
uif_brightness,,Brightness,Яркост,
uif_bucket,,Bucket,Кофа,
uif_choose_action,,Choose action,Изберете действие,
uif_choose_entity,,Choose entity,Изберете обект,
uif_choose_target,,Choose target,Изберете цел,
uif_circle,,Circle,кръг,
uif_color,,Color,Цвят,
uif_date,,Date,Дата,
uif_date_and_time,,Date and time,Дата и час,
uif_defrost,,Defrost,Размразяване,
uif_devices_on,,Devices on,Включени устройства,
uif_direction_east_short,,E,д,
uif_direction_north_short,,N,Н,
uif_direction_northeast_short,,NE,NE,
uif_direction_northwest_short,,NW,NW,
uif_direction_south_short,,S,С,
uif_direction_southeast_short,,SE,SE,
uif_direction_southwest_short,,SW,SW,
uif_direction_west_short,,W,У,
uif_display,,Display,Дисплей,
uif_edit,,Edit,Редактиране,
uif_enable,,Enable,Активирайте,
uif_enable_location,,Enable location,Активиране на местоположението,
uif_enabled,,Enabled,Активирано,
uif_entities,,Entities,Субекти,
uif_error,,Error,Грешка,
uif_fan_speed,,Fan speed,Скорост на вентилатора,
uif_feels_like_temperature,,Feels like %1$d°,Усеща се като %1$d°,app fills in %1$d — keep them
uif_filter,,Filter,Филтър,
uif_fire,,Fire,огън,
uif_flow_actions_available,,Actions available in Home Assistant,Налични действия в Home Assistant,don't translate Home Assistant
uif_flow_actions_load_failed,,Could not load Home Assistant actions,Неуспешно зареждане на Home Assistant действия,don't translate Home Assistant
uif_flow_advanced_block_unchanged,,Advanced block (kept unchanged),Разширен блок (запазен непроменен),
uif_flow_after_format,,After (HH:MM:SS),След (ЧЧ:ММ:СС),
uif_flow_after_time,,after %1$s,след %1$s,app fills in %1$s — keep them
uif_flow_at_time,,At %1$s,В %1$s,app fills in %1$s — keep them
uif_flow_automation_delete_failed,,Could not delete this automation,Тази автоматизация не можа да бъде изтрита,
uif_flow_automation_deleted,,Deleted from Home Assistant,Изтрит от Home Assistant,don't translate Home Assistant
uif_flow_automation_load_failed,,Could not load this automation,Тази автоматизация не можа да се зареди,
uif_flow_automation_save_failed,,Could not save this automation,Тази автоматизация не можа да бъде запазена,
uif_flow_automation_saved,,Saved and loaded in Home Assistant,Запазени и заредени в Home Assistant,don't translate Home Assistant
uif_flow_before_format,,Before (HH:MM:SS),Преди (ЧЧ:ММ:СС),
uif_flow_before_time,,before %1$s,преди %1$s,app fills in %1$s — keep them
uif_flow_domain_actions_first,,%1$s actions are shown first,Първи се показват действията %1$s,app fills in %1$s — keep them
uif_flow_entity_becomes_state,,%1$s becomes %2$s,%1$s става %2$s,app fills in %1$s %2$s — keep them
uif_flow_entity_is_state,,%1$s is %2$s,%1$s е %2$s,app fills in %1$s %2$s — keep them
uif_flow_entity_state,,Entity state,Състояние на обекта,
uif_flow_ha_action,,Home Assistant action,Home Assistant действие,don't translate Home Assistant
uif_flow_mode_parallel,,Parallel,Паралелен,
uif_flow_mode_parallel_description,,Start every trigger as a separate run at the same time.,Стартирайте всеки тригер като отделен цикъл едновременно.,
uif_flow_mode_queued,,Queued,На опашка,
uif_flow_mode_queued_description,,"Wait, then run each trigger in the order it arrived.","Изчакайте, след това стартирайте всеки тригер в реда, в който е пристигнал.",
uif_flow_mode_restart,,Restart,Рестартирайте,
uif_flow_mode_restart_description,,Stop the current run and start again when conditions still pass.,"Спрете текущото изпълнение и започнете отново, когато условията все още са изпълнени.",
uif_flow_mode_single,,Single,Неженен,
uif_flow_mode_single_description,,Ignore a new trigger while this flow is still running.,"Игнорирайте нов тригер, докато този поток все още работи.",
uif_flow_perform_ha_action,,Perform a Home Assistant action,Изпълнете действие Home Assistant,don't translate Home Assistant
uif_flow_section_and_if,,And if,И ако,
uif_flow_section_then,,Then,Тогава,
uif_flow_section_when,,When,Кога,
uif_flow_sun_event,,Sun event,Слънчево събитие,
uif_flow_sunrise_or_sunset,,Sunrise or sunset,Изгрев или залез,
uif_flow_time_format,,Time (HH:MM:SS),Час (ЧЧ:ММ:СС),
uif_flow_time_window,,Time window,Времеви прозорец,
uif_flow_group_any,,Any of these,Някое от тези,
uif_flow_group_all,,All of these,Всички тези,
uif_flow_group_none,,None of these,Нито едно от тези,
uif_flow_group_empty,,Empty — open it to add conditions,"Празно — отворете го, за да добавите условия",
uif_flow_group_open,,Open group,Отворена група,
uif_flow_group_back,,Back,Назад,
uif_flow_group_count,one,%1$d condition inside,%1$d състояние вътре,app fills in %1$d — keep them
uif_flow_group_count,other,%1$d conditions inside,%1$d условия вътре,app fills in %1$d — keep them
uif_flow_within_time_window,,Within a time window,В рамките на прозорец от време,
uif_full,,Full,Пълна,
uif_gas,,Gas,газ,
uif_glow,,Glow,Сияние,
uif_half,,Half,Наполовина,
uif_header_pill,,Header pill,Хапче за глава,
uif_hold,,Hold,Задръжте,
uif_humidity,,Humidity,Влажност,
uif_ionizer,,Ionizer,Йонизатор,
uif_lights_on,,Lights on,Светлините светят,
uif_local_network_access,,Local network access,Достъп до локална мрежа,
uif_local_network_access_description,,Allows HKI 7 to find and connect directly to Home Assistant on your Wi-Fi network.,Позволява на HKI 7 да намери и да се свърже директно с Home Assistant във вашата Wi-Fi мрежа.,"don't translate Home Assistant, HKI 7"
uif_mode_auto,,Auto,Авто,
uif_mode_away,,Away,Далеч,
uif_mode_baby,,Baby,Бебе,
uif_mode_boost,,Boost,Увеличете,
uif_mode_clothes,,Clothes,Дрехи,
uif_mode_comfort,,Comfort,Комфорт,
uif_mode_continuous,,Continuous,Непрекъснато,
uif_mode_dry,,Dry,Суха,
uif_mode_eco,,Eco,Еко,
uif_mode_high,,High,високо,
uif_mode_home,,Home,Начало,
uif_mode_laundry,,Laundry,Пералня,
uif_mode_low,,Low,ниско,
uif_mode_manual,,Manual,Наръчник,
uif_mode_medium,,Medium,Среден,
uif_mode_normal,,Normal,нормално,
uif_mode_purify,,Purify,Пречистете,
uif_mode_quiet,,Quiet,Тихо,
uif_mode_sleep,,Sleep,сън,
uif_moon,,Moon,Луна,
uif_moon_phase_first_quarter,,First quarter,Първа четвърт,
uif_moon_phase_full,,Full moon,пълнолуние,
uif_moon_phase_last_quarter,,Last quarter,Последна четвърт,
uif_moon_phase_new,,New moon,новолуние,
uif_moon_phase_waning_crescent,,Waning crescent,Намаляващ полумесец,
uif_moon_phase_waning_gibbous,,Waning gibbous,Намаляващ глупак,
uif_moon_phase_waxing_crescent,,Waxing crescent,Нарастващ полумесец,
uif_moon_phase_waxing_gibbous,,Waxing gibbous,Восъчна глупост,
uif_motion,,Motion,Движение,
uif_mute,,Mute,Без звук,
uif_next,,Next,Следваща,
uif_none,,None,Няма,
uif_off,,Off,Изкл,
uif_onboarding_add_in_edit_mode,,Add everything yourself in Edit mode,Добавете всичко сами в режим на редактиране,
uif_onboarding_add_internal_url_later,,"For a faster direct connection at home, you can add an internal URL and your home Wi-Fi networks later in Settings > Connection.",За по-бърза директна връзка у дома можете да добавите вътрешен URL адрес и вашите домашни Wi-Fi мрежи по-късно в Настройки > Връзка.,
uif_onboarding_add_remote_url_later,,"To connect while you're away from home, add a Nabu Casa or external URL later in Settings > Connection.","За да се свържете, докато сте далеч от дома, добавете Nabu Casa или външен URL по-късно в Настройки > Връзка.",don't translate Nabu Casa
uif_onboarding_auto_entities,,"Finds suitable Climate, Security, Energy and Battery entities","Намира подходящи обекти за климат, сигурност, енергия и батерия",
uif_onboarding_auto_generate,,Auto generate,Автоматично генериране,
uif_onboarding_auto_rooms_floors,,Creates rooms and floors from Home Assistant areas,Създава стаи и подове от Home Assistant области,don't translate Home Assistant
uif_onboarding_building_dashboard,,Building dashboard…,Изгражда се табло за управление…,
uif_onboarding_connection_failed,,Connection failed,Връзката е неуспешна,
uif_onboarding_everything_editable,,Everything can be changed afterward in Edit mode,Всичко може да се промени след това в режим Редактиране,
uif_onboarding_external_access_explanation,,HKI 7 can reach your smart home both at home and while you're away through the external URL you entered.,"HKI 7 може да достигне до вашия интелигентен дом както у дома, така и докато сте далеч чрез външния URL адрес, който сте въвели.",don't translate HKI 7
uif_onboarding_local_access_explanation,,Your smart home is currently available to HKI 7 only while this device can reach your local Home Assistant network.,Вашият интелигентен дом в момента е достъпен за HKI 7 само докато това устройство може да се свърже с вашата локална Home Assistant мрежа.,"don't translate Home Assistant, HKI 7"
uif_onboarding_login_failed,,Login failed: %1$s,Неуспешно влизане: %1$s,app fills in %1$s — keep them
uif_onboarding_nabu_casa_access_explanation,,HKI 7 can reach your smart home both at home and while you're away through your Nabu Casa URL.,"HKI 7 може да достигне до вашия интелигентен дом както у дома, така и докато сте далеч чрез вашия Nabu Casa URL.","don't translate Nabu Casa, HKI 7"
uif_onboarding_no_authorization_code,,Login failed: Home Assistant returned no authorization code.,Неуспешно влизане: Home Assistant не върна код за оторизация.,don't translate Home Assistant
uif_onboarding_preparing_dashboard,,Preparing dashboard…,Таблото за управление се подготвя…,
uif_onboarding_server_http_error,,The server answered with HTTP %1$d,Сървърът отговори с HTTP %1$d,app fills in %1$d — keep them
uif_onboarding_shared_import_failed,,Could not import “%1$s”. Try again.,Не можа да се импортира „%1$s“. Опитайте отново.,app fills in %1$s — keep them
uif_onboarding_start_empty,,Start empty,Започнете празно,
uif_onboarding_starts_empty,,"Starts without imported rooms, widgets or view entities","Започва без импортирани стаи, уиджети или изгледи",
uif_open,,Open,Отворете,
uif_open_doors,,Open doors,Отворени врати,
uif_open_settings,,Open settings,Отворете настройките,
uif_open_windows,,Open windows,Отворени прозорци,
uif_of_enabled,,%1$d of %2$d enabled,%1$d от %2$d активиран,app fills in %1$d %2$d — keep them
uif_pause,,Pause,Пауза,
uif_percentage,,Percentage,Процент,
uif_permissions_can_be_changed_later,,You can change these permissions later in Android Settings.,Можете да промените тези разрешения по-късно в настройките на Android.,
uif_pick_to_auto_fill,,Pick to auto-fill,Изберете за автоматично попълване,
uif_pill,,Pill,Хапче,
uif_play,,Play,Играйте,
uif_playlists,,Playlists,Плейлисти,
uif_pm25,,PM2.5,PM2.5,
uif_presence,,Presence,присъствие,
uif_pressure,,Pressure,налягане,
uif_pressure_hpa,,%1$d hPa,%1$d hPa,app fills in %1$d — keep them
uif_previous,,Previous,Предишен,
uif_pulse,,Pulse,Пулс,
uif_pump,,Pump,помпа,
uif_rain,,Rain,дъжд,
uif_rain_map_camera,,Rain map camera,Камера за карта на дъжда,
uif_recipe_arrive_home_description,,Activate a scene when someone arrives home,"Активирайте сцена, когато някой пристигне у дома",
uif_recipe_arrive_home_title,,Welcome home,добре дошъл у дома,
uif_recipe_bedtime_description,,Turn off a light at a chosen bedtime,Изключете светлината в избрано време за лягане,
uif_recipe_bedtime_title,,Bedtime lights,Светлини за сън,
uif_recipe_blank_description,,Build an automation from an empty canvas,Изградете автоматизация от празно платно,
uif_recipe_blank_title,,Start empty,Започнете празно,
uif_recipe_close_covers_description,,Close a cover when the sun sets,"Затворете капака, когато слънцето залезе",
uif_recipe_close_covers_title,,Close covers at sunset,Затворете капаците при залез слънце,
uif_recipe_entity_state_description,,Run an action when an entity reaches a state,"Изпълнете действие, когато даден обект достигне състояние",
uif_recipe_entity_state_title,,Entity changes,Промени в субекта,
uif_recipe_leave_home_description,,Turn off a light when someone leaves home,"Гасете светлината, когато някой напусне дома",
uif_recipe_leave_home_title,,Leaving home,Напускане на дома,
uif_recipe_lock_at_night_description,,Lock a door at a chosen time,Заключете врата в избрано време,
uif_recipe_lock_at_night_title,,Lock up at night,Заключете през нощта,
uif_recipe_morning_scene_description,,Activate a scene at a chosen morning time,Активирайте сцена в избран сутрешен час,
uif_recipe_morning_scene_title,,Morning scene,Сутрешна сцена,
uif_recipe_motion_lights_description,,Turn on a light when motion is detected,"Включете светлина, когато засечете движение",
uif_recipe_motion_lights_title,,Motion lighting,Осветление за движение,
uif_recipe_open_covers_description,,Open a cover when the sun rises,"Отворете капака, когато слънцето изгрее",
uif_recipe_open_covers_title,,Open covers at sunrise,Отворете капаците при изгрев слънце,
uif_recipe_schedule_description,,Run an action at a fixed time every day,Изпълнявайте действие във фиксирано време всеки ден,
uif_recipe_schedule_title,,At a time,В даден момент,
uif_recipe_sunrise_lights_off_description,,Turn off a light when the sun rises,"Изключете светлината, когато слънцето изгрява",
uif_recipe_sunrise_lights_off_title,,Lights off at sunrise,Светлините се изключват при изгрев слънце,
uif_recipe_sunset_description,,Run an action at sunset,Стартирайте действие при залез слънце,
uif_recipe_sunset_title,,Around sunset,Около залез,
uif_refresh,,Refresh,Опресняване,
uif_remove,,Remove,Премахнете,
uif_repeat,,Repeat,Повторете,
uif_run,,Run,Бягай,
uif_season,,Season,Сезон,
uif_season_autumn,,Autumn,Есента,
uif_season_spring,,Spring,Пролет,
uif_season_summer,,Summer,лято,
uif_season_winter,,Winter,Зима,
uif_shuffle,,Shuffle,Разбъркайте,
uif_sleep,,Sleep,сън,
uif_smoke,,Smoke,дим,
uif_source,,Source,Източник,
uif_source_device,,Source device,Изходно устройство,
uif_speed,,Speed,Скорост,
uif_speed_kmh,,%1$d km/h,%1$d км/ч,app fills in %1$d — keep them
uif_spin,,Spin,Завъртете,
uif_state_active,,Active,Активен,
uif_state_away,,Away,Далеч,
uif_state_buffering,,Buffering,Буфериране,
uif_state_cleaning,,Cleaning,Почистване,
uif_state_closed,,Closed,Затворено,
uif_state_docked,,Docked,Закачен,
uif_state_error,,Error,Грешка,
uif_state_home,,Home,Начало,
uif_state_idle,,Idle,празен ход,
uif_state_locked,,Locked,Заключено,
uif_state_off,,Off,Изкл,
uif_state_on,,On,включено,
uif_state_open,,Open,Отворете,
uif_state_paused,,Paused,На пауза,
uif_state_playing,,Playing,Играя,
uif_state_returning,,Returning,Връщане,
uif_state_standby,,Standby,В режим на готовност,
uif_state_unavailable,,Unavailable,Недостъпен,
uif_state_unknown,,Unknown,неизвестен,
uif_state_unlocked,,Unlocked,Отключена,
uif_sun,,Sun,слънце,
uif_sunrise,,Sunrise,Изгрев,
uif_sunset,,Sunset,Залез,
uif_tank,,Tank,резервоар,
uif_tap,,Tap,Докоснете,
uif_third,,Third,трето,
uif_time,,Time,време,
uif_unknown,,Unknown,неизвестен,
uif_update_failed,,Could not update %1$s,Не можа да се актуализира %1$s,app fills in %1$s — keep them
uif_updated,,%1$s updated,%1$s актуализиран,app fills in %1$s — keep them
uif_weather,,Weather,Времето,
uif_wind,,Wind,Вятър,
uif_active_device_count,one,%1$d active device,%1$d активно устройство,app fills in %1$d — keep them
uif_active_device_count,other,%1$d active devices,%1$d активни устройства,app fills in %1$d — keep them
uif_adaptive_group_paused_count,one,%1$d group light is paused for manual control.,%1$d груповата светлина е поставена на пауза за ръчно управление.,app fills in %1$d — keep them
uif_adaptive_group_paused_count,other,%1$d group lights are paused for manual control.,%1$d груповите светлини са поставени на пауза за ръчно управление.,app fills in %1$d — keep them
uif_adaptive_profile_light_count,one,Controls %1$d light in this profile.,Контролира %1$d светлина в този профил.,app fills in %1$d — keep them
uif_adaptive_profile_light_count,other,Controls %1$d lights in this profile.,Управлява %1$d светлини в този профил.,app fills in %1$d — keep them
uif_days_to_season,one,%1$d day to %2$s,%1$d ден до %2$s,app fills in %1$d %2$s — keep them
uif_days_to_season,other,%1$d days to %2$s,%1$d дни до %2$s,app fills in %1$d %2$s — keep them
uif_device_on_count,one,%1$d device on,%1$d устройството е включено,app fills in %1$d — keep them
uif_device_on_count,other,%1$d devices on,%1$d устройства включени,app fills in %1$d — keep them
uif_fire_detector_count,one,%1$d fire detector active,%1$d активен пожароизвестител,app fills in %1$d — keep them
uif_fire_detector_count,other,%1$d fire detectors active,%1$d активни пожароизвестители,app fills in %1$d — keep them
uif_flow_advanced_block_count,one,%1$d advanced shorthand block (kept unchanged),%1$d разширен стенографски блок (запазен непроменен),app fills in %1$d — keep them
uif_flow_advanced_block_count,other,%1$d advanced shorthand blocks (kept unchanged),%1$d разширени стенографски блокове (запазени непроменени),app fills in %1$d — keep them
uif_gas_detector_count,one,%1$d gas detector active,%1$d активен детектор за газ,app fills in %1$d — keep them
uif_gas_detector_count,other,%1$d gas detectors active,%1$d активни детектори за газ,app fills in %1$d — keep them
uif_light_on_count,one,%1$d light on,%1$d свети,app fills in %1$d — keep them
uif_light_on_count,other,%1$d lights on,%1$d свети,app fills in %1$d — keep them
uif_media_item_count,one,%1$d item,%1$d елемент,app fills in %1$d — keep them
uif_media_item_count,other,%1$d items,%1$d елемента,app fills in %1$d — keep them
uif_motion_sensor_count,one,%1$d motion sensor active,%1$d активен сензор за движение,app fills in %1$d — keep them
uif_motion_sensor_count,other,%1$d motion sensors active,%1$d активни сензори за движение,app fills in %1$d — keep them
uif_open_door_count,one,%1$d open door,%1$d отворена врата,app fills in %1$d — keep them
uif_open_door_count,other,%1$d open doors,%1$d отворени врати,app fills in %1$d — keep them
uif_open_window_count,one,%1$d open window,%1$d отворен прозорец,app fills in %1$d — keep them
uif_open_window_count,other,%1$d open windows,%1$d отворени прозорци,app fills in %1$d — keep them
uif_presence_sensor_count,one,%1$d presence sensor active,%1$d активен сензор за присъствие,app fills in %1$d — keep them
uif_presence_sensor_count,other,%1$d presence sensors active,%1$d активни сензори за присъствие,app fills in %1$d — keep them
uif_smoke_detector_count,one,%1$d smoke detector active,%1$d активен детектор за дим,app fills in %1$d — keep them
uif_smoke_detector_count,other,%1$d smoke detectors active,%1$d активни детектори за дим,app fills in %1$d — keep them
weather_animate_title,,Animated weather,Анимирано време,
weather_animate_description,,"Where the full-colour weather artwork plays. Turn a surface off to show its still artwork instead — the forecast strips are the ones that cost the most, since they animate a dozen icons side by side.","Където играе пълноцветното произведение на времето. Изключете дадена повърхност, за да покажете вместо това нейните неподвижни произведения на изкуството — прогнозните ленти са тези, които струват най-много, тъй като те анимират дузина икони една до друга.",
weather_animate_applies_everywhere,,"These apply to this device everywhere weather is shown, not just to this pill. The same switches are in Settings › Appearance › Icons.","Те важат за това устройство навсякъде, където се показва времето, не само за това хапче. Същите превключватели са в Настройки › Външен вид › Икони.",
weather_animate_pill,,Header pill,Хапче за глава,
weather_animate_pill_description,,The small weather icon beside the dashboard title.,Малката икона за времето до заглавието на таблото.,
weather_animate_dialog,,Weather dialog,Диалог за времето,
weather_animate_dialog_description,,The large icon on the current-weather card when you open the weather.,"Голямата икона на картата за текущото време, когато отворите времето.",
weather_animate_forecast,,Forecast strips,Прогнозни ленти,
weather_animate_forecast_description,,"The daily and hourly rows, in the dialog and on the dashboard.","Ежедневните и почасовите редове, в диалоговия прозорец и на таблото за управление.",
weather_animate_widget,,Weather widget,Джаджа за времето,
weather_animate_widget_description,,The weather card on the dashboard itself.,Картата за времето на самото табло.,
widgets_tab_content,,Content,Съдържание,
widgets_tab_appearance,,Appearance,Външен вид,
widgets_tab_data,,Data,данни,
widgets_tab_chart,,Chart,Диаграма,
widgets_tab_graphs,,Graphs,Графики,
widgets_tab_layout,,Layout,Оформление,
widgets_tab_data_sources,,Data sources,Източници на данни,
widgets_remove,,Remove,Премахнете,
widgets_reimport,,Re-import,Повторно импортиране,
widgets_unavailable,,Unavailable,Недостъпен,
widgets_today,,Today,Днес,
widgets_tomorrow,,Tomorrow,утре,
widgets_yesterday,,Yesterday,Вчера,
widgets_today_initial,,T,Т,
widgets_iframe_title,,iFrame,iFrame,
widgets_iframe_subtitle,,Embed a web page on your dashboard,Вградете уеб страница в таблото си за управление,
widgets_ratio_square,,Square,Квадрат,
widgets_ratio_wide,,Wide,Широка,
widgets_ratio_tall,,Tall,висок,
widgets_markdown_title,,Markdown,Markdown,
widgets_markdown_subtitle,,Content and card appearance,Съдържание и външен вид на картата,
widgets_media_player_title,,Media player,Медиен плейър,
widgets_media_player_subtitle,,"Source, layout, and artwork","Източник, оформление и произведения на изкуството",
widgets_stat_min,,Min,Мин,
widgets_stat_average,,Avg,ср,
widgets_stat_max,,Max,Макс,
widgets_sensor_graph_title,,Sensor graph,Сензорна графика,
widgets_sensor_graph_subtitle,,"Entities, chart style, and appearance","Обекти, стил на диаграма и външен вид",
widgets_sensor_graph_stack_title,,Sensor graph stack,Стек от сензорни графики,
widgets_sensor_graph_stack_subtitle,,Grouped charts and stack layout,Групирани диаграми и оформление на стека,
widgets_graph_sensor_count,one,Graph %1$d · %2$d sensor,Графика %1$d · %2$d сензор,app fills in %1$d %2$d — keep them
widgets_graph_sensor_count,other,Graph %1$d · %2$d sensors,Графика %1$d · %2$d сензори,app fills in %1$d %2$d — keep them
widgets_calendar_title,,Calendar,Календар,
widgets_calendar_subtitle,,"Calendars, default view, and appearance","Календари, изглед по подразбиране и външен вид",
widgets_calendar_agenda,,Agenda,Дневен ред,
widgets_calendar_week,,Week,седмица,
widgets_calendar_month,,Month,месец,
widgets_calendar_no_entity,,No calendar entity available,Няма наличен календарен обект,
widgets_calendar_no_upcoming_events,,No events in the coming days,Няма събития през следващите дни,
widgets_calendar_no_events_for,,No events for %1$s,Няма събития за %1$s,app fills in %1$s — keep them
widgets_calendar_all_day,,All day,Цял ден,
widgets_calendar_time_unknown,,Time unknown,Време неизвестно,
widgets_vacuum_state_cleaning,,Cleaning,Почистване,
widgets_vacuum_state_docked,,Docked,Закачен,
widgets_vacuum_state_paused,,Paused,На пауза,
widgets_vacuum_state_error,,Error,Грешка,
widgets_vacuum_state_returning,,Returning to dock,Връщане към дока,
widgets_vacuum_dock,,Dock,Док,
widgets_vacuum_start,,Start,Започнете,
widgets_vacuum_pause,,Pause,Пауза,
widgets_vacuum_stop,,Stop,Спрете,
widgets_vacuum_locate,,Locate,Намерете,
widgets_vacuum_fan_speed,,Fan speed,Скорост на вентилатора,
widgets_vacuum_water_level,,Water level,Водно ниво,
widgets_vacuum_map,,Vacuum map,Вакуумна карта,
widgets_vacuum_room_number,,Room %1$d,Стая %1$d,app fills in %1$d — keep them
widgets_vacuum_room_label,,Room %1$s,Стая %1$s,app fills in %1$s — keep them
widgets_vacuum_valetudo_decode_failed,,No Valetudo map data in this camera entity,Няма Valetudo картографски данни в този обект на камера,don't translate Valetudo
widgets_vacuum_valetudo_tap_hint,,Tap a room to clean it,"Докоснете стая, за да я почистите",
widgets_vacuum_valetudo_unmapped,,Map this robot's segments to areas in Home Assistant to clean a room by tapping it,"Картографирайте сегментите на този робот към области в Home Assistant, за да почистите стая, като го докоснете",don't translate Home Assistant
widgets_vacuum_valetudo_cleaning,,Cleaning %1$s,Почистване %1$s,app fills in %1$s — keep them
widgets_waste_collection_title,,Waste collection,Събиране на отпадъци,
widgets_waste_collection_subtitle,,"Sensors, calendar, and appearance","Сензори, календар и външен вид",
widgets_waste_sensor_picture_help,,Shows the sensor’s entity_picture (falls back to the type icon when no picture is available).,"Показва entity_picture на сензора (връща се към иконата за тип, когато няма налична картина).",
ui_people_dialog_title,,People,хора,
widgets_f1_title,,Formula 1,Формула 1,
widgets_f1_subtitle,,"Race weekend, standings, and results","Състезателен уикенд, класиране и резултати",
widgets_f1_sources_subtitle,,Read from the F1 Sensor integration,Прочетете от интеграцията на сензора F1,
widgets_f1_tab_next,,Next race,Следващото състезание,
widgets_f1_tab_calendar,,Calendar,Календар,
widgets_f1_tab_standings,,Standings,Класиране,
widgets_f1_tab_grid,,Grid,Решетка,
widgets_f1_tab_results,,Results,Резултати,
widgets_f1_tab_live,,Live,На живо,
widgets_f1_drivers,,Drivers,Шофьори,
widgets_f1_constructors,,Constructors,Конструктори,
widgets_f1_prediction,,Prediction,Прогноза,
widgets_f1_schedule,,Session schedule,График на сесията,
widgets_f1_race_control,,Race control,Контрол на състезанието,
widgets_f1_timing,,Timing,Време,
widgets_f1_round,,Round %1$s,Кръг %1$s,app fills in %1$s — keep them
widgets_f1_lap_short,,Lap %1$s,Обиколка %1$s,app fills in %1$s — keep them
widgets_f1_lap_of,,Lap %1$d / %2$d,Обиколка %1$d / %2$d,app fills in %1$d %2$d — keep them
widgets_f1_wins_short,,%1$s wins,%1$s печели,app fills in %1$s — keep them
widgets_f1_points_wins_legend,,Right-hand column shows championship points.,Дясната колона показва шампионските точки.,
widgets_f1_prediction_now,,Now: %1$s pts,Сега: %1$s точки,app fills in %1$s — keep them
widgets_f1_prediction_legend,,Right-hand column shows predicted final points. Needs F1TV Auth in F1 Sensor.,Дясната колона показва прогнозирани крайни точки. Нуждае се от F1TV Auth в F1 сензор.,
widgets_f1_status_pit,,In pit,В яма,
widgets_f1_status_out,,Retired,Пенсиониран,
widgets_f1_no_calendar,,No season schedule available yet,Все още няма наличен сезонен график,
widgets_f1_no_grid,,No starting grid available yet,Все още няма налична стартова решетка,
widgets_f1_no_prediction,,No championship prediction available. Needs F1TV Auth in F1 Sensor.,Няма налични прогнози за шампионата. Нуждае се от F1TV Auth в F1 сензор.,
widgets_f1_lights_out_in,,Lights out in %1$s,Светлините изгасват след %1$s,app fills in %1$s — keep them
widgets_f1_in_days_hours,,in %1$dd %2$dh,след %1$dd %2$dh,app fills in %1$d %2$d — keep them
widgets_f1_in_hours_minutes,,in %1$dh %2$dm,след %1$dh %2$dm,app fills in %1$d %2$d — keep them
widgets_f1_in_minutes,,in %1$dm,в %1$dм,app fills in %1$d — keep them
widgets_f1_no_upcoming,,No upcoming race,Няма предстоящо състезание,
widgets_f1_today_at,,Today %1$s,Днес %1$s,app fills in %1$s — keep them
widgets_f1_tomorrow_at,,Tomorrow %1$s,Утре %1$s,app fills in %1$s — keep them
widgets_f1_time_unknown,,Time to be confirmed,Време за потвърждение,
widgets_f1_sensors_used,,"This widget uses the next race, season calendar, starting grid, driver and constructor standings, last race results, weather, and — during a session — track status, session status, race control, driver positions, and current tyres. It also shows a championship prediction when F1 Sensor's optional F1TV Auth is set up. Other F1 Sensor options are not needed for it.","Тази джаджа използва следващото състезание, календар на сезона, стартова решетка, класиране на пилоти и конструктори, резултати от последно състезание, време и — по време на сесия — статус на пистата, статус на сесията, контрол на състезанието, позиции на пилоти и текущи гуми. Той също така показва прогноза за шампионата, когато е настроен опционалният F1TV Auth на сензора F1. Други опции за сензор F1 не са необходими за него.",
widgets_f1_no_standings,,No standings available yet,Все още няма налични класирания,
widgets_f1_no_results,,No race results available yet,Все още няма налични резултати от състезанието,
widgets_f1_no_race_control,,No race control messages,Няма съобщения за контрол на състезанието,
widgets_f1_not_found,,F1 Sensor not found,Сензорът F1 не е намерен,
widgets_f1_not_found_long,,The F1 Sensor integration was not found. Install it in Home Assistant (HACS: Nicxe/f1_sensor) and its sensors are picked up automatically.,Интегрирането на сензор F1 не беше намерено. Инсталирайте го в Home Assistant (HACS: Nicxe/f1_sensor) и неговите сензори се засичат автоматично.,don't translate Home Assistant
widgets_f1_found,,Found %1$d F1 sensors.,Намерени %1$d F1 сензори.,app fills in %1$d — keep them
widgets_f1_default_tab,,Opening tab,Отваряне на раздела,
widgets_f1_background_help,,"With no background image the card shows the upcoming race, with the circuit outline as a faint watermark behind it.","Без фоново изображение картата показва предстоящото състезание, с очертанията на пистата като слаб воден знак зад него.",
widgets_f1_session_fp1,,Practice 1,Упражнение 1,
widgets_f1_session_fp2,,Practice 2,Упражнение 2,
widgets_f1_session_fp3,,Practice 3,Упражнение 3,
widgets_f1_session_sprint_quali,,Sprint qualifying,Спринт квалификации,
widgets_f1_session_sprint,,Sprint,Спринт,
widgets_f1_session_qualifying,,Qualifying,Квалификация,
widgets_f1_session_race,,Race,състезание,
widgets_f1_flag_green,,Track clear,Писта чиста,
widgets_f1_flag_yellow,,Yellow flag,Жълто знаме,
widgets_f1_flag_red,,Red flag,Червено знаме,
widgets_f1_flag_safety_car,,Safety car,Автомобил за безопасност,
widgets_f1_flag_vsc,,Virtual safety car,Виртуална кола за безопасност,
widgets_f1_flag_chequered,,Chequered flag,Карирано знаме,
widgets_f1_flag_unknown,,Not running,Не работи,
cr_widget_f1,,Formula 1,Формула 1,
cr_widget_f1_description,,"Race weekend, standings, and results","Състезателен уикенд, класиране и резултати",
widgets_todo_title,,To-Do List,Списък със задачи,
widgets_todo_shopping_title,,Shopping List,Списък за пазаруване,
widgets_todo_subtitle,,A shared checklist your family can add to and check off,"Споделен контролен списък, към който вашето семейство може да добавя и да отмята",
widgets_todo_empty,,No items yet,Все още няма елементи,
widgets_todo_all_done,,All done,Всичко готово,
widgets_todo_remaining,,%1$d of %2$d left,Остават %1$d от %2$d,app fills in %1$d %2$d — keep them
widgets_todo_add_placeholder,,Add an item…,Добавете артикул...,
widgets_todo_read_only,,You don't have permission to edit this list.,Нямате разрешение да редактирате този списък.,
widgets_todo_filter_active,,To do,Да правя,
widgets_todo_filter_all,,All,Всички,
widgets_todo_filter_done,,Done,Готово,
widgets_todo_clear_completed,,Clear completed,Изчистването е завършено,
widgets_todo_completed_section,,Completed (%1$d),Завършено (%1$d),app fills in %1$d — keep them
widgets_todo_new_category,,New tab,Нов раздел,
widgets_todo_manage_categories,,Manage tabs,Управление на раздели,
widgets_todo_edit_item,,Edit item,Редактиране на елемент,
widgets_todo_item_text,,Item,Артикул,
widgets_todo_quantity,,Quantity,Количество,
widgets_todo_category,,Category,Категория,
widgets_todo_note,,Note,Забележка,
widgets_todo_priority,,Priority,Приоритет,
widgets_todo_priority_low,,Low,ниско,
widgets_todo_priority_normal,,Normal,нормално,
widgets_todo_priority_high,,High,високо,
widgets_todo_due_date,,Due date,Краен срок,
widgets_todo_clear_due_date,,Clear due date,Ясна крайна дата,
widgets_todo_delete_item,,Delete,Изтриване,
widgets_todo_checked_by,,Checked by %1$s,Проверено от %1$s,app fills in %1$s — keep them
widgets_todo_added_by,,Added by %1$s,Добавено от %1$s,app fills in %1$s — keep them
widgets_todo_tab_general,,General,генерал,
widgets_todo_tab_permissions,,Permissions,Разрешения,
widgets_todo_list_type,,List type,Тип списък,
widgets_todo_type_todo,,To-do,Задачи,
widgets_todo_type_shopping,,Shopping,Пазаруване,
widgets_todo_sort_mode,,Sort order,Ред на сортиране,
widgets_todo_sort_manual,,Manual,Наръчник,
widgets_todo_sort_alphabetical,,A–Z,А–Я,
widgets_todo_sort_priority,,Priority,Приоритет,
widgets_todo_sort_newest,,Newest first,Първо най-новите,
widgets_todo_show_completed,,Show completed items by default,Показване на завършените елементи по подразбиране,
widgets_todo_hero_list,,Hero list,Списък на героите,
widgets_todo_hero_list_hint,,Show this list's open items on the square card.,Покажете отворените елементи на този списък върху квадратната карта.,
widgets_todo_permissions_subtitle,,"Choose who can add, check off, or remove items","Изберете кой може да добавя, отмята или премахва елементи",
widgets_todo_perm_everyone,,Everyone,всички,
widgets_todo_perm_specific,,Specific family members,Конкретни членове на семейството,
widgets_todo_perm_admin_only,,Admins only,Само за администратори,
widgets_todo_permissions_admin_required,,Only an admin can choose specific members,Само администратор може да избира конкретни членове,
widgets_todo_no_users_found,,No Home Assistant users found,Няма намерени Home Assistant потребители,don't translate Home Assistant
cr_widget_todo,,To-Do List,Списък със задачи,
cr_widget_todo_description,,"Shared checklist or shopping list, editable by everyone, chosen members, or admins only","Споделен контролен списък или списък за пазаруване, редактиран от всеки, избрани членове или само администратори",
widgets_find_devices_title,,Find my devices,Намери моите устройства,
widgets_find_devices_subtitle,,"Devices, map, and appearance","Устройства, карта и външен вид",
widgets_find_devices_label,,Devices,устройства,
widgets_find_select_devices,,Select devices,Изберете устройства,
widgets_find_sources_subtitle,,Trackers to show on the map,Тракери за показване на картата,
widgets_find_gps_help,,Any device_tracker or person entity can be added. Those reporting GPS coordinates appear on the map; the rest are still listed with their state.,Може да се добави всеки device_tracker или лице. Отчитащите GPS координати се появяват на картата; останалите все още са изброени с тяхното състояние.,
widgets_find_my_devices,,My devices,Моите устройства,
widgets_find_filter_all,,All,Всички,
widgets_find_filter_devices,,Devices,устройства,
widgets_find_filter_persons,,People,хора,
widgets_find_showing_selected,,Showing %1$d selected,Показани са %1$d избрани,app fills in %1$d — keep them
widgets_find_show_all,,Show all,Покажи всички,
widgets_find_none_in_filter,,Nothing of this kind in this widget,Нищо подобно в тази джаджа,
widgets_find_refresh,,Refresh,Опресняване,
widgets_find_summary,,%1$d of %2$d home,%1$d от %2$d дом,app fills in %1$d %2$d — keep them
widgets_find_no_devices_selected,,No devices selected,Няма избрани устройства,
widgets_find_no_location,,None of these devices report a location yet,Нито едно от тези устройства все още не отчита местоположение,
widgets_find_no_gps,,No location,Няма местоположение,
widgets_find_state_home,,Home,Начало,
widgets_find_state_away,,Away,Далеч,
widgets_find_state_unknown,,Unknown,неизвестен,
cr_widget_find_devices,,Find my devices,Намери моите устройства,
cr_widget_find_devices_description,,"Map of your phones, tags, and trackers","Карта на вашите телефони, маркери и тракери",
widgets_waste_calendar_range,,Calendar range,Календарен диапазон,
widgets_waste_calendar_days,,%1$d days,%1$d дни,app fills in %1$d — keep them
widgets_waste_calendar_range_help,,"How far ahead the dialog's calendar looks. It is shown as a week grid, rounded out to whole weeks.","Колко напред изглежда календарът на диалоговия прозорец. Показва се като седмична мрежа, закръглена до цели седмици.",
widgets_waste_no_collection_on,,No collection on %1$s,Няма събиране на %1$s,app fills in %1$s — keep them
widgets_waste_organic,,Organic waste,Органични отпадъци,
widgets_waste_packaging,,Packaging,Опаковка,
widgets_waste_paper,,Paper,Хартия,
widgets_waste_residual,,Residual waste,Остатъчни отпадъци,
widgets_waste_glass,,Glass,Стъкло,
widgets_waste_textiles,,Textiles,Текстил,
widgets_waste_plastic,,Plastic,Пластмаса,
widgets_waste_christmas_trees,,Christmas trees,коледни елхи,
widgets_waste_bulky,,Bulky waste,Едрогабаритни отпадъци,
widgets_waste_duo_bin,,Duo bin,Duo кошче,
widgets_weather_title,,Weather,Времето,
widgets_weather_subtitle,,"Entity, card type, and appearance","Същност, тип карта и външен вид",
widgets_weather_style_current,,Current weather,Времето в момента,
widgets_weather_style_daily,,Daily forecast,Дневна прогноза,
widgets_weather_style_hourly,,Hourly forecast,Почасова прогноза,
widgets_weather_style_horizon,,Sunrise & sunset horizon,Хоризонт на изгрев и залез,
widgets_weather_style_wind,,Wind compass,Вятърен компас,
widgets_weather_style_rain_map,,Rain map (image URL),Карта на дъжда (URL адрес на изображение),
widgets_compass_directions,1,N,,needs translation
widgets_compass_directions,2,NNE,,needs translation
widgets_compass_directions,3,NE,,needs translation
widgets_compass_directions,4,ENE,,needs translation
widgets_compass_directions,5,E,,needs translation
widgets_compass_directions,6,ESE,,needs translation
widgets_compass_directions,7,SE,,needs translation
widgets_compass_directions,8,SSE,,needs translation
widgets_compass_directions,9,S,,needs translation
widgets_compass_directions,10,SSW,,needs translation
widgets_compass_directions,11,SW,,needs translation
widgets_compass_directions,12,WSW,,needs translation
widgets_compass_directions,13,W,,needs translation
widgets_compass_directions,14,WNW,,needs translation
widgets_compass_directions,15,NW,,needs translation
widgets_compass_directions,16,NNW,,needs translation
widgets_battery_entities,,Battery entities,Елементи на батерията,
widgets_battery_settings,,Battery settings,Настройки на батерията,
widgets_battery_empty_view_hint,,This battery view is empty. Swipe down on the header and open Battery settings to add entities manually.,"Този изглед на батерията е празен. Плъзнете надолу по заглавката и отворете настройките на батерията, за да добавите обекти ръчно.",
widgets_battery_levels_title,,Battery levels,Нива на батерията,
widgets_battery_levels_subtitle,,"Thresholds, sources, and appearance","Прагове, източници и външен вид",
widgets_battery_rules,,Battery rules,Правила за батерията,
widgets_battery_all,,All,Всички,
widgets_battery_critical,,Critical,Критичен,
widgets_battery_low,,Low,ниско,
widgets_battery_watch,,Watch,Гледай,
widgets_battery_good,,Good,добре,
widgets_battery_unknown,,Unknown,неизвестен,
widgets_battery_range_good,,Above 50%,над 50%,
widgets_battery_range_unknown,,Unavailable or unknown,Недостъпен или неизвестен,
widgets_battery_no_data,,No battery data,Няма данни за батерията,
widgets_battery_levels_unavailable,,Battery levels unavailable,Нивата на батерията са недостъпни,
widgets_battery_levels_healthy,,Battery levels look healthy,Нивата на батерията изглеждат здрави,
widgets_battery_lowest_detail,,Lowest: %1$s at %2$d%%,Най-ниско: %1$s при %2$d%%,app fills in %1$s %2$d — keep them
widgets_battery_showing_plus,,Showing Battery+ devices,Показани са устройства с батерия+,
widgets_battery_waiting_levels,,Waiting for reported levels,Изчакване на отчетени нива,
widgets_battery_lowest,,Lowest,Най-ниска,
widgets_battery_attention,,Attention,внимание,
widgets_battery_tracked,,Tracked,Проследен,
widgets_battery_level,,Level,Ниво,
widgets_battery_name,,Name,Име,
widgets_battery_type,,Battery type,Тип батерия,
widgets_battery_entity,,Entity,Обект,
widgets_battery_quantity,,Quantity,Количество,
widgets_battery_quantity_short,,Qty %1$s,Кол. %1$s,app fills in %1$s — keep them
widgets_battery_device_id,,Device ID,ID на устройството,
widgets_battery_unknown_type,,Unknown type,Неизвестен тип,
widgets_battery_sort_summary,,Sort: %1$s,Сортиране: %1$s,app fills in %1$s — keep them
widgets_battery_no_filters,,No filters active,Няма активни филтри,
widgets_battery_collapse_filters,,Collapse filters,Свиване на филтрите,
widgets_battery_expand_filters,,Expand filters,Разширете филтрите,
widgets_battery_low_count,one,%1$d low battery,%1$d ниска батерия,app fills in %1$d — keep them
widgets_battery_low_count,other,%1$d low batteries,%1$d изтощени батерии,app fills in %1$d — keep them
widgets_battery_critical_count,one,%1$d critical battery,%1$d критична батерия,app fills in %1$d — keep them
widgets_battery_critical_count,other,%1$d critical batteries,%1$d критични батерии,app fills in %1$d — keep them
widgets_battery_attention_count,one,%1$d battery needs attention,%1$d батерия изисква внимание,app fills in %1$d — keep them
widgets_battery_attention_count,other,%1$d batteries need attention,%1$d батериите се нуждаят от внимание,app fills in %1$d — keep them
widgets_energy_day,,Day,ден,
widgets_energy_week,,Week,седмица,
widgets_energy_month,,Month,месец,
widgets_energy_year,,Year,година,
widgets_energy_this_week,,This week,Тази седмица,
widgets_energy_this_month,,This month,Този месец,
widgets_energy_this_year,,This year,Тази година,
widgets_energy_today_lower,,today,днес,
widgets_energy_this_week_lower,,this week,тази седмица,
widgets_energy_this_month_lower,,this month,този месец,
widgets_energy_this_year_lower,,this year,тази година,
widgets_energy_yesterday_lower,,yesterday,вчера,
widgets_energy_consumed_solar,,Consumed solar,Консумирана слънчева,
widgets_energy_imported,,Imported,Внесени,
widgets_energy_exported,,Exported,Изнесени,
widgets_energy_phase_number,,Phase %1$d,Фаза %1$d,app fills in %1$d — keep them
widgets_energy_forecast_number,,Forecast %1$d,Прогноза %1$d,app fills in %1$d — keep them
widgets_energy_ha_forecast,,Home Assistant forecast,Home Assistant прогноза,don't translate Home Assistant
widgets_battery_search,,Search devices,Търсене на устройства,
widgets_battery_none,,No batteries match that search.,"Няма батерии, отговарящи на това търсене.",
widgets_battery_open_page,,Open battery page,Отворете страницата за батерията,
cr_widget_clock,,Clock,Часовник,
cr_widget_clock_description,,"An analog or digital clock, in the style you pick, with the date and your next alarm.","Аналогов или цифров часовник, в избран от вас стил, с датата и следващата ви аларма.",
clock_widget_title,,Clock,Часовник,
clock_widget_subtitle,,"Face, styling and what it shows","Лице, стайлинг и какво показва",
clock_title_label,,Title (optional),Заглавие (по избор),
clock_face_section,,Face,Лице,
clock_face_section_subtitle,,"Analog or digital, and which design",Аналогов или цифров и какъв дизайн,
clock_shows_section,,Shows,Показва,
clock_shows_section_subtitle,,Choose what appears alongside the time,Изберете какво да се показва до часа,
clock_mode_analog,,Analog,Аналогов,
clock_mode_digital,,Digital,Дигитален,
clock_style,,Style,стил,
clock_24_hour,,24-hour clock,24-часов часовник,
clock_seconds,,Seconds,Секунди,
clock_date,,Date,Дата,
clock_day_name,,Day of the week,Ден от седмицата,
clock_year,,Year,година,
clock_style_classic,,Classic,Класически,
clock_style_minimal,,Minimal,Минимална,
clock_style_roman,,Roman,римски,
clock_style_railway,,Railway,ЖП,
clock_style_bauhaus,,Bauhaus,Баухаус,
clock_style_neon,,Neon,Неон,
clock_style_skeleton,,Skeleton,Скелет,
clock_style_plain,,Plain,Обикновен,
clock_style_segment,,Segment,сегмент,
clock_style_mono,,Monospace,Монопространство,
clock_style_flip,,Flip,Обръщане,
clock_style_outline,,Outline,Контур,
clock_style_stacked,,Stacked,Подредени,
clock_style_dots,,Dots,Точки,
clock_alarms_title,,Next alarm,Следваща аларма,
clock_no_alarm,,No alarm is set.,Няма зададена аларма.,
clock_alarm_set_by,,Set by %1$s,Зададено от %1$s,app fills in %1$s — keep them
clock_alarms_platform_note,,"Android only tells other apps about the next alarm, so alarms cannot be listed or switched on and off from here.","Android само съобщава на другите приложения за следващата аларма, така че алармите не могат да бъдат изброявани или включвани и изключвани от тук.",
clock_open_clock_app,,Open Clock app,Отворете приложението Часовник,
clock_open_failed,,No clock app could be opened. Pick one in this widget's settings.,Не може да се отвори приложение за часовник. Изберете един от настройките на тази джаджа.,
clock_app_section,,Clock app,Приложение за часовник,
clock_app_section_subtitle,,Which app the alarm dialog opens,Кое приложение отваря диалоговият прозорец на алармата,
clock_app_automatic,,Automatic,Автоматичен,
clock_app_none_found,,No clock app was found on this device.,На това устройство не е намерено приложение за часовник.,
