key,item,english,translation,notes
language_title,,Language,Sprache,
language_display_title,,Display language,Anzeigesprache,
language_display_subtitle,,Follows your device by default; choose one to override it,"Folgt standardmäßig Ihrem Gerät; Wählen Sie eine aus, um sie zu überschreiben",
language_system,,System default,Systemstandard,
language_selected,,Selected,Ausgewählt,
nav_home,,Home,Heim,
nav_rooms,,Rooms,Zimmer,
nav_security,,Security,Sicherheit,
nav_energy,,Energy,Energie,
nav_climate,,Climate,Klima,
nav_battery,,Battery,Batterie,
nav_settings,,Settings,Einstellungen,
nav_room_detail,,Room Detail,Raumdetail,
settings_title_connection,,Connection,Verbindung,
settings_title_profile,,Profile,Profil,
settings_title_location,,Location,Standort,
settings_title_notifications,,Notifications,Benachrichtigungen,
settings_title_appearance,,Appearance,Aussehen,
settings_title_header,,Header,Kopfzeile,
settings_title_theme,,Theme,Thema,
settings_title_fonts,,Fonts,Schriftarten,
settings_title_corners,,Corners,Ecken,
settings_title_icons,,Icons,Symbole,
settings_title_nav_bar,,Navigation Bar,Navigationsleiste,
settings_title_media_players,,Media Players,Medienplayer,
settings_title_dashboard,,Dashboard,Dashboard,
settings_title_family_sharing,,Family Sharing,Familienfreigabe,
settings_title_backup_restore,,Backup and Restore,Sichern und Wiederherstellen,
settings_title_account,,Account,Konto,
settings_title_about,,About HKI 7,Über HKI 7,don't translate HKI 7
settings_title_license,,License,Lizenz,
settings_title_support,,Support,Unterstützung,
settings_subtitle_menu,,Everything that shapes your HKI 7 experience,"Alles, was Ihr HKI 7-Erlebnis prägt",don't translate HKI 7
settings_subtitle_account,,Your profile and this app installation,Ihr Profil und diese App-Installation,
settings_subtitle_profile,,Personal details used throughout your dashboard,"Persönliche Daten, die in Ihrem Dashboard verwendet werden",
settings_subtitle_connection,,Server routes and local-network preferences,Serverrouten und lokale Netzwerkeinstellungen,
settings_subtitle_location,,Presence updates and background access,Anwesenheitsaktualisierungen und Hintergrundzugriff,
settings_subtitle_dashboard,,"Dashboards, tabs, media players, and popups","Dashboards, Registerkarten, Mediaplayer und Popups",
settings_subtitle_appearance,,Make the dashboard feel like yours,"Sorgen Sie dafür, dass sich das Dashboard wie Ihr eigenes anfühlt",
settings_subtitle_corners,,"Roundness of buttons, cards, and widgets","Rundheit von Schaltflächen, Karten und Widgets",
settings_subtitle_icons,,Icon animations and per-domain effects,Symbolanimationen und domänenspezifische Effekte,
settings_subtitle_header,,Choose whether the dashboard header is shown,"Wählen Sie aus, ob die Dashboard-Kopfzeile angezeigt werden soll",
settings_subtitle_theme,,"Color, contrast, mode, and corner styling","Farbe, Kontrast, Modus und Eckenstil",
settings_subtitle_fonts,,"Size, weight, and typeface readability","Größe, Gewicht und Lesbarkeit der Schriftart",
settings_subtitle_nav_bar,,Choose which destinations are always within reach,"Wählen Sie, welche Ziele immer in Reichweite sind",
settings_subtitle_media_players,,Names and mini-player visibility,Namen und Sichtbarkeit der Minispieler,
settings_subtitle_notifications,,"Push delivery, history, and service behavior","Push-Zustellung, Verlauf und Serviceverhalten",
settings_subtitle_backup_restore,,Protect or move your dashboard configuration,Schützen oder verschieben Sie Ihre Dashboard-Konfiguration,
settings_subtitle_family_sharing,,"Parental controls, dashboard sharing, and recipient permissions","Kindersicherung, Dashboard-Freigabe und Empfängerberechtigungen",
settings_subtitle_about,,"The project, technology, and people behind HKI 7","Das Projekt, die Technologie und die Menschen hinter HKI 7",don't translate HKI 7
settings_subtitle_license,,Open-source community core and optional premium materials,Open-Source-Community-Kern und optionale Premium-Materialien,
settings_subtitle_support,,Ways to help HKI 7 grow without buying Premium,"Möglichkeiten, das Wachstum von HKI 7 zu unterstützen, ohne Premium kaufen zu müssen",don't translate HKI 7
notification_channel_general,,General,Allgemein,
location_channel_name,,Location sharing,Standortfreigabe,
location_notification_title,,Home Assistant location,Home-Assistant-Standort,don't translate Home Assistant
location_notification_text,,Sharing your location with Home Assistant,Standort wird mit Home Assistant geteilt,don't translate Home Assistant
push_connection_channel_name,,Notification connection,Benachrichtigungsverbindung,
push_connection_notification_title,,Connected to Home Assistant,Mit Home Assistant verbunden,don't translate Home Assistant
push_connection_notification_text,,Listening for notifications,Benachrichtigungen werden empfangen,
parcel_title,,Parcels,Pakete,
parcel_generic_carrier,,Carrier,Paketdienst,
parcel_incoming,,Incoming,Eingehend,
parcel_delivered,,Delivered,Zugestellt,
parcel_outgoing,,Outgoing,Ausgehend,
parcel_letters,,Letters,Briefe,
parcel_mail,,Mail,Post,
parcel_summary,,%1$d incoming · %2$d outgoing,%1$d eingehend · %2$d ausgehend,app fills in %1$d %2$d — keep them
parcel_summary_with_letters,,%1$d incoming · %2$d outgoing · %3$d letters,%1$d eingehend · %2$d ausgehend · %3$d Briefe,app fills in %1$d %2$d %3$d — keep them
parcel_carrier_summary_with_letters,,%1$d incoming · %2$d outgoing · %3$d letters,%1$d eingehend · %2$d ausgehend · %3$d Briefe,app fills in %1$d %2$d %3$d — keep them
parcel_summary_with_letter_count,,%1$d incoming · %2$d outgoing · %3$s,%1$d eingehend · %2$d ausgehend · %3$s,app fills in %1$d %2$d %3$s — keep them
parcel_tracking_history,,Tracking history,Sendungsverlauf,
parcel_tracking_history_subtitle,,Parcel journey and status updates,Sendungsverlauf und Statusaktualisierungen,
parcel_choose_carrier_account,,Choose a carrier account,Konto eines Paketdienstes auswählen,
parcel_empty_tab,,No %1$s parcels.,Keine %1$s Pakete.,app fills in %1$s — keep them
parcel_no_incoming,,No incoming parcels.,Keine eingehenden Pakete.,
parcel_no_delivered,,No delivered parcels.,Keine zugestellten Pakete.,
parcel_no_outgoing,,No outgoing parcels.,Keine ausgehenden Pakete.,
parcel_stage_registered,,Registered,Registriert,
parcel_stage_sorting,,Sorting,Wird sortiert,
parcel_stage_on_the_way,,On the way,Unterwegs,
parcel_unknown_status,,Unknown status,Unbekannter Status,
parcel_status_in_transit,,In transit,Unterwegs,
parcel_status_out_for_delivery,,Out for delivery,In Zustellung,
parcel_status_at_pickup_point,,Ready at pickup point,Abholbereit,
parcel_status_ready_to_send,,Ready to send,Versandbereit,
parcel_letter_preview,,Letter preview,Briefvorschau,
parcel_carriers,,Carriers,Paketdienste,
parcel_track_new,,Track a new %1$s parcel by number,Ein neues %1$s-Paket anhand der Sendungsnummer verfolgen,app fills in %1$s — keep them
parcel_choose_carrier,,Choose a carrier,Paketdienst auswählen,
parcel_settings_subtitle,,"Carrier accounts, aggregation, and appearance","Paketdienstkonten, Zusammenfassung und Erscheinungsbild",
parcel_settings_accounts,,Accounts,Konten,
parcel_settings_organization,,Organization,Organisation,
parcel_settings_appearance,,Appearance,Erscheinungsbild,
action_remove,,Remove,Entfernen,
notification_delete,,Delete notification,Benachrichtigung löschen,
notification_mark_all_read,,Mark all as read,Alle als gelesen markieren,
notification_mark_all_unread,,Mark all as unread,Alle als ungelesen markieren,
notification_delete_all,,Delete all,Alle löschen,
notification_delete_all_archived,,Delete all archived,Alle archivierten löschen,
notification_unread,,Unread,Ungelesen,
notification_history,,History,Verlauf,
notification_mark_unread,,Mark as unread,Als ungelesen markieren,
notification_mark_read,,Mark as read,Als gelesen markieren,
notification_archive,,Archive,Archivieren,
notification_unarchive,,Unarchive,Aus dem Archiv holen,
notification_delete_action,,Delete,Löschen,
entity_search_select_items,,Select items,Elemente auswählen,
entity_search_choose_one,,Search and choose one entity,Eine Entität suchen und auswählen,
entity_search_choose_multiple,,Search and select one or more entities,Eine oder mehrere Entitäten suchen und auswählen,
global_search_title,,Search,Suche,
global_search_subtitle,,Find and control any Home Assistant device or entity,Beliebige Geräte oder Entitäten in Home Assistant suchen und steuern,don't translate Home Assistant
global_search_clear,,Clear search,Suche löschen,
global_search_no_devices,,No matching devices.,Keine passenden Geräte.,
global_search_no_entities,,No matching entities.,Keine passenden Entitäten.,
security_title,,Security,Sicherheit,
security_subtitle,,Home status and activity,Status und Aktivitäten im Zuhause,
security_settings,,Security settings,Sicherheitseinstellungen,
security_entities,,Security entities,Sicherheitsentitäten,
security_reimport,,Re-import,Erneut importieren,
security_group_doors,,Doors,Türen,
security_group_doors_subtitle,,Door contacts,Türkontakte,
security_group_windows,,Windows,Fenster,
security_group_windows_subtitle,,Window contacts,Fensterkontakte,
security_group_openings,,Openings,Öffnungen,
security_group_openings_subtitle,,Garage doors and other openings,Garagentore und andere Öffnungen,
security_group_garage_doors,,Garage doors,Garagentore,
security_group_garage_doors_subtitle,,Garage door covers,Garagentorsteuerungen,
security_group_covers,,Covers,Abdeckungen,
security_group_covers_subtitle,,"Blinds, shutters, and gates","Jalousien, Rollläden und Tore",
security_group_locks,,Locks,Schlösser,
security_group_locks_subtitle,,Door and gate locks,Tür- und Torschlösser,
security_group_motion,,Motion,Bewegung,
security_group_motion_subtitle,,Motion detection,Bewegungserkennung,
security_group_presence,,Presence,Anwesenheit,
security_group_presence_subtitle,,Occupancy sensors,Anwesenheitssensoren,
security_group_fire,,Fire and temperature,Brand und Temperatur,
security_group_fire_subtitle,,"Fire, heat, cold, and safety alarms","Brand-, Hitze-, Kälte- und Sicherheitsalarme",
security_group_smoke,,Smoke,Rauch,
security_group_smoke_subtitle,,Smoke detectors,Rauchmelder,
security_group_gas,,Gas,Gas,
security_group_gas_subtitle,,Combustible gas sensors,Sensoren für brennbare Gase,
security_group_co2,,CO / CO₂,CO / CO₂,
security_group_co2_subtitle,,Carbon monoxide and carbon dioxide sensors,Kohlenmonoxid- und Kohlendioxidsensoren,
security_group_moisture,,Leaks,Lecks,
security_group_moisture_subtitle,,Moisture and water leaks,Feuchtigkeits- und Wassersensoren,
security_group_sound,,Sound,Geräusche,
security_group_sound_subtitle,,Sound and glass-break sensors,Geräusch- und Glasbruchsensoren,
security_group_light,,Light detection,Lichterkennung,
security_group_light_subtitle,,Light and beam sensors,Licht- und Strahlsensoren,
security_group_alarms,,Alarm systems,Alarmsysteme,
security_group_alarms_subtitle,,Alarm control panels,Alarmzentralen,
security_group_cameras,,Cameras,Kameras,
security_group_cameras_subtitle,,Camera feeds,Kamerabilder,
security_no_search_active,,No search active · %1$s,Keine Suche aktiv · %1$s,app fills in %1$s — keep them
security_status_alert,,Security alert,Sicherheitswarnung,
security_status_alarm_pending,,Alarm pending,Alarm wird aktiviert,
security_status_changing_alarm,,Changing alarm mode,Alarmmodus wird geändert,
security_status_needs_attention,,Needs attention,Erfordert Aufmerksamkeit,
security_status_motion,,Motion detected,Bewegung erkannt,
security_status_sensor_activity,,Sensor activity,Sensoraktivität,
security_status_alarm_unavailable,,Alarm unavailable,Alarm nicht verfügbar,
security_status_devices_unavailable,,Devices unavailable,Geräte nicht verfügbar,
security_status_cameras_offline,,Cameras offline,Kameras offline,
security_status_all_secure,,All secure,Alles gesichert,
security_status_alarm_disarmed,,Alarm disarmed,Alarm deaktiviert,
security_status_all_clear,,All clear,Alles in Ordnung,
security_status_no_data,,No security data,Keine Sicherheitsdaten,
security_metric_openings,,Openings,Öffnungen,
security_metric_locked,,Locked,Verriegelt,
security_metric_cameras_online,,Cameras online,Kameras online,
security_card_title,,Security card,Sicherheitskarte,
security_card_subtitle,,"Name, layout, and card appearance","Name, Layout und Kartendarstellung",
security_stat_total,,Total,Gesamt,
security_stat_active,,Active,Aktiv,
security_stat_clear,,Clear,In Ordnung,
security_cover_open,,Open,Öffnen,
security_cover_stop,,Stop,Stoppen,
security_cover_close,,Close,Schließen,
security_restore,,Restore,Wiederherstellen,
security_empty,,This is an empty security view. Swipe down on the header and open Security settings to add entities manually.,"Diese Sicherheitsansicht ist leer. Wische in der Kopfzeile nach unten und öffne die Sicherheitseinstellungen, um Entitäten manuell hinzuzufügen.",
connection_stopping_for_restart,,Stopping for restart…,Wird für den Neustart angehalten…,
connection_starting,,Home Assistant is starting…,Home Assistant wird gestartet…,don't translate Home Assistant
connection_restoring_dashboard,,Restoring your dashboard…,Dein Dashboard wird wiederhergestellt…,
connection_restarting,,Home Assistant is restarting…,Home Assistant wird neu gestartet…,don't translate Home Assistant
connection_auto_generating,,Auto-generating rooms and widgets…,Räume und Widgets werden automatisch erstellt…,
connection_reconnecting,,Reconnecting to Home Assistant…,Verbindung zu Home Assistant wird wiederhergestellt…,don't translate Home Assistant
connection_unavailable_retrying,,Unavailable · Retrying…,Nicht verfügbar · Neuer Versuch…,
connection_paused,,Connection paused,Verbindung pausiert,
connection_connected,,Connected,Verbunden,
connection_server_not_found,,Server address could not be found,Die Serveradresse konnte nicht gefunden werden,
connection_timed_out,,Connection timed out,Zeitüberschreitung bei der Verbindung,
connection_no_route,,No network route to Home Assistant,Kein Netzwerkpfad zu Home Assistant,don't translate Home Assistant
connection_could_not_connect,,Could not connect to Home Assistant,Verbindung zu Home Assistant konnte nicht hergestellt werden,don't translate Home Assistant
connection_secure_failed,,Secure connection failed,Sichere Verbindung fehlgeschlagen,
connection_session_expired_refreshing,,Session expired · Refreshing login…,Sitzung abgelaufen · Anmeldung wird erneuert…,
connection_interrupted,,Connection was interrupted,Die Verbindung wurde unterbrochen,
connection_error_title,,Connection error,Verbindungsfehler,
connection_all_systems_normal,,All systems normal,Alle Systeme funktionieren normal,
action_undo,,Undo,Rückgängig,
action_redo,,Redo,Wiederholen,
connection_route_local,,Local,Lokal,
connection_route_nabu_casa,,Nabu Casa,Nabu Casa,don't translate Nabu Casa
connection_route_external,,External,Extern,
settings_connection_via,,Connected via %1$s,Verbunden über %1$s,app fills in %1$s — keep them
settings_connection_unknown,,Unknown,Unbekannt,
settings_connection_connecting,,Connecting…,Verbindung wird hergestellt…,
settings_this_home,,this home,dieses Zuhause,
settings_local_network_allowed,,Allowed,Erlaubt,
settings_local_network_not_allowed,,Not allowed — Home Assistant cannot be reached directly on your Wi-Fi,Nicht zulässig – Home Assistant kann nicht direkt über Ihr WLAN erreicht werden,don't translate Home Assistant
settings_current_wifi,,Current Wi-Fi,Aktuelles WLAN,
settings_wifi_unavailable,,Not connected or location permission is missing,Nicht verbunden oder Standortberechtigung fehlt,
settings_just_now,,just now,gerade eben,
settings_primary_app_language,,Primary application language,Primäre Anwendungssprache,
settings_android_build_configuration,,Android resources and build configuration,Android-Ressourcen und Build-Konfiguration,
page_settings_default_title,,Page settings,Seiteneinstellungen,
page_settings_choose_area,,Choose an area to configure,Bereich zum Konfigurieren auswählen,
page_settings_focused_options,,Focused options for this page area,Gezielte Optionen für diesen Seitenbereich,
page_settings_header_description,,Wallpaper and custom header color,Hintergrundbild und benutzerdefinierte Kopfzeilenfarbe,
page_settings_custom_page_description,,"Name, subtitle, and navigation icon","Name, Untertitel und Navigationssymbol",
page_settings_badge_bar,,Badge bar,Badge-Leiste,
page_settings_badge_description,,"Visibility, alignment, and display options","Sichtbarkeit, Ausrichtung und Anzeigeoptionen",
page_settings_persons,,Persons,Personen,
page_settings_persons_description,,Visibility and ordering,Sichtbarkeit und Reihenfolge,
page_settings_configure,,Configure,Konfigurieren,
room_config_title,,Room configuration,Raumkonfiguration,
header_pill_left,,Left header pill,Linke Kopfzeilen-Schaltfläche,
header_pill_right,,Right header pill,Rechte Kopfzeilen-Schaltfläche,
alignment_split,,Split,Geteilt,
alignment_center,,Center,Zentriert,
weather_cloudy,,Cloudy,Bewölkt,
home_default_markdown_content,,# Markdown\nOpen this widget's settings in **edit mode** to write your own content.,"# Markdown\nÖffne im **Bearbeitungsmodus** die Einstellungen dieses Widgets, um eigene Inhalte zu schreiben.",\n = line break
home_settings_title,,Home settings,Startseiten-Einstellungen,
custom_page_settings_title,,%1$s settings,%1$s-Einstellungen,app fills in %1$s — keep them
home_empty,,This is the homepage. Add widgets by swiping down on the header and enabling edit mode.,"Dies ist die Startseite. Wische in der Kopfzeile nach unten und aktiviere den Bearbeitungsmodus, um Widgets hinzuzufügen.",
custom_page_empty,,This page is empty. Add widgets by swiping down on the header and enabling edit mode.,"Diese Seite ist leer. Wische in der Kopfzeile nach unten und aktiviere den Bearbeitungsmodus, um Widgets hinzuzufügen.",
select_camera_title,,Select camera,Kamera auswählen,
select_entity_title,,Select entity,Entität auswählen,
custom_camera_default_name,,Custom camera,Benutzerdefinierte Kamera,
rooms_settings_title,,Rooms settings,Raumeinstellungen,
rooms_empty,,The rooms view is empty. Swipe down on the header and enable edit mode to add floors and rooms.,"Die Raumansicht ist leer. Wische in der Kopfzeile nach unten und aktiviere den Bearbeitungsmodus, um Etagen und Räume hinzuzufügen.",
floor_expand,,Expand floor,Etage ausklappen,
floor_collapse,,Collapse floor,Etage einklappen,
floor_settings_title,,Floor,Etage,
floor_settings_subtitle,,"Identity, layout, and card style","Identität, Layout und Kartenstil",
universal_effects,,Effects,Effekte,
universal_open_door,,Open door,Tür öffnen,
universal_vacuum_dock,,Dock,Ladestation,
universal_start,,Start,Starten,
universal_pause,,Pause,Pause,
universal_stop,,Stop,Stoppen,
universal_locate,,Locate,Orten,
universal_room_number,,Room %1$d,Raum %1$d,app fills in %1$d — keep them
core_optional_display_name,,Optional display name override,Optionaler benutzerdefinierter Anzeigename,
core_media_paused_track,,Paused: %1$s,Pausiert: %1$s,app fills in %1$s — keep them
core_percent_value,,%1$d percent,%1$d Prozent,app fills in %1$d — keep them
core_current_humidity,,Current humidity,Aktuelle Luftfeuchtigkeit,
core_tank_water_level,,Tank / water level,Tank-/Wasserstand,
core_pm25,,PM2.5,PM2.5,
core_error_code,,Error code,Fehlercode,
core_bucket_full,,Bucket full,Behälter voll,
core_clean_filter,,Clean filter,Filter reinigen,
core_ionizer,,Ionizer,Ionisator,
core_pump,,Pump,Pumpe,
core_beep_on_command,,Beep on command,Signalton bei Befehl,
core_dawn,,Dawn,Morgendämmerung,
core_solar_noon,,Solar noon,Sonnenmittag,
core_dusk,,Dusk,Abenddämmerung,
core_icon_category_common,,Common,Allgemein,
core_icon_category_home,,Home,Zuhause,
core_icon_category_weather,,Weather,Wetter,
core_icon_category_lock,,Lock,Schloss,
core_icon_category_people,,People,Personen,
core_icon_category_auto,,Automotive,Automobil,
core_icon_category_music,,Music,Musik,
core_icon_category_battery,,Battery,Akku,
core_icon_category_nature,,Nature,Natur,
core_icon_category_places,,Places,Orte,
core_icon_category_food,,Food,Essen,
core_icon_category_navigation,,Navigation,Navigation,
core_icon_category_devices,,Devices,Geräte,
core_icon_category_map,,Map,Karte,
core_icon_category_media,,Media,Medien,
core_icon_category_communication,,Communication,Kommunikation,
core_icon_category_health,,Health,Gesundheit,
core_icon_category_vehicles,,Vehicles,Fahrzeuge,
core_icon_category_buildings,,Buildings,Gebäude,
core_icon_category_electrical,,Electrical,Elektrik,
core_icon_category_sport,,Sport,Sport,
core_icon_category_objects,,Objects,Objekte,
core_icon_category_commerce,,Commerce,Handel,
core_icon_category_games,,Games,Spiele,
core_icon_category_finance,,Finance,Finanzen,
background_notification_channel_general,,General,Allgemein,
background_location_channel_name,,Location sharing,Standortfreigabe,
background_location_channel_description,,Keeps your device location up to date in Home Assistant,Hält den Standort deines Geräts in Home Assistant aktuell,don't translate Home Assistant
background_location_notification_title,,Home Assistant location sharing,Standortfreigabe für Home Assistant,don't translate Home Assistant
background_location_notification_text,,Sharing your location with Home Assistant,Dein Standort wird mit Home Assistant geteilt,don't translate Home Assistant
background_push_channel_name,,Notification connection,Benachrichtigungsverbindung,
background_push_channel_description,,Keeps a background connection to Home Assistant for instant notifications,Hält für sofortige Benachrichtigungen im Hintergrund eine Verbindung zu Home Assistant,don't translate Home Assistant
background_push_notification_title,,Connected to Home Assistant,Mit Home Assistant verbunden,don't translate Home Assistant
background_push_notification_text,,Waiting for notifications,Warten auf Benachrichtigungen,
background_push_hide_action,,Hide this notification,Diese Benachrichtigung ausblenden,
button_style_centered,,Centered,Zentriert,
button_elements,,Elements,Elemente,
button_elements_description,,What appears on this button. Hide the name and state for an icon on its own.,Was auf dieser Schaltfläche angezeigt wird. Blenden Sie den Namen und den Status eines einzelnen Symbols aus.,
stack_elements_title,,Elements on every button in this stack,Elemente auf jeder Schaltfläche in diesem Stapel,
stack_elements_description,,"These apply to the whole stack, not to one button. Turning something off here hides it on every button in the stack; leaving it on lets each button decide for itself in its own settings.","Diese gelten für den gesamten Stapel, nicht für eine Schaltfläche. Wenn Sie hier etwas deaktivieren, wird es auf jeder Schaltfläche im Stapel ausgeblendet. Wenn Sie es eingeschaltet lassen, kann jede Taste ihre eigenen Einstellungen vornehmen.",
button_element_icon,,Icon,Symbol,
button_element_name,,Name,Name,
button_element_state,,State,Zustand,
stack_show_title,,Show name,Namen anzeigen,
stack_show_title_description,,Turn off for a stack with no heading at all.,Schalten Sie die Option für einen Stapel ohne Überschrift aus.,
stack_show_icon,,Show icon,Symbol anzeigen,
stack_show_icon_description,,The icon beside the heading.,Das Symbol neben der Überschrift.,
stack_center_title,,Center the heading,Zentrieren Sie die Überschrift,
stack_center_title_description,,Puts the icon and name in the middle instead of against the left edge.,Platziert das Symbol und den Namen in der Mitte statt am linken Rand.,
cr_state_on,,On,Ein,
cr_state_off,,Off,Aus,
cr_open,,Open,Öffnen,
cr_close,,Close,Schließen,
cr_stop,,Stop,Stoppen,
cr_closed,,Closed,Geschlossen,
cr_opening,,Opening,Wird geöffnet,
cr_closing,,Closing,Wird geschlossen,
cr_locked,,Locked,Verriegelt,
cr_unlocked,,Unlocked,Entriegelt,
cr_unavailable,,Unavailable,Nicht verfügbar,
cr_unknown,,Unknown,Unbekannt,
cr_idle,,Idle,Inaktiv,
cr_home,,Home,Zu Hause,
cr_away,,Away,Abwesend,
cr_cleaning,,Cleaning,Reinigung läuft,
cr_returning,,Returning,Kehrt zurück,
cr_paused,,Paused,Pausiert,
cr_error,,Error,Fehler,
cr_playing,,Playing,Wiedergabe läuft,
cr_buffering,,Buffering,Wird gepuffert,
cr_standby,,Standby,Standby,
cr_humidifying,,Humidifying,Befeuchtet,
cr_drying,,Drying,Entfeuchtet,
cr_detected,,Detected,Erkannt,
cr_clear,,Clear,Frei,
cr_problem,,Problem,Problem,
cr_ok,,OK,OK,
cr_low,,Low,Niedrig,
cr_normal,,Normal,Normal,
cr_connected,,Connected,Verbunden,
cr_disconnected,,Disconnected,Getrennt,
cr_plugged_in,,Plugged in,Eingesteckt,
cr_unplugged,,Unplugged,Ausgesteckt,
cr_wet,,Wet,Nass,
cr_dry,,Dry,Trocken,
cr_none,,None,Keine,
cr_any,,Any,Beliebig,
cr_remove,,Remove,Entfernen,
cr_restore,,Restore,Wiederherstellen,
cr_general,,General,Allgemein,
cr_identity,,Identity,Identität,
cr_appearance,,Appearance,Darstellung,
cr_layout,,Layout,Layout,
cr_behavior,,Behavior,Verhalten,
cr_profiles,,Profiles,Profile,
cr_playback,,Playback,Wiedergabe,
cr_content,,Content,Inhalt,
cr_actions,,Actions,Aktionen,
cr_protection,,Protection,Schutz,
cr_power,,Power,Ein/Aus,
cr_brightness,,Brightness,Helligkeit,
cr_temperature,,Temperature,Temperatur,
cr_color,,Color,Farbe,
cr_min,,Min,Min.,
cr_avg,,Avg,Durchschn.,
cr_max,,Max,Max.,
cr_now,,Now,Jetzt,
cr_lowest,,Lowest,Niedrigster Wert,
cr_average,,Average,Durchschnitt,
cr_highest,,Highest,Höchster Wert,
cr_live,,Live,Live,
cr_once,,Once,Einmalig,
cr_daily,,Daily,Täglich,
cr_weekly,,Weekly,Wöchentlich,
cr_monthly,,Monthly,Monatlich,
cr_yearly,,Yearly,Jährlich,
cr_action_tap,,Tap,Tippen,
cr_action_double_tap,,Double tap,Doppeltippen,
cr_action_hold,,Hold,Gedrückt halten,
cr_mode,,Mode,Modus,
cr_mode_auto,,Auto,Automatisch,
cr_mode_heat,,Heat,Heizen,
cr_mode_cool,,Cool,Kühlen,
cr_mode_heat_cool,,Heat/cool,Heizen/Kühlen,
cr_mode_dry,,Dry,Entfeuchten,
cr_mode_fan_only,,Fan only,Nur Lüfter,
cr_mode_low,,Low,Niedrig,
cr_mode_medium,,Medium,Mittel,
cr_mode_high,,High,Hoch,
cr_mode_quiet,,Quiet,Leise,
cr_mode_boost,,Boost,Boost,
cr_mode_eco,,Eco,Eco,
cr_mode_sleep,,Sleep,Schlafmodus,
cr_mode_manual,,Manual,Manuell,
cr_mode_vertical,,Vertical,Vertikal,
cr_mode_horizontal,,Horizontal,Horizontal,
cr_mode_both,,Both,Beide,
cr_mode_up,,Up,Oben,
cr_mode_down,,Down,Unten,
cr_mode_center,,Center,Mitte,
cr_mode_left,,Left,Links,
cr_mode_right,,Right,Rechts,
cr_climate_fan,,Fan,Lüfter,
cr_climate_vertical_airflow,,Vertical airflow,Vertikaler Luftstrom,
cr_climate_horizontal_airflow,,Horizontal airflow,Horizontaler Luftstrom,
cr_climate_preset,,Preset,Voreinstellung,
cr_fan_speed,,Fan speed,Lüftergeschwindigkeit,
cr_speed,,Speed,Geschwindigkeit,
cr_lower_target,,Lower target,Sollwert senken,
cr_raise_target,,Raise target,Sollwert erhöhen,
cr_climate_temperature,,Temperature,Temperatur,
cr_climate_all_temperature_sensors,,All temperature sensors,Alle Temperatursensoren,
cr_climate_outside,,Outside,Außen,
cr_climate_outside_summary,,"Outdoor temperature, humidity, and pressure","Außentemperatur, Luftfeuchtigkeit und Luftdruck",
cr_climate_humidity,,Humidity,Luftfeuchtigkeit,
cr_climate_all_humidity_sensors,,All humidity sensors,Alle Feuchtigkeitssensoren,
cr_climate_air_pressure,,Air pressure,Luftdruck,
cr_climate_all_pressure_sensors,,All air-pressure sensors,Alle Luftdrucksensoren,
cr_climate_co2,,CO₂,CO₂,
cr_climate_carbon_dioxide_sensors,,Carbon-dioxide sensors,Kohlendioxidsensoren,
cr_climate_air_quality,,Air quality,Luftqualität,
cr_climate_air_quality_summary,,"Particulates, AQI, VOCs, and gases","Feinstaub, AQI, VOC und Gase",
cr_climate_entities,,Climate entities,Klima-Entitäten,
cr_climate_settings,,Climate settings,Klimaeinstellungen,
cr_empty_climate_view,,No climate data is available yet.,Noch keine Klimadaten verfügbar.,
cr_climate_fans,,Fans,Lüfter,
cr_climate_air_purifiers,,Air purifiers,Luftreiniger,
cr_climate_humidifiers,,Humidifiers,Luftbefeuchter,
cr_temperature_sensors,,Temperature sensors,Temperatursensoren,
cr_devices_active,,Devices active,Aktive Geräte,
cr_active_of_total,,%1$d of %2$d active,%1$d von %2$d aktiv,app fills in %1$d %2$d — keep them
cr_no_search_active,,No active search · %1$s,Keine aktive Suche · %1$s,app fills in %1$s — keep them
cr_collapse_search,,Collapse search,Suche einklappen,
cr_expand_search,,Expand search,Suche ausklappen,
cr_custom_order,,Custom order,Eigene Reihenfolge,
cr_name_a_z,,Name A–Z,Name A–Z,
cr_name_z_a,,Name Z–A,Name Z–A,
cr_climate_device,,Climate device,Klimagerät,
cr_climate_device_subtitle,,"Name, icon, card style, and width","Name, Symbol, Kartenstil und Breite",
cr_widget_requires_f1,,"Needs the F1 Sensor integration, which was not found on your Home Assistant","Benötigt die F1-Sensor-Integration, die auf Ihrem Home Assistant nicht gefunden wurde",don't translate Home Assistant
cr_widget_requires_parcels,,"Needs a parcel integration, and none was found on your Home Assistant",Benötigt eine Paketintegration und es wurde keine auf Ihrem Home Assistant gefunden,don't translate Home Assistant
cr_widget_requires_waste,,"Needs a waste collection integration, and none was found on your Home Assistant","Benötigt eine Abfallsammelintegration, und auf Ihrem Home Assistant wurde keine gefunden.",don't translate Home Assistant
cr_people_here_title,,Who is here,Wer ist hier?,
cr_people_here_empty,,Nobody is being tracked in this room right now.,In diesem Raum wird derzeit niemand verfolgt.,
cr_people_here_unknown_room,,Room unknown,Raum unbekannt,
cr_button_exclude_counters,,Leave out of counters,Lassen Sie die Theken außen vor,
cr_button_exclude_counters_hint,,"Keep the button, but stop it counting towards this room’s Lights and Devices totals","Behalten Sie die Taste bei, aber stoppen Sie, dass sie auf die Gesamtzahl der Lichter und Geräte dieses Raums angerechnet wird",
cr_count_with_average,,%1$s · avg %2$s%3$s,%1$s · Ø %2$s%3$s,app fills in %1$s %2$s %3$s — keep them
cr_outside_temperature,,Outside temperature,Außentemperatur,
cr_outside_humidity,,Outside humidity,Luftfeuchtigkeit außen,
cr_outside_pressure,,Outside pressure,Luftdruck außen,
cr_outside_air_pressure,,Outside air pressure,Außenluftdruck,
cr_no_sensors_found_for,,No %1$s sensors found.,Keine Sensoren für %1$s gefunden.,app fills in %1$s — keep them
cr_climate_control,,Climate control,Klimasteuerung,
cr_thermostat_dial,,Thermostat dial,Thermostatregler,
cr_width_third,,Third,Drittel,
cr_width_half,,Half,Hälfte,
cr_width_full,,Full,Volle Breite,
cr_select_item,,Select %1$s,%1$s auswählen,app fills in %1$s — keep them
cr_set_outdoor_sensors,,"Set outdoor temperature, humidity, and pressure","Außentemperatur, Luftfeuchtigkeit und Luftdruck festlegen",
cr_auto_discovered_device_class,,Discovered automatically by device class,Automatisch über die Geräteklasse erkannt,
cr_auto_discovered_climate_devices,,Climate devices discovered automatically,Klimageräte automatisch erkannt,
cr_pick_fan_entities_as_purifiers,,Choose fan entities to use as air purifiers,Lüfter-Entitäten als Luftreiniger auswählen,
cr_auto_discovered_humidifier_devices,,Humidifier devices discovered automatically,Luftbefeuchter automatisch erkannt,
cr_removed_entities,,Removed entities,Entfernte Entitäten,
cr_entities_removed_edit_mode,,Entities removed in edit mode,Im Bearbeitungsmodus entfernte Entitäten,
cr_card_indoor_climate_overview,,Indoor climate overview,Innenklima im Überblick,
cr_card_sensor_device_tiles,,Sensor and device tiles,Sensor- und Gerätekacheln,
cr_card_thermostats_ac,,Thermostats and AC,Thermostate und Klimaanlagen,
cr_card_temperature_summary,,Temperature summary,Temperaturübersicht,
cr_card_humidity_summary,,Humidity summary,Feuchtigkeitsübersicht,
cr_card_air_pressure_summary,,Air-pressure summary,Luftdruckübersicht,
cr_card_co2_summary,,CO₂ summary,CO₂-Übersicht,
cr_card_air_quality_summary,,Air-quality summary,Luftqualitätsübersicht,
cr_category_overview,,Overview,Übersicht,
cr_category_devices,,Devices,Geräte,
cr_category_sensors,,Sensors,Sensoren,
cr_no_climate_sensors_devices,,No climate sensors or devices found.,Keine Klimasensoren oder -geräte gefunden.,
cr_no_climate_devices,,No climate devices found. Thermostats and AC units from Home Assistant appear here automatically.,Keine Klimageräte gefunden. Thermostate und Klimaanlagen aus Home Assistant erscheinen hier automatisch.,don't translate Home Assistant
cr_no_fans,,No fans found. Fan entities from Home Assistant appear here automatically.,Keine Lüfter gefunden. Lüfter-Entitäten aus Home Assistant erscheinen hier automatisch.,don't translate Home Assistant
cr_no_air_purifiers,,No air purifiers configured. Choose fan entities under Climate settings → Climate entities → Air purifiers.,Keine Luftreiniger eingerichtet. Wähle Lüfter-Entitäten unter Klimaeinstellungen → Klima-Entitäten → Luftreiniger.,
cr_no_humidifiers,,No humidifiers found. Humidifier entities from Home Assistant appear here automatically.,Keine Luftbefeuchter gefunden. Luftbefeuchter aus Home Assistant erscheinen hier automatisch.,don't translate Home Assistant
cr_unknown_climate_card,,Unknown climate card: %1$s,Unbekannte Klimakarte: %1$s,app fills in %1$s — keep them
cr_select_climate_cards,,Select climate cards,Klimakarten auswählen,
cr_entities_for,,%1$s entities,Entitäten für %1$s,app fills in %1$s — keep them
cr_climate_card,,Climate card,Klimakarte,
cr_climate_card_dialog_subtitle,,Data sources and card appearance,Datenquellen und Kartendarstellung,
cr_card_and_data,,Card and data,Karte und Daten,
cr_climate_stack,,Climate stack,Klimastapel,
cr_climate_stack_dialog_subtitle,,"Cards, data sources, and layout","Karten, Datenquellen und Layout",
cr_cards_and_data,,Cards and data,Karten und Daten,
cr_sensor_count,one,%d sensor,%d Sensor,app fills in %d — keep them
cr_sensor_count,other,%d sensors,%d Sensoren,app fills in %d — keep them
cr_device_count_on,one,%1$d device · %2$d on,%1$d Gerät · %2$d ein,app fills in %1$d %2$d — keep them
cr_device_count_on,other,%1$d devices · %2$d on,%1$d Geräte · %2$d ein,app fills in %1$d %2$d — keep them
cr_outside_sensors_set,one,%d outside sensor set,%d Außensensor festgelegt,app fills in %d — keep them
cr_outside_sensors_set,other,%d outside sensors set,%d Außensensoren festgelegt,app fills in %d — keep them
cr_auto_plus_manual,one,Automatic + %d manual,Automatisch + %d manuell,app fills in %d — keep them
cr_auto_plus_manual,other,Automatic + %d manual,Automatisch + %d manuell,app fills in %d — keep them
cr_selected_count,one,%d selected,%d ausgewählt,app fills in %d — keep them
cr_selected_count,other,%d selected,%d ausgewählt,app fills in %d — keep them
cr_removed_count,one,%d removed,%d entfernt,app fills in %d — keep them
cr_removed_count,other,%d removed,%d entfernt,app fills in %d — keep them
cr_room,,Room,Raum,
cr_room_details,,Room details,Raumdetails,
cr_empty_room,,"This room is empty. Swipe down on the header, enable edit mode, and add widgets, buttons, or tiles.","Dieser Raum ist leer. Ziehe die Kopfzeile nach unten, aktiviere den Bearbeitungsmodus und füge Widgets, Schaltflächen oder Kacheln hinzu.",
cr_default_markdown_content,,# Markdown\nOpen this widget in **edit mode** to write your own content.,"# Markdown\nÖffne dieses Widget im **Bearbeitungsmodus**, um eigene Inhalte zu schreiben.",\n = line break
cr_select_camera,,Select camera,Kamera auswählen,
cr_select_entity,,Select entity,Entität auswählen,
cr_custom_camera,,Custom camera,Benutzerdefinierte Kamera,
cr_configure_widget,,Configure widget,Widget einrichten,
cr_configure_widget_subtitle,,Set the essentials before adding it,Lege vor dem Hinzufügen die wichtigsten Optionen fest,
cr_widget_options,,Widget options,Widget-Optionen,
cr_widget_options_subtitle,,Choose what this widget should display,"Wähle aus, was dieses Widget anzeigen soll",
cr_add_widget,,Add widget,Widget hinzufügen,
cr_add_widget_subtitle,,Browse by purpose or search every widget,Nach Zweck durchsuchen oder alle Widgets durchsuchen,
cr_widget_category_controls,,Controls,Steuerungen,
cr_widget_category_controls_description,,"Buttons, vacuums, and grouped controls","Schaltflächen, Saugroboter und gruppierte Steuerungen",
cr_widget_category_cameras,,Cameras,Kameras,
cr_widget_category_cameras_description,,Live camera tiles and multi-camera views,Live-Kamerakacheln und Ansichten mit mehreren Kameras,
cr_widget_category_climate,,Climate and weather,Klima und Wetter,
cr_widget_category_climate_description,,"Temperature, comfort, forecasts, and conditions","Temperatur, Komfort, Vorhersagen und Bedingungen",
cr_widget_category_energy,,Energy and batteries,Energie und Batterien,
cr_widget_category_energy_description,,"Consumption, production, and device health","Verbrauch, Erzeugung und Gerätezustand",
cr_widget_category_information,,Information and media,Informationen und Medien,
cr_widget_category_information_description,,"Calendars, deliveries, graphs, notes, and playback","Kalender, Lieferungen, Diagramme, Notizen und Wiedergabe",
cr_widget_category_layout,,Layout and structure,Layout und Struktur,
cr_widget_category_layout_description,,Headings and flexible widget containers,Überschriften und flexible Widget-Container,
cr_widget_adaptive_lighting,,Adaptive Lighting,Adaptive Lighting,
cr_widget_adaptive_lighting_description,,Control any installed Adaptive Lighting profile,Installierte Adaptive-Lighting-Profile steuern,
cr_widget_button,,Button,Schaltfläche,
cr_widget_button_description,,A single configurable entity control,Eine konfigurierbare Steuerung für eine Entität,
cr_widget_buttons,,Buttons,Schaltflächen,
cr_widget_calendar,,Calendar,Kalender,
cr_widget_calendar_description,,"Agenda, week, and month views from Home Assistant calendars","Agenda-, Wochen- und Monatsansicht aus Home-Assistant-Kalendern",don't translate Home Assistant
cr_widget_waste_collection,,Waste collection,Abfallabholung,
cr_widget_waste_collection_description,,Upcoming collections from waste sensors,Bevorstehende Abholungen aus Abfallsensoren,
cr_widget_parcels,,Parcels,Pakete,
cr_widget_parcels_description,,Incoming and outgoing parcels from supported carriers,Eingehende und ausgehende Pakete unterstützter Versanddienste,
cr_widget_camera,,Camera,Kamera,
cr_widget_camera_description,,A single live camera tile or stream URL,Eine Live-Kamerakachel oder Stream-URL,
cr_widget_cameras,,Cameras,Kameras,
cr_widget_climate_card,,Climate card,Klimakarte,
cr_widget_climate_card_description,,Any card from the Climate view,Eine beliebige Karte aus der Klimaansicht,
cr_widget_energy_card,,Energy card,Energiekarte,
cr_widget_energy_card_description,,Any card from the Energy view,Eine beliebige Karte aus der Energieansicht,
cr_widget_battery_levels,,Battery levels,Batteriestände,
cr_widget_battery_levels_description,,"Low batteries, or Battery+ only with type details",Niedrige Batteriestände oder nur Battery+ mit Typdetails,
cr_widget_header_text,,Header text,Überschrift,
cr_widget_header_text_description,,Add a section heading,Eine Abschnittsüberschrift hinzufügen,
cr_widget_markdown,,Markdown,Markdown,
cr_widget_markdown_description,,A free-form card written in Markdown,Eine frei gestaltbare Markdown-Karte,
cr_widget_iframe,,iFrame,iFrame,
cr_widget_iframe_description,,Embed any web page on your dashboard,Eine Webseite in das Dashboard einbetten,
cr_widget_media_player,,Media player,Mediaplayer,
cr_widget_media_player_description,,Now-playing tile with album art as the background,Kachel für die aktuelle Wiedergabe mit Cover als Hintergrund,
cr_widget_sensor_graph,,Sensor graph,Sensordiagramm,
cr_widget_sensor_graph_description,,"History graph for one or more sensors, as lines or bars",Verlaufsdiagramm für einen oder mehrere Sensoren als Linien oder Balken,
cr_widget_vacuum,,Vacuum,Saugroboter,
cr_widget_vacuum_description,,A single robot-vacuum control,Steuerung für einen Saugroboter,
cr_widget_weather,,Weather,Wetter,
cr_widget_weather_description,,A single weather card,Eine einzelne Wetterkarte,
cr_widget_empty_stack,,Empty stack,Leerer Stapel,
cr_widget_empty_stack_description,,Place widgets inside a configurable stack,Widgets in einem konfigurierbaren Stapel platzieren,
cr_widget_button_stack,,Button stack,Schaltflächenstapel,
cr_widget_button_stack_description,,Group entities into configurable controls,Entitäten zu konfigurierbaren Steuerungen gruppieren,
cr_widget_camera_stack,,Camera stack,Kamerastapel,
cr_widget_camera_stack_description,,Show live camera tiles or a custom stream URL,Live-Kamerakacheln oder eine eigene Stream-URL anzeigen,
cr_widget_climate_stack,,Climate stack,Klimastapel,
cr_widget_climate_stack_description,,"Group climate cards such as overview, thermostats, and sensors","Klimakarten wie Übersicht, Thermostate und Sensoren gruppieren",
cr_widget_energy_stack,,Energy stack,Energiestapel,
cr_widget_energy_stack_description,,"Group energy cards such as usage, solar, gas, and water","Energiekarten wie Verbrauch, Solar, Gas und Wasser gruppieren",
cr_widget_sensor_graph_stack,,Sensor graph stack,Sensordiagrammstapel,
cr_widget_sensor_graph_stack_description,,Group several sensor-history graphs,Mehrere Sensorverlaufsdiagramme gruppieren,
cr_widget_swiping_stack,,Swiping stack,Wischstapel,
cr_widget_swiping_stack_description,,Swipe horizontally through nested widgets,Horizontal durch verschachtelte Widgets wischen,
cr_widget_vacuum_stack,,Vacuum stack,Saugroboterstapel,
cr_widget_vacuum_stack_description,,Control robot vacuums with a map and battery status,Saugroboter mit Karte und Batteriestatus steuern,
cr_widget_weather_stack,,Weather stack,Wetterstapel,
cr_widget_weather_stack_description,,"Group conditions, forecast, wind, or rain-map cards","Bedingungen, Vorhersage, Wind oder Regenkarte gruppieren",
cr_camera_settings,,Camera settings,Kameraeinstellungen,
cr_vacuum_settings,,Vacuum settings,Saugrobotereinstellungen,
cr_button_settings,,Button settings,Schaltflächeneinstellungen,
cr_robot_image,,Robot image,Roboterbild,
cr_map_camera,,Map camera,Kartenkamera,
cr_external_url,,External URL,Externe URL,
cr_valetudo_map,,Valetudo map,Valetudo-Karte,don't translate Valetudo
cr_valetudo_map_hint,,Draws the map from a Valetudo robot and lets you tap a room to clean it. Pick the robot's map camera below.,"Zeichnet die Karte eines Valetudo-Roboters; tippe auf einen Raum, um ihn reinigen zu lassen. Wähle unten die Kartenkamera des Roboters.",don't translate Valetudo
cr_valetudo_camera_mode_note,,Using Map camera with a Valetudo map entity shows a blank tile. Valetudo does not render the map on the robot — its PNG is only a container for the map data. Choose Valetudo map instead to have HKI draw it.,"Kartenkamera zeigt bei einer Valetudo-Kartenentität eine leere Kachel. Valetudo rendert die Karte nicht auf dem Roboter — das PNG ist nur ein Behälter für die Kartendaten. Wähle stattdessen Valetudo-Karte, damit HKI sie zeichnet.",don't translate Valetudo
cr_animation_glow,,Glow,Leuchten,
cr_animation_spin,,Spin,Drehen,
cr_animation_pulse,,Pulse,Pulsieren,
cr_adaptive_lighting_widget,,Adaptive Lighting widget,Adaptive-Lighting-Widget,
cr_adaptive_lighting_widget_subtitle,,"Profiles, size, and appearance","Profile, Größe und Darstellung",
cr_button_stack_dialog_subtitle,,"Layout, appearance, and entity order","Layout, Darstellung und Entitätsreihenfolge",
cr_expand_stack,,Expand stack,Stapel ausklappen,
cr_collapse_stack,,Collapse stack,Stapel einklappen,
cr_hide_stack,,Hide stack,Stapel ausblenden,
cr_unhide_stack,,Unhide stack,Stapel einblenden,
cr_swiping_stack_dialog_subtitle,,"Pages, height, and card appearance","Seiten, Höhe und Kartendarstellung",
cr_empty_stack_dialog_subtitle,,Container layout and appearance,Container-Layout und Darstellung,
cr_header_text_dialog_subtitle,,Heading content and visual style,Inhalt und Darstellung der Überschrift,
cr_animation_swipe,,Swipe,Wischen,
cr_animation_fade,,Fade,Überblenden,
cr_animation_zoom,,Zoom,Zoomen,
cr_animation_slide_fade,,Slide + fade,Schieben + überblenden,
cr_animation_cube,,Cube,Würfel,
cr_animation_instant,,Instant,Sofort,
cr_widget_option_count,one,%d option,%d Option,app fills in %d — keep them
cr_widget_option_count,other,%d options,%d Optionen,app fills in %d — keep them
cr_configured_lights,one,%d configured light,%d konfigurierte Leuchte,app fills in %d — keep them
cr_configured_lights,other,%d configured lights,%d konfigurierte Leuchten,app fills in %d — keep them
cr_quick_notifications,,Notifications,Benachrichtigungen,
cr_quick_notifications_instruction,,Swipe right from the upper-left edge.,Vom oberen linken Rand nach rechts wischen.,
cr_quick_switch_homes,,Switch homes,Zuhause wechseln,
cr_quick_switch_homes_instruction,,Swipe left from the upper-right edge of the header.,Vom oberen rechten Rand der Kopfzeile nach links wischen.,
cr_quick_actions,,Quick actions,Schnellaktionen,
cr_quick_actions_instruction,,"Pull down on any page header for Search, Flows, Edit, and Settings.","Eine Kopfzeile nach unten ziehen, um Suche, Flows, Bearbeiten und Einstellungen zu öffnen.",
cr_quick_media_player,,Media player,Mediaplayer,
cr_quick_media_player_instruction,,"When the handle appears, swipe up on the bottom bar to restore the player.","Wenn der Griff erscheint, die untere Leiste nach oben wischen, um den Player wiederherzustellen.",
cr_quick_make_it_yours,,Make it yours,Mach es zu deinem,
cr_quick_make_it_yours_instruction,,"In edit mode, add and reorder rooms, floors, and widgets. Tap an item to configure it.","Im Bearbeitungsmodus Räume, Etagen und Widgets hinzufügen oder neu anordnen. Tippe auf ein Element, um es einzurichten.",
cr_whats_new_1_1_2,1,"Returning from Home Assistant Settings, Developer tools or HACS now restores the same position in HKI 7 Settings instead of reopening at the top.","Beim Zurückkehren aus den Home Assistant-Einstellungen, Entwicklertools oder HACS wird nun die gleiche Position in den HKI 7-Einstellungen wiederhergestellt, anstatt sie oben erneut zu öffnen.","don't translate Home Assistant, HKI 7"
cr_whats_new_1_1_2,2,"Android 17 now asks for Local network access before finding or connecting directly to Home Assistant, so local servers keep working with API 37. Settings › Connection shows whether it is allowed and can ask again, for when the Android 17 upgrade arrives long after setup.","Android 17 fragt jetzt nach Zugriff auf das lokale Netzwerk, bevor es Home Assistant findet oder eine direkte Verbindung zu ihm herstellt, sodass lokale Server weiterhin mit API 37 arbeiten. Einstellungen › Verbindung zeigt an, ob dies zulässig ist, und kann erneut nachfragen, wenn das Android 17-Upgrade lange nach der Einrichtung eintrifft.",don't translate Home Assistant
cr_whats_new_1_1_2,3,"Update notifications now also appear in HKI 7's own notification panel, with a “See what changed” link to the release notes. The system notification is gone once you swipe it away; this one stays, and checking for updates under Settings › About brings it back.","Update-Benachrichtigungen werden jetzt auch im eigenen Benachrichtigungsfeld von HKI 7 angezeigt, mit einem Link „Sehen Sie, was sich geändert hat“ zu den Versionshinweisen. Die Systembenachrichtigung verschwindet, sobald Sie sie wegwischen. Dieses bleibt bestehen und die Suche nach Updates unter „Einstellungen“ > „Info“ bringt es zurück.",don't translate HKI 7
cr_whats_new_1_1_2,4,"Permission tiles in Settings now update as soon as you come back from granting one. Location, battery optimization and background usage kept showing the old state until Settings was closed and reopened.","Berechtigungskacheln in den Einstellungen werden jetzt aktualisiert, sobald Sie von der Gewährung einer Berechtigung zurückkommen. Standort, Akkuoptimierung und Hintergrundnutzung zeigten weiterhin den alten Status an, bis die Einstellungen geschlossen und erneut geöffnet wurden.",
cr_whats_new_1_1_1,1,"New Clock widget. Analog or digital, seven designs each, 12 or 24-hour time, and the day, date and year if you want them. Tap it to see your next alarm.","Neues Uhr-Widget. Analog oder digital, jeweils sieben Designs, 12- oder 24-Stunden-Zeitanzeige und auf Wunsch auch Tag, Datum und Jahr. Tippen Sie darauf, um Ihren nächsten Alarm anzuzeigen.",
cr_whats_new_1_1_1,2,"Reach Home Assistant itself from Settings. Admins get its Settings, Developer tools and HACS full screen inside HKI 7, already signed in.","Erreichen Sie Home Assistant selbst über die Einstellungen. Administratoren erhalten ihre Einstellungen, Entwicklertools und den HACS-Vollbildmodus in HKI 7, sofern sie bereits angemeldet sind.","don't translate Home Assistant, HKI 7"
cr_whats_new_1_1_1,3,HKI 7 tells you when a new version is out — useful if you installed it from GitHub rather than the Play Store. Turn it off in Settings › About.,"HKI 7 informiert Sie, wenn eine neue Version verfügbar ist – nützlich, wenn Sie sie über GitHub und nicht über den Play Store installiert haben. Deaktivieren Sie es unter „Einstellungen“ > „Info“.",don't translate HKI 7
cr_whats_new_1_1_1,4,"Home Assistant can now see your phone's next alarm, the same sensor the official app provides.","Home Assistant kann jetzt den nächsten Alarm Ihres Telefons sehen, derselbe Sensor, den die offizielle App bietet.",don't translate Home Assistant
cr_whats_new_1_1_1,5,"Media players show what is playing, not just which app is open. An Android TV streaming a series shows the programme, season and episode.","Mediaplayer zeigen, was gerade abgespielt wird, nicht nur, welche App geöffnet ist. Ein Android-TV, der eine Serie streamt, zeigt die Sendung, die Staffel und die Folge.",
cr_whats_new_1_1_1,6,"Back goes to the page you were on before, every time, until you reach Home. It no longer skips pages or leaves the app early.","Mit „Zurück“ kehren Sie jedes Mal zu der Seite zurück, auf der Sie sich zuvor befanden, bis Sie die Startseite erreichen. Es werden keine Seiten mehr übersprungen oder die App vorzeitig verlassen.",
cr_whats_new_1_1_1,7,"Fixed temperature and energy readings in Czech, Slovak, Greek, Norwegian, Swedish and Danish, where numbers showed wrongly or could crash the screen.","Temperatur- und Energiemesswerte auf Tschechisch, Slowakisch, Griechisch, Norwegisch, Schwedisch und Dänisch wurden behoben, bei denen Zahlen falsch angezeigt wurden oder der Bildschirm abstürzen konnte.",
cr_whats_new_1_1_1,8,"Something worded badly in your language? Each language is now a single file you can correct on GitHub, no code needed.","Etwas in Ihrer Sprache schlecht formuliert? Jede Sprache ist jetzt eine einzelne Datei, die Sie auf GitHub korrigieren können, ohne dass Code erforderlich ist.",
cr_whats_new_1_1_0,1,"Eighteen more languages, taking HKI 7 to 36. Polish, Russian, Czech, Slovak, Hungarian, Romanian, Bulgarian, Croatian, Greek, Lithuanian, Latvian, Estonian, Danish, Thai and Hebrew join the list, along with Austrian German, Swiss German and Mexican Spanish. Hebrew lays the interface out right to left, as Arabic does.","Achtzehn weitere Sprachen, womit sich HKI 7 auf 36 erhöht. Polnisch, Russisch, Tschechisch, Slowakisch, Ungarisch, Rumänisch, Bulgarisch, Kroatisch, Griechisch, Litauisch, Lettisch, Estnisch, Dänisch, Thailändisch und Hebräisch kommen zusammen mit österreichischem Deutsch, Schweizerdeutsch und mexikanischem Spanisch hinzu. Hebräisch legt die Benutzeroberfläche wie Arabisch von rechts nach links an.",don't translate HKI 7
cr_whats_new_1_1_0,2,"HKI 7 now runs on Android 12 and later. It previously needed Android 14, which ruled out a lot of perfectly capable phones and tablets.","HKI 7 läuft jetzt auf Android 12 und höher. Bisher war Android 14 erforderlich, was viele voll funktionsfähige Telefone und Tablets ausschloss.",don't translate HKI 7
cr_whats_new_1_1_0,3,"Energy costs are shown in your own currency instead of always in euros. HKI 7 follows what your cost sensors report, and there is a Currency setting in Energy settings if you would rather choose one yourself.","Energiekosten werden in Ihrer eigenen Währung angezeigt, statt immer in Euro. HKI 7 folgt dem, was Ihre Kostensensoren melden, und es gibt eine Währungseinstellung in den Energieeinstellungen, wenn Sie lieber selbst eine auswählen möchten.",don't translate HKI 7
cr_whats_new_1_1_0,4,"The language picker has a search box and is sorted, which it needed at 36 entries. If you ever land in a language you cannot read, the way back is still the first thing on screen.","Der Sprachwähler verfügt über ein Suchfeld und ist nach Bedarf nach 36 Einträgen sortiert. Wenn Sie jemals in einer Sprache landen, die Sie nicht lesen können, ist der Rückweg immer noch das Erste, was auf dem Bildschirm angezeigt wird.",
cr_whats_new_1_1_0,5,"Views remember where you had scrolled to, and tapping the tab you are already on takes you back to the top.","Ansichten merken sich, wohin Sie gescrollt haben, und durch Tippen auf die Registerkarte, auf der Sie sich bereits befinden, gelangen Sie zurück nach oben.",
cr_whats_new_1_1_0,6,"Swiping sideways no longer carries you out of a page you have opened, such as Solar inside Energy. Back now returns you to the view you came from rather than jumping to the home page.","Durch seitliches Wischen verlassen Sie nicht mehr eine Seite, die Sie geöffnet haben, z. B. „Solar Inside Energy“. Mit „Zurück jetzt“ kehren Sie zu der Ansicht zurück, von der Sie kamen, anstatt zur Startseite zu springen.",
cr_whats_new_1_1_0,7,"Scrollable rows say so. The pull-down menu, the navigation bar and the settings tabs all show an arrow at the edge when there is more to reach.","Scrollbare Zeilen sagen es. Das Pulldown-Menü, die Navigationsleiste und die Einstellungsregisterkarten zeigen alle einen Pfeil am Rand an, wenn es mehr zu erreichen gibt.",
cr_whats_new_1_1_0,8,"Dialogs look and behave the same throughout. Six of them were plain Android dialogs with no close button in the corner, and buttons across the app now agree on what Close, Save and Done mean.","Dialoge sehen überall gleich aus und verhalten sich gleich. Sechs davon waren einfache Android-Dialoge ohne Schließen-Schaltfläche in der Ecke, und die Schaltflächen in der gesamten App stimmen jetzt darin überein, was „Schließen“, „Speichern“ und „Fertig“ bedeuten.",
cr_whats_new_1_1_0,9,"Creating a dashboard asks first and then offers the same choices as first-time setup — so a new dashboard can start from a backup or from one your family has shared, as well as being generated or left empty. Your current dashboard is never overwritten, and shared dashboards are now marked as shared in the list.","Beim Erstellen eines Dashboards werden zuerst Fragen gestellt und dann werden dieselben Optionen wie bei der erstmaligen Einrichtung angeboten. Ein neues Dashboard kann also mit einem Backup oder einem von Ihrer Familie geteilten Backup beginnen, aber auch erstellt oder leer gelassen werden. Ihr aktuelles Dashboard wird nie überschrieben und freigegebene Dashboards werden jetzt in der Liste als freigegeben markiert.",
cr_whats_new_1_1_0,10,"The battery widget opens a list in place instead of taking you to a separate page, grouped by how urgent each one is and showing the battery type where Home Assistant knows it. There is a search box, and a button to open the full Battery view if you want it.","Das Batterie-Widget öffnet eine Liste an Ort und Stelle, anstatt Sie zu einer separaten Seite zu führen, gruppiert nach der Dringlichkeit jeder einzelnen Seite und zeigt den Batterietyp an, wo Home Assistant ihn kennt. Es gibt ein Suchfeld und eine Schaltfläche zum Öffnen der vollständigen Batterieansicht, wenn Sie dies wünschen.",don't translate Home Assistant
cr_whats_new_1_1_0,11,"Tapping the people counter in a room shows who is there, with each person's picture. The Rooms header now has a household counter too, showing where everyone is without opening every room.","Durch Antippen des Personenzählers in einem Raum wird mit dem Bild jeder Person angezeigt, wer sich dort befindet. Die Kopfzeile „Räume“ verfügt jetzt auch über einen Haushaltszähler, der anzeigt, wo sich alle befinden, ohne jeden Raum öffnen zu müssen.",
cr_whats_new_1_1_0,12,"A button can be left out of a room's Lights and Devices counters, for the ones that are in the room but not really part of it.","Für diejenigen, die sich zwar im Raum befinden, aber nicht wirklich Teil davon sind, kann in den Licht- und Gerätezählern eines Raums eine Taste weggelassen werden.",
cr_whats_new_1_1_0,13,"Widgets that need an integration you do not have — Formula 1, Parcels, Waste Collection — are greyed out and say what is missing, instead of being added and then sitting empty.","Widgets, die eine Integration benötigen, die Sie nicht haben – Formel 1, Pakete, Müllabfuhr – sind ausgegraut und zeigen an, was fehlt, anstatt hinzugefügt zu werden und dann leer zu bleiben.",
cr_whats_new_1_1_0,14,"Parcel tracking covers fifteen more carriers, including PostNord, InPost, Swiss Post, An Post, Budbee, Sameday and Nova Post, each with its own logo.","Die Paketverfolgung umfasst fünfzehn weitere Anbieter, darunter PostNord, InPost, Swiss Post, An Post, Budbee, Sameday und Nova Post, jeweils mit eigenem Logo.",
cr_whats_new_1_1_0,15,"A Valetudo robot vacuum picks up its live map automatically when your rooms are imported, rather than needing the camera chosen by hand.","Ein Valetudo Roboterstaubsauger ruft seine Live-Karte automatisch auf, wenn Ihre Räume importiert werden, sodass die Kamera nicht manuell ausgewählt werden muss.",don't translate Valetudo
cr_whats_new_1_0_1,1,"Swiping between tabs now follows your finger. The pages move as you drag, you can change your mind mid-swipe and pull them back, and they settle where you let go. Previously the change was decided the moment you had dragged far enough and could not be taken back, while the animation that played afterwards was on its own timer and unrelated to the gesture — so the app committed to a page before your finger had finished asking for one.","Das Wischen zwischen Tabs folgt jetzt Ihrem Finger. Die Seiten bewegen sich beim Ziehen, Sie können Ihre Meinung während des Wischens ändern und sie zurückziehen, und sie bleiben dort, wo Sie loslassen. Zuvor wurde die Änderung in dem Moment entschieden, in dem Sie weit genug gezogen hatten, und konnte nicht mehr zurückgenommen werden, während die Animation, die danach abgespielt wurde, über einen eigenen Timer verfügte und nichts mit der Geste zu tun hatte – sodass die App zu einer Seite wechselte, bevor Ihr Finger mit der Anforderung einer solchen Bewegung fertig war.",
cr_whats_new_1_0_1,2,"The bottom bar now keeps the selected tab in view. On a phone too narrow for every tab it scrolls the active one to the centre, so the tab you are on is always visible along with its neighbours — which is also the hint that there are more pages to swipe to. Reaching the last tab used to leave the indicator somewhere off the end of the bar.","Die untere Leiste behält nun die ausgewählte Registerkarte im Blick. Auf einem Telefon, das für jeden Tab zu schmal ist, scrollt es den aktiven Tab in die Mitte, sodass der Tab, auf dem Sie sich befinden, immer zusammen mit seinen Nachbarn sichtbar ist – was auch ein Hinweis darauf ist, dass es weitere Seiten gibt, zu denen Sie wischen können. Beim Erreichen der letzten Registerkarte blieb der Indikator irgendwo außerhalb des Balkenendes.",
cr_whats_new_1_0_1,3,"Swiping between rooms shows how many rooms there are and which one you are on, as dots above the navigation bar — or as a count once there are more than eight. Room swiping also stops at the last room instead of wrapping around to the first, matching how the tabs behave. Rooms an admin has hidden are now skipped by the swipe rather than only blocked when opened.","Wenn Sie zwischen Räumen wischen, wird als Punkt über der Navigationsleiste angezeigt, wie viele Räume vorhanden sind und in welchem Sie sich befinden – oder als Anzahl, sobald es mehr als acht sind. Das Wischen im Raum stoppt auch beim letzten Raum, anstatt zum ersten zu wechseln, was dem Verhalten der Tabs entspricht. Räume, die ein Administrator ausgeblendet hat, werden jetzt beim Wischen übersprungen und nicht nur beim Öffnen blockiert.",
cr_whats_new_1_0_1,4,"The pull-down header menu animates to wherever you let it go, instead of jumping open or shut in a single frame. It settles by which half you released it in, a quick flick opens it without a full-length drag, and it can be caught and dragged again mid-animation. It also no longer stops dead partway when pulled a long way but not quite far enough.","Das Pulldown-Kopfzeilenmenü bewegt sich dorthin, wo Sie es loslassen, und springt nicht in einem einzelnen Bild auf oder zu. Es hängt davon ab, in welcher Hälfte Sie es losgelassen haben. Durch schnelles Streichen wird es geöffnet, ohne dass es über die gesamte Länge gezogen werden muss, und es kann mitten in der Animation eingefangen und erneut gezogen werden. Es stoppt auch nicht mehr auf halbem Weg, wenn es weit, aber nicht weit genug gezogen wird.",
cr_whats_new_1_0_1,5,"Settings remembers where you were. Coming back from a sub-menu returns to the place in the list you left rather than to the top, which was most noticeable on the long way down to About and Licenses. The page settings dialog had the opposite problem — one scroll position carried across unrelated sub-menus — and that is fixed too.","Die Einstellungen merken sich, wo Sie waren. Wenn Sie aus einem Untermenü zurückkehren, kehren Sie an die Stelle in der Liste zurück, die Sie verlassen haben, und nicht an den Anfang, was auf dem langen Weg nach unten zu „Info“ und „Lizenzen“ am deutlichsten auffiel. Im Dialogfeld „Seiteneinstellungen“ gab es das gegenteilige Problem – eine Bildlaufposition wurde über nicht verwandte Untermenüs übertragen – und das wurde ebenfalls behoben.",
cr_whats_new_1_0_1,6,"The notification panel now has a button in the pull-down header menu, so the left-edge swipe is no longer the only way to reach it. That let the strip of screen edge reserved for the swipe shrink from 200dp to 88dp: the reserved strip is where Android's own back gesture stops working, and it had been covering the exact corner where the back arrow sits.","Das Benachrichtigungsfeld verfügt jetzt über eine Schaltfläche im Pulldown-Kopfzeilenmenü, sodass das Wischen von der linken Kante nicht mehr die einzige Möglichkeit ist, darauf zuzugreifen. Dadurch schrumpfte der für das Wischen reservierte Streifen des Bildschirmrands von 200 dp auf 88 dp: Der reservierte Streifen ist dort, wo Androids eigene Zurück-Geste nicht mehr funktioniert, und er deckte genau die Ecke ab, in der sich der Zurück-Pfeil befindet.",
cr_whats_new_1_0_1,7,"Fixed the app closing instead of the notification panel when back was pressed during the panel's opening animation. Back is also defined for the tabs now — it returns to the first tab before leaving the app, rather than exiting from wherever you happened to have swiped to.","Problem behoben, bei dem die App anstelle des Benachrichtigungsfelds geschlossen wurde, wenn während der Öffnungsanimation des Bedienfelds die Zurück-Taste gedrückt wurde. „Zurück“ ist jetzt auch für die Tabs definiert – es kehrt zum ersten Tab zurück, bevor die App verlassen wird, anstatt die App von der Stelle zu verlassen, zu der Sie zufällig gewischt haben.",
cr_whats_new_1_0_1,8,"The home switcher panel follows Android's predictive back gesture, sliding out with your finger and springing back if you change your mind.","Das Home-Switcher-Panel folgt der vorausschauenden Zurück-Geste von Android, gleitet mit dem Finger heraus und springt zurück, wenn Sie Ihre Meinung ändern.",
cr_whats_new_1_0_1,9,"Four more languages: Norwegian, Swedish, Finnish and Arabic. Arabic lays the whole app out right to left — the navigation bar, the panels that slide in from the screen edge, and the swipe that moves between tabs all mirror, rather than only the text changing direction. Product names such as Home Assistant stay in Latin script wherever they appear.","Vier weitere Sprachen: Norwegisch, Schwedisch, Finnisch und Arabisch. Auf Arabisch ist die gesamte App von rechts nach links angeordnet – die Navigationsleiste, die Bedienfelder, die vom Bildschirmrand aus eingeschoben werden, und die Wischbewegung, die sich zwischen den Registerkarten bewegt, sind alle spiegelbildlich und nicht nur der Text, der die Richtung ändert. Produktnamen wie Home Assistant bleiben überall dort, wo sie erscheinen, in lateinischer Schrift.",don't translate Home Assistant
cr_whats_new_1_0_1,10,"Swiping between rooms is much smoother. A room screen is by far the heaviest page in the app, and the next one was being built during the first frames of the swipe — precisely when there was no time for it. It is now prepared while nothing is moving, and live sensor updates wait for the swipe to finish instead of redrawing every open page mid-gesture.","Das Wischen zwischen Räumen ist viel flüssiger. Ein Raumbildschirm ist bei weitem die schwerste Seite in der App, und die nächste wurde während der ersten Frames des Wischens erstellt – genau dann, wenn keine Zeit dafür war. Es wird jetzt vorbereitet, während sich nichts bewegt, und Live-Sensoraktualisierungen warten darauf, dass der Wischvorgang abgeschlossen ist, anstatt jede geöffnete Seite mitten in der Geste neu zu zeichnen.",
cr_whats_new_1_0_1,11,"The notification panel and the home switcher are dragged rather than flicked open, following your finger and settling where you let go. They close the same way: push them back towards the edge they came from. Tapping the panel itself no longer closes it, which it used to do anywhere you touched that was not a button.","Das Benachrichtigungsfeld und der Home-Switcher werden per Drag-and-Drop nicht geöffnet, sondern folgen Ihrem Finger und legen fest, wo Sie ihn loslassen. Sie schließen auf die gleiche Weise: Schieben Sie sie zurück in Richtung der Kante, von der sie gekommen sind. Durch Antippen des Bedienfelds selbst wird es nicht mehr geschlossen, was früher überall dort der Fall war, wo Sie berührten und keine Schaltfläche waren.",
cr_whats_new_1_0_1,12,"A horizontal row inside a page — a mode selector, a swipe row, a swiping stack — no longer hands the rest of the gesture to the page once it reaches its end. Picking the first or last item in such a row used to flip the whole page instead.","Eine horizontale Reihe innerhalb einer Seite – eine Modusauswahl, eine Wischreihe, ein Wischstapel – übergibt den Rest der Geste nicht mehr an die Seite, sobald sie ihr Ende erreicht hat. Durch Auswählen des ersten oder letzten Elements in einer solchen Zeile wurde stattdessen die gesamte Seite umgeblättert.",
cr_whats_new_1_0_1,13,"Dialogs with tabs show how many there are and which one you are on, and a sideways swipe anywhere on the dialog changes tab. The swipe used to be written off as a scroll whenever it set off with the slight downward arc a thumb naturally makes, which made it feel like it worked only sometimes.","In Dialogen mit Registerkarten wird angezeigt, wie viele davon vorhanden sind und in welcher Registerkarte Sie sich befinden. Durch seitliches Wischen an einer beliebigen Stelle im Dialog wird die Registerkarte geändert. Früher wurde das Wischen immer dann als Scrollen abgeschrieben, wenn es mit dem leichten Abwärtsbogen begann, den ein Daumen natürlich macht, was den Eindruck erweckte, dass es nur manchmal funktionierte.",
cr_whats_new_1_0_1,14,"Demo mode no longer talks to the network. Twenty-six requests — the whole HKI 7 Cloud surface plus the event timeline, camera snapshots and vacuum maps — were still being attempted against a server that does not exist, and one of them retried every three seconds for the entire session, filling the connection log with failures. Restarting Home Assistant in the demo is now simulated in a few seconds rather than showing ""restarting"" for two minutes and giving up.","Der Demomodus kommuniziert nicht mehr mit dem Netzwerk. Sechsundzwanzig Anfragen – die gesamte HKI 7 Cloud-Oberfläche plus die Ereigniszeitleiste, Kamera-Schnappschüsse und Vakuumkarten – wurden immer noch an einen Server gerichtet, der nicht existiert, und eine davon wurde während der gesamten Sitzung alle drei Sekunden erneut versucht, wodurch das Verbindungsprotokoll mit Fehlern gefüllt wurde. Der Neustart von Home Assistant in der Demo wird jetzt in wenigen Sekunden simuliert, anstatt zwei Minuten lang „Neustart“ anzuzeigen und aufzugeben.","don't translate HKI 7 Cloud, Home Assistant"
cr_whats_new_1_0_0,1,"New Events tab in the notification drawer: a timeline of what your home has actually been doing. The front door opening, a light going off, someone arriving home — each with the time and, where Home Assistant knows, who did it. An admin picks which entities appear under Settings › Family Sharing › Events, once for the whole family rather than on every phone. It reads Home Assistant's own logbook rather than recording anything on the device, so it still shows what happened overnight while the app was closed, and it opens on the last 3 hours — a timeline answers what just happened — with 6h to 72h a tap away. Events never touch the notification bell's unread count: a timeline of doors opening would leave that badge permanently lit and mean nothing. Requires HKI 7 Cloud 0.9.0.*","Registerkarte „Neue Ereignisse“ in der Benachrichtigungsleiste: eine Zeitleiste darüber, was Ihr Zuhause tatsächlich getan hat. Die Haustür öffnet sich, ein Licht geht aus, jemand kommt nach Hause – jeder mit der Uhrzeit und, wo Home Assistant weiß, wer es getan hat. Ein Administrator wählt aus, welche Entitäten unter Einstellungen › Familienfreigabe › Ereignisse angezeigt werden, und zwar einmal für die ganze Familie und nicht auf jedem Telefon. Es liest das eigene Logbuch von Home Assistant, anstatt etwas auf dem Gerät aufzuzeichnen. Es zeigt also immer noch an, was über Nacht passiert ist, während die App geschlossen war, und es werden die letzten drei Stunden geöffnet – eine Zeitleiste gibt Auskunft darüber, was gerade passiert ist – 6 bis 72 Stunden sind nur einen Fingertipp entfernt. Ereignisse berühren nie den ungelesenen Zählerstand der Benachrichtigungsglocke: Eine Zeitleiste der Türöffnungen würde dazu führen, dass dieser Ausweis dauerhaft leuchtet und keine Bedeutung hat. Erfordert HKI 7 Cloud 0.9.0.*","don't translate HKI 7 Cloud, Home Assistant"
cr_whats_new_1_0_0,2,"An admin can take parts of the timeline away from individual family members — a whole domain, or named entities — from the same Events tab. Everyone sees the full timeline unless something is taken out for them, so adding a person to the family does not mean building their timeline from scratch. The filtering happens in the HKI 7 Cloud component rather than in the app, so a restricted device is never even told which entities it is being kept away from. As with hidden views and rooms, this hides the timeline rather than the entities: Home Assistant has no per-entity read permission for non-admin accounts, so anyone signed in can still read those entities through Home Assistant itself.*","Ein Administrator kann Teile der Zeitleiste von einzelnen Familienmitgliedern – einer ganzen Domäne oder benannten Entitäten – über dieselbe Registerkarte „Ereignisse“ wegnehmen. Jeder sieht die vollständige Zeitleiste, es sei denn, es wird etwas für ihn herausgenommen. Das Hinzufügen einer Person zur Familie bedeutet also nicht, dass die Zeitleiste von Grund auf neu erstellt werden muss. Die Filterung erfolgt in der HKI 7 Cloud-Komponente und nicht in der App, sodass einem eingeschränkten Gerät nie mitgeteilt wird, von welchen Entitäten es ferngehalten wird. Wie bei ausgeblendeten Ansichten und Räumen wird hierdurch die Zeitleiste und nicht die Entitäten ausgeblendet: Home Assistant hat keine Leseberechtigung pro Entität für Nicht-Administratorkonten, sodass jeder, der angemeldet ist, diese Entitäten weiterhin über Home Assistant selbst lesen kann.*","don't translate HKI 7 Cloud, Home Assistant"
cr_whats_new_1_0_0,3,"The event roster takes whole domains as well as named entities, so ""every lock"" is one choice rather than eleven. Domains are resolved fresh each time the timeline opens, so a lock added next month joins on its own instead of the roster meaning whatever existed the day it was set. The editor shows what each domain currently covers, since one domain can be hundreds of entities. Requires HKI 7 Cloud 0.10.0.*","Die Veranstaltungsliste umfasst sowohl ganze Domänen als auch benannte Entitäten, sodass „jede Sperre“ eine Auswahl statt elf ist. Domänen werden jedes Mal, wenn die Zeitleiste geöffnet wird, neu aufgelöst, sodass eine im nächsten Monat hinzugefügte Sperre von selbst beitritt und nicht dem Dienstplan, d. h. dem, was auch immer am Tag ihrer Festlegung existierte. Der Editor zeigt, was jede Domäne derzeit abdeckt, da eine Domäne Hunderte von Entitäten umfassen kann. Erfordert HKI 7 Cloud 0.10.0.*",don't translate HKI 7 Cloud
cr_whats_new_1_0_0,4,"Events are labelled and filterable by what kind of thing they happened to — Doors, Windows, Motion, Lights, Locks. The filter row is built from what your timeline actually contains, so you are never offered a filter that can only come back empty. Days stay as the list headings: a timeline that reorders itself by category stops being a timeline.","Ereignisse werden nach dem Ereignis, dem sie zugestoßen sind, beschriftet und können gefiltert werden – Türen, Fenster, Bewegung, Lichter, Schlösser. Die Filterzeile basiert auf dem, was Ihre Zeitleiste tatsächlich enthält, sodass Ihnen niemals ein Filter angeboten wird, der nur leer zurückkommen kann. Die Tage bleiben als Listenüberschriften erhalten: Eine Zeitleiste, die sich selbst nach Kategorien neu ordnet, ist keine Zeitleiste mehr.",
cr_whats_new_1_0_0,5,"Weather artwork now animates in the daily forecast, the hourly strip and the header pill, not only on the hero card. Animation was previously switched off below a fixed size, which caught all three.","Wettergrafiken werden jetzt in der Tagesvorhersage, im Stundenstreifen und in der Kopfzeile animiert, nicht nur auf der Heldenkarte. Die Animation wurde zuvor unterhalb einer festen Größe ausgeschaltet, was alle drei erfasste.",
cr_whats_new_1_0_0,6,"Where weather artwork animates is now four separate switches — header pill, weather dialog, forecast strips, weather widget — instead of riding on the entity icon animation setting. The forecast strips animate a dozen icons side by side and are the only ones that ever cost anything noticeable, so turning those off need not mean losing the single small icon in the header pill. All four are on by default, and appear both in Settings › Appearance › Icons and in the header pill's own settings.","Wo Wettergrafiken animiert werden, gibt es jetzt vier separate Schalter – Kopfzeile, Wetterdialog, Vorhersagestreifen, Wetter-Widget – anstatt sich auf die Animationseinstellung des Entitätssymbols zu verlassen. Die Prognosestreifen animieren ein Dutzend Symbole nebeneinander und sind die einzigen, die jemals spürbare Kosten verursachen. Das Ausschalten dieser Streifen bedeutet also nicht unbedingt, dass das einzelne kleine Symbol in der Kopfzeile verloren geht. Alle vier sind standardmäßig aktiviert und werden sowohl in den Einstellungen › Darstellung › Symbole als auch in den eigenen Einstellungen der Kopfzeile angezeigt.",
cr_whats_new_1_0_0,7,"The 6h/12h/24h/48h/72h range selector is centred rather than left-aligned everywhere it appears, and gains a 3h option.","Der 6-Stunden-/12-Stunden-/24-Stunden-/48-Stunden-/72-Stunden-Bereichswähler ist überall dort, wo er angezeigt wird, zentriert und nicht linksbündig ausgerichtet und verfügt über eine 3-Stunden-Option.",
cr_whats_new_1_0_0,8,"New Connection log at the bottom of Settings › Connection: what the app's connection has actually been doing — connection attempts, reconnects, sync and subscriptions — with buttons to copy or clear it. All of this was already being recorded; nothing displayed it. It holds the last 300 lines and starts empty each launch.","Neues Verbindungsprotokoll unten in den Einstellungen › Verbindung: Was die Verbindung der App tatsächlich getan hat – Verbindungsversuche, erneute Verbindungen, Synchronisierung und Abonnements – mit Schaltflächen zum Kopieren oder Löschen. All dies wurde bereits aufgezeichnet; nichts hat es angezeigt. Es enthält die letzten 300 Zeilen und startet bei jedem Start leer.",
cr_whats_new_1_0_0,9,"A button stack's layout options are now named the same as a single button's. The same shape was called Tile on a button and Compact on a stack, which made them look like different features.","Die Layoutoptionen eines Schaltflächenstapels werden jetzt genauso benannt wie die einer einzelnen Schaltfläche. Die gleiche Form wurde „Kachel auf Knopfdruck“ und „Kompakt auf Stapel“ genannt, wodurch sie wie unterschiedliche Merkmale aussahen.",
cr_whats_new_1_0_0,10,"New Centered button layout beside Standard, Square and Tile: a square card whose icon sits in the middle of the space above the text, with the name and state centred beneath it. The icon is pushed upward rather than crowded as the text grows. A grid of these reads as a keypad, which is what makes a remote control possible.","Neues zentriertes Schaltflächenlayout neben „Standard“, „Quadrat“ und „Kachel“: eine quadratische Karte, deren Symbol in der Mitte des Raums über dem Text sitzt und der Name und das Bundesland darunter zentriert sind. Das Symbol wird mit zunehmendem Text nach oben verschoben und nicht überfüllt. Ein Raster davon fungiert als Tastenfeld, was eine Fernbedienung ermöglicht.",
cr_whats_new_1_0_0,11,"A button's icon, name and state are each shown or hidden on their own, under a new Elements section in its settings. The old Icon only switch is gone — hiding both the name and state is what it did, and these also let you keep one of them. Existing icon-only buttons keep working.","Das Symbol, der Name und der Status einer Schaltfläche werden jeweils einzeln in einem neuen Abschnitt „Elemente“ in den Einstellungen angezeigt oder ausgeblendet. Der alte Schalter „Nur Symbole“ ist weg – er hat sowohl den Namen als auch den Status ausgeblendet, und Sie können damit auch einen davon behalten. Vorhandene Nur-Symbol-Schaltflächen funktionieren weiterhin.",
cr_whats_new_1_0_0,12,"A button stack carries the same three switches for all of its children, so a stack of twenty buttons need not be set twenty times. Turning one off on the stack hides it on every button; leaving it on lets each button decide.","Ein Tastenstapel verfügt über dieselben drei Schalter für alle seine untergeordneten Elemente, sodass ein Stapel mit zwanzig Tasten nicht zwanzig Mal eingestellt werden muss. Wenn Sie einen auf dem Stapel ausschalten, wird er auf jeder Schaltfläche ausgeblendet. Wenn Sie es eingeschaltet lassen, kann jeder Knopf entscheiden.",
cr_whats_new_1_0_0,13,"Fixed the button stack settings dialog stopping about two thirds of the way down with empty space below it, leaving the rest unreachable on a tall phone or a tablet.","Problem behoben, bei dem das Dialogfeld „Einstellungen für den Tastenstapel“ nach etwa zwei Dritteln der Leertaste stehen blieb und sich darunter ein leerer Bereich befand, so dass der Rest auf einem großen Telefon oder Tablet nicht erreichbar war.",
cr_whats_new_1_0_0,14,"Navigation bar, media players and popups moved from Settings › Appearance to Settings › Dashboard, below the dashboards themselves. They are parts of what the dashboard is made of rather than how it is styled.","Navigationsleiste, Mediaplayer und Popups wurden von „Einstellungen“ > „Darstellung“ nach „Einstellungen“ > „Dashboard“ verschoben, unterhalb der Dashboards selbst. Sie sind eher Teil dessen, woraus das Armaturenbrett besteht, als dessen Stil.",
cr_whats_new_1_0_0,15,"Settings › Connection ends with the connection log, and Restart Home Assistant now sits below it rather than above — it is the most disruptive thing on the screen and the least often wanted.","Einstellungen › Die Verbindung endet mit dem Verbindungsprotokoll, und der Restart Home Assistant befindet sich jetzt darunter und nicht darüber – es ist das störendste Element auf dem Bildschirm und wird am seltensten benötigt.",don't translate Home Assistant
cr_whats_new_1_0_0,16,"The Events tab gives an admin a button straight to Settings › Family Sharing › Events when nothing is being tracked yet, instead of only naming where to go.","Über die Registerkarte „Ereignisse“ erhält der Administrator eine Schaltfläche, die direkt zu „Einstellungen“ > „Familienfreigabe“ > „Ereignisse“ führt, wenn noch nichts erfasst wird, anstatt nur anzugeben, wohin er gehen soll.",
cr_whats_new_1_0_0,17,"Entity and domain pickers list what is already selected first, so undoing a choice does not mean hunting for it alphabetically. The order is fixed when the picker opens, so ticking something does not make it jump away from your finger.","Die Entitäts- und Domänenauswahl listet zuerst auf, was bereits ausgewählt wurde. Das Rückgängigmachen einer Auswahl bedeutet also nicht, alphabetisch danach zu suchen. Die Reihenfolge ist beim Öffnen des Pickers festgelegt, so dass das Ankreuzen nicht dazu führt, dass es Ihnen vom Finger wegspringt.",
cr_whats_new_1_0_0,18,"A button stack's heading now has explicit Show name and Show icon switches, plus an option to centre them. Clearing the text field used to be the only way to get a stack with no heading, which hid that it was possible and meant losing the name to hide it.","Die Überschrift eines Schaltflächenstapels verfügt jetzt über explizite Schalter „Name anzeigen“ und „Symbol anzeigen“ sowie eine Option zum Zentrieren dieser Schalter. Früher war das Löschen des Textfelds die einzige Möglichkeit, einen Stapel ohne Überschrift zu erhalten, was verschwieg, dass dies möglich war, und bedeutete, dass der Name verloren gehen musste, um ihn zu verbergen.",
cr_whats_new_beta_18,1,"An admin can now change who a published family dashboard is shared with, instead of only being able to choose at the moment of publishing. Settings › Family Sharing › Dashboards lists who each published dashboard reaches, with a Manage access button to add or remove people. Until now the only way to take a dashboard away from one person was to delete it for everybody.*","Ein Administrator kann jetzt ändern, mit wem ein veröffentlichtes Familien-Dashboard geteilt wird, anstatt nur zum Zeitpunkt der Veröffentlichung auswählen zu können. Einstellungen › Familienfreigabe › Dashboards listet auf, wen jedes veröffentlichte Dashboard erreicht, mit einer Schaltfläche „Zugriff verwalten“, um Personen hinzuzufügen oder zu entfernen. Bisher bestand die einzige Möglichkeit, einer Person ein Dashboard zu entziehen, darin, es für alle zu löschen.*",
cr_whats_new_beta_18,2,"Losing access to a family dashboard now clears what was layered on top of it. The dashboard itself was already removed, but the rooms, widgets, pages, nav bar, header pill and theme it left behind on the device stayed — so the next dashboard an admin shared arrived on top of the previous one's leftovers and looked like it had failed to import in full. Everything that belonged to the revoked dashboard is now removed with it. Home Assistant connections, profiles and notification settings are untouched: losing a dashboard is not being signed out.*","Wenn Sie den Zugriff auf ein Familien-Dashboard verlieren, wird jetzt gelöscht, was darüber geschichtet war. Das Dashboard selbst wurde bereits entfernt, aber die Räume, Widgets, Seiten, die Navigationsleiste, die Kopfzeile und das Thema, die es auf dem Gerät zurückließ, blieben bestehen – sodass das nächste Dashboard, das ein Administrator freigegeben hatte, über den Resten des vorherigen ankam und aussah, als wäre es nicht vollständig importiert worden. Alles, was zum widerrufenen Dashboard gehörte, wird nun damit entfernt. Home Assistant-Verbindungen, Profile und Benachrichtigungseinstellungen bleiben unberührt: Der Verlust eines Dashboards bedeutet nicht, dass Sie abgemeldet werden.*",don't translate Home Assistant
cr_whats_new_beta_18,3,"New Devices tab under Settings › Family Sharing, showing which HKI version each family device is running and flagging the ones older than yours, with the Home Assistant account, device name, Android version and when it last reported. Each install records this through the HKI 7 Cloud component over the connection the app already uses, so every signed-in device is covered — including one with Location and Notifications both switched off — and nothing is added to Home Assistant's entity list. A device can only ever report itself. An admin can forget a phone that has been replaced; one still in use reappears the next time its app opens. Requires HKI 7 Cloud 0.7.0.*","Registerkarte „Neue Geräte“ unter „Einstellungen“ > „Familienfreigabe“, auf der angezeigt wird, welche HKI-Version jedes Familiengerät ausführt, und die älteren Geräte als Ihres gekennzeichnet werden, mit dem Home Assistant-Konto, dem Gerätenamen, der Android-Version und dem Zeitpunkt der letzten Meldung. Bei jeder Installation wird dies über die HKI 7 Cloud-Komponente über die Verbindung aufgezeichnet, die die App bereits verwendet, sodass jedes angemeldete Gerät abgedeckt ist – einschließlich eines Geräts, bei dem Standort und Benachrichtigungen beide ausgeschaltet sind – und der Entitätsliste von Home Assistant nichts hinzugefügt wird. Ein Gerät kann immer nur sich selbst melden. Ein Administrator kann ein ausgetauschtes Telefon vergessen; Eine noch verwendete Datei wird beim nächsten Öffnen der App wieder angezeigt. Erfordert HKI 7 Cloud 0.7.0.*","don't translate HKI 7 Cloud, Home Assistant"
cr_whats_new_beta_18,4,"An admin can now require the family to update. ""Require everyone to be on this version"" in the Devices tab sets a household minimum; anyone below it gets a full-screen prompt on their next launch instead of the dashboard, with Google Play's in-app update doing the install. There is also a per-device ""Ask to update"" for when one phone is behind rather than everyone, which clears itself once that device updates. No app can install a newer version of itself, so Play does the actual work — which also means the prompt can only insist when Play genuinely has the update ready. When it does not, the prompt explains why and lets you past for that session, rather than locking someone out of their own locks and alarms over an update they cannot get. You can only require a version some family device already runs. Requires HKI 7 Cloud 0.8.0.*","Ein Administrator kann nun verlangen, dass die Familie aktualisiert wird. „Diese Version muss für alle erforderlich sein“ auf der Registerkarte „Geräte“ legt einen Mindestwert für den Haushalt fest; Jeder, der sich darunter befindet, erhält beim nächsten Start eine Eingabeaufforderung im Vollbildmodus anstelle des Dashboards, wobei das In-App-Update von Google Play die Installation durchführt. Es gibt auch eine gerätespezifische „Nach Aktualisierung fragen“, wenn ein Telefon im Rückstand ist und nicht alle, die sich selbst löscht, sobald das Gerät aktualisiert wird. Keine App kann eine neuere Version von sich selbst installieren, daher übernimmt Play die eigentliche Arbeit – was auch bedeutet, dass die Eingabeaufforderung nur dann bestehen kann, wenn Play das Update tatsächlich bereit hat. Wenn dies nicht der Fall ist, erklärt die Eingabeaufforderung den Grund dafür und ermöglicht Ihnen die Teilnahme an dieser Sitzung, anstatt jemanden wegen eines Updates, das er nicht erhalten kann, aus seinen eigenen Sperren und Alarmen auszuschließen. Sie können nur eine Version anfordern, die auf einem Familiengerät bereits ausgeführt wird. Erfordert HKI 7 Cloud 0.8.0.*",don't translate HKI 7 Cloud
cr_whats_new_beta_18,5,"Each Family Sharing tab now says for itself when it needs a newer HKI 7 Cloud than the one installed, instead of that only appearing in the summary at the top of the screen. Parental controls, Permissions, Presence and Devices each carry the version they need, so it is clear before you configure a tab whose settings the installed component cannot store yet.","Auf jeder Registerkarte „Familienfreigabe“ wird jetzt selbst angezeigt, wann eine neuere HKI 7 Cloud als die installierte benötigt wird, anstatt dass dies nur in der Zusammenfassung oben auf dem Bildschirm angezeigt wird. Kindersicherung, Berechtigungen, Anwesenheit und Geräte tragen jeweils die Version, die sie benötigen, sodass vor der Konfiguration einer Registerkarte klar ist, welche Einstellungen die installierte Komponente noch nicht speichern kann.",don't translate HKI 7 Cloud
cr_whats_new_beta_17,1,"Fixed a crash that could take the whole app down during the very first connection attempt after opening it, which read as ""the app won't even open"". The setup that runs on every launch had no error handling of its own, so a failure there — usually an expired session being refreshed on a flaky network — escaped as an unhandled error instead of surfacing as a connection error you could retry. As a backstop, an unexpected error on a background task can no longer terminate the app at all.","Es wurde ein Absturz behoben, der dazu führen konnte, dass die gesamte App beim allerersten Verbindungsversuch nach dem Öffnen heruntergefahren wurde, was mit „Die App lässt sich nicht einmal öffnen“ angezeigt wurde. Das Setup, das bei jedem Start ausgeführt wird, hatte keine eigene Fehlerbehandlung, sodass ein Fehler dort – normalerweise eine abgelaufene Sitzung, die in einem instabilen Netzwerk aktualisiert wurde – als nicht behandelter Fehler maskiert wurde, anstatt als Verbindungsfehler aufzutauchen, den Sie erneut versuchen konnten. Als Backstop kann ein unerwarteter Fehler bei einer Hintergrundaufgabe die App überhaupt nicht mehr beenden.",
cr_whats_new_beta_17,2,"The dashboard no longer rebuilds itself every time Home Assistant reports a state change. The home screen tracked the complete entity list, so a single motion sensor tripping or a power meter ticking — several times a second on a busy install — invalidated the whole screen and every widget on it, even when nothing visible had changed. It now watches only what it actually draws.","Das Dashboard erstellt sich nicht mehr jedes Mal neu, wenn Home Assistant eine Statusänderung meldet. Der Startbildschirm verfolgte die gesamte Entitätsliste, sodass das Auslösen eines einzelnen Bewegungssensors oder das Ticken eines Leistungsmessers – mehrmals pro Sekunde bei einer geschäftigen Installation – den gesamten Bildschirm und jedes darauf befindliche Widget ungültig machte, selbst wenn sich nichts Sichtbares geändert hatte. Es beobachtet jetzt nur noch das, was es tatsächlich zeichnet.",don't translate Home Assistant
cr_whats_new_beta_17,3,"Entity icon animations no longer redo layout work on every frame they animate. The spin, pulse and glow effects re-ran the surrounding widget's composition on each animation frame instead of just redrawing the icon, so any dashboard with an active light, an open door or a recording camera paid that cost continuously. The animations look exactly the same.","Animationen von Entitätssymbolen wiederholen die Layoutarbeit nicht mehr für jeden Frame, den sie animieren. Durch die Dreh-, Puls- und Leuchteffekte wurde die Zusammensetzung des umgebenden Widgets in jedem Animationsbild erneut ausgeführt, anstatt nur das Symbol neu zu zeichnen. Daher zahlte jedes Armaturenbrett mit aktivem Licht, offener Tür oder Aufnahmekamera diese Kosten kontinuierlich. Die Animationen sehen genau gleich aus.",
cr_whats_new_beta_17,4,"Fixed the app becoming unresponsive — and eventually killed by Android — when opening the history of a busy entity, such as a motion sensor that logs thousands of state changes a day. Matching each history entry to its actor re-scanned and re-parsed the entire logbook's timestamps from scratch for every single entry, work that scaled with history size squared; a quiet entity never noticed, but a busy one could peg the CPU for ten seconds straight. The logbook is now parsed once instead of once per entry, and the whole fetch runs off the main thread.","Problem behoben, bei dem die App nicht mehr reagierte – und schließlich von Android abgebrochen wurde –, wenn der Verlauf einer ausgelasteten Entität geöffnet wurde, beispielsweise eines Bewegungssensors, der täglich Tausende von Zustandsänderungen protokolliert. Durch die Zuordnung jedes Verlaufseintrags zu seinem Akteur wurden die Zeitstempel des gesamten Logbuchs für jeden einzelnen Eintrag von Grund auf neu gescannt und analysiert. Diese Arbeit skalierte mit der Verlaufsgröße im Quadrat. Ein ruhiges Wesen bemerkte es nie, aber ein beschäftigtes Wesen konnte die CPU zehn Sekunden lang blockieren. Das Logbuch wird jetzt einmal statt einmal pro Eintrag geparst, und der gesamte Abruf läuft vom Hauptthread ab.",
cr_whats_new_beta_17,5,"Hardened how the app reads attributes Home Assistant sends for an entity: a value present but shaped unexpectedly (an object or array where a plain number or piece of text was expected) used to throw and crash whatever screen read it, instead of just being treated as missing.","Es wurde verschärft, wie die App Attribute liest, die Home Assistant für eine Entität sendet: ein Wert, der vorhanden, aber unerwartet geformt ist (ein Objekt oder Array, bei dem eine einfache Zahl oder ein Textstück erwartet wurde), der dazu verwendet wird, den Bildschirm auszulösen und zum Absturz zu bringen, egal auf welchem Bildschirm er gelesen wurde, anstatt einfach als fehlend behandelt zu werden.",don't translate Home Assistant
cr_whats_new_beta_17,6,"Fixed ""Push to family dashboard"" reporting a dashboard as already up to date no matter what had changed. A dashboard re-imported after a reinstall is stored locally under a different id than the one the cloud copy is published under, and the push check was still looking up the local export by the cloud id, finding nothing, and silently skipping that dashboard on every push.","Problem behoben, bei dem „Push to Family Dashboard“ ein Dashboard als bereits aktuell meldete, unabhängig davon, was sich geändert hatte. Ein nach einer Neuinstallation erneut importiertes Dashboard wird lokal unter einer anderen ID gespeichert als der, unter der die Cloud-Kopie veröffentlicht wird, und die Push-Prüfung suchte immer noch nach dem lokalen Export anhand der Cloud-ID, fand nichts und übersprang dieses Dashboard bei jedem Push stillschweigend.",
cr_whats_new_beta_15,1,"The Formula 1 widget gains two new tabs and expands two existing ones. Calendar lists the season's races in order, with each circuit and the host country's flag. Grid shows the starting grid, with each driver's move up or down from where they qualified. Standings can now show a championship prediction alongside the points table — current and predicted final points, for drivers or constructors — when F1 Sensor's optional F1TV Auth is set up. Live gains a proper timing list: gap to the leader, interval to the car ahead, tyre compound and stint length, and pit/retired status for every driver, plus which lap the leader is on.","Das Formel-1-Widget erhält zwei neue Tabs und erweitert zwei bestehende. Der Kalender listet die Rennen der Saison in der Reihenfolge auf, mit jeder Rennstrecke und der Flagge des Gastgeberlandes. Das Raster zeigt die Startaufstellung mit der Position jedes Fahrers nach oben oder unten, ausgehend von der Position, an der er sich qualifiziert hat. In der Rangliste kann jetzt neben der Punktetabelle eine Meisterschaftsvorhersage angezeigt werden – aktuelle und vorhergesagte Endpunkte für Fahrer oder Konstrukteure – wenn die optionale F1TV-Auth-Funktion von F1 Sensor eingerichtet ist. Live erhält eine korrekte Zeitliste: Abstand zum Führenden, Abstand zum vorausfahrenden Auto, Reifenmischung und Stintlänge sowie Boxen-/Ausfallstatus für jeden Fahrer sowie die Runde, in der sich der Führende befindet.",
cr_whats_new_beta_15,2,"Fixed shared family dashboards failing to update at all once the owner added a widget type introduced in a newer app version, such as the To-Do List or Formula 1 widgets. A single unrecognized widget used to fail the whole dashboard, so a family member on an older build stopped receiving any of that dashboard's changes instead of just missing the new widget. Unrecognized widgets are now skipped individually, so the rest of a shared dashboard keeps working across app versions.","Behoben: Gemeinsame Familien-Dashboards konnten überhaupt nicht aktualisiert werden, wenn der Besitzer einen Widget-Typ hinzufügte, der in einer neueren App-Version eingeführt wurde, z. B. die To-Do-Liste oder Formel-1-Widgets. Ein einzelnes, nicht erkanntes Widget führte früher dazu, dass das gesamte Dashboard ausfiel, sodass ein Familienmitglied in einem älteren Build keine Änderungen dieses Dashboards mehr erhielt, anstatt nur das neue Widget zu verpassen. Nicht erkannte Widgets werden jetzt einzeln übersprungen, sodass der Rest eines freigegebenen Dashboards weiterhin über App-Versionen hinweg funktioniert.",
cr_whats_new_beta_15,3,"The To-Do widget's square card can now feature one whole list instead of items individually flagged high priority. A new Hero list picker in the widget's General tab — shown once it has at least one tab — chooses which list's open items appear on the card, labelled with that list's name, so what you see at a glance is a specific list like Chores rather than a scattered mix pulled from every tab. Deleting a tab that's currently the hero list clears the setting automatically.","Die quadratische Karte des To-Do-Widgets kann jetzt eine ganze Liste anstelle von Elementen enthalten, die einzeln mit hoher Priorität gekennzeichnet sind. Eine neue Heldenlistenauswahl auf der Registerkarte „Allgemein“ des Widgets – die angezeigt wird, sobald mindestens eine Registerkarte vorhanden ist – wählt aus, welche offenen Elemente der Liste auf der Karte angezeigt werden und ist mit dem Namen dieser Liste beschriftet. Sie sehen also auf einen Blick eine bestimmte Liste wie „Aufgaben“ und nicht eine verstreute Mischung, die aus jeder Registerkarte gezogen wird. Durch das Löschen eines Tabs, der derzeit die Heldenliste ist, wird die Einstellung automatisch gelöscht.",
cr_whats_new_beta_15,4,"Fixed the app crashing whenever it needed to reconnect to Home Assistant or the connection failed. The in-app push-notification channel ran its subscription in a way that let a dropped connection's error skip past the surrounding error handling entirely and crash the app outright. A separate mismatch also meant every single reconnect immediately tore the whole sync stack down and rebuilt it a second time, racing its own freshly made connection. Both are fixed.","Das Problem, dass die App immer dann abstürzte, wenn eine erneute Verbindung zum Home Assistant erforderlich war oder die Verbindung fehlschlug, wurde behoben. Der In-App-Push-Benachrichtigungskanal führte sein Abonnement so aus, dass der Fehler einer unterbrochenen Verbindung die umgebende Fehlerbehandlung vollständig überging und die App vollständig zum Absturz brachte. Eine separate Nichtübereinstimmung führte auch dazu, dass bei jeder einzelnen erneuten Verbindung sofort der gesamte Synchronisierungsstapel zerstört und ein zweites Mal neu aufgebaut wurde, wobei die eigene, frisch hergestellte Verbindung durcheinander kam. Beides ist behoben.",don't translate Home Assistant
cr_whats_new_beta_14,1,"Settings › Family Sharing now shows which HKI 7 Cloud version is installed, and — if it's behind — exactly which family features that leaves unavailable, each labelled with the version that unlocks it. Previously the only way to find out a component was out of date was to hit a save that silently dropped part of what you configured.*","Einstellungen › Familienfreigabe zeigt jetzt an, welche HKI 7 Cloud-Version installiert ist und, falls sie dahintersteckt, genau, welche Familienfunktionen nicht verfügbar sind, jeweils gekennzeichnet mit der Version, die sie freischaltet. Bisher konnte man nur herausfinden, ob eine Komponente veraltet ist, indem man einen Speichervorgang ausführte, der stillschweigend einen Teil der von Ihnen konfigurierten Komponenten löschte.*",don't translate HKI 7 Cloud
cr_whats_new_beta_14,2,"New To-Do List widget: a shared checklist or shopping list the whole family can add to. Items support an optional quantity, category, priority (low, normal or high, shown as a flag) and due date, with Added by and Checked by attribution when more than one person edits the list. Choose Manual, A–Z, Priority, or Newest-first ordering, and filter between To do, All, and Done from the dialog. Editing can be limited to everyone, specific family members picked from the real Home Assistant user list, or admins only, enforced the same way the rest of the app's family permissions are. It follows the same design as every other widget, with the usual General, Permissions, Appearance and Visibility settings tabs.","Neues To-Do-Listen-Widget: eine gemeinsame Checkliste oder Einkaufsliste, die die ganze Familie ergänzen kann. Elemente unterstützen eine optionale Menge, Kategorie, Priorität (niedrig, normal oder hoch, angezeigt als Markierung) und ein Fälligkeitsdatum mit der Zuordnung „Hinzugefügt von“ und „Geprüft von“, wenn mehr als eine Person die Liste bearbeitet. Wählen Sie „Manuell“, „A–Z“, „Priorität“ oder „Neueste zuerst“-Reihenfolge und filtern Sie im Dialogfeld zwischen „Zu erledigen“, „Alle“ und „Fertig“. Die Bearbeitung kann auf alle Personen, auf bestimmte Familienmitglieder, die aus der echten Home Assistant-Benutzerliste ausgewählt werden, oder nur auf Administratoren beschränkt werden. Die Bearbeitung erfolgt auf die gleiche Weise wie die übrigen Familienberechtigungen der App. Es folgt dem gleichen Design wie jedes andere Widget, mit den üblichen Registerkarten „Allgemein“, „Berechtigungen“, „Darstellung“ und „Sichtbarkeit“.",don't translate Home Assistant
cr_whats_new_beta_14,3,"Room following can now be set to only place someone in the right room when the app starts, without tracking them for the rest of the session. The existing Ask before switching rooms switch only chose between asking and switching silently; there was no way to get the one-time placement without the app continuing to follow every move afterward. A new Keep following while the app is open switch under each person's room-following settings turns that continued tracking off on its own, leaving Open their room when the app starts to do the one placement it always did.*","Die Raumverfolgung kann jetzt so eingestellt werden, dass jemand beim Start der App nur im richtigen Raum platziert wird, ohne ihn für den Rest der Sitzung zu verfolgen. Der bestehende Schalter „Vor Zimmerwechsel fragen“ wählte nur zwischen Fragen und stillem Wechseln; Es gab keine Möglichkeit, die einmalige Platzierung zu erreichen, ohne dass die App danach weiterhin jede Bewegung verfolgte. Durch einen neuen Schalter „Folge beibehalten, während die App geöffnet ist“ unter den Raumverfolgungseinstellungen jeder Person wird die fortlaufende Verfolgung von selbst deaktiviert, sodass „Öffnen Sie ihren Raum, wenn die App beginnt“ die eine Platzierung vornimmt, die sie immer durchgeführt hat.*",
cr_whats_new_beta_14,4,"New Formula 1 widget, for the F1 Sensor integration. The card shows the next race with a countdown and the circuit outline; opening it gives four tabs — Next race with the full session schedule and trackside weather, Standings for drivers and constructors, Results for the last grand prix with places gained or lost, and a Live tab that appears only while a session is running, showing the flag and race control messages. It finds its sensors on its own: F1 Sensor lets you rename its entities and pick a language, so the widget matches on the integration's stable internal keys rather than entity ids.","Neues Formel-1-Widget für die Integration F1 Sensor. Die Karte zeigt das nächste Rennen mit Countdown und Streckenumriss; geöffnet gibt es vier Tabs — Nächstes Rennen mit vollem Sessionplan und Wetter an der Strecke, Wertung für Fahrer und Konstrukteure, Ergebnisse des letzten Grand Prix samt gewonnenen oder verlorenen Plätzen, und ein Live-Tab, das nur während einer Session erscheint und Flagge sowie Race-Control-Meldungen zeigt. Die Sensoren findet es selbst: F1 Sensor erlaubt umbenannte Entitäten und eine eigene Sprache, deshalb sucht das Widget über die stabilen internen Schlüssel der Integration statt über Entitäts-IDs.",
cr_whats_new_beta_14,5,"New Find my devices widget: a map of your phones, watches, tags and trackers. Add any device_tracker or person entity; the ones reporting GPS appear as pins on the map, the rest are still listed with their state. Tick as many as you like to show them together, or leave nothing ticked to see everything. Three filters narrow the list: All, Devices, and People. The card follows the same design as the other widgets, so background image, icon, width, shape and corner radius all work as you would expect.","Neues Widget „Meine Geräte finden“: eine Karte mit Telefonen, Uhren, Tags und Trackern. Füge jede device_tracker- oder person-Entität hinzu; die mit GPS erscheinen als Pin auf der Karte, die übrigen stehen mit ihrem Status in der Liste. Hake beliebig viele an, um sie gemeinsam zu zeigen, oder hake nichts an, um alles zu sehen. Drei Filter grenzen die Liste ein: Alle, Geräte und Personen. Die Karte folgt dem Design der übrigen Widgets, also funktionieren Hintergrundbild, Symbol, Breite, Form und Eckenradius wie gewohnt.",
cr_whats_new_beta_14,6,"The maps in the app no longer look like a printed atlas. HKI now uses the same muted CARTO basemap that Home Assistant's own map card uses, instead of the standard OpenStreetMap rendering, which was designed as a mapper's reference render rather than a background for an app. It also has a proper dark variant, so the map finally follows your theme instead of glowing white inside a dark dialog.","Die Karten in der App sehen nicht länger nach gedrucktem Atlas aus. HKI nutzt jetzt dieselbe zurückhaltende CARTO-Basiskarte wie die Kartenkarte von Home Assistant, statt des Standard-OpenStreetMap-Renderings, das als Referenz für Kartografen gedacht ist und nicht als Hintergrund einer App. Es gibt zudem eine echte dunkle Variante, sodass die Karte endlich dem Theme folgt, statt in einem dunklen Dialog weiß zu leuchten.",don't translate Home Assistant
cr_whats_new_beta_14,7,"Fixed room following doing nothing at all once Ask before switching rooms was turned off. That switch was being treated as a master off-switch for the whole feature, so with prompting disabled the app neither asked nor moved. It now does what it says: with prompting on you get the prompt, with it off the room simply opens. Don't ask again until I restart still stops both, since trading a prompt for a surprise jump would be worse.","Behoben, dass das Folgen zwischen Räumen gar nichts mehr tat, sobald „Vor dem Raumwechsel fragen“ aus war. Dieser Schalter wurde wie ein Hauptschalter für die ganze Funktion behandelt, also wurde ohne Nachfrage weder gefragt noch gewechselt. Jetzt tut er, was er sagt: mit Nachfrage kommt die Nachfrage, ohne sie öffnet sich der Raum einfach. „Nicht mehr fragen bis zum Neustart“ stoppt weiterhin beides, denn ein überraschender Sprung statt einer Frage wäre schlimmer.",
cr_whats_new_beta_14,8,"Fixed the waste widget's settings dialog being cut off around two thirds of the way down while empty space sat below it. The dialog reserves a tall card but its contents were capped at a fixed height, so the scroll area stopped short of the space available. Both the settings dialog and the waste dialog itself now use the full height.","Behoben, dass der Einstellungsdialog des Müll-Widgets nach etwa zwei Dritteln abgeschnitten war, während darunter leerer Platz blieb. Der Dialog reserviert eine hohe Karte, sein Inhalt war aber auf eine feste Höhe begrenzt, sodass der Scrollbereich den vorhandenen Platz nicht nutzte. Einstellungsdialog und Müll-Dialog nutzen jetzt die volle Höhe.",
cr_whats_new_beta_14,9,"The waste dialog's calendar can now look 7, 14 or 28 days ahead, and is drawn as a week grid like the calendar widget rather than a flat list: weekday columns, one row per week, and a coloured dot per collection in its fraction's colour. Tap a day to see what is collected then; it opens on the next day with a collection.","Der Kalender im Müll-Dialog kann jetzt 7, 14 oder 28 Tage vorausschauen und wird als Wochenraster wie im Kalender-Widget gezeichnet statt als flache Liste: Spalten je Wochentag, eine Zeile je Woche und ein farbiger Punkt je Abholung in der Farbe ihrer Fraktion. Tippe einen Tag an, um zu sehen, was dann abgeholt wird; er öffnet auf dem nächsten Tag mit einer Abholung.",
cr_whats_new_beta_14,10,"Parcel dialogs now say Today or Tomorrow instead of naming the weekday. The whole question a delivery date answers is how soon, and “Wednesday” on a Wednesday made you work that out yourself.","Paket-Dialoge sagen jetzt Heute oder Morgen statt den Wochentag zu nennen. Ein Lieferdatum beantwortet die Frage „wie bald“, und „Mittwoch“ an einem Mittwoch ließ dich das selbst ausrechnen.",
cr_whats_new_beta_14,11,"The +2 bubble in the header, shown when there are more people than fit, now opens. Tapping it lists everyone with their name and state, and picking someone opens their detail dialog as usual. Previously those people were simply unreachable on a narrow header.","Die „+2“-Blase im Header, die erscheint, wenn mehr Personen da sind als passen, reagiert jetzt. Ein Tippen listet alle mit Namen und Status auf; eine Person auszuwählen öffnet wie gewohnt ihren Detaildialog. Zuvor waren diese Personen bei schmalem Header schlicht nicht erreichbar.",
cr_whats_new_beta_14,12,"Fixed the map in the person dialog overflowing the dialog on a tablet or unfolded foldable. The map was drawn as a square as wide as the dialog, so on a 620dp-wide card it became 620dp tall and pushed the address off the bottom. It now takes the height left over instead.","Behoben, dass die Karte im Personendialog auf Tablets und aufgeklappten Foldables über den Dialog hinauslief. Die Karte wurde als Quadrat in Dialogbreite gezeichnet, wurde also auf einer 620dp breiten Karte 620dp hoch und schob die Adresse hinaus. Sie nutzt jetzt die verbleibende Höhe.",
cr_whats_new_beta_14,13,"Fixed notifications going undelivered while Home Assistant reported the device as not connected to local push notifications, even with the app open. The app stood aside for its background connection whenever the settings said that connection should be running — but when Android refused to start it, such as after a reboot, nothing was listening at all. The app now checks whether that connection is really running rather than whether it is meant to be, takes over when it is not, and hands the channel back the moment it does come up.","Behoben, dass Benachrichtigungen nicht ankamen, während Home Assistant das Gerät als nicht mit lokalen Push-Benachrichtigungen verbunden meldete — selbst bei geöffneter App. Die App trat für ihre Hintergrundverbindung zurück, sobald die Einstellungen sagten, dass diese laufen soll — wenn Android sie aber nicht starten ließ, etwa nach einem Neustart, hörte niemand zu. Die App prüft jetzt, ob diese Verbindung tatsächlich läuft, statt ob sie laufen soll, übernimmt andernfalls selbst und gibt den Kanal zurück, sobald die Verbindung da ist.",don't translate Home Assistant
cr_whats_new_beta_14,14,"Fixed room-following settings not taking effect on the device you changed them from. Turning following off, or changing how long a room must hold before it counts as a move, was written to the companion component but not to the device's own cached copy — so it kept following, and kept using the old dwell time, until the app was next started. Changes now apply immediately. The dwell slider also no longer offers zero seconds, which made the very first sensor reading count as a move.","Behoben, dass Einstellungen für das Raumfolgen auf dem Gerät, an dem sie geändert wurden, wirkungslos blieben. Das Folgen abzuschalten oder die Verweildauer zu ändern wurde in die Companion-Komponente geschrieben, aber nicht in die eigene zwischengespeicherte Kopie des Geräts — es folgte also weiter und benutzte weiter die alte Dauer, bis die App neu gestartet wurde. Änderungen gelten jetzt sofort. Der Regler bietet zudem keine null Sekunden mehr an, wodurch schon die allererste Sensormeldung als Wechsel zählte.",
cr_whats_new_beta_14,15,"The Formula 1 card now says one thing: the next grand prix and when it is — “Today 15:00” on the day, otherwise the date and time, in your own timezone. Track status is gone from it, because outside a session that read “Not running”, which is not what anyone glances at the card for. The status sits in the same dark pill the camera, vacuum and waste cards use, so it lines up with the rest of your dashboard again. The circuit outline stays as a faint watermark and the host country flag in the corner. The widget also no longer asks which F1 instance to use — it reads everything the integration publishes, so the dialog always has the full picture.","Die Formel-1-Karte sagt jetzt eine Sache: den nächsten Grand Prix und wann er ist — „Heute 15:00“ am Tag selbst, sonst Datum und Uhrzeit, in deiner eigenen Zeitzone. Der Streckenstatus ist verschwunden, denn außerhalb einer Session stand dort „Läuft nicht“, und dafür schaut niemand auf die Karte. Der Status sitzt in derselben dunklen Pille wie bei Kamera-, Sauger- und Müllkarten, passt also wieder zum Rest des Dashboards. Der Streckenumriss bleibt als blasses Wasserzeichen, die Flagge des Gastlands in der Ecke. Das Widget fragt auch nicht mehr, welche F1-Instanz es nehmen soll — es liest alles, was die Integration veröffentlicht, damit der Dialog immer das ganze Bild hat.",
cr_whats_new_beta_14,16,"The To-Do List dialog's undo/redo and Close buttons moved from the title row to the bottom action bar, matching every other dialog in the app.",Die Schaltflächen „Rückgängig/Wiederherstellen“ und „Schließen“ des Dialogfelds „Aufgabenliste“ wurden von der Titelzeile in die untere Aktionsleiste verschoben und entsprechen nun allen anderen Dialogfeldern in der App.,
cr_whats_new_beta_14,17,* HKI 7 Cloud Component integration required.,* HKI 7 Cloud Component-Integration erforderlich.,don't translate HKI 7 Cloud
cr_whats_new_beta_13,1,"HKI can now follow you from room to room. Point it at a room-presence sensor such as ESPresense and it opens the room you are in when the app starts, then offers to switch views when you move somewhere else. Rooms also gain a purple counter showing how many people are in them, beside the motion and presence counters. An admin sets this up for the whole family under Settings › Family Sharing › Presence: pick each person's sensor and how long a new room must hold before it counts as a move. Sensor rooms named after your Home Assistant areas are matched automatically.*","HKI kann dir jetzt von Raum zu Raum folgen. Richte es auf einen Raumsensor wie ESPresense: Beim Start öffnet die App den Raum, in dem du bist, und bietet beim Wechseln an, die Ansicht mitzunehmen. Räume erhalten außerdem einen lila Zähler für die Anzahl der anwesenden Personen, neben den Zählern für Bewegung und Anwesenheit. Ein Administrator richtet das für die ganze Familie unter Einstellungen › Familienfreigabe › Anwesenheit ein: Sensor pro Person und Wartezeit, bis ein neuer Raum als Wechsel zählt. Sensorräume, die wie deine Home-Assistant-Bereiche heißen, werden automatisch zugeordnet.*",don't translate Home Assistant
cr_whats_new_beta_13,2,"Notifications from Home Assistant can now carry action buttons. Add actions to a notify.mobile_app_… message and each one appears on the notification; tapping it sends the action back to Home Assistant, where an automation can respond. The buttons also appear on the in-app banner and in the notification drawer, because HKI hides system notifications while it is open. A URI action opens its link, a REPLY action takes a typed answer, and an action tapped while offline is delivered once the connection returns. Each notification can be actioned once.","Benachrichtigungen von Home Assistant können jetzt Aktionsschaltflächen enthalten. Werden einer notify.mobile_app_…-Nachricht actions hinzugefügt, erscheint jede davon auf der Benachrichtigung; ein Tippen sendet die Aktion an Home Assistant zurück, wo eine Automatisierung darauf reagieren kann. Die Schaltflächen erscheinen auch im Banner in der App und in der Benachrichtigungsliste, da HKI Systembenachrichtigungen ausblendet, solange die App geöffnet ist. Eine URI-Aktion öffnet ihren Link, eine REPLY-Aktion nimmt eine getippte Antwort entgegen, und eine offline getippte Aktion wird zugestellt, sobald die Verbindung zurück ist. Jede Benachrichtigung kann einmal ausgeführt werden.",don't translate Home Assistant
cr_whats_new_beta_13,3,"New Action button: a button that needs no entity at all. Give it a name, an icon, and whatever tap, hold, or double-tap action you like — navigate to a view or room, call a Home Assistant action, open a URL or a custom popup. Add one from the widget picker, from a button stack, or as an action badge in the badge area beside the header.","Neu: Aktionsschaltfläche — eine Schaltfläche ganz ohne Entität. Gib ihr Name, Symbol und eine beliebige Aktion für Tippen, Halten oder Doppeltippen: zu einer Ansicht oder einem Raum navigieren, eine Home-Assistant-Aktion aufrufen, eine URL oder ein eigenes Pop-up öffnen. Hinzufügen über die Widget-Auswahl, aus einem Schaltflächenstapel oder als Aktions-Badge im Badge-Bereich neben der Kopfzeile.",don't translate Home Assistant
cr_whats_new_beta_13,4,"Icon-only buttons can now be sized. Auto shrinks the icon as a stack gains columns, which is what makes icon-only usable in the four-, five-, and six-column custom popups where a fixed-size icon used to overflow the button. A button can also be given its own size.","Nur-Symbol-Schaltflächen lassen sich jetzt in der Größe einstellen. Automatisch verkleinert das Symbol, wenn der Stapel mehr Spalten hat — das macht Nur-Symbol in vier-, fünf- und sechsspaltigen Pop-ups nutzbar, wo ein fest großes Symbol vorher überlief. Eine Schaltfläche kann auch eine eigene Größe bekommen.",
cr_whats_new_beta_13,5,"Button stacks can push their appearance onto every button they hold: one Icon only for every button switch instead of the same switch on twenty buttons, plus an icon size they all inherit. A single button can still override the size.","Schaltflächenstapel können ihr Aussehen an alle enthaltenen Schaltflächen weitergeben: ein Schalter „Nur Symbol für alle Schaltflächen“ statt desselben Schalters auf zwanzig Schaltflächen, plus eine Symbolgröße, die alle erben. Eine einzelne Schaltfläche kann die Größe weiterhin überschreiben.",
cr_whats_new_beta_13,6,"The quick start guide can be browsed by hand. Swipe the gesture preview, tap a dot, or tap any tip to jump to it. It still plays on its own until you take over.","Die Kurzanleitung lässt sich jetzt selbst durchblättern. Wische über die Gestenvorschau, tippe auf einen Punkt oder auf einen Tipp, um dorthin zu springen. Sie läuft weiterhin von selbst, bis du übernimmst.",
cr_whats_new_beta_13,7,"Fixed the waste widget showing the wrong icon and colour for every collection type outside Dutch: the type was matched against the translated label, so PMD shown as Packaging fell through to a generic grey-blue bin. PMD is orange with a recycling symbol again.","Behoben, dass das Abfall-Widget außerhalb des Niederländischen für jede Abfallart das falsche Symbol und die falsche Farbe zeigte: die Art wurde mit der übersetzten Bezeichnung abgeglichen, sodass PMD als „Verpackung“ in einer allgemeinen graublauen Tonne landete. PMD ist wieder orange mit Recycling-Symbol.",
cr_whats_new_beta_13,8,"Fixed the room-following prompt appearing after Ask before switching rooms was turned off, and for the room already on screen. It now also offers Don't ask again until I restart the app, and the wait time can be set whether or not prompting is on.","Behoben, dass die Raumwechsel-Abfrage auch nach dem Ausschalten von „Vor dem Raumwechsel fragen“ erschien und auch für den bereits geöffneten Raum. Sie bietet jetzt außerdem „Bis zum nächsten Start der App nicht mehr fragen“, und die Wartezeit lässt sich unabhängig davon einstellen.",
cr_whats_new_beta_13,9,"Flows can express Any of these and nested logic, not just a flat list of ANDs. A group opens into its own list with a breadcrumb, and groups can hold groups, so motion detected AND (after sunset OR guest mode on) is buildable. It is the same structure Home Assistant's own editor writes, so a flow made in HA that used OR is no longer an untouchable advanced block.","Abläufe beherrschen jetzt „Eines davon“ und verschachtelte Logik statt nur einer flachen UND-Liste. Eine Gruppe öffnet sich in einer eigenen Liste mit Pfadanzeige, und Gruppen können Gruppen enthalten — „Bewegung erkannt UND (nach Sonnenuntergang ODER Gästemodus an)“ ist damit baubar. Es ist dieselbe Struktur, die der Automatisierungseditor von Home Assistant schreibt: ein in HA erstellter Ablauf mit ODER ist kein unantastbarer Erweiterungsblock mehr.",don't translate Home Assistant
cr_whats_new_beta_13,10,"Thermostat dials on the Climate view no longer squeeze six across a landscape foldable. Dials hold at four per row until the window is genuinely desktop-wide, so each keeps enough width to read.","Thermostat-Regler in der Klimaansicht quetschen sich nicht mehr zu sechst über ein aufgeklapptes Foldable im Querformat. Regler bleiben bei vier pro Reihe, bis das Fenster wirklich sehr breit ist, damit jeder lesbar bleibt.",
cr_whats_new_beta_13,11,"The Waiting for notifications message now has a Hide this notification button that jumps straight to its Android channel settings, where switching the channel off hides it for good while the connection keeps working. Android will not let a background connection run without a visible notification, so this is as far as muting can go. It also switches itself on when you have more than one Home Assistant server.","Die Meldung „Warte auf Benachrichtigungen“ hat jetzt die Schaltfläche „Diese Benachrichtigung ausblenden“, die direkt zu den Android-Kanaleinstellungen führt. Dort ausgeschaltet, verschwindet sie dauerhaft, während die Verbindung weiterläuft. Android lässt keine Hintergrundverbindung ohne sichtbare Benachrichtigung zu, mehr Stummschaltung ist nicht möglich. Sie schaltet sich außerdem selbst ein, wenn du mehr als einen Home-Assistant-Server hast.",don't translate Home Assistant
cr_whats_new_beta_13,12,"The vacuum widget can now draw a Valetudo map itself. Choose Valetudo map as the button image and point it at your robot's map camera: HKI reads the map data Valetudo hides inside that camera's PNG and draws the floor, walls, rooms, the robot, its dock and the path it has taken. No add-on, custom component or extra Home Assistant integration is involved, and the map refreshes on its own while the robot is cleaning.","Das Staubsauger-Widget kann eine Valetudo-Karte jetzt selbst zeichnen. Wähle Valetudo-Karte als Tastenbild und verweise auf die Kartenkamera deines Roboters: HKI liest die Kartendaten, die Valetudo im PNG dieser Kamera versteckt, und zeichnet Boden, Wände, Räume, den Roboter, seine Station und den gefahrenen Weg. Dafür braucht es kein Add-on, keine Custom Component und keine zusätzliche Home-Assistant-Integration, und die Karte aktualisiert sich während der Reinigung von selbst.","don't translate Home Assistant, Valetudo"
cr_whats_new_beta_13,13,"Tap a room on the Valetudo map to send the robot to clean it. Rooms use the names you gave them in Valetudo. Cleaning a single room goes through Home Assistant's clean_area action, so first map the robot's segments to your areas in Home Assistant — until you do, the map says so instead of leaving the tap doing nothing.","Tippe auf der Valetudo-Karte auf einen Raum, um ihn reinigen zu lassen. Die Räume tragen die Namen, die du ihnen in Valetudo gegeben hast. Einen einzelnen Raum zu reinigen läuft über die clean_area-Aktion von Home Assistant — ordne die Segmente des Roboters also zuerst deinen Bereichen zu; bis dahin sagt die Karte das, statt den Tipp ins Leere laufen zu lassen.","don't translate Home Assistant, Valetudo"
cr_whats_new_beta_13,14,"The vacuum settings now warn that plain Map camera on a Valetudo map entity shows a blank tile. Valetudo deliberately does not render the map on the robot, so its PNG is only a container for the data — Valetudo map is the mode that shows something.","Die Staubsauger-Einstellungen weisen jetzt darauf hin, dass Kartenkamera bei einer Valetudo-Kartenentität eine leere Kachel zeigt. Valetudo rendert die Karte absichtlich nicht auf dem Roboter, das PNG ist nur ein Behälter für die Daten — Valetudo-Karte ist der Modus, der tatsächlich etwas anzeigt.",don't translate Valetudo
cr_whats_new_beta_13,15,"The vacuum dialog now shows a Valetudo map whenever the map camera you picked actually carries one, whatever the button image is set to — the button image only decides how the tile on the dashboard looks. Cameras that turn out not to be Valetudo maps still show their picture, and HKI stops re-checking once it knows.","Der Staubsauger-Dialog zeigt jetzt eine Valetudo-Karte, sobald die gewählte Kartenkamera tatsächlich eine enthält — unabhängig vom Tastenbild, das nur das Aussehen der Kachel auf dem Dashboard bestimmt. Kameras, die keine Valetudo-Karte liefern, zeigen weiterhin ihr Bild, und HKI prüft das danach nicht erneut.",don't translate Valetudo
cr_whats_new_beta_13,16,"The robot image now spins while the vacuum is cleaning or returning to its dock, using the same icon animation settings as the rest of the app. A button's own animation setting still overrides it, and Off keeps it still.","Das Roboterbild dreht sich jetzt, während der Sauger reinigt oder zur Station zurückfährt — mit denselben Symbolanimations-Einstellungen wie der Rest der App. Die eigene Animationseinstellung einer Taste hat weiterhin Vorrang, und Aus hält es still.",
cr_whats_new_beta_13,17,* HKI 7 Cloud Component integration required.,* HKI-7-Cloud-Component-Integration erforderlich.,don't translate HKI 7 Cloud
cr_whats_new_beta_12,1,"Button widgets and button stacks can now hold an empty, fully transparent button. It takes up a grid cell without drawing anything, so the buttons around it line up exactly where you want them.","Schaltflächen-Widgets und -Stapel können jetzt eine leere, vollständig transparente Schaltfläche enthalten. Sie belegt eine Rasterzelle, ohne etwas zu zeichnen, sodass die umliegenden Schaltflächen genau dort sitzen, wo sie sollen.",
cr_whats_new_beta_12,2,Buttons can show just their icon. The new Icon only switch under a button's Appearance settings drops the name and state and centers a larger icon on the button.,Schaltflächen können nur ihr Symbol zeigen. Der neue Schalter „Nur Symbol“ in den Darstellungseinstellungen einer Schaltfläche blendet Name und Status aus und zentriert ein größeres Symbol.,
cr_whats_new_beta_12,3,"New Custom popup action for buttons, badges, and dialog buttons. Point any tap, hold, or double tap at a popup you build yourself: it opens with the usual dialog title, status, history, and close controls, and you fill it with any widget the app offers. Popups are listed under Settings › Appearance › Popups, where Edit contents opens one ready to arrange. Popups are shared, so several buttons can open the same one, and stacks inside a popup can use up to six columns instead of three. While a popup is being arranged, a Done button sits beside Add widget to leave edit mode without closing it.","Neue Aktion „Eigenes Pop-up“ für Schaltflächen, Badges und Dialogschaltflächen. Verknüpfe Tippen, Halten oder Doppeltippen mit einem selbst gebauten Pop-up: Es öffnet sich mit Titel, Status, Verlauf und Schließen wie gewohnt und lässt sich mit jedem Widget der App füllen. Pop-ups stehen unter Einstellungen › Darstellung › Pop-ups, wo „Inhalt bearbeiten“ eines direkt zum Anordnen öffnet. Pop-ups werden geteilt, mehrere Schaltflächen können also dasselbe öffnen, und Stapel in einem Pop-up dürfen statt drei bis zu sechs Spalten nutzen. Beim Anordnen eines Pop-ups steht neben „Widget hinzufügen“ eine Schaltfläche „Fertig“, um den Bearbeitungsmodus zu verlassen, ohne es zu schließen.",
cr_whats_new_beta_12,4,"Fixed the Energy detail views (Solar, Electricity, Gas, Water, City heating, Battery) drawing their cards flush against each other with their headings missing. Production, Forecast, Inverters and the rest were hidden behind the card below them; the cards now keep their headings and the usual spacing.","Behoben, dass die Energie-Detailansichten (Solar, Strom, Gas, Wasser, Fernwärme, Batterie) ihre Karten ohne Überschriften direkt aneinander zeichneten. „Produktion“, „Prognose“, „Wechselrichter“ und die übrigen lagen hinter der Karte darunter; die Karten behalten jetzt ihre Überschriften und den gewohnten Abstand.",
cr_whats_new_beta_12,5,"Fixed Parental Controls refusing to save. An out-of-date HKI 7 Cloud component rejects the Visible and Invisible lists, which used to fail the whole policy; the permissions now save regardless and the message says the component needs updating. Those lists only filter entity lists such as global search — a button on a family dashboard stays visible unless it is hidden for that person explicitly.*","Behoben, dass die Kindersicherung nicht mehr speicherte. Eine veraltete HKI-7-Cloud-Component lehnt die Listen „Sichtbar“ und „Unsichtbar“ ab, was zuvor die gesamte Richtlinie scheitern ließ; die Berechtigungen werden jetzt trotzdem gespeichert und die Meldung weist auf das nötige Component-Update hin. Diese Listen filtern nur Entitätslisten wie die globale Suche — eine Schaltfläche auf einem Familien-Dashboard bleibt sichtbar, solange sie für diese Person nicht ausdrücklich ausgeblendet wurde.*",don't translate HKI 7 Cloud
cr_whats_new_beta_12,6,* HKI 7 Cloud Component integration required.,* HKI-7-Cloud-Component-Integration erforderlich.,don't translate HKI 7 Cloud
cr_whats_new_beta_11,1,"Rooms, Climate, Security, Energy, and Battery dashboards now make better use of tablets and foldables. Large cards follow the Home and individual-room 1/2/3-column layout, while compact tiles auto-fit without becoming cramped. Climate, Security, and Energy cards use a height-aware masonry layout on wider displays, eliminating large gaps below shorter cards.","Die Dashboards für Räume, Klima, Sicherheit, Energie und Batterie nutzen Tablets und Foldables jetzt besser aus. Große Karten folgen dem Ein-, Zwei- oder Drei-Spalten-Layout von Startseite und Raumdetails, während kompakte Kacheln automatisch passen, ohne zu eng zu werden. Klima-, Sicherheits- und Energiekarten verwenden auf breiten Displays ein höhenabhängiges Masonry-Layout, sodass unter kürzeren Karten keine großen Lücken mehr entstehen.",
cr_whats_new_beta_11,2,State-colored icons on entity buttons and header/status pills now preserve their semantic hue while automatically shifting lighter or darker when they would blend into the current theme.,"Statusfarbene Symbole auf Entitätsschaltflächen und Kopf-/Statusfeldern behalten ihren erkennbaren Farbton, werden aber automatisch heller oder dunkler, wenn sie sonst mit dem aktuellen Design verschmelzen würden.",
cr_whats_new_beta_11,3,"Selecting a family dashboard during onboarding now subscribes that installation to it. Owner edits are published when Save or Done is tapped, active clients refresh immediately, and offline clients reconcile when reopened. Non-admin subscribers cannot create or duplicate dashboards unless the app is fully reset.*","Wird während der Einrichtung ein Familien-Dashboard gewählt, abonniert diese Installation es jetzt. Änderungen des Eigentümers werden bei Speichern oder Fertig veröffentlicht, aktive Clients sofort aktualisiert und Offline-Clients beim nächsten Öffnen abgeglichen. Nicht-Administratoren können bis zu einem vollständigen App-Reset keine Dashboards erstellen oder duplizieren.*",
cr_whats_new_beta_11,4,"Dashboard setup during onboarding can now restore a local, Google Drive, or Home Assistant backup. New Google Drive and Home Assistant backups use consistent, informative names containing the app version and creation date.*","Bei der Dashboard-Einrichtung kann jetzt ein lokales, Google-Drive- oder Home-Assistant-Backup wiederhergestellt werden. Neue Backups in Google Drive und Home Assistant erhalten einheitliche, aussagekräftige Namen mit App-Version und Erstellungsdatum.*","don't translate Home Assistant, Google Drive"
cr_whats_new_beta_11,5,"Calendar widgets become vertically scrollable when their height is too small for every event, and hidden Home widgets are removed from the layout instead of leaving an empty space.","Kalender-Widgets lassen sich vertikal scrollen, wenn ihre Höhe nicht für alle Termine reicht, und ausgeblendete Startseiten-Widgets werden aus dem Layout entfernt, statt leeren Platz zu belegen.",
cr_whats_new_beta_11,6,"Parcel carrier cards now show the earliest expected delivery date and time for active incoming or outgoing shipments, including integrations that expose a separate next-delivery sensor.","Karten von Paketdiensten zeigen jetzt das früheste erwartete Zustelldatum mit Uhrzeit für aktive ein- oder ausgehende Sendungen, auch bei Integrationen mit separatem Sensor für die nächste Zustellung.",
cr_whats_new_beta_11,7,"Family permissions can now independently allow dashboard switching and creation. Fully restricted subscribers see a locked Dashboard settings tab; onboarding removes its placeholder dashboard when switching is denied, and a deleted family dashboard opens a permission-aware recovery screen instead of silently creating a replacement.*","Familienberechtigungen können Dashboard-Wechsel und -Erstellung jetzt unabhängig erlauben. Vollständig eingeschränkte Abonnenten sehen einen gesperrten Dashboard-Bereich; die Einrichtung entfernt das Platzhalter-Dashboard, wenn Wechsel nicht erlaubt sind, und ein gelöschtes Familien-Dashboard öffnet eine berechtigungsgesteuerte Wiederherstellung statt still einen Ersatz zu erstellen.*",
cr_whats_new_beta_11,8,"Family permissions now also control manual re-importing. Non-admins cannot open Family Sharing settings, disabled onboarding choices explain why they are unavailable, and aesthetics-only editors see only visual controls. Their local names, icons, colors, backgrounds, styles, sizes, and layouts take priority when owner updates arrive.*","Familienberechtigungen steuern jetzt auch den manuellen Neuimport. Nicht-Administratoren können die Familienfreigabe nicht öffnen, deaktivierte Einrichtungsoptionen erklären ihre Sperre und rein visuelle Bearbeiter sehen ausschließlich Darstellungsoptionen. Ihre lokalen Namen, Symbole, Farben, Hintergründe, Stile, Größen und Layouts haben Vorrang, wenn Aktualisierungen des Eigentümers eintreffen.*",
cr_whats_new_beta_11,9,"Climate sensor/device tabs, Security groups, and every Energy detail tab now follow the same responsive one-, two-, or three-column masonry rules, including their edit and reorder layouts.","Klima-Sensor- und Gerätetabs, Sicherheitsgruppen und alle Energie-Detailtabs folgen jetzt denselben responsiven Masonry-Regeln mit einer, zwei oder drei Spalten, auch beim Bearbeiten und Sortieren.",
cr_whats_new_beta_11,10,Aesthetics-only family editors can no longer change header-pill configuration or the dashboard's people; those functional settings remain controlled by the owner.*,Familienbearbeiter mit ausschließlich visuellen Rechten können weder die Konfiguration der Kopfzeilenfelder noch die Personen des Dashboards ändern; diese funktionalen Einstellungen bleiben beim Eigentümer.*,
cr_whats_new_beta_11,11,"Parental Controls now replaces manual entity-ID entry with Visible and Invisible lists. Admins can select complete Home Assistant domains or individual entities, and global search hides restricted entities and devices. Invisible entries always take precedence.*",Die Kindersicherung ersetzt die manuelle Eingabe von Entitäts-IDs durch Listen für Sichtbar und Unsichtbar. Administratoren können ganze Home-Assistant-Domänen oder einzelne Entitäten wählen; die globale Suche blendet eingeschränkte Entitäten und Geräte aus. Unsichtbar hat immer Vorrang.*,don't translate Home Assistant
cr_whats_new_beta_11,12,"Energy setup now imports SmartGateways and DSMR Reader P1 meters even when the Home Assistant Energy dashboard has not been configured and the sensors are not attached to a device. Tariff 1 and tariff 2 readings are recognised separately, and usage charts and period totals add both tariffs together when no single grid import or export sensor is set.","Die Energie-Einrichtung importiert jetzt SmartGateways- und DSMR-Reader-P1-Zähler, auch wenn das Energie-Dashboard von Home Assistant nicht eingerichtet ist und die Sensoren keinem Gerät zugeordnet sind. Tarif 1 und Tarif 2 werden separat erkannt; Verbrauchsdiagramme und Zeitraumsummen addieren beide Tarife, wenn kein einzelner Netzbezugs- oder Einspeisesensor festgelegt ist.",don't translate Home Assistant
cr_whats_new_beta_11,13,* HKI 7 Cloud Component integration required.,* HKI-7-Cloud-Component-Integration erforderlich.,don't translate HKI 7 Cloud
cr_whats_new_beta_10,1,"Visibility rules now work across all widgets and individual items, with time, entity, person, and mixed AND/OR conditions. Admins using a family-shared dashboard can choose whether an item is Visible or Hidden for a selected user. Person conditions use HKI 7 Cloud, whose requirement is shown when it is unavailable. New rules start empty so you choose Time, Entity, or Person.","Sichtbarkeitsregeln gelten für alle Widgets und Elemente, mit Zeit-, Entitäts-, Personen- und frei gemischten UND/ODER-Bedingungen. Admins eines geteilten Familiendashboards können ein Element für einen ausgewählten Benutzer sichtbar oder ausgeblendet schalten. Personenbedingungen verwenden HKI 7 Cloud; fehlt die Integration, wird der Hinweis angezeigt. Neue Regeln starten leer: Zeit, Entität oder Person.",don't translate HKI 7 Cloud
cr_whats_new_beta_10,2,"Room-status counter badges keep a stable two-digit width. Headers responsively fit one, two, or three counters per row like the home-page and person badges, without pushing the title down.","Raumstatus-Zähler behalten eine einheitliche Breite für zwei Ziffern. Kopfzeilen passen sich wie Startseiten- und Personen-Badges auf eine, zwei oder drei Spalten an, ohne den Titel nach unten zu drücken.",
cr_whats_new_beta_10,3,"Energy setup now recognises SmartGateways and DSMR Reader MQTT sensor names, and choosing a source device refills its separate sensor roles. City heating has dedicated settings, a source tile and detail tab, plus an estimated natural-gas equivalent for J/GJ heat readings.","Die Energieeinrichtung erkennt jetzt MQTT-Sensornamen von SmartGateways und DSMR Reader. Die Auswahl eines Quellgeräts füllt die einzelnen Sensorrollen wieder aus. Fernwärme erhält eigene Einstellungen, eine Quellenkachel, eine Detailseite und ein geschätztes Erdgasäquivalent für J/GJ-Werte.",
cr_whats_new_beta_10,4,"Calendar widget dialogs now use the available height correctly, fixing content that previously occupied only half the settings dialog or was cut off.",Kalender-Widget-Dialoge nutzen die verfügbare Höhe jetzt korrekt; Inhalte belegen nicht mehr nur die Hälfte und werden nicht mehr abgeschnitten.,
cr_whats_new_beta_10,5,"Re-import settings now use one consistently spelled and localized label across Rooms, Climate, Security, Energy, and Battery. Conditional visibility wording was also corrected in every supported language.","Die Einstellungen zum erneuten Importieren verwenden in Räume, Klima, Sicherheit, Energie und Batterie jetzt dieselbe korrekt geschriebene und lokalisierte Bezeichnung. Auch die Begriffe für bedingte Sichtbarkeit wurden in allen unterstützten Sprachen korrigiert.",
cr_whats_new_beta_10,6,"Fixed PostNL and the current parcel-integration parser, so incoming shipments once again show their complete tracking details and delivered state. Carrier support has also been brought up to date.","Die Bildschirmdrehung folgt jetzt der automatischen Drehung des Geräts, statt im Hochformat gesperrt zu bleiben.",
cr_whats_new_beta_10,7,"Added an in-app language selector with full coverage in 13 languages: Dutch, German, French, Spanish (plus Latin American Spanish), Italian, Turkish, Portuguese (plus Brazilian Portuguese), Japanese, Korean, and Chinese (Simplified and Traditional). Each language shows its native name with an English hint beneath it.","Die Klima-Kachel „Außen“ erscheint mit einem verknüpften Wettergerät auch ohne eigene Sensoren, zählt dessen Temperatur-, Feuchtigkeits- und Druckattribute in der Übersicht und zeichnet sie in den passenden Sensorfarben auf.",
cr_whats_new_beta_10,8,"The reconnect status now shows the actual connection error, making Wi-Fi, mobile-data, and VPN handovers much easier to diagnose.","Paketstatuscodes erscheinen jetzt als normale Sätze. Datum und Uhrzeit folgen Sprache und 12/24-Stunden-Einstellung, nahe Lieferungen verwenden Wochentage, das aktuelle Jahr entfällt und dasselbe Datum wird nicht wiederholt.",
cr_whats_new_beta_10,9,Screen rotation now follows your device’s auto-rotate setting instead of staying locked to portrait.,PostNL und der Parser der aktuellen Paketintegration wurden repariert. Eingehende Sendungen zeigen wieder vollständige Trackingdaten und den richtigen Zustellstatus. Auch die Unterstützung der Versanddienste wurde aktualisiert.,
cr_whats_new_beta_10,10,"The Climate ""Outside"" tile now appears as soon as a weather device is linked, even without dedicated sensors, counts its temperature, humidity and pressure attributes in the summary, and graphs them with matching sensor colors.",Die Sprachauswahl in der App deckt jetzt alle 13 unterstützten Sprachen vollständig ab. Jede Sprache zeigt ihren eigenen Namen mit einem englischen Hinweis darunter.,
cr_whats_new_beta_10,11,"Parcel status codes are now normal sentences. Dates and times follow the selected language and 12/24-hour preference, nearby deliveries use weekday names, the current year is omitted, and same-day windows no longer repeat the date.","Der Verbindungsstatus zeigt beim erneuten Verbinden jetzt den tatsächlichen Fehler. Wechsel zwischen WLAN, mobilen Daten und VPN lassen sich dadurch leichter diagnostizieren.",
cr_whats_new_beta_9,1,"Drag to reorder cameras, thermostats, and energy cards. In edit mode the Security, Climate, and Energy views each get a Reorder button for their relevant cards.","Kameras, Thermostate und Energiekarten lassen sich per Ziehen neu anordnen. Sicherheit, Klima und Energie haben dafür im Bearbeitungsmodus eine eigene Schaltfläche.",
cr_whats_new_beta_9,2,"New Climate Outside tile. Link a weather entity or outdoor temperature, humidity, and air-pressure sensors, then open the tile for individual history graphs.",Neue Außen-Kachel in Klima. Verknüpfe eine Wetter-Entität oder Außensensoren und öffne die Kachel für einzelne Verlaufsdiagramme.,
cr_whats_new_beta_9,3,"Visibility now belongs to each button and header badge. Hide an item or schedule it once or on a daily, weekly, monthly, or yearly recurrence.","Sichtbarkeit wird jetzt direkt pro Schaltfläche und Kopfzeilen-Badge eingestellt, einmalig oder täglich, wöchentlich, monatlich beziehungsweise jährlich wiederkehrend.",
cr_whats_new_beta_9,4,Header badges can be renamed from Appearance settings.,Kopfzeilen-Badges können unter Darstellung umbenannt werden.,
cr_whats_new_beta_9,5,Swiping cards autoplay every three seconds by default.,Wischkarten wechseln standardmäßig alle drei Sekunden automatisch.,
cr_whats_new_beta_9,6,"The Weather dialog adds autoplay for Season, a windrose card, and an optional rain-map card from a camera or embedded web page.","Der Wetterdialog erhält automatische Jahreszeiten-Wiedergabe, eine Windrosenkarte und eine optionale Regenkarte.",
cr_whats_new_beta_9,7,"The Parcels widget was rebuilt around carriers, with logos, account totals, shipment sections, estimates, tracking history, and add-by-tracking support where available.","Das Paket-Widget wurde rund um Versanddienste neu aufgebaut, mit Logos, Summen, Sendungsbereichen, Zustellprognosen, Verlauf und Trackingnummern.",
cr_whats_new_beta_9,8,"Humidifiers and dehumidifiers now have native power, humidity, mode, speed, and helper controls throughout the app.","Luftbefeuchter und Entfeuchter haben nun native Steuerungen für Strom, Feuchtigkeit, Modus, Geschwindigkeit und Hilfsfunktionen.",
cr_whats_new_beta_9,9,Room status counters are interactive and open the entities behind each count.,Raumstatus-Zähler sind interaktiv und öffnen die zugehörigen Entitäten.,
cr_whats_new_beta_9,10,Buttons and badges can show a live countdown from a completion-time entity.,Schaltflächen und Badges können einen Live-Countdown aus einer Abschlusszeit-Entität anzeigen.,
cr_whats_new_beta_9,11,Shared dashboards publish owner edits automatically and recipients receive them on their next sync.,Geteilte Dashboards veröffentlichen Änderungen des Besitzers automatisch und werden beim nächsten Synchronisieren aktualisiert.,
cr_whats_new_beta_9,12,Header display settings now belong to each dashboard and travel through backups and family sharing.,Kopfzeilen-Einstellungen gehören jetzt zum jeweiligen Dashboard und werden in Sicherungen und Familienfreigaben übernommen.,
cr_whats_new_beta_9,13,Camera widgets fill the entire tile and follow the configured corner radius.,Kamera-Widgets füllen die gesamte Kachel und verwenden den eingestellten Eckenradius.,
cr_whats_new_beta_9,14,"Waste collections on the same day now overlap visibly, and the larger dialog can be dismissed by tapping outside.",Abholungen am selben Tag bleiben durch überlappende Symbole sichtbar; der große Dialog schließt beim Tippen außerhalb.,
cr_whats_new_beta_9,15,"Battery, Waste, camera, weather, and About visuals are now more consistent.","Die Darstellung von Batterie, Abfall, Kamera, Wetter und Info ist konsistenter.",
cr_whats_new_beta_9,16,"Binary sensors use Home Assistant-style Open/Closed, Wet/Dry, Detected/Clear, and Connected/Disconnected labels.","Binärsensoren verwenden Home-Assistant-Bezeichnungen wie Offen/Geschlossen, Nass/Trocken und Verbunden/Getrennt.",don't translate Home Assistant
cr_whats_new_beta_9,17,"Aesthetic-only editors can change existing badge visuals but cannot add, remove, or reconfigure badges.","Rein optische Bearbeiter dürfen vorhandene Badges gestalten, aber nicht hinzufügen, entfernen oder neu konfigurieren.",
cr_whats_new_beta_9,18,Fixed network handovers: sockets tied to the old Android network are discarded and the saved Home Assistant session reconnects without an unnecessary login. Reconnect status also shows the failure reason.,Netzwerkwechsel wurden repariert: Alte Android-Netzwerkverbindungen werden verworfen und die gespeicherte Home-Assistant-Sitzung verbindet sich ohne unnötige Anmeldung neu. Der echte Fehler wird angezeigt.,don't translate Home Assistant
cr_whats_new_beta_8,1,Child locks are no longer imported automatically as room controls.,Kindersicherungen werden nicht mehr automatisch als Raumsteuerung importiert.,
cr_whats_new_beta_8,2,Every button and badge now honours Home Assistant entity-icon overrides.,Alle Schaltflächen und Badges übernehmen nun Home-Assistant-Symbolüberschreibungen.,don't translate Home Assistant
cr_whats_new_beta_8,3,Vacuums now appear in the room badge bar and open their controls when tapped.,Saugroboter erscheinen jetzt in der Badge-Leiste eines Raums und öffnen beim Tippen ihre Steuerung.,
cr_whats_new_beta_8,4,"Individual buttons in multi-item widgets can be hidden or scheduled, including recurring annual date ranges.",Einzelne Schaltflächen in Mehrfach-Widgets können ausgeblendet oder wiederkehrend geplant werden.,
cr_whats_new_beta_8,5,Multiple camera badges now open one swipeable dialog with fullscreen paging.,Mehrere Kamera-Badges öffnen einen wischbaren Dialog mit Vollbildnavigation.,
cr_whats_new_beta_8,6,"Family Sharing now lists cloud-published dashboards so they can be imported, reshared, or deleted after a reinstall.",Familienfreigabe listet veröffentlichte Cloud-Dashboards auch nach einer Neuinstallation auf.,
cr_whats_new_beta_7,1,Automatic room import now skips built-in helper controls while retaining genuine extra controls.,Der automatische Raumimport überspringt integrierte Hilfssteuerungen und behält echte Zusatzfunktionen.,
cr_whats_new_beta_7,2,Climate devices from different integrations are no longer merged into one control.,Klimageräte verschiedener Integrationen werden nicht mehr zusammengeführt.,
cr_whats_new_beta_7,3,"Climate-device icons now match air conditioners, humidifiers, dehumidifiers, and air purifiers.","Symbole für Klimaanlagen, Be- und Entfeuchter sowie Luftreiniger passen nun zum Gerät.",
cr_whats_new_beta_7,4,Air-purifier and humidifier icons pulse gently instead of spinning.,Luftreiniger- und Befeuchtersymbole pulsieren sanft statt sich zu drehen.,
cr_whats_new_beta_7,5,Door locks now use closed-door and open-door icons.,Türschlösser verwenden Symbole einer geschlossenen oder offenen Tür.,
cr_whats_new_beta_7,6,Multi-device header badges can be reordered to choose their leading entity.,"Badges für mehrere Geräte können neu angeordnet werden, um die führende Entität festzulegen.",
cr_whats_new_beta_7,7,Animated icon effects are enabled by default on new installations.,Animierte Symboleffekte sind bei Neuinstallationen standardmäßig aktiviert.,
cr_whats_new_beta_7,8,Buttons and badges can display an entity attribute and optional unit instead of its state.,Schaltflächen und Badges können ein Attribut mit optionaler Einheit statt des Zustands anzeigen.,
cr_whats_new_beta_7,9,"Dashboards can now be copied with all rooms, widgets, and page settings.","Dashboards können mit allen Räumen, Widgets und Seiteneinstellungen kopiert werden.",
cr_whats_new_beta_7,10,"Family Sharing now combines parental controls, dashboard sharing, and per-user permissions.","Familienfreigabe vereint Jugendschutz, Dashboard-Freigabe und Benutzerrechte.",
cr_whats_new_beta_7,11,Shared dashboards update automatically while keeping allowed local visual changes.,Geteilte Dashboards aktualisieren sich automatisch und behalten erlaubte lokale Darstellungsänderungen.,
cr_whats_new_beta_7,12,Non-admin family members can use automatic per-room Adaptive Lighting controls when the HKI 7 Cloud component is installed.,Nichtadministratoren können mit der HKI-7-Cloud-Komponente automatische Adaptive-Lighting-Steuerungen verwenden.,don't translate HKI 7 Cloud
cr_whats_new_beta_7,13,Fixed unreadable header and pull-down labels in light mode and with custom appearances.,Schlecht lesbare Kopfzeilen und Menüs im hellen Modus wurden repariert.,
cr_whats_new_beta_7,14,About now provides What’s new and Full changelog buttons.,Info enthält jetzt Schaltflächen für Neuigkeiten und das vollständige Änderungsprotokoll.,
cr_whats_new_beta_7,15,Fixed the Unable to connect screen so it appears reliably when Home Assistant cannot be reached.,"Der Bildschirm „Verbindung nicht möglich“ erscheint zuverlässig, wenn Home Assistant unerreichbar ist.",don't translate Home Assistant
cr_whats_new_beta_6,1,Fixed edit-mode action bars overlapping Android three-button navigation.,Aktionsleisten im Bearbeitungsmodus überdecken die Android-Drei-Tasten-Navigation nicht mehr.,
cr_whats_new_beta_6,2,The Backup and Restore screen now shows when each automatic cloud backup last ran.,Sichern und Wiederherstellen zeigt nun die letzte Ausführung jeder automatischen Cloud-Sicherung.,
cr_whats_new_beta_6,3,Each cloud backup now has a Back up now button.,Jede Cloud-Sicherung hat jetzt eine Schaltfläche „Jetzt sichern“.,
cr_whats_new_beta_6,4,Fixed the oversized app icon after the themed-icon update.,Das zu große App-Symbol nach dem Themed-Icon-Update wurde repariert.,
cr_whats_new_beta_4_to_5,1,The Backup and Restore screen now shows when each automatic cloud backup last ran.,Sichern und Wiederherstellen zeigt nun die letzte Ausführung jeder automatischen Cloud-Sicherung.,
cr_whats_new_beta_4_to_5,2,Each cloud backup now has a Back up now button.,Jede Cloud-Sicherung hat jetzt eine Schaltfläche „Jetzt sichern“.,
cr_whats_new_beta_4_to_5,3,Fixed the oversized app icon after the themed-icon update.,Das zu große App-Symbol nach dem Themed-Icon-Update wurde repariert.,
cr_whats_new_beta_3,1,"Added Simple Icons, Tabler, and Phosphor icon packs alongside Material Design Icons.","Simple Icons, Tabler und Phosphor wurden neben Material Design Icons hinzugefügt.",
cr_whats_new_beta_3,2,"Added animated entity icons that glow, spin, or pulse while active.","Entitätssymbole können im aktiven Zustand leuchten, rotieren oder pulsieren.",
cr_whats_new_beta_3,3,Added family dashboard sharing for admins.*,Administratoren können Dashboards mit Familienmitgliedern teilen.*,
cr_whats_new_beta_3,4,Added parental controls that can hide selected views and rooms for specific people.*,Jugendschutz kann ausgewählte Ansichten und Räume für bestimmte Personen ausblenden.*,
cr_whats_new_beta_3,5,Added automatic daily backup to your own Home Assistant.*,Automatische tägliche Sicherung in das eigene Home Assistant wurde hinzugefügt.*,don't translate Home Assistant
cr_whats_new_beta_3,6,Media-source icons are colored and can open the installed source app.,Medienquellensymbole sind farbig und können die zugehörige App öffnen.,
cr_whats_new_beta_3,7,New iFrame widget for embedding web pages.,Neues iFrame-Widget zum Einbetten von Webseiten.,
cr_whats_new_beta_3,8,Energy views now show negative values while exporting power.,Energieansichten zeigen beim Einspeisen negative Werte.,
cr_whats_new_beta_3,9,Fixed onboarding completing when switching away before finishing.,Onboarding wird beim vorzeitigen Wechsel aus der App nicht mehr abgeschlossen.,
cr_whats_new_beta_3,10,Fixed the thermostat-dial mode button overlapping nearby items.,Die Modusschaltfläche des Thermostatreglers überlappt keine Nachbarelemente mehr.,
cr_whats_new_beta_3,11,Many smaller bug fixes.,Viele kleinere Fehlerbehebungen.,
cr_whats_new_beta_3,12,* HKI 7 Cloud Component integration required.,* HKI-7-Cloud-Component-Integration erforderlich.,don't translate HKI 7 Cloud
cr_whats_new_beta_2,1,"Improved layouts on short and narrow displays, with a single-column fallback throughout the app.",Layouts auf kurzen und schmalen Displays wurden verbessert und wechseln bei Bedarf überall auf eine Spalte.,
cr_whats_new_beta_2,2,Dialog headers use two rows on narrow screens so titles are no longer cut off.,Dialogüberschriften verwenden auf schmalen Displays zwei Zeilen.,
cr_whats_new_beta_2,3,Fixed Adaptive Lighting sliders overlapping other elements.,Überlappende Adaptive-Lighting-Regler wurden repariert.,
cr_whats_new_beta_2,4,Navigation bars now indicate when more items are available off-screen.,"Navigationsleisten zeigen an, wenn weitere Einträge außerhalb des Bildschirms liegen.",
cr_whats_new_beta_2,5,Fixed cameras ignoring the screen-orientation lock.,Kameras beachten die Sperre der Bildschirmausrichtung wieder.,
cr_whats_new_beta_2,6,Fixed zoom in camera dialogs and fullscreen cameras.,Zoomen in Kameradialogen und Vollbildkameras funktioniert wieder.,
global_search_browse_entities,one,Browse %1$d entity on this device,%1$d Entität auf diesem Gerät anzeigen,app fills in %1$d — keep them
global_search_browse_entities,other,Browse %1$d entities on this device,%1$d Entitäten auf diesem Gerät anzeigen,app fills in %1$d — keep them
global_search_entity_count,one,%1$d entity,%1$d Entität,app fills in %1$d — keep them
global_search_entity_count,other,%1$d entities,%1$d Entitäten,app fills in %1$d — keep them
rooms_count,one,%1$d room,%1$d Raum,app fills in %1$d — keep them
rooms_count,other,%1$d rooms,%1$d Räume,app fills in %1$d — keep them
core_system,,System,System,
core_greeting_morning,,Good Morning,Guten Morgen,
core_greeting_afternoon,,Good Afternoon,Guten Tag,
core_greeting_evening,,Good Evening,Guten Abend,
core_greeting_night,,Good Night,Gute Nacht,
core_last_seen_just_now,,Last seen just now,Gerade eben zuletzt gesehen,
core_no_media_playing,,No media is playing,Es werden keine Medien wiedergegeben,
core_media_players_playing,one,%1$d media player is playing,%1$d Mediaplayer gibt etwas wieder,app fills in %1$d — keep them
core_media_players_playing,other,%1$d media players are playing,%1$d Mediaplayer geben etwas wieder,app fills in %1$d — keep them
core_last_seen_minutes,one,Last seen %1$d minute ago,Zuletzt gesehen vor %1$d Minute,app fills in %1$d — keep them
core_last_seen_minutes,other,Last seen %1$d minutes ago,Zuletzt gesehen vor %1$d Minuten,app fills in %1$d — keep them
core_last_seen_hours,one,Last seen %1$d hour ago,Zuletzt gesehen vor %1$d Stunde,app fills in %1$d — keep them
core_last_seen_hours,other,Last seen %1$d hours ago,Zuletzt gesehen vor %1$d Stunden,app fills in %1$d — keep them
core_last_seen_days,one,Last seen %1$d day ago,Zuletzt gesehen vor %1$d Tag,app fills in %1$d — keep them
core_last_seen_days,other,Last seen %1$d days ago,Zuletzt gesehen vor %1$d Tagen,app fills in %1$d — keep them
core_last_seen_weeks,one,Last seen %1$d week ago,Zuletzt gesehen vor %1$d Woche,app fills in %1$d — keep them
core_last_seen_weeks,other,Last seen %1$d weeks ago,Zuletzt gesehen vor %1$d Wochen,app fills in %1$d — keep them
dlg_1_advanced_shorthand_block_kept_unchanged,,1 advanced shorthand block (kept unchanged),1 erweiterter Kurzschriftblock (unverändert beibehalten),
dlg_24_hour_format,,24-Hour Format,24-Stunden-Format,
dlg_action_count,,%1$s action,%1$s Aktion,app fills in %1$s — keep them
dlg_action,,Action,Aktion,
dlg_action_data,,Action data,Aktionsdaten,
dlg_action_data_object,,Action data object,Aktionsdatenobjekt,
dlg_action_details,,Action details,Aktionsdetails,
dlg_adapt_now,,Adapt now,Passen Sie sich jetzt an,
dlg_adaptive_lighting,,Adaptive Lighting,Adaptive Beleuchtung,
dlg_adaptive_lighting_is_unavailable,,Adaptive Lighting is unavailable,Adaptive Beleuchtung ist nicht verfügbar,
dlg_add_4_10_entity_buttons_to_this_dialog_s,,Add 4–10 entity buttons to this dialog's nav bar.,Fügen Sie der Navigationsleiste dieses Dialogfelds 4–10 Entitätsschaltflächen hinzu.,
dlg_add,,Add,Hinzufügen,
dlg_add_at_least_one_step,,Add at least one step,Fügen Sie mindestens einen Schritt hinzu,
dlg_add_button,,Add button,Schaltfläche „Hinzufügen“.,
dlg_add_custom_buttons,,Add Custom Buttons,Fügen Sie benutzerdefinierte Schaltflächen hinzu,
dlg_add_more_for_a_full_row,,Add %1$s more for a full row.,"Fügen Sie %1$s weitere hinzu, um eine vollständige Zeile zu erhalten.",app fills in %1$s — keep them
dlg_add_to,,Add to %1$s,Zu %1$s hinzufügen,app fills in %1$s — keep them
dlg_advanced,,Advanced,Fortschrittlich,
dlg_advanced_action_data_json,,Advanced action data (JSON),Erweiterte Aktionsdaten (JSON),
dlg_advanced_shorthand_blocks_kept_unchanged,,%1$s advanced shorthand blocks (kept unchanged),%1$s erweiterte Kurzschriftblöcke (unverändert beibehalten),app fills in %1$s — keep them
dlg_alarm_entities,,Alarm entities,Alarmeinheiten,
dlg_alarm_pending,,Alarm pending,Alarm steht an,
dlg_alignment,,Alignment,Ausrichtung,
dlg_always,,Always,Stets,
dlg_any_state,,Any state,Jeder Staat,
dlg_appearance,,Appearance,Aussehen,
dlg_apply,,Apply,Anwenden,
dlg_aspect_ratio,,Aspect ratio,Seitenverhältnis,
dlg_astronomical_tap_or_swipe,,Astronomical · tap or swipe,Astronomisch · tippen oder wischen,
dlg_auto,,Auto,Auto,
dlg_auto_none,,Auto / none,Automatisch / keine,
dlg_auto_scan,,Auto-scan,Automatischer Scan,
dlg_automation,,Automation,Automatisierung,
dlg_back,,Back,Zurück,
dlg_backspace,,Backspace,Rücktaste,
dlg_badge_bar_layout,,Badge bar layout,Layout der Abzeichenleiste,
dlg_batt,,Batt,Batt,
dlg_battery_value,,Battery: %1$s,Batterie: %1$s,app fills in %1$s — keep them
dlg_built_in,,Built-in,Eingebaut,
dlg_cancel,,Cancel,Stornieren,
dlg_cancel_arming,,Cancel arming,Scharfschaltung abbrechen,
dlg_change,,Change,Ändern,
dlg_choose_a_side_when_the_badge_bar_is_split,,Choose a side when the badge bar is split,"Wählen Sie eine Seite, wenn die Badge-Leiste geteilt ist",
dlg_choose_a_state,,Choose a state,Wählen Sie einen Staat,
dlg_condition,,Condition,Zustand,
dlg_condition_is,,Is,Ist,
dlg_condition_is_not,,Is not,Ist nicht,
dlg_condition_state,,State,Zustand,
dlg_vis_and,,AND,UND,
dlg_vis_conditional,,Conditional,Bedingt,
dlg_vis_entity_state,,Entity state,Entitätszustand,
dlg_vis_person,,Person,Person,
dlg_visible,,Visible,Sichtbar,
dlg_choose_person,,Choose person,Person auswählen,
dlg_person_condition_hint,,Matches the signed-in Home Assistant user. This rule travels with a shared dashboard.,Vergleicht den angemeldeten Home-Assistant-Benutzer. Diese Regel wird mit einem geteilten Dashboard übertragen.,don't translate Home Assistant
dlg_person_requires_hki7_cloud,,Person visibility requires the HKI 7 Cloud component. Install it to select Home Assistant users here.,"Sichtbarkeit nach Person erfordert die HKI-7-Cloud-Komponente. Installiere sie, um hier Home-Assistant-Benutzer auszuwählen.","don't translate HKI 7 Cloud, Home Assistant"
dlg_vis_match,,Match,Übereinstimmen,
dlg_vis_match_all,,All rules,Alle Regeln,
dlg_vis_match_any,,Any rule,Irgendeine Regel,
dlg_vis_or,,OR,ODER,
dlg_vis_time_schedule,,Time schedule,Zeitplan,
dlg_choose_a_visual_home_assistant_block,,Choose a visual Home Assistant block,Wählen Sie einen visuellen Home Assistant-Block,don't translate Home Assistant
dlg_choose_action,,Choose action,Aktion auswählen,
dlg_choose_an_action,,Choose an action,Wählen Sie eine Aktion,
dlg_choose_an_entity,,Choose an entity,Wählen Sie eine Entität,
dlg_choose_an_entity_first,,Choose an entity first,Wählen Sie zunächst eine Entität aus,
dlg_choose_entity,,Choose entity,Wählen Sie eine Entität,
dlg_choose_the_home_assistant_entities_that_drive_this_room,,Choose the Home Assistant entities that drive this room's live indicators. Indicators only appear while they are active.,"Wählen Sie die Home Assistant-Entitäten aus, die die Live-Anzeigen dieses Raums steuern. Indikatoren erscheinen nur, solange sie aktiv sind.",don't translate Home Assistant
dlg_choose_the_profile_for_this_light,,Choose the profile for this light,Wählen Sie das Profil für diese Leuchte,
dlg_choose_what_this_action_should_control,,Choose what this action should control,"Wählen Sie aus, was diese Aktion steuern soll",
dlg_choose_what_this_badge_summarizes,,Choose what this badge summarizes,"Wählen Sie aus, was dieses Abzeichen zusammenfasst",
dlg_choose_what_this_header_pill_shows,,Choose what this header pill shows,"Wählen Sie aus, was in dieser Kopfzeile angezeigt wird",
dlg_clear,,Clear,Klar,
dlg_clear_rooms_view,,Clear rooms view?,Freie Sicht auf die Zimmer?,
dlg_climate_dialog_control,,Climate dialog control,Klimadialogsteuerung,
dlg_climate_sources_take_priority_and_use_their_current_temper,,Climate sources take priority and use their current_temperature and current_humidity values. ,Klimaquellen haben Priorität und verwenden ihre aktuellen Temperatur- und aktuellen Feuchtigkeitswerte.,keep the space at the start/end
dlg_climate_summary,,Climate summary,Klimazusammenfassung,
dlg_close,,Close,Schließen,
dlg_confirm,,Confirm,Bestätigen,
dlg_controls_light_in_this_profile,,Controls %1$s light%2$s in this profile.,Steuert %1$s light%2$s in diesem Profil.,app fills in %1$s %2$s — keep them
dlg_countdown_timer,,Countdown timer,Countdown-Timer,
dlg_create_a_flow,,Create a flow,Erstellen Sie einen Fluss,
dlg_current,,Current %1$s%%,Aktuell %1$s%%,app fills in %1$s — keep them
dlg_current_weather,,Current weather,Aktuelles Wetter,
dlg_custom,,Custom,Brauch,
dlg_custom_buttons,,Custom buttons,Benutzerdefinierte Schaltflächen,
dlg_custom_value,,Custom %1$s,Benutzerdefiniert %1$s,app fills in %1$s — keep them
dlg_custom_name,,Custom name,Benutzerdefinierter Name,
dlg_custom_seconds,,Custom seconds,Benutzerdefinierte Sekunden,
dlg_custom_state,,Custom state...,Benutzerdefinierter Status...,
dlg_date,,Date,Datum,
dlg_day_to,,%1$s day%2$s to %3$s,%1$s Tag%2$s bis %3$s,app fills in %1$s %2$s %3$s — keep them
dlg_delete_automation,,Delete automation?,Automatisierung löschen?,
dlg_delete,,Delete,Löschen,
dlg_description,,Description,Beschreibung,
dlg_details,,Details,Details,
dlg_device_value,,Device: %1$s,Gerät: %1$s,app fills in %1$s — keep them
dlg_device,,Device,Gerät,
dlg_direction,,Direction —,Richtung —,
dlg_display,,Display,Anzeige,
dlg_display_linked_entities_and_dialog_layout,,"Display, linked entities, and dialog layout","Anzeige, verknüpfte Elemente und Dialoglayout",
dlg_display_mode,,Display mode,Anzeigemodus,
dlg_display_order,,Display order,Reihenfolge anzeigen,
dlg_done,,Done,Erledigt,
dlg_door_sensors,,Door sensors,Türsensoren,
dlg_edit,,Edit,Bearbeiten,
dlg_empty_bin,,Empty bin: %1$s,Leerer Behälter: %1$s,app fills in %1$s — keep them
dlg_end,,End: %1$s,Ende: %1$s,app fills in %1$s — keep them
dlg_enter_a_valid_json_object,,Enter a valid JSON object,Geben Sie ein gültiges JSON-Objekt ein,
dlg_enter_code,,Enter code,Code eingeben,
dlg_enter_the_same_data_object_home_assistant_shows_in,,Enter the same data object Home Assistant shows in YAML. JSON is used here so values keep their exact type.,"Geben Sie dasselbe Datenobjekt ein, das Home Assistant in YAML anzeigt. Hier wird JSON verwendet, sodass die Werte ihren genauen Typ behalten.",don't translate Home Assistant
dlg_entities_count,,Entities (%1$s),Entitäten (%1$s),app fills in %1$s — keep them
dlg_entities_appearance_and_interactions,,"Entities, appearance, and interactions","Entitäten, Aussehen und Interaktionen",
dlg_entities,,Entities,Entitäten,
dlg_entities_that_signal_activity_or_safety_states,,Entities that signal activity or safety states,"Entitäten, die Aktivitäts- oder Sicherheitszustände signalisieren",
dlg_entity_integrations,,Entity integrations,Entitätsintegrationen,
dlg_entity_name,,Entity name,Entitätsname,
dlg_entity_picture,,Entity picture,Entitätsbild,
dlg_event,,Event,Ereignis,
dlg_exact_text_or_number_reported_by_home_assistant,,Exact text or number reported by Home Assistant,"Genauer Text oder genaue Nummer, die von Home Assistant gemeldet wird",don't translate Home Assistant
dlg_exit_full_screen,,Exit full screen,Verlassen Sie den Vollbildmodus,
dlg_floor,,Floor,Boden,
dlg_floor_assignment,,Floor assignment,Etagenzuweisung,
dlg_flows,,Flows,Fließt,
dlg_forecast,,Forecast,Vorhersage,
dlg_forget_selection,,Forget selection,Vergessen Sie die Auswahl,
dlg_forward,,Forward,Nach vorne,
dlg_from,,From %1$s,Von %1$s,app fills in %1$s — keep them
dlg_from_state,,From state,Vom Staat,
dlg_full_day_name,,Full Day Name,Vollständiger Name,
dlg_group_light_paused_for_manual_control,,%1$s group light%2$s paused for manual control.,%1$s Gruppenlicht%2$s zur manuellen Steuerung angehalten.,app fills in %1$s %2$s — keep them
dlg_header_appearance,,Header appearance,Erscheinungsbild der Kopfzeile,
dlg_header_custom_color_rrggbb,,Header custom color (#RRGGBB),Benutzerdefinierte Kopfzeilenfarbe (#RRGGBB),
dlg_header_pill,,Header pill,Kopfpille,
dlg_hidden,,Hidden,Versteckt,
dlg_hidden_during,,Hidden during,Versteckt während,
dlg_hide_this_badge_or_schedule_when_it_appears,,"Hide this badge, or schedule when it appears","Blenden Sie dieses Abzeichen aus oder planen Sie, wann es angezeigt wird",
dlg_https,,https://…,https://…,
dlg_humidity,,Humidity,Luftfeuchtigkeit,
dlg_icon,,Icon,Symbol,
dlg_icon_animation,,Icon animation,Symbolanimation,
dlg_icon_value,,Icon: %1$s,Symbol: %1$s,app fills in %1$s — keep them
dlg_identity,,Identity,Identität,
dlg_identity_presentation_indicators_and_maintenance,,"Identity, presentation, indicators, and maintenance","Identität, Präsentation, Indikatoren und Wartung",
dlg_import_only_rooms_that_have_not_been_edited_or,,"Import only rooms that have not been edited, or rebuild everything. Rebuilding removes all edited rooms and floors before importing them from scratch.","Importieren Sie nur Räume, die nicht bearbeitet wurden, oder erstellen Sie alles neu. Beim Neuaufbau werden alle bearbeiteten Räume und Etagen entfernt, bevor sie von Grund auf importiert werden.",
dlg_import_unedited,,Import unedited,Unbearbeitet importieren,
dlg_interactions,,Interactions,Interaktionen,
dlg_is,, is,Ist,keep the space at the start/end
dlg_items,,%1$s items,%1$s Artikel,app fills in %1$s — keep them
dlg_last_run,,Last run %1$s,Letzter Lauf %1$s,app fills in %1$s — keep them
dlg_left,,Left,Links,
dlg_left_side_overflows_right,,Left side overflows right,Die linke Seite läuft nach rechts über,
dlg_live,,Live,Live,
dlg_live_uppercase,,LIVE,LIVE,
dlg_live_indicators,,Live indicators,Live-Indikatoren,
dlg_loading_actions,,Loading actions…,Aktionen werden geladen…,
dlg_lunar_phase,,Lunar phase,Mondphase,
dlg_map,,Map,Karte,
dlg_map_value,,Map: %1$s,Karte: %1$s,app fills in %1$s — keep them
dlg_media,,Media,Medien,
dlg_media_browsing_isn_t_available_for_this_player,,Media browsing isn't available for this player.,Das Durchsuchen von Medien ist für diesen Player nicht verfügbar.,
dlg_media_library,,Media library,Medienbibliothek,
dlg_media_players,,Media players,Mediaplayer,
dlg_meteorological_tap_or_swipe,,Meteorological · tap or swipe,Meteorologisch · Tippen oder Wischen,
dlg_mm,,%1$s mm,%1$s mm,app fills in %1$s — keep them
dlg_modes,,Modes,Modi,
dlg_moon,,Moon,Mond,
dlg_move_down,,Move down,Bewegen Sie sich nach unten,
dlg_move_up,,Move up,Bewegen Sie sich nach oben,
dlg_multiple_climate_values_are_averaged_separate_sensor_value,,Multiple climate values are averaged. Separate sensor values are averaged only when no climate source is selected.,"Mehrere Klimawerte werden gemittelt. Separate Sensorwerte werden nur dann gemittelt, wenn keine Klimaquelle ausgewählt ist.",
dlg_name,,Name,Name,
dlg_name_and_icon_used_throughout_the_app,,Name and icon used throughout the app,"Name und Symbol, die in der gesamten App verwendet werden",
dlg_name_optional,,Name (optional),Name (optional),
dlg_native_home_assistant_automations_always_in_sync,,"Native Home Assistant automations, always in sync","Native Home Assistant-Automatisierungen, immer synchron",don't translate Home Assistant
dlg_never_triggered,,Never triggered,Nie ausgelöst,
dlg_new_flow,,New flow,Neuer Fluss,
dlg_next_camera,,Next camera,Nächste Kamera,
dlg_no_conditions_this_flow_always_continues,,No conditions — this flow always continues,Keine Bedingungen – dieser Fluss geht immer weiter,
dlg_no_door_sensor,,No door sensor,Kein Türsensor,
dlg_no_forecast_available,,No forecast available,Keine Prognose verfügbar,
dlg_no_matching_automations,,No matching automations,Keine passenden Automatisierungen,
dlg_no_native_home_assistant_automations_found,,No native Home Assistant automations found,Keine nativen Home Assistant-Automatisierungen gefunden,don't translate Home Assistant
dlg_no_profile_available,,No profile available,Kein Profil verfügbar,
dlg_no_stream_available,,No stream available,Kein Stream verfügbar,
dlg_no_supported_alarm_modes_reported_by_this_entity,,No supported alarm modes reported by this entity,Von dieser Entität wurden keine unterstützten Alarmmodi gemeldet,
dlg_no_target,,No target,Kein Ziel,
dlg_none,,None,Keiner,
dlg_none_timer_follows_the_completion_time_only,,None — timer follows the completion time only,Keine – der Timer folgt nur der Abschlusszeit,
dlg_not_loaded_by_home_assistant,,Not loaded by Home Assistant,Wird nicht von Home Assistant geladen,don't translate Home Assistant
dlg_nothing_here,,Nothing here.,Nichts hier.,
dlg_off_uppercase,,OFF,AUS,
dlg_off,,Off,Aus,
dlg_on_uppercase,,ON,AN,
dlg_on,,On,An,
dlg_percent_on,,%1$s%% • ON,%1$s%% • EIN,app fills in %1$s — keep them
dlg_open_camera_full_screen,,Open camera full screen,Kamera im Vollbildmodus öffnen,
dlg_open,,Open,Offen,
dlg_optional_controls_and_sensors_for_richer_dialogs,,Optional controls and sensors for richer dialogs,Optionale Bedienelemente und Sensoren für umfangreichere Dialoge,
dlg_optional_fields_passed_to_home_assistant,,Optional fields passed to Home Assistant,An Home Assistant übergebene optionale Felder,don't translate Home Assistant
dlg_optional_label_shown_when_name_is_enabled_above,,"Optional label shown when ""Name"" is enabled above","Optionale Beschriftung, die angezeigt wird, wenn „Name“ oben aktiviert ist",
dlg_oscillate,,Oscillate,Oszillieren,
dlg_pause,,Pause,Pause,
dlg_pause_adaptation,,Pause adaptation,Anpassung pausieren,
dlg_pending_timer,,Pending timer,Ausstehender Timer,
dlg_pick_a_source_device_or_fine_tune_individual_roles,,Pick a source device or fine-tune individual roles,Wählen Sie ein Quellgerät aus oder passen Sie einzelne Rollen an,
dlg_place_this_room_in_the_correct_floor_group,,Place this room in the correct floor group,Platzieren Sie diesen Raum in der richtigen Etagengruppe,
dlg_placement,,Placement,Platzierung,
dlg_players_summarized_by_the_room_header_and_card,,Players summarized by the room header and card,"Spieler, zusammengefasst nach Raumkopfzeile und Karte",
dlg_please_wait,,Please wait…,Bitte warten…,
dlg_precipitation,,Precipitation,Fällung,
dlg_presets_uppercase,,PRESETS,VOREINSTELLUNGEN,
dlg_presets,,Presets,Voreinstellungen,
dlg_previous_camera,,Previous camera,Vorherige Kamera,
dlg_profile,,Profile,Profil,
dlg_profile_switches_affect_every_light_assigned_to,,Profile switches affect every light assigned to %1$s.,"Profilschalter wirken sich auf jedes Licht aus, das %1$s zugewiesen ist.",app fills in %1$s — keep them
dlg_rain,,Rain,Regen,
dlg_rain_map,,Rain map,Regenkarte,
dlg_rain_map_url_iframe,,Rain map URL (iframe),Regenkarten-URL (Iframe),
dlg_re_import_rooms,,Re-import rooms,Räume erneut importieren,
dlg_read_only_home_assistant_automation,,Read-only Home Assistant automation,Schreibgeschützte Home Assistant-Automatisierung,don't translate Home Assistant
dlg_recipes_create_regular_home_assistant_automations_you_can,,Recipes create regular Home Assistant automations. You can continue editing them in either HKI7 or Home Assistant.,Rezepte erstellen regelmäßige Home Assistant-Automatisierungen. Sie können sie entweder in HKI7 oder Home Assistant weiter bearbeiten.,"don't translate Home Assistant, HKI7"
dlg_remove,,Remove,Entfernen,
dlg_remove_edits_and_import_all,,Remove edits and import all,Änderungen entfernen und alles importieren,
dlg_repeat,,Repeat,Wiederholen,
dlg_repeats_every_day_only_the_time_of_day_is,,Repeats every day — only the time of day is used.,Wird jeden Tag wiederholt – es wird nur die Tageszeit verwendet.,
dlg_repeats_every_month_only_the_day_of_the_month,,Repeats every month — only the day of the month and time are used.,Wird jeden Monat wiederholt – es werden nur der Tag des Monats und die Uhrzeit verwendet.,
dlg_repeats_every_week_only_the_weekday_and_time_are,,Repeats every week — only the weekday and time are used.,Wird jede Woche wiederholt – es werden nur der Wochentag und die Uhrzeit verwendet.,
dlg_repeats_every_year_the_year_is_ignored_so_e,,"Repeats every year — the year is ignored, so e.g. 24–26 Dec recurs each Christmas.","Wird jedes Jahr wiederholt – das Jahr wird ignoriert, also z.B. Der 24.–26. Dezember findet jedes Jahr zu Weihnachten statt.",
dlg_required,, (required),(erforderlich),keep the space at the start/end
dlg_required_state,,Required state,Erforderlicher Zustand,
dlg_resume_adaptation,,Resume adaptation,Anpassung fortsetzen,
dlg_resume,,Resume,Wieder aufnehmen,
dlg_reverse,,Reverse,Umkehren,
dlg_right,,Right,Rechts,
dlg_right_side_overflows_left,,Right side overflows left,Die rechte Seite läuft nach links über,
dlg_room_areas,,Room areas,Raumbereiche,
dlg_room_climate,,Room climate,Raumklima,
dlg_room_name,,Room name,Raumname,
dlg_run_mode,,Run mode,Run-Modus,
dlg_running_state_entity,,Running-state entity,Laufende Entität,
dlg_s_are,,s are,s sind,
dlg_save,,Save,Speichern,
dlg_save_in_home_assistant,,Save in Home Assistant,Speichern Sie im Home Assistant,don't translate Home Assistant
dlg_saved_directly_in_the_native_automation,,Saved directly in the native automation,Direkt in der nativen Automatisierung gespeichert,
dlg_scheduled,,Scheduled,Geplant,
dlg_search_actions,,Search actions,Suchaktionen,
dlg_search_automations,,Search automations,Suchautomatisierungen,
dlg_season,,Season,Jahreszeit,
dlg_select,,Select %1$s,Wählen Sie %1$s,app fills in %1$s — keep them
dlg_select_a_mode_to_continue,,Select a mode to continue,"Wählen Sie einen Modus aus, um fortzufahren",
dlg_select_battery_sensor,,Select Battery Sensor,Wählen Sie Batteriesensor,
dlg_select_door_sensor,,Select Door Sensor,Wählen Sie Türsensor,
dlg_select_empty_bin_control,,Select Empty Bin Control,Wählen Sie „Bin-leeren-Steuerung“ aus,
dlg_select_entities,,Select Entities,Wählen Sie Entitäten aus,
dlg_select_entity,,Select Entity,Wählen Sie Entität aus,
dlg_select_map_camera,,Select Map Camera,Wählen Sie Kartenkamera,
dlg_select_media_players,,Select Media Players,Wählen Sie Mediaplayer,
dlg_select_running_state_entity,,Select running-state entity,Wählen Sie die Entität „Laufstatus“ aus,
dlg_select_target_entity,,Select Target Entity,Wählen Sie Zielentität aus,
dlg_select_the_alarm_panels_summarized_by_this_pill,,Select the alarm panels summarized by this pill,Wählen Sie die in dieser Pille zusammengefassten Alarmzentralen aus,
dlg_select_vacuum_entity,,Select Vacuum Entity,Wählen Sie Vakuumobjekt,
dlg_select_water_level,,Select Water Level,Wählen Sie Wasserstand,
dlg_selected,,%1$s · Selected,%1$s · Ausgewählt,app fills in %1$s — keep them
dlg_set,,Set,Satz,
dlg_shape,,Shape,Form,
dlg_shape_visible_information_and_icon_behavior,,"Shape, visible information, and icon behavior","Form, sichtbare Informationen und Symbolverhalten",
dlg_show_a_descending_timer_when_the_value_is_a,,"Show a descending timer when the value is a completion time (e.g. a washer/dryer finish time). Active while counting, off at zero.","Zeigt einen absteigenden Timer an, wenn es sich bei dem Wert um eine Abschlusszeit handelt (z. B. die Abschlusszeit einer Waschmaschine/eines Trockners). Aktiv beim Zählen, ausgeschaltet bei Null.",
dlg_show_a_live_radar_rain_map_card_a_camera,,Show a live radar/rain map card — a camera entity or an embedded web page (iframe),Zeigen Sie eine Live-Radar-/Regenkartenkarte an – eine Kameraeinheit oder eine eingebettete Webseite (Iframe).,
dlg_show_badge_bar,,Show badge bar,Abzeichenleiste anzeigen,
dlg_show_the_entity_s_state_or_one_of_its,,"Show the entity's state, or one of its attributes instead.",Zeigen Sie stattdessen den Status der Entität oder eines ihrer Attribute an.,
dlg_side_split_alignment,,Side (split alignment),Seite (geteilte Ausrichtung),
dlg_snapshot,,Snapshot,Schnappschuss,
dlg_span_badges,,Span badges,Span-Abzeichen,
dlg_speed,,SPEED,GESCHWINDIGKEIT,
dlg_start,,Start: %1$s,Beginn: %1$s,app fills in %1$s — keep them
dlg_start_with_a_useful_recipe_then_adjust_each_step,,"Start with a useful recipe, then adjust each step",Beginnen Sie mit einem nützlichen Rezept und passen Sie dann jeden Schritt an,
dlg_state,,State,Zustand,
dlg_state_text,,State text,Staatstext,
dlg_switch,,SWITCH,SCHALTEN,
dlg_tap_hold_and_dialog_quick_actions,,"Tap, hold, and dialog quick actions","Tippen, halten und führen Sie Schnellaktionen durch",
dlg_target_range_percent,,TARGET (%1$s–%2$s%%),ZIEL (%1$s–%2$s%%),app fills in %1$s %2$s — keep them
dlg_target,,Target,Ziel,
dlg_target_entity_optional,,Target entity (optional),Zielentität (optional),
dlg_temperature,,Temperature,Temperatur,
dlg_temperature_and_humidity_sources_for_the_room,,Temperature and humidity sources for the room,Temperatur- und Feuchtigkeitsquellen für den Raum,
dlg_that_profile,,that profile,dieses Profil,
dlg_the_exact_dates_you_pick_leave_a_bound_as,,"The exact dates you pick. Leave a bound as ""Any"" for an open-ended range.","Die genauen Daten wählen Sie aus. Behalten Sie als Grenze „Beliebig“ bei, um einen Bereich mit offenem Ende zu erhalten.",
dlg_the_room_header_and_card_show_a_single_player,,"The room header and card show a single player's media, or an active-player count when multiple players are selected.","Der Raumkopf und die Karte zeigen die Medien eines einzelnen Spielers oder die Anzahl der aktiven Spieler, wenn mehrere Spieler ausgewählt sind.",
dlg_thermostat_dial,,Thermostat dial,Thermostat-Zifferblatt,
dlg_this_action_does_not_use_an_entity_target,,This action does not use an entity target.,Diese Aktion verwendet kein Entitätsziel.,
dlg_this_action_has_no_required_target_or_additional_fields,,This action has no required target or additional fields.,Für diese Aktion gibt es kein erforderliches Ziel oder zusätzliche Felder.,
dlg_this_automation_is_managed_outside_home_assistant_s_ui,,"This automation is managed outside Home Assistant's UI (usually YAML). HKI7 can show it, but will not overwrite it.","Diese Automatisierung wird außerhalb der Benutzeroberfläche von Home Assistant (normalerweise YAML) verwaltet. HKI7 kann es anzeigen, aber nicht überschreiben.","don't translate Home Assistant, HKI7"
dlg_this_entity,,This entity,Dieses Wesen,
dlg_this_light_is_paused_for_manual_control,,This light is paused for manual control.,Dieses Licht wird zur manuellen Steuerung angehalten.,
dlg_this_removes_all_imported_rooms_and_floors_from_this,,This removes all imported rooms and floors from this view.,Dadurch werden alle importierten Räume und Etagen aus dieser Ansicht entfernt.,
dlg_this_removes_the_native_automation_from_home_assistant_thi,,This removes the native automation from Home Assistant. This cannot be undone from HKI7.,Dadurch wird die native Automatisierung von Home Assistant entfernt. Dies kann von HKI7 aus nicht rückgängig gemacht werden.,"don't translate Home Assistant, HKI7"
dlg_time,,Time,Zeit,
dlg_to_state,,To state,Zu sagen,
dlg_turn_on,,Turn On,Einschalten,
dlg_unit,,Unit,Einheit,
dlg_untitled,,Untitled,Ohne Titel,
dlg_url_https,,URL (https://…),URL (https://…),
dlg_vacuum_entities,,Vacuum entities,Vakuumwesen,
dlg_vertical_slider,,Vertical slider,Vertikaler Schieberegler,
dlg_visibility,,Visibility,Sichtweite,
dlg_visibility_alignment_and_overflow_behavior,,"Visibility, alignment, and overflow behavior","Sichtbarkeit, Ausrichtung und Überlaufverhalten",
dlg_visible_during,,Visible during,Sichtbar während,
dlg_waiting_for_home_assistant,,Waiting for Home Assistant,Warten auf den Heimassistenten,don't translate Home Assistant
dlg_wallpaper_and_optional_custom_color,,Wallpaper and optional custom color,Hintergrundbild und optionale benutzerdefinierte Farbe,
dlg_wallpaper_url_or_path,,Wallpaper URL or path,Hintergrundbild-URL oder -Pfad,
dlg_water_value,,Water: %1$s,Wasser: %1$s,app fills in %1$s — keep them
dlg_water,,Water,Wasser,
dlg_weather_details,,Weather details,Wetterdetails,
dlg_weather_entities,,Weather entities,Wetterentitäten,
dlg_when,,When,Wann,
dlg_when_and_if_then,,When · And if · Then,Wann · Und wenn · Dann,
dlg_widget_width,,Widget width,Widget-Breite,
dlg_wind,,Wind,Wind,
dlg_any,,Any,Beliebig,
dlg_once,,Once,Einmal,
dlg_daily,,Daily,Täglich,
dlg_weekly,,Weekly,Wöchentlich,
dlg_monthly,,Monthly,Monatlich,
dlg_yearly,,Yearly,Jährlich,
dlg_default,,Default,Standard,
dlg_toggle,,Toggle,Umschalten,
dlg_more_information,,More information,Weitere Informationen,
dlg_navigate,,Navigate,Navigieren,
dlg_url,,URL,URL,
dlg_home,,Home,Start,
dlg_rooms,,Rooms,Räume,
dlg_energy,,Energy,Energie,
dlg_climate,,Climate,Klima,
dlg_security,,Security,Sicherheit,
dlg_battery,,Battery,Batterie,
dlg_settings,,Settings,Einstellungen,
dlg_room_value,,Room · %1$s,Raum · %1$s,app fills in %1$s — keep them
dlg_could_not_load_home_assistant_actions,,Could not load Home Assistant actions,Home Assistant-Aktionen konnten nicht geladen werden,don't translate Home Assistant
dlg_show_entity_default_this_one,,Show entity (default: this one),Entität anzeigen (Standard: diese),
dlg_target_entity_default_this_one,,Target entity (default: this one),Zielentität (Standard: diese),
dlg_select_destination,,Select destination,Ziel auswählen,
dlg_choose_target,,Choose target,Ziel auswählen,
dlg_target_and_action_data,,Target and action data,Ziel- und Aktionsdaten,
dlg_tap,,Tap,Tippen,
dlg_hold,,Hold,Gedrückt halten,
dlg_double_tap,,Double tap,Doppeltippen,
dlg_alarm_disarmed,,Disarmed,Unscharf,
dlg_alarm_armed_home,,Armed home,Scharf: Zuhause,
dlg_alarm_armed_away,,Armed away,Scharf: Abwesend,
dlg_alarm_armed_night,,Armed night,Scharf: Nacht,
dlg_alarm_armed_vacation,,Armed vacation,Scharf: Urlaub,
dlg_alarm_armed_custom,,Armed (custom),Scharf (benutzerdefiniert),
dlg_alarm_arming,,Arming…,Wird scharfgeschaltet…,
dlg_alarm_disarming,,Disarming…,Wird unscharf geschaltet…,
dlg_alarm_triggered,,TRIGGERED,AUSGELÖST,
dlg_alarm_disarmed_message,,Alarm disarmed,Alarmanlage unscharf geschaltet,
dlg_alarm_command,,Alarm command,Alarmbefehl,
dlg_alarm_command_accepted,,%1$s accepted,%1$s akzeptiert,app fills in %1$s — keep them
dlg_alarm_command_failed,,Command failed. Check the code and try again.,Befehl fehlgeschlagen. Code prüfen und erneut versuchen.,
dlg_alarm_arming_cancelled,,Arming cancelled,Scharfschaltung abgebrochen,
dlg_alarm_cancel_failed,,Cancellation failed. Check the code and try again.,Abbruch fehlgeschlagen. Code prüfen und erneut versuchen.,
dlg_alarm_arm_home,,Arm home,Zuhause scharfschalten,
dlg_alarm_arm_away,,Arm away,Abwesend scharfschalten,
dlg_alarm_arm_night,,Arm night,Nachtmodus scharfschalten,
dlg_alarm_arm_custom,,Arm custom,Benutzerdefiniert scharfschalten,
dlg_alarm_arm_vacation,,Arm vacation,Urlaubsmodus scharfschalten,
dlg_alarm_disarm,,Disarm,Unscharf schalten,
dlg_room_configuration,,Room configuration,Raum konfigurieren,
dlg_choose_room_area_to_configure,,Choose a room area to configure,Raum zum Konfigurieren auswählen,
dlg_focused_room_options,,Options for this room area,Optionen für diesen Raum,
dlg_general,,General,Allgemein,
dlg_name_and_icon,,Name and icon,Name und Symbol,
dlg_header,,Header,Kopfzeile,
dlg_wallpaper_and_custom_color,,Wallpaper and custom color,Hintergrund und eigene Farbe,
dlg_badge_bar,,Badge bar,Badge-Leiste,
dlg_alignment_and_display_options,,Alignment and display options,Ausrichtung und Anzeigeoptionen,
dlg_assign_room_to_floor,,Assign this room to a floor,Diesen Raum einer Etage zuweisen,
dlg_room_status,,Room status,Raumstatus,
dlg_room_status_summary,,"Media, activity, safety, and climate indicators","Medien-, Aktivitäts-, Sicherheits- und Klimaanzeigen",
dlg_reimport_from_home_assistant,,Re-import from Home Assistant,Erneut aus Home Assistant importieren,don't translate Home Assistant
dlg_import_or_rebuild_rooms,,Import new rooms or rebuild every room,Neue Räume importieren oder alle Räume neu aufbauen,
dlg_clear_rooms_view_action,,Clear rooms view,Raumansicht leeren,
dlg_remove_imported_rooms_and_floors,,Remove imported rooms and floors,Importierte Räume und Etagen entfernen,
dlg_room,,Room,Raum,
dlg_split,,Split,Geteilt,
dlg_center,,Center,Mitte,
dlg_doors,,Doors,Türen,
dlg_windows,,Windows,Fenster,
dlg_motion,,Motion,Bewegung,
dlg_presence,,Presence,Anwesenheit,
dlg_lights,,Lights,Lichter,
dlg_devices,,Devices,Geräte,
dlg_smoke,,Smoke,Rauch,
dlg_gas,,Gas,Gas,
dlg_fire,,Fire,Feuer,
dlg_full,,Full,Voll,
dlg_half,,Half,Halb,
dlg_third,,Third,Drittel,
dlg_choose_vacuum_entity_instead,,Choose a vacuum entity instead,Stattdessen eine Staubsauger-Entität auswählen,
dlg_camera_live_page,,%1$d/%2$d · Live,%1$d/%2$d · Live,app fills in %1$d %2$d — keep them
dlg_weather,,Weather,Wetter,
dlg_weather_state_clear_night,,Clear night,Klare Nacht,
dlg_weather_state_cloudy,,Cloudy,Bewölkt,
dlg_weather_state_exceptional,,Exceptional,Außergewöhnlich,
dlg_weather_state_fog,,Fog,Nebel,
dlg_weather_state_hail,,Hail,Hagel,
dlg_weather_state_lightning,,Lightning,Gewitter,
dlg_weather_state_lightning_rainy,,Thunderstorms,Gewitter mit Regen,
dlg_weather_state_partly_cloudy,,Partly cloudy,Teilweise bewölkt,
dlg_weather_state_pouring,,Pouring rain,Starkregen,
dlg_weather_state_rainy,,Rainy,Regnerisch,
dlg_weather_state_snowy,,Snowy,Schnee,
dlg_weather_state_snowy_rainy,,Sleet,Schneeregen,
dlg_weather_state_sunny,,Sunny,Sonnig,
dlg_weather_state_windy,,Windy,Windig,
dlg_weather_state_windy_variant,,Windy and cloudy,Windig und bewölkt,
dlg_selected_entities_summary,one,%1$d selected · %2$s,%1$d ausgewählt · %2$s,app fills in %1$d %2$s — keep them
dlg_selected_entities_summary,other,%1$d selected · %2$s,%1$d ausgewählt · %2$s,app fills in %1$d %2$s — keep them
dlg_action_data_value_summary,one,%1$s · %2$d data value,%1$s · %2$d Datenwert,app fills in %1$s %2$d — keep them
dlg_action_data_value_summary,other,%1$s · %2$d data values,%1$s · %2$d Datenwerte,app fills in %1$s %2$d — keep them
dlg_seconds_short,one,%d sec,%d Sek.,app fills in %d — keep them
dlg_seconds_short,other,%d sec,%d Sek.,app fills in %d — keep them
dlg_arming_in_seconds,one,Arming in %d second,Scharfschaltung in %d Sekunde,app fills in %d — keep them
dlg_arming_in_seconds,other,Arming in %d seconds,Scharfschaltung in %d Sekunden,app fills in %d — keep them
energy_extra_sensors,,Energy sensors,Energiesensoren,
energy_extra_settings,,Energy settings,Energieeinstellungen,
energy_extra_previous_period,,Previous period,Vorheriger Zeitraum,
energy_extra_next_period,,Next period,Nächster Zeitraum,
energy_extra_empty_view_hint,,This energy view is empty. Swipe down on the header and open Energy settings to add entities manually.,"Diese Energieansicht ist leer. Wische in der Kopfzeile nach unten und öffne die Energieeinstellungen, um Entitäten manuell hinzuzufügen.",
energy_extra_electricity,,Electricity,Strom,
energy_extra_solar,,Solar,Solarenergie,
energy_extra_home,,Home,Zuhause,
energy_extra_battery,,Battery,Batterie,
energy_extra_gas,,Gas,Gas,
energy_extra_city_heating,,City heating,Stadtheizung,
energy_extra_water,,Water,Wasser,
energy_extra_energy,,Energy,Energie,
energy_extra_power,,Power,Leistung,
energy_extra_carbon,,Carbon,CO₂,
energy_extra_devices,,Devices,Geräte,
energy_extra_device,,Device,Gerät,
energy_extra_importing,,Importing,Bezug,
energy_extra_exporting,,Exporting,Einspeisung,
energy_extra_idle,,Idle,Inaktiv,
energy_extra_charging,,Charging,Laden,
energy_extra_discharging,,Discharging,Entladen,
energy_extra_producing,,Producing,Erzeugung,
energy_extra_consuming,,Consuming,Verbrauch,
energy_extra_grid_idle,,Grid idle,Netz inaktiv,
energy_extra_importing_power,,Importing power,Strombezug,
energy_extra_exporting_power,,Exporting power,Stromeinspeisung,
energy_extra_battery_supporting,,Battery supplying power,Batterie liefert Strom,
energy_extra_battery_charging,,Battery charging,Batterie wird geladen,
energy_extra_solar_producing,,Solar producing,Solaranlage erzeugt Strom,
energy_extra_home_consuming,,Home consuming,Haus verbraucht Strom,
energy_extra_energy_idle,,Energy idle,Kein Energiefluss,
energy_extra_today_value,,%1$s today,%1$s heute,app fills in %1$s — keep them
energy_extra_used_period,,Used %1$s,Verbraucht: %1$s,app fills in %1$s — keep them
energy_extra_produced_period,,Produced %1$s,Erzeugt: %1$s,app fills in %1$s — keep them
energy_extra_fossil_percentage,,%1$s%% fossil,%1$s%% fossil,app fills in %1$s — keep them
energy_extra_self_used_percentage,,Self-used · %1$d%%,Eigenverbrauch · %1$d%%,app fills in %1$d — keep them
energy_extra_electricity_total,,Electricity total,Strom gesamt,
energy_extra_top_consumers,,Top consumers,Größte Verbraucher,
energy_extra_device_energy,,Device energy,Energie je Gerät,
energy_extra_individual_water_usage,,Individual water usage,Wasserverbrauch je Gerät,
energy_extra_production,,Production,Erzeugung,
energy_extra_forecast,,Forecast,Prognose,
energy_extra_inverters,,Inverters,Wechselrichter,
energy_extra_now,,Now,Jetzt,
energy_extra_usage,,Usage,Verbrauch,
energy_extra_total,,Total,Gesamt,
energy_extra_cost,,Cost,Kosten,
energy_extra_charge,,Charge,Ladestand,
energy_extra_grid_flow,,Grid flow,Netzfluss,
energy_extra_self_sufficient,,Self-sufficient,Autarkie,
energy_extra_carbon_footprint,,Carbon footprint,CO₂-Fußabdruck,
energy_extra_self_used,,Self-used,Eigenverbrauch,
energy_extra_last_seven_days,,Last 7 days,Letzte 7 Tage,
energy_extra_lifetime,,Lifetime,Gesamtlaufzeit,
energy_extra_power_per_phase,,Power per phase,Leistung je Phase,
energy_extra_tariff_meter_readings,,Tariff meter readings,Zählerstände nach Tarif,
energy_extra_tariff_one,,Tariff 1,Tarif 1,
energy_extra_tariff_two,,Tariff 2,Tarif 2,
energy_extra_solar_production,,Solar production,Solarerzeugung,
energy_extra_category_overview,,Overview,Übersicht,
energy_extra_category_electricity_subtitle,,"Grid power, phases, import/export, tariffs, and cost","Netzleistung, Phasen, Bezug, Einspeisung, Tarife und Kosten",
energy_extra_category_solar_subtitle,,"Production, forecast, and inverter device","Erzeugung, Prognose und Wechselrichter",
energy_extra_category_battery_subtitle,,Charge level and battery power,Ladestand und Batterieleistung,
energy_extra_category_carbon_subtitle,,Grid carbon-footprint device,Gerät für den CO₂-Fußabdruck des Stromnetzes,
energy_extra_category_usage_cost_subtitle,,Usage and cost,Verbrauch und Kosten,
energy_extra_category_devices_subtitle,,"Power, energy, and individual water devices","Leistung, Energie und einzelne Wasserzähler",
energy_extra_category_city_heating_subtitle,,"Heat energy, current output, and cost","Wärmeenergie, aktuelle Leistung und Kosten",
energy_extra_card_live_source_tiles,,Live source tiles,Live-Quellkacheln,
energy_extra_card_electricity_totals_usage,,Electricity totals and usage,Stromsummen und Verbrauch,
energy_extra_card_home_battery,,Home battery,Heimbatterie,
energy_extra_card_gas_usage,,Gas usage,Gasverbrauch,
energy_extra_card_city_heating_usage,,City-heating usage,Nutzung der Stadtwärme,
energy_extra_card_water_usage,,Water usage,Wasserverbrauch,
energy_extra_card_device_energy_bars,,Device energy bars,Energie je Gerät,
energy_extra_select_energy_cards,,Select energy cards,Energiekarten auswählen,
energy_extra_role_grid_power,,Grid power (W),Netzleistung (W),
energy_extra_role_home_power,,Home power (W),Hausleistung (W),
energy_extra_role_solar_power,,Solar power (W),Solarleistung (W),
energy_extra_role_battery_power,,Battery power (W),Batterieleistung (W),
energy_extra_role_battery_level,,Battery level (%),Batteriestand (%),
energy_extra_role_grid_import,,Grid import (kWh),Netzbezug (kWh),
energy_extra_role_grid_export,,Grid export (kWh),Netzeinspeisung (kWh),
energy_extra_role_solar_production,,Solar production (kWh),Solarerzeugung (kWh),
energy_extra_role_phase_one_power,,Phase 1 power,Leistung Phase 1,
energy_extra_role_phase_two_power,,Phase 2 power,Leistung Phase 2,
energy_extra_role_phase_three_power,,Phase 3 power,Leistung Phase 3,
energy_extra_role_import_meter_tariff_one,,Import meter tariff 1,Bezugszähler Tarif 1,
energy_extra_role_import_meter_tariff_two,,Import meter tariff 2,Bezugszähler Tarif 2,
energy_extra_role_export_meter_tariff_one,,Export meter tariff 1,Einspeisezähler Tarif 1,
energy_extra_role_export_meter_tariff_two,,Export meter tariff 2,Einspeisezähler Tarif 2,
energy_extra_role_energy_cost,,Energy cost,Energiekosten,
energy_extra_role_gas_total,,Gas total (m³),Gas gesamt (m³),
energy_extra_role_gas_flow_now,,Gas flow (now),Gasdurchfluss (jetzt),
energy_extra_role_gas_cost,,Gas cost,Gaskosten,
energy_extra_role_water_total,,Water total,Wasser gesamt,
energy_extra_role_water_flow_now,,Water flow (now),Wasserdurchfluss (jetzt),
energy_extra_role_water_cost,,Water cost,Wasserkosten,
energy_extra_role_individual_water_devices,,Individual water devices,Einzelne Wasserzähler,
energy_extra_role_power_devices,,Power devices,Leistungsgeräte,
energy_extra_role_energy_devices,,Energy devices,Energiegeräte,
energy_extra_sensor_current_power_import,,"Current power (W, + = import)","Aktuelle Leistung (W, + = Bezug)",
energy_extra_sensor_power_phase_one,,Power phase 1 (W),Leistung Phase 1 (W),
energy_extra_sensor_power_phase_two,,Power phase 2 (W),Leistung Phase 2 (W),
energy_extra_sensor_power_phase_three,,Power phase 3 (W),Leistung Phase 3 (W),
energy_extra_sensor_current_phase_one,,Current phase 1 (A),Strom Phase 1 (A),
energy_extra_sensor_current_phase_two,,Current phase 2 (A),Strom Phase 2 (A),
energy_extra_sensor_current_phase_three,,Current phase 3 (A),Strom Phase 3 (A),
energy_extra_sensor_voltage_phase_one,,Voltage phase 1 (V),Spannung Phase 1 (V),
energy_extra_sensor_voltage_phase_two,,Voltage phase 2 (V),Spannung Phase 2 (V),
energy_extra_sensor_voltage_phase_three,,Voltage phase 3 (V),Spannung Phase 3 (V),
energy_extra_sensor_home_consumption_power,,Home consumption power (W),Verbrauchsleistung des Hauses (W),
energy_extra_sensor_energy_import,,Energy import (kWh),Energiebezug (kWh),
energy_extra_sensor_energy_import_tariff_one,,Energy import tariff 1 (kWh),Energiebezug Tarif 1 (kWh),
energy_extra_sensor_energy_import_tariff_two,,Energy import tariff 2 (kWh),Energiebezug Tarif 2 (kWh),
energy_extra_sensor_energy_export,,Energy export (kWh),Einspeisung (kWh),
energy_extra_sensor_energy_export_tariff_one,,Energy export tariff 1 (kWh),Einspeisung Tarif 1 (kWh),
energy_extra_sensor_energy_export_tariff_two,,Energy export tariff 2 (kWh),Einspeisung Tarif 2 (kWh),
energy_extra_sensor_energy_cost_today,,Energy cost today,Energiekosten heute,
energy_extra_sensor_current_power_production,,Current power production (W),Aktuelle Stromerzeugung (W),
energy_extra_sensor_energy_production_today,,Energy production today (kWh),Energieerzeugung heute (kWh),
energy_extra_sensor_energy_production_seven_days,,Energy production over the last 7 days,Energieerzeugung der letzten 7 Tage,
energy_extra_sensor_lifetime_energy_production,,Lifetime energy production,Gesamte Energieerzeugung,
energy_extra_sensor_battery_power_charging,,"Battery power (W, + = charging)","Batterieleistung (W, + = Laden)",
energy_extra_sensor_gas_used_today,,Gas used today (m³),Gasverbrauch heute (m³),
energy_extra_sensor_current_gas_flow,,"Current gas flow (m³/h, optional)","Aktueller Gasdurchfluss (m³/h, optional)",
energy_extra_sensor_gas_cost_today,,Gas cost today,Gaskosten heute,
energy_extra_sensor_city_heating_total,,Heat energy total (J/MJ/GJ/kWh),Wärmeenergie gesamt (J/MJ/GJ/kWh),
energy_extra_sensor_city_heating_current,,Current heat output (optional),Aktuelle Heizleistung (optional),
energy_extra_sensor_city_heating_cost,,City-heating cost,Heizkosten für die Stadt,
energy_extra_estimated_gas_equivalent,,Estimated gas equivalent,Geschätztes Gasäquivalent,
energy_extra_estimated_gas_note,,Based on 35.17 MJ per m³ of natural gas,"Basierend auf 35,17 MJ pro m³ Erdgas",
energy_extra_sensor_water_used_today,,Water used today (L/m³),Wasserverbrauch heute (L/m³),
energy_extra_sensor_current_water_flow,,"Current water flow (L/min, optional)","Aktueller Wasserdurchfluss (L/min, optional)",
energy_extra_sensor_water_cost_today,,Water cost today,Wasserkosten heute,
energy_extra_picker_top_consumer_devices,,Top-consumer devices,Geräte mit dem höchsten Verbrauch,
energy_extra_picker_device_energy_counters,,Device energy counters,Energiezähler je Gerät,
energy_extra_auto_power_sensors_help,,All sensors with device_class power are included automatically. Remove a device to create your own list.,"Alle Sensoren mit device_class power werden automatisch einbezogen. Entferne ein Gerät, um eine eigene Liste anzulegen.",
energy_extra_auto_energy_sensors_help,,All sensors with device_class energy are included automatically. Their counter changes are used for the selected period.,Alle Sensoren mit device_class energy werden automatisch einbezogen. Ihre Zähleränderungen werden für den ausgewählten Zeitraum verwendet.,
energy_extra_currency,,Currency,Währung,
energy_extra_currency_subtitle,,Which currency the cost stats are shown in,In welcher Währung die Kostenstatistiken angezeigt werden,
energy_extra_currency_search,,Search currencies,Währungen suchen,
energy_extra_currency_automatic,,Automatic,Automatisch,
energy_extra_currency_automatic_subtitle,,"Follow your cost sensors, then your device region",Folgen Sie Ihren Kostensensoren und dann Ihrer Geräteregion,
energy_extra_currency_automatic_value,,Automatic (%1$s),Automatisch (%1$s),app fills in %1$s — keep them
energy_extra_energy_card,,Energy card,Energiekarte,
energy_extra_energy_card_subtitle,,Data sources and card appearance,Datenquellen und Kartendarstellung,
energy_extra_card_and_data,,Card and data,Karte und Daten,
energy_extra_energy_stack,,Energy stack,Energiestapel,
energy_extra_energy_stack_subtitle,,"Cards, data sources, and layout","Karten, Datenquellen und Layout",
energy_extra_cards_and_data,,Cards and data,Karten und Daten,
events_tab,,Events,Veranstaltungen,
events_empty,,No events yet,Noch keine Veranstaltungen,
events_empty_hint,,Recent activity for the entities your family admin added to the timeline appears here.,"Hier werden die neuesten Aktivitäten für die Entitäten angezeigt, die Ihr Familienadministrator zur Zeitleiste hinzugefügt hat.",
events_not_configured,,No events are being tracked,Es werden keine Ereignisse verfolgt,
events_not_configured_admin,,Choose which entities appear here in Settings › Family Sharing › Events.,"Wählen Sie aus, welche Entitäten hier unter „Einstellungen“ > „Familienfreigabe“ > „Ereignisse“ angezeigt werden.",
events_not_configured_member,,Your family admin decides which entities appear here.,"Ihr Familienadministrator entscheidet, welche Entitäten hier angezeigt werden.",
events_unavailable,,The event timeline needs HKI 7 Cloud %1$s.,Für die Ereigniszeitleiste ist HKI 7 Cloud %1$s erforderlich.,app fills in %1$s — keep them; don't translate HKI 7 Cloud
events_set_up_button,,Choose entities,Wählen Sie Entitäten aus,
events_no_matches,,No matching events,Keine passenden Ereignisse,
events_loading,,Loading events…,Ereignisse werden geladen…,
events_today,,Today,Heute,
events_yesterday,,Yesterday,Gestern,
events_by,,by %1$s,von %1$s,app fills in %1$s — keep them
events_filter_all,,All,Alle,
event_category_door,,Doors,Türen,
event_category_window,,Windows,Fenster,
event_category_motion,,Motion,Bewegung,
event_category_moisture,,Water,Wasser,
event_category_safety,,Smoke & gas,Rauch und Gas,
event_category_problem,,Problems,Probleme,
event_category_battery,,Batteries,Batterien,
event_category_connectivity,,Connectivity,Konnektivität,
event_category_light,,Lights,Lichter,
event_category_switch,,Switches,Schalter,
event_category_lock,,Locks,Schlösser,
event_category_cover,,Covers,Abdeckungen,
event_category_climate,,Climate,Klima,
event_category_presence,,People,Personen,
event_category_alarm,,Alarm,Alarm,
event_category_media,,Media,Medien,
event_category_vacuum,,Vacuum,Saugroboter,
event_category_automation,,Automations,Automatisierungen,
event_category_sensor,,Sensors,Sensoren,
event_verb_opened,,was opened,wurde eröffnet,
event_verb_closed,,was closed,war geschlossen,
event_verb_opening,,is opening,öffnet sich,
event_verb_closing,,is closing,schließt sich,
event_verb_locked,,was locked,war gesperrt,
event_verb_unlocked,,was unlocked,wurde entsperrt,
event_verb_motion_detected,,detected motion,erkannte Bewegung,
event_verb_motion_cleared,,stopped detecting motion,Keine Bewegung mehr erkannt,
event_verb_moisture_detected,,detected moisture,Feuchtigkeit festgestellt,
event_verb_moisture_cleared,,is dry again,ist wieder trocken,
event_verb_alarm_detected,,raised an alarm,hat Alarm geschlagen,
event_verb_alarm_cleared,,cleared,gelöscht,
event_verb_problem_detected,,reported a problem,ein Problem gemeldet,
event_verb_problem_cleared,,is back to normal,ist wieder normal,
event_verb_battery_low,,reported a low battery,meldete eine schwache Batterie,
event_verb_battery_normal,,has a healthy battery again,hat wieder eine gesunde Batterie,
event_verb_connected,,came online,kam online,
event_verb_disconnected,,went offline,ging offline,
event_verb_turned_on,,was turned on,wurde eingeschaltet,
event_verb_turned_off,,was turned off,wurde ausgeschaltet,
event_verb_detected,,was triggered,ausgelöst wurde,
event_verb_cleared,,cleared,gelöscht,
event_verb_arrived_home,,arrived home,zu Hause angekommen,
event_verb_left_home,,left home,verließ das Zuhause,
event_verb_arrived_at,,arrived at %1$s,angekommen bei %1$s,app fills in %1$s — keep them
event_verb_disarmed,,was disarmed,wurde entwaffnet,
event_verb_armed,,was armed,war bewaffnet,
event_verb_arming,,is arming,ist scharf,
event_verb_pending,,is counting down,zählt herunter,
event_verb_triggered,,was triggered,ausgelöst wurde,
event_verb_set_to,,was set to %1$s,wurde auf %1$s gesetzt,app fills in %1$s — keep them
event_verb_started_cleaning,,started cleaning,begann mit der Reinigung,
event_verb_returning_to_dock,,is returning to its dock,kehrt zu seinem Dock zurück,
event_verb_docked,,docked,angedockt,
event_verb_started_playing,,started playing,begann zu spielen,
event_verb_paused,,was paused,wurde pausiert,
event_verb_stopped,,stopped,gestoppt,
event_verb_generic,,changed to %1$s,geändert zu %1$s,app fills in %1$s — keep them
ui_1_advanced_shorthand_block_kept_unchanged_d4dcbd7,,1 advanced shorthand block (kept unchanged),1 erweiterter Kurzschriftblock (unverändert beibehalten),
ui_1f_kwh_self_used_b4798a5,, · %%.1f kWh self-used (%1$s%%%%),· %%.1f kWh selbst genutzt (%1$s%%%%),app fills in %1$s — keep them; keep the space at the start/end
ui_1f_of_1f_kwh_d_00c25f6,,%.1f of %.1f kWh · %d%%,%.1f von %.1f kWh · %d%%,app fills in %.1f %d — keep them
ui_24_hour_format_b195a8f,,24-Hour Format,24-Stunden-Format,
ui_a_fast_auto_generating_dashboard_for_home_assistant_let_0fad4a9,,"A fast, auto-generating dashboard for Home Assistant\nLet's connect to your server.","Ein schnelles, automatisch generiertes Dashboard für Home Assistant\nLassen Sie uns eine Verbindung zu Ihrem Server herstellen.",don't translate Home Assistant; \n = line break
ui_a_modern_touch_first_android_dashboard_and_companion_for_814cbdb,,"A modern, touch-first Android dashboard and companion for Home Assistant.","Ein modernes, berührungsempfindliches Android-Dashboard und Begleiter für Home Assistant.",don't translate Home Assistant
ui_about_6b21fb7,,About,Um,
ui_accidental_touch_protection_e2683f4,,Accidental-touch protection,Schutz vor unbeabsichtigter Berührung,
ui_account_85dfa32,,Account,Konto,
ui_action_49924bc,,%1$s action,%1$s Aktion,app fills in %1$s — keep them
ui_action_97c89a4,,Action,Aktion,
ui_action_data_e5a7704,,Action data,Aktionsdaten,
ui_action_data_object_8850c05,,Action data object,Aktionsdatenobjekt,
ui_action_details_d623b1c,,Action details,Aktionsdetails,
ui_active_0af2854,,%1$s · %2$s active,%1$s · %2$s aktiv,app fills in %1$s %2$s — keep them
ui_active_25ff32f,,%1$s/%2$s active,%1$s/%2$s aktiv,app fills in %1$s %2$s — keep them
ui_active_a733b80,,Active,Aktiv,
ui_active_c7260b5,,%1$s%% • ACTIVE,%1$s%% • AKTIV,app fills in %1$s — keep them
ui_active_connection_54db7a1,,Active connection,Aktive Verbindung,
ui_activity_81c0d91,,Activity,Aktivität,
ui_activity_indication_and_collapsing_0764a94,,Activity indication and collapsing,Aktivitätsanzeige und Zusammenklappen,
ui_adapt_now_c30eb08,,Adapt now,Passen Sie sich jetzt an,
ui_adaptive_lighting_7587880,,Adaptive lighting,Adaptive Beleuchtung,
ui_adaptive_lighting_e2cffbd,,Adaptive Lighting,Adaptive Lighting,
ui_adaptive_lighting_is_unavailable_6b9ada3,,Adaptive Lighting is unavailable,Adaptive Beleuchtung ist nicht verfügbar,
ui_add_016df71,,Add (%1$s),Hinzufügen (%1$s),app fills in %1$s — keep them
ui_add_4_10_entity_buttons_to_this_dialog_s_cdedf23,,Add 4–10 entity buttons to this dialog's nav bar.,Fügen Sie der Navigationsleiste dieses Dialogfelds 4–10 Entitätsschaltflächen hinzu.,
ui_add_61cc55a,,Add,Hinzufügen,
ui_add_and_edit_each_chart_in_this_stack_0c0cb11,,Add and edit each chart in this stack,Fügen Sie jedes Diagramm in diesem Stapel hinzu und bearbeiten Sie es,
ui_add_at_least_one_step_3620909,,Add at least one step,Fügen Sie mindestens einen Schritt hinzu,
ui_add_button_3d7db43,,Add button,Schaltfläche „Hinzufügen“.,
ui_add_camera_cf03528,,Add Camera,Kamera hinzufügen,
ui_add_carrier_device_7945283,,Add carrier device,Trägergerät hinzufügen,
ui_add_current_network_64cabf3,,"Add current network ""%1$s""",Aktuelles Netzwerk „%1$s“ hinzufügen,app fills in %1$s — keep them
ui_add_custom_buttons_83a0768,,Add Custom Buttons,Fügen Sie benutzerdefinierte Schaltflächen hinzu,
ui_add_custom_camera_url_aab29ef,,Add Custom Camera URL,Fügen Sie eine benutzerdefinierte Kamera-URL hinzu,
ui_add_entities_333152e,,Add entities,Entitäten hinzufügen,
ui_add_entity_f99dc1d,,Add entity,Entität hinzufügen,
ui_add_every_integration_account_that_should_contribute_parce_ce58afb,,Add every integration account that should contribute parcels,"Fügen Sie jedes Integrationskonto hinzu, das Pakete beitragen soll",
ui_add_floor_63c715d,,Add Floor,Etage hinzufügen,
ui_add_graph_079e4ca,,Add graph,Diagramm hinzufügen,
ui_add_home_assistant_a6ccea8,,Add Home Assistant,Home Assistant hinzufügen,don't translate Home Assistant
ui_add_home_assistant_instance_625838a,,Add Home Assistant instance,Home Assistant-Instanz hinzufügen,don't translate Home Assistant
ui_add_individual_water_meters_to_compare_their_usage_daec0de,,Add individual water meters to compare their usage.,"Fügen Sie einzelne Wasserzähler hinzu, um deren Nutzung zu vergleichen.",
ui_add_instance_step_df337b3,,add_instance_step,add_instance_step,
ui_add_more_for_a_full_row_ed977e3,,Add %1$s more for a full row.,"Fügen Sie %1$s weitere hinzu, um eine vollständige Zeile zu erhalten.",app fills in %1$s — keep them
ui_add_one_focused_card_c2f2ed8,,Add one focused card,Fügen Sie eine fokussierte Karte hinzu,
ui_add_or_edit_entities_b59919b,,Add or edit entities,Entitäten hinzufügen oder bearbeiten,
ui_add_parcel_82c0bf8,,Add parcel,Paket hinzufügen,
ui_add_parcel_bde8afb,,Add Parcel,Paket hinzufügen,
ui_add_room_5a95991,,Add Room,Raum hinzufügen,
ui_add_sensors_d6df16f,,Add sensors,Sensoren hinzufügen,
ui_add_to_cd52e85,,Add to %1$s,Zu %1$s hinzufügen,app fills in %1$s — keep them
ui_add_widget_a9df350,,Add Widget,Widget hinzufügen,
ui_add_widget_dd4416e,,Add widget,Widget hinzufügen,
ui_adding_ffb2e62,,Adding…,Hinzufügen…,
ui_admin_b38222e,,%1$s (admin),%1$s (Administrator),app fills in %1$s — keep them
ui_administrative_controls_for_your_home_assistant_server_e56ebd9,,Administrative controls for your Home Assistant server,Administrative Kontrollen für Ihren Home Assistant-Server,don't translate Home Assistant
ui_advanced_4d06472,,Advanced,Fortschrittlich,
ui_advanced_action_data_json_622e363,,Advanced action data (JSON),Erweiterte Aktionsdaten (JSON),
ui_advanced_shorthand_blocks_kept_unchanged_aa253ae,,%1$s advanced shorthand blocks (kept unchanged),%1$s erweiterte Kurzschriftblöcke (unverändert beibehalten),app fills in %1$s — keep them
ui_aesthetic_changes_only_f31f444,,Aesthetic changes only,Nur ästhetische Veränderungen,
ui_aggregate_carriers_eae26c7,,Aggregate carriers,Zuschlagstoffträger,
ui_agree_ee68d34,,Agree,Zustimmen,
ui_air_circulating_273e82b,,Air circulating,Luftzirkulation,
ui_air_circulation_devices_a14e95d,,Air circulation devices,Luftzirkulationsgeräte,
ui_air_cleaning_devices_4364277,,Air cleaning devices,Luftreinigungsgeräte,
ui_air_purifiers_476147b,,Air purifiers,Luftreiniger,
ui_air_purifiers_are_fan_entities_in_home_assistant_so_3fa4fdb,,"Air purifiers are fan entities in Home Assistant, so they can't be auto-detected. Select yours here.",Luftreiniger sind Lüftereinheiten in Home Assistant und können daher nicht automatisch erkannt werden. Wählen Sie hier Ihre aus.,don't translate Home Assistant
ui_airphase_1f2d2b6,,airPhase,Luftphase,
ui_alarm_25f8c55,,Alarm,Alarm,
ui_alarm_entities_b462ba5,,Alarm entities,Alarmeinheiten,
ui_alarm_pending_e2c04aa,,Alarm pending,Alarm wird aktiviert,
ui_alarm_triggered_641ff6f,,Alarm triggered,Alarm ausgelöst,
ui_alarm_unavailable_867909b,,Alarm unavailable,Alarm nicht verfügbar,
ui_alignment_7f8c517,,Alignment,Ausrichtung,
ui_all_6a72085,,All,Alle,
ui_all_batteries_ok_9676f73,,All batteries OK,Alle Batterien in Ordnung,
ui_all_calendar_entities_bffb01d,,All calendar entities,Alle Kalenderentitäten,
ui_all_levels_6b4fde3,,All levels,Alle Ebenen,
ui_all_off_97b7833,,All off,Alles aus,
ui_all_thermostats_59c8297,,All thermostats,Alle Thermostate,
ui_all_types_30c8a0f,,All types,Alle Arten,
ui_allow_all_the_time_d91ab85,,Allow All The Time,Erlaube die ganze Zeit,
ui_allow_editing_24f2b54,,Allow editing,Bearbeitung zulassen,
ui_allow_theme_colors_icons_names_and_wallpaper_but_not_efc8a97,,"Allow theme, colors, icons, names and wallpaper — but not adding or removing widgets, buttons or rooms","Erlauben Sie Themen, Farben, Symbole, Namen und Hintergrundbilder – aber nicht das Hinzufügen oder Entfernen von Widgets, Schaltflächen oder Räumen",
ui_always_a91bcce,,Always,Stets,
ui_an_admin_can_share_one_dashboard_with_the_whole_5a5434d,,"An admin can share one dashboard with the whole family so everyone gets the same layout. To use it, an admin needs to install the HKI 7 Cloud component and share a dashboard first.","Ein Administrator kann ein Dashboard mit der ganzen Familie teilen, sodass alle das gleiche Layout erhalten. Um es nutzen zu können, muss ein Administrator zunächst die HKI 7 Cloud-Komponente installieren und ein Dashboard freigeben.",don't translate HKI 7 Cloud
ui_an_admin_needs_to_install_the_hki_7_cloud_0e9241b,,An admin needs to install the HKI 7 Cloud component and share a dashboard first.,Ein Administrator muss zuerst die HKI 7 Cloud-Komponente installieren und ein Dashboard freigeben.,don't translate HKI 7 Cloud
ui_android_location_permission_2ff3839,,Android Location Permission,Android-Standortberechtigung,
ui_animated_icons_aa39cfe,,Animated icons,Animierte Symbole,
ui_animation_62afd21,,Animation,Animation,
ui_announced_letter_3a7ac05,,Announced letter,Angekündigter Brief,
ui_any_state_c7274cb,,Any state,Jeder Staat,
ui_appearance_41def7a,,Appearance,Aussehen,
ui_applies_to_all_dashboard_buttons_widgets_stacks_rooms_and_9715deb,,"Applies to all dashboard buttons, widgets, stacks, rooms, and cards.","Gilt für alle Dashboard-Schaltflächen, Widgets, Stapel, Räume und Karten.",
ui_apply_cfea419,,Apply,Anwenden,
ui_archived_eddc813,,Archived,Archiviert,
ui_are_you_sure_you_want_to_clear_battery_config_3e19f24,,Are you sure you want to clear battery config?,"Sind Sie sicher, dass Sie die Batteriekonfiguration löschen möchten?",
ui_armed_32caa31,,Armed,Bewaffnet,
ui_armed_away_6834abf,,Armed away,Scharf: Abwesend,
ui_armed_home_c8d0b44,,Armed home,Scharf: Zuhause,
ui_armed_night_80659bd,,Armed night,Scharf: Nacht,
ui_arming_in_seconds_b9e07a8,,Arming in %1$s seconds,Scharfschaltung in %1$s Sekunden,app fills in %1$s — keep them
ui_aspect_ratio_4e077cf,,Aspect ratio,Seitenverhältnis,
ui_aspect_ratio_used_by_every_stream_275bb52,,Aspect ratio used by every stream,Von jedem Stream verwendetes Seitenverhältnis,
ui_astronomical_tap_or_swipe_683fe28,,Astronomical · tap or swipe,Astronomisch · tippen oder wischen,
ui_at_target_6a8dbb5,,At target,Am Ziel,
ui_auto_c614ba7,,Auto,Automatisch,
ui_auto_dashboard_c7a509a,,Auto dashboard,Automatisches Dashboard,
ui_auto_discovered_e0643da,,Auto-discovered,Automatisch entdeckt,
ui_auto_generate_0f86c24,,Auto Generate,Automatisch generieren,
ui_auto_generate_1502534,,Auto generate,Automatisch generieren,
ui_auto_generation_is_a_one_time_starting_point_the_6b317fe,,"Auto generation is a one-time starting point. The Home page starts empty in either mode, and you can re-import Home Assistant data later from individual views.",Die automatische Generierung ist ein einmaliger Ausgangspunkt. Die Startseite ist in beiden Modi zu Beginn leer und Sie können Home Assistant-Daten später aus einzelnen Ansichten erneut importieren.,don't translate Home Assistant
ui_auto_manual_342b68e,,Auto + %1$s manual,Auto + %1$s manuell,app fills in %1$s — keep them
ui_auto_none_f606e9b,,Auto / none,Automatisch / keine,
ui_auto_scan_150eb4b,,Auto-scan,Automatischer Scan,
ui_auto_unavailable_33737ba,,Auto / unavailable,Automatisch / nicht verfügbar,
ui_automatic_cloud_backup_494d882,,Automatic cloud backup,Automatisches Cloud-Backup,
ui_automatic_configuration_only_battery_class_percentage_sens_ce9ab03,,Automatic configuration: only battery-class percentage sensors are included.,Automatische Konfiguration: Es sind nur Prozentsensoren der Batterieklasse enthalten.,
ui_automatic_local_cloud_backup_7aef407,,Automatic local cloud backup,Automatische lokale Cloud-Sicherung,
ui_automatic_paging_and_transition_style_792709a,,Automatic paging and transition style,Automatischer Paging- und Übergangsstil,
ui_automatically_backs_up_your_dashboard_and_appearance_setti_cd89812,,"Automatically backs up your dashboard and appearance settings to your own Home Assistant every day, so you can restore them any time. Requires the HKI 7 Cloud custom component (install it via HACS).","Sichert Ihr Dashboard und Ihre Darstellungseinstellungen jeden Tag automatisch in Ihrem eigenen Home Assistant, sodass Sie sie jederzeit wiederherstellen können. Erfordert die benutzerdefinierte HKI 7 Cloud-Komponente (installieren Sie sie über HACS).","don't translate HKI 7 Cloud, Home Assistant"
ui_automation_a15fde5,,Automation,Automatisierung,
ui_automations_even_when_the_app_is_closed_or_not_d27e5b1,,"automations, even when the app is closed or not in use.\n\n","Automatisierungen, auch wenn die App geschlossen ist oder nicht verwendet wird.",\n = line break
ui_autoplay_95619b5,,Autoplay,Autoplay,
ui_average_93a8018,,average,Durchschnitt,
ui_azimuth_d2fbdb3,,Azimuth,Azimut,
ui_back_b52b36b,,Back,Zurück,
ui_back_up_now_527bf1a,,Back up now,Machen Sie jetzt ein Backup,
ui_background_image_url_or_path_dfc4908,,Background image (URL or path),Hintergrundbild (URL oder Pfad),
ui_background_location_5f56f21,,Background location,Hintergrundstandort,
ui_background_notifications_563a463,,Background notifications,Hintergrundbenachrichtigungen,
ui_background_usage_fd8ed73,,Background Usage,Hintergrundnutzung,
ui_backing_up_f600558,,Backing up…,Sichern…,
ui_backspace_88d130a,,Backspace,Rücktaste,
ui_backup_and_restore_a593246,,Backup and Restore,Sichern und Wiederherstellen,
ui_backup_dd96994,,Backup,Sicherung,
ui_backups_contain_dashboard_and_appearance_configuration_onl_d5856be,,"Backups contain dashboard and appearance configuration only. Connection details, app permissions, location state, and notification history are not included.","Backups enthalten nur Dashboard- und Darstellungskonfigurationen. Verbindungsdetails, App-Berechtigungen, Standortstatus und Benachrichtigungsverlauf sind nicht enthalten.",
ui_badge_bar_layout_4b4dfdd,,Badge bar layout,Layout der Abzeichenleiste,
ui_bars_ad5fb3b,,Bars,Barren,
ui_batt_679d0aa,,Batt,Batt,
ui_batteries_0970f9d,,Batteries,Batterien,
ui_battery_4a9be04,,Battery,Batterie,
ui_battery_74dff99,,Battery: %1$s,Batterie: %1$s,app fills in %1$s — keep them
ui_battery_attention_0feaa08,,battery-attention,Batterie-Achtung,
ui_battery_battery_notes_only_14e5936,,Battery+ / Battery Notes only,Nur Batterie+/Batteriehinweise,
ui_battery_energy_25638f8,,battery-energy,Batterie-Energie,
ui_battery_entities_visible_9299588,,%1$s battery entities visible,%1$s Batterieeinheiten sichtbar,app fills in %1$s — keep them
ui_battery_fill_8b6793e,,battery-fill,Batterie auffüllen,
ui_battery_health_12c0ce4,,BATTERY HEALTH,BATTERIEGESUNDHEIT,
ui_battery_health_8cc8e64,,BATTERY+ HEALTH,BATTERIE + GESUNDHEIT,
ui_battery_level_is_healthy_1de4c4f,,Battery level is healthy,Der Batteriestand ist in Ordnung,
ui_battery_levels_7c61b65,,Battery Levels,Batteriestände,
ui_battery_optimization_7676ca5,,Battery Optimization,Batterieoptimierung,
ui_battery_orbit_9aa5d8c,,battery-orbit,Batterie-Orbit,
ui_battery_rules_be75b3c,,Battery rules,Batterieregeln,
ui_battery_sensor_optional_0e261e6,,Battery sensor (optional),Batteriesensor (optional),
ui_behavior_70cb647,,Behavior,Verhalten,
ui_birthday_yyyy_mm_dd_d1a9b03,,Birthday (YYYY-MM-DD),Geburtstag (JJJJ-MM-TT),
ui_bold_100_1b94255,,Bold (+100),Fett (+100),
ui_bolder_200_9cc5d65,,Bolder (+200),Mutiger (+200),
ui_boldest_300_c5a490d,,Boldest (+300),Am kühnsten (+300),
ui_boldness_10b6938,,Boldness · %1$s,Kühnheit · %1$s,app fills in %1$s — keep them
ui_brand_and_third_party_work_8d6d517,,Brand and third-party work,Marken- und Drittanbieterarbeit,
ui_brightness_222d6d5,,%1$s brightness,%1$s Helligkeit,app fills in %1$s — keep them
ui_brightness_8e06ad0,,BRIGHTNESS,HELLIGKEIT,
ui_brightness_slider_a427c80,,Brightness slider,Helligkeitsregler,
ui_build_the_interface_entirely_your_way_e94582f,,Build the interface entirely your way.,Gestalten Sie die Benutzeroberfläche ganz nach Ihren Wünschen.,
ui_building_your_dashboard_2943961,,Building your dashboard,Erstellen Sie Ihr Dashboard,
ui_built_in_20f409c,,Built-in,Eingebaut,
ui_button_794145f,,Button,Schaltfläche,
ui_button_image_2483e32,,Button image,Schaltflächenbild,
ui_button_lock_28d87b1,,Button lock,Tastensperre,
ui_button_stack_ee9e7f8,,Button Stack,Knopfstapel,
ui_button_type_890a578,,Button type,Schaltflächentyp,
ui_buttons_available_from_this_person_s_detail_dialog_ab3f9f9,,Buttons available from this person's detail dialog,"Schaltflächen, die im Detaildialog dieser Person verfügbar sind",
ui_calendar_content_1f185c8,,Calendar content,Kalenderinhalt,
ui_calendars_9444501,,Calendars,Kalender,
ui_camera_4da9c9a,,Camera,Kamera,
ui_camera_aspect_ratio_928bf09,,Camera aspect ratio,Seitenverhältnis der Kamera,
ui_camera_display_20a9c82,,Camera display,Kameraanzeige,
ui_camera_feed_cc1f19e,,Camera Feed,Kamera-Feed,
ui_camera_page_6b1987b,,camera_page,camera_page,
ui_camera_stack_645ea0f,,Camera Stack,Kamerastapel,
ui_camera_url_0eebe87,,Camera URL,Kamera-URL,
ui_cameras_d3daff3,,Cameras,Kameras,
ui_camerascan_00bd2cb,,cameraScan,cameraScan,
ui_can_t_reach_the_server_73079bd,,Can't reach the server,Der Server kann nicht erreicht werden,
ui_cancel_77dfd21,,Cancel,Stornieren,
ui_cancel_arming_5d383c8,,Cancel arming,Scharfschaltung abbrechen,
ui_card_4d4ce73,,Card,Karte,
ui_card_data_4a42176,,Card & data,Karte & Daten,
ui_card_entities_e548a55,,Card & entities,Karte und Einheiten,
ui_card_layout_f83b655,,Card layout,Kartenlayout,
ui_card_settings_1a3b62a,,Card settings,Karteneinstellungen,
ui_card_shape_and_width_0d513f7,,Card shape and width,Kartenform und -breite,
ui_card_shape_width_and_background_e4aff1c,,"Card shape, width, and background","Kartenform, Breite und Hintergrund",
ui_card_size_shape_and_background_df75707,,"Card size, shape, and background","Kartengröße, Form und Hintergrund",
ui_card_width_icon_and_styling_de70fd8,,"Card width, icon, and styling","Kartenbreite, Symbol und Stil",
ui_card_width_shape_icon_and_background_c3695b5,,"Card width, shape, icon, and background","Kartenbreite, Form, Symbol und Hintergrund",
ui_cards_0f830bc,,Cards,Karten,
ui_cards_data_a33e044,,Cards & data,Karten & Daten,
ui_cards_entities_be4393a,,Cards & entities,Karten und Entitäten,
ui_carrier_accounts_20ad36c,,Carrier accounts,Carrier-Konten,
ui_carrier_devices_9927ae1,,Carrier devices,Trägergeräte,
ui_carrier_display_name_optional_5ca06fc,,Carrier display name (optional),Anzeigename des Mobilfunkanbieters (optional),
ui_center_adapt_now_and_pause_buttons_81074b2,,Center Adapt now and Pause buttons,Zentrieren Sie die Schaltflächen „Jetzt anpassen“ und „Pause“.,
ui_change_64fbd99,,Change,Ändern,
ui_change_avatar_image_217fbce,,Change avatar image,Avatarbild ändern,
ui_changing_mode_3da68b4,,Changing mode,Modus ändern,
ui_charge_flow_ceb6c62,,Charge & flow,Ladung und Fluss,
ui_chart_66c7734,,Chart,Diagramm,
ui_checking_for_shared_dashboards_5f2f823,,Checking for shared dashboards…,Suche nach freigegebenen Dashboards…,
ui_checking_for_the_hki_7_cloud_component_c76112a,,Checking for the HKI 7 Cloud component…,Suche nach der HKI 7 Cloud-Komponente…,don't translate HKI 7 Cloud
ui_choose_78b7c9f,,Choose,Wählen,
ui_choose_a_different_server_47e6ce6,,Choose a different server,Wählen Sie einen anderen Server,
ui_choose_a_side_when_the_badge_bar_is_split_6e3c73d,,Choose a side when the badge bar is split,"Wählen Sie eine Seite, wenn die Badge-Leiste geteilt ist",
ui_choose_a_state_7ab7191,,Choose a state,Wählen Sie einen Staat,
ui_choose_a_visual_home_assistant_block_e7c8652,,Choose a visual Home Assistant block,Wählen Sie einen visuellen Home Assistant-Block,don't translate Home Assistant
ui_choose_action_cf9c80e,,Choose action,Aktion auswählen,
ui_choose_an_action_e82323b,,Choose an action,Wählen Sie eine Aktion,
ui_choose_an_entity_00fd1cc,,Choose an entity,Wählen Sie eine Entität,
ui_choose_an_entity_first_d59e681,,Choose an entity first,Wählen Sie zunächst eine Entität aus,
ui_choose_an_expanded_or_compact_dashboard_header_815902d,,Choose an expanded or compact dashboard header,Wählen Sie eine erweiterte oder kompakte Dashboard-Kopfzeile,
ui_choose_avatar_image_bcd5b00,,Choose avatar image,Wählen Sie ein Avatarbild,
ui_choose_between_the_full_header_and_a_compact_navigation_90ec55e,,Choose between the full header and a compact navigation bar,Wählen Sie zwischen der vollständigen Kopfzeile und einer kompakten Navigationsleiste,
ui_choose_entity_31b0424,,Choose entity,Wählen Sie eine Entität,
ui_choose_how_this_phone_or_tablet_appears_in_home_419da67,,Choose how this phone or tablet appears in Home Assistant,"Wählen Sie aus, wie dieses Telefon oder Tablet in Home Assistant angezeigt wird",don't translate Home Assistant
ui_choose_icon_b0047ce,,Choose icon,Symbol auswählen,
ui_choose_included_cards_and_shared_entity_overrides_a507343,,Choose included cards and shared entity overrides,Wählen Sie eingeschlossene Karten und Überschreibungen gemeinsamer Entitäten aus,
ui_choose_included_views_and_shared_entity_overrides_41f2e64,,Choose included views and shared entity overrides,Wählen Sie eingeschlossene Ansichten und Überschreibungen gemeinsamer Entitäten,
ui_choose_one_or_more_carrier_devices_in_widget_settings_100a4ca,,Choose one or more carrier devices in widget settings.,Wählen Sie in den Widget-Einstellungen ein oder mehrere Trägergeräte aus.,
ui_choose_person_entity_977db64,,Choose person entity,Wählen Sie eine Personenentität,
ui_choose_the_climate_view_and_optional_entity_overrides_a69cbbc,,Choose the climate view and optional entity overrides,Wählen Sie die Klimaansicht und optionale Entitätsüberschreibungen,
ui_choose_the_energy_view_and_override_its_entities_if_523c3be,,Choose the energy view and override its entities if needed,Wählen Sie die Energieansicht und überschreiben Sie bei Bedarf deren Entitäten,
ui_choose_the_entity_and_card_content_8bde89a,,Choose the entity and card content,Wählen Sie die Entität und den Karteninhalt,
ui_choose_the_home_assistant_entities_that_drive_this_room_53a4061,,Choose the Home Assistant entities that drive this room's live indicators. Indicators only appear while they are active.,"Wählen Sie die Home Assistant-Entitäten aus, die die Live-Anzeigen dieses Raums steuern. Indikatoren erscheinen nur, solange sie aktiv sind.",don't translate Home Assistant
ui_choose_the_home_assistant_shown_in_hki_7_b29bc26,,Choose the Home Assistant shown in HKI 7,Wählen Sie den in HKI 7 gezeigten Home Assistant,"don't translate Home Assistant, HKI 7"
ui_choose_the_player_and_dashboard_label_7fa88ba,,Choose the player and dashboard label,Wählen Sie die Player- und Dashboard-Beschriftung,
ui_choose_the_profile_for_this_light_d8c7bae,,Choose the profile for this light,Wählen Sie das Profil für diese Leuchte,
ui_choose_the_sensors_plotted_together_3bc1663,,Choose the sensors plotted together,Wählen Sie die gemeinsam dargestellten Sensoren aus,
ui_choose_the_source_and_when_a_battery_is_considered_0b993df,,Choose the source and when a battery is considered low,Wählen Sie die Quelle und wann eine Batterie als schwach gilt,
ui_choose_what_tap_double_tap_and_hold_should_do_0bbe9c8,,"Choose what tap, double tap, and hold should do","Wählen Sie aus, was durch Tippen, Doppeltippen und Halten bewirkt werden soll",
ui_choose_what_this_action_should_control_7ebe4ab,,Choose what this action should control,"Wählen Sie aus, was diese Aktion steuern soll",
ui_choose_what_this_badge_summarizes_a7af7e6,,Choose what this badge summarizes,"Wählen Sie aus, was dieses Abzeichen zusammenfasst",
ui_choose_what_this_header_pill_shows_0bbdbc2,,Choose what this header pill shows,"Wählen Sie aus, was in dieser Kopfzeile angezeigt wird",
ui_choose_where_to_restore_the_dashboard_configuration_from_bb40b34,,Choose where to restore the dashboard configuration from.,"Wählen Sie aus, von wo aus die Dashboard-Konfiguration wiederhergestellt werden soll.",
ui_choose_whether_this_person_appears_in_the_home_header_49f0ec2,,Choose whether this person appears in the Home header,"Wählen Sie aus, ob diese Person im Home-Header angezeigt wird",
ui_choose_which_profiles_this_widget_can_control_2cd9b2b,,Choose which profiles this widget can control,"Wählen Sie aus, welche Profile dieses Widget steuern kann",
ui_choose_who_can_see_this_dashboard_they_can_import_2f5e49d,,Choose who can see this dashboard. They can import it into their own app.,"Wählen Sie aus, wer dieses Dashboard sehen kann. Sie können es in ihre eigene App importieren.",
ui_choose_your_dashboard_1ec85e9,,Choose your dashboard,Wählen Sie Ihr Dashboard,
ui_clean_rooms_4dc67ab,,Clean rooms,Saubere Zimmer,
ui_clean_selected_43d8dd5,,Clean selected,Sauber ausgewählt,
ui_clear_719ea39,,Clear,In Ordnung,
ui_clear_battery_config_d8854f7,,Clear battery config?,Batteriekonfiguration löschen?,
ui_clear_battery_view_1952347,,Clear battery view?,Klare Batterieansicht?,
ui_clear_battery_view_5ef09bf,,Clear Battery View,Batterieansicht löschen,
ui_clear_climate_view_48e8a5e,,Clear Climate View,Klare Klimaansicht,
ui_clear_climate_view_9a1339c,,Clear climate view?,Klare Klimasicht?,
ui_clear_config_51f6330,,Clear config,Konfiguration löschen,
ui_clear_energy_view_401c166,,Clear Energy View,Klare Energieansicht,
ui_clear_energy_view_d577bb7,,Clear energy view?,Klare Energiesicht?,
ui_clear_filters_4122267,,Clear filters,Filter löschen,
ui_clear_rooms_view_87a43ca,,Clear Rooms View,Klare Zimmeransicht,
ui_clear_rooms_view_f1d0d72,,Clear rooms view?,Freie Sicht auf die Zimmer?,
ui_clear_search_67300d0,,Clear search,Suche löschen,
ui_clear_security_view_219e25b,,Clear Security View,Klare Sicherheitsansicht,
ui_clear_security_view_48790f7,,Clear security view?,Klare Sicht auf die Sicherheit?,
ui_clear_selection_247fd63,,Clear selection,Klare Auswahl,
ui_climate_4857860,,Climate,Klima,
ui_climate_cards_f4996fd,,Climate Cards,Klimakarten,
ui_climate_devices_are_found_automatically_add_extra_entities_5ebd8b7,,Climate devices are found automatically; add extra entities here if any are missing.,"Klimageräte werden automatisch gefunden; Fügen Sie hier zusätzliche Entitäten hinzu, falls welche fehlen.",
ui_climate_dialog_control_add9f2b,,Climate dialog control,Klimadialogsteuerung,
ui_climate_sources_take_priority_and_use_their_current_temper_5dbcde3,,Climate sources take priority and use their current_temperature and current_humidity values. ,Klimaquellen haben Priorität und verwenden ihre aktuellen Temperatur- und aktuellen Feuchtigkeitswerte.,keep the space at the start/end
ui_climate_stack_cards_dcff178,,Climate Stack Cards,Klima-Stack-Karten,
ui_climate_summary_4686577,,Climate summary,Klimazusammenfassung,
ui_climatedooropen_026f1c8,,climateDoorOpen,KlimaTürÖffnen,
ui_climatehouse_9c0637a,,climateHouse,KlimaHaus,
ui_climatewindowopen_9b0794a,,climateWindowOpen,KlimaFensterÖffnen,
ui_close_bbfa773,,Close,Schließen,
ui_cloud_backup_is_off_71dfae1,,Cloud backup is off,Cloud-Backup ist deaktiviert,
ui_collapsed_by_default_65a57c6,,Collapsed by default,Standardmäßig minimiert,
ui_collapsible_c932fac,,Collapsible,Zusammenklappbar,
ui_collection_30c54a9,,Collection,Sammlung,
ui_color_1d0c830,,Color,Farbe,
ui_color_typography_and_component_shape_b82e582,,"Color, typography, and component shape","Farbe, Typografie und Komponentenform",
ui_colors_and_light_dark_mode_37de9d5,,Colors and light/dark mode,Farben und Hell-/Dunkelmodus,
ui_columns_cf723c5,,Columns,Spalten,
ui_combine_multiple_accounts_from_the_same_carrier_into_one_0006a49,,Combine multiple accounts from the same carrier into one tab and parcel list.,Kombinieren Sie mehrere Konten desselben Spediteurs in einer Registerkarte und Paketliste.,
ui_comfortpulse_100b63b,,comfortPulse,ComfortPulse,
ui_community_source_716abd9,,Community source,Community-Quelle,
ui_compact_1df39aa,,Compact,Kompakt,
ui_compact_header_50275e8,,Compact header,Kompakter Header,
ui_compact_mode_hides_the_left_header_pill_persons_subtitle_da84968,,"Compact mode hides the left header pill, persons, subtitle/status information, and room counters. Swipe down on the compact bar to open Search, Flows, Edit, and Settings.","Im Kompaktmodus werden die linke Kopfzeile, Personen, Untertitel-/Statusinformationen und Raumzähler ausgeblendet. Wischen Sie auf der Kompaktleiste nach unten, um „Suche“, „Flows“, „Bearbeiten“ und „Einstellungen“ zu öffnen.",
ui_compact_tile_height_78b57a3,,Compact tile height,Kompakte Fliesenhöhe,
ui_configured_light_65a3aad,,%1$s configured light%2$s,%1$s konfiguriertes Licht%2$s,app fills in %1$s %2$s — keep them
ui_confirm_04a2122,,Confirm,Bestätigen,
ui_connect_b65463c,,Connect,Verbinden,
ui_connected_through_home_assistant_cloud_47a54c0,,Connected through Home Assistant Cloud,Verbunden über die Home Assistant Cloud,don't translate Home Assistant
ui_connected_through_your_external_home_assistant_address_966b0e6,,Connected through your external Home Assistant address,Verbunden über Ihre externe Home Assistant-Adresse,don't translate Home Assistant
ui_connected_through_your_home_network_cdf4e0f,,Connected through your home network,Verbunden über Ihr Heimnetzwerk,
ui_connecting_fd3e796,,Connecting…,Verbindung wird hergestellt…,
ui_connection_6512ee1,,Connection,Verbindung,
ui_connection_switched_to_8f04753,,Connection switched to %1$s,Verbindung wurde auf %1$s umgestellt,app fills in %1$s — keep them
ui_contacting_your_home_assistant_server_e0a53d1,,Contacting your Home Assistant server…,Kontaktaufnahme mit Ihrem Home Assistant-Server…,don't translate Home Assistant
ui_content_4f9be05,,Content,Inhalt,
ui_continue_2e02623,,Continue,Weitermachen,
ui_continuous_gps_for_live_tracking_uses_much_more_battery_fdcd80d,,Continuous GPS for live tracking — uses much more battery. Leave off for official-app-like behavior.,Kontinuierliches GPS für Live-Tracking – verbraucht viel mehr Batterie. Verzichten Sie auf ein offizielles App-ähnliches Verhalten.,
ui_control_ea1d3df,,Control,Kontrolle,
ui_control_how_accounts_become_tabs_and_lists_f100249,,Control how accounts become tabs and lists,"Steuern Sie, wie Konten zu Registerkarten und Listen werden",
ui_control_layout_4c3b047,,Control layout,Steuerungslayout,
ui_controls_and_history_sensors_used_by_the_dialog_f71675d,,Controls and history sensors used by the dialog,Vom Dialog verwendete Steuerelemente und Verlaufssensoren,
ui_controls_light_in_this_profile_cd11089,,Controls %1$s light%2$s in this profile.,Steuert %1$s light%2$s in diesem Profil.,app fills in %1$s %2$s — keep them
ui_cooling_5569ac4,,Cooling,Kühlung,
ui_copy_af74f7c,,Copy,Kopie,
ui_copy_dashboard_2ea354e,,Copy dashboard,Dashboard kopieren,
ui_copyright_2026_jimz011_b8f2c24,,Copyright © 2026 Jimz011,Urheberrecht © 2026 Jimz011,
ui_corners_f1fb139,,Corners,Ecken,
ui_could_not_add_the_parcel_check_the_number_and_fd157b4,,Could not add the parcel. Check the number and try again.,Das Paket konnte nicht hinzugefügt werden. Überprüfen Sie die Nummer und versuchen Sie es erneut.,
ui_couldn_t_reach_a30cc1b,,Couldn't reach %1$s,%1$s konnte nicht erreicht werden,app fills in %1$s — keep them
ui_couldn_t_reach_your_home_assistant_server_2a17c09,,Couldn't reach your Home Assistant server.,Ihr Home Assistant-Server konnte nicht erreicht werden.,don't translate Home Assistant
ui_countdown_timer_282cb17,,Countdown timer,Countdown-Timer,
ui_create_6e157c5,,Create,Erstellen,
ui_create_a_flow_11b4415,,Create a flow,Erstellen Sie einen Fluss,
ui_create_a_separate_dashboard_auto_generate_imports_once_and_a5f0ef1,,Create a separate dashboard. Auto Generate imports once and then becomes editable; Start Empty only keeps persons available.,Erstellen Sie ein separates Dashboard. Die Funktion „Automatisch generieren“ wird einmal importiert und kann dann bearbeitet werden. Start Empty hält nur Personen verfügbar.,
ui_create_custom_page_d1f53e7,,Create custom page,Erstellen Sie eine benutzerdefinierte Seite,
ui_created_by_jimz011_2026_hki_7_v_20cbca0,,Created by Jimz011 - 2026 • HKI 7 v%1$s,Erstellt von Jimz011 – 2026 • HKI 7 v%1$s,app fills in %1$s — keep them; don't translate HKI 7
ui_created_by_jimz011_with_help_from_ai_assisted_development_47c9a41,,"Created by Jimz011 with help from AI-assisted development tools. Product direction, design choices, testing, and responsibility for the released app remain with the project creator.","Erstellt von Jimz011 mit Hilfe von KI-gestützten Entwicklungstools. Produktrichtung, Designentscheidungen, Tests und Verantwortung für die veröffentlichte App verbleiben beim Projektersteller.",
ui_created_openly_1cc16d4,,Created openly,Offen angelegt,
ui_creates_a_full_duplicate_of_including_all_rooms_widgets_b96bbb1,,"Creates a full duplicate of ""%1$s"", including all rooms, widgets, and page settings. The copy is added to your dashboards without switching to it.","Erstellt ein vollständiges Duplikat von „%1$s“, einschließlich aller Räume, Widgets und Seiteneinstellungen. Die Kopie wird Ihren Dashboards hinzugefügt, ohne dass Sie dorthin wechseln müssen.",app fills in %1$s — keep them
ui_critical_04b7b26,,Critical,Kritisch,
ui_critical_low_5852b16,,%1$s critical · %2$s low,%1$s kritisch · %2$s niedrig,app fills in %1$s %2$s — keep them
ui_critical_replace_soon_dbd946d,,Critical — replace soon,Kritisch – bald ersetzen,
ui_current_4fc0e2b,,Current,Aktuell,
ui_current_88a0a02,,%1$s° current,%1$s° aktuell,app fills in %1$s — keep them
ui_current_charge_b6b0b3d,,Current charge,Aktuelle Ladung,
ui_current_e4ef83d,,Current %1$s%%,Aktuell %1$s%%,app fills in %1$s — keep them
ui_current_weather_0fc6239,,Current weather,Aktuelles Wetter,
ui_currently_loaded_69ef6fb,,Currently loaded,Derzeit geladen,
ui_custom_081ae3f,,Custom,Brauch,
ui_custom_buttons_c580449,,Custom buttons,Benutzerdefinierte Schaltflächen,
ui_custom_camera_ada9096,,Custom Camera,Benutzerdefinierte Kamera,
ui_custom_camera_url_8191b15,,Custom camera URL,Benutzerdefinierte Kamera-URL,
ui_custom_ed17691,,Custom %1$s,Benutzerdefiniert %1$s,app fills in %1$s — keep them
ui_custom_entities_d6e76ae,,Custom entities,Benutzerdefinierte Entitäten,
ui_custom_name_6af17c2,,Custom name,Benutzerdefinierter Name,
ui_custom_order_a7a5984,,Custom order,Eigene Reihenfolge,
ui_custom_seconds_7467e28,,Custom seconds,Benutzerdefinierte Sekunden,
ui_custom_state_378153b,,Custom state...,Benutzerdefinierter Status...,
ui_custom_url_9c155e9,,Custom URL,Benutzerdefinierte URL,
ui_customize_device_energy_b754bb5,,Customize device energy,Passen Sie die Geräteenergie an,
ui_customize_top_consumers_eb249c5,,Customize top consumers,Passen Sie Top-Konsumenten individuell an,
ui_customize_water_devices_81ce5f6,,Customize water devices,Passen Sie Wassergeräte an,
ui_d_6388bb3,,"%1$s d, %2$s","%1$s d, %2$s",app fills in %1$s %2$s — keep them
ui_daily_backup_is_active_111a631,,Daily backup is active,Die tägliche Sicherung ist aktiv,
ui_dashboard_d87f47b,,Dashboard,Dashboard,
ui_dashboard_header_36d8656,,Dashboard header,Dashboard-Kopfzeile,
ui_dashboard_name_466f3af,,Dashboard name,Dashboard-Name,
ui_dashboard_width_and_card_shape_3fcad11,,Dashboard width and card shape,Dashboard-Breite und Kartenform,
ui_dashboards_197565b,,Dashboards,Dashboards,
ui_dashboards_shared_by_your_family_import_to_add_a_8a6d06e,,Dashboards shared by your family. Import to add a copy to your dashboards; import again later to pull updates.,"Von Ihrer Familie geteilte Dashboards. Importieren, um eine Kopie zu Ihren Dashboards hinzuzufügen; Später erneut importieren, um Updates abzurufen.",
ui_dashboards_visual_style_and_everyday_navigation_17f3ac2,,"Dashboards, visual style, and everyday navigation","Dashboards, visueller Stil und alltägliche Navigation",
ui_data_series_e5977fb,,Data series,Datenreihe,
ui_data_sources_dadd6ac,,Data sources,Datenquellen,
ui_date_eb9a4bc,,Date,Datum,
ui_datetime_f1e5baf,,DateTime,DatumUhrzeit,
ui_day_to_839bf92,,%1$s day%2$s to %3$s,%1$s Tag%2$s bis %3$s,app fills in %1$s %2$s %3$s — keep them
ui_decrease_67e19d8,,Decrease,Verringern,
ui_default_808d7dc,,Default,Standard,
ui_default_effect_per_type_a4ce3c4,,Default effect per type,Standardeffekt pro Typ,
ui_default_view_343256a,,Default view,Standardansicht,
ui_default_weather_entity_588d455,,Default weather entity,Standard-Wetterentität,
ui_defrosting_c3b2817,,Defrosting,Auftauen,
ui_delete_0c6013a,,"Delete ""%1$s""?",„%1$s“ löschen?,app fills in %1$s — keep them
ui_delete_137cdc2,,Delete %1$s?,%1$s löschen?,app fills in %1$s — keep them
ui_delete_automation_442d61c,,Delete automation?,Automatisierung löschen?,
ui_delete_f6fdbe4,,Delete,Löschen,
ui_delete_floor_07c4a91,,Delete floor,Etage löschen,
ui_delivered_eea956c,,Delivered,Zugestellt,
ui_demo_mode_a85b728,,Demo mode,Demo-Modus,
ui_description_55f8ebc,,Description,Beschreibung,
ui_details_dc3decb,,Details,Details,
ui_detected_carbon_intensity_9983458,,Detected carbon intensity,Kohlenstoffintensität erkannt,
ui_device_8c01559,,Device: %1$s,Gerät: %1$s,app fills in %1$s — keep them
ui_device_a5a74a6,,Device,Gerät,
ui_device_details_39c277d,,Device details,Gerätedetails,
ui_device_details_eb36018,,DEVICE DETAILS,GERÄTEDETAILS,
ui_device_energy_79de3d8,,Device energy,Energie je Gerät,
ui_device_helpers_6a8b199,,Device & helpers,Gerät & Helfer,
ui_device_name_79d7a15,,Device name,Gerätename,
ui_device_tracker_and_geocoded_location_f9e2d34,,Device tracker and geocoded location,Geräte-Tracker und geokodierter Standort,
ui_devices_728190e,,devices,Geräte,
ui_devices_df485c8,,Devices,Geräte,
ui_dialog_control_63e18cf,,Dialog control,Dialogsteuerung,
ui_direction_5a47d4d,,Direction —,Richtung —,
ui_disable_battery_optimization_d3201bf,,Disable Battery Optimization,Deaktivieren Sie die Batterieoptimierung,
ui_disarmed_aaa4d9e,,Disarmed,Unscharf,
ui_discovered_acbb9e0,,Discovered,Entdeckt,
ui_dismiss_70afe9e,,Dismiss,Zurückweisen,
ui_display_574ff9b,,Display,Anzeige,
ui_display_linked_entities_and_dialog_layout_e6987f9,,"Display, linked entities, and dialog layout","Anzeige, verknüpfte Elemente und Dialoglayout",
ui_display_mode_627bc30,,Display mode,Anzeigemodus,
ui_display_order_5f1293a,,Display order,Reihenfolge anzeigen,
ui_done_e9b450d,,Done,Erledigt,
ui_door_locked_4b46012,,Door\nLocked,Tür\nGesperrt,\n = line break
ui_door_open_74899a4,,Door\nOpen,Tür\nOffen,\n = line break
ui_door_sensor_turns_lock_card_red_when_open_9bc1372,,Door sensor (turns lock card red when open),"Türsensor (schaltet die Schlosskarte rot, wenn sie geöffnet ist)",
ui_door_sensors_a7bb309,,Door sensors,Türsensoren,
ui_double_tap_a268e89,,Double tap,Doppeltippen,
ui_drag_horizontally_across_the_full_button_547ea8c,,Drag horizontally across the full button,Ziehen Sie horizontal über die gesamte Schaltfläche,
ui_drag_to_reorder_use_the_eye_button_to_hide_cd28b4c,,Drag to reorder. Use the eye button to hide an item or schedule when it shows.,"Zum Neuanordnen ziehen. Verwenden Sie die Augentaste, um ein Element oder einen Zeitplan auszublenden, wenn er angezeigt wird.",
ui_drag_to_set_the_order_cameras_appear_on_the_7bcb4f5,,Drag to set the order cameras appear on the Security view.,"Ziehen Sie, um die Reihenfolge festzulegen, in der Kameras in der Sicherheitsansicht angezeigt werden.",
ui_drag_to_set_the_order_the_cards_appear_below_b6a92e4,,Drag to set the order the cards appear below the house on the Energy view.,"Ziehen Sie, um die Reihenfolge festzulegen, in der die Karten in der Energieansicht unter dem Haus angezeigt werden.",
ui_drag_to_set_the_order_thermostats_and_ac_units_62d49e7,,Drag to set the order thermostats and AC units appear on the Climate view.,"Ziehen Sie, um die Reihenfolge festzulegen, in der Thermostate und AC-Einheiten in der Klimaansicht angezeigt werden.",
ui_drying_7ea61a9,,Drying,Entfeuchtet,
ui_e_e0184ad,,E,E,
ui_each_group_controls_one_part_of_this_page_286a40b,,Each group controls one part of this page,Jede Gruppe kontrolliert einen Teil dieser Seite,
ui_each_home_keeps_its_own_login_dashboard_notification_conne_c261f94,,"Each home keeps its own login, dashboard, notification connection, and location registration","Jedes Zuhause verfügt über ein eigenes Login, ein eigenes Dashboard, eine eigene Benachrichtigungsverbindung und eine eigene Standortregistrierung",
ui_edit_5301648,,Edit,Bearbeiten,
ui_edit_entities_485ee65,,Edit entities,Entitäten bearbeiten,
ui_edit_page_17e45f8,,Edit page,Seite bearbeiten,
ui_edit_sensors_6c38d51,,Edit sensors,Sensoren bearbeiten,
ui_effects_8f25a85,,Effects,Effekte,
ui_electricity_925cf7f,,Electricity,Strom,
ui_electricity_total_c81c63f,,Electricity Total,Strom insgesamt,
ui_elevation_a514da1,,Elevation,Elevation,
ui_empty_3159fe4,,Empty,Leer,
ui_empty_bin_0cbe2d7,,Empty bin,Leerer Behälter,
ui_empty_bin_bcf05c4,,Empty bin: %1$s,Leerer Behälter: %1$s,app fills in %1$s — keep them
ui_empty_bin_optional_fallback_e40b857,,Empty bin (optional fallback),Behälter leeren (optionaler Fallback),
ui_empty_iframe_open_its_settings_in_edit_mode_and_c17ba2f,,Empty iFrame — open its settings in edit mode and enter a web address.,Leerer iFrame – öffnen Sie seine Einstellungen im Bearbeitungsmodus und geben Sie eine Webadresse ein.,
ui_empty_markdown_widget_open_its_settings_in_edit_mode_b65072d,,Empty markdown widget — open its settings in edit mode to write content.,"Leeres Markdown-Widget – öffnen Sie seine Einstellungen im Bearbeitungsmodus, um Inhalte zu schreiben.",
ui_empty_stack_79d38d5,,Empty Stack,Leerer Stapel,
ui_enable_cloud_backup_32fe82b,,Enable cloud backup,Cloud-Backup aktivieren,
ui_enable_home_assistant_backup_bd7cf62,,Enable Home Assistant backup,Aktivieren Sie die Home Assistant-Sicherung,don't translate Home Assistant
ui_enable_the_features_hki_7_may_use_in_the_52e596d,,Enable the features HKI 7 may use in the background,"Aktivieren Sie die Funktionen, die HKI 7 im Hintergrund verwenden darf",don't translate HKI 7
ui_enabled_e22fb09,,ENABLED,ERMÖGLICHT,
ui_end_2a002eb,,End: %1$s,Ende: %1$s,app fills in %1$s — keep them
ui_energy_437bcb1,,Energy,Energie,
ui_energy_cards_c84abda,,Energy Cards,Energiekarten,
ui_energy_counters_imported_from_home_assistant_s_energy_dash_9dd23f9,,Energy counters imported from Home Assistant's Energy dashboard.,Aus dem Energie-Dashboard von Home Assistant importierte Energiezähler.,don't translate Home Assistant
ui_energy_stack_cards_5ac4b4c,,Energy Stack Cards,Energiestapelkarten,
ui_energyscene_374cbbb,,energyScene,Energieszene,
ui_enter_a_pin_4e6a960,,Enter a PIN,Geben Sie eine PIN ein,
ui_enter_a_valid_json_object_00d1e89,,Enter a valid JSON object,Geben Sie ein gültiges JSON-Objekt ein,
ui_enter_an_address_manually_5eda99d,,Enter an address manually,Geben Sie manuell eine Adresse ein,
ui_enter_code_ab45ae5,,Enter code,Code eingeben,
ui_enter_http_url_relative_path_or_webrtc_id_e_bb736eb,,"Enter HTTP URL, relative path, or WebRTC ID (e.g., poort_hd)","Geben Sie die HTTP-URL, den relativen Pfad oder die WebRTC-ID ein (z. B. „poort_hd“).",
ui_enter_http_url_relative_path_or_webrtc_path_e_41da8c2,,"Enter HTTP URL, relative path, or WebRTC path (e.g., url: poort_hd)","Geben Sie die HTTP-URL, den relativen Pfad oder den WebRTC-Pfad ein (z. B. URL:poort_hd)",
ui_enter_the_same_data_object_home_assistant_shows_in_f7e27af,,Enter the same data object Home Assistant shows in YAML. JSON is used here so values keep their exact type.,"Geben Sie dasselbe Datenobjekt ein, das Home Assistant in YAML anzeigt. Hier wird JSON verwendet, sodass die Werte ihren genauen Typ behalten.",don't translate Home Assistant
ui_entities_390082d,,Entities · %1$s,Entitäten · %1$s,app fills in %1$s — keep them
ui_entities_6510c2f,,Entities (%1$s),Entitäten (%1$s),app fills in %1$s — keep them
ui_entities_9d88f3c,,entities,Entitäten,
ui_entities_appearance_and_interactions_b90b013,,"Entities, appearance, and interactions","Entitäten, Aussehen und Interaktionen",
ui_entities_f7638a2,,Entities,Entitäten,
ui_entities_that_signal_activity_or_safety_states_769b862,,Entities that signal activity or safety states,"Entitäten, die Aktivitäts- oder Sicherheitszustände signalisieren",
ui_entity_icons_gently_glow_spin_or_pulse_while_the_b3a8910,,"Entity icons gently glow, spin, or pulse while the device is on. Only active devices animate.","Entitätssymbole leuchten, drehen oder pulsieren sanft, während das Gerät eingeschaltet ist. Nur aktive Geräte werden animiert.",
ui_entity_integrations_852a3e0,,Entity integrations,Entitätsintegrationen,
ui_entity_name_9543eb8,,Entity name,Entitätsname,
ui_entity_picture_0569c68,,Entity picture,Entitätsbild,
ui_entity_unavailable_3974ddb,,Entity unavailable,Entität nicht verfügbar,
ui_event_ad8919a,,Event,Ereignis,
ui_every_contribution_helps_and_payment_is_never_required_1bc44f2,,"Every contribution helps, and payment is never required",Jeder Beitrag hilft und es ist nie eine Zahlung erforderlich,
ui_everyday_navigation_e2f1711,,Everyday navigation,Alltagsnavigation,
ui_everyone_c756f6a,,Everyone,Alle,
ui_exact_text_or_number_reported_by_home_assistant_00e5cc6,,Exact text or number reported by Home Assistant,"Genauer Text oder genaue Nummer, die von Home Assistant gemeldet wird",don't translate Home Assistant
ui_example_com_or_https_8381ca6,,example.com or https://…,example.com oder https://…,
ui_existing_camera_5fb3653,,Existing Camera,Vorhandene Kamera,
ui_exit_demo_mode_ab94122,,Exit Demo Mode,Verlassen Sie den Demo-Modus,
ui_exit_full_screen_3d9afda,,Exit full screen,Verlassen Sie den Vollbildmodus,
ui_exiting_removes_the_sample_home_and_returns_to_the_05548e1,,"Exiting removes the sample home and returns to the welcome screen, where you can connect a real Home Assistant server.","Durch das Beenden wird das Beispielhaus entfernt und zum Begrüßungsbildschirm zurückgekehrt, auf dem Sie eine Verbindung zu einem echten Home Assistant-Server herstellen können.",don't translate Home Assistant
ui_expected_delivery_78d54b2,,Expected delivery,Lieferung voraussichtlich,
ui_expected_today_4af5600,,Expected today,Wird heute erwartet,
ui_external_url_or_nabu_casa_url_d2e1eed,,External URL or Nabu Casa URL,Externe URL oder Nabu Casa-URL,don't translate Nabu Casa
ui_family_sharing_160fddb,,Family Sharing,Familienfreigabe,
ui_family_sharing_settings_are_controlled_by_a_home_assistant_cdb35a2,,Family Sharing settings are controlled by a Home Assistant admin. You can use a dashboard shared with you below.,Die Einstellungen für die Familienfreigabe werden von einem Home Assistant-Administrator gesteuert. Sie können ein unten für Sie freigegebenes Dashboard verwenden.,don't translate Home Assistant
ui_fan_ec38406,,Fan,Lüfter,
ui_fan_modes_fbaa3df,,Fan & modes,Lüfter und Modi,
ui_fans_73d38db,,Fans,Lüfter,
ui_fetch_climate_entities_from_home_assistant_again_a65f837,,Fetch climate entities from Home Assistant again.,Rufen Sie die Klimaelemente erneut vom Home Assistant ab.,don't translate Home Assistant
ui_fetch_rooms_floors_and_their_entities_from_home_assistant_0d84305,,"Fetch rooms, floors, and their entities from Home Assistant again.","Rufen Sie Räume, Etagen und ihre Einheiten erneut vom Home Assistant ab.",don't translate Home Assistant
ui_fetch_security_entities_from_home_assistant_again_577b666,,Fetch security entities from Home Assistant again.,Rufen Sie die Sicherheitsentitäten erneut von Home Assistant ab.,don't translate Home Assistant
ui_fetch_the_home_assistant_energy_dashboard_configuration_ag_9180e9b,,Fetch the Home Assistant energy dashboard configuration again.,Rufen Sie die Konfiguration des Home Assistant-Energie-Dashboards erneut ab.,don't translate Home Assistant
ui_find_home_assistant_locally_c992bdf,,Find Home Assistant locally,Finden Sie Home Assistant vor Ort,don't translate Home Assistant
ui_firmware_94fe490,,Firmware %1$s,Firmware %1$s,app fills in %1$s — keep them
ui_five_simple_gestures_are_all_you_need_to_get_d4c2675,,Five simple gestures are all you need to get around HKI 7.,"Fünf einfache Gesten genügen, um sich in HKI 7 zurechtzufinden.",don't translate HKI 7
ui_fixed_tab_10fe998,,Fixed tab,Feste Registerkarte,
ui_floor_7db82f7,,Floor,Etage,
ui_floor_assignment_288a740,,Floor assignment,Etagenzuweisung,
ui_floor_name_e9d98d6,,Floor name,Etagenname,
ui_floor_settings_640cb8e,,Floor settings,Bodeneinstellungen,
ui_flowphase_101d9f0,,flowPhase,flowPhase,
ui_flows_1242655,,Flows,Fließt,
ui_focused_groups_keep_advanced_options_easy_to_find_44ac86e,,Focused groups keep advanced options easy to find,"Fokussierte Gruppen sorgen dafür, dass erweiterte Optionen leicht zu finden sind",
ui_font_family_54a1848,,Font family,Schriftfamilie,
ui_font_size_ef89fc7,,Font size · %1$s%%,Schriftgröße · %1$s%%,app fills in %1$s — keep them
ui_fonts_ffe688a,,Fonts,Schriftarten,
ui_force_high_refresh_rate_214de79,,Force high refresh rate,Erzwingen Sie eine hohe Bildwiederholfrequenz,
ui_forecast_528bc4b,,Forecast,Vorhersage,
ui_forecast_entities_c950412,,Forecast entities,Prognoseentitäten,
ui_forget_selection_7864f34,,Forget selection,Vergessen Sie die Auswahl,
ui_forward_ba4e722,,Forward,Nach vorne,
ui_from_ad3b521,,From %1$s,Von %1$s,app fills in %1$s — keep them
ui_from_state_6c7eaef,,From state,Vom Staat,
ui_full_changelog_ae838e7,,Full changelog,Vollständiges Änderungsprotokoll,
ui_full_controls_68749a5,,Full controls,Volle Kontrolle,
ui_full_day_name_25ab7ee,,Full Day Name,Vollständiger Name,
ui_full_url_or_a_path_on_your_home_assistant_66f9c59,,Full URL or a path on your Home Assistant server (e.g. /local/vacuum.png),Vollständige URL oder ein Pfad auf Ihrem Home Assistant-Server (z. B. /local/vacuum.png),don't translate Home Assistant
ui_gas_ead9650,,Gas,Gas,
ui_generating_your_rooms_01654a1,,Generating your rooms,Generierung Ihrer Räume,
ui_get_started_bd2cb05,,Get Started,Legen Sie los,
ui_give_a_humidifier_a_fan_select_input_select_to_860be4d,,"Give a humidifier a fan / select / input_select to control its speed; its options replace the humidifier's mode chips, and modes move to the dialog's nav bar.","Geben Sie einem Luftbefeuchter einen Ventilator / select / input_select, um seine Geschwindigkeit zu steuern; Seine Optionen ersetzen die Moduschips des Luftbefeuchters und die Modi werden in die Navigationsleiste des Dialogs verschoben.",
ui_glow_6ae5a62,,glow,glühen,
ui_glowphase_748e6d6,,glowPhase,GlowPhase,
ui_glowpulse_9269294,,glowPulse,GlowPulse,
ui_good_61dedcf,,Good,Gut,
ui_google_drive_07c2964,,Google Drive,Google Drive,don't translate Google Drive
ui_got_it_5b8027f,,Got it,Habe es,
ui_got_it_let_s_explore_107038f,,Got it — let's explore,Verstanden – erkunden wir es,
ui_graph_sensor_c63cbb6,,Graph %1$s · %2$s sensor%3$s,Diagramm %1$s · %2$s sensor%3$s,app fills in %1$s %2$s %3$s — keep them
ui_graph_style_6acd980,,Graph Style,Diagrammstil,
ui_graphs_7839947,,Graphs,Grafiken,
ui_grid_density_and_button_presentation_b7907e5,,Grid density and button presentation,Rasterdichte und Schaltflächendarstellung,
ui_grid_density_width_and_tile_shape_267ad9a,,"Grid density, width, and tile shape","Rasterdichte, Breite und Kachelform",
ui_grid_phases_0a5eae5,,Grid & phases,Gitter und Phasen,
ui_group_light_paused_for_manual_control_78d6b74,,%1$s group light%2$s paused for manual control.,%1$s Gruppenlicht%2$s zur manuellen Steuerung angehalten.,app fills in %1$s %2$s — keep them
ui_group_related_cards_in_one_section_f978d2b,,Group related cards in one section,Gruppieren Sie verwandte Karten in einem Abschnitt,
ui_guide_motion_579dcaf,,guide_motion,guide_motion,
ui_guide_progress_6138614,,guide_progress,guide_progress,
ui_gust_53f5da4,, (gust %1$s),(Böe %1$s),app fills in %1$s — keep them; keep the space at the start/end
ui_h_0be1674,,%1$sh,%1$sh,app fills in %1$s — keep them
ui_header_31341c6,,Header,Kopfzeile,
ui_header_appearance_40327c9,,Header appearance,Erscheinungsbild der Kopfzeile,
ui_header_custom_color_rrggbb_1887d0a,,Header custom color (#RRGGBB),Benutzerdefinierte Kopfzeilenfarbe (#RRGGBB),
ui_header_pill_d7520cf,,Header pill,Kopfpille,
ui_header_text_7f71314,,Header text,Überschrift,
ui_header_text_f7593e7,,Header Text,Kopfzeilentext,
ui_header_wallpaper_url_or_path_25cf2b6,,Header wallpaper URL or path,URL oder Pfad des Header-Hintergrundbilds,
ui_heading_some_bold_text_a_list_item_one_item_b7f049b,,"# Heading\nSome **bold** text, a list:\n- item one\n- item two","# Überschrift\nEtwas **fetter** Text, eine Liste:\n- Punkt eins\n- Punkt zwei",\n = line break
ui_healthy_80ea156,,Healthy,Gesund,
ui_heating_f2a3e6e,,Heating,Heizung,
ui_height_3f608b4,,Height,Höhe,
ui_help_the_project_without_buying_premium_e960d10,,Help the project without buying Premium,"Helfen Sie dem Projekt, ohne Premium zu kaufen",
ui_hidden_1364716,,%1$s hidden,%1$s ausgeblendet,app fills in %1$s — keep them
ui_hidden_d4c2792,,Hidden,Versteckt,
ui_hidden_during_c0afbbc,,Hidden during,Versteckt während,
ui_hidden_rooms_f621ba4,,Hidden rooms,Versteckte Räume,
ui_hidden_items_advanced_title,,Hidden items (advanced),Versteckte Gegenstände (erweitert),
ui_hidden_items_advanced_hint,,Comma-separated list of button entity ids or badge/widget ids to hide from this person specifically. A button's id is its entity id; a badge or widget's id is shown in its own Appearance settings.,"Durch Kommas getrennte Liste von Schaltflächen-Entitäts-IDs oder Abzeichen-/Widget-IDs, die speziell vor dieser Person verborgen werden sollen. Die ID einer Schaltfläche ist ihre Entitäts-ID. Die ID eines Abzeichens oder Widgets wird in den eigenen Darstellungseinstellungen angezeigt.",
ui_hidden_views_3e16d85,,Hidden views,Versteckte Ansichten,
ui_hide_certain_views_or_rooms_from_specific_people_to_f10458c,,Hide certain views or rooms from specific people to keep their dashboard simple. This is UX-level hiding — it does not restrict what they can do in Home Assistant itself.,"Verstecken Sie bestimmte Ansichten oder Räume vor bestimmten Personen, um deren Dashboard übersichtlich zu halten. Dies ist ein Verstecken auf UX-Ebene – es schränkt nicht ein, was sie im Home Assistant selbst tun können.",don't translate Home Assistant
ui_hide_connection_notification_dcee06a,,Hide Connection Notification,Verbindungsbenachrichtigung ausblenden,
ui_hide_this_badge_or_schedule_when_it_appears_e149fbf,,"Hide this badge, or schedule when it appears","Blenden Sie dieses Abzeichen aus oder planen Sie, wann es angezeigt wird",
ui_hide_this_button_or_schedule_when_it_appears_a28bf66,,"Hide this button, or schedule when it appears","Blenden Sie diese Schaltfläche aus oder planen Sie, wann sie angezeigt wird",
ui_high_accuracy_mode_954d2c5,,High accuracy mode,Hochpräzisionsmodus,
ui_history_90ccd64,,History,Verlauf,
ui_hki_7_68a9e17,,HKI 7,HKI 7,don't translate HKI 7
ui_hki_7_collects_location_data_to_enable_presence_detection_2dda033,,HKI 7 collects location data to enable presence detection and zone-based ,"HKI 7 sammelt Standortdaten, um eine Anwesenheitserkennung und zonenbasierte Erkennung zu ermöglichen",don't translate HKI 7; keep the space at the start/end
ui_hki_7_logo_a445c44,,HKI 7 logo,HKI 7-Logo,don't translate HKI 7
ui_hki_7_turns_your_native_home_assistant_entities_rooms_c95b345,,"HKI 7 turns your native Home Assistant entities, rooms, automations, media, energy data, and services into a configurable mobile dashboard. It is designed to stay connected to Home Assistant as the source of truth while offering a distinct HKI interface.","HKI 7 verwandelt Ihre nativen Home Assistant-Einheiten, Räume, Automatisierungen, Medien, Energiedaten und Dienste in ein konfigurierbares mobiles Dashboard. Es ist so konzipiert, dass es mit Home Assistant als Quelle der Wahrheit in Verbindung bleibt und gleichzeitig eine eindeutige HKI-Schnittstelle bietet.","don't translate Home Assistant, HKI 7"
ui_hki_7_v_d5594a7,,HKI 7 v%1$s,HKI 7 v%1$s,app fills in %1$s — keep them; don't translate HKI 7
ui_home_and_rooms_are_always_shown_reorder_the_other_bea984a,,Home and Rooms are always shown. Reorder the other tabs with the arrows and toggle each on or off.,Zuhause und Räume werden immer angezeigt. Ordnen Sie die anderen Registerkarten mit den Pfeilen neu an und schalten Sie sie jeweils ein oder aus.,
ui_home_assistant_backup_is_off_4524f2e,,Home Assistant backup is off,Die Sicherung von Home Assistant ist deaktiviert,don't translate Home Assistant
ui_home_assistant_c8fd3bb,,Home Assistant,Heimassistent,don't translate Home Assistant
ui_home_assistant_instances_b0de2f3,,Home Assistant instances,Home Assistant-Instanzen,don't translate Home Assistant
ui_home_assistant_will_be_unavailable_briefly_while_it_restar_df30b45,,Home Assistant will be unavailable briefly while it restarts. Administrator access is required.,Während des Neustarts ist Home Assistant kurzzeitig nicht verfügbar. Administratorzugriff ist erforderlich.,don't translate Home Assistant
ui_home_security_aa534f2,,HOME SECURITY,SICHERHEIT ZU HAUSE,
ui_home_wi_fi_names_comma_separated_b71c6ab,,Home Wi-Fi names (comma separated),Heim-WLAN-Namen (durch Kommas getrennt),
ui_hourly_forecast_50f6c9c,,Hourly forecast,Stündliche Vorhersage,
ui_how_this_control_communicates_state_ad17a3d,,How this control communicates state,Wie dieses Steuerelement den Status kommuniziert,
ui_how_this_icon_animates_while_the_device_is_active_dffdaf5,,"How this icon animates while the device is active. ""Auto"" follows the global setting; the rest override it for this icon.","Wie dieses Symbol animiert wird, während das Gerät aktiv ist. „Auto“ folgt der globalen Einstellung; Der Rest überschreibt es für dieses Symbol.",
ui_http_homeassistant_local_8123_67b2235,,http://homeassistant.local:8123,http://homeassistant.local:8123,
ui_http_url_relative_path_or_webrtc_name_e_g_dfc56c4,,"HTTP URL, relative path, or WebRTC name (e.g., url: poort_hd)","HTTP-URL, relativer Pfad oder WebRTC-Name (z. B. URL:poort_hd)",
ui_https_1a66279,,https://…,https://…,
ui_https_example_ui_nabu_casa_4d97501,,https://example.ui.nabu.casa,https://example.ui.nabu.casa,
ui_humidifiers_aa38e2a,,Humidifiers,Luftbefeuchter,
ui_humidifiers_are_found_automatically_from_the_humidifier_do_0717429,,Humidifiers are found automatically from the humidifier domain; add extra entities here if any are missing.,"Luftbefeuchter werden automatisch aus der Luftbefeuchterdomäne gefunden; Fügen Sie hier zusätzliche Entitäten hinzu, falls welche fehlen.",
ui_humidifying_5d5f6c5,,Humidifying,Befeuchtet,
ui_humidity_65adb9c,,Humidity,Luftfeuchtigkeit,
ui_humidity_control_devices_c7e4846,,Humidity control devices,Geräte zur Feuchtigkeitskontrolle,
ui_humidity_sensor_graphed_in_activity_5b792e1,,Humidity sensor (graphed in Activity),Feuchtigkeitssensor (grafisch dargestellt in Aktivität),
ui_icon_716f63b,,Icon,Symbol,
ui_icon_animation_5b1faae,,Icon animation,Symbolanimation,
ui_icon_animations_and_effects_db0dea4,,Icon animations and effects,Symbolanimationen und -effekte,
ui_icon_eeaa97d,,Icon: %1$s,Symbol: %1$s,app fills in %1$s — keep them
ui_icon_feedback_180b871,,Icon & feedback,Symbol und Feedback,
ui_icons_edb8f6c,,Icons,Symbole,
ui_identity_7e5a975,,Identity,Identität,
ui_identity_and_connection_bee53f8,,Identity and connection,Identität und Verbindung,
ui_identity_presentation_indicators_and_maintenance_d46fbf4,,"Identity, presentation, indicators, and maintenance","Identität, Präsentation, Indikatoren und Wartung",
ui_idle_cc1ebdd,,Idle,Inaktiv,
ui_image_50e19fd,,Image,Bild,
ui_image_style_size_shape_and_background_40c17b6,,"Image style, size, shape, and background","Bildstil, Größe, Form und Hintergrund",
ui_image_url_or_path_ddd8d74,,Image URL or path,Bild-URL oder Pfad,
ui_import_d6fbc9d,,Import,Import,
ui_import_entities_that_have_not_been_edited_or_remove_6edde59,,"Import entities that have not been edited, or remove all climate edits and import from scratch.","Importieren Sie Elemente, die nicht bearbeitet wurden, oder entfernen Sie alle Klimaänderungen und importieren Sie sie von Grund auf.",
ui_import_entities_that_have_not_been_edited_or_remove_9851b28,,"Import entities that have not been edited, or remove all security edits and import from scratch.","Importieren Sie Entitäten, die nicht bearbeitet wurden, oder entfernen Sie alle Sicherheitsänderungen und importieren Sie sie von Grund auf.",
ui_import_from_family_f9eb88d,,Import from family,Aus Familie importieren,
ui_import_only_rooms_and_entities_that_have_not_been_478d449,,"Import only rooms and entities that have not been edited, or remove all edited rooms and floors and import everything from scratch.","Importieren Sie nur Räume und Objekte, die nicht bearbeitet wurden, oder entfernen Sie alle bearbeiteten Räume und Etagen und importieren Sie alles von Grund auf.",
ui_import_only_rooms_that_have_not_been_edited_or_d59bee5,,"Import only rooms that have not been edited, or rebuild everything. Rebuilding removes all edited rooms and floors before importing them from scratch.","Importieren Sie nur Räume, die nicht bearbeitet wurden, oder erstellen Sie alles neu. Beim Neuaufbau werden alle bearbeiteten Räume und Etagen entfernt, bevor sie von Grund auf importiert werden.",
ui_import_sensors_with_device_class_battery_and_unit_of_dfaced9,,Import sensors with device_class battery and unit_of_measurement %.,Importieren Sie Sensoren mit Geräteklasse-Batterie und Maßeinheit %.,
ui_import_settings_that_have_not_been_edited_or_remove_2fc3850,,"Import settings that have not been edited, or remove all energy edits and import from scratch.","Importieren Sie Einstellungen, die nicht bearbeitet wurden, oder entfernen Sie alle Energieänderungen und importieren Sie sie von Grund auf.",
ui_import_unedited_4a58143,,Import unedited,Unbearbeitet importieren,
ui_imported_stacks_cannot_be_removed_in_auto_mode_hide_608f9ed,,"Imported stacks cannot be removed in auto mode. Hide the stack instead, or take over / switch to manual mode to delete it permanently.","Importierte Stapel können im automatischen Modus nicht entfernt werden. Blenden Sie stattdessen den Stapel aus oder übernehmen Sie den manuellen Modus bzw. wechseln Sie in den manuellen Modus, um ihn dauerhaft zu löschen.",
ui_importing_820599d,,Importing…,Importieren…,
ui_importing_areas_and_entities_from_home_assistant_0e50b82,,Importing areas and entities from Home Assistant…,Importieren von Bereichen und Objekten aus Home Assistant…,don't translate Home Assistant
ui_incoming_outgoing_1815915,,%1$s incoming · %2$s outgoing%3$s,%1$s eingehend · %2$s ausgehend%3$s,app fills in %1$s %2$s %3$s — keep them
ui_incoming_outgoing_49b9c0b,,%1$s incoming · %2$s outgoing,%1$s eingehend · %2$s ausgehend,app fills in %1$s %2$s — keep them
ui_incorrect_pin_2de1d18,,Incorrect PIN,Falsche PIN,
ui_increase_5a7fecf,,Increase,Zunahme,
ui_individual_water_usage_21dd78c,,Individual water usage,Wasserverbrauch je Gerät,
ui_individual_widgets_ff1526f,,Individual widgets,Individuelle Widgets,
ui_indoor_average_53abf03,,INDOOR AVERAGE,INNENDURCHSCHNITT,
ui_indoor_comfort_7060319,,Indoor comfort,Komfort im Innenbereich,
ui_instance_name_e98a2eb,,Instance name,Instanzname,
ui_interactions_0b3583e,,Interactions,Interaktionen,
ui_internal_url_acab9b2,,Internal URL,Interne URL,
ui_interval_seconds_eaeeb46,,Interval seconds,Intervallsekunden,
ui_is_c24d775,, is,Ist,keep the space at the start/end
ui_item_corner_roundness_5032003,,Item corner roundness,Rundung der Artikelecken,
ui_items_cabff0b,,%1$s items,%1$s Artikel,app fills in %1$s — keep them
ui_k_df46805,,%1$sK,%1$sK,app fills in %1$s — keep them
ui_keep_existing_edits_or_remove_all_battery_edits_and_acc0236,,"Keep existing edits, or remove all battery edits and import from scratch.",Behalten Sie vorhandene Änderungen bei oder entfernen Sie alle Batterieänderungen und importieren Sie sie von Grund auf.,
ui_keep_only_the_title_right_header_pill_and_back_7777651,,"Keep only the title, right header pill, and back button when a page has one.","Behalten Sie nur den Titel, das rechte Kopfzeilenfeld und die Zurück-Schaltfläche bei, wenn eine Seite über eine verfügt.",
ui_keeps_a_connection_to_home_assistant_for_instant_notificat_ecaee7d,,Keeps a connection to Home Assistant for instant notifications,Hält eine Verbindung zum Home Assistant für sofortige Benachrichtigungen aufrecht,don't translate Home Assistant
ui_keeps_presence_detection_and_zone_automations_working_andr_c48598a,,Keeps presence detection and zone automations working. Android should show ‘Allow all the time’.,Hält die Anwesenheitserkennung und Zonenautomatisierung am Laufen. Android sollte „Immer zulassen“ anzeigen.,
ui_keeps_your_device_location_updated_in_home_assistant_e295875,,Keeps your device location updated in Home Assistant,Hält den Standort Ihres Geräts in Home Assistant auf dem neuesten Stand,don't translate Home Assistant
ui_km_h_ede7178,,%1$s km/h,%1$s km/h,app fills in %1$s — keep them
ui_languages_and_frameworks_used_by_the_android_app_fb4ac97,,Languages and frameworks used by the Android app,Von der Android-App verwendete Sprachen und Frameworks,
ui_last_backup_05509f8,,Last backup %1$s,Letzte Sicherung %1$s,app fills in %1$s — keep them
ui_last_h_3faaee1,,Last %1$sh,Letzte %1$sh,app fills in %1$s — keep them
ui_last_run_b27f32a,,Last run %1$s,Letzter Lauf %1$s,app fills in %1$s — keep them
ui_layout_972ad8d,,Layout,Layout,
ui_leave_a_tip_5f90f10,,Leave a tip,Geben Sie ein Trinkgeld,
ui_leave_empty_to_use_the_home_assistant_name_f769e92,,Leave empty to use the Home Assistant name,"Lassen Sie das Feld leer, um den Namen „Home Assistant“ zu verwenden",don't translate Home Assistant
ui_leave_this_empty_for_local_only_access_add_an_cc6bf85,,Leave this empty for local-only access. Add an external or Nabu Casa URL to use HKI 7 away from home.,"Lassen Sie dieses Feld leer, um nur lokal darauf zugreifen zu können. Fügen Sie eine externe oder Nabu Casa-URL hinzu, um HKI 7 auch unterwegs zu nutzen.","don't translate Nabu Casa, HKI 7"
ui_left_8ae1c34,,Left,Links,
ui_left_side_overflows_right_fc8533c,,Left side overflows right,Die linke Seite läuft nach rechts über,
ui_less_526cb74,,Less,Weniger,
ui_let_hki_7_create_the_first_version_for_you_dc36439,,Let HKI 7 create the first version for you.,Lassen Sie HKI 7 die erste Version für Sie erstellen.,don't translate HKI 7
ui_let_this_person_enter_edit_mode_667df39,,Let this person enter edit mode,Lassen Sie diese Person in den Bearbeitungsmodus wechseln,
ui_level_7c7f5d0,,Level,Ebene,
ui_level_unavailable_a442183,,Level unavailable,Ebene nicht verfügbar,
ui_license_3229609,,License,Lizenz,
ui_light_is_turned_off_ebc0cf1,,Light is turned off,Licht ist ausgeschaltet,
ui_lines_c6fd387,,Lines,Linien,
ui_link_a_device_to_auto_fill_the_humidifier_s_6f65010,,"Link a device to auto-fill the humidifier's helper entities, or set them by hand","Verknüpfen Sie ein Gerät, um die Hilfseinheiten des Luftbefeuchters automatisch zu füllen, oder stellen Sie sie manuell ein",
ui_link_a_speed_control_197d75a,,Link a speed control,Verknüpfen Sie einen Geschwindigkeitsregler,
ui_linked_speed_control_optional_95fd680,,Linked speed control (optional),Verknüpfte Geschwindigkeitsregelung (optional),
ui_live_65c821a,,Live,Live,
ui_live_6990f01,,LIVE,LIVE,
ui_live_indicators_11ef687,,Live indicators,Live-Indikatoren,
ui_live_power_sensors_imported_from_home_assistant_s_configur_1b926f2,,Live power sensors imported from Home Assistant's configured Energy devices.,"Live-Leistungssensoren, die von den konfigurierten Energiegeräten von Home Assistant importiert wurden.",don't translate Home Assistant
ui_loading_actions_260b0c0,,Loading actions…,Aktionen werden geladen…,
ui_loading_actions_877bfd9,,Loading actions...,Aktionen werden geladen...,
ui_loading_camera_50a8065,,Loading camera…,Kamera wird geladen…,
ui_loading_device_a3fda88,,Loading device...,Gerät wird geladen...,
ui_local_file_576d5ac,,Local file,Lokale Datei,
ui_local_network_optional_42aba01,,Local network (optional),Lokales Netzwerk (optional),
ui_local_only_05ed059,,Local Only,Nur lokal,
ui_locating_e46bab0,,Locating…,Lokalisieren…,
ui_location_access_3b68001,,Location access,Standortzugriff,
ui_location_d219c68,,Location,Standort,
ui_location_unavailable_3a57dda,,Location Unavailable,Standort nicht verfügbar,
ui_lock_c37eb4c,,LOCK,SPERREN,
ui_locked_a798882,,Locked,Verriegelt,
ui_locks_the_screen_to_its_highest_refresh_rate_while_585256f,,Locks the screen to its highest refresh rate while the app is open (uses more battery).,"Stellt den Bildschirm auf die höchste Bildwiederholfrequenz ein, während die App geöffnet ist (verbraucht mehr Batterie).",
ui_log_in_again_1ee6e18,,Log in again,Melden Sie sich erneut an,
ui_logging_in_again_keeps_your_dashboard_and_settings_9a8ed6f,,Logging in again keeps your dashboard and settings.,"Wenn Sie sich erneut anmelden, bleiben Ihr Dashboard und Ihre Einstellungen erhalten.",
ui_logo_url_or_ha_local_path_optional_e795f06,,Logo URL or HA/local path (optional),Logo-URL oder HA/lokaler Pfad (optional),
ui_logout_keep_config_32a0cfb,,Logout (Keep Config),Abmelden (Konfiguration beibehalten),
ui_low_a124947,,Low,Niedrig,
ui_low_ba7cae2,,%1$s low,%1$s niedrig,app fills in %1$s — keep them
ui_low_batteries_41d22d9,,%1$s low batteries,%1$s schwache Batterien,app fills in %1$s — keep them
ui_low_plan_a_replacement_34435da,,Low — plan a replacement,Niedrig – planen Sie einen Ersatz,
ui_low_threshold_1ecfd8b,,Low threshold (%),Unterer Schwellenwert (%),
ui_lunar_phase_301b75e,,Lunar phase,Mondphase,
ui_mail_92379cb,,Mail,Post,
ui_maintenance_94de303,,Maintenance,Wartung,
ui_manage_items_d854c4b,,Manage items,Artikel verwalten,
ui_manage_order_411f2d9,,Manage order,Bestellung verwalten,
ui_managed_by_an_admin_805ae65,,Managed by an admin,Verwaltet von einem Administrator,
ui_manual_configuration_only_selected_entities_and_devices_ar_10e150b,,Manual configuration: only selected entities and devices are shown.,Manuelle Konfiguration: Es werden nur ausgewählte Einheiten und Geräte angezeigt.,
ui_map_ab478f3,,Map,Karte,
ui_map_c5cc79f,,Map: %1$s,Karte: %1$s,app fills in %1$s — keep them
ui_map_camera_for_dialog_2bc4344,,Map camera (for dialog),Kartenkamera (für Dialog),
ui_map_status_sensors_and_control_bindings_8cc2dbd,,"Map, status sensors, and control bindings","Karte, Statussensoren und Steuerungsbindungen",
ui_map_unavailable_0ccd149,,Map unavailable,Karte nicht verfügbar,
ui_markdown_23e67fc,,Markdown,Markdown,
ui_matching_entities_are_added_automatically_by_home_assistan_07ebdac,,Matching entities are added automatically by Home Assistant device class. Add any missing or custom entities here.,Passende Entitäten werden automatisch von der Home Assistant-Geräteklasse hinzugefügt. Fügen Sie hier alle fehlenden oder benutzerdefinierten Entitäten hinzu.,don't translate Home Assistant
ui_media_0c77aee,,Media,Medien,
ui_media_browsing_isn_t_available_for_this_player_e068417,,Media browsing isn't available for this player.,Das Durchsuchen von Medien ist für diesen Player nicht verfügbar.,
ui_media_library_b9c5845,,Media library,Medienbibliothek,
ui_media_players_a4b8cf2,,Media players,Mediaplayer,
ui_media_players_ec25525,,Media Players,Medienplayer,
ui_messages_safety_and_portability_ee58dfe,,"Messages, safety, and portability","Nachrichten, Sicherheit und Portabilität",
ui_messages_sent_to_this_device_via_home_assistant_s_87e4a32,,Messages sent to this device via\nHome Assistant's notify service appear here.,An dieses Gerät gesendete Nachrichten über\nDer Benachrichtigungsdienst von Home Assistant wird hier angezeigt.,don't translate Home Assistant; \n = line break
ui_meteorological_tap_or_swipe_3f3d67e,,Meteorological · tap or swipe,Meteorologisch · Tippen oder Wischen,
ui_meter_readings_a3c12c4,,Meter readings,Zählerstände,
ui_mixed_climate_5d22eb9,,Mixed climate,Gemischtes Klima,
ui_mm_ce9b88b,,%1$s mm,%1$s mm,app fills in %1$s — keep them
ui_mmm_d_9367bcf,,"%1$s, MMM d","%1$s, MMM d",app fills in %1$s — keep them
ui_mode_a7b93d2,,Mode,Modus,
ui_modes_6fc3ca8,,MODES,MODI,
ui_modes_79f5b22,,Modes,Modi,
ui_monitoring_a814345,,Monitoring,Überwachung,
ui_moon_846b902,,Moon,Mond,
ui_move_down_260ff8a,,Move down,Bewegen Sie sich nach unten,
ui_move_up_b4f57cd,,Move up,Bewegen Sie sich nach oben,
ui_mozilla_public_license_2_0_mpl_2_0_4ec8335,,Mozilla Public License 2.0 (MPL-2.0),Mozilla Public License 2.0 (MPL-2.0),
ui_multiple_climate_values_are_averaged_separate_sensor_value_cfccbf4,,Multiple climate values are averaged. Separate sensor values are averaged only when no climate source is selected.,"Mehrere Klimawerte werden gemittelt. Separate Sensorwerte werden nur dann gemittelt, wenn keine Klimaquelle ausgewählt ist.",
ui_mywifi_mywifi_5g_2a163c1,,"MyWiFi, MyWiFi-5G","MyWiFi, MyWiFi-5G",
ui_n_b51a607,,N,N,
ui_name_709a232,,Name,Name,
ui_name_a_z_257c1c4,,Name A-Z,Nennen Sie A-Z,
ui_name_and_icon_shown_above_this_container_9076bde,,Name and icon shown above this container,Name und Symbol werden über diesem Container angezeigt,
ui_name_and_icon_shown_above_this_floor_3755eda,,Name and icon shown above this floor,Name und Symbol werden über dieser Etage angezeigt,
ui_name_and_icon_used_throughout_the_app_bed8e83,,Name and icon used throughout the app,"Name und Symbol, die in der gesamten App verwendet werden",
ui_name_optional_9c9f03a,,Name (optional),Name (optional),
ui_name_subtitle_and_navigation_icon_3f2e8c4,,"Name, subtitle, and navigation icon","Name, Untertitel und Navigationssymbol",
ui_name_this_device_4d603e2,,Name this device,Benennen Sie dieses Gerät,
ui_name_width_and_icon_a4d694b,,"Name, width, and icon","Name, Breite und Symbol",
ui_name_z_a_daabfb6,,Name Z-A,Nennen Sie Z-A,
ui_native_home_assistant_automations_always_in_sync_ae8941e,,"Native Home Assistant automations, always in sync","Native Home Assistant-Automatisierungen, immer synchron",don't translate Home Assistant
ui_navigation_bar_e90e3de,,Navigation Bar,Navigationsleiste,
ui_network_routes_for_1d18efd,,Network routes for %1$s,Netzwerkrouten für %1$s,app fills in %1$s — keep them
ui_never_sent_to_the_developer_or_to_any_third_f0479e9,,"never sent to the developer or to any third party, and you can turn this ","niemals an den Entwickler oder an Dritte gesendet, und Sie können dies ändern",keep the space at the start/end
ui_never_triggered_c91b347,,Never triggered,Nie ausgelöst,
ui_new_dashboard_4d3c071,,New Dashboard,Neues Dashboard,
ui_new_floor_1389094,,New floor,Neuer Boden,
ui_new_flow_d4cef94,,New flow,Neuer Fluss,
ui_next_camera_14994be,,Next camera,Nächste Kamera,
ui_no_active_parcels_or_mail_6c9d49c,,No active parcels or mail.,Keine aktiven Pakete oder Post.,
ui_no_activity_in_this_period_5cb3978,,No activity in this period,Keine Aktivität in diesem Zeitraum,
ui_no_adaptive_lighting_profiles_are_currently_available_6d29642,,No Adaptive Lighting profiles are currently available.,Derzeit sind keine adaptiven Beleuchtungsprofile verfügbar.,
ui_no_air_purifiers_configured_add_fan_entities_under_climate_fd229a8,,No air purifiers configured. Add fan entities under Climate Settings → Climate Entities → Air purifiers.,Keine Luftreiniger konfiguriert. Fügen Sie Ventilatoreinheiten unter Klimaeinstellungen → Klimaeinheiten → Luftreiniger hinzu.,
ui_no_alarm_585ad82,,No alarm,Kein Alarm,
ui_no_announced_letters_4382408,,No announced letters.,Keine angekündigten Briefe.,
ui_no_archived_notifications_ed5604b,,No archived notifications,Keine archivierten Benachrichtigungen,
ui_no_battery_entities_found_turn_off_battery_filtering_to_dfbc403,,No Battery+ entities found. Turn off Battery+ filtering to show all battery sensors.,"Keine Battery+-Entitäten gefunden. Deaktivieren Sie die Batterie+-Filterung, um alle Batteriesensoren anzuzeigen.",
ui_no_battery_sensors_found_7cc0962,,No battery sensors found.,Keine Batteriesensoren gefunden.,
ui_no_camera_selected_717ad35,,No camera selected,Keine Kamera ausgewählt,
ui_no_carbon_intensity_sensor_found_on_this_device_140bf09,,No carbon intensity sensor found on this device,Auf diesem Gerät wurde kein Kohlenstoffintensitätssensor gefunden,
ui_no_cards_yet_open_the_stack_settings_to_pick_021dada,,No cards yet — open the stack settings to pick energy cards.,"Noch keine Karten – öffnen Sie die Stapeleinstellungen, um Energiekarten auszuwählen.",
ui_no_cards_yet_open_the_stack_settings_to_pick_ca8008f,,No cards yet — open the stack settings to pick climate cards.,"Noch keine Karten – öffnen Sie die Stapeleinstellungen, um Klimakarten auszuwählen.",
ui_no_climate_data_37d45e0,,No climate data,Keine Klimadaten,
ui_no_climate_devices_found_thermostats_and_ac_units_from_2e47541,,No climate devices found. Thermostats and AC units from Home Assistant appear here automatically.,Keine Klimageräte gefunden. Thermostate und Klimaanlagen aus Home Assistant erscheinen hier automatisch.,don't translate Home Assistant
ui_no_collections_in_the_next_7_days_6d48bf4,,No collections in the next 7 days.,Keine Abholungen in den nächsten 7 Tagen.,
ui_no_conditions_this_flow_always_continues_c95e76f,,No conditions — this flow always continues,Keine Bedingungen – dieser Fluss geht immer weiter,
ui_no_dashboards_have_been_shared_with_you_yet_ask_38b2c0d,,"No dashboards have been shared with you yet. Ask an admin to share one, or pick another option above.","Es wurden noch keine Dashboards mit Ihnen geteilt. Bitten Sie einen Administrator, eines zu teilen, oder wählen Sie oben eine andere Option aus.",
ui_no_dashboards_have_been_shared_with_you_yet_ask_877080a,,No dashboards have been shared with you yet. Ask an admin to share one.,"Es wurden noch keine Dashboards mit Ihnen geteilt. Bitten Sie einen Administrator, eines zu teilen.",
ui_no_data_d802d23,,No data,Keine Daten,
ui_no_door_sensor_f6b60c8,,No door sensor,Kein Türsensor,
ui_no_energy_sensors_found_eeecdec,,No energy sensors found.,Keine Energiesensoren gefunden.,
ui_no_events_e339ba7,,No events,Keine Veranstaltungen,
ui_no_fans_found_fan_entities_from_home_assistant_appear_279dab7,,No fans found. Fan entities from Home Assistant appear here automatically.,Keine Lüfter gefunden. Lüfter-Entitäten aus Home Assistant erscheinen hier automatisch.,don't translate Home Assistant
ui_no_forecast_available_ed48809,,No forecast available,Keine Prognose verfügbar,
ui_no_graphs_yet_open_the_stack_settings_to_add_87f742f,,No graphs yet — open the stack settings to add sensor graphs.,"Noch keine Diagramme – öffnen Sie die Stapeleinstellungen, um Sensordiagramme hinzuzufügen.",
ui_no_heading_162947f,,No heading,Keine Überschrift,
ui_no_hourly_forecast_available_9ef5a5f,,No hourly forecast available,Keine stündliche Vorhersage verfügbar,
ui_no_humidifiers_found_humidifier_entities_from_home_assista_eeadbd7,,No humidifiers found. Humidifier entities from Home Assistant appear here automatically; extras can be added in Climate Settings.,Keine Luftbefeuchter gefunden. Luftbefeuchter-Elemente von Home Assistant erscheinen hier automatisch; Extras können in den Klimaeinstellungen hinzugefügt werden.,don't translate Home Assistant
ui_no_individual_water_devices_configured_d0060ba,,No individual water devices configured.,Keine einzelnen Wassergeräte konfiguriert.,
ui_no_letter_image_available_eeb42c0,,No letter image available,Kein Buchstabenbild verfügbar,
ui_no_map_camera_configured_d72057b,,No map camera\nconfigured,Keine Kartenkamera\nkonfiguriert,\n = line break
ui_no_map_camera_set_configure_in_button_settings_b54466c,,No map camera set.\nConfigure in button settings.,Keine Kartenkamera eingestellt.\nKonfigurieren Sie in den Schaltflächeneinstellungen.,\n = line break
ui_no_matches_cd0af6c,,No matches,Keine Übereinstimmungen,
ui_no_matching_automations_4489522,,No matching automations,Keine passenden Automatisierungen,
ui_no_media_players_found_1248a89,,No media players found.,Keine Mediaplayer gefunden.,
ui_no_native_home_assistant_automations_found_725a043,,No native Home Assistant automations found,Keine nativen Home Assistant-Automatisierungen gefunden,don't translate Home Assistant
ui_no_non_admin_users_found_on_this_home_assistant_e9e665d,,No non-admin users found on this Home Assistant.,Für diesen Home Assistant wurden keine Benutzer ohne Administratorrechte gefunden.,don't translate Home Assistant
ui_no_notifications_a72159d,,No Notifications,Keine Benachrichtigungen,
ui_no_notifications_b08626f,,No notifications,Keine Benachrichtigungen,
ui_no_options_available_7a19b6d,,No options available,Keine Optionen verfügbar,
ui_no_other_entities_on_this_device_fbc481b,,No other entities on this device.,Keine anderen Entitäten auf diesem Gerät.,
ui_no_other_users_found_on_this_home_assistant_cb89d3d,,No other users found on this Home Assistant.,Keine anderen Benutzer für diesen Home Assistant gefunden.,don't translate Home Assistant
ui_no_parcel_selected_922a402,,No parcel selected,Kein Paket ausgewählt,
ui_no_parcels_cf4c0a0,,No %1$s parcels.,Keine %1$s Pakete.,app fills in %1$s — keep them
ui_no_phase_sensors_configured_in_energy_settings_b88c1dc,,No phase sensors configured in Energy Settings.,In den Energieeinstellungen sind keine Phasensensoren konfiguriert.,
ui_no_power_sensors_found_caf2e07,,No power sensors found.,Keine Leistungssensoren gefunden.,
ui_no_power_sensors_found_on_this_device_or_its_942e9be,,No power sensors found on this device (or its sub-devices) yet.,Auf diesem Gerät (oder seinen Untergeräten) wurden noch keine Leistungssensoren gefunden.,
ui_no_profile_available_98d6e00,,No profile available,Kein Profil verfügbar,
ui_no_sensors_found_edacf22,,No %1$s sensors found.,Keine Sensoren für %1$s gefunden.,app fills in %1$s — keep them
ui_no_sensors_selected_open_the_widget_settings_in_edit_cd87a2e,,No sensors selected — open the widget settings in edit mode.,Keine Sensoren ausgewählt – öffnen Sie die Widget-Einstellungen im Bearbeitungsmodus.,
ui_no_servers_found_yet_make_sure_you_re_on_7e6832d,,"No servers found yet. Make sure you're on the same Wi-Fi, or enter the address below.","Noch keine Server gefunden. Stellen Sie sicher, dass Sie sich im selben WLAN befinden, oder geben Sie die Adresse unten ein.",
ui_no_speed_control_linked_cb0e9ad,,No speed control linked,Keine Geschwindigkeitsregelung angeschlossen,
ui_no_status_history_enable_parcel_history_in_the_integration_302ca4a,,No status history (enable parcel history in the integration options),Kein Statusverlauf (Paketverlauf in den Integrationsoptionen aktivieren),
ui_no_stream_available_0535c4e,,No stream available,Kein Stream verfügbar,
ui_no_stream_available_6bfd14a,,No Stream Available,Kein Stream verfügbar,
ui_no_supported_alarm_modes_reported_by_this_entity_588b22a,,No supported alarm modes reported by this entity,Von dieser Entität wurden keine unterstützten Alarmmodi gemeldet,
ui_no_target_f919b89,,No target,Kein Ziel,
ui_no_tariff_sensors_configured_in_energy_settings_2ad6a3c,,No tariff sensors configured in Energy Settings.,In den Energieeinstellungen sind keine Tarifsensoren konfiguriert.,
ui_no_thanks_6d745b3,,No thanks,Nein danke,
ui_no_upcoming_collections_feff2a6,,No upcoming collections,Keine bevorstehenden Kollektionen,
ui_no_waste_sensors_selected_68b51ce,,No waste sensors selected,Keine Abfallsensoren ausgewählt,
ui_no_waste_sensors_selected_add_them_via_the_widget_554ff3d,,No waste sensors selected. Add them via the widget settings in edit mode.,Keine Abfallsensoren ausgewählt. Fügen Sie sie über die Widget-Einstellungen im Bearbeitungsmodus hinzu.,
ui_no_weather_cards_ce32255,,No weather cards,Keine Wetterkarten,
ui_no_weather_entity_available_7476bcb,,No weather entity available,Keine Wettereinheit verfügbar,
ui_no_widgets_match_73a3c20,,"No widgets match ""%1$s""",Keine Widgets passen zu „%1$s“,app fills in %1$s — keep them
ui_none_6eef664,,None,Keine,
ui_none_auto_cc8786f,,None / Auto,Keine/Auto,
ui_none_modes_stay_as_the_only_control_b62bff7,,None — modes stay as the only control,Keine – Modi bleiben die einzige Steuerung,
ui_none_of_your_configured_carriers_support_adding_a_parcel_21dc0a4,,"None of your configured carriers support adding a parcel by tracking number. Account-based carriers (PostNL, DPD, DHL) only track what's already in your account.","Keiner Ihrer konfigurierten Spediteure unterstützt das Hinzufügen eines Pakets anhand der Sendungsverfolgungsnummer. Kontobasierte Spediteure (PostNL, DPD, DHL) verfolgen nur, was sich bereits auf Ihrem Konto befindet.",
ui_none_selected_5798946,,None selected,Keine ausgewählt,
ui_none_timer_follows_the_completion_time_only_09d470a,,None — timer follows the completion time only,Keine – der Timer folgt nur der Abschlusszeit,
ui_not_enough_data_cdb9d58,,Not enough data,Nicht genügend Daten,
ui_not_enough_data_in_this_period_48188c4,,Not enough data in this period,Nicht genügend Daten in diesem Zeitraum,
ui_not_loaded_by_home_assistant_95f811a,,Not loaded by Home Assistant,Wird nicht von Home Assistant geladen,don't translate Home Assistant
ui_not_set_93039e6,,Not set,Nicht festgelegt,
ui_nothing_here_7f42022,,Nothing here.,Nichts hier.,
ui_nothing_hidden_fd1cdd3,,Nothing hidden,Nichts versteckt,
ui_nothing_is_shared_yet_fca61d0,,Nothing is shared yet.,Es wurde noch nichts geteilt.,
ui_nothing_removed_d67902f,,Nothing removed.,Nichts entfernt.,
ui_nothing_removed_use_edit_mode_on_the_climate_page_dd07910,,Nothing removed. Use edit mode on the Climate page to remove cards; they land here and can be restored.,"Nichts entfernt. Verwenden Sie den Bearbeitungsmodus auf der Seite „Klima“, um Karten zu entfernen. Sie landen hier und können wiederhergestellt werden.",
ui_nothing_to_reorder_yet_cdcbb36,,Nothing to reorder yet.,Noch nichts zum Nachbestellen.,
ui_notification_c18f8f2,,Notification,Benachrichtigung,
ui_notifications_753a22b,,Notifications,Benachrichtigungen,
ui_notifications_are_delivered_over_the_app_s_live_connection_d2aa965,,Notifications are delivered over the app's live connection whenever it is open — send them from Home Assistant with the notify service for this device. Swipe in from the left edge to see the history.,"Benachrichtigungen werden über die Live-Verbindung der App übermittelt, wann immer diese geöffnet ist – senden Sie sie von Home Assistant mit dem Benachrichtigungsdienst für dieses Gerät. Wischen Sie vom linken Rand nach innen, um den Verlauf anzuzeigen.",don't translate Home Assistant
ui_now_e3b8204,,Now,Jetzt,
ui_of_3_enabled_5cdedd4,,%1$s of 3 enabled,%1$s von 3 aktiviert,app fills in %1$s — keep them
ui_of_home_fdfd824,,%1$s%% of home,%1$s%% des Zuhauses,app fills in %1$s — keep them
ui_off_ad50489,,OFF,AUS,
ui_off_at_any_time_in_android_settings_4607e2c,,off at any time in Android settings.,Sie können die Funktion jederzeit in den Android-Einstellungen deaktivieren.,
ui_off_e3de5ab,,Off,Aus,
ui_ok_9ce3bd4,,OK,OK,
ui_on_12469c7,,On - %1$s%%,Ein – %1$s%%,app fills in %1$s — keep them
ui_on_387d7a5,,ON,AN,
ui_on_e0049a6,,On,Ein,
ui_on_f9ca2fe,,%1$s%% • ON,%1$s%% • EIN,app fills in %1$s — keep them
ui_on_these_wi_fi_networks_the_app_connects_via_82d3f1f,,On these Wi-Fi networks the app connects via the internal URL; everywhere else it uses the main server URL above.,In diesen Wi-Fi-Netzwerken stellt die App eine Verbindung über die interne URL her; Überall sonst wird die oben genannte Hauptserver-URL verwendet.,
ui_on_this_device_a7f9620,,On this device,Auf diesem Gerät,
ui_onboard_step_fefaac1,,onboard_step,onboard_step,
ui_only_percentage_sensors_classified_by_home_assistant_as_ba_0d94a2a,,Only percentage sensors classified by Home Assistant as batteries are imported. ,Es werden nur von Home Assistant als Batterien klassifizierte Prozentsensoren importiert.,don't translate Home Assistant; keep the space at the start/end
ui_only_show_battery_entities_and_include_battery_type_detail_b216867,,Only show Battery+ entities and include battery type details,Zeigen Sie nur Batterie+-Entitäten an und geben Sie Details zum Batterietyp an,
ui_only_show_battery_entities_and_include_type_quantity_and_0d8ce40,,"Only show Battery+ entities and include type, quantity, and related battery info.","Zeigt nur Batterie+-Entitäten an und enthält Typ, Menge und zugehörige Batterieinformationen.",
ui_open_camera_full_screen_afc186b,,Open camera full screen,Kamera im Vollbildmodus öffnen,
ui_open_cf9b770,,Open,Öffnen,
ui_open_history_for_graph_ae801d5,,Open history for graph,Verlauf für Grafik öffnen,
ui_open_link_d2de1a2,,Open link,Link öffnen,
ui_open_source_and_premium_licensing_0328125,,Open-source and premium licensing,Open-Source- und Premium-Lizenzierung,
ui_open_the_component_on_github_c1e5ee5,,Open the component on GitHub,Öffnen Sie die Komponente auf GitHub,
ui_open_this_panel_by_swiping_left_from_the_upper_671e63c,,Open this panel by swiping left from the upper-right edge of any page header.,"Öffnen Sie dieses Bedienfeld, indem Sie vom oberen rechten Rand einer beliebigen Seitenkopfzeile nach links wischen.",
ui_opening_dashboard_8e99930,,Opening dashboard…,Dashboard wird geöffnet…,
ui_openstreetmap_fa78a33,,OpenStreetMap,OpenStreetMap,
ui_optional_context_shown_by_the_lock_card_03f6814,,Optional context shown by the lock card,"Optionaler Kontext, der von der Sperrkarte angezeigt wird",
ui_optional_controls_and_sensors_for_richer_dialogs_7a80e7b,,Optional controls and sensors for richer dialogs,Optionale Bedienelemente und Sensoren für umfangreichere Dialoge,
ui_optional_display_name_and_icon_override_f7a6cda,,Optional display name and icon override,Optionale Überschreibung von Anzeigename und Symbol,
ui_optional_fields_passed_to_home_assistant_54dffc6,,Optional fields passed to Home Assistant,An Home Assistant übergebene optionale Felder,don't translate Home Assistant
ui_optional_label_shown_when_name_is_enabled_above_8229e92,,"Optional label shown when ""Name"" is enabled above","Optionale Beschriftung, die angezeigt wird, wenn „Name“ oben aktiviert ist",
ui_optional_name_and_icon_overrides_5dfd062,,Optional name and icon overrides,Optionale Namens- und Symbolüberschreibungen,
ui_optional_name_and_icon_shown_above_this_stack_272f237,,Optional name and icon shown above this stack,"Optionaler Name und Symbol, das über diesem Stapel angezeigt wird",
ui_optional_premium_5ae8183,,Optional Premium,Optionale Prämie,
ui_optional_support_for_development_and_testing_costs_5d6af95,,Optional support for development and testing costs,Optionale Unterstützung für Entwicklungs- und Testkosten,
ui_optional_title_and_dashboard_width_e04c6e8,,Optional title and dashboard width,Optionale Titel- und Dashboard-Breite,
ui_optional_title_width_and_supported_shape_8b2e456,,"Optional title, width, and supported shape","Optionaler Titel, Breite und unterstützte Form",
ui_options_6bf5da9,,Options,Optionen,
ui_organization_519255a,,Organization,Organisation,
ui_oscillate_3d3c9bd,,Oscillate,Oszillieren,
ui_outside_cbbef8c,,OUTSIDE,DRAUSSEN,
ui_outside_is_never_auto_detected_either_link_a_weather_eb8cc14,,"Outside is never auto-detected. Either link a weather entity (it usually carries temperature, humidity and pressure) or pick individual outdoor sensors below. The temperature feeds the Outside tile and the hero's outside reading.","„Außen“ wird nie automatisch erkannt. Verknüpfen Sie entweder eine Wettereinheit (sie trägt normalerweise Temperatur, Luftfeuchtigkeit und Druck) oder wählen Sie unten einzelne Außensensoren aus. Die Temperatur speist das Außenplättchen und die Außenanzeige des Helden.",
ui_outside_weather_entity_98e8465,,Outside weather entity,Außerhalb des Wetters,
ui_page_areas_1068b64,,Page areas,Seitenbereiche,
ui_page_icon_b58a288,,Page icon,Seitensymbol,
ui_page_identity_dafa8dd,,Page identity,Seitenidentität,
ui_page_name_c99f51a,,Page name,Seitenname,
ui_page_settings_0a44afc,,Page settings,Seiteneinstellungen,
ui_page_subtitle_8a04084,,Page subtitle,Untertitel der Seite,
ui_parcel_9ddaaee,,Parcel,Paket,
ui_parcels_16129ec,,Parcels,Pakete,
ui_parental_controls_c4f61d0,,Parental controls,Kindersicherung,
ui_parental_controls_dashboard_sharing_and_permissions_b74e0c0,,"Parental controls, dashboard sharing, and permissions","Kindersicherung, Dashboard-Freigabe und Berechtigungen",
ui_parental_controls_sharing_needs_the_hki_7_cloud_component_7929459,,Parental controls & sharing — needs the HKI 7 Cloud component,Kindersicherung und Freigabe – erfordert die HKI 7 Cloud-Komponente,don't translate HKI 7 Cloud
ui_pause_781961b,,Pause,Pause,
ui_pause_adaptation_821b33e,,Pause adaptation,Anpassung pausieren,
ui_pending_timer_dbf15fa,,Pending timer,Ausstehender Timer,
ui_people_b37554f,,People,Personen,
ui_permission_needed_7c7a8e5,,Permission needed,Erlaubnis erforderlich,
ui_permissions_d06d555,,Permissions,Berechtigungen,
ui_person_settings_977e009,,Person settings,Personeneinstellungen,
ui_personal_information_used_throughout_hki_7_b7d1b08,,Personal information used throughout HKI 7,"Persönliche Informationen, die im gesamten HKI 7 verwendet werden",don't translate HKI 7
ui_personalize_7602b35,,Personalize,Personifizieren,
ui_persons_order_9fe91dc,,Persons order,Personenordnung,
ui_phase_17619b8,,Phase %1$s,Phase %1$s,app fills in %1$s — keep them
ui_pick_a_carbon_footprint_device_ea1fe94,,Pick a carbon footprint device,Wählen Sie ein Gerät mit CO2-Fußabdruck,
ui_pick_a_device_to_auto_fill_the_sensors_below_f396326,,Pick a device to auto-fill the sensors below,"Wählen Sie unten ein Gerät aus, um die Sensoren automatisch zu füllen",
ui_pick_a_source_device_or_fine_tune_individual_roles_beb54f5,,Pick a source device or fine-tune individual roles,Wählen Sie ein Quellgerät aus oder passen Sie einzelne Rollen an,
ui_pick_a_starting_point_everything_remains_editable_340924e,,Pick a starting point; everything remains editable,Wählen Sie einen Ausgangspunkt; alles bleibt editierbar,
ui_pickup_b6da461,,Pickup: %1$s,Abholung: %1$s,app fills in %1$s — keep them
ui_pin_3adadd3,,PIN,STIFT,
ui_place_this_room_in_the_correct_floor_group_52c044a,,Place this room in the correct floor group,Platzieren Sie diesen Raum in der richtigen Etagengruppe,
ui_placement_ab89d05,,Placement,Platzierung,
ui_playback_c8e3087,,Playback,Wiedergabe,
ui_player_e53407c,,Player,Spieler,
ui_players_summarized_by_the_room_header_and_card_729ea70,,Players summarized by the room header and card,"Spieler, zusammengefasst nach Raumkopfzeile und Karte",
ui_please_wait_5afeca7,,Please wait…,Bitte warten…,
ui_position_d0b0314,,POSITION,POSITION,
ui_postal_code_optional_b86b6a2,,Postal code (optional),Postleitzahl (optional),
ui_power_c2b6b52,,POWER,LEISTUNG,
ui_power_overview_a204dd7,,Power overview,Leistungsübersicht,
ui_power_per_phase_1f38fb0,,Power per phase,Leistung je Phase,
ui_precipitation_60d5e73,,Precipitation,Fällung,
ui_premium_icon_packs_animated_icons_and_artwork_premium_them_6363fef,,"Premium icon packs, animated icons and artwork, premium themes, entitlement services, and any separately marked premium modules are not covered by MPL-2.0. They remain proprietary and are licensed for personal use through a valid Premium entitlement.","Premium-Symbolpakete, animierte Symbole und Grafiken, Premium-Themen, Berechtigungsdienste und alle separat gekennzeichneten Premium-Module werden nicht von MPL-2.0 abgedeckt. Sie bleiben urheberrechtlich geschützt und werden für den persönlichen Gebrauch durch eine gültige Premium-Berechtigung lizenziert.",
ui_presets_6891289,,PRESETS,VOREINSTELLUNGEN,
ui_presets_e709e76,,Presets,Voreinstellungen,
ui_press_ea683ad,,Press,Drücken,
ui_prevents_android_from_delaying_battery_charging_and_presen_623b898,,"Prevents Android from delaying battery, charging, and presence updates while the device is idle.","Verhindert, dass Android Akku-, Lade- und Anwesenheitsaktualisierungen verzögert, während das Gerät inaktiv ist.",
ui_previous_camera_5014da7,,Previous camera,Vorherige Kamera,
ui_produced_5028c07,,Produced %1$s,Erzeugt: %1$s,app fills in %1$s — keep them
ui_production_overview_fbbfc38,,Production overview,Produktionsübersicht,
ui_profile_ff4fc02,,Profile,Profil,
ui_profile_switches_affect_every_light_assigned_to_19ba9ec,,Profile switches affect every light assigned to %1$s.,"Profilschalter wirken sich auf jedes Licht aus, das %1$s zugewiesen ist.",app fills in %1$s — keep them
ui_profiles_0c2a930,,Profiles,Profile,
ui_project_information_licensing_and_community_support_9fc47d6,,"Project information, licensing, and community support","Projektinformationen, Lizenzierung und Community-Unterstützung",
ui_publish_one_of_your_dashboards_to_your_family_recipients_88c1d49,,Publish one of your dashboards to your family. Recipients import it from Settings › Dashboard and can pull updates later. Set what they may change under Permissions.,"Veröffentlichen Sie eines Ihrer Dashboards für Ihre Familie. Empfänger importieren es über Einstellungen > Dashboard und können Aktualisierungen später abrufen. Legen Sie unter Berechtigungen fest, was sie ändern dürfen.",
ui_published_to_your_family_33fc8da,,Published to your family,Für Ihre Familie veröffentlicht,
ui_pulse_8439fc4,,pulse,Impuls,
ui_pulsescale_939f5c2,,pulseScale,pulsScale,
ui_push_delivery_and_history_aa3e29d,,Push delivery and history,Push-Zustellung und -Verlauf,
ui_push_my_changes_now_ddff3f6,,Push my changes now,Pushe jetzt meine Änderungen,
ui_pushing_3c52088,,Pushing…,Schieben…,
ui_quick_actions_e47e804,,Quick actions,Schnellaktionen,
ui_quick_start_gesture_23ee6fe,,quick_start_gesture,quick_start_geste,
ui_rain_0a858c9,,Rain,Regen,
ui_rain_map_7c1862a,,Rain map,Regenkarte,
ui_rain_map_image_url_0c47012,,Rain map image URL,URL des Regenkartenbildes,
ui_rain_map_url_iframe_3f22653,,Rain map URL (iframe),Regenkarten-URL (Iframe),
ui_re_import_batteries_9473d07,,Re-import batteries,Batterien erneut importieren,
ui_re_import_batteries_f3b8458,,Re-import Batteries,Batterien erneut importieren,
ui_re_import_climate_3ed098c,,Re-import climate,Klima wieder importieren,
ui_re_import_climate_f7f5678,,Re-import Climate,Klima wieder importieren,
ui_re_import_energy_9e66bbb,,Re-import Energy,Energie reimportieren,
ui_re_import_energy_c0b0fcc,,Re-import energy,Energie reimportieren,
ui_re_import_rooms_6cc58f9,,Re-import rooms,Räume erneut importieren,
ui_re_import_rooms_b49077d,,Re-import Rooms,Räume erneut importieren,
ui_re_import_security_411e76d,,Re-import Security,Sicherheit erneut importieren,
ui_re_import_security_fcf0ad8,,Re-import security,Sicherheit erneut importieren,
ui_read_only_home_assistant_automation_46d25b7,,Read-only Home Assistant automation,Schreibgeschützte Home Assistant-Automatisierung,don't translate Home Assistant
ui_read_the_full_mpl_2_0_4d68c7d,,Read the full MPL 2.0,Lesen Sie die vollständige MPL 2.0,
ui_ready_20c7c55,,Ready,Bereit,
ui_receive_home_assistant_alerts_and_actionable_notifications_386435f,,Receive Home Assistant alerts and actionable notifications on this device.,Erhalten Sie Home Assistant-Benachrichtigungen und umsetzbare Benachrichtigungen auf diesem Gerät.,don't translate Home Assistant
ui_recipes_create_regular_home_assistant_automations_you_can_a81bf72,,Recipes create regular Home Assistant automations. You can continue editing them in either HKI7 or Home Assistant.,Rezepte erstellen regelmäßige Home Assistant-Automatisierungen. Sie können sie entweder in HKI7 oder Home Assistant weiter bearbeiten.,"don't translate Home Assistant, HKI7"
ui_recommended_e37d21e,,RECOMMENDED,EMPFOHLEN,
ui_recording_09b5b61,,Recording · ,Aufnahme ·,keep the space at the start/end
ui_refresh_56e3bad,,Refresh,Aktualisieren,
ui_refresh_connection_46966aa,,Refresh Connection,Verbindung aktualisieren,
ui_refresh_interval_f086d9d,,Refresh interval,Aktualisierungsintervall,
ui_relock_after_4db5c55,,Relock after,Danach wieder verriegeln,
ui_remote_access_is_ready_0e26b5a,,Remote access is ready.,Der Fernzugriff ist bereit.,
ui_remote_access_optional_75dd54d,,Remote access (optional),Fernzugriff (optional),
ui_remove_436e1a0,,Remove %1$s?,%1$s entfernen?,app fills in %1$s — keep them
ui_remove_avatar_58e0c56,,Remove avatar,Avatar entfernen,
ui_remove_e963907,,Remove,Entfernen,
ui_remove_edits_and_import_all_7f0b4a1,,Remove edits and import all,Änderungen entfernen und alles importieren,
ui_removed_entities_559c584,,Removed entities (%1$s),Entfernte Entitäten (%1$s),app fills in %1$s — keep them
ui_removed_entities_6dbeb2d,,Removed entities,Entfernte Entitäten,
ui_removed_entities_are_excluded_from_cards_graphs_tiles_and_628e91a,,"Removed entities are excluded from cards, graphs, tiles and averages. Tap ✕ to restore.","Entfernte Elemente werden von Karten, Diagrammen, Kacheln und Durchschnittswerten ausgeschlossen. Tippen Sie zum Wiederherstellen auf ✕.",
ui_rename_d3f4cb8,,Rename,Umbenennen,
ui_rename_dashboard_ceb1d6d,,Rename dashboard,Dashboard umbenennen,
ui_rename_home_assistant_f1a0d6f,,Rename Home Assistant,Benennen Sie Home Assistant um,don't translate Home Assistant
ui_rename_players_and_choose_which_ones_may_show_the_212864f,,Rename players and choose which ones may show the mini player above the navigation bar while playing.,"Benennen Sie die Player um und wählen Sie aus, bei welchen der Miniplayer während des Spielens über der Navigationsleiste angezeigt werden soll.",
ui_rename_players_and_mini_player_visibility_8d0e1f7,,Rename players and mini player visibility,Benennen Sie Spieler und Sichtbarkeit von Minispielern um,
ui_rendering_style_and_history_range_be872e9,,Rendering style and history range,Rendering-Stil und Verlaufsbereich,
ui_reorder_and_hide_tabs_39de701,,Reorder and hide tabs,Tabs neu anordnen und ausblenden,
ui_reorder_cameras_b226c47,,Reorder cameras,Kameras neu anordnen,
ui_reorder_cards_147ed64,,Reorder cards,Karten neu anordnen,
ui_reorder_devices_8bcc061,,Reorder devices,Geräte neu anordnen,
ui_repeat_659eba1,,Repeat,Wiederholen,
ui_repeats_every_day_only_the_time_of_day_is_a71f502,,Repeats every day — only the time of day is used.,Wird jeden Tag wiederholt – es wird nur die Tageszeit verwendet.,
ui_repeats_every_month_only_the_day_of_the_month_93ca445,,Repeats every month — only the day of the month and time are used.,Wird jeden Monat wiederholt – es werden nur der Tag des Monats und die Uhrzeit verwendet.,
ui_repeats_every_week_only_the_weekday_and_time_are_8f36757,,Repeats every week — only the weekday and time are used.,Wird jede Woche wiederholt – es werden nur der Wochentag und die Uhrzeit verwendet.,
ui_repeats_every_year_the_year_is_ignored_so_e_a661f32,,"Repeats every year — the year is ignored, so e.g. 24–26 Dec recurs each Christmas.","Wird jedes Jahr wiederholt – das Jahr wird ignoriert, also z.B. Der 24.–26. Dezember findet jedes Jahr zu Weihnachten statt.",
ui_require_an_extra_gesture_or_pin_before_actions_run_19ae393,,Require an extra gesture or PIN before actions run,"Erfordern Sie eine zusätzliche Geste oder PIN, bevor Aktionen ausgeführt werden",
ui_required_9100e2e,, (required),(erforderlich),keep the space at the start/end
ui_required_state_bdc9c95,,Required state,Erforderlicher Zustand,
ui_reset_44c57ab,,Reset,Zurücksetzen,
ui_reset_everything_2d6cd07,,Reset Everything,Alles zurücksetzen,
ui_restart_b134bd5,,Restart,Neustart,
ui_restart_home_assistant_0206bf0,,Restart Home Assistant?,Home Assistant neu starten?,don't translate Home Assistant
ui_restart_home_assistant_551322c,,Restart Home Assistant,Starten Sie Home Assistant neu,don't translate Home Assistant
ui_restarting_b86eee1,,Restarting…,Neustart...,
ui_restore_3cbe6d6,,Restore,Wiederherstellen,
ui_restore_backup_a65eaa8,,Restore backup,Sicherung wiederherstellen,
ui_restore_from_cloud_52b6663,,Restore from cloud,Aus der Cloud wiederherstellen,
ui_restore_from_home_assistant_13aec1d,,Restore from Home Assistant,Wiederherstellung über Home Assistant,don't translate Home Assistant
ui_resume_adaptation_ac73b12,,Resume adaptation,Anpassung fortsetzen,
ui_resume_b3bd0b5,,Resume,Wieder aufnehmen,
ui_reverse_57f9933,,Reverse,Umkehren,
ui_right_954daa8,,Right,Rechts,
ui_right_side_overflows_left_d75893d,,Right side overflows left,Die rechte Seite läuft nach links über,
ui_room_areas_584c8ee,,Room areas,Raumbereiche,
ui_room_climate_c57811d,,Room climate,Raumklima,
ui_room_name_8605e33,,Room name,Raumname,
ui_room_scale_6602c22,,room-scale,Raummaßstab,
ui_rooms_3a28d6f,,Rooms,Zimmer,
ui_rooms_are_imported_2ef3415,,Rooms are imported,Räume werden importiert,
ui_rooms_in_auto_mode_are_imported_from_home_assistant_c583d84,,Rooms in auto mode are imported from Home Assistant. Switch to manual or take over the current dashboard to add widgets by hand.,"Räume im Automatikmodus werden vom Home Assistant importiert. Wechseln Sie zur manuellen Funktion oder übernehmen Sie das aktuelle Dashboard, um Widgets manuell hinzuzufügen.",don't translate Home Assistant
ui_rotation_acaf322,,rotation,Drehung,
ui_roundness_of_buttons_cards_and_widgets_3573fff,,"Roundness of buttons, cards and widgets","Rundheit von Schaltflächen, Karten und Widgets",
ui_run_b1b3926,,Run,Laufen,
ui_run_mode_12ce660,,Run mode,Run-Modus,
ui_running_state_entity_3c8ffde,,Running-state entity,Laufende Entität,
ui_s_02aa629,,S,S,
ui_s_are_81c69ca,,s are,s sind,
ui_s_refresh_10a9b0b,,%1$ss refresh,%1$ss Aktualisierung,app fills in %1$s — keep them
ui_save_efc007a,,Save,Speichern,
ui_save_in_home_assistant_eacb2ce,,Save in Home Assistant,Speichern Sie im Home Assistant,don't translate Home Assistant
ui_save_local_network_7f0247d,,Save Local Network,Lokales Netzwerk speichern,
ui_save_or_restore_dashboard_configuration_be8f39f,,Save or restore dashboard configuration,Dashboard-Konfiguration speichern oder wiederherstellen,
ui_save_profile_f597c0e,,Save profile,Profil speichern,
ui_save_remote_access_05740bc,,Save Remote Access,Fernzugriff speichern,
ui_saved_directly_in_the_native_automation_734f9ba,,Saved directly in the native automation,Direkt in der nativen Automatisierung gespeichert,
ui_saving_56a2285,,Saving…,Sparen…,
ui_scanning_36c4a06,,Scanning…,Scannen…,
ui_scheduled_1cd1bda,,Scheduled,Geplant,
ui_search_actions_9313854,,Search actions,Suchaktionen,
ui_search_automations_9172ba9,,Search automations,Suchautomatisierungen,
ui_search_batteries_a63e58b,,Search batteries,Batterien suchen,
ui_search_bce0641,,Search,Suche,
ui_search_by_name_28abc03,,Search by name,Suche nach Namen,
ui_search_devices_2ce0b70,,Search devices,Geräte suchen,
ui_search_entities_7c70008,,Search entities,Entitäten suchen,
ui_search_f54fbca,,Search…,Suchen…,
ui_search_filters_3d10e32,,Search & filters,Suche und Filter,
ui_search_sort_9fe6cb4,,Search & sort,Suchen und sortieren,
ui_search_the_material_design_icon_library_2a2aa8d,,Search the Material Design icon library,Durchsuchen Sie die Material Design-Symbolbibliothek,
ui_search_widgets_9525879,,Search widgets,Such-Widgets,
ui_season_62255f5,,Season,Jahreszeit,
ui_season_card_flip_6683142,,season-card-flip,Saisonkarten-Flip,
ui_secondary_line_ca81690,,Secondary line,Sekundärleitung,
ui_seconds_5fb1db5,,Seconds,Sekunden,
ui_securitydoor_929c4fc,,securityDoor,Sicherheitstür,
ui_securitygarage_499e9f7,,securityGarage,SicherheitGarage,
ui_securitygate_0743480,,securityGate,securityGate,
ui_securityhouse_08bd121,,securityHouse,securityHouse,
ui_securityphase_f4739f6,,securityPhase,Sicherheitsphase,
ui_securitypulse_5340cf8,,securityPulse,securityPulse,
ui_securitywindow_4619bf3,,securityWindow,securityWindow,
ui_select_0fc8ec5,,Select %1$s,%1$s auswählen,app fills in %1$s — keep them
ui_select_a_mode_to_continue_0426fc8,,Select a mode to continue,"Wählen Sie einen Modus aus, um fortzufahren",
ui_select_an_effect_to_turn_it_on_75d9bec,,Select an effect to turn it on,"Wählen Sie einen Effekt aus, um ihn zu aktivieren",
ui_select_an_inverter_device_in_energy_settings_solar_to_4a0aade,,Select an inverter device in Energy Settings → Solar to list its inverters here.,"Wählen Sie unter Energieeinstellungen → Solar ein Wechselrichtergerät aus, um seine Wechselrichter hier aufzulisten.",
ui_select_an_option_08d7aa3,,Select an option,Wählen Sie eine Option,
ui_select_battery_devices_bfc9841,,Select Battery Devices,Wählen Sie Batteriegeräte,
ui_select_battery_entities_b08b299,,Select Battery Entities,Wählen Sie Batterieeinheiten aus,
ui_select_battery_sensor_51f1222,,Select Battery Sensor,Wählen Sie Batteriesensor,
ui_select_calendars_and_the_view_shown_first_d5c38b5,,Select calendars and the view shown first,Wählen Sie Kalender und die zuerst angezeigte Ansicht aus,
ui_select_calendars_e26b0da,,Select Calendars,Wählen Sie Kalender aus,
ui_select_camera_70cf6fb,,Select Camera,Wählen Sie Kamera,
ui_select_climate_card_18f3b6e,,Select Climate Card,Wählen Sie Klimakarte,
ui_select_device_87a4751,,Select Device,Wählen Sie Gerät aus,
ui_select_door_sensor_f345fbf,,Select Door Sensor,Wählen Sie Türsensor,
ui_select_empty_bin_control_d992252,,Select Empty Bin Control,Wählen Sie „Bin-leeren-Steuerung“ aus,
ui_select_energy_card_9b5bf0c,,Select Energy Card,Wählen Sie Energiekarte,
ui_select_entities_affed45,,Select Entities,Wählen Sie Entitäten aus,
ui_select_entity_4b3713e,,Select Entity,Wählen Sie Entität aus,
ui_select_forecast_entities_f0ec511,,Select Forecast Entities,Wählen Sie Prognoseentitäten aus,
ui_select_humidity_sensor_8192d0e,,Select Humidity Sensor,Wählen Sie Feuchtigkeitssensor,
ui_select_map_camera_d5ae262,,Select Map Camera,Wählen Sie Kartenkamera,
ui_select_media_player_73f4f5b,,Select Media Player,Wählen Sie Mediaplayer,
ui_select_media_players_e0da90e,,Select Media Players,Wählen Sie Mediaplayer,
ui_select_outside_3593063,,Select outside %1$s,Außerhalb von %1$s auswählen,app fills in %1$s — keep them
ui_select_running_state_entity_136482a,,Select running-state entity,Wählen Sie die Entität „Laufstatus“ aus,
ui_select_sensor_2564e1a,,Select Sensor,Wählen Sie Sensor,
ui_select_sensors_5141d75,,Select Sensors,Wählen Sie Sensoren,
ui_select_speed_control_20f7efa,,Select speed control,Wählen Sie Geschwindigkeitsregelung,
ui_select_target_entity_654e6ac,,Select Target Entity,Wählen Sie Zielentität aus,
ui_select_temperature_sensor_821f54c,,Select Temperature Sensor,Wählen Sie Temperatursensor,
ui_select_the_alarm_panels_summarized_by_this_pill_f9b23e6,,Select the alarm panels summarized by this pill,Wählen Sie die in dieser Pille zusammengefassten Alarmzentralen aus,
ui_select_to_auto_detect_map_battery_and_controls_72bc9d7,,"Select to auto-detect map, battery and controls","Wählen Sie diese Option, um Karte, Akku und Bedienelemente automatisch zu erkennen",
ui_select_to_auto_fill_helper_entities_below_84a8833,,Select to auto-fill helper entities below,"Wählen Sie unten aus, ob die Hilfsentitäten automatisch ausgefüllt werden sollen",
ui_select_vacuum_4663021,,Select Vacuum,Wählen Sie Vakuum,
ui_select_vacuum_entity_dbda6f4,,Select Vacuum Entity,Wählen Sie Vakuumobjekt,
ui_select_vacuums_7c2d22a,,Select Vacuums,Wählen Sie Staubsauger,
ui_select_waste_sensors_6006d5f,,Select Waste Sensors,Wählen Sie Abfallsensoren,
ui_select_water_level_562845a,,Select Water Level,Wählen Sie Wasserstand,
ui_select_weather_2357e9d,,Select Weather,Wählen Sie Wetter,
ui_select_weather_entity_d489986,,Select Weather Entity,Wählen Sie Wetterentität aus,
ui_select_week_calendar_640f382,,Select Week Calendar,Wählen Sie Wochenkalender,
ui_selected_61ed328,,%1$s selected,%1$s ausgewählt,app fills in %1$s — keep them
ui_selected_b82aaa5,,%1$s · Selected,%1$s · Ausgewählt,app fills in %1$s — keep them
ui_selected_for_this_card_3c4a588,,%1$s selected for this card,%1$s für diese Karte ausgewählt,app fills in %1$s — keep them
ui_sensor_620ec21,,%1$s sensor%2$s,%1$s Sensor%2$s,app fills in %1$s %2$s — keep them
ui_sensor_efb9fbf,,SENSOR,SENSOR,
ui_sensor_graphs_5eb3573,,Sensor Graphs,Sensordiagramme,
ui_sensor_picture_c3a0ed2,,Sensor picture,Sensorbild,
ui_sensors_711bf35,,Sensors,Sensoren,
ui_sensors_and_an_optional_week_calendar_399bad3,,Sensors and an optional week calendar,Sensoren und ein optionaler Wochenkalender,
ui_sensors_are_found_automatically_by_device_class_add_sensor_150bab5,,%1$s sensors are found automatically by device class; add sensors missing that class here.,"%1$s Sensoren werden automatisch nach Geräteklasse gefunden; Fügen Sie hier Sensoren hinzu, denen diese Klasse fehlt.",app fills in %1$s — keep them
ui_separate_commercial_content_0408620,,Separate commercial content,Separater kommerzieller Inhalt,
ui_server_url_1d5d1ef,,Server URL,Server-URL,
ui_services_data_7864c0a,,Services & data,Dienste & Daten,
ui_session_f7f1997,,Session,Sitzung,
ui_set_448ab73,,Set,Satz,
ui_set_a_rain_map_image_url_in_this_widget_03729b8,,Set a rain map image URL in this widget's settings,Legen Sie in den Einstellungen dieses Widgets eine Regenkartenbild-URL fest,
ui_set_the_control_style_for_every_thermostat_on_this_de5cd1e,,Set the control style for every thermostat on this Climate page. Standalone climate widgets keep their own layout settings.,Legen Sie den Steuerungsstil für jeden Thermostat auf dieser Klimaseite fest. Eigenständige Klima-Widgets behalten ihre eigenen Layouteinstellungen.,
ui_set_what_each_person_may_do_per_user_like_aa86ea2,,"Set what each person may do — per user, like the hidden views above. These apply when they use a dashboard you shared.","Legen Sie fest, was jede Person tun darf – pro Benutzer, wie bei den ausgeblendeten Ansichten oben. Diese gelten, wenn sie ein von Ihnen freigegebenes Dashboard verwenden.",
ui_settings_c7f73bb,,Settings,Einstellungen,
ui_setup_changed_b184bf0,,Setup changed,Setup geändert,
ui_setup_progress_1a8adef,,Setup progress,Einrichtungsfortschritt,
ui_shape_and_width_on_the_dashboard_c89fefa,,Shape and width on the dashboard,Form und Breite auf dem Dashboard,
ui_shape_ea5c1a2,,Shape,Form,
ui_shape_visible_information_and_icon_behavior_63dec1c,,"Shape, visible information, and icon behavior","Form, sichtbare Informationen und Symbolverhalten",
ui_share_09ca55c,,Share,Aktie,
ui_share_b300e5f,,"Share ""%1$s""",Teilen Sie „%1$s“,app fills in %1$s — keep them
ui_share_dashboards_0917ff1,,Share dashboards,Teilen Sie Dashboards,
ui_shared_dashboard_86876c0,,Shared dashboard,Geteiltes Dashboard,
ui_shared_with_me_f40ca84,,Shared with me,Mit mir geteilt,
ui_sharing_ad00590,,Sharing…,Teilen…,
ui_show_a_descending_timer_when_the_value_is_a_1ae7350,,"Show a descending timer when the value is a completion time (e.g. a washer/dryer finish time). Active while counting, off at zero.","Zeigt einen absteigenden Timer an, wenn es sich bei dem Wert um eine Abschlusszeit handelt (z. B. die Abschlusszeit einer Waschmaschine/eines Trockners). Aktiv beim Zählen, ausgeschaltet bei Null.",
ui_show_a_live_radar_rain_map_card_a_camera_a0e11c8,,Show a live radar/rain map card — a camera entity or an embedded web page (iframe),Zeigen Sie eine Live-Radar-/Regenkartenkarte an – eine Kameraeinheit oder eine eingebettete Webseite (Iframe).,
ui_show_activity_badge_f5d56bb,,Show activity badge,Aktivitätsabzeichen anzeigen,
ui_show_badge_bar_827499b,,Show badge bar,Abzeichenleiste anzeigen,
ui_show_flows_button_9e888be,,Show flows button,Schaltfläche „Flows anzeigen“.,
ui_show_global_search_e7aefbe,,Show global search,Globale Suche anzeigen,
ui_show_group_380c43e,,Show group,Gruppe anzeigen,
ui_show_in_header_43f0dfd,,Show in header,Im Header anzeigen,
ui_show_persons_c4e81a0,,Show persons,Personen anzeigen,
ui_show_the_automations_flows_button_16254ce,,Show the automations (flows) button,Zeigt die Schaltfläche „Automatisierungen“ (Flows) an,
ui_show_the_entity_s_state_or_one_of_its_1008a4d,,"Show the entity's state, or one of its attributes instead",Zeigen Sie stattdessen den Status der Entität oder eines ihrer Attribute an,
ui_show_the_entity_s_state_or_one_of_its_e721168,,"Show the entity's state, or one of its attributes instead.",Zeigen Sie stattdessen den Status der Entität oder eines ihrer Attribute an.,
ui_show_the_global_search_button_0517d8b,,Show the global search button,Zeigt die globale Suchschaltfläche an,
ui_show_widget_name_5ad7fc9,,Show widget name,Widget-Namen anzeigen,
ui_shown_b1015a1,,%1$s shown,%1$s angezeigt,app fills in %1$s — keep them
ui_shows_an_icon_matching_the_waste_type_gft_pmd_1966fe0,,"Shows an icon matching the waste type (GFT, PMD, paper, …).","Zeigt ein Symbol an, das der Abfallart entspricht (GFT, PMD, Papier, …).",
ui_side_split_alignment_b9c5399,,Side (split alignment),Seite (geteilte Ausrichtung),
ui_sign_out_safely_or_reset_this_installation_681fac2,,Sign out safely or reset this installation,Melden Sie sich sicher ab oder setzen Sie diese Installation zurück,
ui_signing_you_in_10d0636,,Signing you in…,Ich melde mich an…,
ui_size_shape_and_artwork_4bb38bb,,"Size, shape, and artwork","Größe, Form und Kunstwerk",
ui_size_shape_and_background_24dd9b6,,"Size, shape, and background","Größe, Form und Hintergrund",
ui_snapshot_b08ae37,,Snapshot,Schnappschuss,
ui_solar_0e26539,,Solar,Solarenergie,
ui_solar_noon_599372c,,Solar noon %1$s,Sonnenmittag %1$s,app fills in %1$s — keep them
ui_sort_d5f73d6,,Sort: %1$s,Sortieren: %1$s,app fills in %1$s — keep them
ui_source_and_card_refresh_behavior_0a26324,,Source and card refresh behavior,Verhalten bei Quell- und Kartenaktualisierung,
ui_source_device_4ddad2a,,Source device,Quellgerät,
ui_span_badges_58c73f2,,Span badges,Span-Abzeichen,
ui_speed_265ffc5,,SPEED,GESCHWINDIGKEIT,
ui_speed_control_89a2786,,Speed control,Geschwindigkeitskontrolle,
ui_spin_a801301,,spin,drehen,
ui_square_82810cb,,Square,Quadrat,
ui_stack_cards_8bdc343,,Stack Cards,Stapelkarten,
ui_stack_layout_1623679,,Stack layout,Stapellayout,
ui_stack_name_7507e93,,Stack name,Stapelname,
ui_stack_page_3d91ce9,,stack_page,stack_page,
ui_stack_title_46ccc2d,,Stack title,Stapeltitel,
ui_stack_title_cc2f1ed,,Stack Title,Stapeltitel,
ui_stacks_249f056,,Stacks,Stapel,
ui_standard_2dfa660,,Standard,Standard,
ui_start_24758a5,,Start: %1$s,Beginn: %1$s,app fills in %1$s — keep them
ui_start_empty_25336ee,,Start empty,Beginnen Sie leer,
ui_start_empty_888db50,,Start Empty,Beginnen Sie leer,
ui_start_new_dashboard_8c71127,,Start new dashboard?,Neues Dashboard starten?,
ui_start_with_a_useful_recipe_then_adjust_each_step_d560a2a,,"Start with a useful recipe, then adjust each step",Beginnen Sie mit einem nützlichen Rezept und passen Sie dann jeden Schritt an,
ui_state_a725020,,State,Zustand,
ui_state_bef84bb,,STATE,ZUSTAND,
ui_state_text_6749c0a,,State text,Staatstext,
ui_stream_df06386,,Stream,Strom,
ui_style_99a0efc,,Style,Stil,
ui_sunrise_and_sunset_data_unavailable_3295324,,Sunrise and sunset data unavailable,Daten zu Sonnenaufgang und Sonnenuntergang sind nicht verfügbar,
ui_sunrise_fadf71c,,Sunrise,Sonnenaufgang,
ui_sunset_181bcd5,,Sunset,Sonnenuntergang,
ui_support_f32d5a3,,Support,Unterstützung,
ui_support_via_buy_me_a_coffee_d7dadd1,,Support via Buy Me a Coffee,Unterstützung über Buy Me a Coffee,
ui_support_via_paypal_7184a5d,,Support via PayPal,Support über PayPal,
ui_support_without_premium_0a4aebd,,Support without Premium,Support ohne Premium,
ui_supports_headings_lists_quotes_code_bold_italic_code_strik_e295744,,"Supports # headings, lists, > quotes, ``` code, **bold**, *italic*, `code`, ~~strike~~ and [links](https://…).","Unterstützt # Überschriften, Listen, > Anführungszeichen, „Code“, **Fett**, *Kursiv*, „Code“, ~~strike~~ und [Links](https://…).",
ui_swing_65d8d45,,Swing,Swing,
ui_swing_horizontal_c166cda,,Swing (horizontal),Schaukel (horizontal),
ui_swipe_left_from_the_upper_right_edge_of_a_416c467,,Swipe left from the upper-right edge of a page header to switch homes at any time.,"Wischen Sie vom oberen rechten Rand einer Seitenkopfzeile nach links, um jederzeit die Startseite zu wechseln.",
ui_switch_b02cbd9,,SWITCH,SCHALTEN,
ui_switch_home_e6ceda2,,Switch home,Wechseln Sie nach Hause,
ui_system_dark_theme_c7e4ff9,,System Dark Theme,Dunkles Systemthema,
ui_system_light_theme_5bc7623,,System Light Theme,Systemlicht-Thema,
ui_systems_idle_584a6f0,,Systems idle,Systeme im Leerlauf,
ui_t_c2c53d6,,T,T,
ui_tabs_and_media_controls_shown_throughout_the_app_5d9c1ff,,Tabs and media controls shown throughout the app,In der gesamten App angezeigte Registerkarten und Mediensteuerelemente,
ui_tap_here_or_use_the_button_while_edit_mode_8baf490,,Tap here or use the + button while edit mode is active to add widgets to this stack.,"Tippen Sie hier oder verwenden Sie die Schaltfläche „+“, während der Bearbeitungsmodus aktiv ist, um Widgets zu diesem Stapel hinzuzufügen.",
ui_tap_here_or_use_the_button_while_edit_mode_b06aac5,,Tap here or use the + button while edit mode is active to add entities to this stack.,"Tippen Sie hier oder verwenden Sie die Schaltfläche „+“, während der Bearbeitungsmodus aktiv ist, um Elemente zu diesem Stapel hinzuzufügen.",
ui_tap_hold_and_dialog_quick_actions_2052817,,"Tap, hold, and dialog quick actions","Tippen, halten und führen Sie Schnellaktionen durch",
ui_tap_share_to_publish_or_update_d185341,,Tap Share to publish or update,Tippen Sie zum Veröffentlichen oder Aktualisieren auf „Teilen“.,
ui_tap_to_add_a_weather_card_a3508a9,,Tap + to add a weather card,"Tippen Sie auf +, um eine Wetterkarte hinzuzufügen",
ui_tap_to_load_0c49cab,,Tap to load,Zum Laden tippen,
ui_tap_x_to_restore_an_entity_to_the_battery_ad0eb75,,Tap X to restore an entity to the battery page.,"Tippen Sie auf X, um eine Entität auf der Batterieseite wiederherzustellen.",
ui_target_49d76ad,,TARGET (%1$s–%2$s%%),ZIEL (%1$s–%2$s%%),app fills in %1$s %2$s — keep them
ui_target_61ad50a,,Target,Ziel,
ui_target_entity_optional_cdb68af,,Target entity (optional),Zielentität (optional),
ui_target_f762108,,TARGET,ZIEL,
ui_technology_d018b08,,Technology,Technologie,
ui_temperature_0a9062a,,Temperature,Temperatur,
ui_temperature_and_humidity_sources_for_the_room_8960580,,Temperature and humidity sources for the room,Temperatur- und Feuchtigkeitsquellen für den Raum,
ui_temperature_cc6906a,,TEMPERATURE,TEMPERATUR,
ui_temperature_sensor_graphed_in_activity_1088c3d,,Temperature sensor (graphed in Activity),Temperatursensor (grafisch dargestellt in Aktivität),
ui_text_c3328c3,,Text,Text,
ui_text_size_boldness_and_font_family_365f489,,"Text size, boldness and font family","Textgröße, Fettschrift und Schriftfamilie",
ui_that_profile_35adbf0,,that profile,dieses Profil,
ui_the_effect_used_when_a_button_s_animation_is_7cce891,,"The effect used when a button's animation is set to ""Auto"". You can still override any individual button.","Der Effekt, der verwendet wird, wenn die Animation einer Schaltfläche auf „Auto“ eingestellt ist. Sie können weiterhin jede einzelne Schaltfläche überschreiben.",
ui_the_exact_dates_you_pick_leave_a_bound_as_19357e8,,"The exact dates you pick. Leave a bound as ""Any"" for an open-ended range.","Die genauen Daten wählen Sie aus. Behalten Sie als Grenze „Beliebig“ bei, um einen Bereich mit offenem Ende zu erhalten.",
ui_the_heading_shown_between_dashboard_sections_b03805f,,The heading shown between dashboard sections,Die zwischen den Dashboard-Abschnitten angezeigte Überschrift,
ui_the_hki_7_community_source_code_is_free_and_f4f3f51,,"The HKI 7 community source code is free and open source under the Mozilla Public License 2.0. You may use, study, modify, and redistribute it. When you distribute modified MPL-covered files, those files and their source must remain available under MPL-2.0.","Der Quellcode der HKI 7-Community ist kostenlos und Open Source unter der Mozilla Public License 2.0. Sie dürfen es verwenden, studieren, ändern und weiterverbreiten. Wenn Sie geänderte MPL-gedeckte Dateien verteilen, müssen diese Dateien und ihre Quelle unter MPL-2.0 verfügbar bleiben.",don't translate HKI 7
ui_the_hki_7_name_and_logos_are_project_trademarks_985ffec,,"The HKI 7 name and logos are project trademarks and are not granted for misleading redistribution. Home Assistant and other third-party names, libraries, fonts, and artwork remain subject to their respective licenses and trademarks. The software is provided without warranty, as described by MPL-2.0.","Der Name und die Logos von HKI 7 sind Projektmarken und dürfen nicht zur irreführenden Weiterverbreitung verwendet werden. Home Assistant und andere Namen, Bibliotheken, Schriftarten und Grafiken Dritter unterliegen weiterhin ihren jeweiligen Lizenzen und Marken. Die Software wird ohne Gewährleistung gemäß MPL-2.0 bereitgestellt.","don't translate Home Assistant, HKI 7"
ui_the_interface_is_built_with_jetpack_compose_coroutines_and_fe7f52d,,"The interface is built with Jetpack Compose. Coroutines and Flow handle live state, while JSON and YAML-compatible data keep HKI 7 connected with Home Assistant.","Die Schnittstelle wird mit Jetpack Compose erstellt. Coroutinen und Flow verwalten den Live-Status, während JSON- und YAML-kompatible Daten dafür sorgen, dass HKI 7 mit Home Assistant verbunden bleibt.","don't translate Home Assistant, HKI 7"
ui_the_open_source_community_core_remains_usable_without_prem_d83ff8a,,The open-source community core remains usable without Premium. Premium purchases fund extra visual content and continued development; they do not remove the freedoms granted for MPL-covered files.,"Der Open-Source-Community-Kern bleibt auch ohne Premium nutzbar. Premium-Käufe finanzieren zusätzliche visuelle Inhalte und die weitere Entwicklung; Sie entfernen nicht die Freiheiten, die MPL-gedeckten Dateien gewährt werden.",
ui_the_page_starts_empty_with_its_own_header_and_5a325c0,,"The page starts empty with its own header and page settings, while keeping the Home widget catalogue.","Die Seite beginnt leer mit einer eigenen Kopfzeile und eigenen Seiteneinstellungen, während der Home-Widget-Katalog beibehalten wird.",
ui_the_quick_brown_fox_jumps_over_the_lazy_dog_2204ad2,,The quick brown fox jumps over the lazy dog — 0123456789,Der schnelle Braunfuchs springt über den faulen Hund – 0123456789,
ui_the_room_header_and_card_show_a_single_player_3e24a17,,"The room header and card show a single player's media, or an active-player count when multiple players are selected.","Der Raumkopf und die Karte zeigen die Medien eines einzelnen Spielers oder die Anzahl der aktiven Spieler, wenn mehrere Spieler ausgewählt sind.",
ui_the_text_shown_on_the_dashboard_fff5c98,,The text shown on the dashboard,Der auf dem Dashboard angezeigte Text,
ui_the_web_page_shown_on_this_card_ce97bfd,,The web page shown on this card,Die auf dieser Karte angezeigte Webseite,
ui_theme_a797e30,,Theme,Thema,
ui_theme_and_navigation_bar_474ee6b,,Theme and navigation bar,Theme und Navigationsleiste,
ui_thermostat_dial_e6af91b,,Thermostat dial,Thermostatregler,
ui_thermostats_601da0c,,Thermostats,Thermostate,
ui_thermostats_ac_7d2ace4,,Thermostats & AC,Thermostate und Klimaanlage,
ui_these_are_stored_in_the_cloud_import_one_to_558c62d,,"These are stored in the cloud. Import one to edit or re-share it, or delete it to remove it from everyone. Your edits are also pushed automatically when you open the app.","Diese werden in der Cloud gespeichert. Importieren Sie eine, um sie zu bearbeiten oder erneut zu teilen, oder löschen Sie sie, um sie von allen zu entfernen. Ihre Änderungen werden auch automatisch übertragen, wenn Sie die App öffnen.",
ui_these_links_open_in_your_browser_tips_do_not_049b881,,These links open in your browser. Tips do not unlock Premium features and do not create an obligation to provide individual support.,Diese Links werden in Ihrem Browser geöffnet. Tipps schalten keine Premium-Funktionen frei und begründen keine Verpflichtung zur individuellen Betreuung.,
ui_these_permissions_are_optional_and_can_be_changed_later_aa7a106,,These permissions are optional and can be changed later in Android Settings.,Diese Berechtigungen sind optional und können später in den Android-Einstellungen geändert werden.,
ui_thin_100_9e7a443,,Thin (-100),Dünn (-100),
ui_thinner_200_6ae7a6f,,Thinner (-200),Verdünner (-200),
ui_this_action_does_not_use_an_entity_target_5952444,,This action does not use an entity target.,Diese Aktion verwendet kein Entitätsziel.,
ui_this_action_has_no_required_target_or_additional_fields_987a410,,This action has no required target or additional fields.,Für diese Aktion gibt es kein erforderliches Ziel oder zusätzliche Felder.,
ui_this_automation_is_managed_outside_home_assistant_s_ui_89d26f5,,"This automation is managed outside Home Assistant's UI (usually YAML). HKI7 can show it, but will not overwrite it.","Diese Automatisierung wird außerhalb der Benutzeroberfläche von Home Assistant (normalerweise YAML) verwaltet. HKI7 kann es anzeigen, aber nicht überschreiben.","don't translate Home Assistant, HKI7"
ui_this_card_uses_its_own_entities_e572388,,This card uses its own entities,Diese Karte verwendet ihre eigenen Entitäten,
ui_this_dashboard_is_currently_being_generated_from_home_assi_470200d,,This dashboard is currently being generated from Home Assistant. You can edit rooms as soon as the one-time import finishes.,"Dieses Dashboard wird derzeit von Home Assistant generiert. Sie können Räume bearbeiten, sobald der einmalige Import abgeschlossen ist.",don't translate Home Assistant
ui_this_entity_2ddd36d,,This entity,Dieses Wesen,
ui_this_entity_has_no_attributes_to_show_b09f4c9,,This entity has no attributes to show.,Diese Entität hat keine anzuzeigenden Attribute.,
ui_this_light_is_paused_for_manual_control_706bffa,,This light is paused for manual control.,Dieses Licht wird zur manuellen Steuerung angehalten.,
ui_this_name_is_used_when_the_device_registers_with_8aba2f2,,This name is used when the device registers with Home Assistant.,"Dieser Name wird verwendet, wenn sich das Gerät bei Home Assistant registriert.",don't translate Home Assistant
ui_this_permanently_removes_this_dashboard_and_its_room_and_8087734,,This permanently removes this dashboard and its room and page configuration.,Dadurch werden dieses Dashboard und seine Raum- und Seitenkonfiguration dauerhaft entfernt.,
ui_this_removes_all_imported_battery_entities_from_this_view_7a74283,,This removes all imported battery entities from this view.,Dadurch werden alle importierten Batterieelemente aus dieser Ansicht entfernt.,
ui_this_removes_all_imported_climate_entities_from_this_view_713f511,,This removes all imported climate entities from this view.,Dadurch werden alle importierten Klimatitäten aus dieser Ansicht entfernt.,
ui_this_removes_all_imported_energy_entities_from_this_view_7397917,,This removes all imported energy entities from this view.,Dadurch werden alle importierten Energieeinheiten aus dieser Ansicht entfernt.,
ui_this_removes_all_imported_rooms_and_floors_from_this_d1cbbff,,This removes all imported rooms and floors from this view.,Dadurch werden alle importierten Räume und Etagen aus dieser Ansicht entfernt.,
ui_this_removes_all_imported_security_entities_from_this_view_6443e5c,,This removes all imported security entities from this view.,Dadurch werden alle importierten Sicherheitsentitäten aus dieser Ansicht entfernt.,
ui_this_removes_its_login_mobile_app_registration_details_and_69afc19,,"This removes its login, mobile-app registration details, and HKI dashboards from this device. The Home Assistant server itself is not changed.","Dadurch werden die Anmeldedaten, die Registrierungsdaten für mobile Apps und die HKI-Dashboards von diesem Gerät entfernt. Der Home Assistant-Server selbst wird nicht verändert.",don't translate Home Assistant
ui_this_removes_the_native_automation_from_home_assistant_thi_2a48e1a,,This removes the native automation from Home Assistant. This cannot be undone from HKI7.,Dadurch wird die native Automatisierung von Home Assistant entfernt. Dies kann von HKI7 aus nicht rückgängig gemacht werden.,"don't translate Home Assistant, HKI7"
ui_this_removes_the_shared_dashboard_from_the_cloud_for_4bab01c,,This removes the shared dashboard from the cloud for everyone. People currently using it fall back to an auto-generated dashboard. Their local copies aren't touched until they next open the app.,"Dadurch wird das gemeinsame Dashboard für alle aus der Cloud entfernt. Benutzer, die es derzeit verwenden, greifen auf ein automatisch generiertes Dashboard zurück. Ihre lokalen Kopien werden nicht berührt, bis sie die App das nächste Mal öffnen.",
ui_this_runs_on_a_small_free_home_assistant_add_f46f2e3,,"This runs on a small, free Home Assistant add-on (the HKI 7 Cloud component). It isn't on HACS by default yet, so add it as a custom repository — the app then handles everything else.","Dies läuft auf einem kleinen, kostenlosen Home Assistant-Add-on (der HKI 7 Cloud-Komponente). Es ist noch nicht standardmäßig in HACS enthalten, also fügen Sie es als benutzerdefiniertes Repository hinzu – die App kümmert sich dann um alles andere.","don't translate HKI 7 Cloud, Home Assistant"
ui_this_source_code_form_is_subject_to_the_terms_c8e4e24,,"This Source Code Form is subject to the terms of the Mozilla Public License, v. 2.0. If a copy of the MPL was not distributed with this file, you can obtain one at mozilla.org/MPL/2.0/.","Dieses Quellcodeformular unterliegt den Bedingungen der Mozilla Public License, Version 2.0. Wenn mit dieser Datei keine Kopie der MPL verteilt wurde, können Sie eine unter mozilla.org/MPL/2.0/ erhalten.",
ui_this_stack_has_no_items_0f92c8d,,This stack has no items.,Dieser Stapel enthält keine Gegenstände.,
ui_this_travels_with_the_dashboard_so_cloud_backups_and_1dd603d,," This travels with the dashboard, so cloud backups and family sharing keep it.","Dies wird mit dem Dashboard übertragen, sodass Cloud-Backups und Familienfreigaben es behalten.",keep the space at the start/end
ui_tile_2dd2c66,,Tile,Fliese,
ui_tilt_aceae6f,,TILT,NEIGUNG,
ui_time_6c82e6d,,Time,Zeit,
ui_time_range_9257117,,Time Range,Zeitbereich,
ui_title_768e0c1,,Title,Titel,
ui_title_collapse_behavior_and_dashboard_width_a64a590,,"Title, collapse behavior, and dashboard width","Titel, Minimierungsverhalten und Dashboard-Breite",
ui_title_collapse_behavior_and_width_dd2b475,,"Title, collapse behavior, and width","Titel, Einblendverhalten und Breite",
ui_title_optional_932fc13,,Title (optional),Titel (optional),
ui_title_width_and_icon_41ec073,,"Title, width, and icon","Titel, Breite und Symbol",
ui_to_state_2a995a1,,To state,Zu sagen,
ui_today_24345a1,,Today,Heute,
ui_tomorrow_1948bf2,,Tomorrow,Morgen,
ui_top_consumers_0199dbf,,Top consumers,Größte Verbraucher,
ui_tracking_number_4e40c54,,Tracking number,Tracking-Nummer,
ui_try_again_042c862,,Try again,Versuchen Sie es erneut,
ui_try_the_demo_home_no_server_needed_bc58247,,Try the demo home — no server needed,Testen Sie die Demo zu Hause – kein Server erforderlich,
ui_turn_off_all_3a7a2b0,,Turn off all,Schalten Sie alles aus,
ui_turn_on_a5aa418,,Turn On,Einschalten,
ui_turn_the_light_on_to_access_controls_25f4ad6,,Turn the light on to access controls,"Schalten Sie das Licht ein, um Zugangskontrollen zu erhalten",
ui_turn_the_notification_connection_channel_off_on_the_next_cdddec0,,"Turn the ""Notification connection"" channel off on the next screen — the connection keeps working, only its notification disappears.","Schalten Sie auf dem nächsten Bildschirm den Kanal „Benachrichtigungsverbindung“ aus – die Verbindung funktioniert weiterhin, nur die Benachrichtigung verschwindet.",
ui_two_rows_1b1737f,,Two rows,Zwei Reihen,
ui_type_3deb745,,Type,Typ,
ui_type_icon_839142a,,Type icon,Geben Sie das Symbol ein,
ui_unable_to_connect_8207f1b,,Unable to connect,Es kann keine Verbindung hergestellt werden,
ui_unit_f6b935a,,Unit,Einheit,
ui_unknown_bc7819b,,Unknown,Unbekannt,
ui_unknown_energy_card_b8e46de,,Unknown energy card: %1$s,Unbekannte Energiekarte: %1$s,app fills in %1$s — keep them
ui_unlock_1526a17,,Unlock,Entsperren,
ui_unlock_button_ad521c4,,Unlock button,Entriegelungstaste,
ui_unlock_method_dff380e,,Unlock method,Entsperrmethode,
ui_unlocked_b3da702,,Unlocked,Entriegelt,
ui_unrestricted_background_cebdb1e,,Unrestricted background,Uneingeschränkter Hintergrund,
ui_untitled_621521f,,Untitled,Ohne Titel,
ui_untitled_event_ef8d264,,Untitled event,Veranstaltung ohne Titel,
ui_upcoming_523baab,,Upcoming,Demnächst,
ui_update_fb91e24,,Update,Aktualisieren,
ui_update_location_now_d338c2c,,Update Location Now,Jetzt Standort aktualisieren,
ui_updated_62d2331,,Updated %1$s,Aktualisiert %1$s,app fills in %1$s — keep them
ui_url_https_a1a19ec,,URL (https://…),URL (https://…),
ui_usage_overview_fc2eefc,,Usage overview,Nutzungsübersicht,
ui_use_1d4d43c,,Use,Verwenden,
ui_use_a_dashboard_an_admin_has_shared_with_you_8b1cfdb,,Use a dashboard an admin has shared with you.,"Verwenden Sie ein Dashboard, das ein Administrator mit Ihnen geteilt hat.",
ui_use_a_family_shared_dashboard_9b8ab51,,Use a family shared dashboard,Verwenden Sie ein gemeinsam genutztes Familien-Dashboard,
ui_use_a_recognizable_name_such_as_kitchen_tablet_or_ca9f431,,"Use a recognizable name, such as ‘Kitchen tablet’ or ‘Jimmy’s phone’.","Verwenden Sie einen erkennbaren Namen, z. B. „Küchen-Tablet“ oder „Jimmys Telefon“.",
ui_use_family_shared_dashboard_28e06c2,,Use family shared dashboard,Verwenden Sie das gemeinsam genutzte Familien-Dashboard,
ui_used_6a4ebbf,,Used %1$s,Verbraucht: %1$s,app fills in %1$s — keep them
ui_uses_hki_7_s_private_google_drive_storage_enable_0559ced,,Uses HKI 7's private Google Drive storage. Enable it once to create an immediate backup and then back up automatically every day.,"Verwendet den privaten Google Drive-Speicher von HKI 7. Aktivieren Sie es einmal, um ein sofortiges Backup zu erstellen und dann jeden Tag automatisch ein Backup zu erstellen.","don't translate Google Drive, HKI 7"
ui_uses_the_sun_entity_configured_in_weather_settings_e580a39,,Uses the Sun entity configured in Weather settings.,Verwendet die in den Wettereinstellungen konfigurierte Sun-Entität.,
ui_using_a_shared_dashboard_applies_the_permissions_the_admin_a337a76,,Using a shared dashboard applies the permissions the admin set for it.,Bei Verwendung eines freigegebenen Dashboards werden die vom Administrator dafür festgelegten Berechtigungen angewendet.,
ui_using_the_climate_view_s_entities_8befb0f,,Using the Climate view's entities,Verwendung der Entitäten der Klimaansicht,
ui_using_the_energy_view_s_entities_7ca9bed,,Using the Energy view's entities,Verwenden der Entitäten der Energieansicht,
ui_vacuum_5fe15df,,Vacuum,Saugroboter,
ui_vacuum_device_3deae52,,Vacuum device,Vakuumgerät,
ui_vacuum_entities_c7da1d7,,Vacuum entities,Vakuumwesen,
ui_vacuum_map_8236541,,Vacuum map,Vakuumkarte,
ui_vacuum_stack_b93d3b7,,Vacuum Stack,Vakuumstapel,
ui_vertical_slider_e09cef1,,Vertical slider,Vertikaler Schieberegler,
ui_view_on_github_0c77991,,View on GitHub,Auf GitHub ansehen,
ui_visibility_7d9ff4f,,Visibility,Sichtweite,
ui_visibility_alignment_and_overflow_behavior_467f44f,,"Visibility, alignment, and overflow behavior","Sichtbarkeit, Ausrichtung und Überlaufverhalten",
ui_visibility_and_ordering_in_the_page_header_0f9e3d8,,Visibility and ordering in the page header,Sichtbarkeit und Reihenfolge im Seitenkopf,
ui_visible_during_791f42c,,Visible during,Sichtbar während,
ui_visible_persons_4b7ae6c,,Visible persons,Sichtbare Personen,
ui_visual_style_bc567f3,,Visual style,Visueller Stil,
ui_w_e2415cb,,W,W,
ui_waiting_for_home_assistant_af224aa,,Waiting for Home Assistant,Warten auf den Heimassistenten,don't translate Home Assistant
ui_wallpaper_and_an_optional_custom_color_f4f12f1,,Wallpaper and an optional custom color,Hintergrundbild und eine optionale benutzerdefinierte Farbe,
ui_wallpaper_and_optional_custom_color_0dc6738,,Wallpaper and optional custom color,Hintergrundbild und optionale benutzerdefinierte Farbe,
ui_wallpaper_url_or_path_e208631,,Wallpaper URL or path,Hintergrundbild-URL oder -Pfad,
ui_waste_collection_7cdf205,,Waste Collection,Abfallsammlung,
ui_waste_sensors_8bfd3ec,,Waste sensors,Abfallsensoren,
ui_watch_d91ebf5,,Watch,Betrachten,
ui_water_5480538,,Water: %1$s,Wasser: %1$s,app fills in %1$s — keep them
ui_water_de9b1be,,Water,Wasser,
ui_water_level_optional_fallback_61b2be5,,Water level (optional fallback),Wasserstand (optionaler Fallback),
ui_water_meters_imported_from_home_assistant_s_energy_dashboa_b1ac157,,Water meters imported from Home Assistant's Energy dashboard.,Aus dem Energie-Dashboard von Home Assistant importierte Wasserzähler.,don't translate Home Assistant
ui_we_ll_check_your_home_network_first_you_can_c7ca0f0,,We'll check your home network first; you can also enter an address,Wir prüfen zunächst Ihr Heimnetzwerk; Sie können auch eine Adresse eingeben,
ui_weather_284af3e,,Weather,Wetter,
ui_weather_card_0c6594c,,Weather Card,Wetterkarte,
ui_weather_details_bc94175,,Weather details,Wetterdetails,
ui_weather_entities_0a2c547,,Weather entities,Wetterentitäten,
ui_weather_entity_402cbd9,,Weather entity,Wettereinheit,
ui_weather_source_778baeb,,Weather source,Wetterquelle,
ui_weather_stack_4d4f763,,Weather Stack,Wetterstapel,
ui_weather_type_fe0b7cc,,Weather Type,Wettertyp,
ui_web_address_url_55052c9,,Web address (URL),Webadresse (URL),
ui_week_calendar_shown_in_the_dialog_6d4f28b,,Week calendar (shown in the dialog),Wochenkalender (im Dialog angezeigt),
ui_welcome_to_hki_7_9e317bb,,Welcome to HKI 7,Willkommen bei HKI 7,don't translate HKI 7
ui_what_hki_7_is_and_how_it_is_built_247bace,,What HKI 7 is and how it is built,Was HKI 7 ist und wie es aufgebaut ist,don't translate HKI 7
ui_what_it_does_ca032b5,,What it does,Was es bewirkt,
ui_what_s_new_4d8dc5f,,What's new,Was ist neu,
ui_when_769bb19,,When,Wann,
ui_when_and_if_then_dd86ebe,,When · And if · Then,Wann · Und wenn · Dann,
ui_when_reporting_a_problem_include_your_android_version_home_784a4e6,,"When reporting a problem, include your Android version, Home Assistant version, the affected entity or integration, and clear steps to reproduce it. Removing private URLs, tokens, names, and location data first helps keep support safe.","Wenn Sie ein Problem melden, geben Sie Ihre Android-Version, die Home Assistant-Version, die betroffene Entität oder Integration sowie klare Schritte zur Reproduktion an. Das Entfernen privater URLs, Token, Namen und Standortdaten trägt zunächst zur Sicherheit des Supports bei.",don't translate Home Assistant
ui_when_the_value_is_a_completion_time_e_g_7dce367,,"When the value is a completion time (e.g. a washer/dryer finish time), show a descending timer. The button reads active while counting and turns off at zero.","Wenn es sich bei dem Wert um eine Abschlusszeit handelt (z. B. die Abschlusszeit einer Waschmaschine/eines Trockners), wird ein absteigender Timer angezeigt. Die Taste zeigt während des Zählens „Aktiv“ an und schaltet sich bei Null aus.",
ui_widget_height_b26de24,,Widget height,Widget-Höhe,
ui_widget_name_55e5340,,Widget name,Widget-Name,
ui_widget_presentation_a3a8cdc,,Widget presentation,Widget-Präsentation,
ui_widget_width_1d89599,,Widget width,Widget-Breite,
ui_width_a58ddf5,,Width,Breite,
ui_width_and_height_6ed6746,,Width and height,Breite und Höhe,
ui_width_and_optional_icon_671e2ef,,Width and optional icon,Breite und optionales Symbol,
ui_width_columns_and_container_shape_984a191,,"Width, columns, and container shape","Breite, Spalten und Containerform",
ui_width_shape_and_collapse_behavior_7abc6f4,,"Width, shape, and collapse behavior","Breite, Form und Kollapsverhalten",
ui_wind_142b575,,Wind,Wind,
ui_worth_watching_a3d46c7,,Worth watching,Sehenswert,
ui_would_you_like_to_add_an_existing_camera_entity_00d5bc3,,Would you like to add an existing camera entity or a custom URL?,Möchten Sie eine vorhandene Kameraentität oder eine benutzerdefinierte URL hinzufügen?,
ui_write_the_information_shown_on_this_card_4ca5db7,,Write the information shown on this card,Schreiben Sie die auf dieser Karte angezeigten Informationen auf,
ui_you_can_help_by_testing_new_builds_reporting_reproducible_5310461,,"You can help by testing new builds, reporting reproducible bugs, suggesting thoughtful improvements, helping with translations or documentation, sharing HKI 7 with other Home Assistant users, and giving constructive feedback.","Sie können helfen, indem Sie neue Builds testen, reproduzierbare Fehler melden, durchdachte Verbesserungen vorschlagen, bei Übersetzungen oder Dokumentationen helfen, HKI 7 mit anderen Home Assistant-Benutzern teilen und konstruktives Feedback geben.","don't translate Home Assistant, HKI 7"
ui_you_re_exploring_the_built_in_sample_home_63c2ad1,,You're exploring the built-in sample home,Sie erkunden das eingebaute Musterhaus,
ui_your_automations_and_devices_will_be_unavailable_briefly_h_8a8572e,,Your automations and devices will be unavailable briefly. HKI7 will reconnect automatically when Home Assistant is ready.,"Ihre Automatisierungen und Geräte sind kurzzeitig nicht verfügbar. HKI7 verbindet sich automatisch wieder, wenn Home Assistant bereit ist.","don't translate Home Assistant, HKI7"
ui_your_dashboard_is_ready_0719f75,,Your dashboard is ready,Ihr Dashboard ist fertig,
ui_your_home_72412fa,,Your home,Ihr Zuhause,
ui_your_location_is_shared_only_with_your_own_home_c75bd6d,,Your location is shared only with your own Home Assistant server. It is ,Ihr Standort wird nur mit Ihrem eigenen Home Assistant-Server geteilt. Es ist,don't translate Home Assistant; keep the space at the start/end
logs_title,,Connection log,Verbindungsprotokoll,
logs_subtitle,,What the app's connection to Home Assistant has been doing,Was die Verbindung der App mit Home Assistant bewirkt hat,don't translate Home Assistant
logs_empty,,Connection log,Verbindungsprotokoll,
logs_empty_hint,,"Nothing logged yet. Connection attempts, reconnects, sync and subscriptions appear here as they happen.","Noch nichts protokolliert. Verbindungsversuche, Wiederverbindungen, Synchronisierungen und Abonnements werden hier angezeigt, sobald sie stattfinden.",
logs_count,,Connection log (%1$d),Verbindungsprotokoll (%1$d),app fills in %1$d — keep them
logs_copy,,Copy the log,Kopieren Sie das Protokoll,
logs_clear,,Clear the log,Löschen Sie das Protokoll,
logs_show_all,,Show all %1$d,Alle anzeigen %1$d,app fills in %1$d — keep them
logs_show_less,,Show less,Weniger anzeigen,
parcel_letter_count,one,%1$d letter,%1$d Brief,app fills in %1$d — keep them
parcel_letter_count,other,%1$d letters,%1$d Briefe,app fills in %1$d — keep them
spacer_empty_button,,Empty button,Leere Schaltfläche,
spacer_empty_button_description,,Transparent placeholder that only reserves space,"Transparenter Platzhalter, der nur Platz reserviert",
spacer_add_empty_button,,Add empty button,Leere Schaltfläche hinzufügen,
popup_custom_popup,,Custom popup,Eigenes Pop-up,
popup_choose,,Choose a popup,Pop-up auswählen,
popup_none_yet,,No popups yet,Noch keine Pop-ups,
popup_new,,New popup,Neues Pop-up,
popup_default_name,,New popup,Neues Pop-up,
popup_name,,Popup name,Name des Pop-ups,
popup_edit_contents,,Edit contents,Inhalt bearbeiten,
popup_delete,,Delete popup,Pop-up löschen,
popup_status_entity,,Status entity,Statusentität,
popup_status_entity_hint,,Optional. Its state fills the dialog's status line and adds the history view.,Optional. Ihr Zustand füllt die Statuszeile des Dialogs und ergänzt die Verlaufsansicht.,
popup_settings_subtitle,,"Name, icon, and status entity","Name, Symbol und Statusentität",
popup_shared_hint,,Popups are shared: other buttons can open this same popup.,Pop-ups werden geteilt: Andere Schaltflächen können dasselbe Pop-up öffnen.,
popup_empty,,This popup is empty. Tap Edit to add widgets.,"Dieses Pop-up ist leer. Tippe auf „Bearbeiten“, um Widgets hinzuzufügen.",
popup_settings_title,,Popups,Pop-ups,
popup_settings_subtitle_section,,Build and edit your custom popups,Eigene Pop-ups erstellen und bearbeiten,
popup_settings_hint,,"Popups open from a button, badge, or dialog button set to the Custom popup action. Edit contents opens the popup itself so you can arrange its widgets.","Pop-ups werden über eine Schaltfläche, ein Badge oder eine Dialogschaltfläche mit der Aktion „Eigenes Pop-up“ geöffnet. „Inhalt bearbeiten“ öffnet das Pop-up selbst, um seine Widgets anzuordnen.",
button_icon_only,,Icon only,Nur Symbol,
button_icon_size,,Icon size,Symbolgröße,
button_icon_size_description,,"Auto shrinks the icon as the stack gains columns, so it still fits a narrow button.","Automatisch verkleinert das Symbol, wenn der Stapel mehr Spalten hat, damit es auf eine schmale Schaltfläche passt.",
button_icon_size_auto,,Auto,Automatisch,
button_icon_size_value,,%1$d dp,%1$d dp,app fills in %1$d — keep them
stack_child_icon_only,,Icon only for every button,Nur Symbol für alle Schaltflächen,
stack_child_icon_only_description,,"Applies to all buttons in this stack, so you don't have to set it on each one.","Gilt für alle Schaltflächen in diesem Stapel, damit du es nicht einzeln einstellen musst.",
stack_child_icon_size,,Icon size for every button,Symbolgröße für alle Schaltflächen,
button_icon_only_description,,"Hide the name and state, centering the icon on the button",Name und Status ausblenden und das Symbol auf der Schaltfläche zentrieren,
action_button,,Action button,Aktionsschaltfläche,
action_button_description,,"A button without an entity: give it a name, an icon, and any action","Eine Schaltfläche ohne Entität: Name, Symbol und beliebige Aktion",
action_button_add,,Add action button,Aktionsschaltfläche hinzufügen,
action_badge_add,,Add action badge,Aktions-Badge hinzufügen,
security_entity_count,one,%1$d entity,%1$d Entität,app fills in %1$d — keep them
security_entity_count,other,%1$d entities,%1$d Entitäten,app fills in %1$d — keep them
family_permission_switch_dashboards,,Allow switching dashboards,Dashboard-Wechsel erlauben,
family_permission_switch_dashboards_subtitle,,Let this person load another existing dashboard,Diese Person darf ein anderes vorhandenes Dashboard laden,
family_permission_create_dashboards,,Allow creating dashboards,Dashboard-Erstellung erlauben,
family_permission_create_dashboards_subtitle,,Let this person create or duplicate dashboards,Diese Person darf Dashboards erstellen oder duplizieren,
family_dashboard_tab_locked,,Locked by family permissions,Durch Familienberechtigungen gesperrt,
family_dashboard_access_lost_title,,Family access removed,Familienzugriff entfernt,
family_dashboard_access_lost_message,,"You no longer have access to HKI 7 through this family dashboard. Choose another dashboard shared with you, or use any other option your family permissions allow.","Du hast über dieses Familien-Dashboard keinen Zugriff mehr auf HKI 7. Wähle ein anderes mit dir geteiltes Dashboard oder eine andere Option, die deine Familienberechtigungen erlauben.",don't translate HKI 7
family_access_manage,,Manage access,Zugriff verwalten,
family_access_title,,Who can see %1$s,Wer kann %1$s sehen?,app fills in %1$s — keep them
family_access_description,,Add or remove people. Everyone you remove loses this dashboard the next time their app syncs.,"Personen hinzufügen oder entfernen. Jeder, den Sie entfernen, verliert dieses Dashboard, wenn seine App das nächste Mal synchronisiert wird.",
family_access_shared_everyone,,Shared with everyone,Mit allen geteilt,
family_access_shared_nobody,,Shared with no one,Mit niemandem geteilt,
family_access_shared_with,,Shared with %1$s,Geteilt mit %1$s,app fills in %1$s — keep them
family_access_unknown_user,,Unknown user,Unbekannter Benutzer,
family_access_revoke_warning,,"Losing access deletes their copy of this dashboard, along with any colours, icons, and names they changed on it.","Durch den Verlust des Zugriffs wird die Kopie dieses Dashboards gelöscht, zusammen mit allen darin geänderten Farben, Symbolen und Namen.",
family_versions_title,,HKI versions,HKI-Versionen,
family_versions_description,,Which HKI build each family device is running. This device is on %1$s. A device appears once it has opened HKI 7 1.0.0-beta.18 or newer at least once.,"Welcher HKI-Build auf jedem Familiengerät ausgeführt wird. Dieses Gerät befindet sich auf %1$s. Ein Gerät erscheint erst, wenn es mindestens einmal HKI 7 1.0.0-beta.18 oder neuer ausgeführt hat.",app fills in %1$s — keep them; don't translate HKI 7
family_versions_empty,,No family devices have reported a version yet.,Bisher haben keine Familiengeräte eine Version gemeldet.,
family_versions_loading,,Loading family devices…,Familiengeräte werden geladen…,
family_versions_unavailable,,Home Assistant could not return the family device list. Check that HKI 7 Cloud is up to date.,"Home Assistant konnte die Liste der Familiengeräte nicht zurückgeben. Überprüfen Sie, ob HKI 7 Cloud auf dem neuesten Stand ist.","don't translate HKI 7 Cloud, Home Assistant"
family_versions_outdated,,Older than yours,Älter als deins,
family_versions_android,,Android %1$s,Android %1$s,app fills in %1$s — keep them
family_versions_reported,,reported %1$s,gemeldet %1$s,app fills in %1$s — keep them
family_versions_forget,,Forget this device,Vergessen Sie dieses Gerät,
family_versions_forget_hint,,Forgetting a device only clears it from this list. One that is still in use reappears the next time its app opens.,"Wenn Sie ein Gerät vergessen, wird es lediglich aus dieser Liste gelöscht. Eine, die noch verwendet wird, wird beim nächsten Öffnen der App wieder angezeigt.",
family_versions_nudge,,Ask to update to %1$s,Bitte um Aktualisierung auf %1$s,app fills in %1$s — keep them
family_versions_nudge_clear,,Cancel update request,Update-Anfrage abbrechen,
family_versions_nudge_pending,,Waiting for this device to update to %1$s. The request clears itself once it does.,"Warten auf die Aktualisierung dieses Geräts auf %1$s. Sobald dies der Fall ist, wird die Anfrage von selbst gelöscht.",app fills in %1$s — keep them
family_require_title,,Require an HKI version,Erfordert eine HKI-Version,
family_require_description,,"Everyone below the version you require is asked to update before they can keep using HKI. Nothing here installs anything — Google Play does the update, so people are only ever held up when Play actually has it ready for them.","Jeder, der unter der von Ihnen benötigten Version ist, wird gebeten, ein Update durchzuführen, bevor er HKI weiterhin verwenden kann. Hier wird nichts installiert – Google Play führt das Update durch, sodass die Benutzer immer nur dann aufgehalten werden, wenn Play es tatsächlich für sie bereithält.",
family_require_current,,Currently required: %1$s,Derzeit erforderlich: %1$s,app fills in %1$s — keep them
family_require_set,,Require everyone to be on %1$s,Jeder muss auf %1$s sein,app fills in %1$s — keep them
family_require_clear,,Clear the requirement,Löschen Sie die Anforderung,
family_require_hint,,"You can only require a version some device already runs, so a requirement can never be one nobody is able to install.","Sie können nur eine Version anfordern, die auf einem Gerät bereits ausgeführt wird. Eine Anforderung kann also niemals eine Version sein, die niemand installieren kann.",
settings_extra_family_require_failed,,Could not change the required version. It has to be one a family device already runs.,"Die erforderliche Version konnte nicht geändert werden. Es muss sich um ein Familiengerät handeln, das bereits läuft.",
settings_extra_family_nudge_failed,,Could not ask “%1$s” to update.,„%1$s“ konnte nicht zur Aktualisierung aufgefordert werden.,app fills in %1$s — keep them
app_update_required_title,,Time to update HKI,"Zeit, HKI zu aktualisieren",
app_update_required_title_device,,This device needs an HKI update,Dieses Gerät benötigt ein HKI-Update,
app_update_required_message,,Your family is on HKI %1$s. This device is on %2$s.,Ihre Familie ist auf HKI %1$s. Dieses Gerät befindet sich auf %2$s.,app fills in %1$s %2$s — keep them
app_update_required_checking,,Checking Google Play…,Google Play wird überprüft…,
app_update_required_update,,Update now,Jetzt aktualisieren,
app_update_required_open_store,,Open HKI in the Play Store,Öffnen Sie HKI im Play Store,
app_update_required_opened_store,,"Google Play could not take over here, so its store page was opened instead.","Google Play konnte hier nicht die Oberhand gewinnen, daher wurde stattdessen dessen Store-Seite geöffnet.",
app_update_required_unavailable,,"Google Play has no update ready for this device yet. That usually means the release hasn't reached you, or this copy of HKI didn't come from the Play Store.","Google Play hat noch kein Update für dieses Gerät bereit. Das bedeutet normalerweise, dass Sie die Veröffentlichung nicht erhalten haben oder dass diese Kopie von HKI nicht aus dem Play Store stammt.",
app_update_required_continue,,Continue without updating,Ohne Aktualisierung fortfahren,
settings_extra_active_instance,,Active instance,Aktive Instanz,
settings_extra_automatic_cloud_backup_enabled,,Automatic cloud backup enabled.,Automatische Cloud-Sicherung aktiviert.,
settings_extra_background_restricted_warning,,Restricted — background sync will not work,Eingeschränkt — die Hintergrundsynchronisierung funktioniert nicht,
settings_extra_backup_failed,,Backup failed: %1$s,Sicherung fehlgeschlagen: %1$s,app fills in %1$s — keep them
settings_extra_backup_unreadable,,The backup could not be read,Die Sicherung konnte nicht gelesen werden,
settings_extra_battery_optimized_warning,,Optimized — may interrupt background sync,Optimiert — kann die Hintergrundsynchronisierung unterbrechen,
settings_extra_buy_me_a_coffee_logo,,Buy Me a Coffee logo,Logo von Buy Me a Coffee,
settings_extra_cloud_backup_created,,Cloud backup created.,Cloud-Sicherung erstellt.,
settings_extra_cloud_backup_failed,,Cloud backup failed: %1$s,Cloud-Sicherung fehlgeschlagen: %1$s,app fills in %1$s — keep them
settings_extra_cloud_component_missing,,"The HKI 7 Cloud component was not found on your Home Assistant. Install it through HACS, then try again.",Die Komponente HKI 7 Cloud wurde in Home Assistant nicht gefunden. Installiere sie über HACS und versuche es erneut.,"don't translate HKI 7 Cloud, Home Assistant"
settings_extra_copy_dashboard,,Copy %1$s,%1$s kopieren,app fills in %1$s — keep them
settings_extra_corner_modern,,Modern,Modern,
settings_extra_corner_round,,Round,Rund,
settings_extra_corner_sharp,,Sharp,Eckig,
settings_extra_create_custom_page,,Create custom page,Eigene Seite erstellen,
settings_extra_custom_page_identity_subtitle,,Identity and navigation appearance,Name und Darstellung in der Navigation,
settings_extra_dashboard_backup_saved,,Dashboard backup saved.,Dashboard-Sicherung gespeichert.,
settings_extra_dashboard_copy_name,,%1$s copy,Kopie von %1$s,app fills in %1$s — keep them
settings_extra_dashboard_default_name,,Dashboard %1$d,Dashboard %1$d,app fills in %1$d — keep them
settings_extra_new_dashboard_confirm_body,,This adds a dashboard alongside the one you are using. Your current dashboard is kept exactly as it is and is never overwritten — you can switch between them at any time.,Dadurch wird neben dem von Ihnen verwendeten Dashboard ein Dashboard hinzugefügt. Ihr aktuelles Dashboard bleibt genau so wie es ist und wird nie überschrieben – Sie können jederzeit zwischen ihnen wechseln.,
settings_extra_new_dashboard_confirm_action,,Continue,Weitermachen,
settings_extra_new_dashboard_created,,Created “%1$s”,Erstellt „%1$s“,app fills in %1$s — keep them
uif_onboarding_shared_already_added,,Already added,Bereits hinzugefügt,
settings_extra_dashboard_shared_badge,,Shared,Geteilt,
settings_extra_dashboard_shared_subtitle,,Shared with you by your family. Tap to load,Von Ihrer Familie mit Ihnen geteilt. Zum Laden tippen,
settings_extra_dashboard_shared_loaded,,Shared with you by your family. Currently loaded,Von Ihrer Familie mit Ihnen geteilt. Derzeit geladen,
settings_extra_dashboard_generating,,Your new dashboard is being generated automatically.,Dein neues Dashboard wird automatisch erstellt.,
settings_extra_dashboard_mode_auto,,Automatic,Automatisch,
settings_extra_dashboard_mode_manual,,Manual,Manuell,
settings_extra_dashboard_restored,,Dashboard configuration restored.,Dashboard-Konfiguration wiederhergestellt.,
settings_extra_dashboard_shared,,“%1$s” shared.,„%1$s“ wurde geteilt.,app fills in %1$s — keep them
settings_extra_dashboard_sharing_failed,,Could not share the dashboard.,Das Dashboard konnte nicht geteilt werden.,
settings_extra_default_user_name,,User,Benutzer,
settings_extra_delete_dashboard,,Delete %1$s,%1$s löschen,app fills in %1$s — keep them
settings_extra_device_tracker,,Device tracker,Geräte-Tracker,
settings_extra_device_tracker_subtitle,,"Name used for location, geocoded location, battery, and charging entities","Name für Entitäten zu Standort, Geocodierung, Akku und Ladestatus",
settings_extra_drive_access_token_missing,,Google Drive authorization did not return an access token.,Die Google Drive-Autorisierung hat kein Zugriffstoken zurückgegeben.,don't translate Google Drive
settings_extra_drive_authorization_cancelled,,Google Drive authorization was cancelled.,Die Google Drive-Autorisierung wurde abgebrochen.,don't translate Google Drive
settings_extra_drive_authorization_failed,,Google Drive authorization failed: %1$s,Google Drive-Autorisierung fehlgeschlagen: %1$s,app fills in %1$s — keep them; don't translate Google Drive
settings_extra_drive_authorization_open_failed,,Google Drive authorization could not be opened.,Die Google Drive-Autorisierung konnte nicht geöffnet werden.,don't translate Google Drive
settings_extra_drive_backups_load_failed,,Could not load Google Drive backups: %1$s,Google Drive-Sicherungen konnten nicht geladen werden: %1$s,app fills in %1$s — keep them; don't translate Google Drive
settings_extra_edit_custom_page,,Edit custom page,Eigene Seite bearbeiten,
settings_extra_effect_glow,,Glow,Leuchten,
settings_extra_effect_group_alerts,,Sensors and alarms,Sensoren und Alarme,
settings_extra_effect_group_climate,,Climate and humidity,Klima und Luftfeuchtigkeit,
settings_extra_effect_group_fans,,Fans and vacuums,Ventilatoren und Saugroboter,
settings_extra_effect_group_lights,,Lights and switches,Lichter und Schalter,
settings_extra_effect_group_media,,Media players,Mediaplayer,
settings_extra_effect_group_other,,Everything else,Alles andere,
settings_extra_effect_none,,None,Keiner,
settings_extra_effect_pulse,,Pulse,Pulsieren,
settings_extra_effect_spin,,Spin,Drehen,
settings_extra_empty_dashboard_created,,An empty dashboard was created.,Ein leeres Dashboard wurde erstellt.,
settings_extra_font_atkinson,,Atkinson Hyperlegible,Atkinson Hyperlegible,
settings_extra_font_bree_serif,,Bree Serif,Bree Serif,
settings_extra_font_comfortaa,,Comfortaa,Comfortaa,
settings_extra_font_cursive,,Cursive,Kursiv,
settings_extra_font_default,,Default,Standard,
settings_extra_font_monospace,,Monospace,Nichtproportional,
settings_extra_font_nunito,,Nunito,Nunito,
settings_extra_font_patrick_hand,,Patrick Hand,Patrick Hand,
settings_extra_font_sans_serif,,Sans serif,Serifenlos,
settings_extra_font_serif,,Serif,Serifenschrift,
settings_extra_font_space_grotesk,,Space Grotesk,Space Grotesk,
settings_extra_ha_backup_created,,Home Assistant backup created.,Home Assistant-Sicherung erstellt.,don't translate Home Assistant
settings_extra_ha_backup_enabled,,Home Assistant backup enabled.,Home Assistant-Sicherung aktiviert.,don't translate Home Assistant
settings_extra_ha_backup_failed,,Home Assistant backup failed. Is the HKI 7 Cloud component reachable?,Die Home Assistant-Sicherung ist fehlgeschlagen. Ist die Komponente HKI 7 Cloud erreichbar?,"don't translate HKI 7 Cloud, Home Assistant"
settings_extra_ha_backups_load_failed,,Could not load Home Assistant backups: %1$s,Home Assistant-Sicherungen konnten nicht geladen werden: %1$s,app fills in %1$s — keep them; don't translate Home Assistant
settings_extra_hide_tab,,Hide tab,Tab ausblenden,
settings_extra_hki_cloud_step_add_integration,,"Go to Settings → Devices & Services → Add Integration, choose “HKI 7 Cloud,” and confirm.","Gehe zu Einstellungen → Geräte & Dienste → Integration hinzufügen, wähle „HKI 7 Cloud“ und bestätige.",don't translate HKI 7 Cloud
settings_extra_hki_cloud_step_add_repository,,"Paste %1$s, choose the “Integration” category, and add it.","Füge %1$s ein, wähle die Kategorie „Integration“ und füge das Repository hinzu.",app fills in %1$s — keep them
settings_extra_hki_cloud_step_install,,"Open the new “HKI 7 Cloud” entry, install it, and restart Home Assistant.","Öffne den neuen Eintrag „HKI 7 Cloud“, installiere ihn und starte Home Assistant neu.","don't translate HKI 7 Cloud, Home Assistant"
settings_extra_hki_cloud_step_open_custom_repositories,,"In Home Assistant, open HACS → the ⋮ menu in the top-right → Custom repositories.",Öffne in Home Assistant HACS → das Menü ⋮ oben rechts → Benutzerdefinierte Repositories.,don't translate Home Assistant
settings_extra_hki_cloud_step_reopen,,Reopen this screen. The features will appear automatically.,Öffne diesen Bildschirm erneut. Die Funktionen werden automatisch angezeigt.,
settings_extra_hki_cloud_version,,HKI 7 Cloud v%1$s installed,HKI 7 Cloud v%1$s installiert,app fills in %1$s — keep them; don't translate HKI 7 Cloud
settings_extra_hki_cloud_version_unknown,,HKI 7 Cloud installed (update to see its version),"HKI 7 Cloud installiert (aktualisieren, um die Version anzuzeigen)",don't translate HKI 7 Cloud
settings_extra_hki_cloud_update_to_unlock,,Update to unlock:,Update zum Entsperren:,
settings_extra_hki_cloud_feature_requires,,%1$s (needs v%2$s+),%1$s (benötigt v%2$s+),app fills in %1$s %2$s — keep them
settings_extra_hki_cloud_feature_reimport,,Manually re-importing or clearing dashboard view data,Manuelles erneutes Importieren oder Löschen von Dashboard-Ansichtsdaten,
settings_extra_hki_cloud_feature_search_lists,,Per-person Visible/Invisible global search lists,Sichtbare/unsichtbare globale Suchlisten pro Person,
settings_extra_hki_cloud_feature_room_follow,,Room following,Raumverfolgung,
settings_extra_hki_cloud_feature_room_follow_launch_only,,"Room following: only place someone on launch, without tracking further moves","Raumverfolgung: Platzieren Sie jemanden nur beim Start, ohne weitere Bewegungen zu verfolgen",
settings_extra_hki_cloud_feature_devices,,Seeing which HKI version each family device runs,"Sehen Sie, welche HKI-Version auf jedem Gerät der Familie ausgeführt wird",
settings_extra_hki_cloud_feature_required_version,,Requiring the family to update to a given HKI version,Die Familie muss auf eine bestimmte HKI-Version aktualisieren,
settings_extra_hki_cloud_feature_events,,"The event timeline, and hiding parts of it from individual people",Die Zeitleiste des Ereignisses und das Verbergen von Teilen davon vor einzelnen Personen,
settings_extra_hki_cloud_tab_requires,,"Needs HKI 7 Cloud v%1$s or newer. Update the component in HACS — until then, what you set here won't take effect.",Benötigt HKI 7 Cloud v%1$s oder neuer. Aktualisieren Sie die Komponente in HACS – bis dahin werden die hier vorgenommenen Einstellungen nicht wirksam.,app fills in %1$s — keep them; don't translate HKI 7 Cloud
settings_extra_location_allowed_always,,Allowed all the time,Immer zulassen,
settings_extra_location_allowed_foreground,,Allowed only while using the app,Nur bei Verwendung der App zulassen,
settings_extra_location_not_allowed,,Not allowed,Nicht zugelassen,
language_search_placeholder,,Search languages,Sprachen suchen,
language_search_no_matches,,No language matches “%1$s”,Keine Sprache stimmt mit „%1$s“ überein.,app fills in %1$s — keep them
settings_extra_language_dutch,,Nederlands,Nederlands,
settings_extra_language_english,,English,English,
settings_extra_language_french,,Français,Français,
settings_extra_language_german,,Deutsch,Deutsch,
settings_extra_language_italian,,Italiano,Italiano,
settings_extra_language_spanish,,Español,Español,
settings_extra_language_turkish,,Türkçe,Türkçe,
settings_extra_language_portuguese,,Português,Português,
settings_extra_language_portuguese_brazil,,Português (Brasil),Português (Brasil),
settings_extra_language_spanish_latam,,Español (Latinoamérica),Español (Latinoamérica),
settings_extra_language_japanese,,日本語,日本語,
settings_extra_language_korean,,한국어,한국어,
settings_extra_language_chinese_simplified,,中文（简体）,中文（简体）,
settings_extra_language_chinese_traditional,,中文（繁體）,中文（繁體）,
settings_extra_no_drive_backups,,No Google Drive backups were found.,Keine Google Drive-Sicherungen gefunden.,don't translate Google Drive
settings_extra_no_ha_backups,,No Home Assistant backups were found. Is the HKI 7 Cloud component installed?,Keine Home Assistant-Sicherungen gefunden. Ist die Komponente HKI 7 Cloud installiert?,"don't translate HKI 7 Cloud, Home Assistant"
settings_extra_notifications_multi_home_required,,Required while multiple homes receive notifications. Manage each home under Connection.,"Erforderlich, wenn mehrere Zuhause Benachrichtigungen empfangen. Verwalte jedes Zuhause unter Verbindung.",
settings_extra_notifications_persistent_connection,,Keeps a persistent connection to Home Assistant while the app is closed. This uses more battery.,"Hält die Verbindung zu Home Assistant aufrecht, während die App geschlossen ist. Das verbraucht mehr Akku.",don't translate Home Assistant
settings_extra_paypal_logo,,PayPal logo,PayPal-Logo,
settings_extra_policy_update_failed,,Could not update the policy.,Die Richtlinie konnte nicht aktualisiert werden.,
settings_extra_policy_needs_component_update,,Permissions saved. Update HKI 7 Cloud to also store the Visible and Invisible lists.,"Berechtigungen gespeichert. Aktualisiere HKI 7 Cloud, damit auch die Listen „Sichtbar“ und „Unsichtbar“ gespeichert werden.",don't translate HKI 7 Cloud
settings_extra_policy_needs_component_update_room_follow,,Permissions saved. Update HKI 7 Cloud to also store the room following settings.,"Berechtigungen gespeichert. Aktualisiere HKI 7 Cloud, um auch die Einstellungen zum Raumwechsel zu speichern.",don't translate HKI 7 Cloud
settings_extra_policy_needs_component_update_events,,"Permissions saved, but this HKI 7 Cloud is too old to hide events from this person — they would see the whole timeline. Update it to apply the restriction.","Berechtigungen gespeichert, aber diese HKI 7 Cloud ist zu alt, um Ereignisse vor dieser Person zu verbergen – sie würde die gesamte Zeitleiste sehen. Aktualisieren Sie es, um die Einschränkung anzuwenden.",don't translate HKI 7 Cloud
settings_extra_tab_presence,,Presence,Anwesenheit,
settings_extra_tab_events,,Events,Veranstaltungen,
settings_extra_events_title,,Event timeline,Zeitleiste der Veranstaltung,
settings_extra_events_description,,"Choose which entities the family sees recent activity for, in the Events tab of the notification drawer. Set once here rather than on each phone. This hides the timeline, not the entities — anyone signed in to Home Assistant can still read them there.","Wählen Sie auf der Registerkarte „Ereignisse“ der Benachrichtigungsleiste aus, für welche Entitäten die Familie die letzten Aktivitäten sieht. Stellen Sie die Einstellung hier einmal ein und nicht auf jedem Telefon. Dadurch wird die Zeitleiste ausgeblendet, nicht die Entitäten – jeder, der bei Home Assistant angemeldet ist, kann sie dort weiterhin lesen.",don't translate Home Assistant
settings_extra_events_loading,,Loading the roster…,Der Dienstplan wird geladen…,
settings_extra_events_unavailable,,Could not read the roster from HKI 7 Cloud.,Der Dienstplan von HKI 7 Cloud konnte nicht gelesen werden.,don't translate HKI 7 Cloud
settings_extra_events_empty,,No entities are being tracked yet.,Es werden noch keine Entitäten verfolgt.,
settings_extra_events_choose,,Choose entities,Wählen Sie Entitäten aus,
settings_extra_events_edit,,Edit entities,Entitäten bearbeiten,
settings_extra_events_pick_title,,Entities to show events for,"Entitäten, für die Ereignisse angezeigt werden sollen",
settings_extra_events_save_failed,,Could not save the event roster.,Die Veranstaltungsliste konnte nicht gespeichert werden.,
settings_extra_events_capped,,Saved %1$d entities and %2$d domains. The timeline roster is capped.,%1$d-Entitäten und %2$d-Domänen wurden gespeichert. Die Zeitleiste ist begrenzt.,app fills in %1$d %2$d — keep them
settings_extra_events_whole_domain,,All %1$s (%2$d entities),Alle %1$s (%2$d Entitäten),app fills in %1$s %2$d — keep them
settings_extra_events_resolved_capped,,"This roster covers %2$d entities, but a timeline subscribes to at most %1$d. Remove a domain, or add entities by name instead.","Diese Liste deckt %2$d Entitäten ab, aber eine Zeitleiste abonniert höchstens %1$d. Entfernen Sie eine Domäne oder fügen Sie stattdessen Entitäten nach Namen hinzu.",app fills in %2$d %1$d — keep them
settings_extra_events_per_person_title,,Who sees what,Wer sieht was,
settings_extra_events_per_person_description,,Everyone sees the whole timeline unless you take something out of it for them.,"Jeder sieht die gesamte Zeitleiste, es sei denn, Sie nehmen etwas für ihn heraus.",
settings_extra_events_sees_everything,,Sees the whole timeline,Sieht die gesamte Zeitleiste,
settings_extra_events_hidden_count,,%1$d hidden,%1$d ausgeblendet,app fills in %1$d — keep them
settings_extra_events_manage,,Manage,Verwalten,
settings_extra_events_hidden_title,,Hide from this person,Verstecke dich vor dieser Person,
settings_extra_events_notifications_hint,,"The Events tab in the notification drawer shows recent activity for the entities your family admin chose. It is set for the whole family in Family Sharing, not per device.","Auf der Registerkarte „Ereignisse“ in der Benachrichtigungsleiste werden die letzten Aktivitäten für die von Ihrem Familienadministrator ausgewählten Entitäten angezeigt. Es ist in der Familienfreigabe für die ganze Familie festgelegt, nicht pro Gerät.",
settings_extra_events_open_family_sharing,,Open Family Sharing,Öffnen Sie die Familienfreigabe,
settings_extra_room_follow_title,,Room following,Raumverfolgung,
settings_extra_room_follow_description,,"Pick the room-presence sensor that tracks each person's phone, such as an ESPresense sensor. The app opens the room they are in and offers to follow them as they move.","Wähle den Raumsensor, der das Telefon der jeweiligen Person verfolgt, etwa einen ESPresense-Sensor. Die App öffnet den Raum, in dem sie sich befindet, und folgt ihr auf Wunsch beim Wechseln.",
settings_extra_room_follow_sensor,,Presence sensor,Anwesenheitssensor,
settings_extra_room_follow_none,,No sensor,Kein Sensor,
settings_extra_room_follow_enabled,,Follow this person between rooms,Dieser Person zwischen Räumen folgen,
settings_extra_room_follow_open_on_launch,,Open their room when the app starts,Ihren Raum beim Start der App öffnen,
settings_extra_room_follow_continue_after_launch,,Keep following while the app is open,"Folgen Sie weiter, während die App geöffnet ist",
settings_extra_room_follow_continue_after_launch_hint,,"Turn off to only place them in the right room when the app starts, without switching rooms again while they're using it.","Deaktivieren Sie diese Option, um sie beim Starten der App nur im richtigen Raum zu platzieren, ohne den Raum erneut zu wechseln, während sie die App verwenden.",
settings_extra_room_follow_prompt_on_move,,Ask before switching rooms,Vor dem Raumwechsel fragen,
settings_extra_room_follow_dwell,,Wait before a move counts,Wartezeit bis ein Wechsel zählt,
settings_extra_room_follow_dwell_value,,%1$d s,%1$d s,app fills in %1$d — keep them
settings_extra_room_follow_dwell_hint,,Room-presence sensors drift between nearby rooms. A longer wait means fewer false moves.,Raumsensoren schwanken zwischen benachbarten Räumen. Eine längere Wartezeit bedeutet weniger Fehlwechsel.,
settings_extra_room_follow_rooms,,Sensor states,Sensorzustände,
settings_extra_room_follow_rooms_matched,,Matched automatically,Automatisch zugeordnet,
settings_extra_room_follow_rooms_unmatched,,Pick a room,Raum wählen,
settings_extra_room_follow_no_states,,No states seen yet. States appear here once the sensor reports them.,"Noch keine Zustände empfangen. Sie erscheinen hier, sobald der Sensor sie meldet.",
room_follow_moved_title,,You moved to %1$s,Du bist jetzt in %1$s,app fills in %1$s — keep them
room_follow_moved_message,,"Switch to that room, or stay where you are?",Zu diesem Raum wechseln oder hierbleiben?,
room_follow_moved_switch,,Switch,Wechseln,
room_follow_moved_stay,,Stay,Bleiben,
room_follow_moved_silence,,Don't ask again until I restart the app,Bis zum nächsten Start der App nicht mehr fragen,
settings_extra_rename_dashboard,,Rename %1$s,%1$s umbenennen,app fills in %1$s — keep them
settings_extra_rename_instance,,Rename %1$s,%1$s umbenennen,app fills in %1$s — keep them
settings_extra_restart_home_assistant_failed,,Could not restart Home Assistant.,Home Assistant konnte nicht neu gestartet werden.,don't translate Home Assistant
settings_extra_restore_failed,,Restore failed: %1$s,Wiederherstellung fehlgeschlagen: %1$s,app fills in %1$s — keep them
settings_extra_selected_file_open_failed,,Could not open the selected file,Die ausgewählte Datei konnte nicht geöffnet werden,
settings_extra_set_dashboard_default,,Set %1$s as the default dashboard,%1$s als Standard-Dashboard festlegen,app fills in %1$s — keep them
settings_extra_family_device_forget_failed,,Could not forget “%1$s.”,Konnte „%1$s“ nicht vergessen.,app fills in %1$s — keep them
settings_extra_shared_dashboard_access_failed,,Could not change who can see “%1$s.”,"Es konnte nicht geändert werden, wer „%1$s“ sehen kann.",app fills in %1$s — keep them
settings_extra_shared_dashboard_access_updated,,Updated who can see “%1$s.”,"Aktualisiert, wer „%1$s“ sehen kann.",app fills in %1$s — keep them
settings_extra_shared_dashboard_delete_failed,,Could not delete “%1$s.”,„%1$s“ konnte nicht gelöscht werden.,app fills in %1$s — keep them
settings_extra_shared_dashboard_deleted,,“%1$s” was deleted from the cloud.,„%1$s“ wurde aus der Cloud gelöscht.,app fills in %1$s — keep them
settings_extra_shared_dashboard_import_failed,,Could not import “%1$s.”,„%1$s“ konnte nicht importiert werden.,app fills in %1$s — keep them
settings_extra_shared_dashboard_imported,,“%1$s” was imported into your dashboards.,„%1$s“ wurde in deine Dashboards importiert.,app fills in %1$s — keep them
settings_extra_shared_dashboard_now_using,,Now using “%1$s.”,„%1$s“ wird jetzt verwendet.,app fills in %1$s — keep them
settings_extra_shared_dashboard_use_failed,,Could not use “%1$s.”,„%1$s“ konnte nicht verwendet werden.,app fills in %1$s — keep them
settings_extra_shared_dashboards_up_to_date,,Shared dashboards are already up to date.,Die geteilten Dashboards sind bereits auf dem neuesten Stand.,
settings_extra_show_tab,,Show tab,Tab anzeigen,
settings_extra_tab_dashboards,,Dashboards,Dashboards,
settings_extra_tab_devices,,Devices,Geräte,
settings_extra_tab_parental_controls,,Parental controls,Kindersicherung,
settings_extra_tab_permissions,,Permissions,Berechtigungen,
settings_extra_technology_kotlin,,Kotlin,Kotlin,
settings_extra_technology_xml_kotlin_dsl,,XML and Kotlin DSL,XML und Kotlin DSL,
settings_extra_theme_amber,,Amber,Bernstein,
settings_extra_theme_auto,,Auto,Automatisch,
settings_extra_theme_blue,,Blue,Blau,
settings_extra_theme_custom,,Custom,Benutzerdefiniert,
settings_extra_theme_dark,,Dark,Dunkel,
settings_extra_theme_green,,Green,Grün,
settings_extra_theme_light,,Light,Hell,
settings_extra_theme_rose,,Rose,Rosa,
settings_extra_theme_system,,System,System,
settings_extra_unknown_error,,Unknown error,Unbekannter Fehler,
settings_extra_unrestricted_recommended,,Unrestricted (recommended),Uneingeschränkt (empfohlen),
settings_extra_view_battery,,Battery,Akku,
settings_extra_view_climate,,Climate,Klima,
settings_extra_view_energy,,Energy,Energie,
settings_extra_view_rooms,,Rooms,Räume,
settings_extra_view_security,,Security,Sicherheit,
settings_extra_minutes_ago,one,%1$d minute ago,vor %1$d Minute,app fills in %1$d — keep them
settings_extra_minutes_ago,other,%1$d minutes ago,vor %1$d Minuten,app fills in %1$d — keep them
settings_extra_hours_ago,one,%1$d hour ago,vor %1$d Stunde,app fills in %1$d — keep them
settings_extra_hours_ago,other,%1$d hours ago,vor %1$d Stunden,app fills in %1$d — keep them
settings_extra_days_ago,one,%1$d day ago,vor %1$d Tag,app fills in %1$d — keep them
settings_extra_days_ago,other,%1$d days ago,vor %1$d Tagen,app fills in %1$d — keep them
settings_extra_shared_dashboards_pushed,one,Pushed changes to %1$d shared dashboard.,Änderungen wurden an %1$d geteiltes Dashboard übertragen.,app fills in %1$d — keep them
settings_extra_shared_dashboards_pushed,other,Pushed changes to %1$d shared dashboards.,Änderungen wurden an %1$d geteilte Dashboards übertragen.,app fills in %1$d — keep them
family_permission_reimport,,Allow re-importing,Erneuten Import erlauben,
family_permission_reimport_subtitle,,"Let this person manually re-import or clear Rooms, Climate, Security, Energy, and Battery data","Diese Person darf Daten für Räume, Klima, Sicherheit, Energie und Batterie manuell neu importieren oder löschen",
family_dashboard_create_disabled_reason,,Your family administrator has disabled dashboard creation. This account can only use family-shared dashboards.,Dein Familienadministrator hat das Erstellen von Dashboards deaktiviert. Dieses Konto kann nur geteilte Familiendashboards verwenden.,
family_dashboard_restore_disabled_reason,,"Your family administrator has disabled dashboard switching. Restoring a backup could replace the family dashboard, so this account can only select a shared dashboard.","Dein Familienadministrator hat den Dashboardwechsel deaktiviert. Eine Wiederherstellung könnte das Familiendashboard ersetzen, daher kann dieses Konto nur ein geteiltes Dashboard auswählen.",
family_settings_admin_only,,Locked — only a Home Assistant administrator can manage family sharing,Gesperrt — nur ein Home-Assistant-Administrator kann die Familienfreigabe verwalten,don't translate Home Assistant
family_aesthetics_only_explanation,,"Aesthetics-only access allows local names, icons, colors, backgrounds, card styles, shapes, sizes, and layout. Entities, actions, visibility rules, content, controls, and other behavior remain managed by the dashboard owner.","Der rein visuelle Zugriff erlaubt lokale Namen, Symbole, Farben, Hintergründe, Kartenstile, Formen, Größen und Layouts. Entitäten, Aktionen, Sichtbarkeitsregeln, Inhalte, Bedienelemente und sonstiges Verhalten bleiben unter der Kontrolle des Dashboard-Eigentümers.",
parental_search_access_title,,Entity search access,Zugriff auf Entitätssuche,
parental_search_access_hint,,Choose which Home Assistant domains or individual entities this person can find in global search. Invisible selections always take precedence.,"Wähle, welche Home-Assistant-Domänen oder einzelnen Entitäten diese Person in der globalen Suche finden kann. Unsichtbare Einträge haben immer Vorrang.",don't translate Home Assistant
parental_search_visible_title,,Visible,Sichtbar,
parental_search_invisible_title,,Invisible,Unsichtbar,
parental_search_visible_empty,,All entities are visible unless they appear in the Invisible list.,"Alle Entitäten sind sichtbar, sofern sie nicht in der Liste „Unsichtbar“ stehen.",
parental_search_invisible_empty,,No entities are explicitly hidden.,Keine Entitäten sind ausdrücklich ausgeblendet.,
parental_search_picker_subtitle,,Select entire domains or individual entities,Ganze Domänen oder einzelne Entitäten auswählen,
parental_search_domains,,Domains,Domänen,
parental_search_entire_domain,,Entire domain,Gesamte Domäne,
parental_search_domain_chip,,Domain: %1$s,Domäne: %1$s,app fills in %1$s — keep them
ha_page_category,,Home Assistant,Heimassistent,don't translate Home Assistant
ha_page_category_subtitle,,Open your server's own pages without leaving HKI 7,"Öffnen Sie die eigenen Seiten Ihres Servers, ohne HKI 7 zu verlassen",don't translate HKI 7
ha_page_settings,,Home Assistant settings,Home Assistant Einstellungen,don't translate Home Assistant
ha_page_settings_subtitle,,"Integrations, devices, areas and automations","Integrationen, Geräte, Bereiche und Automatisierungen",
ha_page_dev_tools,,Developer tools,Entwicklertools,
ha_page_dev_tools_subtitle,,"States, services, templates and events","Zustände, Dienste, Vorlagen und Ereignisse",
ha_page_hacs,,HACS,HACS,
ha_page_hacs_subtitle,,Community integrations and frontend add-ons,Community-Integrationen und Frontend-Add-ons,
ha_page_no_server,,Connect to a Home Assistant server first.,Stellen Sie zunächst eine Verbindung zu einem Home Assistant-Server her.,don't translate Home Assistant
ha_page_reload,,Reload,Neu laden,
ha_page_open_browser,,Open in browser,Im Browser öffnen,
ha_page_session_failed,,Could not start the embedded Home Assistant session. Reload the page or open it in your browser.,Die eingebettete Home Assistant-Sitzung konnte nicht gestartet werden. Laden Sie die Seite neu oder öffnen Sie sie in Ihrem Browser.,don't translate Home Assistant
update_channel_name,,App updates,App-Updates,
update_channel_description,,Tells you when a newer version of HKI 7 has been released,"Informiert Sie, wenn eine neuere Version von HKI 7 veröffentlicht wurde",don't translate HKI 7
update_available_title,,HKI 7 %1$s is available,HKI 7 %1$s ist verfügbar,app fills in %1$s — keep them; don't translate HKI 7
update_available_body,,Tap to see what changed and update,"Tippen Sie hier, um zu sehen, was sich geändert hat, und um es zu aktualisieren",
update_title,,App updates,App-Updates,
update_subtitle_checking,,Checking for a newer version…,Suche nach einer neueren Version…,
update_subtitle_current,,You are on the latest version,Sie sind auf der neuesten Version,
update_subtitle_available,,Version %1$s is available,Version %1$s ist verfügbar,app fills in %1$s — keep them
update_check_now,,Check for updates,Suchen Sie nach Updates,
update_now,,Update now,Jetzt aktualisieren,
update_see_changes,,See what changed,"Sehen Sie, was sich geändert hat",
update_watch_releases,,Tell me about new releases,Erzählen Sie mir von Neuerscheinungen,
update_watch_releases_subtitle,,Checks GitHub once a day and notifies you when a newer version is published,"Überprüft GitHub einmal täglich und benachrichtigt Sie, wenn eine neuere Version veröffentlicht wird",
uif_a_state,,a state,ein Zustand,
uif_a_time,,a time,eine Uhrzeit,
uif_actions,,Actions,Aktionen,
uif_active,,Active,Aktiv,
uif_adaptive,,Adaptive,Adaptiv,
uif_advanced,,Advanced,Erweitert,
uif_air_quality,,Air quality,Luftqualität,
uif_alarm,,Alarm,Alarm,
uif_alarms,,Alarms,Alarme,
uif_allow,,Allow,Zulassen,
uif_allow_all_the_time,,Allow all the time,Immer zulassen,
uif_and_separator,,\u0020and\u0020,\u0020und\u0020,
uif_appearance,,Appearance,Darstellung,
uif_aqi,,AQI,AQI,
uif_auto,,Auto,Automatisch,
uif_back,,Back,Zurück,
uif_beep,,Beep,Signalton,
uif_brightness,,Brightness,Helligkeit,
uif_bucket,,Bucket,Behälter,
uif_choose_action,,Choose action,Aktion auswählen,
uif_choose_entity,,Choose entity,Entität auswählen,
uif_choose_target,,Choose target,Ziel auswählen,
uif_circle,,Circle,Kreis,
uif_color,,Color,Farbe,
uif_date,,Date,Datum,
uif_date_and_time,,Date and time,Datum und Uhrzeit,
uif_defrost,,Defrost,Abtauen,
uif_devices_on,,Devices on,Geräte eingeschaltet,
uif_direction_east_short,,E,O,
uif_direction_north_short,,N,N,
uif_direction_northeast_short,,NE,NO,
uif_direction_northwest_short,,NW,NW,
uif_direction_south_short,,S,S,
uif_direction_southeast_short,,SE,SO,
uif_direction_southwest_short,,SW,SW,
uif_direction_west_short,,W,W,
uif_display,,Display,Anzeige,
uif_edit,,Edit,Bearbeiten,
uif_enable,,Enable,Aktivieren,
uif_enable_location,,Enable location,Standort aktivieren,
uif_enabled,,Enabled,Aktiviert,
uif_entities,,Entities,Entitäten,
uif_error,,Error,Fehler,
uif_fan_speed,,Fan speed,Lüftergeschwindigkeit,
uif_feels_like_temperature,,Feels like %1$d°,Gefühlt %1$d°,app fills in %1$d — keep them
uif_filter,,Filter,Filter,
uif_fire,,Fire,Feuer,
uif_flow_actions_available,,Actions available in Home Assistant,In Home Assistant verfügbare Aktionen,don't translate Home Assistant
uif_flow_actions_load_failed,,Could not load Home Assistant actions,Home Assistant-Aktionen konnten nicht geladen werden,don't translate Home Assistant
uif_flow_advanced_block_unchanged,,Advanced block (kept unchanged),Erweiterter Block (unverändert beibehalten),
uif_flow_after_format,,After (HH:MM:SS),Nach (HH:MM:SS),
uif_flow_after_time,,after %1$s,nach %1$s,app fills in %1$s — keep them
uif_flow_at_time,,At %1$s,Um %1$s,app fills in %1$s — keep them
uif_flow_automation_delete_failed,,Could not delete this automation,Diese Automatisierung konnte nicht gelöscht werden,
uif_flow_automation_deleted,,Deleted from Home Assistant,Aus Home Assistant gelöscht,don't translate Home Assistant
uif_flow_automation_load_failed,,Could not load this automation,Diese Automatisierung konnte nicht geladen werden,
uif_flow_automation_save_failed,,Could not save this automation,Diese Automatisierung konnte nicht gespeichert werden,
uif_flow_automation_saved,,Saved and loaded in Home Assistant,In Home Assistant gespeichert und geladen,don't translate Home Assistant
uif_flow_before_format,,Before (HH:MM:SS),Vor (HH:MM:SS),
uif_flow_before_time,,before %1$s,vor %1$s,app fills in %1$s — keep them
uif_flow_domain_actions_first,,%1$s actions are shown first,Aktionen für %1$s werden zuerst angezeigt,app fills in %1$s — keep them
uif_flow_entity_becomes_state,,%1$s becomes %2$s,%1$s wird %2$s,app fills in %1$s %2$s — keep them
uif_flow_entity_is_state,,%1$s is %2$s,%1$s ist %2$s,app fills in %1$s %2$s — keep them
uif_flow_entity_state,,Entity state,Entitätszustand,
uif_flow_ha_action,,Home Assistant action,Home Assistant-Aktion,don't translate Home Assistant
uif_flow_mode_parallel,,Parallel,Parallel,
uif_flow_mode_parallel_description,,Start every trigger as a separate run at the same time.,Jeden Auslöser gleichzeitig als separaten Durchlauf starten.,
uif_flow_mode_queued,,Queued,Warteschlange,
uif_flow_mode_queued_description,,"Wait, then run each trigger in the order it arrived.",Warten und die Auslöser anschließend in der eingegangenen Reihenfolge ausführen.,
uif_flow_mode_restart,,Restart,Neu starten,
uif_flow_mode_restart_description,,Stop the current run and start again when conditions still pass.,"Den aktuellen Durchlauf beenden und neu starten, wenn die Bedingungen weiterhin erfüllt sind.",
uif_flow_mode_single,,Single,Einzeln,
uif_flow_mode_single_description,,Ignore a new trigger while this flow is still running.,"Einen neuen Auslöser ignorieren, solange dieser Ablauf noch läuft.",
uif_flow_perform_ha_action,,Perform a Home Assistant action,Home Assistant-Aktion ausführen,don't translate Home Assistant
uif_flow_section_and_if,,And if,Und wenn,
uif_flow_section_then,,Then,Dann,
uif_flow_section_when,,When,Wenn,
uif_flow_sun_event,,Sun event,Sonnenereignis,
uif_flow_sunrise_or_sunset,,Sunrise or sunset,Sonnenaufgang oder Sonnenuntergang,
uif_flow_time_format,,Time (HH:MM:SS),Uhrzeit (HH:MM:SS),
uif_flow_time_window,,Time window,Zeitfenster,
uif_flow_group_any,,Any of these,Eines davon,
uif_flow_group_all,,All of these,Alle davon,
uif_flow_group_none,,None of these,Keines davon,
uif_flow_group_empty,,Empty — open it to add conditions,"Leer — öffne die Gruppe, um Bedingungen hinzuzufügen",
uif_flow_group_open,,Open group,Gruppe öffnen,
uif_flow_group_back,,Back,Zurück,
uif_flow_group_count,one,%1$d condition inside,%1$d Bedingung darin,app fills in %1$d — keep them
uif_flow_group_count,other,%1$d conditions inside,%1$d Bedingungen darin,app fills in %1$d — keep them
uif_flow_within_time_window,,Within a time window,Innerhalb eines Zeitfensters,
uif_full,,Full,Voll,
uif_gas,,Gas,Gas,
uif_glow,,Glow,Leuchten,
uif_half,,Half,Halb,
uif_header_pill,,Header pill,Kopfzeilen-Schaltfläche,
uif_hold,,Hold,Gedrückt halten,
uif_humidity,,Humidity,Luftfeuchtigkeit,
uif_ionizer,,Ionizer,Ionisator,
uif_lights_on,,Lights on,Lichter eingeschaltet,
uif_local_network_access,,Local network access,Lokaler Netzwerkzugriff,
uif_local_network_access_description,,Allows HKI 7 to find and connect directly to Home Assistant on your Wi-Fi network.,"Ermöglicht HKI 7, Home Assistant in Ihrem Wi-Fi-Netzwerk zu finden und sich direkt mit ihm zu verbinden.","don't translate Home Assistant, HKI 7"
uif_mode_auto,,Auto,Automatisch,
uif_mode_away,,Away,Abwesend,
uif_mode_baby,,Baby,Baby,
uif_mode_boost,,Boost,Boost,
uif_mode_clothes,,Clothes,Kleidung,
uif_mode_comfort,,Comfort,Komfort,
uif_mode_continuous,,Continuous,Dauerbetrieb,
uif_mode_dry,,Dry,Trocknen,
uif_mode_eco,,Eco,Eco,
uif_mode_high,,High,Hoch,
uif_mode_home,,Home,Zuhause,
uif_mode_laundry,,Laundry,Wäsche,
uif_mode_low,,Low,Niedrig,
uif_mode_manual,,Manual,Manuell,
uif_mode_medium,,Medium,Mittel,
uif_mode_normal,,Normal,Normal,
uif_mode_purify,,Purify,Reinigen,
uif_mode_quiet,,Quiet,Leise,
uif_mode_sleep,,Sleep,Schlafmodus,
uif_moon,,Moon,Mond,
uif_moon_phase_first_quarter,,First quarter,Erstes Viertel,
uif_moon_phase_full,,Full moon,Vollmond,
uif_moon_phase_last_quarter,,Last quarter,Letztes Viertel,
uif_moon_phase_new,,New moon,Neumond,
uif_moon_phase_waning_crescent,,Waning crescent,Abnehmende Sichel,
uif_moon_phase_waning_gibbous,,Waning gibbous,Abnehmender Dreiviertelmond,
uif_moon_phase_waxing_crescent,,Waxing crescent,Zunehmende Sichel,
uif_moon_phase_waxing_gibbous,,Waxing gibbous,Zunehmender Dreiviertelmond,
uif_motion,,Motion,Bewegung,
uif_mute,,Mute,Stummschalten,
uif_next,,Next,Weiter,
uif_none,,None,Keine,
uif_off,,Off,Aus,
uif_onboarding_add_in_edit_mode,,Add everything yourself in Edit mode,Alles selbst im Bearbeitungsmodus hinzufügen,
uif_onboarding_add_internal_url_later,,"For a faster direct connection at home, you can add an internal URL and your home Wi-Fi networks later in Settings > Connection.",Für eine schnellere direkte Verbindung zu Hause kannst du später unter Einstellungen > Verbindung eine interne URL und deine WLAN-Netzwerke hinzufügen.,
uif_onboarding_add_remote_url_later,,"To connect while you're away from home, add a Nabu Casa or external URL later in Settings > Connection.","Um auch unterwegs eine Verbindung herzustellen, füge später unter Einstellungen > Verbindung eine Nabu Casa- oder externe URL hinzu.",don't translate Nabu Casa
uif_onboarding_auto_entities,,"Finds suitable Climate, Security, Energy and Battery entities","Findet geeignete Entitäten für Klima, Sicherheit, Energie und Batterie",
uif_onboarding_auto_generate,,Auto generate,Automatisch erstellen,
uif_onboarding_auto_rooms_floors,,Creates rooms and floors from Home Assistant areas,Erstellt Räume und Etagen aus Home Assistant-Bereichen,don't translate Home Assistant
uif_onboarding_building_dashboard,,Building dashboard…,Dashboard wird erstellt…,
uif_onboarding_connection_failed,,Connection failed,Verbindung fehlgeschlagen,
uif_onboarding_everything_editable,,Everything can be changed afterward in Edit mode,Im Bearbeitungsmodus kann anschließend alles geändert werden,
uif_onboarding_external_access_explanation,,HKI 7 can reach your smart home both at home and while you're away through the external URL you entered.,HKI 7 kann dein Smart Home zu Hause und unterwegs über die eingegebene externe URL erreichen.,don't translate HKI 7
uif_onboarding_local_access_explanation,,Your smart home is currently available to HKI 7 only while this device can reach your local Home Assistant network.,"Dein Smart Home ist für HKI 7 derzeit nur erreichbar, wenn dieses Gerät dein lokales Home Assistant-Netzwerk erreichen kann.","don't translate Home Assistant, HKI 7"
uif_onboarding_login_failed,,Login failed: %1$s,Anmeldung fehlgeschlagen: %1$s,app fills in %1$s — keep them
uif_onboarding_nabu_casa_access_explanation,,HKI 7 can reach your smart home both at home and while you're away through your Nabu Casa URL.,HKI 7 kann dein Smart Home zu Hause und unterwegs über deine Nabu Casa-URL erreichen.,"don't translate Nabu Casa, HKI 7"
uif_onboarding_no_authorization_code,,Login failed: Home Assistant returned no authorization code.,Anmeldung fehlgeschlagen: Home Assistant hat keinen Autorisierungscode zurückgegeben.,don't translate Home Assistant
uif_onboarding_preparing_dashboard,,Preparing dashboard…,Dashboard wird vorbereitet…,
uif_onboarding_server_http_error,,The server answered with HTTP %1$d,Der Server hat mit HTTP %1$d geantwortet,app fills in %1$d — keep them
uif_onboarding_shared_import_failed,,Could not import “%1$s”. Try again.,„%1$s“ konnte nicht importiert werden. Versuche es erneut.,app fills in %1$s — keep them
uif_onboarding_start_empty,,Start empty,Leer beginnen,
uif_onboarding_starts_empty,,"Starts without imported rooms, widgets or view entities","Beginnt ohne importierte Räume, Widgets oder Ansichts-Entitäten",
uif_open,,Open,Öffnen,
uif_open_doors,,Open doors,Offene Türen,
uif_open_settings,,Open settings,Einstellungen öffnen,
uif_open_windows,,Open windows,Offene Fenster,
uif_of_enabled,,%1$d of %2$d enabled,%1$d von %2$d aktiviert,app fills in %1$d %2$d — keep them
uif_pause,,Pause,Pause,
uif_percentage,,Percentage,Prozentwert,
uif_permissions_can_be_changed_later,,You can change these permissions later in Android Settings.,Sie können diese Berechtigungen später in den Android-Einstellungen ändern.,
uif_pick_to_auto_fill,,Pick to auto-fill,Zum automatischen Ausfüllen auswählen,
uif_pill,,Pill,Pille,
uif_play,,Play,Abspielen,
uif_playlists,,Playlists,Wiedergabelisten,
uif_pm25,,PM2.5,"PM2,5",
uif_presence,,Presence,Anwesenheit,
uif_pressure,,Pressure,Luftdruck,
uif_pressure_hpa,,%1$d hPa,%1$d hPa,app fills in %1$d — keep them
uif_previous,,Previous,Zurück,
uif_pulse,,Pulse,Pulsieren,
uif_pump,,Pump,Pumpe,
uif_rain,,Rain,Regen,
uif_rain_map_camera,,Rain map camera,Regenkarten-Kamera,
uif_recipe_arrive_home_description,,Activate a scene when someone arrives home,"Eine Szene aktivieren, wenn jemand nach Hause kommt",
uif_recipe_arrive_home_title,,Welcome home,Willkommen zu Hause,
uif_recipe_bedtime_description,,Turn off a light at a chosen bedtime,Ein Licht zur gewählten Schlafenszeit ausschalten,
uif_recipe_bedtime_title,,Bedtime lights,Licht zur Schlafenszeit,
uif_recipe_blank_description,,Build an automation from an empty canvas,Eine Automatisierung auf einer leeren Fläche erstellen,
uif_recipe_blank_title,,Start empty,Leer beginnen,
uif_recipe_close_covers_description,,Close a cover when the sun sets,"Eine Abdeckung schließen, wenn die Sonne untergeht",
uif_recipe_close_covers_title,,Close covers at sunset,Abdeckungen bei Sonnenuntergang schließen,
uif_recipe_entity_state_description,,Run an action when an entity reaches a state,"Eine Aktion ausführen, wenn eine Entität einen Zustand erreicht",
uif_recipe_entity_state_title,,Entity changes,Entität ändert sich,
uif_recipe_leave_home_description,,Turn off a light when someone leaves home,"Ein Licht ausschalten, wenn jemand das Zuhause verlässt",
uif_recipe_leave_home_title,,Leaving home,Zuhause verlassen,
uif_recipe_lock_at_night_description,,Lock a door at a chosen time,Eine Tür zur gewählten Uhrzeit verriegeln,
uif_recipe_lock_at_night_title,,Lock up at night,Nachts abschließen,
uif_recipe_morning_scene_description,,Activate a scene at a chosen morning time,Eine Szene zu einer gewählten Uhrzeit am Morgen aktivieren,
uif_recipe_morning_scene_title,,Morning scene,Morgenszene,
uif_recipe_motion_lights_description,,Turn on a light when motion is detected,"Ein Licht einschalten, wenn Bewegung erkannt wird",
uif_recipe_motion_lights_title,,Motion lighting,Bewegungslicht,
uif_recipe_open_covers_description,,Open a cover when the sun rises,"Eine Abdeckung öffnen, wenn die Sonne aufgeht",
uif_recipe_open_covers_title,,Open covers at sunrise,Abdeckungen bei Sonnenaufgang öffnen,
uif_recipe_schedule_description,,Run an action at a fixed time every day,Jeden Tag zu einer festen Uhrzeit eine Aktion ausführen,
uif_recipe_schedule_title,,At a time,Zu einer Uhrzeit,
uif_recipe_sunrise_lights_off_description,,Turn off a light when the sun rises,"Ein Licht ausschalten, wenn die Sonne aufgeht",
uif_recipe_sunrise_lights_off_title,,Lights off at sunrise,Licht bei Sonnenaufgang aus,
uif_recipe_sunset_description,,Run an action at sunset,Bei Sonnenuntergang eine Aktion ausführen,
uif_recipe_sunset_title,,Around sunset,Um den Sonnenuntergang,
uif_refresh,,Refresh,Aktualisieren,
uif_remove,,Remove,Entfernen,
uif_repeat,,Repeat,Wiederholen,
uif_run,,Run,Ausführen,
uif_season,,Season,Jahreszeit,
uif_season_autumn,,Autumn,Herbst,
uif_season_spring,,Spring,Frühling,
uif_season_summer,,Summer,Sommer,
uif_season_winter,,Winter,Winter,
uif_shuffle,,Shuffle,Zufallswiedergabe,
uif_sleep,,Sleep,Schlafmodus,
uif_smoke,,Smoke,Rauch,
uif_source,,Source,Quelle,
uif_source_device,,Source device,Quellgerät,
uif_speed,,Speed,Geschwindigkeit,
uif_speed_kmh,,%1$d km/h,%1$d km/h,app fills in %1$d — keep them
uif_spin,,Spin,Drehen,
uif_state_active,,Active,Aktiv,
uif_state_away,,Away,Abwesend,
uif_state_buffering,,Buffering,Puffert,
uif_state_cleaning,,Cleaning,Reinigt,
uif_state_closed,,Closed,Geschlossen,
uif_state_docked,,Docked,Angedockt,
uif_state_error,,Error,Fehler,
uif_state_home,,Home,Zuhause,
uif_state_idle,,Idle,Inaktiv,
uif_state_locked,,Locked,Verriegelt,
uif_state_off,,Off,Aus,
uif_state_on,,On,Ein,
uif_state_open,,Open,Offen,
uif_state_paused,,Paused,Pausiert,
uif_state_playing,,Playing,Wiedergabe,
uif_state_returning,,Returning,Kehrt zurück,
uif_state_standby,,Standby,Standby,
uif_state_unavailable,,Unavailable,Nicht verfügbar,
uif_state_unknown,,Unknown,Unbekannt,
uif_state_unlocked,,Unlocked,Entriegelt,
uif_sun,,Sun,Sonne,
uif_sunrise,,Sunrise,Sonnenaufgang,
uif_sunset,,Sunset,Sonnenuntergang,
uif_tank,,Tank,Tank,
uif_tap,,Tap,Tippen,
uif_third,,Third,Drittel,
uif_time,,Time,Uhrzeit,
uif_unknown,,Unknown,Unbekannt,
uif_update_failed,,Could not update %1$s,%1$s konnte nicht aktualisiert werden,app fills in %1$s — keep them
uif_updated,,%1$s updated,%1$s aktualisiert,app fills in %1$s — keep them
uif_weather,,Weather,Wetter,
uif_wind,,Wind,Wind,
uif_active_device_count,one,%1$d active device,%1$d aktives Gerät,app fills in %1$d — keep them
uif_active_device_count,other,%1$d active devices,%1$d aktive Geräte,app fills in %1$d — keep them
uif_adaptive_group_paused_count,one,%1$d group light is paused for manual control.,%1$d Gruppenlicht ist für die manuelle Steuerung pausiert.,app fills in %1$d — keep them
uif_adaptive_group_paused_count,other,%1$d group lights are paused for manual control.,%1$d Gruppenlichter sind für die manuelle Steuerung pausiert.,app fills in %1$d — keep them
uif_adaptive_profile_light_count,one,Controls %1$d light in this profile.,Steuert %1$d Licht in diesem Profil.,app fills in %1$d — keep them
uif_adaptive_profile_light_count,other,Controls %1$d lights in this profile.,Steuert %1$d Lichter in diesem Profil.,app fills in %1$d — keep them
uif_days_to_season,one,%1$d day to %2$s,Noch %1$d Tag bis %2$s,app fills in %1$d %2$s — keep them
uif_days_to_season,other,%1$d days to %2$s,Noch %1$d Tage bis %2$s,app fills in %1$d %2$s — keep them
uif_device_on_count,one,%1$d device on,%1$d Gerät eingeschaltet,app fills in %1$d — keep them
uif_device_on_count,other,%1$d devices on,%1$d Geräte eingeschaltet,app fills in %1$d — keep them
uif_fire_detector_count,one,%1$d fire detector active,%1$d Feuermelder aktiv,app fills in %1$d — keep them
uif_fire_detector_count,other,%1$d fire detectors active,%1$d Feuermelder aktiv,app fills in %1$d — keep them
uif_flow_advanced_block_count,one,%1$d advanced shorthand block (kept unchanged),%1$d erweiterter Kurzblock (unverändert beibehalten),app fills in %1$d — keep them
uif_flow_advanced_block_count,other,%1$d advanced shorthand blocks (kept unchanged),%1$d erweiterte Kurzblöcke (unverändert beibehalten),app fills in %1$d — keep them
uif_gas_detector_count,one,%1$d gas detector active,%1$d Gasmelder aktiv,app fills in %1$d — keep them
uif_gas_detector_count,other,%1$d gas detectors active,%1$d Gasmelder aktiv,app fills in %1$d — keep them
uif_light_on_count,one,%1$d light on,%1$d Licht eingeschaltet,app fills in %1$d — keep them
uif_light_on_count,other,%1$d lights on,%1$d Lichter eingeschaltet,app fills in %1$d — keep them
uif_media_item_count,one,%1$d item,%1$d Element,app fills in %1$d — keep them
uif_media_item_count,other,%1$d items,%1$d Elemente,app fills in %1$d — keep them
uif_motion_sensor_count,one,%1$d motion sensor active,%1$d Bewegungssensor aktiv,app fills in %1$d — keep them
uif_motion_sensor_count,other,%1$d motion sensors active,%1$d Bewegungssensoren aktiv,app fills in %1$d — keep them
uif_open_door_count,one,%1$d open door,%1$d offene Tür,app fills in %1$d — keep them
uif_open_door_count,other,%1$d open doors,%1$d offene Türen,app fills in %1$d — keep them
uif_open_window_count,one,%1$d open window,%1$d offenes Fenster,app fills in %1$d — keep them
uif_open_window_count,other,%1$d open windows,%1$d offene Fenster,app fills in %1$d — keep them
uif_presence_sensor_count,one,%1$d presence sensor active,%1$d Anwesenheitssensor aktiv,app fills in %1$d — keep them
uif_presence_sensor_count,other,%1$d presence sensors active,%1$d Anwesenheitssensoren aktiv,app fills in %1$d — keep them
uif_smoke_detector_count,one,%1$d smoke detector active,%1$d Rauchmelder aktiv,app fills in %1$d — keep them
uif_smoke_detector_count,other,%1$d smoke detectors active,%1$d Rauchmelder aktiv,app fills in %1$d — keep them
weather_animate_title,,Animated weather,Animiertes Wetter,
weather_animate_description,,"Where the full-colour weather artwork plays. Turn a surface off to show its still artwork instead — the forecast strips are the ones that cost the most, since they animate a dozen icons side by side.","Wo das farbige Wetterkunstwerk spielt. Schalten Sie eine Oberfläche aus, um stattdessen deren Standbild anzuzeigen – die Vorhersagestreifen sind diejenigen, die am meisten kosten, da sie ein Dutzend Symbole nebeneinander animieren.",
weather_animate_applies_everywhere,,"These apply to this device everywhere weather is shown, not just to this pill. The same switches are in Settings › Appearance › Icons.","Diese gelten für dieses Gerät überall dort, wo das Wetter angezeigt wird, nicht nur für dieses Tablet. Die gleichen Schalter finden Sie unter „Einstellungen“ > „Darstellung“ > „Symbole“.",
weather_animate_pill,,Header pill,Kopfpille,
weather_animate_pill_description,,The small weather icon beside the dashboard title.,Das kleine Wettersymbol neben dem Dashboard-Titel.,
weather_animate_dialog,,Weather dialog,Wetterdialog,
weather_animate_dialog_description,,The large icon on the current-weather card when you open the weather.,"Das große Symbol auf der Karte für das aktuelle Wetter, wenn Sie das Wetter öffnen.",
weather_animate_forecast,,Forecast strips,Prognosestreifen,
weather_animate_forecast_description,,"The daily and hourly rows, in the dialog and on the dashboard.",Die täglichen und stündlichen Zeilen im Dialog und auf dem Dashboard.,
weather_animate_widget,,Weather widget,Wetter-Widget,
weather_animate_widget_description,,The weather card on the dashboard itself.,Die Wetterkarte auf dem Armaturenbrett selbst.,
widgets_tab_content,,Content,Inhalt,
widgets_tab_appearance,,Appearance,Darstellung,
widgets_tab_data,,Data,Daten,
widgets_tab_chart,,Chart,Diagramm,
widgets_tab_graphs,,Graphs,Diagramme,
widgets_tab_layout,,Layout,Layout,
widgets_tab_data_sources,,Data sources,Datenquellen,
widgets_remove,,Remove,Entfernen,
widgets_reimport,,Re-import,Erneut importieren,
widgets_unavailable,,Unavailable,Nicht verfügbar,
widgets_today,,Today,Heute,
widgets_tomorrow,,Tomorrow,Morgen,
widgets_yesterday,,Yesterday,Gestern,
widgets_today_initial,,T,H,
widgets_iframe_title,,iFrame,iFrame,
widgets_iframe_subtitle,,Embed a web page on your dashboard,Eine Webseite in dein Dashboard einbetten,
widgets_ratio_square,,Square,Quadratisch,
widgets_ratio_wide,,Wide,Breit,
widgets_ratio_tall,,Tall,Hoch,
widgets_markdown_title,,Markdown,Markdown,
widgets_markdown_subtitle,,Content and card appearance,Inhalt und Kartendarstellung,
widgets_media_player_title,,Media player,Medienplayer,
widgets_media_player_subtitle,,"Source, layout, and artwork","Quelle, Layout und Cover",
widgets_stat_min,,Min,Min.,
widgets_stat_average,,Avg,Ø,
widgets_stat_max,,Max,Max.,
widgets_sensor_graph_title,,Sensor graph,Sensordiagramm,
widgets_sensor_graph_subtitle,,"Entities, chart style, and appearance","Entitäten, Diagrammstil und Darstellung",
widgets_sensor_graph_stack_title,,Sensor graph stack,Sensordiagramm-Stapel,
widgets_sensor_graph_stack_subtitle,,Grouped charts and stack layout,Gruppierte Diagramme und Stapellayout,
widgets_graph_sensor_count,one,Graph %1$d · %2$d sensor,Diagramm %1$d · %2$d Sensor,app fills in %1$d %2$d — keep them
widgets_graph_sensor_count,other,Graph %1$d · %2$d sensors,Diagramm %1$d · %2$d Sensoren,app fills in %1$d %2$d — keep them
widgets_calendar_title,,Calendar,Kalender,
widgets_calendar_subtitle,,"Calendars, default view, and appearance","Kalender, Standardansicht und Darstellung",
widgets_calendar_agenda,,Agenda,Agenda,
widgets_calendar_week,,Week,Woche,
widgets_calendar_month,,Month,Monat,
widgets_calendar_no_entity,,No calendar entity available,Keine Kalenderentität verfügbar,
widgets_calendar_no_upcoming_events,,No events in the coming days,Keine Termine in den kommenden Tagen,
widgets_calendar_no_events_for,,No events for %1$s,Keine Termine am %1$s,app fills in %1$s — keep them
widgets_calendar_all_day,,All day,Ganztägig,
widgets_calendar_time_unknown,,Time unknown,Zeit unbekannt,
widgets_vacuum_state_cleaning,,Cleaning,Reinigt,
widgets_vacuum_state_docked,,Docked,Angedockt,
widgets_vacuum_state_paused,,Paused,Pausiert,
widgets_vacuum_state_error,,Error,Fehler,
widgets_vacuum_state_returning,,Returning to dock,Kehrt zur Station zurück,
widgets_vacuum_dock,,Dock,Andocken,
widgets_vacuum_start,,Start,Starten,
widgets_vacuum_pause,,Pause,Pausieren,
widgets_vacuum_stop,,Stop,Stoppen,
widgets_vacuum_locate,,Locate,Suchen,
widgets_vacuum_fan_speed,,Fan speed,Saugstärke,
widgets_vacuum_water_level,,Water level,Wassermenge,
widgets_vacuum_map,,Vacuum map,Staubsaugerkarte,
widgets_vacuum_room_number,,Room %1$d,Raum %1$d,app fills in %1$d — keep them
widgets_vacuum_room_label,,Room %1$s,Raum %1$s,app fills in %1$s — keep them
widgets_vacuum_valetudo_decode_failed,,No Valetudo map data in this camera entity,Keine Valetudo-Kartendaten in dieser Kameraentität,don't translate Valetudo
widgets_vacuum_valetudo_tap_hint,,Tap a room to clean it,"Tippe auf einen Raum, um ihn zu reinigen",
widgets_vacuum_valetudo_unmapped,,Map this robot's segments to areas in Home Assistant to clean a room by tapping it,"Ordne die Segmente dieses Roboters in Home Assistant Bereichen zu, um einen Raum per Tippen zu reinigen",don't translate Home Assistant
widgets_vacuum_valetudo_cleaning,,Cleaning %1$s,%1$s wird gereinigt,app fills in %1$s — keep them
widgets_waste_collection_title,,Waste collection,Abfallabholung,
widgets_waste_collection_subtitle,,"Sensors, calendar, and appearance","Sensoren, Kalender und Darstellung",
widgets_waste_sensor_picture_help,,Shows the sensor’s entity_picture (falls back to the type icon when no picture is available).,"Zeigt das entity_picture des Sensors; falls keines vorhanden ist, wird das Symbol der Abfallart verwendet.",
ui_people_dialog_title,,People,Personen,
widgets_f1_title,,Formula 1,Formel 1,
widgets_f1_subtitle,,"Race weekend, standings, and results","Rennwochenende, Rangliste und Ergebnisse",
widgets_f1_sources_subtitle,,Read from the F1 Sensor integration,Lesen Sie aus der F1-Sensor-Integration,
widgets_f1_tab_next,,Next race,Nächstes Rennen,
widgets_f1_tab_calendar,,Calendar,Kalender,
widgets_f1_tab_standings,,Standings,Rangliste,
widgets_f1_tab_grid,,Grid,Netz,
widgets_f1_tab_results,,Results,Ergebnisse,
widgets_f1_tab_live,,Live,Live,
widgets_f1_drivers,,Drivers,Treiber,
widgets_f1_constructors,,Constructors,Konstrukteure,
widgets_f1_prediction,,Prediction,Vorhersage,
widgets_f1_schedule,,Session schedule,Sitzungsplan,
widgets_f1_race_control,,Race control,Rennleitung,
widgets_f1_timing,,Timing,Timing,
widgets_f1_round,,Round %1$s,Runde %1$s,app fills in %1$s — keep them
widgets_f1_lap_short,,Lap %1$s,Runde %1$s,app fills in %1$s — keep them
widgets_f1_lap_of,,Lap %1$d / %2$d,Runde %1$d / %2$d,app fills in %1$d %2$d — keep them
widgets_f1_wins_short,,%1$s wins,%1$s gewinnt,app fills in %1$s — keep them
widgets_f1_points_wins_legend,,Right-hand column shows championship points.,Die rechte Spalte zeigt die Meisterschaftspunkte.,
widgets_f1_prediction_now,,Now: %1$s pts,Jetzt: %1$s Punkte,app fills in %1$s — keep them
widgets_f1_prediction_legend,,Right-hand column shows predicted final points. Needs F1TV Auth in F1 Sensor.,Die rechte Spalte zeigt die vorhergesagten Endpunkte. Benötigt F1TV-Authentifizierung im F1-Sensor.,
widgets_f1_status_pit,,In pit,In der Grube,
widgets_f1_status_out,,Retired,Im Ruhestand,
widgets_f1_no_calendar,,No season schedule available yet,Noch kein Saisonplan verfügbar,
widgets_f1_no_grid,,No starting grid available yet,Noch keine Startaufstellung verfügbar,
widgets_f1_no_prediction,,No championship prediction available. Needs F1TV Auth in F1 Sensor.,Keine Meisterschaftsvorhersage verfügbar. Benötigt F1TV-Authentifizierung im F1-Sensor.,
widgets_f1_lights_out_in,,Lights out in %1$s,In %1$s geht das Licht aus,app fills in %1$s — keep them
widgets_f1_in_days_hours,,in %1$dd %2$dh,in %1$dd %2$dh,app fills in %1$d %2$d — keep them
widgets_f1_in_hours_minutes,,in %1$dh %2$dm,in %1$dh %2$dm,app fills in %1$d %2$d — keep them
widgets_f1_in_minutes,,in %1$dm,in %1$dm,app fills in %1$d — keep them
widgets_f1_no_upcoming,,No upcoming race,Kein bevorstehendes Rennen,
widgets_f1_today_at,,Today %1$s,Heute %1$s,app fills in %1$s — keep them
widgets_f1_tomorrow_at,,Tomorrow %1$s,Morgen %1$s,app fills in %1$s — keep them
widgets_f1_time_unknown,,Time to be confirmed,"Zeit, bestätigt zu werden",
widgets_f1_sensors_used,,"This widget uses the next race, season calendar, starting grid, driver and constructor standings, last race results, weather, and — during a session — track status, session status, race control, driver positions, and current tyres. It also shows a championship prediction when F1 Sensor's optional F1TV Auth is set up. Other F1 Sensor options are not needed for it.","Dieses Widget verwendet das nächste Rennen, die Fahrer- und Konstrukteurswertung, die Ergebnisse des letzten Rennens, das Wetter, die aktuelle Saison und – während einer Sitzung – den Streckenstatus, den Sitzungsstatus und die Rennkontrolle. Andere F1-Sensoroptionen sind dafür nicht erforderlich.",
widgets_f1_no_standings,,No standings available yet,Noch keine Rangliste verfügbar,
widgets_f1_no_results,,No race results available yet,Noch keine Rennergebnisse verfügbar,
widgets_f1_no_race_control,,No race control messages,Keine Meldungen der Rennleitung,
widgets_f1_not_found,,F1 Sensor not found,F1 Sensor nicht gefunden,
widgets_f1_not_found_long,,The F1 Sensor integration was not found. Install it in Home Assistant (HACS: Nicxe/f1_sensor) and its sensors are picked up automatically.,Die Integration des F1-Sensors wurde nicht gefunden. Installieren Sie es im Home Assistant (HACS: Nicxe/f1_sensor) und seine Sensoren werden automatisch erfasst.,don't translate Home Assistant
widgets_f1_found,,Found %1$d F1 sensors.,%1$d F1-Sensoren gefunden.,app fills in %1$d — keep them
widgets_f1_default_tab,,Opening tab,Tab öffnen,
widgets_f1_background_help,,"With no background image the card shows the upcoming race, with the circuit outline as a faint watermark behind it.","Ohne Hintergrundbild zeigt die Karte das bevorstehende Rennen, mit dem Streckenumriss als schwachem Wasserzeichen dahinter.",
widgets_f1_session_fp1,,Practice 1,Übung 1,
widgets_f1_session_fp2,,Practice 2,Übung 2,
widgets_f1_session_fp3,,Practice 3,Übung 3,
widgets_f1_session_sprint_quali,,Sprint qualifying,Sprint-Qualifying,
widgets_f1_session_sprint,,Sprint,Sprint,
widgets_f1_session_qualifying,,Qualifying,Qualifizierend,
widgets_f1_session_race,,Race,Wettrennen,
widgets_f1_flag_green,,Track clear,Spur frei,
widgets_f1_flag_yellow,,Yellow flag,Gelbe Flagge,
widgets_f1_flag_red,,Red flag,Rote Fahne,
widgets_f1_flag_safety_car,,Safety car,Safety-Car,
widgets_f1_flag_vsc,,Virtual safety car,Virtuelles Safety Car,
widgets_f1_flag_chequered,,Chequered flag,Zielflagge,
widgets_f1_flag_unknown,,Not running,Läuft nicht,
cr_widget_f1,,Formula 1,Formel 1,
cr_widget_f1_description,,"Race weekend, standings, and results","Rennwochenende, Rangliste und Ergebnisse",
widgets_todo_title,,To-Do List,To-Do-Liste,
widgets_todo_shopping_title,,Shopping List,Einkaufsliste,
widgets_todo_subtitle,,A shared checklist your family can add to and check off,"Eine gemeinsame Checkliste, die Ihre Familie ergänzen und abhaken kann",
widgets_todo_empty,,No items yet,Noch keine Artikel,
widgets_todo_all_done,,All done,Alles erledigt,
widgets_todo_remaining,,%1$d of %2$d left,%1$d von %2$d übrig,app fills in %1$d %2$d — keep them
widgets_todo_add_placeholder,,Add an item…,Einen Artikel hinzufügen…,
widgets_todo_read_only,,You don't have permission to edit this list.,"Sie sind nicht berechtigt, diese Liste zu bearbeiten.",
widgets_todo_filter_active,,To do,Zu tun,
widgets_todo_filter_all,,All,Alle,
widgets_todo_filter_done,,Done,Erledigt,
widgets_todo_clear_completed,,Clear completed,Klar abgeschlossen,
widgets_todo_completed_section,,Completed (%1$d),Abgeschlossen (%1$d),app fills in %1$d — keep them
widgets_todo_new_category,,New tab,Neuer Tab,
widgets_todo_manage_categories,,Manage tabs,Registerkarten verwalten,
widgets_todo_edit_item,,Edit item,Artikel bearbeiten,
widgets_todo_item_text,,Item,Artikel,
widgets_todo_quantity,,Quantity,Anzahl,
widgets_todo_category,,Category,Kategorie,
widgets_todo_note,,Note,Notiz,
widgets_todo_priority,,Priority,Priorität,
widgets_todo_priority_low,,Low,Niedrig,
widgets_todo_priority_normal,,Normal,Normal,
widgets_todo_priority_high,,High,Hoch,
widgets_todo_due_date,,Due date,Fälligkeitsdatum,
widgets_todo_clear_due_date,,Clear due date,Klares Fälligkeitsdatum,
widgets_todo_delete_item,,Delete,Löschen,
widgets_todo_checked_by,,Checked by %1$s,Geprüft von %1$s,app fills in %1$s — keep them
widgets_todo_added_by,,Added by %1$s,Hinzugefügt von %1$s,app fills in %1$s — keep them
widgets_todo_tab_general,,General,Allgemein,
widgets_todo_tab_permissions,,Permissions,Berechtigungen,
widgets_todo_list_type,,List type,Listentyp,
widgets_todo_type_todo,,To-do,Zu erledigen,
widgets_todo_type_shopping,,Shopping,Einkaufen,
widgets_todo_sort_mode,,Sort order,Sortierreihenfolge,
widgets_todo_sort_manual,,Manual,Manuell,
widgets_todo_sort_alphabetical,,A–Z,A–Z,
widgets_todo_sort_priority,,Priority,Priorität,
widgets_todo_sort_newest,,Newest first,Das Neueste zuerst,
widgets_todo_show_completed,,Show completed items by default,Abgeschlossene Elemente standardmäßig anzeigen,
widgets_todo_hero_list,,Hero list,Heldenliste,
widgets_todo_hero_list_hint,,Show this list's open items on the square card.,Zeigen Sie die offenen Posten dieser Liste auf der quadratischen Karte an.,
widgets_todo_permissions_subtitle,,"Choose who can add, check off, or remove items","Wählen Sie aus, wer Elemente hinzufügen, abhaken oder entfernen darf",
widgets_todo_perm_everyone,,Everyone,Alle,
widgets_todo_perm_specific,,Specific family members,Bestimmte Familienmitglieder,
widgets_todo_perm_admin_only,,Admins only,Nur Administratoren,
widgets_todo_permissions_admin_required,,Only an admin can choose specific members,Nur ein Administrator kann bestimmte Mitglieder auswählen,
widgets_todo_no_users_found,,No Home Assistant users found,Es wurden keine Home Assistant-Benutzer gefunden,don't translate Home Assistant
cr_widget_todo,,To-Do List,To-Do-Liste,
cr_widget_todo_description,,"Shared checklist or shopping list, editable by everyone, chosen members, or admins only","Gemeinsame Checkliste oder Einkaufsliste, bearbeitbar von allen, ausgewählten Mitgliedern oder nur Administratoren",
widgets_find_devices_title,,Find my devices,Finden Sie meine Geräte,
widgets_find_devices_subtitle,,"Devices, map, and appearance","Geräte, Karte und Erscheinungsbild",
widgets_find_devices_label,,Devices,Geräte,
widgets_find_select_devices,,Select devices,Wählen Sie Geräte aus,
widgets_find_sources_subtitle,,Trackers to show on the map,Tracker zur Anzeige auf der Karte,
widgets_find_gps_help,,Any device_tracker or person entity can be added. Those reporting GPS coordinates appear on the map; the rest are still listed with their state.,"Jeder Gerätetracker oder jede Personenentität kann hinzugefügt werden. Diejenigen, die GPS-Koordinaten melden, werden auf der Karte angezeigt. der Rest wird weiterhin mit seinem Bundesland aufgeführt.",
widgets_find_my_devices,,My devices,Meine Geräte,
widgets_find_filter_all,,All,Alle,
widgets_find_filter_devices,,Devices,Geräte,
widgets_find_filter_persons,,People,Personen,
widgets_find_showing_selected,,Showing %1$d selected,Zeigt %1$d ausgewählt an,app fills in %1$d — keep them
widgets_find_show_all,,Show all,Alle anzeigen,
widgets_find_none_in_filter,,Nothing of this kind in this widget,Nichts dergleichen in diesem Widget,
widgets_find_refresh,,Refresh,Aktualisieren,
widgets_find_summary,,%1$d of %2$d home,%1$d von %2$d Zuhause,app fills in %1$d %2$d — keep them
widgets_find_no_devices_selected,,No devices selected,Keine Geräte ausgewählt,
widgets_find_no_location,,None of these devices report a location yet,Keines dieser Geräte meldet bisher einen Standort,
widgets_find_no_gps,,No location,Kein Standort,
widgets_find_state_home,,Home,Heim,
widgets_find_state_away,,Away,Abwesend,
widgets_find_state_unknown,,Unknown,Unbekannt,
cr_widget_find_devices,,Find my devices,Finden Sie meine Geräte,
cr_widget_find_devices_description,,"Map of your phones, tags, and trackers","Karte Ihrer Telefone, Tags und Tracker",
widgets_waste_calendar_range,,Calendar range,Kalenderbereich,
widgets_waste_calendar_days,,%1$d days,%1$d Tage,app fills in %1$d — keep them
widgets_waste_calendar_range_help,,"How far ahead the dialog's calendar looks. It is shown as a week grid, rounded out to whole weeks.","Wie weit voraus der Kalender des Dialogs aussieht. Es wird als Wochenraster dargestellt, abgerundet auf ganze Wochen.",
widgets_waste_no_collection_on,,No collection on %1$s,Keine Sammlung auf %1$s,app fills in %1$s — keep them
widgets_waste_organic,,Organic waste,Bioabfall,
widgets_waste_packaging,,Packaging,Verpackungen,
widgets_waste_paper,,Paper,Papier,
widgets_waste_residual,,Residual waste,Restmüll,
widgets_waste_glass,,Glass,Glas,
widgets_waste_textiles,,Textiles,Textilien,
widgets_waste_plastic,,Plastic,Kunststoff,
widgets_waste_christmas_trees,,Christmas trees,Weihnachtsbäume,
widgets_waste_bulky,,Bulky waste,Sperrmüll,
widgets_waste_duo_bin,,Duo bin,Doppeltonne,
widgets_weather_title,,Weather,Wetter,
widgets_weather_subtitle,,"Entity, card type, and appearance","Entität, Kartentyp und Darstellung",
widgets_weather_style_current,,Current weather,Aktuelles Wetter,
widgets_weather_style_daily,,Daily forecast,Tagesvorhersage,
widgets_weather_style_hourly,,Hourly forecast,Stündliche Vorhersage,
widgets_weather_style_horizon,,Sunrise & sunset horizon,Sonnenauf- und -untergang,
widgets_weather_style_wind,,Wind compass,Windkompass,
widgets_weather_style_rain_map,,Rain map (image URL),Regenkarte (Bild-URL),
widgets_compass_directions,1,N,N,
widgets_compass_directions,2,NNE,NNO,
widgets_compass_directions,3,NE,NO,
widgets_compass_directions,4,ENE,ONO,
widgets_compass_directions,5,E,O,
widgets_compass_directions,6,ESE,OSO,
widgets_compass_directions,7,SE,SO,
widgets_compass_directions,8,SSE,SSO,
widgets_compass_directions,9,S,S,
widgets_compass_directions,10,SSW,SSW,
widgets_compass_directions,11,SW,SW,
widgets_compass_directions,12,WSW,WSW,
widgets_compass_directions,13,W,W,
widgets_compass_directions,14,WNW,WNW,
widgets_compass_directions,15,NW,NW,
widgets_compass_directions,16,NNW,NNW,
widgets_battery_entities,,Battery entities,Batterieentitäten,
widgets_battery_settings,,Battery settings,Batterieeinstellungen,
widgets_battery_empty_view_hint,,This battery view is empty. Swipe down on the header and open Battery settings to add entities manually.,"Diese Batterieansicht ist leer. Wische die Kopfzeile nach unten und öffne die Batterieeinstellungen, um Entitäten manuell hinzuzufügen.",
widgets_battery_levels_title,,Battery levels,Batteriestände,
widgets_battery_levels_subtitle,,"Thresholds, sources, and appearance","Grenzwerte, Quellen und Darstellung",
widgets_battery_rules,,Battery rules,Batterieregeln,
widgets_battery_all,,All,Alle,
widgets_battery_critical,,Critical,Kritisch,
widgets_battery_low,,Low,Niedrig,
widgets_battery_watch,,Watch,Beobachten,
widgets_battery_good,,Good,Gut,
widgets_battery_unknown,,Unknown,Unbekannt,
widgets_battery_range_good,,Above 50%,Über 50%,
widgets_battery_range_unknown,,Unavailable or unknown,Nicht verfügbar oder unbekannt,
widgets_battery_no_data,,No battery data,Keine Batteriedaten,
widgets_battery_levels_unavailable,,Battery levels unavailable,Batteriestände nicht verfügbar,
widgets_battery_levels_healthy,,Battery levels look healthy,Die Batteriestände sehen gut aus,
widgets_battery_lowest_detail,,Lowest: %1$s at %2$d%%,Niedrigster Stand: %1$s mit %2$d%%,app fills in %1$s %2$d — keep them
widgets_battery_showing_plus,,Showing Battery+ devices,Battery+-Geräte werden angezeigt,
widgets_battery_waiting_levels,,Waiting for reported levels,Warte auf gemeldete Batteriestände,
widgets_battery_lowest,,Lowest,Niedrigster,
widgets_battery_attention,,Attention,Achtung,
widgets_battery_tracked,,Tracked,Erfasst,
widgets_battery_level,,Level,Stand,
widgets_battery_name,,Name,Name,
widgets_battery_type,,Battery type,Batterietyp,
widgets_battery_entity,,Entity,Entität,
widgets_battery_quantity,,Quantity,Anzahl,
widgets_battery_quantity_short,,Qty %1$s,Anz. %1$s,app fills in %1$s — keep them
widgets_battery_device_id,,Device ID,Geräte-ID,
widgets_battery_unknown_type,,Unknown type,Unbekannter Typ,
widgets_battery_sort_summary,,Sort: %1$s,Sortieren: %1$s,app fills in %1$s — keep them
widgets_battery_no_filters,,No filters active,Keine Filter aktiv,
widgets_battery_collapse_filters,,Collapse filters,Filter einklappen,
widgets_battery_expand_filters,,Expand filters,Filter ausklappen,
widgets_battery_low_count,one,%1$d low battery,%1$d Batterie schwach,app fills in %1$d — keep them
widgets_battery_low_count,other,%1$d low batteries,%1$d Batterien schwach,app fills in %1$d — keep them
widgets_battery_critical_count,one,%1$d critical battery,%1$d Batterie kritisch,app fills in %1$d — keep them
widgets_battery_critical_count,other,%1$d critical batteries,%1$d Batterien kritisch,app fills in %1$d — keep them
widgets_battery_attention_count,one,%1$d battery needs attention,%1$d Batterie benötigt Aufmerksamkeit,app fills in %1$d — keep them
widgets_battery_attention_count,other,%1$d batteries need attention,%1$d Batterien benötigen Aufmerksamkeit,app fills in %1$d — keep them
widgets_energy_day,,Day,Tag,
widgets_energy_week,,Week,Woche,
widgets_energy_month,,Month,Monat,
widgets_energy_year,,Year,Jahr,
widgets_energy_this_week,,This week,Diese Woche,
widgets_energy_this_month,,This month,Diesen Monat,
widgets_energy_this_year,,This year,Dieses Jahr,
widgets_energy_today_lower,,today,heute,
widgets_energy_this_week_lower,,this week,diese Woche,
widgets_energy_this_month_lower,,this month,diesen Monat,
widgets_energy_this_year_lower,,this year,dieses Jahr,
widgets_energy_yesterday_lower,,yesterday,gestern,
widgets_energy_consumed_solar,,Consumed solar,Direkt verbrauchter Solarstrom,
widgets_energy_imported,,Imported,Bezugsenergie,
widgets_energy_exported,,Exported,Einspeisung,
widgets_energy_phase_number,,Phase %1$d,Phase %1$d,app fills in %1$d — keep them
widgets_energy_forecast_number,,Forecast %1$d,Prognose %1$d,app fills in %1$d — keep them
widgets_energy_ha_forecast,,Home Assistant forecast,Home-Assistant-Prognose,don't translate Home Assistant
widgets_battery_search,,Search devices,Geräte suchen,
widgets_battery_none,,No batteries match that search.,Zu dieser Suche passen keine Batterien.,
widgets_battery_open_page,,Open battery page,Batterieseite öffnen,
cr_widget_clock,,Clock,Uhr,
cr_widget_clock_description,,"An analog or digital clock, in the style you pick, with the date and your next alarm.","Eine analoge oder digitale Uhr im Stil Ihrer Wahl, mit Datum und Ihrem nächsten Alarm.",
clock_widget_title,,Clock,Uhr,
clock_widget_subtitle,,"Face, styling and what it shows","Gesicht, Styling und was es zeigt",
clock_title_label,,Title (optional),Titel (optional),
clock_face_section,,Face,Gesicht,
clock_face_section_subtitle,,"Analog or digital, and which design",Analog oder digital und welches Design,
clock_shows_section,,Shows,Zeigt,
clock_shows_section_subtitle,,Choose what appears alongside the time,"Wählen Sie aus, was neben der Uhrzeit angezeigt wird",
clock_mode_analog,,Analog,Analog,
clock_mode_digital,,Digital,Digital,
clock_style,,Style,Stil,
clock_24_hour,,24-hour clock,24-Stunden-Uhr,
clock_seconds,,Seconds,Sekunden,
clock_date,,Date,Datum,
clock_day_name,,Day of the week,Wochentag,
clock_year,,Year,Jahr,
clock_style_classic,,Classic,Klassiker,
clock_style_minimal,,Minimal,Minimal,
clock_style_roman,,Roman,römisch,
clock_style_railway,,Railway,Eisenbahn,
clock_style_bauhaus,,Bauhaus,Bauhaus,
clock_style_neon,,Neon,Neon,
clock_style_skeleton,,Skeleton,Skeleton,
clock_style_plain,,Plain,Schmucklos,
clock_style_segment,,Segment,Segment,
clock_style_mono,,Monospace,Nichtproportional,
clock_style_flip,,Flip,Umdrehen,
clock_style_outline,,Outline,Gliederung,
clock_style_stacked,,Stacked,Gestapelt,
clock_style_dots,,Dots,Punkte,
clock_alarms_title,,Next alarm,Nächster Alarm,
clock_no_alarm,,No alarm is set.,Es ist kein Alarm eingestellt.,
clock_alarm_set_by,,Set by %1$s,Festgelegt von %1$s,app fills in %1$s — keep them
clock_alarms_platform_note,,"Android only tells other apps about the next alarm, so alarms cannot be listed or switched on and off from here.","Android informiert andere Apps nur über den nächsten Alarm, daher können Alarme hier nicht aufgelistet oder ein- und ausgeschaltet werden.",
clock_open_clock_app,,Open Clock app,Öffnen Sie die Uhr-App,
clock_open_failed,,No clock app could be opened. Pick one in this widget's settings.,Es konnte keine Uhr-App geöffnet werden. Wählen Sie eines in den Einstellungen dieses Widgets aus.,
clock_app_section,,Clock app,Uhr-App,
clock_app_section_subtitle,,Which app the alarm dialog opens,Welche App öffnet den Alarmdialog?,
clock_app_automatic,,Automatic,Automatisch,
clock_app_none_found,,No clock app was found on this device.,Auf diesem Gerät wurde keine Uhr-App gefunden.,
