key,item,english,translation,notes
language_title,,Language,Γλώσσα,
language_display_title,,Display language,Γλώσσα εμφάνισης,
language_display_subtitle,,Follows your device by default; choose one to override it,Ακολουθεί τη συσκευή σας από προεπιλογή. επιλέξτε ένα για να το παρακάμψετε,
language_system,,System default,Προεπιλογή συστήματος,
language_selected,,Selected,Επιλεγμένο,
nav_home,,Home,Σπίτι,
nav_rooms,,Rooms,Δωμάτια,
nav_security,,Security,Ασφάλεια,
nav_energy,,Energy,Ενέργεια,
nav_climate,,Climate,Κλίμα,
nav_battery,,Battery,Μπαταρία,
nav_settings,,Settings,Ρυθμίσεις,
nav_room_detail,,Room Detail,Λεπτομέρεια δωματίου,
settings_title_connection,,Connection,Σύνδεση,
settings_title_profile,,Profile,Προφίλ,
settings_title_location,,Location,Τοποθεσία,
settings_title_notifications,,Notifications,Ειδοποιήσεις,
settings_title_appearance,,Appearance,Εμφάνιση,
settings_title_header,,Header,Επί κεφαλής,
settings_title_theme,,Theme,Θέμα,
settings_title_fonts,,Fonts,Γραμματοσειρές,
settings_title_corners,,Corners,Γωνίες,
settings_title_icons,,Icons,εικονίδια,
settings_title_nav_bar,,Navigation Bar,Γραμμή πλοήγησης,
settings_title_media_players,,Media Players,Media Players,
settings_title_dashboard,,Dashboard,Ταμπλό,
settings_title_family_sharing,,Family Sharing,Οικογενειακή κοινή χρήση,
settings_title_backup_restore,,Backup and Restore,Δημιουργία αντιγράφων ασφαλείας και επαναφορά,
settings_title_account,,Account,Λογαριασμός,
settings_title_about,,About HKI 7,Σχετικά με HKI 7,don't translate HKI 7
settings_title_license,,License,Αδεια,
settings_title_support,,Support,Υποστήριξη,
settings_subtitle_menu,,Everything that shapes your HKI 7 experience,Όλα όσα διαμορφώνουν την HKI 7 εμπειρία σας,don't translate HKI 7
settings_subtitle_account,,Your profile and this app installation,Το προφίλ σας και η εγκατάσταση αυτής της εφαρμογής,
settings_subtitle_profile,,Personal details used throughout your dashboard,Προσωπικά στοιχεία που χρησιμοποιούνται στον πίνακα ελέγχου σας,
settings_subtitle_connection,,Server routes and local-network preferences,Διαδρομές διακομιστή και προτιμήσεις τοπικού δικτύου,
settings_subtitle_location,,Presence updates and background access,Παρουσία ενημερώσεων και πρόσβαση στο παρασκήνιο,
settings_subtitle_dashboard,,"Dashboards, tabs, media players, and popups","Πίνακες εργαλείων, καρτέλες, προγράμματα αναπαραγωγής πολυμέσων και αναδυόμενα παράθυρα",
settings_subtitle_appearance,,Make the dashboard feel like yours,Κάντε το ταμπλό να αισθάνεται σαν δικό σας,
settings_subtitle_corners,,"Roundness of buttons, cards, and widgets","Στρογγυλότητα κουμπιών, καρτών και γραφικών στοιχείων",
settings_subtitle_icons,,Icon animations and per-domain effects,Κινούμενα σχέδια εικονιδίων και εφέ ανά τομέα,
settings_subtitle_header,,Choose whether the dashboard header is shown,Επιλέξτε εάν θα εμφανίζεται η κεφαλίδα του πίνακα εργαλείων,
settings_subtitle_theme,,"Color, contrast, mode, and corner styling","Χρώμα, αντίθεση, λειτουργία και στυλ γωνίας",
settings_subtitle_fonts,,"Size, weight, and typeface readability","Αναγνωσιμότητα μεγέθους, βάρους και γραμματοσειράς",
settings_subtitle_nav_bar,,Choose which destinations are always within reach,Επιλέξτε ποιοι προορισμοί είναι πάντα προσβάσιμοι,
settings_subtitle_media_players,,Names and mini-player visibility,Ονόματα και ορατότητα mini-player,
settings_subtitle_notifications,,"Push delivery, history, and service behavior","Παροχή ώθησης, ιστορικό και συμπεριφορά εξυπηρέτησης",
settings_subtitle_backup_restore,,Protect or move your dashboard configuration,Προστατέψτε ή μετακινήστε τη διαμόρφωση του πίνακα εργαλείων σας,
settings_subtitle_family_sharing,,"Parental controls, dashboard sharing, and recipient permissions","Γονικοί έλεγχοι, κοινή χρήση πίνακα εργαλείων και δικαιώματα παραλήπτη",
settings_subtitle_about,,"The project, technology, and people behind HKI 7","Το έργο, η τεχνολογία και οι άνθρωποι πίσω από HKI 7",don't translate HKI 7
settings_subtitle_license,,Open-source community core and optional premium materials,Πυρήνας κοινότητας ανοιχτού κώδικα και προαιρετικά υλικά υψηλής ποιότητας,
settings_subtitle_support,,Ways to help HKI 7 grow without buying Premium,Τρόποι για να βοηθήσετε το HKI 7 να αναπτυχθεί χωρίς να αγοράσετε Premium,don't translate HKI 7
notification_channel_general,,General,Γενικός,
location_channel_name,,Location sharing,Κοινή χρήση τοποθεσίας,
location_notification_title,,Home Assistant location,Home Assistant τοποθεσία,don't translate Home Assistant
location_notification_text,,Sharing your location with Home Assistant,Κοινή χρήση της τοποθεσίας σας με Home Assistant,don't translate Home Assistant
push_connection_channel_name,,Notification connection,Σύνδεση ειδοποίησης,
push_connection_notification_title,,Connected to Home Assistant,Συνδέθηκε στο Home Assistant,don't translate Home Assistant
push_connection_notification_text,,Listening for notifications,Ακρόαση για ειδοποιήσεις,
parcel_title,,Parcels,Δέματα,
parcel_generic_carrier,,Carrier,Φορέας,
parcel_incoming,,Incoming,Εισερχόμενος,
parcel_delivered,,Delivered,Παραδόθηκε,
parcel_outgoing,,Outgoing,Εξερχόμενος,
parcel_letters,,Letters,Γράμματα,
parcel_mail,,Mail,Ταχυδρομείο,
parcel_summary,,%1$d incoming · %2$d outgoing,%1$d εισερχόμενη · %2$d εξερχόμενη,app fills in %1$d %2$d — keep them
parcel_summary_with_letters,,%1$d incoming · %2$d outgoing · %3$d letters,%1$d εισερχόμενα · %2$d εξερχόμενα · %3$d γράμματα,app fills in %1$d %2$d %3$d — keep them
parcel_carrier_summary_with_letters,,%1$d incoming · %2$d outgoing · %3$d letters,%1$d εισερχόμενα · %2$d εξερχόμενα · %3$d γράμματα,app fills in %1$d %2$d %3$d — keep them
parcel_summary_with_letter_count,,%1$d incoming · %2$d outgoing · %3$s,%1$d εισερχόμενη · %2$d εξερχόμενη · %3$s,app fills in %1$d %2$d %3$s — keep them
parcel_tracking_history,,Tracking history,Ιστορικό παρακολούθησης,
parcel_tracking_history_subtitle,,Parcel journey and status updates,Ταξίδι δέματος και ενημερώσεις κατάστασης,
parcel_choose_carrier_account,,Choose a carrier account,Επιλέξτε έναν λογαριασμό εταιρείας κινητής τηλεφωνίας,
parcel_empty_tab,,No %1$s parcels.,Όχι %1$s δέματα.,app fills in %1$s — keep them
parcel_no_incoming,,No incoming parcels.,Δεν υπάρχουν εισερχόμενα δέματα.,
parcel_no_delivered,,No delivered parcels.,Δεν παραδόθηκαν δέματα.,
parcel_no_outgoing,,No outgoing parcels.,Χωρίς εξερχόμενα δέματα.,
parcel_stage_registered,,Registered,Εγγεγραμμένος,
parcel_stage_sorting,,Sorting,Ταξινόμηση,
parcel_stage_on_the_way,,On the way,Στο δρόμο,
parcel_unknown_status,,Unknown status,Άγνωστη κατάσταση,
parcel_status_in_transit,,In transit,Κατά τη μεταφορά,
parcel_status_out_for_delivery,,Out for delivery,Έξω για παράδοση,
parcel_status_at_pickup_point,,Ready at pickup point,Έτοιμο στο σημείο παραλαβής,
parcel_status_ready_to_send,,Ready to send,Έτοιμο για αποστολή,
parcel_letter_preview,,Letter preview,Προεπισκόπηση επιστολής,
parcel_carriers,,Carriers,Μεταφορείς,
parcel_track_new,,Track a new %1$s parcel by number,Παρακολουθήστε ένα νέο %1$s δέμα κατά αριθμό,app fills in %1$s — keep them
parcel_choose_carrier,,Choose a carrier,Επιλέξτε έναν μεταφορέα,
parcel_settings_subtitle,,"Carrier accounts, aggregation, and appearance","Λογαριασμοί παρόχου, συγκέντρωση και εμφάνιση",
parcel_settings_accounts,,Accounts,Λογαριασμοί,
parcel_settings_organization,,Organization,Οργάνωση,
parcel_settings_appearance,,Appearance,Εμφάνιση,
action_remove,,Remove,Αφαιρώ,
notification_delete,,Delete notification,Διαγραφή ειδοποίησης,
notification_mark_all_read,,Mark all as read,Επισήμανση όλων ως αναγνωσμένων,
notification_mark_all_unread,,Mark all as unread,Επισήμανση όλων ως μη αναγνωσμένων,
notification_delete_all,,Delete all,Διαγραφή όλων,
notification_delete_all_archived,,Delete all archived,Διαγραφή όλων των αρχειοθετημένων,
notification_unread,,Unread,Αδιάβαστος,
notification_history,,History,Ιστορία,
notification_mark_unread,,Mark as unread,Επισήμανση ως μη αναγνωσμένου,
notification_mark_read,,Mark as read,Επισήμανση ως αναγνωσμένου,
notification_archive,,Archive,Αρχείο,
notification_unarchive,,Unarchive,Κατάργηση αρχειοθέτησης,
notification_delete_action,,Delete,Διαγράφω,
entity_search_select_items,,Select items,Επιλέξτε στοιχεία,
entity_search_choose_one,,Search and choose one entity,Αναζητήστε και επιλέξτε μία οντότητα,
entity_search_choose_multiple,,Search and select one or more entities,Αναζητήστε και επιλέξτε μία ή περισσότερες οντότητες,
global_search_title,,Search,Ερευνα,
global_search_subtitle,,Find and control any Home Assistant device or entity,Βρείτε και ελέγξτε οποιαδήποτε Home Assistant συσκευή ή οντότητα,don't translate Home Assistant
global_search_clear,,Clear search,Εκκαθάριση αναζήτησης,
global_search_no_devices,,No matching devices.,Δεν υπάρχουν συσκευές που να ταιριάζουν.,
global_search_no_entities,,No matching entities.,Δεν υπάρχουν αντίστοιχες οντότητες.,
security_title,,Security,Ασφάλεια,
security_subtitle,,Home status and activity,Κατάσταση και δραστηριότητα στο σπίτι,
security_settings,,Security settings,Ρυθμίσεις ασφαλείας,
security_entities,,Security entities,Φορείς ασφαλείας,
security_reimport,,Re-import,Εισάγω πάλι,
security_group_doors,,Doors,Πόρτες,
security_group_doors_subtitle,,Door contacts,Επαφές πόρτας,
security_group_windows,,Windows,Windows,
security_group_windows_subtitle,,Window contacts,Επαφές παραθύρου,
security_group_openings,,Openings,Ανοίγματα,
security_group_openings_subtitle,,Garage doors and other openings,Γκαραζόπορτες και άλλα ανοίγματα,
security_group_garage_doors,,Garage doors,Γκαραζόπορτες,
security_group_garage_doors_subtitle,,Garage door covers,Καλύμματα γκαραζόπορτας,
security_group_covers,,Covers,Εξώφυλλα,
security_group_covers_subtitle,,"Blinds, shutters, and gates","Περσίδες, παντζούρια και πύλες",
security_group_locks,,Locks,Κλειδαριές,
security_group_locks_subtitle,,Door and gate locks,Κλειδαριές πορτών και πυλών,
security_group_motion,,Motion,Κίνηση,
security_group_motion_subtitle,,Motion detection,Ανίχνευση κίνησης,
security_group_presence,,Presence,Παρουσία,
security_group_presence_subtitle,,Occupancy sensors,Αισθητήρες πληρότητας,
security_group_fire,,Fire and temperature,Φωτιά και θερμοκρασία,
security_group_fire_subtitle,,"Fire, heat, cold, and safety alarms","Συναγερμοί πυρκαγιάς, ζέστης, κρύου και ασφάλειας",
security_group_smoke,,Smoke,Καπνός,
security_group_smoke_subtitle,,Smoke detectors,Ανιχνευτές καπνού,
security_group_gas,,Gas,Αέριο,
security_group_gas_subtitle,,Combustible gas sensors,Αισθητήρες καύσιμων αερίων,
security_group_co2,,CO / CO₂,CO / CO₂,
security_group_co2_subtitle,,Carbon monoxide and carbon dioxide sensors,Αισθητήρες μονοξειδίου του άνθρακα και διοξειδίου του άνθρακα,
security_group_moisture,,Leaks,Διαρροές,
security_group_moisture_subtitle,,Moisture and water leaks,Διαρροή υγρασίας και νερού,
security_group_sound,,Sound,Ήχος,
security_group_sound_subtitle,,Sound and glass-break sensors,Αισθητήρες ήχου και θραύσης γυαλιού,
security_group_light,,Light detection,Ανίχνευση φωτός,
security_group_light_subtitle,,Light and beam sensors,Αισθητήρες φωτός και δέσμης,
security_group_alarms,,Alarm systems,Συστήματα συναγερμού,
security_group_alarms_subtitle,,Alarm control panels,Πίνακες ελέγχου συναγερμού,
security_group_cameras,,Cameras,Κάμερες,
security_group_cameras_subtitle,,Camera feeds,Τροφοδοσίες κάμερας,
security_no_search_active,,No search active · %1$s,Δεν υπάρχει ενεργή αναζήτηση · %1$s,app fills in %1$s — keep them
security_status_alert,,Security alert,Ειδοποίηση ασφαλείας,
security_status_alarm_pending,,Alarm pending,Συναγερμός σε εκκρεμότητα,
security_status_changing_alarm,,Changing alarm mode,Αλλαγή λειτουργίας συναγερμού,
security_status_needs_attention,,Needs attention,Χρειάζεται προσοχή,
security_status_motion,,Motion detected,Εντοπίστηκε κίνηση,
security_status_sensor_activity,,Sensor activity,Δραστηριότητα αισθητήρα,
security_status_alarm_unavailable,,Alarm unavailable,Ο συναγερμός δεν είναι διαθέσιμος,
security_status_devices_unavailable,,Devices unavailable,Μη διαθέσιμες συσκευές,
security_status_cameras_offline,,Cameras offline,Κάμερες εκτός σύνδεσης,
security_status_all_secure,,All secure,Όλα ασφαλή,
security_status_alarm_disarmed,,Alarm disarmed,Ο συναγερμός αφοπλίστηκε,
security_status_all_clear,,All clear,Ορίζοντας είναι σαφής,
security_status_no_data,,No security data,Δεν υπάρχουν δεδομένα ασφαλείας,
security_metric_openings,,Openings,Ανοίγματα,
security_metric_locked,,Locked,Κλειδωμένο,
security_metric_cameras_online,,Cameras online,Κάμερες σε απευθείας σύνδεση,
security_card_title,,Security card,Κάρτα ασφαλείας,
security_card_subtitle,,"Name, layout, and card appearance","Όνομα, διάταξη και εμφάνιση κάρτας",
security_stat_total,,Total,Σύνολο,
security_stat_active,,Active,Ενεργός,
security_stat_clear,,Clear,Σαφής,
security_cover_open,,Open,Ανοιχτό,
security_cover_stop,,Stop,Στάση,
security_cover_close,,Close,Κοντά,
security_restore,,Restore,Επαναφέρω,
security_empty,,This is an empty security view. Swipe down on the header and open Security settings to add entities manually.,Αυτή είναι μια κενή προβολή ασφαλείας. Σύρετε προς τα κάτω στην κεφαλίδα και ανοίξτε τις Ρυθμίσεις ασφαλείας για να προσθέσετε οντότητες με μη αυτόματο τρόπο.,
connection_stopping_for_restart,,Stopping for restart…,Διακοπή για επανεκκίνηση…,
connection_starting,,Home Assistant is starting…,Το Home Assistant ξεκινά…,don't translate Home Assistant
connection_restoring_dashboard,,Restoring your dashboard…,Επαναφορά του πίνακα ελέγχου σας…,
connection_restarting,,Home Assistant is restarting…,Το Home Assistant κάνει επανεκκίνηση…,don't translate Home Assistant
connection_auto_generating,,Auto-generating rooms and widgets…,Αυτόματη δημιουργία δωματίων και γραφικών στοιχείων…,
connection_reconnecting,,Reconnecting to Home Assistant…,Επανασύνδεση στο Home Assistant…,don't translate Home Assistant
connection_unavailable_retrying,,Unavailable · Retrying…,Μη διαθέσιμο · Επανάληψη…,
connection_paused,,Connection paused,Η σύνδεση διακόπηκε,
connection_connected,,Connected,Συνδεδεμένος,
connection_server_not_found,,Server address could not be found,Δεν ήταν δυνατή η εύρεση της διεύθυνσης διακομιστή,
connection_timed_out,,Connection timed out,Το χρονικό όριο της σύνδεσης έληξε,
connection_no_route,,No network route to Home Assistant,Καμία διαδρομή δικτύου προς Home Assistant,don't translate Home Assistant
connection_could_not_connect,,Could not connect to Home Assistant,Δεν ήταν δυνατή η σύνδεση στο Home Assistant,don't translate Home Assistant
connection_secure_failed,,Secure connection failed,Η ασφαλής σύνδεση απέτυχε,
connection_session_expired_refreshing,,Session expired · Refreshing login…,Η συνεδρία έληξε · Ανανέωση σύνδεσης…,
connection_interrupted,,Connection was interrupted,Η σύνδεση διακόπηκε,
connection_error_title,,Connection error,Σφάλμα σύνδεσης,
connection_all_systems_normal,,All systems normal,Όλα τα συστήματα κανονικά,
action_undo,,Undo,Ξεκάνω,
action_redo,,Redo,Ξανακάνω,
connection_route_local,,Local,Τοπικός,
connection_route_nabu_casa,,Nabu Casa,Nabu Casa,don't translate Nabu Casa
connection_route_external,,External,Εξωτερικός,
settings_connection_via,,Connected via %1$s,Συνδέθηκε μέσω %1$s,app fills in %1$s — keep them
settings_connection_unknown,,Unknown,Αγνωστος,
settings_connection_connecting,,Connecting…,Συνδετικός…,
settings_this_home,,this home,αυτό το σπίτι,
settings_local_network_allowed,,Allowed,Επιτρέπεται,
settings_local_network_not_allowed,,Not allowed — Home Assistant cannot be reached directly on your Wi-Fi,Δεν επιτρέπεται — το Home Assistant δεν είναι προσβάσιμο απευθείας στο Wi-Fi σας,don't translate Home Assistant
settings_current_wifi,,Current Wi-Fi,Τρέχον Wi-Fi,
settings_wifi_unavailable,,Not connected or location permission is missing,Δεν είναι συνδεδεμένο ή λείπει η άδεια τοποθεσίας,
settings_just_now,,just now,μόλις τώρα,
settings_primary_app_language,,Primary application language,Κύρια γλώσσα εφαρμογής,
settings_android_build_configuration,,Android resources and build configuration,Πόροι Android και διαμόρφωση κατασκευής,
page_settings_default_title,,Page settings,Ρυθμίσεις σελίδας,
page_settings_choose_area,,Choose an area to configure,Επιλέξτε μια περιοχή για διαμόρφωση,
page_settings_focused_options,,Focused options for this page area,Επικεντρωμένες επιλογές για αυτήν την περιοχή σελίδας,
page_settings_header_description,,Wallpaper and custom header color,Ταπετσαρία και προσαρμοσμένο χρώμα κεφαλίδας,
page_settings_custom_page_description,,"Name, subtitle, and navigation icon","Όνομα, υπότιτλος και εικονίδιο πλοήγησης",
page_settings_badge_bar,,Badge bar,Μπάρα σήματος,
page_settings_badge_description,,"Visibility, alignment, and display options","Επιλογές ορατότητας, ευθυγράμμισης και εμφάνισης",
page_settings_persons,,Persons,Πρόσωπα,
page_settings_persons_description,,Visibility and ordering,Ορατότητα και παραγγελία,
page_settings_configure,,Configure,Διαμόρφωση,
room_config_title,,Room configuration,Διαμόρφωση δωματίου,
header_pill_left,,Left header pill,Χάπι αριστερής κεφαλίδας,
header_pill_right,,Right header pill,Χάπι δεξιάς κεφαλίδας,
alignment_split,,Split,Σπλιτ,
alignment_center,,Center,Κέντρο,
weather_cloudy,,Cloudy,Νεφελώδης,
home_default_markdown_content,,# Markdown\nOpen this widget's settings in **edit mode** to write your own content.,# Markdown\nΑνοίξτε τις ρυθμίσεις αυτού του γραφικού στοιχείου σε **λειτουργία επεξεργασίας** για να γράψετε το δικό σας περιεχόμενο.,\n = line break
home_settings_title,,Home settings,Ρυθμίσεις σπιτιού,
custom_page_settings_title,,%1$s settings,ρυθμίσεις %1$s,app fills in %1$s — keep them
home_empty,,This is the homepage. Add widgets by swiping down on the header and enabling edit mode.,Αυτή είναι η αρχική σελίδα. Προσθέστε γραφικά στοιχεία σύροντας προς τα κάτω στην κεφαλίδα και ενεργοποιώντας τη λειτουργία επεξεργασίας.,
custom_page_empty,,This page is empty. Add widgets by swiping down on the header and enabling edit mode.,Αυτή η σελίδα είναι άδεια. Προσθέστε γραφικά στοιχεία σύροντας προς τα κάτω στην κεφαλίδα και ενεργοποιώντας τη λειτουργία επεξεργασίας.,
select_camera_title,,Select camera,Επιλέξτε κάμερα,
select_entity_title,,Select entity,Επιλέξτε οντότητα,
custom_camera_default_name,,Custom camera,Προσαρμοσμένη κάμερα,
rooms_settings_title,,Rooms settings,Ρυθμίσεις δωματίων,
rooms_empty,,The rooms view is empty. Swipe down on the header and enable edit mode to add floors and rooms.,Η θέα των δωματίων είναι άδεια. Σύρετε προς τα κάτω στην κεφαλίδα και ενεργοποιήστε τη λειτουργία επεξεργασίας για να προσθέσετε ορόφους και δωμάτια.,
floor_expand,,Expand floor,Επεκτείνετε το δάπεδο,
floor_collapse,,Collapse floor,Κατάρρευση δαπέδου,
floor_settings_title,,Floor,Πάτωμα,
floor_settings_subtitle,,"Identity, layout, and card style","Ταυτότητα, διάταξη και στυλ κάρτας",
universal_effects,,Effects,Υπάρχοντα,
universal_open_door,,Open door,Ανοιχτή πόρτα,
universal_vacuum_dock,,Dock,Προκυμαία,
universal_start,,Start,Αρχή,
universal_pause,,Pause,Παύση,
universal_stop,,Stop,Στάση,
universal_locate,,Locate,Εγκατάσταση,
universal_room_number,,Room %1$d,Δωμάτιο %1$d,app fills in %1$d — keep them
core_optional_display_name,,Optional display name override,Προαιρετική παράκαμψη εμφανιζόμενου ονόματος,
core_media_paused_track,,Paused: %1$s,Σε παύση: %1$s,app fills in %1$s — keep them
core_percent_value,,%1$d percent,%1$d τοις εκατό,app fills in %1$d — keep them
core_current_humidity,,Current humidity,Τρέχουσα υγρασία,
core_tank_water_level,,Tank / water level,Δεξαμενή / στάθμη νερού,
core_pm25,,PM2.5,"PM2,5",
core_error_code,,Error code,Κωδικός σφάλματος,
core_bucket_full,,Bucket full,Ο κουβάς γεμάτος,
core_clean_filter,,Clean filter,Καθαρίστε το φίλτρο,
core_ionizer,,Ionizer,Ιονιστής,
core_pump,,Pump,Αντλία,
core_beep_on_command,,Beep on command,Μπιπ κατόπιν εντολής,
core_dawn,,Dawn,Αυγή,
core_solar_noon,,Solar noon,Ηλιακό μεσημέρι,
core_dusk,,Dusk,Σούρουπο,
core_icon_category_common,,Common,Κοινός,
core_icon_category_home,,Home,Σπίτι,
core_icon_category_weather,,Weather,Καιρός,
core_icon_category_lock,,Lock,Κλειδαριά,
core_icon_category_people,,People,Ανθρωποι,
core_icon_category_auto,,Automotive,Αυτοκίνητο,
core_icon_category_music,,Music,Μουσική,
core_icon_category_battery,,Battery,Μπαταρία,
core_icon_category_nature,,Nature,Φύση,
core_icon_category_places,,Places,Μέρη,
core_icon_category_food,,Food,Τροφή,
core_icon_category_navigation,,Navigation,Πλοήγηση,
core_icon_category_devices,,Devices,Συσκευές,
core_icon_category_map,,Map,Χάρτης,
core_icon_category_media,,Media,Μέσα ενημέρωσης,
core_icon_category_communication,,Communication,Ανακοίνωση,
core_icon_category_health,,Health,Υγεία,
core_icon_category_vehicles,,Vehicles,Οχήματα,
core_icon_category_buildings,,Buildings,Κτίρια,
core_icon_category_electrical,,Electrical,Ηλεκτρικός,
core_icon_category_sport,,Sport,Αθλημα,
core_icon_category_objects,,Objects,Αντικείμενα,
core_icon_category_commerce,,Commerce,Εμπόριο,
core_icon_category_games,,Games,Παιχνίδια,
core_icon_category_finance,,Finance,Οικονομικά,
background_notification_channel_general,,General,Γενικός,
background_location_channel_name,,Location sharing,Κοινή χρήση τοποθεσίας,
background_location_channel_description,,Keeps your device location up to date in Home Assistant,Διατηρεί την τοποθεσία της συσκευής σας ενημερωμένη στο Home Assistant,don't translate Home Assistant
background_location_notification_title,,Home Assistant location sharing,Home Assistant κοινή χρήση τοποθεσίας,don't translate Home Assistant
background_location_notification_text,,Sharing your location with Home Assistant,Κοινή χρήση της τοποθεσίας σας με Home Assistant,don't translate Home Assistant
background_push_channel_name,,Notification connection,Σύνδεση ειδοποίησης,
background_push_channel_description,,Keeps a background connection to Home Assistant for instant notifications,Διατηρεί μια σύνδεση στο παρασκήνιο με Home Assistant για άμεσες ειδοποιήσεις,don't translate Home Assistant
background_push_notification_title,,Connected to Home Assistant,Συνδέθηκε στο Home Assistant,don't translate Home Assistant
background_push_notification_text,,Waiting for notifications,Αναμονή για ειδοποιήσεις,
background_push_hide_action,,Hide this notification,Απόκρυψη αυτής της ειδοποίησης,
button_style_centered,,Centered,Κέντρο,
button_elements,,Elements,Στοιχεία,
button_elements_description,,What appears on this button. Hide the name and state for an icon on its own.,Τι εμφανίζεται σε αυτό το κουμπί. Απόκρυψη του ονόματος και της κατάστασης για ένα εικονίδιο από μόνο του.,
stack_elements_title,,Elements on every button in this stack,Στοιχεία σε κάθε κουμπί αυτής της στοίβας,
stack_elements_description,,"These apply to the whole stack, not to one button. Turning something off here hides it on every button in the stack; leaving it on lets each button decide for itself in its own settings.","Αυτά ισχύουν για ολόκληρη τη στοίβα, όχι για ένα κουμπί. Η απενεργοποίηση κάτι εδώ το κρύβει σε κάθε κουμπί στη στοίβα. αφήνοντάς το ενεργοποιημένο επιτρέπει σε κάθε κουμπί να αποφασίζει μόνο του στις δικές του ρυθμίσεις.",
button_element_icon,,Icon,Εικόνισμα,
button_element_name,,Name,Ονομα,
button_element_state,,State,Κατάσταση,
stack_show_title,,Show name,Εμφάνιση ονόματος,
stack_show_title_description,,Turn off for a stack with no heading at all.,Απενεργοποιήστε για μια στοίβα χωρίς καμία επικεφαλίδα.,
stack_show_icon,,Show icon,Εμφάνιση εικονιδίου,
stack_show_icon_description,,The icon beside the heading.,Το εικονίδιο δίπλα στην επικεφαλίδα.,
stack_center_title,,Center the heading,Κεντράρετε την επικεφαλίδα,
stack_center_title_description,,Puts the icon and name in the middle instead of against the left edge.,Τοποθετεί το εικονίδιο και το όνομα στη μέση αντί στο αριστερό άκρο.,
cr_state_on,,On,Επί,
cr_state_off,,Off,Μακριά από,
cr_open,,Open,Ανοιχτό,
cr_close,,Close,Κοντά,
cr_stop,,Stop,Στάση,
cr_closed,,Closed,Κλειστό,
cr_opening,,Opening,Ανοιγμα,
cr_closing,,Closing,Κλείσιμο,
cr_locked,,Locked,Κλειδωμένο,
cr_unlocked,,Unlocked,Ακλείδωτος,
cr_unavailable,,Unavailable,Δυσεύρετος,
cr_unknown,,Unknown,Αγνωστος,
cr_idle,,Idle,Αεργος,
cr_home,,Home,Σπίτι,
cr_away,,Away,Μακριά,
cr_cleaning,,Cleaning,Καθάρισμα,
cr_returning,,Returning,Επιστρέφοντας,
cr_paused,,Paused,Σε παύση,
cr_error,,Error,Σφάλμα,
cr_playing,,Playing,Παιχνίδι,
cr_buffering,,Buffering,Προσωρινή αποθήκευση,
cr_standby,,Standby,Αναμονή,
cr_humidifying,,Humidifying,Υγραντικό,
cr_drying,,Drying,Ξήρανση,
cr_detected,,Detected,Εντοπίστηκε,
cr_clear,,Clear,Σαφής,
cr_problem,,Problem,Πρόβλημα,
cr_ok,,OK,ΕΝΤΑΞΕΙ,
cr_low,,Low,Χαμηλός,
cr_normal,,Normal,Κανονικός,
cr_connected,,Connected,Συνδεδεμένος,
cr_disconnected,,Disconnected,Ασύνδετος,
cr_plugged_in,,Plugged in,Συνδεδεμένο στην πρίζα,
cr_unplugged,,Unplugged,Αποσυνδεδεμένο,
cr_wet,,Wet,Υγρός,
cr_dry,,Dry,Ξηρός,
cr_none,,None,Κανένας,
cr_any,,Any,Κάθε,
cr_remove,,Remove,Αφαιρώ,
cr_restore,,Restore,Επαναφέρω,
cr_general,,General,Γενικός,
cr_identity,,Identity,Ταυτότητα,
cr_appearance,,Appearance,Εμφάνιση,
cr_layout,,Layout,Σχέδιο,
cr_behavior,,Behavior,Συμπεριφορά,
cr_profiles,,Profiles,Προφίλ,
cr_playback,,Playback,Αναπαραγωγή,
cr_content,,Content,Περιεχόμενο,
cr_actions,,Actions,Δράσεις,
cr_protection,,Protection,Προστασία,
cr_power,,Power,Εξουσία,
cr_brightness,,Brightness,Λάμψη,
cr_temperature,,Temperature,Θερμοκρασία,
cr_color,,Color,Χρώμα,
cr_min,,Min,Ελάχ,
cr_avg,,Avg,Μέσος όρος,
cr_max,,Max,Μέγ,
cr_now,,Now,Τώρα,
cr_lowest,,Lowest,Κατώτατος,
cr_average,,Average,Μέσος,
cr_highest,,Highest,Υψιστος,
cr_live,,Live,Ζω,
cr_once,,Once,Μια φορά,
cr_daily,,Daily,Καθημερινά,
cr_weekly,,Weekly,Εβδομαδιαίος,
cr_monthly,,Monthly,Μηνιαίος,
cr_yearly,,Yearly,Ετήσια,
cr_action_tap,,Tap,Παρακέντηση,
cr_action_double_tap,,Double tap,Διπλό πάτημα,
cr_action_hold,,Hold,Αμπάρι,
cr_mode,,Mode,Τρόπος,
cr_mode_auto,,Auto,Αυτο,
cr_mode_heat,,Heat,Θερμότητα,
cr_mode_cool,,Cool,Δροσερός,
cr_mode_heat_cool,,Heat/cool,Θέρμανση/ψύξη,
cr_mode_dry,,Dry,Ξηρός,
cr_mode_fan_only,,Fan only,Μόνο ανεμιστήρας,
cr_mode_low,,Low,Χαμηλός,
cr_mode_medium,,Medium,Μέσον,
cr_mode_high,,High,Ψηλά,
cr_mode_quiet,,Quiet,Ησυχία,
cr_mode_boost,,Boost,Ωθηση,
cr_mode_eco,,Eco,Eco,
cr_mode_sleep,,Sleep,Υπνος,
cr_mode_manual,,Manual,Εγχειρίδιο,
cr_mode_vertical,,Vertical,Κατακόρυφος,
cr_mode_horizontal,,Horizontal,Οριζόντιος,
cr_mode_both,,Both,Και οι δύο,
cr_mode_up,,Up,Επάνω,
cr_mode_down,,Down,Κάτω,
cr_mode_center,,Center,Κέντρο,
cr_mode_left,,Left,Αριστερά,
cr_mode_right,,Right,Δικαίωμα,
cr_climate_fan,,Fan,Ανεμιστήρας,
cr_climate_vertical_airflow,,Vertical airflow,Κάθετη ροή αέρα,
cr_climate_horizontal_airflow,,Horizontal airflow,Οριζόντια ροή αέρα,
cr_climate_preset,,Preset,Προκαθορισμένη,
cr_fan_speed,,Fan speed,Ταχύτητα ανεμιστήρα,
cr_speed,,Speed,Ταχύτητα,
cr_lower_target,,Lower target,Κάτω στόχος,
cr_raise_target,,Raise target,Αύξηση στόχου,
cr_climate_temperature,,Temperature,Θερμοκρασία,
cr_climate_all_temperature_sensors,,All temperature sensors,Όλοι οι αισθητήρες θερμοκρασίας,
cr_climate_outside,,Outside,Εκτός,
cr_climate_outside_summary,,"Outdoor temperature, humidity, and pressure","Εξωτερική θερμοκρασία, υγρασία και πίεση",
cr_climate_humidity,,Humidity,Υγρασία,
cr_climate_all_humidity_sensors,,All humidity sensors,Όλοι οι αισθητήρες υγρασίας,
cr_climate_air_pressure,,Air pressure,Πίεση αέρα,
cr_climate_all_pressure_sensors,,All air-pressure sensors,Όλοι οι αισθητήρες πίεσης αέρα,
cr_climate_co2,,CO₂,CO₂,
cr_climate_carbon_dioxide_sensors,,Carbon-dioxide sensors,Αισθητήρες διοξειδίου του άνθρακα,
cr_climate_air_quality,,Air quality,Ποιότητα αέρα,
cr_climate_air_quality_summary,,"Particulates, AQI, VOCs, and gases","Σωματίδια, AQI, VOCs και αέρια",
cr_climate_entities,,Climate entities,Κλιματικές οντότητες,
cr_climate_settings,,Climate settings,Ρυθμίσεις κλίματος,
cr_empty_climate_view,,No climate data is available yet.,Δεν υπάρχουν ακόμη διαθέσιμα δεδομένα για το κλίμα.,
cr_climate_fans,,Fans,Θαυμαστές,
cr_climate_air_purifiers,,Air purifiers,Καθαριστές αέρα,
cr_climate_humidifiers,,Humidifiers,Υγραντήρες,
cr_temperature_sensors,,Temperature sensors,Αισθητήρες θερμοκρασίας,
cr_devices_active,,Devices active,Συσκευές ενεργές,
cr_active_of_total,,%1$d of %2$d active,%1$d από %2$d ενεργό,app fills in %1$d %2$d — keep them
cr_no_search_active,,No active search · %1$s,Καμία ενεργή αναζήτηση · %1$s,app fills in %1$s — keep them
cr_collapse_search,,Collapse search,Σύμπτυξη αναζήτησης,
cr_expand_search,,Expand search,Αναπτύξτε την αναζήτηση,
cr_custom_order,,Custom order,Προσαρμοσμένη παραγγελία,
cr_name_a_z,,Name A–Z,Όνομα Α–Ζ,
cr_name_z_a,,Name Z–A,Όνομα Ζ–Α,
cr_climate_device,,Climate device,Συσκευή για το κλίμα,
cr_climate_device_subtitle,,"Name, icon, card style, and width","Όνομα, εικονίδιο, στυλ κάρτας και πλάτος",
cr_widget_requires_f1,,"Needs the F1 Sensor integration, which was not found on your Home Assistant","Χρειάζεται ενσωμάτωση αισθητήρα F1, η οποία δεν βρέθηκε στο Home Assistant σας",don't translate Home Assistant
cr_widget_requires_parcels,,"Needs a parcel integration, and none was found on your Home Assistant",Χρειάζεται ενσωμάτωση δέματος και δεν βρέθηκε κανένα στο Home Assistant σας,don't translate Home Assistant
cr_widget_requires_waste,,"Needs a waste collection integration, and none was found on your Home Assistant",Χρειάζεται ενσωμάτωση συλλογής απορριμμάτων και δεν βρέθηκε κανένα στο Home Assistant σας,don't translate Home Assistant
cr_people_here_title,,Who is here,Ποιος είναι εδώ,
cr_people_here_empty,,Nobody is being tracked in this room right now.,Κανείς δεν παρακολουθείται σε αυτό το δωμάτιο αυτήν τη στιγμή.,
cr_people_here_unknown_room,,Room unknown,Το δωμάτιο άγνωστο,
cr_button_exclude_counters,,Leave out of counters,Αφήστε εκτός γκισέ,
cr_button_exclude_counters_hint,,"Keep the button, but stop it counting towards this room’s Lights and Devices totals","Κρατήστε το κουμπί, αλλά σταματήστε να μετράει στα σύνολα των Φώτων και των Συσκευών αυτού του δωματίου",
cr_count_with_average,,%1$s · avg %2$s%3$s,%1$s · μέσος όρος %2$s%3$s,app fills in %1$s %2$s %3$s — keep them
cr_outside_temperature,,Outside temperature,Εξωτερική θερμοκρασία,
cr_outside_humidity,,Outside humidity,Εξωτερική υγρασία,
cr_outside_pressure,,Outside pressure,Εξωτερική πίεση,
cr_outside_air_pressure,,Outside air pressure,Εξωτερική πίεση αέρα,
cr_no_sensors_found_for,,No %1$s sensors found.,Δεν βρέθηκαν αισθητήρες %1$s.,app fills in %1$s — keep them
cr_climate_control,,Climate control,Έλεγχος του κλίματος,
cr_thermostat_dial,,Thermostat dial,Διακόπτης θερμοστάτη,
cr_width_third,,Third,Τρίτος,
cr_width_half,,Half,Ήμισυ,
cr_width_full,,Full,Γεμάτος,
cr_select_item,,Select %1$s,Επιλέξτε %1$s,app fills in %1$s — keep them
cr_set_outdoor_sensors,,"Set outdoor temperature, humidity, and pressure","Ρυθμίστε την εξωτερική θερμοκρασία, υγρασία και πίεση",
cr_auto_discovered_device_class,,Discovered automatically by device class,Ανακαλύφθηκε αυτόματα ανά κατηγορία συσκευής,
cr_auto_discovered_climate_devices,,Climate devices discovered automatically,Οι συσκευές κλιματισμού ανακαλύφθηκαν αυτόματα,
cr_pick_fan_entities_as_purifiers,,Choose fan entities to use as air purifiers,Επιλέξτε οντότητες ανεμιστήρων για χρήση ως καθαριστές αέρα,
cr_auto_discovered_humidifier_devices,,Humidifier devices discovered automatically,Οι συσκευές υγραντήρα ανακαλύφθηκαν αυτόματα,
cr_removed_entities,,Removed entities,Καταργήθηκαν οντότητες,
cr_entities_removed_edit_mode,,Entities removed in edit mode,Οι οντότητες καταργήθηκαν σε λειτουργία επεξεργασίας,
cr_card_indoor_climate_overview,,Indoor climate overview,Επισκόπηση κλίματος εσωτερικού χώρου,
cr_card_sensor_device_tiles,,Sensor and device tiles,Πλακάκια αισθητήρα και συσκευής,
cr_card_thermostats_ac,,Thermostats and AC,Θερμοστάτες και AC,
cr_card_temperature_summary,,Temperature summary,Περίληψη θερμοκρασίας,
cr_card_humidity_summary,,Humidity summary,Περίληψη υγρασίας,
cr_card_air_pressure_summary,,Air-pressure summary,Περίληψη πίεσης αέρα,
cr_card_co2_summary,,CO₂ summary,Περίληψη CO₂,
cr_card_air_quality_summary,,Air-quality summary,Περίληψη ποιότητας αέρα,
cr_category_overview,,Overview,Επισκόπηση,
cr_category_devices,,Devices,Συσκευές,
cr_category_sensors,,Sensors,Αισθητήρες,
cr_no_climate_sensors_devices,,No climate sensors or devices found.,Δεν βρέθηκαν αισθητήρες ή συσκευές κλιματισμού.,
cr_no_climate_devices,,No climate devices found. Thermostats and AC units from Home Assistant appear here automatically.,Δεν βρέθηκαν κλιματικές συσκευές. Οι θερμοστάτες και οι μονάδες AC από Home Assistant εμφανίζονται αυτόματα εδώ.,don't translate Home Assistant
cr_no_fans,,No fans found. Fan entities from Home Assistant appear here automatically.,Δεν βρέθηκαν οπαδοί. Οι οντότητες θαυμαστών από Home Assistant εμφανίζονται αυτόματα εδώ.,don't translate Home Assistant
cr_no_air_purifiers,,No air purifiers configured. Choose fan entities under Climate settings → Climate entities → Air purifiers.,Δεν έχουν διαμορφωθεί συσκευές καθαρισμού αέρα. Επιλέξτε οντότητες ανεμιστήρων στην περιοχή Ρυθμίσεις κλίματος → Κλιματικές οντότητες → Καθαριστές αέρα.,
cr_no_humidifiers,,No humidifiers found. Humidifier entities from Home Assistant appear here automatically.,Δεν βρέθηκαν υγραντήρες. Οι οντότητες υγραντήρα από Home Assistant εμφανίζονται αυτόματα εδώ.,don't translate Home Assistant
cr_unknown_climate_card,,Unknown climate card: %1$s,Άγνωστη κλιματική κάρτα: %1$s,app fills in %1$s — keep them
cr_select_climate_cards,,Select climate cards,Επιλέξτε κλιματικές κάρτες,
cr_entities_for,,%1$s entities,%1$s οντότητες,app fills in %1$s — keep them
cr_climate_card,,Climate card,Κάρτα για το κλίμα,
cr_climate_card_dialog_subtitle,,Data sources and card appearance,Πηγές δεδομένων και εμφάνιση κάρτας,
cr_card_and_data,,Card and data,Κάρτα και δεδομένα,
cr_climate_stack,,Climate stack,Κλιματική στοίβα,
cr_climate_stack_dialog_subtitle,,"Cards, data sources, and layout","Κάρτες, πηγές δεδομένων και διάταξη",
cr_cards_and_data,,Cards and data,Κάρτες και δεδομένα,
cr_sensor_count,one,%d sensor,%d αισθητήρας,app fills in %d — keep them
cr_sensor_count,other,%d sensors,%d αισθητήρες,app fills in %d — keep them
cr_device_count_on,one,%1$d device · %2$d on,%1$d συσκευή · %2$d ενεργοποιημένη,app fills in %1$d %2$d — keep them
cr_device_count_on,other,%1$d devices · %2$d on,%1$d συσκευές · %2$d ενεργοποιημένη,app fills in %1$d %2$d — keep them
cr_outside_sensors_set,one,%d outside sensor set,%d σύνολο εξωτερικών αισθητήρων,app fills in %d — keep them
cr_outside_sensors_set,other,%d outside sensors set,Ορίστηκαν %d εξωτερικοί αισθητήρες,app fills in %d — keep them
cr_auto_plus_manual,one,Automatic + %d manual,Αυτόματο + %d χειροκίνητο,app fills in %d — keep them
cr_auto_plus_manual,other,Automatic + %d manual,Αυτόματο + %d χειροκίνητο,app fills in %d — keep them
cr_selected_count,one,%d selected,Επιλέχθηκε %d,app fills in %d — keep them
cr_selected_count,other,%d selected,Επιλέχθηκε %d,app fills in %d — keep them
cr_removed_count,one,%d removed,%d καταργήθηκε,app fills in %d — keep them
cr_removed_count,other,%d removed,%d καταργήθηκε,app fills in %d — keep them
cr_room,,Room,Δωμάτιο,
cr_room_details,,Room details,Λεπτομέρειες δωματίου,
cr_empty_room,,"This room is empty. Swipe down on the header, enable edit mode, and add widgets, buttons, or tiles.","Αυτό το δωμάτιο είναι άδειο. Σύρετε προς τα κάτω στην κεφαλίδα, ενεργοποιήστε τη λειτουργία επεξεργασίας και προσθέστε γραφικά στοιχεία, κουμπιά ή πλακίδια.",
cr_default_markdown_content,,# Markdown\nOpen this widget in **edit mode** to write your own content.,# Markdown\nΑνοίξτε αυτό το γραφικό στοιχείο σε **λειτουργία επεξεργασίας** για να γράψετε το δικό σας περιεχόμενο.,\n = line break
cr_select_camera,,Select camera,Επιλέξτε κάμερα,
cr_select_entity,,Select entity,Επιλέξτε οντότητα,
cr_custom_camera,,Custom camera,Προσαρμοσμένη κάμερα,
cr_configure_widget,,Configure widget,Διαμόρφωση γραφικού στοιχείου,
cr_configure_widget_subtitle,,Set the essentials before adding it,Ορίστε τα απαραίτητα πριν την προσθέσετε,
cr_widget_options,,Widget options,Επιλογές widget,
cr_widget_options_subtitle,,Choose what this widget should display,Επιλέξτε τι θα εμφανίζει αυτό το γραφικό στοιχείο,
cr_add_widget,,Add widget,Προσθήκη widget,
cr_add_widget_subtitle,,Browse by purpose or search every widget,Περιηγηθείτε κατά σκοπό ή αναζητήστε κάθε γραφικό στοιχείο,
cr_widget_category_controls,,Controls,Έλεγχοι,
cr_widget_category_controls_description,,"Buttons, vacuums, and grouped controls","Κουμπιά, σκούπες και ομαδοποιημένα στοιχεία ελέγχου",
cr_widget_category_cameras,,Cameras,Κάμερες,
cr_widget_category_cameras_description,,Live camera tiles and multi-camera views,Πλακάκια ζωντανής κάμερας και προβολές με πολλές κάμερες,
cr_widget_category_climate,,Climate and weather,Κλίμα και καιρός,
cr_widget_category_climate_description,,"Temperature, comfort, forecasts, and conditions","Θερμοκρασία, άνεση, προβλέψεις και συνθήκες",
cr_widget_category_energy,,Energy and batteries,Ενέργεια και μπαταρίες,
cr_widget_category_energy_description,,"Consumption, production, and device health","Κατανάλωση, παραγωγή και υγεία συσκευών",
cr_widget_category_information,,Information and media,Πληροφορίες και ΜΜΕ,
cr_widget_category_information_description,,"Calendars, deliveries, graphs, notes, and playback","Ημερολόγια, παραδόσεις, γραφήματα, σημειώσεις και αναπαραγωγή",
cr_widget_category_layout,,Layout and structure,Διάταξη και δομή,
cr_widget_category_layout_description,,Headings and flexible widget containers,Επικεφαλίδες και ευέλικτα κοντέινερ γραφικών στοιχείων,
cr_widget_adaptive_lighting,,Adaptive Lighting,Προσαρμοζόμενος Φωτισμός,
cr_widget_adaptive_lighting_description,,Control any installed Adaptive Lighting profile,Ελέγξτε οποιοδήποτε εγκατεστημένο προφίλ προσαρμοστικού φωτισμού,
cr_widget_button,,Button,Κουμπί,
cr_widget_button_description,,A single configurable entity control,Ένα ενιαίο στοιχείο ελέγχου οντότητας με δυνατότητα διαμόρφωσης,
cr_widget_buttons,,Buttons,Κουμπιά,
cr_widget_calendar,,Calendar,Ημερολόγιο,
cr_widget_calendar_description,,"Agenda, week, and month views from Home Assistant calendars","Προβολές ατζέντας, εβδομάδας και μήνα από τα ημερολόγια Home Assistant",don't translate Home Assistant
cr_widget_waste_collection,,Waste collection,Συλλογή απορριμμάτων,
cr_widget_waste_collection_description,,Upcoming collections from waste sensors,Επικείμενες συλλογές από αισθητήρες απορριμμάτων,
cr_widget_parcels,,Parcels,Δέματα,
cr_widget_parcels_description,,Incoming and outgoing parcels from supported carriers,Εισερχόμενα και εξερχόμενα δέματα από υποστηριζόμενες εταιρείες,
cr_widget_camera,,Camera,Κάμερα,
cr_widget_camera_description,,A single live camera tile or stream URL,Ένα ενιαίο πλακίδιο ζωντανής κάμερας ή URL ροής,
cr_widget_cameras,,Cameras,Κάμερες,
cr_widget_climate_card,,Climate card,Κάρτα για το κλίμα,
cr_widget_climate_card_description,,Any card from the Climate view,Οποιαδήποτε κάρτα από την άποψη του κλίματος,
cr_widget_energy_card,,Energy card,Ενεργειακή κάρτα,
cr_widget_energy_card_description,,Any card from the Energy view,Οποιαδήποτε κάρτα από την προβολή ενέργειας,
cr_widget_battery_levels,,Battery levels,Επίπεδα μπαταρίας,
cr_widget_battery_levels_description,,"Low batteries, or Battery+ only with type details",Χαμηλές μπαταρίες ή Battery+ μόνο με λεπτομέρειες τύπου,
cr_widget_header_text,,Header text,Κείμενο κεφαλίδας,
cr_widget_header_text_description,,Add a section heading,Προσθέστε μια επικεφαλίδα ενότητας,
cr_widget_markdown,,Markdown,Χαμήλωση τιμής,
cr_widget_markdown_description,,A free-form card written in Markdown,Μια κάρτα ελεύθερης μορφής γραμμένη σε Markdown,
cr_widget_iframe,,iFrame,iFrame,
cr_widget_iframe_description,,Embed any web page on your dashboard,Ενσωματώστε οποιαδήποτε ιστοσελίδα στον πίνακα ελέγχου σας,
cr_widget_media_player,,Media player,Media player,
cr_widget_media_player_description,,Now-playing tile with album art as the background,Τώρα παίζει πλακίδιο με φόντο το εξώφυλλο άλμπουμ,
cr_widget_sensor_graph,,Sensor graph,Γράφημα αισθητήρα,
cr_widget_sensor_graph_description,,"History graph for one or more sensors, as lines or bars","Γράφημα ιστορικού για έναν ή περισσότερους αισθητήρες, ως γραμμές ή γραμμές",
cr_widget_vacuum,,Vacuum,Κενό,
cr_widget_vacuum_description,,A single robot-vacuum control,Ένα ενιαίο ρομπότ-χειριστήριο κενού,
cr_widget_weather,,Weather,Καιρός,
cr_widget_weather_description,,A single weather card,Μια ενιαία κάρτα καιρού,
cr_widget_empty_stack,,Empty stack,Κενή στοίβα,
cr_widget_empty_stack_description,,Place widgets inside a configurable stack,Τοποθετήστε γραφικά στοιχεία μέσα σε μια διαμορφώσιμη στοίβα,
cr_widget_button_stack,,Button stack,Στοίβα κουμπιών,
cr_widget_button_stack_description,,Group entities into configurable controls,Ομαδοποιήστε οντότητες σε διαμορφώσιμα στοιχεία ελέγχου,
cr_widget_camera_stack,,Camera stack,Στοίβα κάμερας,
cr_widget_camera_stack_description,,Show live camera tiles or a custom stream URL,Εμφάνιση ζωντανών πλακιδίων κάμερας ή προσαρμοσμένης διεύθυνσης URL ροής,
cr_widget_climate_stack,,Climate stack,Κλιματική στοίβα,
cr_widget_climate_stack_description,,"Group climate cards such as overview, thermostats, and sensors","Ομαδοποιήστε κάρτες κλίματος, όπως επισκόπηση, θερμοστάτες και αισθητήρες",
cr_widget_energy_stack,,Energy stack,Στοίβα ενέργειας,
cr_widget_energy_stack_description,,"Group energy cards such as usage, solar, gas, and water","Ομαδοποιήστε ενεργειακές κάρτες όπως χρήση, ηλιακή ενέργεια, φυσικό αέριο και νερό",
cr_widget_sensor_graph_stack,,Sensor graph stack,Στοίβα γραφικών αισθητήρων,
cr_widget_sensor_graph_stack_description,,Group several sensor-history graphs,Ομαδοποιήστε πολλά γραφήματα ιστορικού αισθητήρα,
cr_widget_swiping_stack,,Swiping stack,Σάρωση στοίβας,
cr_widget_swiping_stack_description,,Swipe horizontally through nested widgets,Σύρετε οριζόντια μέσα από ένθετα γραφικά στοιχεία,
cr_widget_vacuum_stack,,Vacuum stack,Στοίβα κενού,
cr_widget_vacuum_stack_description,,Control robot vacuums with a map and battery status,Ελέγξτε τις σκούπες ρομπότ με χάρτη και κατάσταση μπαταρίας,
cr_widget_weather_stack,,Weather stack,Στοίβα καιρού,
cr_widget_weather_stack_description,,"Group conditions, forecast, wind, or rain-map cards","Κάρτες ομαδικών συνθηκών, πρόγνωσης, ανέμου ή βροχής",
cr_camera_settings,,Camera settings,Ρυθμίσεις κάμερας,
cr_vacuum_settings,,Vacuum settings,Ρυθμίσεις κενού,
cr_button_settings,,Button settings,Ρυθμίσεις κουμπιών,
cr_robot_image,,Robot image,Εικόνα ρομπότ,
cr_map_camera,,Map camera,Κάμερα χάρτη,
cr_external_url,,External URL,Εξωτερική διεύθυνση URL,
cr_valetudo_map,,Valetudo map,Valetudo χάρτης,don't translate Valetudo
cr_valetudo_map_hint,,Draws the map from a Valetudo robot and lets you tap a room to clean it. Pick the robot's map camera below.,Σχεδιάζει τον χάρτη από ένα ρομπότ Valetudo και σας επιτρέπει να πατήσετε ένα δωμάτιο για να το καθαρίσετε. Επιλέξτε την κάμερα του χάρτη του ρομπότ παρακάτω.,don't translate Valetudo
cr_valetudo_camera_mode_note,,Using Map camera with a Valetudo map entity shows a blank tile. Valetudo does not render the map on the robot — its PNG is only a container for the map data. Choose Valetudo map instead to have HKI draw it.,Η χρήση της κάμερας χάρτη με μια οντότητα χάρτη Valetudo δείχνει ένα κενό πλακίδιο. Το Valetudo δεν αποδίδει τον χάρτη στο ρομπότ — το PNG του είναι μόνο ένα κοντέινερ για τα δεδομένα χάρτη. Επιλέξτε Valetudo χάρτη για να τον σχεδιάσει το HKI.,don't translate Valetudo
cr_animation_glow,,Glow,Λάμψη,
cr_animation_spin,,Spin,Γνέθω,
cr_animation_pulse,,Pulse,Σφυγμός,
cr_adaptive_lighting_widget,,Adaptive Lighting widget,Προσαρμοστικό γραφικό στοιχείο φωτισμού,
cr_adaptive_lighting_widget_subtitle,,"Profiles, size, and appearance","Προφίλ, μέγεθος και εμφάνιση",
cr_button_stack_dialog_subtitle,,"Layout, appearance, and entity order","Διάταξη, εμφάνιση και σειρά οντοτήτων",
cr_expand_stack,,Expand stack,Αναπτύξτε τη στοίβα,
cr_collapse_stack,,Collapse stack,Σύμπτυξη στοίβας,
cr_hide_stack,,Hide stack,Απόκρυψη στοίβας,
cr_unhide_stack,,Unhide stack,Αποκρύψτε τη στοίβα,
cr_swiping_stack_dialog_subtitle,,"Pages, height, and card appearance","Σελίδες, ύψος και εμφάνιση κάρτας",
cr_empty_stack_dialog_subtitle,,Container layout and appearance,Διάταξη και εμφάνιση κοντέινερ,
cr_header_text_dialog_subtitle,,Heading content and visual style,Περιεχόμενο επικεφαλίδας και οπτικό στυλ,
cr_animation_swipe,,Swipe,Σουφρώνω,
cr_animation_fade,,Fade,Ξεθωριάζω,
cr_animation_zoom,,Zoom,Ανίπταμαι διαγωνίως,
cr_animation_slide_fade,,Slide + fade,Slide + fade,
cr_animation_cube,,Cube,Κύβος,
cr_animation_instant,,Instant,Στιγμή,
cr_widget_option_count,one,%d option,%d επιλογή,app fills in %d — keep them
cr_widget_option_count,other,%d options,%d επιλογές,app fills in %d — keep them
cr_configured_lights,one,%d configured light,%d διαμορφωμένο φως,app fills in %d — keep them
cr_configured_lights,other,%d configured lights,%d διαμορφωμένα φώτα,app fills in %d — keep them
cr_quick_notifications,,Notifications,Ειδοποιήσεις,
cr_quick_notifications_instruction,,Swipe right from the upper-left edge.,Σύρετε προς τα δεξιά από την επάνω αριστερή άκρη.,
cr_quick_switch_homes,,Switch homes,Αλλάξτε σπίτια,
cr_quick_switch_homes_instruction,,Swipe left from the upper-right edge of the header.,Σύρετε προς τα αριστερά από την επάνω δεξιά άκρη της κεφαλίδας.,
cr_quick_actions,,Quick actions,Γρήγορες ενέργειες,
cr_quick_actions_instruction,,"Pull down on any page header for Search, Flows, Edit, and Settings.","Τραβήξτε προς τα κάτω οποιαδήποτε κεφαλίδα σελίδας για Αναζήτηση, Ροές, Επεξεργασία και Ρυθμίσεις.",
cr_quick_media_player,,Media player,Media player,
cr_quick_media_player_instruction,,"When the handle appears, swipe up on the bottom bar to restore the player.","Όταν εμφανιστεί η λαβή, σύρετε προς τα πάνω στην κάτω γραμμή για να επαναφέρετε τη συσκευή αναπαραγωγής.",
cr_quick_make_it_yours,,Make it yours,Κάντε το δικό σας,
cr_quick_make_it_yours_instruction,,"In edit mode, add and reorder rooms, floors, and widgets. Tap an item to configure it.","Στη λειτουργία επεξεργασίας, προσθέστε και αναδιατάξτε δωμάτια, ορόφους και γραφικά στοιχεία. Πατήστε ένα στοιχείο για να το διαμορφώσετε.",
cr_whats_new_1_1_2,1,"Returning from Home Assistant Settings, Developer tools or HACS now restores the same position in HKI 7 Settings instead of reopening at the top.","Επιστρέφοντας από τις ρυθμίσεις Home Assistant, τα Εργαλεία προγραμματιστή ή το HACS επαναφέρουν τώρα την ίδια θέση στις ρυθμίσεις HKI 7 αντί να ανοίξουν ξανά στην κορυφή.","don't translate Home Assistant, HKI 7"
cr_whats_new_1_1_2,2,"Android 17 now asks for Local network access before finding or connecting directly to Home Assistant, so local servers keep working with API 37. Settings › Connection shows whether it is allowed and can ask again, for when the Android 17 upgrade arrives long after setup.","Το Android 17 ζητά τώρα πρόσβαση στο τοπικό δίκτυο πριν βρει ή συνδεθεί απευθείας στο Home Assistant, επομένως οι τοπικοί διακομιστές συνεχίζουν να λειτουργούν με το API 37. Ρυθμίσεις › Η σύνδεση δείχνει εάν επιτρέπεται και μπορεί να ζητήσει ξανά, για πότε φτάσει η αναβάθμιση Android 17 πολύ μετά την εγκατάσταση.",don't translate Home Assistant
cr_whats_new_1_1_2,3,"Update notifications now also appear in HKI 7's own notification panel, with a “See what changed” link to the release notes. The system notification is gone once you swipe it away; this one stays, and checking for updates under Settings › About brings it back.","Οι ειδοποιήσεις ενημέρωσης εμφανίζονται τώρα και στον πίνακα ειδοποιήσεων του HKI 7, με έναν σύνδεσμο «Δείτε τι άλλαξε» στις σημειώσεις έκδοσης. Η ειδοποίηση συστήματος σβήνει μόλις την σύρετε μακριά. Αυτό παραμένει και ο έλεγχος για ενημερώσεις στις Ρυθμίσεις › Σχετικά το επαναφέρει.",don't translate HKI 7
cr_whats_new_1_1_2,4,"Permission tiles in Settings now update as soon as you come back from granting one. Location, battery optimization and background usage kept showing the old state until Settings was closed and reopened.","Τα πλακίδια αδειών στις Ρυθμίσεις ενημερώνονται τώρα μόλις επιστρέψετε από τη χορήγηση μιας. Η τοποθεσία, η βελτιστοποίηση μπαταρίας και η χρήση στο παρασκήνιο εξακολουθούσαν να δείχνουν την παλιά κατάσταση έως ότου οι Ρυθμίσεις έκλεισαν και άνοιξαν ξανά.",
cr_whats_new_1_1_1,1,"New Clock widget. Analog or digital, seven designs each, 12 or 24-hour time, and the day, date and year if you want them. Tap it to see your next alarm.","Νέο γραφικό στοιχείο ρολογιού. Αναλογικά ή ψηφιακά, επτά σχέδια το καθένα, 12 ή 24 ώρες και ημέρα, ημερομηνία και έτος αν τα θέλετε. Πατήστε το για να δείτε το επόμενο ξυπνητήρι σας.",
cr_whats_new_1_1_1,2,"Reach Home Assistant itself from Settings. Admins get its Settings, Developer tools and HACS full screen inside HKI 7, already signed in.","Προσεγγίστε τον εαυτό του Home Assistant από τις Ρυθμίσεις. Οι διαχειριστές λαμβάνουν τις Ρυθμίσεις, τα εργαλεία προγραμματιστή και το HACS σε πλήρη οθόνη εντός HKI 7, που είναι ήδη συνδεδεμένοι.","don't translate Home Assistant, HKI 7"
cr_whats_new_1_1_1,3,HKI 7 tells you when a new version is out — useful if you installed it from GitHub rather than the Play Store. Turn it off in Settings › About.,Το HKI 7 σάς ενημερώνει πότε κυκλοφορεί μια νέα έκδοση — χρήσιμο εάν την εγκαταστήσατε από το GitHub και όχι από το Play Store. Απενεργοποιήστε το στις Ρυθμίσεις › Πληροφορίες.,don't translate HKI 7
cr_whats_new_1_1_1,4,"Home Assistant can now see your phone's next alarm, the same sensor the official app provides.","Το Home Assistant μπορεί τώρα να δει το επόμενο ξυπνητήρι του τηλεφώνου σας, τον ίδιο αισθητήρα που παρέχει η επίσημη εφαρμογή.",don't translate Home Assistant
cr_whats_new_1_1_1,5,"Media players show what is playing, not just which app is open. An Android TV streaming a series shows the programme, season and episode.","Οι συσκευές αναπαραγωγής πολυμέσων δείχνουν τι παίζει, όχι μόνο ποια εφαρμογή είναι ανοιχτή. Ένα Android TV με ροή μιας σειράς δείχνει το πρόγραμμα, τη σεζόν και το επεισόδιο.",
cr_whats_new_1_1_1,6,"Back goes to the page you were on before, every time, until you reach Home. It no longer skips pages or leaves the app early.","Πίσω πηγαίνει στη σελίδα στην οποία ήσασταν πριν, κάθε φορά, μέχρι να φτάσετε στην Αρχική σελίδα. Δεν παραλείπει πλέον σελίδες ούτε φεύγει νωρίς από την εφαρμογή.",
cr_whats_new_1_1_1,7,"Fixed temperature and energy readings in Czech, Slovak, Greek, Norwegian, Swedish and Danish, where numbers showed wrongly or could crash the screen.","Διορθώθηκαν ενδείξεις θερμοκρασίας και ενέργειας στα Τσεχικά, Σλοβακικά, Ελληνικά, Νορβηγικά, Σουηδικά και Δανικά, όπου οι αριθμοί έδειχναν λανθασμένα ή θα μπορούσαν να κολλήσουν την οθόνη.",
cr_whats_new_1_1_1,8,"Something worded badly in your language? Each language is now a single file you can correct on GitHub, no code needed.","Κάτι με άσχημη διατύπωση στη γλώσσα σας; Κάθε γλώσσα είναι πλέον ένα μόνο αρχείο που μπορείτε να διορθώσετε στο GitHub, χωρίς να χρειάζεται κώδικας.",
cr_whats_new_1_1_0,1,"Eighteen more languages, taking HKI 7 to 36. Polish, Russian, Czech, Slovak, Hungarian, Romanian, Bulgarian, Croatian, Greek, Lithuanian, Latvian, Estonian, Danish, Thai and Hebrew join the list, along with Austrian German, Swiss German and Mexican Spanish. Hebrew lays the interface out right to left, as Arabic does.","Δεκαοκτώ ακόμη γλώσσες, φτάνοντας το HKI 7 στο 36. Πολωνικά, Ρωσικά, Τσέχικα, Σλοβακικά, Ουγγρικά, Ρουμανικά, Βουλγαρικά, Κροατικά, Ελληνικά, Λιθουανικά, Λετονικά, Εσθονικά, Δανικά, Ταϊλανδικά και Εβραϊκά προστίθενται στη λίστα, μαζί με τα Αυστριακά Γερμανικά, τα Ελβετικά Γερμανικά και τα Μεξικανικά Ισπανικά. Τα Εβραϊκά απλώνουν τη διεπαφή από δεξιά προς τα αριστερά, όπως τα αραβικά.",don't translate HKI 7
cr_whats_new_1_1_0,2,"HKI 7 now runs on Android 12 and later. It previously needed Android 14, which ruled out a lot of perfectly capable phones and tablets.","Το HKI 7 εκτελείται πλέον σε Android 12 και μεταγενέστερες εκδόσεις. Χρειαζόταν προηγουμένως το Android 14, το οποίο απέκλεισε πολλά τηλέφωνα και tablet με τέλεια ικανότητα.",don't translate HKI 7
cr_whats_new_1_1_0,3,"Energy costs are shown in your own currency instead of always in euros. HKI 7 follows what your cost sensors report, and there is a Currency setting in Energy settings if you would rather choose one yourself.","Το κόστος ενέργειας εμφανίζεται στο δικό σας νόμισμα αντί πάντα σε ευρώ. Το HKI 7 ακολουθεί αυτό που αναφέρουν οι αισθητήρες κόστους σας και υπάρχει μια ρύθμιση νομίσματος στις ρυθμίσεις ενέργειας, εάν προτιμάτε να επιλέξετε μία μόνοι σας.",don't translate HKI 7
cr_whats_new_1_1_0,4,"The language picker has a search box and is sorted, which it needed at 36 entries. If you ever land in a language you cannot read, the way back is still the first thing on screen.","Ο επιλογέας γλώσσας έχει ένα πλαίσιο αναζήτησης και είναι ταξινομημένο, το οποίο χρειαζόταν σε 36 καταχωρήσεις. Αν ποτέ προσγειωθείτε σε μια γλώσσα που δεν μπορείτε να διαβάσετε, ο δρόμος της επιστροφής εξακολουθεί να είναι το πρώτο πράγμα στην οθόνη.",
cr_whats_new_1_1_0,5,"Views remember where you had scrolled to, and tapping the tab you are already on takes you back to the top.","Οι προβολές θυμούνται πού είχατε κύλιση και πατώντας την καρτέλα στην οποία βρίσκεστε ήδη, θα επιστρέψετε στην κορυφή.",
cr_whats_new_1_1_0,6,"Swiping sideways no longer carries you out of a page you have opened, such as Solar inside Energy. Back now returns you to the view you came from rather than jumping to the home page.","Το σάρωση προς τα πλάγια δεν σας βγάζει πλέον από μια σελίδα που έχετε ανοίξει, όπως η Solar inside Energy. Το Back now σας επιστρέφει στην προβολή από την οποία προήλθατε αντί να μεταβείτε στην αρχική σελίδα.",
cr_whats_new_1_1_0,7,"Scrollable rows say so. The pull-down menu, the navigation bar and the settings tabs all show an arrow at the edge when there is more to reach.","Οι σειρές με δυνατότητα κύλισης το λένε. Το αναπτυσσόμενο μενού, η γραμμή πλοήγησης και οι καρτέλες ρυθμίσεων δείχνουν όλα ένα βέλος στην άκρη όταν υπάρχουν περισσότερα για να φτάσετε.",
cr_whats_new_1_1_0,8,"Dialogs look and behave the same throughout. Six of them were plain Android dialogs with no close button in the corner, and buttons across the app now agree on what Close, Save and Done mean.","Οι διάλογοι φαίνονται και συμπεριφέρονται το ίδιο παντού. Έξι από αυτά ήταν απλά παράθυρα διαλόγου Android χωρίς κουμπί κλεισίματος στη γωνία και τα κουμπιά σε όλη την εφαρμογή συμφωνούν πλέον για το τι σημαίνουν Κλείσιμο, Αποθήκευση και Τέλος.",
cr_whats_new_1_1_0,9,"Creating a dashboard asks first and then offers the same choices as first-time setup — so a new dashboard can start from a backup or from one your family has shared, as well as being generated or left empty. Your current dashboard is never overwritten, and shared dashboards are now marked as shared in the list.","Η δημιουργία ενός πίνακα εργαλείων ζητά πρώτα και στη συνέχεια προσφέρει τις ίδιες επιλογές με τη ρύθμιση για πρώτη φορά — έτσι ένας νέος πίνακας εργαλείων μπορεί να ξεκινήσει από ένα αντίγραφο ασφαλείας ή από ένα που έχει μοιραστεί η οικογένειά σας, καθώς και να δημιουργηθεί ή να μείνει κενό. Ο τρέχων πίνακας εργαλείων σας δεν αντικαθίσταται ποτέ και οι κοινόχρηστοι πίνακες εργαλείων επισημαίνονται πλέον ως κοινόχρηστοι στη λίστα.",
cr_whats_new_1_1_0,10,"The battery widget opens a list in place instead of taking you to a separate page, grouped by how urgent each one is and showing the battery type where Home Assistant knows it. There is a search box, and a button to open the full Battery view if you want it.","Το γραφικό στοιχείο μπαταρίας ανοίγει μια λίστα στη θέση του αντί να σας μεταφέρει σε μια ξεχωριστή σελίδα, ομαδοποιημένη ανάλογα με το πόσο επείγον είναι η καθεμία και εμφανίζει τον τύπο μπαταρίας όπου ο Home Assistant το γνωρίζει. Υπάρχει ένα πλαίσιο αναζήτησης και ένα κουμπί για να ανοίξετε την πλήρη προβολή μπαταρίας εάν το θέλετε.",don't translate Home Assistant
cr_whats_new_1_1_0,11,"Tapping the people counter in a room shows who is there, with each person's picture. The Rooms header now has a household counter too, showing where everyone is without opening every room.","Πατώντας το μετρητή ατόμων σε ένα δωμάτιο δείχνει ποιος είναι εκεί, με τη φωτογραφία του καθενός. Η κεφαλίδα Δωμάτια έχει πλέον και έναν οικιακό μετρητή, που δείχνει πού βρίσκονται όλοι χωρίς να ανοίγει κάθε δωμάτιο.",
cr_whats_new_1_1_0,12,"A button can be left out of a room's Lights and Devices counters, for the ones that are in the room but not really part of it.","Ένα κουμπί μπορεί να μείνει έξω από τους μετρητές Φώτων και Συσκευών ενός δωματίου, για αυτούς που βρίσκονται στο δωμάτιο αλλά δεν είναι πραγματικά μέρος του.",
cr_whats_new_1_1_0,13,"Widgets that need an integration you do not have — Formula 1, Parcels, Waste Collection — are greyed out and say what is missing, instead of being added and then sitting empty.","Τα γραφικά στοιχεία που χρειάζονται μια ενσωμάτωση που δεν έχετε — Formula 1, Parcels, Waste Collection — είναι γκριζαρισμένα και λένε τι λείπει, αντί να προστεθούν και μετά να μείνουν άδεια.",
cr_whats_new_1_1_0,14,"Parcel tracking covers fifteen more carriers, including PostNord, InPost, Swiss Post, An Post, Budbee, Sameday and Nova Post, each with its own logo.","Η παρακολούθηση δεμάτων καλύπτει δεκαπέντε ακόμη μεταφορείς, συμπεριλαμβανομένων των PostNord, InPost, Swiss Post, An Post, Budbee, Sameday και Nova Post, ο καθένας με το δικό του λογότυπο.",
cr_whats_new_1_1_0,15,"A Valetudo robot vacuum picks up its live map automatically when your rooms are imported, rather than needing the camera chosen by hand.","Ένα Valetudo ρομπότ με ηλεκτρική σκούπα παίρνει αυτόματα τον ζωντανό χάρτη του όταν εισάγονται τα δωμάτιά σας, αντί να χρειάζεται την κάμερα που επιλέγεται με το χέρι.",don't translate Valetudo
cr_whats_new_1_0_1,1,"Swiping between tabs now follows your finger. The pages move as you drag, you can change your mind mid-swipe and pull them back, and they settle where you let go. Previously the change was decided the moment you had dragged far enough and could not be taken back, while the animation that played afterwards was on its own timer and unrelated to the gesture — so the app committed to a page before your finger had finished asking for one.",,needs translation
cr_whats_new_1_0_1,2,"The bottom bar now keeps the selected tab in view. On a phone too narrow for every tab it scrolls the active one to the centre, so the tab you are on is always visible along with its neighbours — which is also the hint that there are more pages to swipe to. Reaching the last tab used to leave the indicator somewhere off the end of the bar.",,needs translation
cr_whats_new_1_0_1,3,"Swiping between rooms shows how many rooms there are and which one you are on, as dots above the navigation bar — or as a count once there are more than eight. Room swiping also stops at the last room instead of wrapping around to the first, matching how the tabs behave. Rooms an admin has hidden are now skipped by the swipe rather than only blocked when opened.",,needs translation
cr_whats_new_1_0_1,4,"The pull-down header menu animates to wherever you let it go, instead of jumping open or shut in a single frame. It settles by which half you released it in, a quick flick opens it without a full-length drag, and it can be caught and dragged again mid-animation. It also no longer stops dead partway when pulled a long way but not quite far enough.",,needs translation
cr_whats_new_1_0_1,5,"Settings remembers where you were. Coming back from a sub-menu returns to the place in the list you left rather than to the top, which was most noticeable on the long way down to About and Licenses. The page settings dialog had the opposite problem — one scroll position carried across unrelated sub-menus — and that is fixed too.",,needs translation
cr_whats_new_1_0_1,6,"The notification panel now has a button in the pull-down header menu, so the left-edge swipe is no longer the only way to reach it. That let the strip of screen edge reserved for the swipe shrink from 200dp to 88dp: the reserved strip is where Android's own back gesture stops working, and it had been covering the exact corner where the back arrow sits.",,needs translation
cr_whats_new_1_0_1,7,"Fixed the app closing instead of the notification panel when back was pressed during the panel's opening animation. Back is also defined for the tabs now — it returns to the first tab before leaving the app, rather than exiting from wherever you happened to have swiped to.",,needs translation
cr_whats_new_1_0_1,8,"The home switcher panel follows Android's predictive back gesture, sliding out with your finger and springing back if you change your mind.",,needs translation
cr_whats_new_1_0_1,9,"Four more languages: Norwegian, Swedish, Finnish and Arabic. Arabic lays the whole app out right to left — the navigation bar, the panels that slide in from the screen edge, and the swipe that moves between tabs all mirror, rather than only the text changing direction. Product names such as Home Assistant stay in Latin script wherever they appear.",,needs translation; don't translate Home Assistant
cr_whats_new_1_0_1,10,"Swiping between rooms is much smoother. A room screen is by far the heaviest page in the app, and the next one was being built during the first frames of the swipe — precisely when there was no time for it. It is now prepared while nothing is moving, and live sensor updates wait for the swipe to finish instead of redrawing every open page mid-gesture.",,needs translation
cr_whats_new_1_0_1,11,"The notification panel and the home switcher are dragged rather than flicked open, following your finger and settling where you let go. They close the same way: push them back towards the edge they came from. Tapping the panel itself no longer closes it, which it used to do anywhere you touched that was not a button.",,needs translation
cr_whats_new_1_0_1,12,"A horizontal row inside a page — a mode selector, a swipe row, a swiping stack — no longer hands the rest of the gesture to the page once it reaches its end. Picking the first or last item in such a row used to flip the whole page instead.",,needs translation
cr_whats_new_1_0_1,13,"Dialogs with tabs show how many there are and which one you are on, and a sideways swipe anywhere on the dialog changes tab. The swipe used to be written off as a scroll whenever it set off with the slight downward arc a thumb naturally makes, which made it feel like it worked only sometimes.",,needs translation
cr_whats_new_1_0_1,14,"Demo mode no longer talks to the network. Twenty-six requests — the whole HKI 7 Cloud surface plus the event timeline, camera snapshots and vacuum maps — were still being attempted against a server that does not exist, and one of them retried every three seconds for the entire session, filling the connection log with failures. Restarting Home Assistant in the demo is now simulated in a few seconds rather than showing ""restarting"" for two minutes and giving up.",,"needs translation; don't translate HKI 7 Cloud, Home Assistant"
cr_whats_new_1_0_0,1,"New Events tab in the notification drawer: a timeline of what your home has actually been doing. The front door opening, a light going off, someone arriving home — each with the time and, where Home Assistant knows, who did it. An admin picks which entities appear under Settings › Family Sharing › Events, once for the whole family rather than on every phone. It reads Home Assistant's own logbook rather than recording anything on the device, so it still shows what happened overnight while the app was closed, and it opens on the last 3 hours — a timeline answers what just happened — with 6h to 72h a tap away. Events never touch the notification bell's unread count: a timeline of doors opening would leave that badge permanently lit and mean nothing. Requires HKI 7 Cloud 0.9.0.*",,"needs translation; don't translate HKI 7 Cloud, Home Assistant"
cr_whats_new_1_0_0,2,"An admin can take parts of the timeline away from individual family members — a whole domain, or named entities — from the same Events tab. Everyone sees the full timeline unless something is taken out for them, so adding a person to the family does not mean building their timeline from scratch. The filtering happens in the HKI 7 Cloud component rather than in the app, so a restricted device is never even told which entities it is being kept away from. As with hidden views and rooms, this hides the timeline rather than the entities: Home Assistant has no per-entity read permission for non-admin accounts, so anyone signed in can still read those entities through Home Assistant itself.*",,"needs translation; don't translate HKI 7 Cloud, Home Assistant"
cr_whats_new_1_0_0,3,"The event roster takes whole domains as well as named entities, so ""every lock"" is one choice rather than eleven. Domains are resolved fresh each time the timeline opens, so a lock added next month joins on its own instead of the roster meaning whatever existed the day it was set. The editor shows what each domain currently covers, since one domain can be hundreds of entities. Requires HKI 7 Cloud 0.10.0.*",,needs translation; don't translate HKI 7 Cloud
cr_whats_new_1_0_0,4,"Events are labelled and filterable by what kind of thing they happened to — Doors, Windows, Motion, Lights, Locks. The filter row is built from what your timeline actually contains, so you are never offered a filter that can only come back empty. Days stay as the list headings: a timeline that reorders itself by category stops being a timeline.",,needs translation
cr_whats_new_1_0_0,5,"Weather artwork now animates in the daily forecast, the hourly strip and the header pill, not only on the hero card. Animation was previously switched off below a fixed size, which caught all three.",,needs translation
cr_whats_new_1_0_0,6,"Where weather artwork animates is now four separate switches — header pill, weather dialog, forecast strips, weather widget — instead of riding on the entity icon animation setting. The forecast strips animate a dozen icons side by side and are the only ones that ever cost anything noticeable, so turning those off need not mean losing the single small icon in the header pill. All four are on by default, and appear both in Settings › Appearance › Icons and in the header pill's own settings.",,needs translation
cr_whats_new_1_0_0,7,"The 6h/12h/24h/48h/72h range selector is centred rather than left-aligned everywhere it appears, and gains a 3h option.",,needs translation
cr_whats_new_1_0_0,8,"New Connection log at the bottom of Settings › Connection: what the app's connection has actually been doing — connection attempts, reconnects, sync and subscriptions — with buttons to copy or clear it. All of this was already being recorded; nothing displayed it. It holds the last 300 lines and starts empty each launch.",,needs translation
cr_whats_new_1_0_0,9,"A button stack's layout options are now named the same as a single button's. The same shape was called Tile on a button and Compact on a stack, which made them look like different features.",,needs translation
cr_whats_new_1_0_0,10,"New Centered button layout beside Standard, Square and Tile: a square card whose icon sits in the middle of the space above the text, with the name and state centred beneath it. The icon is pushed upward rather than crowded as the text grows. A grid of these reads as a keypad, which is what makes a remote control possible.",,needs translation
cr_whats_new_1_0_0,11,"A button's icon, name and state are each shown or hidden on their own, under a new Elements section in its settings. The old Icon only switch is gone — hiding both the name and state is what it did, and these also let you keep one of them. Existing icon-only buttons keep working.",,needs translation
cr_whats_new_1_0_0,12,"A button stack carries the same three switches for all of its children, so a stack of twenty buttons need not be set twenty times. Turning one off on the stack hides it on every button; leaving it on lets each button decide.",,needs translation
cr_whats_new_1_0_0,13,"Fixed the button stack settings dialog stopping about two thirds of the way down with empty space below it, leaving the rest unreachable on a tall phone or a tablet.",,needs translation
cr_whats_new_1_0_0,14,"Navigation bar, media players and popups moved from Settings › Appearance to Settings › Dashboard, below the dashboards themselves. They are parts of what the dashboard is made of rather than how it is styled.",,needs translation
cr_whats_new_1_0_0,15,"Settings › Connection ends with the connection log, and Restart Home Assistant now sits below it rather than above — it is the most disruptive thing on the screen and the least often wanted.",,needs translation; don't translate Home Assistant
cr_whats_new_1_0_0,16,"The Events tab gives an admin a button straight to Settings › Family Sharing › Events when nothing is being tracked yet, instead of only naming where to go.",,needs translation
cr_whats_new_1_0_0,17,"Entity and domain pickers list what is already selected first, so undoing a choice does not mean hunting for it alphabetically. The order is fixed when the picker opens, so ticking something does not make it jump away from your finger.",,needs translation
cr_whats_new_1_0_0,18,"A button stack's heading now has explicit Show name and Show icon switches, plus an option to centre them. Clearing the text field used to be the only way to get a stack with no heading, which hid that it was possible and meant losing the name to hide it.",,needs translation
cr_whats_new_beta_18,1,"An admin can now change who a published family dashboard is shared with, instead of only being able to choose at the moment of publishing. Settings › Family Sharing › Dashboards lists who each published dashboard reaches, with a Manage access button to add or remove people. Until now the only way to take a dashboard away from one person was to delete it for everybody.*",,needs translation
cr_whats_new_beta_18,2,"Losing access to a family dashboard now clears what was layered on top of it. The dashboard itself was already removed, but the rooms, widgets, pages, nav bar, header pill and theme it left behind on the device stayed — so the next dashboard an admin shared arrived on top of the previous one's leftovers and looked like it had failed to import in full. Everything that belonged to the revoked dashboard is now removed with it. Home Assistant connections, profiles and notification settings are untouched: losing a dashboard is not being signed out.*",,needs translation; don't translate Home Assistant
cr_whats_new_beta_18,3,"New Devices tab under Settings › Family Sharing, showing which HKI version each family device is running and flagging the ones older than yours, with the Home Assistant account, device name, Android version and when it last reported. Each install records this through the HKI 7 Cloud component over the connection the app already uses, so every signed-in device is covered — including one with Location and Notifications both switched off — and nothing is added to Home Assistant's entity list. A device can only ever report itself. An admin can forget a phone that has been replaced; one still in use reappears the next time its app opens. Requires HKI 7 Cloud 0.7.0.*",,"needs translation; don't translate HKI 7 Cloud, Home Assistant"
cr_whats_new_beta_18,4,"An admin can now require the family to update. ""Require everyone to be on this version"" in the Devices tab sets a household minimum; anyone below it gets a full-screen prompt on their next launch instead of the dashboard, with Google Play's in-app update doing the install. There is also a per-device ""Ask to update"" for when one phone is behind rather than everyone, which clears itself once that device updates. No app can install a newer version of itself, so Play does the actual work — which also means the prompt can only insist when Play genuinely has the update ready. When it does not, the prompt explains why and lets you past for that session, rather than locking someone out of their own locks and alarms over an update they cannot get. You can only require a version some family device already runs. Requires HKI 7 Cloud 0.8.0.*",,needs translation; don't translate HKI 7 Cloud
cr_whats_new_beta_18,5,"Each Family Sharing tab now says for itself when it needs a newer HKI 7 Cloud than the one installed, instead of that only appearing in the summary at the top of the screen. Parental controls, Permissions, Presence and Devices each carry the version they need, so it is clear before you configure a tab whose settings the installed component cannot store yet.",,needs translation; don't translate HKI 7 Cloud
cr_whats_new_beta_17,1,"Fixed a crash that could take the whole app down during the very first connection attempt after opening it, which read as ""the app won't even open"". The setup that runs on every launch had no error handling of its own, so a failure there — usually an expired session being refreshed on a flaky network — escaped as an unhandled error instead of surfacing as a connection error you could retry. As a backstop, an unexpected error on a background task can no longer terminate the app at all.",,needs translation
cr_whats_new_beta_17,2,"The dashboard no longer rebuilds itself every time Home Assistant reports a state change. The home screen tracked the complete entity list, so a single motion sensor tripping or a power meter ticking — several times a second on a busy install — invalidated the whole screen and every widget on it, even when nothing visible had changed. It now watches only what it actually draws.",,needs translation; don't translate Home Assistant
cr_whats_new_beta_17,3,"Entity icon animations no longer redo layout work on every frame they animate. The spin, pulse and glow effects re-ran the surrounding widget's composition on each animation frame instead of just redrawing the icon, so any dashboard with an active light, an open door or a recording camera paid that cost continuously. The animations look exactly the same.",,needs translation
cr_whats_new_beta_17,4,"Fixed the app becoming unresponsive — and eventually killed by Android — when opening the history of a busy entity, such as a motion sensor that logs thousands of state changes a day. Matching each history entry to its actor re-scanned and re-parsed the entire logbook's timestamps from scratch for every single entry, work that scaled with history size squared; a quiet entity never noticed, but a busy one could peg the CPU for ten seconds straight. The logbook is now parsed once instead of once per entry, and the whole fetch runs off the main thread.",,needs translation
cr_whats_new_beta_17,5,"Hardened how the app reads attributes Home Assistant sends for an entity: a value present but shaped unexpectedly (an object or array where a plain number or piece of text was expected) used to throw and crash whatever screen read it, instead of just being treated as missing.",,needs translation; don't translate Home Assistant
cr_whats_new_beta_17,6,"Fixed ""Push to family dashboard"" reporting a dashboard as already up to date no matter what had changed. A dashboard re-imported after a reinstall is stored locally under a different id than the one the cloud copy is published under, and the push check was still looking up the local export by the cloud id, finding nothing, and silently skipping that dashboard on every push.",,needs translation
cr_whats_new_beta_15,1,"The Formula 1 widget gains two new tabs and expands two existing ones. Calendar lists the season's races in order, with each circuit and the host country's flag. Grid shows the starting grid, with each driver's move up or down from where they qualified. Standings can now show a championship prediction alongside the points table — current and predicted final points, for drivers or constructors — when F1 Sensor's optional F1TV Auth is set up. Live gains a proper timing list: gap to the leader, interval to the car ahead, tyre compound and stint length, and pit/retired status for every driver, plus which lap the leader is on.",,needs translation
cr_whats_new_beta_15,2,"Fixed shared family dashboards failing to update at all once the owner added a widget type introduced in a newer app version, such as the To-Do List or Formula 1 widgets. A single unrecognized widget used to fail the whole dashboard, so a family member on an older build stopped receiving any of that dashboard's changes instead of just missing the new widget. Unrecognized widgets are now skipped individually, so the rest of a shared dashboard keeps working across app versions.",,needs translation
cr_whats_new_beta_15,3,"The To-Do widget's square card can now feature one whole list instead of items individually flagged high priority. A new Hero list picker in the widget's General tab — shown once it has at least one tab — chooses which list's open items appear on the card, labelled with that list's name, so what you see at a glance is a specific list like Chores rather than a scattered mix pulled from every tab. Deleting a tab that's currently the hero list clears the setting automatically.",,needs translation
cr_whats_new_beta_15,4,"Fixed the app crashing whenever it needed to reconnect to Home Assistant or the connection failed. The in-app push-notification channel ran its subscription in a way that let a dropped connection's error skip past the surrounding error handling entirely and crash the app outright. A separate mismatch also meant every single reconnect immediately tore the whole sync stack down and rebuilt it a second time, racing its own freshly made connection. Both are fixed.",,needs translation; don't translate Home Assistant
cr_whats_new_beta_14,1,"Settings › Family Sharing now shows which HKI 7 Cloud version is installed, and — if it's behind — exactly which family features that leaves unavailable, each labelled with the version that unlocks it. Previously the only way to find out a component was out of date was to hit a save that silently dropped part of what you configured.*",,needs translation; don't translate HKI 7 Cloud
cr_whats_new_beta_14,2,"New To-Do List widget: a shared checklist or shopping list the whole family can add to. Items support an optional quantity, category, priority (low, normal or high, shown as a flag) and due date, with Added by and Checked by attribution when more than one person edits the list. Choose Manual, A–Z, Priority, or Newest-first ordering, and filter between To do, All, and Done from the dialog. Editing can be limited to everyone, specific family members picked from the real Home Assistant user list, or admins only, enforced the same way the rest of the app's family permissions are. It follows the same design as every other widget, with the usual General, Permissions, Appearance and Visibility settings tabs.",,needs translation; don't translate Home Assistant
cr_whats_new_beta_14,3,"Room following can now be set to only place someone in the right room when the app starts, without tracking them for the rest of the session. The existing Ask before switching rooms switch only chose between asking and switching silently; there was no way to get the one-time placement without the app continuing to follow every move afterward. A new Keep following while the app is open switch under each person's room-following settings turns that continued tracking off on its own, leaving Open their room when the app starts to do the one placement it always did.*",,needs translation
cr_whats_new_beta_14,4,"New Formula 1 widget, for the F1 Sensor integration. The card shows the next race with a countdown and the circuit outline; opening it gives four tabs — Next race with the full session schedule and trackside weather, Standings for drivers and constructors, Results for the last grand prix with places gained or lost, and a Live tab that appears only while a session is running, showing the flag and race control messages. It finds its sensors on its own: F1 Sensor lets you rename its entities and pick a language, so the widget matches on the integration's stable internal keys rather than entity ids.",,needs translation
cr_whats_new_beta_14,5,"New Find my devices widget: a map of your phones, watches, tags and trackers. Add any device_tracker or person entity; the ones reporting GPS appear as pins on the map, the rest are still listed with their state. Tick as many as you like to show them together, or leave nothing ticked to see everything. Three filters narrow the list: All, Devices, and People. The card follows the same design as the other widgets, so background image, icon, width, shape and corner radius all work as you would expect.",,needs translation
cr_whats_new_beta_14,6,"The maps in the app no longer look like a printed atlas. HKI now uses the same muted CARTO basemap that Home Assistant's own map card uses, instead of the standard OpenStreetMap rendering, which was designed as a mapper's reference render rather than a background for an app. It also has a proper dark variant, so the map finally follows your theme instead of glowing white inside a dark dialog.",,needs translation; don't translate Home Assistant
cr_whats_new_beta_14,7,"Fixed room following doing nothing at all once Ask before switching rooms was turned off. That switch was being treated as a master off-switch for the whole feature, so with prompting disabled the app neither asked nor moved. It now does what it says: with prompting on you get the prompt, with it off the room simply opens. Don't ask again until I restart still stops both, since trading a prompt for a surprise jump would be worse.",,needs translation
cr_whats_new_beta_14,8,"Fixed the waste widget's settings dialog being cut off around two thirds of the way down while empty space sat below it. The dialog reserves a tall card but its contents were capped at a fixed height, so the scroll area stopped short of the space available. Both the settings dialog and the waste dialog itself now use the full height.",,needs translation
cr_whats_new_beta_14,9,"The waste dialog's calendar can now look 7, 14 or 28 days ahead, and is drawn as a week grid like the calendar widget rather than a flat list: weekday columns, one row per week, and a coloured dot per collection in its fraction's colour. Tap a day to see what is collected then; it opens on the next day with a collection.",,needs translation
cr_whats_new_beta_14,10,"Parcel dialogs now say Today or Tomorrow instead of naming the weekday. The whole question a delivery date answers is how soon, and “Wednesday” on a Wednesday made you work that out yourself.",,needs translation
cr_whats_new_beta_14,11,"The +2 bubble in the header, shown when there are more people than fit, now opens. Tapping it lists everyone with their name and state, and picking someone opens their detail dialog as usual. Previously those people were simply unreachable on a narrow header.",,needs translation
cr_whats_new_beta_14,12,"Fixed the map in the person dialog overflowing the dialog on a tablet or unfolded foldable. The map was drawn as a square as wide as the dialog, so on a 620dp-wide card it became 620dp tall and pushed the address off the bottom. It now takes the height left over instead.",,needs translation
cr_whats_new_beta_14,13,"Fixed notifications going undelivered while Home Assistant reported the device as not connected to local push notifications, even with the app open. The app stood aside for its background connection whenever the settings said that connection should be running — but when Android refused to start it, such as after a reboot, nothing was listening at all. The app now checks whether that connection is really running rather than whether it is meant to be, takes over when it is not, and hands the channel back the moment it does come up.",,needs translation; don't translate Home Assistant
cr_whats_new_beta_14,14,"Fixed room-following settings not taking effect on the device you changed them from. Turning following off, or changing how long a room must hold before it counts as a move, was written to the companion component but not to the device's own cached copy — so it kept following, and kept using the old dwell time, until the app was next started. Changes now apply immediately. The dwell slider also no longer offers zero seconds, which made the very first sensor reading count as a move.",,needs translation
cr_whats_new_beta_14,15,"The Formula 1 card now says one thing: the next grand prix and when it is — “Today 15:00” on the day, otherwise the date and time, in your own timezone. Track status is gone from it, because outside a session that read “Not running”, which is not what anyone glances at the card for. The status sits in the same dark pill the camera, vacuum and waste cards use, so it lines up with the rest of your dashboard again. The circuit outline stays as a faint watermark and the host country flag in the corner. The widget also no longer asks which F1 instance to use — it reads everything the integration publishes, so the dialog always has the full picture.",,needs translation
cr_whats_new_beta_14,16,"The To-Do List dialog's undo/redo and Close buttons moved from the title row to the bottom action bar, matching every other dialog in the app.",,needs translation
cr_whats_new_beta_14,17,* HKI 7 Cloud Component integration required.,,needs translation; don't translate HKI 7 Cloud
cr_whats_new_beta_13,1,"HKI can now follow you from room to room. Point it at a room-presence sensor such as ESPresense and it opens the room you are in when the app starts, then offers to switch views when you move somewhere else. Rooms also gain a purple counter showing how many people are in them, beside the motion and presence counters. An admin sets this up for the whole family under Settings › Family Sharing › Presence: pick each person's sensor and how long a new room must hold before it counts as a move. Sensor rooms named after your Home Assistant areas are matched automatically.*",,needs translation; don't translate Home Assistant
cr_whats_new_beta_13,2,"Notifications from Home Assistant can now carry action buttons. Add actions to a notify.mobile_app_… message and each one appears on the notification; tapping it sends the action back to Home Assistant, where an automation can respond. The buttons also appear on the in-app banner and in the notification drawer, because HKI hides system notifications while it is open. A URI action opens its link, a REPLY action takes a typed answer, and an action tapped while offline is delivered once the connection returns. Each notification can be actioned once.",,needs translation; don't translate Home Assistant
cr_whats_new_beta_13,3,"New Action button: a button that needs no entity at all. Give it a name, an icon, and whatever tap, hold, or double-tap action you like — navigate to a view or room, call a Home Assistant action, open a URL or a custom popup. Add one from the widget picker, from a button stack, or as an action badge in the badge area beside the header.",,needs translation; don't translate Home Assistant
cr_whats_new_beta_13,4,"Icon-only buttons can now be sized. Auto shrinks the icon as a stack gains columns, which is what makes icon-only usable in the four-, five-, and six-column custom popups where a fixed-size icon used to overflow the button. A button can also be given its own size.",,needs translation
cr_whats_new_beta_13,5,"Button stacks can push their appearance onto every button they hold: one Icon only for every button switch instead of the same switch on twenty buttons, plus an icon size they all inherit. A single button can still override the size.",,needs translation
cr_whats_new_beta_13,6,"The quick start guide can be browsed by hand. Swipe the gesture preview, tap a dot, or tap any tip to jump to it. It still plays on its own until you take over.",,needs translation
cr_whats_new_beta_13,7,"Fixed the waste widget showing the wrong icon and colour for every collection type outside Dutch: the type was matched against the translated label, so PMD shown as Packaging fell through to a generic grey-blue bin. PMD is orange with a recycling symbol again.",,needs translation
cr_whats_new_beta_13,8,"Fixed the room-following prompt appearing after Ask before switching rooms was turned off, and for the room already on screen. It now also offers Don't ask again until I restart the app, and the wait time can be set whether or not prompting is on.",,needs translation
cr_whats_new_beta_13,9,"Flows can express Any of these and nested logic, not just a flat list of ANDs. A group opens into its own list with a breadcrumb, and groups can hold groups, so motion detected AND (after sunset OR guest mode on) is buildable. It is the same structure Home Assistant's own editor writes, so a flow made in HA that used OR is no longer an untouchable advanced block.",,needs translation; don't translate Home Assistant
cr_whats_new_beta_13,10,"Thermostat dials on the Climate view no longer squeeze six across a landscape foldable. Dials hold at four per row until the window is genuinely desktop-wide, so each keeps enough width to read.",,needs translation
cr_whats_new_beta_13,11,"The Waiting for notifications message now has a Hide this notification button that jumps straight to its Android channel settings, where switching the channel off hides it for good while the connection keeps working. Android will not let a background connection run without a visible notification, so this is as far as muting can go. It also switches itself on when you have more than one Home Assistant server.",,needs translation; don't translate Home Assistant
cr_whats_new_beta_13,12,"The vacuum widget can now draw a Valetudo map itself. Choose Valetudo map as the button image and point it at your robot's map camera: HKI reads the map data Valetudo hides inside that camera's PNG and draws the floor, walls, rooms, the robot, its dock and the path it has taken. No add-on, custom component or extra Home Assistant integration is involved, and the map refreshes on its own while the robot is cleaning.",,"needs translation; don't translate Home Assistant, Valetudo"
cr_whats_new_beta_13,13,"Tap a room on the Valetudo map to send the robot to clean it. Rooms use the names you gave them in Valetudo. Cleaning a single room goes through Home Assistant's clean_area action, so first map the robot's segments to your areas in Home Assistant — until you do, the map says so instead of leaving the tap doing nothing.",,"needs translation; don't translate Home Assistant, Valetudo"
cr_whats_new_beta_13,14,"The vacuum settings now warn that plain Map camera on a Valetudo map entity shows a blank tile. Valetudo deliberately does not render the map on the robot, so its PNG is only a container for the data — Valetudo map is the mode that shows something.",,needs translation; don't translate Valetudo
cr_whats_new_beta_13,15,"The vacuum dialog now shows a Valetudo map whenever the map camera you picked actually carries one, whatever the button image is set to — the button image only decides how the tile on the dashboard looks. Cameras that turn out not to be Valetudo maps still show their picture, and HKI stops re-checking once it knows.",,needs translation; don't translate Valetudo
cr_whats_new_beta_13,16,"The robot image now spins while the vacuum is cleaning or returning to its dock, using the same icon animation settings as the rest of the app. A button's own animation setting still overrides it, and Off keeps it still.",,needs translation
cr_whats_new_beta_13,17,* HKI 7 Cloud Component integration required.,,needs translation; don't translate HKI 7 Cloud
cr_whats_new_beta_12,1,"Button widgets and button stacks can now hold an empty, fully transparent button. It takes up a grid cell without drawing anything, so the buttons around it line up exactly where you want them.",,needs translation
cr_whats_new_beta_12,2,Buttons can show just their icon. The new Icon only switch under a button's Appearance settings drops the name and state and centers a larger icon on the button.,,needs translation
cr_whats_new_beta_12,3,"New Custom popup action for buttons, badges, and dialog buttons. Point any tap, hold, or double tap at a popup you build yourself: it opens with the usual dialog title, status, history, and close controls, and you fill it with any widget the app offers. Popups are listed under Settings › Appearance › Popups, where Edit contents opens one ready to arrange. Popups are shared, so several buttons can open the same one, and stacks inside a popup can use up to six columns instead of three. While a popup is being arranged, a Done button sits beside Add widget to leave edit mode without closing it.",,needs translation
cr_whats_new_beta_12,4,"Fixed the Energy detail views (Solar, Electricity, Gas, Water, City heating, Battery) drawing their cards flush against each other with their headings missing. Production, Forecast, Inverters and the rest were hidden behind the card below them; the cards now keep their headings and the usual spacing.",,needs translation
cr_whats_new_beta_12,5,"Fixed Parental Controls refusing to save. An out-of-date HKI 7 Cloud component rejects the Visible and Invisible lists, which used to fail the whole policy; the permissions now save regardless and the message says the component needs updating. Those lists only filter entity lists such as global search — a button on a family dashboard stays visible unless it is hidden for that person explicitly.*",,needs translation; don't translate HKI 7 Cloud
cr_whats_new_beta_12,6,* HKI 7 Cloud Component integration required.,,needs translation; don't translate HKI 7 Cloud
cr_whats_new_beta_11,1,"Rooms, Climate, Security, Energy, and Battery dashboards now make better use of tablets and foldables. Large cards follow the Home and individual-room 1/2/3-column layout, while compact tiles auto-fit without becoming cramped. Climate, Security, and Energy cards use a height-aware masonry layout on wider displays, eliminating large gaps below shorter cards.",,needs translation
cr_whats_new_beta_11,2,State-colored icons on entity buttons and header/status pills now preserve their semantic hue while automatically shifting lighter or darker when they would blend into the current theme.,,needs translation
cr_whats_new_beta_11,3,"Selecting a family dashboard during onboarding now subscribes that installation to it. Owner edits are published when Save or Done is tapped, active clients refresh immediately, and offline clients reconcile when reopened. Non-admin subscribers cannot create or duplicate dashboards unless the app is fully reset.*",,needs translation
cr_whats_new_beta_11,4,"Dashboard setup during onboarding can now restore a local, Google Drive, or Home Assistant backup. New Google Drive and Home Assistant backups use consistent, informative names containing the app version and creation date.*",,"needs translation; don't translate Home Assistant, Google Drive"
cr_whats_new_beta_11,5,"Calendar widgets become vertically scrollable when their height is too small for every event, and hidden Home widgets are removed from the layout instead of leaving an empty space.",,needs translation
cr_whats_new_beta_11,6,"Parcel carrier cards now show the earliest expected delivery date and time for active incoming or outgoing shipments, including integrations that expose a separate next-delivery sensor.",,needs translation
cr_whats_new_beta_11,7,"Family permissions can now independently allow dashboard switching and creation. Fully restricted subscribers see a locked Dashboard settings tab; onboarding removes its placeholder dashboard when switching is denied, and a deleted family dashboard opens a permission-aware recovery screen instead of silently creating a replacement.*",,needs translation
cr_whats_new_beta_11,8,"Family permissions now also control manual re-importing. Non-admins cannot open Family Sharing settings, disabled onboarding choices explain why they are unavailable, and aesthetics-only editors see only visual controls. Their local names, icons, colors, backgrounds, styles, sizes, and layouts take priority when owner updates arrive.*",,needs translation
cr_whats_new_beta_11,9,"Climate sensor/device tabs, Security groups, and every Energy detail tab now follow the same responsive one-, two-, or three-column masonry rules, including their edit and reorder layouts.",,needs translation
cr_whats_new_beta_11,10,Aesthetics-only family editors can no longer change header-pill configuration or the dashboard's people; those functional settings remain controlled by the owner.*,,needs translation
cr_whats_new_beta_11,11,"Parental Controls now replaces manual entity-ID entry with Visible and Invisible lists. Admins can select complete Home Assistant domains or individual entities, and global search hides restricted entities and devices. Invisible entries always take precedence.*",,needs translation; don't translate Home Assistant
cr_whats_new_beta_11,12,"Energy setup now imports SmartGateways and DSMR Reader P1 meters even when the Home Assistant Energy dashboard has not been configured and the sensors are not attached to a device. Tariff 1 and tariff 2 readings are recognised separately, and usage charts and period totals add both tariffs together when no single grid import or export sensor is set.",,needs translation; don't translate Home Assistant
cr_whats_new_beta_11,13,* HKI 7 Cloud Component integration required.,,needs translation; don't translate HKI 7 Cloud
cr_whats_new_beta_10,1,"Visibility rules now work across all widgets and individual items, with time, entity, person, and mixed AND/OR conditions. Admins using a family-shared dashboard can choose whether an item is Visible or Hidden for a selected user. Person conditions use HKI 7 Cloud, whose requirement is shown when it is unavailable. New rules start empty so you choose Time, Entity, or Person.",,needs translation; don't translate HKI 7 Cloud
cr_whats_new_beta_10,2,"Room-status counter badges keep a stable two-digit width. Headers responsively fit one, two, or three counters per row like the home-page and person badges, without pushing the title down.",,needs translation
cr_whats_new_beta_10,3,"Energy setup now recognises SmartGateways and DSMR Reader MQTT sensor names, and choosing a source device refills its separate sensor roles. City heating has dedicated settings, a source tile and detail tab, plus an estimated natural-gas equivalent for J/GJ heat readings.",,needs translation
cr_whats_new_beta_10,4,"Calendar widget dialogs now use the available height correctly, fixing content that previously occupied only half the settings dialog or was cut off.",,needs translation
cr_whats_new_beta_10,5,"Re-import settings now use one consistently spelled and localized label across Rooms, Climate, Security, Energy, and Battery. Conditional visibility wording was also corrected in every supported language.",,needs translation
cr_whats_new_beta_10,6,"Fixed PostNL and the current parcel-integration parser, so incoming shipments once again show their complete tracking details and delivered state. Carrier support has also been brought up to date.",,needs translation
cr_whats_new_beta_10,7,"Added an in-app language selector with full coverage in 13 languages: Dutch, German, French, Spanish (plus Latin American Spanish), Italian, Turkish, Portuguese (plus Brazilian Portuguese), Japanese, Korean, and Chinese (Simplified and Traditional). Each language shows its native name with an English hint beneath it.",,needs translation
cr_whats_new_beta_10,8,"The reconnect status now shows the actual connection error, making Wi-Fi, mobile-data, and VPN handovers much easier to diagnose.",,needs translation
cr_whats_new_beta_10,9,Screen rotation now follows your device’s auto-rotate setting instead of staying locked to portrait.,,needs translation
cr_whats_new_beta_10,10,"The Climate ""Outside"" tile now appears as soon as a weather device is linked, even without dedicated sensors, counts its temperature, humidity and pressure attributes in the summary, and graphs them with matching sensor colors.",,needs translation
cr_whats_new_beta_10,11,"Parcel status codes are now normal sentences. Dates and times follow the selected language and 12/24-hour preference, nearby deliveries use weekday names, the current year is omitted, and same-day windows no longer repeat the date.",,needs translation
cr_whats_new_beta_9,1,"Drag to reorder cameras, thermostats, and energy cards. In edit mode the Security, Climate, and Energy views each get a Reorder button for their relevant cards.",,needs translation
cr_whats_new_beta_9,2,"New Climate Outside tile. Link a weather entity or outdoor temperature, humidity, and air-pressure sensors, then open the tile for individual history graphs.",,needs translation
cr_whats_new_beta_9,3,"Visibility now belongs to each button and header badge. Hide an item or schedule it once or on a daily, weekly, monthly, or yearly recurrence.",,needs translation
cr_whats_new_beta_9,4,Header badges can be renamed from Appearance settings.,,needs translation
cr_whats_new_beta_9,5,Swiping cards autoplay every three seconds by default.,,needs translation
cr_whats_new_beta_9,6,"The Weather dialog adds autoplay for Season, a windrose card, and an optional rain-map card from a camera or embedded web page.",,needs translation
cr_whats_new_beta_9,7,"The Parcels widget was rebuilt around carriers, with logos, account totals, shipment sections, estimates, tracking history, and add-by-tracking support where available.",,needs translation
cr_whats_new_beta_9,8,"Humidifiers and dehumidifiers now have native power, humidity, mode, speed, and helper controls throughout the app.",,needs translation
cr_whats_new_beta_9,9,Room status counters are interactive and open the entities behind each count.,,needs translation
cr_whats_new_beta_9,10,Buttons and badges can show a live countdown from a completion-time entity.,,needs translation
cr_whats_new_beta_9,11,Shared dashboards publish owner edits automatically and recipients receive them on their next sync.,,needs translation
cr_whats_new_beta_9,12,Header display settings now belong to each dashboard and travel through backups and family sharing.,,needs translation
cr_whats_new_beta_9,13,Camera widgets fill the entire tile and follow the configured corner radius.,,needs translation
cr_whats_new_beta_9,14,"Waste collections on the same day now overlap visibly, and the larger dialog can be dismissed by tapping outside.",,needs translation
cr_whats_new_beta_9,15,"Battery, Waste, camera, weather, and About visuals are now more consistent.",,needs translation
cr_whats_new_beta_9,16,"Binary sensors use Home Assistant-style Open/Closed, Wet/Dry, Detected/Clear, and Connected/Disconnected labels.",,needs translation; don't translate Home Assistant
cr_whats_new_beta_9,17,"Aesthetic-only editors can change existing badge visuals but cannot add, remove, or reconfigure badges.",,needs translation
cr_whats_new_beta_9,18,Fixed network handovers: sockets tied to the old Android network are discarded and the saved Home Assistant session reconnects without an unnecessary login. Reconnect status also shows the failure reason.,,needs translation; don't translate Home Assistant
cr_whats_new_beta_8,1,Child locks are no longer imported automatically as room controls.,,needs translation
cr_whats_new_beta_8,2,Every button and badge now honours Home Assistant entity-icon overrides.,,needs translation; don't translate Home Assistant
cr_whats_new_beta_8,3,Vacuums now appear in the room badge bar and open their controls when tapped.,,needs translation
cr_whats_new_beta_8,4,"Individual buttons in multi-item widgets can be hidden or scheduled, including recurring annual date ranges.",,needs translation
cr_whats_new_beta_8,5,Multiple camera badges now open one swipeable dialog with fullscreen paging.,,needs translation
cr_whats_new_beta_8,6,"Family Sharing now lists cloud-published dashboards so they can be imported, reshared, or deleted after a reinstall.",,needs translation
cr_whats_new_beta_7,1,Automatic room import now skips built-in helper controls while retaining genuine extra controls.,,needs translation
cr_whats_new_beta_7,2,Climate devices from different integrations are no longer merged into one control.,,needs translation
cr_whats_new_beta_7,3,"Climate-device icons now match air conditioners, humidifiers, dehumidifiers, and air purifiers.",,needs translation
cr_whats_new_beta_7,4,Air-purifier and humidifier icons pulse gently instead of spinning.,,needs translation
cr_whats_new_beta_7,5,Door locks now use closed-door and open-door icons.,,needs translation
cr_whats_new_beta_7,6,Multi-device header badges can be reordered to choose their leading entity.,,needs translation
cr_whats_new_beta_7,7,Animated icon effects are enabled by default on new installations.,,needs translation
cr_whats_new_beta_7,8,Buttons and badges can display an entity attribute and optional unit instead of its state.,,needs translation
cr_whats_new_beta_7,9,"Dashboards can now be copied with all rooms, widgets, and page settings.",,needs translation
cr_whats_new_beta_7,10,"Family Sharing now combines parental controls, dashboard sharing, and per-user permissions.",,needs translation
cr_whats_new_beta_7,11,Shared dashboards update automatically while keeping allowed local visual changes.,,needs translation
cr_whats_new_beta_7,12,Non-admin family members can use automatic per-room Adaptive Lighting controls when the HKI 7 Cloud component is installed.,,needs translation; don't translate HKI 7 Cloud
cr_whats_new_beta_7,13,Fixed unreadable header and pull-down labels in light mode and with custom appearances.,,needs translation
cr_whats_new_beta_7,14,About now provides What’s new and Full changelog buttons.,,needs translation
cr_whats_new_beta_7,15,Fixed the Unable to connect screen so it appears reliably when Home Assistant cannot be reached.,,needs translation; don't translate Home Assistant
cr_whats_new_beta_6,1,Fixed edit-mode action bars overlapping Android three-button navigation.,,needs translation
cr_whats_new_beta_6,2,The Backup and Restore screen now shows when each automatic cloud backup last ran.,,needs translation
cr_whats_new_beta_6,3,Each cloud backup now has a Back up now button.,,needs translation
cr_whats_new_beta_6,4,Fixed the oversized app icon after the themed-icon update.,,needs translation
cr_whats_new_beta_4_to_5,1,The Backup and Restore screen now shows when each automatic cloud backup last ran.,,needs translation
cr_whats_new_beta_4_to_5,2,Each cloud backup now has a Back up now button.,,needs translation
cr_whats_new_beta_4_to_5,3,Fixed the oversized app icon after the themed-icon update.,,needs translation
cr_whats_new_beta_3,1,"Added Simple Icons, Tabler, and Phosphor icon packs alongside Material Design Icons.",,needs translation
cr_whats_new_beta_3,2,"Added animated entity icons that glow, spin, or pulse while active.",,needs translation
cr_whats_new_beta_3,3,Added family dashboard sharing for admins.*,,needs translation
cr_whats_new_beta_3,4,Added parental controls that can hide selected views and rooms for specific people.*,,needs translation
cr_whats_new_beta_3,5,Added automatic daily backup to your own Home Assistant.*,,needs translation; don't translate Home Assistant
cr_whats_new_beta_3,6,Media-source icons are colored and can open the installed source app.,,needs translation
cr_whats_new_beta_3,7,New iFrame widget for embedding web pages.,,needs translation
cr_whats_new_beta_3,8,Energy views now show negative values while exporting power.,,needs translation
cr_whats_new_beta_3,9,Fixed onboarding completing when switching away before finishing.,,needs translation
cr_whats_new_beta_3,10,Fixed the thermostat-dial mode button overlapping nearby items.,,needs translation
cr_whats_new_beta_3,11,Many smaller bug fixes.,,needs translation
cr_whats_new_beta_3,12,* HKI 7 Cloud Component integration required.,,needs translation; don't translate HKI 7 Cloud
cr_whats_new_beta_2,1,"Improved layouts on short and narrow displays, with a single-column fallback throughout the app.",,needs translation
cr_whats_new_beta_2,2,Dialog headers use two rows on narrow screens so titles are no longer cut off.,,needs translation
cr_whats_new_beta_2,3,Fixed Adaptive Lighting sliders overlapping other elements.,,needs translation
cr_whats_new_beta_2,4,Navigation bars now indicate when more items are available off-screen.,,needs translation
cr_whats_new_beta_2,5,Fixed cameras ignoring the screen-orientation lock.,,needs translation
cr_whats_new_beta_2,6,Fixed zoom in camera dialogs and fullscreen cameras.,,needs translation
global_search_browse_entities,one,Browse %1$d entity on this device,Περιηγηθείτε στην οντότητα %1$d σε αυτήν τη συσκευή,app fills in %1$d — keep them
global_search_browse_entities,other,Browse %1$d entities on this device,Περιηγηθείτε σε %1$d οντότητες σε αυτήν τη συσκευή,app fills in %1$d — keep them
global_search_entity_count,one,%1$d entity,%1$d οντότητα,app fills in %1$d — keep them
global_search_entity_count,other,%1$d entities,%1$d οντότητες,app fills in %1$d — keep them
rooms_count,one,%1$d room,%1$d δωμάτιο,app fills in %1$d — keep them
rooms_count,other,%1$d rooms,%1$d δωμάτια,app fills in %1$d — keep them
core_system,,System,Σύστημα,
core_greeting_morning,,Good Morning,Καλημέρα,
core_greeting_afternoon,,Good Afternoon,Καλημέρα,
core_greeting_evening,,Good Evening,Καλησπέρα,
core_greeting_night,,Good Night,Καληνύχτα,
core_last_seen_just_now,,Last seen just now,Τελευταία εμφάνιση μόλις τώρα,
core_no_media_playing,,No media is playing,Δεν παίζει κανένα μέσο,
core_media_players_playing,one,%1$d media player is playing,Αναπαράγεται το πρόγραμμα αναπαραγωγής πολυμέσων %1$d,app fills in %1$d — keep them
core_media_players_playing,other,%1$d media players are playing,Παίζουν τα προγράμματα αναπαραγωγής πολυμέσων %1$d,app fills in %1$d — keep them
core_last_seen_minutes,one,Last seen %1$d minute ago,Τελευταία εμφάνιση πριν από %1$d λεπτό,app fills in %1$d — keep them
core_last_seen_minutes,other,Last seen %1$d minutes ago,Τελευταία εμφάνιση πριν από %1$d λεπτά,app fills in %1$d — keep them
core_last_seen_hours,one,Last seen %1$d hour ago,Τελευταία εμφάνιση πριν από %1$d ώρα,app fills in %1$d — keep them
core_last_seen_hours,other,Last seen %1$d hours ago,Τελευταία επίσκεψη πριν από %1$d ώρες,app fills in %1$d — keep them
core_last_seen_days,one,Last seen %1$d day ago,Τελευταία επίσκεψη πριν από %1$d ημέρα,app fills in %1$d — keep them
core_last_seen_days,other,Last seen %1$d days ago,Τελευταία επίσκεψη πριν από %1$d ημέρες,app fills in %1$d — keep them
core_last_seen_weeks,one,Last seen %1$d week ago,Τελευταία επίσκεψη πριν από %1$d εβδομάδα,app fills in %1$d — keep them
core_last_seen_weeks,other,Last seen %1$d weeks ago,Τελευταία επίσκεψη πριν από %1$d εβδομάδες,app fills in %1$d — keep them
dlg_1_advanced_shorthand_block_kept_unchanged,,1 advanced shorthand block (kept unchanged),1 σύνθετο μπλοκ στενογραφίας (διατηρήθηκε αμετάβλητο),
dlg_24_hour_format,,24-Hour Format,Μορφή 24 ωρών,
dlg_action_count,,%1$s action,Δράση %1$s,app fills in %1$s — keep them
dlg_action,,Action,Δράση,
dlg_action_data,,Action data,Δεδομένα δράσης,
dlg_action_data_object,,Action data object,Αντικείμενο δεδομένων ενέργειας,
dlg_action_details,,Action details,Λεπτομέρειες δράσης,
dlg_adapt_now,,Adapt now,Προσαρμόσου τώρα,
dlg_adaptive_lighting,,Adaptive Lighting,Προσαρμοζόμενος Φωτισμός,
dlg_adaptive_lighting_is_unavailable,,Adaptive Lighting is unavailable,Ο προσαρμοστικός φωτισμός δεν είναι διαθέσιμος,
dlg_add_4_10_entity_buttons_to_this_dialog_s,,Add 4–10 entity buttons to this dialog's nav bar.,Προσθέστε 4–10 κουμπιά οντοτήτων στη γραμμή πλοήγησης αυτού του διαλόγου.,
dlg_add,,Add,Προσθέτω,
dlg_add_at_least_one_step,,Add at least one step,Προσθέστε τουλάχιστον ένα βήμα,
dlg_add_button,,Add button,Κουμπί προσθήκης,
dlg_add_custom_buttons,,Add Custom Buttons,Προσθήκη προσαρμοσμένων κουμπιών,
dlg_add_more_for_a_full_row,,Add %1$s more for a full row.,Προσθέστε %1$s περισσότερα για μια πλήρη σειρά.,app fills in %1$s — keep them
dlg_add_to,,Add to %1$s,Προσθήκη στο %1$s,app fills in %1$s — keep them
dlg_advanced,,Advanced,Προχωρημένος,
dlg_advanced_action_data_json,,Advanced action data (JSON),Δεδομένα προηγμένων ενεργειών (JSON),
dlg_advanced_shorthand_blocks_kept_unchanged,,%1$s advanced shorthand blocks (kept unchanged),%1$s προηγμένα μπλοκ συντομογραφίας (διατηρούνται αμετάβλητα),app fills in %1$s — keep them
dlg_alarm_entities,,Alarm entities,Οντότητες συναγερμού,
dlg_alarm_pending,,Alarm pending,Συναγερμός σε εκκρεμότητα,
dlg_alignment,,Alignment,Ευθυγραμμία,
dlg_always,,Always,Πάντοτε,
dlg_any_state,,Any state,Οποιοδήποτε κράτος,
dlg_appearance,,Appearance,Εμφάνιση,
dlg_apply,,Apply,Εφαρμόζω,
dlg_aspect_ratio,,Aspect ratio,Λόγος διαστάσεων,
dlg_astronomical_tap_or_swipe,,Astronomical · tap or swipe,Αστρονομικό · αγγίξτε ή σύρετε,
dlg_auto,,Auto,Αυτο,
dlg_auto_none,,Auto / none,Αυτόματο / κανένα,
dlg_auto_scan,,Auto-scan,Αυτόματη σάρωση,
dlg_automation,,Automation,Αυτοματοποίηση,
dlg_back,,Back,Πίσω,
dlg_backspace,,Backspace,Backspace,
dlg_badge_bar_layout,,Badge bar layout,Διάταξη γραμμής σήματος,
dlg_batt,,Batt,Batt,
dlg_battery_value,,Battery: %1$s,Μπαταρία: %1$s,app fills in %1$s — keep them
dlg_built_in,,Built-in,Ενσωματωμένο,
dlg_cancel,,Cancel,Ματαίωση,
dlg_cancel_arming,,Cancel arming,Ακύρωση όπλισης,
dlg_change,,Change,Αλλαγή,
dlg_choose_a_side_when_the_badge_bar_is_split,,Choose a side when the badge bar is split,Επιλέξτε μια πλευρά όταν η γραμμή σήματος είναι χωρισμένη,
dlg_choose_a_state,,Choose a state,Επιλέξτε μια πολιτεία,
dlg_condition,,Condition,Κατάσταση,
dlg_condition_is,,Is,Είναι,
dlg_condition_is_not,,Is not,Δεν είναι,
dlg_condition_state,,State,Κατάσταση,
dlg_vis_and,,AND,ΚΑΙ,
dlg_vis_conditional,,Conditional,Υποθετικός,
dlg_vis_entity_state,,Entity state,Κράτος οντότητας,
dlg_vis_person,,Person,Πρόσωπο,
dlg_visible,,Visible,Ορατός,
dlg_choose_person,,Choose person,Διάλεξε άτομο,
dlg_person_condition_hint,,Matches the signed-in Home Assistant user. This rule travels with a shared dashboard.,Ταιριάζει με τον συνδεδεμένο χρήστη Home Assistant. Αυτός ο κανόνας ταξιδεύει με έναν κοινόχρηστο πίνακα ελέγχου.,don't translate Home Assistant
dlg_person_requires_hki7_cloud,,Person visibility requires the HKI 7 Cloud component. Install it to select Home Assistant users here.,Η ορατότητα ατόμου απαιτεί το στοιχείο HKI 7 Cloud. Εγκαταστήστε το για να επιλέξετε Home Assistant χρήστες εδώ.,"don't translate HKI 7 Cloud, Home Assistant"
dlg_vis_match,,Match,Αγώνας,
dlg_vis_match_all,,All rules,Όλοι οι κανόνες,
dlg_vis_match_any,,Any rule,Οποιοσδήποτε κανόνας,
dlg_vis_or,,OR,Ή,
dlg_vis_time_schedule,,Time schedule,Χρονοδιάγραμμα,
dlg_choose_a_visual_home_assistant_block,,Choose a visual Home Assistant block,Επιλέξτε ένα οπτικό μπλοκ Home Assistant,don't translate Home Assistant
dlg_choose_action,,Choose action,Επιλέξτε δράση,
dlg_choose_an_action,,Choose an action,Επιλέξτε μια ενέργεια,
dlg_choose_an_entity,,Choose an entity,Επιλέξτε μια οντότητα,
dlg_choose_an_entity_first,,Choose an entity first,Επιλέξτε πρώτα μια οντότητα,
dlg_choose_entity,,Choose entity,Επιλέξτε οντότητα,
dlg_choose_the_home_assistant_entities_that_drive_this_room,,Choose the Home Assistant entities that drive this room's live indicators. Indicators only appear while they are active.,Επιλέξτε τις Home Assistant οντότητες που οδηγούν τους ζωντανούς δείκτες αυτού του δωματίου. Οι δείκτες εμφανίζονται μόνο όταν είναι ενεργοί.,don't translate Home Assistant
dlg_choose_the_profile_for_this_light,,Choose the profile for this light,Επιλέξτε το προφίλ για αυτό το φως,
dlg_choose_what_this_action_should_control,,Choose what this action should control,Επιλέξτε τι πρέπει να ελέγχει αυτή η ενέργεια,
dlg_choose_what_this_badge_summarizes,,Choose what this badge summarizes,Επιλέξτε τι συνοψίζει αυτό το σήμα,
dlg_choose_what_this_header_pill_shows,,Choose what this header pill shows,Επιλέξτε τι δείχνει αυτό το χάπι κεφαλίδας,
dlg_clear,,Clear,Σαφής,
dlg_clear_rooms_view,,Clear rooms view?,Καθαρή θέα στα δωμάτια;,
dlg_climate_dialog_control,,Climate dialog control,Έλεγχος διαλόγου κλίματος,
dlg_climate_sources_take_priority_and_use_their_current_temper,,Climate sources take priority and use their current_temperature and current_humidity values. ,Οι κλιματικές πηγές έχουν προτεραιότητα και χρησιμοποιούν τις τιμές τρέχουσας_θερμοκρασίας και τρέχουσας_υγρασίας.,keep the space at the start/end
dlg_climate_summary,,Climate summary,Περίληψη του κλίματος,
dlg_close,,Close,Κοντά,
dlg_confirm,,Confirm,Επιβεβαιώνω,
dlg_controls_light_in_this_profile,,Controls %1$s light%2$s in this profile.,Ελέγχει %1$s light%2$s σε αυτό το προφίλ.,app fills in %1$s %2$s — keep them
dlg_countdown_timer,,Countdown timer,Χρονόμετρο αντίστροφης μέτρησης,
dlg_create_a_flow,,Create a flow,Δημιουργήστε μια ροή,
dlg_current,,Current %1$s%%,Τρέχον %1$s%%,app fills in %1$s — keep them
dlg_current_weather,,Current weather,Τρέχον καιρός,
dlg_custom,,Custom,Εθιμο,
dlg_custom_buttons,,Custom buttons,Προσαρμοσμένα κουμπιά,
dlg_custom_value,,Custom %1$s,Προσαρμοσμένο %1$s,app fills in %1$s — keep them
dlg_custom_name,,Custom name,Προσαρμοσμένο όνομα,
dlg_custom_seconds,,Custom seconds,Προσαρμοσμένα δευτερόλεπτα,
dlg_custom_state,,Custom state...,Προσαρμοσμένη κατάσταση...,
dlg_date,,Date,Ημερομηνία,
dlg_day_to,,%1$s day%2$s to %3$s,%1$s ημέρα%2$s έως %3$s,app fills in %1$s %2$s %3$s — keep them
dlg_delete_automation,,Delete automation?,Διαγραφή αυτοματισμού;,
dlg_delete,,Delete,Διαγράφω,
dlg_description,,Description,Περιγραφή,
dlg_details,,Details,Καθέκαστα,
dlg_device_value,,Device: %1$s,Συσκευή: %1$s,app fills in %1$s — keep them
dlg_device,,Device,Συσκευή,
dlg_direction,,Direction —,Κατεύθυνση -,
dlg_display,,Display,Επίδειξη,
dlg_display_linked_entities_and_dialog_layout,,"Display, linked entities, and dialog layout","Οθόνη, συνδεδεμένες οντότητες και διάταξη διαλόγου",
dlg_display_mode,,Display mode,Λειτουργία εμφάνισης,
dlg_display_order,,Display order,Παρουσίαση σειράς,
dlg_done,,Done,Γινώμενος,
dlg_door_sensors,,Door sensors,Αισθητήρες πόρτας,
dlg_edit,,Edit,Εκδίδω,
dlg_empty_bin,,Empty bin: %1$s,Άδειος κάδος: %1$s,app fills in %1$s — keep them
dlg_end,,End: %1$s,Τέλος: %1$s,app fills in %1$s — keep them
dlg_enter_a_valid_json_object,,Enter a valid JSON object,Εισαγάγετε ένα έγκυρο αντικείμενο JSON,
dlg_enter_code,,Enter code,Εισαγάγετε κωδικό,
dlg_enter_the_same_data_object_home_assistant_shows_in,,Enter the same data object Home Assistant shows in YAML. JSON is used here so values keep their exact type.,"Εισαγάγετε το ίδιο αντικείμενο δεδομένων Home Assistant που εμφανίζεται στο YAML. Το JSON χρησιμοποιείται εδώ, ώστε οι τιμές να διατηρούν τον ακριβή τύπο τους.",don't translate Home Assistant
dlg_entities_count,,Entities (%1$s),Οντότητες (%1$s),app fills in %1$s — keep them
dlg_entities_appearance_and_interactions,,"Entities, appearance, and interactions","Οντότητες, εμφάνιση και αλληλεπιδράσεις",
dlg_entities,,Entities,Οντότητες,
dlg_entities_that_signal_activity_or_safety_states,,Entities that signal activity or safety states,Οντότητες που σηματοδοτούν καταστάσεις δραστηριότητας ή ασφάλειας,
dlg_entity_integrations,,Entity integrations,Ενσωματώσεις οντοτήτων,
dlg_entity_name,,Entity name,Όνομα οντότητας,
dlg_entity_picture,,Entity picture,Εικόνα οντότητας,
dlg_event,,Event,Συμβάν,
dlg_exact_text_or_number_reported_by_home_assistant,,Exact text or number reported by Home Assistant,Ακριβές κείμενο ή αριθμός που αναφέρθηκε από Home Assistant,don't translate Home Assistant
dlg_exit_full_screen,,Exit full screen,Έξοδος από πλήρη οθόνη,
dlg_floor,,Floor,Πάτωμα,
dlg_floor_assignment,,Floor assignment,Ανάθεση ορόφου,
dlg_flows,,Flows,Ροές,
dlg_forecast,,Forecast,Πρόβλεψη,
dlg_forget_selection,,Forget selection,Ξεχάστε την επιλογή,
dlg_forward,,Forward,Προς τα εμπρός,
dlg_from,,From %1$s,Από %1$s,app fills in %1$s — keep them
dlg_from_state,,From state,Από κράτος,
dlg_full_day_name,,Full Day Name,Ολοήμερο Όνομα,
dlg_group_light_paused_for_manual_control,,%1$s group light%2$s paused for manual control.,Το %1$s ομαδικό φως%2$s τέθηκε σε παύση για μη αυτόματο έλεγχο.,app fills in %1$s %2$s — keep them
dlg_header_appearance,,Header appearance,Εμφάνιση κεφαλίδας,
dlg_header_custom_color_rrggbb,,Header custom color (#RRGGBB),Προσαρμοσμένο χρώμα κεφαλίδας (#RRGGBB),
dlg_header_pill,,Header pill,Χάπι κεφαλίδας,
dlg_hidden,,Hidden,Κεκρυμμένος,
dlg_hidden_during,,Hidden during,Κρυμμένο κατά τη διάρκεια,
dlg_hide_this_badge_or_schedule_when_it_appears,,"Hide this badge, or schedule when it appears",Απόκρυψη αυτού του σήματος ή προγραμματισμός όταν εμφανιστεί,
dlg_https,,https://…,https://…,
dlg_humidity,,Humidity,Υγρασία,
dlg_icon,,Icon,Εικόνισμα,
dlg_icon_animation,,Icon animation,Κινούμενα σχέδια εικονιδίων,
dlg_icon_value,,Icon: %1$s,Εικονίδιο: %1$s,app fills in %1$s — keep them
dlg_identity,,Identity,Ταυτότητα,
dlg_identity_presentation_indicators_and_maintenance,,"Identity, presentation, indicators, and maintenance","Ταυτότητα, παρουσίαση, δείκτες και συντήρηση",
dlg_import_only_rooms_that_have_not_been_edited_or,,"Import only rooms that have not been edited, or rebuild everything. Rebuilding removes all edited rooms and floors before importing them from scratch.",Εισαγάγετε μόνο δωμάτια που δεν έχουν υποστεί επεξεργασία ή ανακατασκευάστε τα πάντα. Η ανοικοδόμηση αφαιρεί όλα τα επεξεργασμένα δωμάτια και ορόφους πριν τα εισαγάγει από την αρχή.,
dlg_import_unedited,,Import unedited,Εισαγωγή χωρίς επεξεργασία,
dlg_interactions,,Interactions,Αλληλεπιδράσεις,
dlg_is,, is,είναι,keep the space at the start/end
dlg_items,,%1$s items,%1$s στοιχεία,app fills in %1$s — keep them
dlg_last_run,,Last run %1$s,Τελευταία εκτέλεση %1$s,app fills in %1$s — keep them
dlg_left,,Left,Αριστερά,
dlg_left_side_overflows_right,,Left side overflows right,Η αριστερή πλευρά υπερχειλίζει δεξιά,
dlg_live,,Live,Ζω,
dlg_live_uppercase,,LIVE,ΖΩ,
dlg_live_indicators,,Live indicators,Ζωντανοί δείκτες,
dlg_loading_actions,,Loading actions…,Φόρτωση ενεργειών…,
dlg_lunar_phase,,Lunar phase,Σεληνιακή φάση,
dlg_map,,Map,Χάρτης,
dlg_map_value,,Map: %1$s,Χάρτης: %1$s,app fills in %1$s — keep them
dlg_media,,Media,Μέσα ενημέρωσης,
dlg_media_browsing_isn_t_available_for_this_player,,Media browsing isn't available for this player.,Η περιήγηση πολυμέσων δεν είναι διαθέσιμη για αυτήν τη συσκευή αναπαραγωγής.,
dlg_media_library,,Media library,Βιβλιοθήκη πολυμέσων,
dlg_media_players,,Media players,Media player,
dlg_meteorological_tap_or_swipe,,Meteorological · tap or swipe,Μετεωρολογικά · αγγίξτε ή σύρετε,
dlg_mm,,%1$s mm,%1$s χλστ,app fills in %1$s — keep them
dlg_modes,,Modes,Λειτουργίες,
dlg_moon,,Moon,Φεγγάρι,
dlg_move_down,,Move down,Μετακίνηση προς τα κάτω,
dlg_move_up,,Move up,Μετακινηθείτε προς τα πάνω,
dlg_multiple_climate_values_are_averaged_separate_sensor_value,,Multiple climate values are averaged. Separate sensor values are averaged only when no climate source is selected.,Υπολογίζονται κατά μέσο όρο πολλαπλές τιμές κλίματος. Οι τιμές των χωριστών αισθητήρων υπολογίζονται κατά μέσο όρο μόνο όταν δεν έχει επιλεγεί πηγή κλίματος.,
dlg_name,,Name,Ονομα,
dlg_name_and_icon_used_throughout_the_app,,Name and icon used throughout the app,Όνομα και εικονίδιο που χρησιμοποιούνται σε όλη την εφαρμογή,
dlg_name_optional,,Name (optional),Όνομα (προαιρετικό),
dlg_native_home_assistant_automations_always_in_sync,,"Native Home Assistant automations, always in sync","Εγγενείς αυτοματισμοί Home Assistant, πάντα σε συγχρονισμό",don't translate Home Assistant
dlg_never_triggered,,Never triggered,Δεν ενεργοποιήθηκε ποτέ,
dlg_new_flow,,New flow,Νέα ροή,
dlg_next_camera,,Next camera,Επόμενη κάμερα,
dlg_no_conditions_this_flow_always_continues,,No conditions — this flow always continues,Χωρίς προϋποθέσεις — αυτή η ροή συνεχίζεται πάντα,
dlg_no_door_sensor,,No door sensor,Χωρίς αισθητήρα πόρτας,
dlg_no_forecast_available,,No forecast available,Δεν υπάρχει διαθέσιμη πρόβλεψη,
dlg_no_matching_automations,,No matching automations,Χωρίς αντίστοιχους αυτοματισμούς,
dlg_no_native_home_assistant_automations_found,,No native Home Assistant automations found,Δεν βρέθηκαν εγγενείς αυτοματισμοί Home Assistant,don't translate Home Assistant
dlg_no_profile_available,,No profile available,Δεν υπάρχει διαθέσιμο προφίλ,
dlg_no_stream_available,,No stream available,Δεν υπάρχει διαθέσιμη ροή,
dlg_no_supported_alarm_modes_reported_by_this_entity,,No supported alarm modes reported by this entity,Δεν αναφέρθηκαν υποστηριζόμενες λειτουργίες συναγερμού από αυτήν την οντότητα,
dlg_no_target,,No target,Κανένας στόχος,
dlg_none,,None,Κανένας,
dlg_none_timer_follows_the_completion_time_only,,None — timer follows the completion time only,Κανένα — ο χρονοδιακόπτης ακολουθεί μόνο τον χρόνο ολοκλήρωσης,
dlg_not_loaded_by_home_assistant,,Not loaded by Home Assistant,Δεν φορτώθηκε από Home Assistant,don't translate Home Assistant
dlg_nothing_here,,Nothing here.,Τίποτα εδώ.,
dlg_off_uppercase,,OFF,ΜΑΚΡΙΑ ΑΠΟ,
dlg_off,,Off,Μακριά από,
dlg_on_uppercase,,ON,ΕΠΙ,
dlg_on,,On,Επί,
dlg_percent_on,,%1$s%% • ON,%1$s%% • ΕΝΕΡΓΟ,app fills in %1$s — keep them
dlg_open_camera_full_screen,,Open camera full screen,Ανοίξτε την κάμερα σε πλήρη οθόνη,
dlg_open,,Open,Ανοιχτό,
dlg_optional_controls_and_sensors_for_richer_dialogs,,Optional controls and sensors for richer dialogs,Προαιρετικά χειριστήρια και αισθητήρες για πλουσιότερους διαλόγους,
dlg_optional_fields_passed_to_home_assistant,,Optional fields passed to Home Assistant,Προαιρετικά πεδία μεταβιβάστηκαν στο Home Assistant,don't translate Home Assistant
dlg_optional_label_shown_when_name_is_enabled_above,,"Optional label shown when ""Name"" is enabled above","Προαιρετική ετικέτα εμφανίζεται όταν το ""Όνομα"" είναι ενεργοποιημένο παραπάνω",
dlg_oscillate,,Oscillate,Ταλαντεύομαι,
dlg_pause,,Pause,Παύση,
dlg_pause_adaptation,,Pause adaptation,Παύση προσαρμογής,
dlg_pending_timer,,Pending timer,Χρονόμετρο σε εκκρεμότητα,
dlg_pick_a_source_device_or_fine_tune_individual_roles,,Pick a source device or fine-tune individual roles,Επιλέξτε μια συσκευή πηγής ή βελτιστοποιήστε μεμονωμένους ρόλους,
dlg_place_this_room_in_the_correct_floor_group,,Place this room in the correct floor group,Τοποθετήστε αυτό το δωμάτιο στη σωστή ομάδα ορόφων,
dlg_placement,,Placement,Τοποθέτηση,
dlg_players_summarized_by_the_room_header_and_card,,Players summarized by the room header and card,Οι παίκτες συνοψίζονται από την κεφαλίδα και το φύλλο του δωματίου,
dlg_please_wait,,Please wait…,Παρακαλώ περιμένετε…,
dlg_precipitation,,Precipitation,Κατακρήμνιση,
dlg_presets_uppercase,,PRESETS,ΠΡΟΡΥΘΜΙΣΕΙΣ,
dlg_presets,,Presets,Προεπιλογές,
dlg_previous_camera,,Previous camera,Προηγούμενη κάμερα,
dlg_profile,,Profile,Προφίλ,
dlg_profile_switches_affect_every_light_assigned_to,,Profile switches affect every light assigned to %1$s.,Οι διακόπτες προφίλ επηρεάζουν κάθε φως που έχει εκχωρηθεί στο %1$s.,app fills in %1$s — keep them
dlg_rain,,Rain,Βροχή,
dlg_rain_map,,Rain map,Χάρτης βροχής,
dlg_rain_map_url_iframe,,Rain map URL (iframe),URL χάρτη βροχής (iframe),
dlg_re_import_rooms,,Re-import rooms,Επανεισαγωγή δωματίων,
dlg_read_only_home_assistant_automation,,Read-only Home Assistant automation,Αυτοματισμός Home Assistant μόνο για ανάγνωση,don't translate Home Assistant
dlg_recipes_create_regular_home_assistant_automations_you_can,,Recipes create regular Home Assistant automations. You can continue editing them in either HKI7 or Home Assistant.,Οι συνταγές δημιουργούν κανονικούς αυτοματισμούς Home Assistant. Μπορείτε να συνεχίσετε να τα επεξεργάζεστε είτε στο HKI7 είτε στο Home Assistant.,"don't translate Home Assistant, HKI7"
dlg_remove,,Remove,Αφαιρώ,
dlg_remove_edits_and_import_all,,Remove edits and import all,Κατάργηση αλλαγών και εισαγωγή όλων,
dlg_repeat,,Repeat,Επαναλαμβάνω,
dlg_repeats_every_day_only_the_time_of_day_is,,Repeats every day — only the time of day is used.,Επαναλαμβάνεται κάθε μέρα — χρησιμοποιείται μόνο η ώρα της ημέρας.,
dlg_repeats_every_month_only_the_day_of_the_month,,Repeats every month — only the day of the month and time are used.,Επαναλαμβάνεται κάθε μήνα — χρησιμοποιούνται μόνο η ημέρα του μήνα και η ώρα.,
dlg_repeats_every_week_only_the_weekday_and_time_are,,Repeats every week — only the weekday and time are used.,Επαναλαμβάνεται κάθε εβδομάδα — χρησιμοποιούνται μόνο η καθημερινή και η ώρα.,
dlg_repeats_every_year_the_year_is_ignored_so_e,,"Repeats every year — the year is ignored, so e.g. 24–26 Dec recurs each Christmas.","Επαναλαμβάνεται κάθε χρόνο — το έτος αγνοείται, έτσι π.χ. 24–26 Δεκεμβρίου επαναλαμβάνεται κάθε Χριστούγεννα.",
dlg_required,, (required),(υποχρεούμαι),keep the space at the start/end
dlg_required_state,,Required state,Απαιτούμενη κατάσταση,
dlg_resume_adaptation,,Resume adaptation,Συνέχιση της προσαρμογής,
dlg_resume,,Resume,Περίληψη,
dlg_reverse,,Reverse,Αντίστροφο,
dlg_right,,Right,Δικαίωμα,
dlg_right_side_overflows_left,,Right side overflows left,Η δεξιά πλευρά υπερχειλίζει αριστερά,
dlg_room_areas,,Room areas,Χώροι δωματίων,
dlg_room_climate,,Room climate,Κλίμα δωματίου,
dlg_room_name,,Room name,Όνομα δωματίου,
dlg_run_mode,,Run mode,Λειτουργία εκτέλεσης,
dlg_running_state_entity,,Running-state entity,Οντότητα κατάστασης λειτουργίας,
dlg_s_are,,s are,s είναι,
dlg_save,,Save,Εκτός,
dlg_save_in_home_assistant,,Save in Home Assistant,Αποθήκευση σε Home Assistant,don't translate Home Assistant
dlg_saved_directly_in_the_native_automation,,Saved directly in the native automation,Αποθηκεύτηκε απευθείας στον εγγενή αυτοματισμό,
dlg_scheduled,,Scheduled,Προγραμματισμένος,
dlg_search_actions,,Search actions,Ενέργειες αναζήτησης,
dlg_search_automations,,Search automations,Αυτοματισμοί αναζήτησης,
dlg_season,,Season,Εποχή,
dlg_select,,Select %1$s,Επιλέξτε %1$s,app fills in %1$s — keep them
dlg_select_a_mode_to_continue,,Select a mode to continue,Επιλέξτε μια λειτουργία για να συνεχίσετε,
dlg_select_battery_sensor,,Select Battery Sensor,Επιλέξτε Αισθητήρας μπαταρίας,
dlg_select_door_sensor,,Select Door Sensor,Επιλέξτε Αισθητήρας πόρτας,
dlg_select_empty_bin_control,,Select Empty Bin Control,Επιλέξτε Έλεγχος άδειας κάδου,
dlg_select_entities,,Select Entities,Επιλέξτε Οντότητες,
dlg_select_entity,,Select Entity,Επιλέξτε Οντότητα,
dlg_select_map_camera,,Select Map Camera,Επιλέξτε Κάμερα χάρτη,
dlg_select_media_players,,Select Media Players,Επιλέξτε Media Players,
dlg_select_running_state_entity,,Select running-state entity,Επιλέξτε οντότητα κατάστασης λειτουργίας,
dlg_select_target_entity,,Select Target Entity,Επιλέξτε Οντότητα-στόχος,
dlg_select_the_alarm_panels_summarized_by_this_pill,,Select the alarm panels summarized by this pill,Επιλέξτε τους πίνακες συναγερμού που συνοψίζονται σε αυτό το χάπι,
dlg_select_vacuum_entity,,Select Vacuum Entity,Επιλέξτε Οντότητα κενού,
dlg_select_water_level,,Select Water Level,Επιλέξτε Στάθμη νερού,
dlg_selected,,%1$s · Selected,%1$s · Επιλέχτηκε,app fills in %1$s — keep them
dlg_set,,Set,Σειρά,
dlg_shape,,Shape,Σχήμα,
dlg_shape_visible_information_and_icon_behavior,,"Shape, visible information, and icon behavior","Σχήμα, ορατές πληροφορίες και συμπεριφορά εικονιδίων",
dlg_show_a_descending_timer_when_the_value_is_a,,"Show a descending timer when the value is a completion time (e.g. a washer/dryer finish time). Active while counting, off at zero.","Εμφάνιση ενός φθίνοντος χρονοδιακόπτη όταν η τιμή είναι χρόνος ολοκλήρωσης (π.χ. χρόνος τελειώματος πλυντηρίου/στεγνωτηρίου). Ενεργός κατά την καταμέτρηση, απενεργοποιημένος στο μηδέν.",
dlg_show_a_live_radar_rain_map_card_a_camera,,Show a live radar/rain map card — a camera entity or an embedded web page (iframe),Εμφάνιση μιας ζωντανής κάρτας χάρτη ραντάρ/βροχής — μια οντότητα κάμερας ή μια ενσωματωμένη ιστοσελίδα (iframe),
dlg_show_badge_bar,,Show badge bar,Εμφάνιση γραμμής σήματος,
dlg_show_the_entity_s_state_or_one_of_its,,"Show the entity's state, or one of its attributes instead.",Δείξτε την κατάσταση της οντότητας ή ένα από τα χαρακτηριστικά της.,
dlg_side_split_alignment,,Side (split alignment),Πλαϊνή (διαίρεση ευθυγράμμισης),
dlg_snapshot,,Snapshot,Στιγμιότυπο,
dlg_span_badges,,Span badges,Κονκάρδες πλάνων,
dlg_speed,,SPEED,ΤΑΧΥΤΗΤΑ,
dlg_start,,Start: %1$s,Έναρξη: %1$s,app fills in %1$s — keep them
dlg_start_with_a_useful_recipe_then_adjust_each_step,,"Start with a useful recipe, then adjust each step","Ξεκινήστε με μια χρήσιμη συνταγή και, στη συνέχεια, προσαρμόστε κάθε βήμα",
dlg_state,,State,Κατάσταση,
dlg_state_text,,State text,Κείμενο κατάστασης,
dlg_switch,,SWITCH,ΔΙΑΚΟΠΤΗΣ,
dlg_tap_hold_and_dialog_quick_actions,,"Tap, hold, and dialog quick actions","Πατήστε, κρατήστε πατημένο και διαλόγου γρήγορες ενέργειες",
dlg_target_range_percent,,TARGET (%1$s–%2$s%%),ΣΤΟΧΟΣ (%1$s–%2$s%%),app fills in %1$s %2$s — keep them
dlg_target,,Target,Στόχος,
dlg_target_entity_optional,,Target entity (optional),Οντότητα-στόχος (προαιρετικό),
dlg_temperature,,Temperature,Θερμοκρασία,
dlg_temperature_and_humidity_sources_for_the_room,,Temperature and humidity sources for the room,Πηγές θερμοκρασίας και υγρασίας για το δωμάτιο,
dlg_that_profile,,that profile,αυτό το προφίλ,
dlg_the_exact_dates_you_pick_leave_a_bound_as,,"The exact dates you pick. Leave a bound as ""Any"" for an open-ended range.","Οι ακριβείς ημερομηνίες που επιλέγετε. Αφήστε ένα όριο ως ""Οποιοδήποτε"" για ένα εύρος ανοιχτού τύπου.",
dlg_the_room_header_and_card_show_a_single_player,,"The room header and card show a single player's media, or an active-player count when multiple players are selected.",Η κεφαλίδα και η κάρτα δωματίου εμφανίζουν τα πολυμέσα ενός παίκτη ή έναν αριθμό ενεργών παικτών όταν επιλέγονται πολλοί παίκτες.,
dlg_thermostat_dial,,Thermostat dial,Διακόπτης θερμοστάτη,
dlg_this_action_does_not_use_an_entity_target,,This action does not use an entity target.,Αυτή η ενέργεια δεν χρησιμοποιεί στόχο οντότητας.,
dlg_this_action_has_no_required_target_or_additional_fields,,This action has no required target or additional fields.,Αυτή η ενέργεια δεν έχει απαιτούμενο στόχο ή πρόσθετα πεδία.,
dlg_this_automation_is_managed_outside_home_assistant_s_ui,,"This automation is managed outside Home Assistant's UI (usually YAML). HKI7 can show it, but will not overwrite it.","Η διαχείριση αυτού του αυτοματισμού γίνεται εκτός της διεπαφής χρήστη του Home Assistant (συνήθως YAML). Το HKI7 μπορεί να το εμφανίσει, αλλά δεν θα το αντικαταστήσει.","don't translate Home Assistant, HKI7"
dlg_this_entity,,This entity,Αυτή η οντότητα,
dlg_this_light_is_paused_for_manual_control,,This light is paused for manual control.,Αυτή η λυχνία είναι σε παύση για χειροκίνητο έλεγχο.,
dlg_this_removes_all_imported_rooms_and_floors_from_this,,This removes all imported rooms and floors from this view.,Αυτό αφαιρεί όλα τα εισαγόμενα δωμάτια και πατώματα από αυτήν την προβολή.,
dlg_this_removes_the_native_automation_from_home_assistant_thi,,This removes the native automation from Home Assistant. This cannot be undone from HKI7.,Αυτό καταργεί τον εγγενή αυτοματισμό από Home Assistant. Αυτό δεν μπορεί να αναιρεθεί από HKI7.,"don't translate Home Assistant, HKI7"
dlg_time,,Time,Φορά,
dlg_to_state,,To state,Να δηλώσω,
dlg_turn_on,,Turn On,Ανάβω,
dlg_unit,,Unit,Μονάδα,
dlg_untitled,,Untitled,Χωρίς τίτλο,
dlg_url_https,,URL (https://…),URL (https://…),
dlg_vacuum_entities,,Vacuum entities,Οντότητες κενού,
dlg_vertical_slider,,Vertical slider,Κάθετο ρυθμιστικό,
dlg_visibility,,Visibility,Ορατότητα,
dlg_visibility_alignment_and_overflow_behavior,,"Visibility, alignment, and overflow behavior","Ορατότητα, ευθυγράμμιση και συμπεριφορά υπερχείλισης",
dlg_visible_during,,Visible during,Ορατό κατά τη διάρκεια,
dlg_waiting_for_home_assistant,,Waiting for Home Assistant,Αναμονή για Home Assistant,don't translate Home Assistant
dlg_wallpaper_and_optional_custom_color,,Wallpaper and optional custom color,Ταπετσαρία και προαιρετικό προσαρμοσμένο χρώμα,
dlg_wallpaper_url_or_path,,Wallpaper URL or path,URL ή διαδρομή ταπετσαρίας,
dlg_water_value,,Water: %1$s,Νερό: %1$s,app fills in %1$s — keep them
dlg_water,,Water,Νερό,
dlg_weather_details,,Weather details,Λεπτομέρειες καιρού,
dlg_weather_entities,,Weather entities,Καιρικές οντότητες,
dlg_when,,When,Οταν,
dlg_when_and_if_then,,When · And if · Then,Πότε · Και αν · Τότε,
dlg_widget_width,,Widget width,Πλάτος widget,
dlg_wind,,Wind,Ανεμος,
dlg_any,,Any,Κάθε,
dlg_once,,Once,Μια φορά,
dlg_daily,,Daily,Καθημερινά,
dlg_weekly,,Weekly,Εβδομαδιαίος,
dlg_monthly,,Monthly,Μηνιαίος,
dlg_yearly,,Yearly,Ετήσια,
dlg_default,,Default,Αθέτηση,
dlg_toggle,,Toggle,Μπαρέτα,
dlg_more_information,,More information,Περισσότερες πληροφορίες,
dlg_navigate,,Navigate,Διαπλέω,
dlg_url,,URL,URL,
dlg_home,,Home,Σπίτι,
dlg_rooms,,Rooms,Δωμάτια,
dlg_energy,,Energy,Ενέργεια,
dlg_climate,,Climate,Κλίμα,
dlg_security,,Security,Ασφάλεια,
dlg_battery,,Battery,Μπαταρία,
dlg_settings,,Settings,Ρυθμίσεις,
dlg_room_value,,Room · %1$s,Δωμάτιο · %1$s,app fills in %1$s — keep them
dlg_could_not_load_home_assistant_actions,,Could not load Home Assistant actions,Δεν ήταν δυνατή η φόρτωση των ενεργειών Home Assistant,don't translate Home Assistant
dlg_show_entity_default_this_one,,Show entity (default: this one),Εμφάνιση οντότητας (προεπιλογή: αυτή),
dlg_target_entity_default_this_one,,Target entity (default: this one),Οντότητα-στόχος (προεπιλογή: αυτή),
dlg_select_destination,,Select destination,Επιλέξτε προορισμό,
dlg_choose_target,,Choose target,Επιλέξτε στόχο,
dlg_target_and_action_data,,Target and action data,Δεδομένα στόχου και δράσης,
dlg_tap,,Tap,Παρακέντηση,
dlg_hold,,Hold,Αμπάρι,
dlg_double_tap,,Double tap,Διπλό πάτημα,
dlg_alarm_disarmed,,Disarmed,Αφοπλισμένος,
dlg_alarm_armed_home,,Armed home,Οπλισμένο σπίτι,
dlg_alarm_armed_away,,Armed away,Οπλισμένοι μακριά,
dlg_alarm_armed_night,,Armed night,Οπλισμένη νύχτα,
dlg_alarm_armed_vacation,,Armed vacation,Ένοπλες διακοπές,
dlg_alarm_armed_custom,,Armed (custom),Οπλισμένος (συνήθεια),
dlg_alarm_arming,,Arming…,Οπλισμός…,
dlg_alarm_disarming,,Disarming…,Παροπλισμός…,
dlg_alarm_triggered,,TRIGGERED,ΕΝΕΡΓΟΠΟΙΗΘΗΚΕ,
dlg_alarm_disarmed_message,,Alarm disarmed,Ο συναγερμός αφοπλίστηκε,
dlg_alarm_command,,Alarm command,Εντολή συναγερμού,
dlg_alarm_command_accepted,,%1$s accepted,%1$s αποδεκτό,app fills in %1$s — keep them
dlg_alarm_command_failed,,Command failed. Check the code and try again.,Η εντολή απέτυχε. Ελέγξτε τον κωδικό και δοκιμάστε ξανά.,
dlg_alarm_arming_cancelled,,Arming cancelled,Η όπλιση ακυρώθηκε,
dlg_alarm_cancel_failed,,Cancellation failed. Check the code and try again.,Η ακύρωση απέτυχε. Ελέγξτε τον κωδικό και δοκιμάστε ξανά.,
dlg_alarm_arm_home,,Arm home,Βραχίονας σπίτι,
dlg_alarm_arm_away,,Arm away,Οπλίσου μακριά,
dlg_alarm_arm_night,,Arm night,Νύχτα βραχίονα,
dlg_alarm_arm_custom,,Arm custom,Συνήθεια βραχίονα,
dlg_alarm_arm_vacation,,Arm vacation,Διακοπές βραχίονα,
dlg_alarm_disarm,,Disarm,Αφοπλίζω,
dlg_room_configuration,,Room configuration,Διαμόρφωση δωματίου,
dlg_choose_room_area_to_configure,,Choose a room area to configure,Επιλέξτε μια περιοχή δωματίου για διαμόρφωση,
dlg_focused_room_options,,Options for this room area,Επιλογές για αυτόν τον χώρο δωματίου,
dlg_general,,General,Γενικός,
dlg_name_and_icon,,Name and icon,Όνομα και εικονίδιο,
dlg_header,,Header,Επί κεφαλής,
dlg_wallpaper_and_custom_color,,Wallpaper and custom color,Ταπετσαρία και προσαρμοσμένο χρώμα,
dlg_badge_bar,,Badge bar,Μπάρα σήματος,
dlg_alignment_and_display_options,,Alignment and display options,Επιλογές ευθυγράμμισης και εμφάνισης,
dlg_assign_room_to_floor,,Assign this room to a floor,Αναθέστε αυτό το δωμάτιο σε έναν όροφο,
dlg_room_status,,Room status,Κατάσταση δωματίου,
dlg_room_status_summary,,"Media, activity, safety, and climate indicators","Δείκτες πολυμέσων, δραστηριότητας, ασφάλειας και κλίματος",
dlg_reimport_from_home_assistant,,Re-import from Home Assistant,Επανεισαγωγή από Home Assistant,don't translate Home Assistant
dlg_import_or_rebuild_rooms,,Import new rooms or rebuild every room,Εισαγάγετε νέα δωμάτια ή ανακατασκευάστε κάθε δωμάτιο,
dlg_clear_rooms_view_action,,Clear rooms view,Καθαρή θέα στα δωμάτια,
dlg_remove_imported_rooms_and_floors,,Remove imported rooms and floors,Αφαιρέστε τα εισαγόμενα δωμάτια και δάπεδα,
dlg_room,,Room,Δωμάτιο,
dlg_split,,Split,Σπλιτ,
dlg_center,,Center,Κέντρο,
dlg_doors,,Doors,Πόρτες,
dlg_windows,,Windows,Windows,
dlg_motion,,Motion,Κίνηση,
dlg_presence,,Presence,Παρουσία,
dlg_lights,,Lights,Φώτα,
dlg_devices,,Devices,Συσκευές,
dlg_smoke,,Smoke,Καπνός,
dlg_gas,,Gas,Αέριο,
dlg_fire,,Fire,Φωτιά,
dlg_full,,Full,Γεμάτος,
dlg_half,,Half,Ήμισυ,
dlg_third,,Third,Τρίτος,
dlg_choose_vacuum_entity_instead,,Choose a vacuum entity instead,Επιλέξτε μια οντότητα κενού,
dlg_camera_live_page,,%1$d/%2$d · Live,%1$d/%2$d · Ζωντανά,app fills in %1$d %2$d — keep them
dlg_weather,,Weather,Καιρός,
dlg_weather_state_clear_night,,Clear night,Καθαρή νύχτα,
dlg_weather_state_cloudy,,Cloudy,Νεφελώδης,
dlg_weather_state_exceptional,,Exceptional,Εξαιρετικός,
dlg_weather_state_fog,,Fog,Ομίχλη,
dlg_weather_state_hail,,Hail,Χαλάζι,
dlg_weather_state_lightning,,Lightning,Αστραπή,
dlg_weather_state_lightning_rainy,,Thunderstorms,καταιγίδες,
dlg_weather_state_partly_cloudy,,Partly cloudy,Μερική συννεφιά,
dlg_weather_state_pouring,,Pouring rain,Καταρρακτώδης βροχή,
dlg_weather_state_rainy,,Rainy,Βροχερός,
dlg_weather_state_snowy,,Snowy,Χιονώδης,
dlg_weather_state_snowy_rainy,,Sleet,Χιονόνερο,
dlg_weather_state_sunny,,Sunny,Ηλιόλουστος,
dlg_weather_state_windy,,Windy,Ανεμώδης,
dlg_weather_state_windy_variant,,Windy and cloudy,Θυελλώδης και συννεφιασμένη,
dlg_selected_entities_summary,one,%1$d selected · %2$s,Επιλέχτηκε %1$d · %2$s,app fills in %1$d %2$s — keep them
dlg_selected_entities_summary,other,%1$d selected · %2$s,Επιλέχτηκε %1$d · %2$s,app fills in %1$d %2$s — keep them
dlg_action_data_value_summary,one,%1$s · %2$d data value,%1$s · τιμή δεδομένων %2$d,app fills in %1$s %2$d — keep them
dlg_action_data_value_summary,other,%1$s · %2$d data values,%1$s · %2$d τιμές δεδομένων,app fills in %1$s %2$d — keep them
dlg_seconds_short,one,%d sec,%d δευτ,app fills in %d — keep them
dlg_seconds_short,other,%d sec,%d δευτ,app fills in %d — keep them
dlg_arming_in_seconds,one,Arming in %d second,Όπλιση σε %d δευτερόλεπτο,app fills in %d — keep them
dlg_arming_in_seconds,other,Arming in %d seconds,Όπλιση σε %d δευτερόλεπτα,app fills in %d — keep them
energy_extra_sensors,,Energy sensors,Αισθητήρες ενέργειας,
energy_extra_settings,,Energy settings,Ρυθμίσεις ενέργειας,
energy_extra_previous_period,,Previous period,Προηγούμενη περίοδος,
energy_extra_next_period,,Next period,Επόμενη περίοδος,
energy_extra_empty_view_hint,,This energy view is empty. Swipe down on the header and open Energy settings to add entities manually.,Αυτή η ενεργειακή άποψη είναι άδεια. Σύρετε προς τα κάτω στην κεφαλίδα και ανοίξτε τις Ρυθμίσεις ενέργειας για να προσθέσετε οντότητες με μη αυτόματο τρόπο.,
energy_extra_electricity,,Electricity,Ηλεκτρισμός,
energy_extra_solar,,Solar,Ηλιακός,
energy_extra_home,,Home,Σπίτι,
energy_extra_battery,,Battery,Μπαταρία,
energy_extra_gas,,Gas,Αέριο,
energy_extra_city_heating,,City heating,Θέρμανση πόλης,
energy_extra_water,,Water,Νερό,
energy_extra_energy,,Energy,Ενέργεια,
energy_extra_power,,Power,Εξουσία,
energy_extra_carbon,,Carbon,Ανθρακας,
energy_extra_devices,,Devices,Συσκευές,
energy_extra_device,,Device,Συσκευή,
energy_extra_importing,,Importing,Εισαγωγή,
energy_extra_exporting,,Exporting,Εξαγωγή,
energy_extra_idle,,Idle,Αεργος,
energy_extra_charging,,Charging,Φόρτιση,
energy_extra_discharging,,Discharging,Εκφόρτιση,
energy_extra_producing,,Producing,Παραγωγή,
energy_extra_consuming,,Consuming,Καταναλωτικά,
energy_extra_grid_idle,,Grid idle,Πλέγμα σε αδράνεια,
energy_extra_importing_power,,Importing power,Εισαγωγή ισχύος,
energy_extra_exporting_power,,Exporting power,Εξαγωγή ισχύος,
energy_extra_battery_supporting,,Battery supplying power,Τροφοδοσία μπαταρίας,
energy_extra_battery_charging,,Battery charging,Φόρτιση μπαταρίας,
energy_extra_solar_producing,,Solar producing,Ηλιακή παραγωγή,
energy_extra_home_consuming,,Home consuming,Οικιακή κατανάλωση,
energy_extra_energy_idle,,Energy idle,Ενέργεια σε αδράνεια,
energy_extra_today_value,,%1$s today,%1$s σήμερα,app fills in %1$s — keep them
energy_extra_used_period,,Used %1$s,Μεταχειρισμένο %1$s,app fills in %1$s — keep them
energy_extra_produced_period,,Produced %1$s,Παραγωγή %1$s,app fills in %1$s — keep them
energy_extra_fossil_percentage,,%1$s%% fossil,%1$s%% απολίθωμα,app fills in %1$s — keep them
energy_extra_self_used_percentage,,Self-used · %1$d%%,Αυτοχρησιμοποιείται · %1$d%%,app fills in %1$d — keep them
energy_extra_electricity_total,,Electricity total,Συνολικό ρεύμα,
energy_extra_top_consumers,,Top consumers,Κορυφαίοι καταναλωτές,
energy_extra_device_energy,,Device energy,Ενέργεια συσκευής,
energy_extra_individual_water_usage,,Individual water usage,Ατομική χρήση νερού,
energy_extra_production,,Production,Παραγωγή,
energy_extra_forecast,,Forecast,Πρόβλεψη,
energy_extra_inverters,,Inverters,Μετατροπείς,
energy_extra_now,,Now,Τώρα,
energy_extra_usage,,Usage,Χρήση,
energy_extra_total,,Total,Σύνολο,
energy_extra_cost,,Cost,Κόστος,
energy_extra_charge,,Charge,Χρέωση,
energy_extra_grid_flow,,Grid flow,Ροή πλέγματος,
energy_extra_self_sufficient,,Self-sufficient,Αυτάρκης,
energy_extra_carbon_footprint,,Carbon footprint,Αποτύπωμα άνθρακα,
energy_extra_self_used,,Self-used,Αυτοχρησιμοποιείται,
energy_extra_last_seven_days,,Last 7 days,Τελευταίες 7 μέρες,
energy_extra_lifetime,,Lifetime,Διάρκεια ζωής,
energy_extra_power_per_phase,,Power per phase,Ισχύς ανά φάση,
energy_extra_tariff_meter_readings,,Tariff meter readings,Ενδείξεις μετρητών τιμολογίων,
energy_extra_tariff_one,,Tariff 1,Ταρίφα 1,
energy_extra_tariff_two,,Tariff 2,Ταρίφα 2,
energy_extra_solar_production,,Solar production,Ηλιακή παραγωγή,
energy_extra_category_overview,,Overview,Επισκόπηση,
energy_extra_category_electricity_subtitle,,"Grid power, phases, import/export, tariffs, and cost","Ισχύς δικτύου, φάσεις, εισαγωγές/εξαγωγές, τιμολόγια και κόστος",
energy_extra_category_solar_subtitle,,"Production, forecast, and inverter device","Συσκευή παραγωγής, πρόβλεψης και μετατροπέα",
energy_extra_category_battery_subtitle,,Charge level and battery power,Επίπεδο φόρτισης και ισχύς μπαταρίας,
energy_extra_category_carbon_subtitle,,Grid carbon-footprint device,Συσκευή αποτυπώματος άνθρακα πλέγματος,
energy_extra_category_usage_cost_subtitle,,Usage and cost,Χρήση και κόστος,
energy_extra_category_devices_subtitle,,"Power, energy, and individual water devices","Ισχύς, ενέργεια και μεμονωμένες συσκευές νερού",
energy_extra_category_city_heating_subtitle,,"Heat energy, current output, and cost","Θερμική ενέργεια, τρέχουσα απόδοση και κόστος",
energy_extra_card_live_source_tiles,,Live source tiles,Πλακίδια ζωντανής πηγής,
energy_extra_card_electricity_totals_usage,,Electricity totals and usage,Σύνολα και χρήση ηλεκτρικής ενέργειας,
energy_extra_card_home_battery,,Home battery,Μπαταρία σπιτιού,
energy_extra_card_gas_usage,,Gas usage,Χρήση αερίου,
energy_extra_card_city_heating_usage,,City-heating usage,Χρήση θέρμανσης πόλης,
energy_extra_card_water_usage,,Water usage,Χρήση νερού,
energy_extra_card_device_energy_bars,,Device energy bars,Μπάρες ενέργειας συσκευής,
energy_extra_select_energy_cards,,Select energy cards,Επιλέξτε ενεργειακές κάρτες,
energy_extra_role_grid_power,,Grid power (W),Ισχύς δικτύου (W),
energy_extra_role_home_power,,Home power (W),Οικιακή ισχύς (W),
energy_extra_role_solar_power,,Solar power (W),Ηλιακή ενέργεια (W),
energy_extra_role_battery_power,,Battery power (W),Ισχύς μπαταρίας (W),
energy_extra_role_battery_level,,Battery level (%),Επίπεδο μπαταρίας (%),
energy_extra_role_grid_import,,Grid import (kWh),Εισαγωγή δικτύου (kWh),
energy_extra_role_grid_export,,Grid export (kWh),Εξαγωγή δικτύου (kWh),
energy_extra_role_solar_production,,Solar production (kWh),Ηλιακή παραγωγή (kWh),
energy_extra_role_phase_one_power,,Phase 1 power,Ισχύς Φάσης 1,
energy_extra_role_phase_two_power,,Phase 2 power,Ισχύς φάσης 2,
energy_extra_role_phase_three_power,,Phase 3 power,Ισχύς φάσης 3,
energy_extra_role_import_meter_tariff_one,,Import meter tariff 1,Τιμολόγιο μετρητή εισαγωγής 1,
energy_extra_role_import_meter_tariff_two,,Import meter tariff 2,Τιμολόγιο μετρητή εισαγωγής 2,
energy_extra_role_export_meter_tariff_one,,Export meter tariff 1,Τιμολόγιο μετρητή εξαγωγής 1,
energy_extra_role_export_meter_tariff_two,,Export meter tariff 2,Τιμολόγιο μετρητή εξαγωγής 2,
energy_extra_role_energy_cost,,Energy cost,Κόστος ενέργειας,
energy_extra_role_gas_total,,Gas total (m³),Σύνολο αερίου (m³),
energy_extra_role_gas_flow_now,,Gas flow (now),Ροή αερίου (τώρα),
energy_extra_role_gas_cost,,Gas cost,Κόστος φυσικού αερίου,
energy_extra_role_water_total,,Water total,Σύνολο νερού,
energy_extra_role_water_flow_now,,Water flow (now),Ροή νερού (τώρα),
energy_extra_role_water_cost,,Water cost,Κόστος νερού,
energy_extra_role_individual_water_devices,,Individual water devices,Ατομικές συσκευές νερού,
energy_extra_role_power_devices,,Power devices,Συσκευές ισχύος,
energy_extra_role_energy_devices,,Energy devices,Ενεργειακές συσκευές,
energy_extra_sensor_current_power_import,,"Current power (W, + = import)","Τρέχουσα ισχύς (W, + = εισαγωγή)",
energy_extra_sensor_power_phase_one,,Power phase 1 (W),Φάση ισχύος 1 (W),
energy_extra_sensor_power_phase_two,,Power phase 2 (W),Φάση ισχύος 2 (W),
energy_extra_sensor_power_phase_three,,Power phase 3 (W),Φάση ισχύος 3 (W),
energy_extra_sensor_current_phase_one,,Current phase 1 (A),Τρέχουσα φάση 1 (Α),
energy_extra_sensor_current_phase_two,,Current phase 2 (A),Τρέχουσα φάση 2 (Α),
energy_extra_sensor_current_phase_three,,Current phase 3 (A),Τρέχουσα φάση 3 (Α),
energy_extra_sensor_voltage_phase_one,,Voltage phase 1 (V),Φάση τάσης 1 (V),
energy_extra_sensor_voltage_phase_two,,Voltage phase 2 (V),Φάση τάσης 2 (V),
energy_extra_sensor_voltage_phase_three,,Voltage phase 3 (V),Φάση τάσης 3 (V),
energy_extra_sensor_home_consumption_power,,Home consumption power (W),Ισχύς οικιακής κατανάλωσης (W),
energy_extra_sensor_energy_import,,Energy import (kWh),Εισαγωγή ενέργειας (kWh),
energy_extra_sensor_energy_import_tariff_one,,Energy import tariff 1 (kWh),Δασμολόγιο εισαγωγής ενέργειας 1 (kWh),
energy_extra_sensor_energy_import_tariff_two,,Energy import tariff 2 (kWh),Δασμολόγιο εισαγωγής ενέργειας 2 (kWh),
energy_extra_sensor_energy_export,,Energy export (kWh),Εξαγωγή ενέργειας (kWh),
energy_extra_sensor_energy_export_tariff_one,,Energy export tariff 1 (kWh),Τιμολόγιο εξαγωγής ενέργειας 1 (kWh),
energy_extra_sensor_energy_export_tariff_two,,Energy export tariff 2 (kWh),Τιμολόγιο εξαγωγής ενέργειας 2 (kWh),
energy_extra_sensor_energy_cost_today,,Energy cost today,Κόστος ενέργειας σήμερα,
energy_extra_sensor_current_power_production,,Current power production (W),Τρέχουσα παραγωγή ισχύος (W),
energy_extra_sensor_energy_production_today,,Energy production today (kWh),Παραγωγή ενέργειας σήμερα (kWh),
energy_extra_sensor_energy_production_seven_days,,Energy production over the last 7 days,Παραγωγή ενέργειας τις τελευταίες 7 ημέρες,
energy_extra_sensor_lifetime_energy_production,,Lifetime energy production,Παραγωγή ενέργειας κατά τη διάρκεια της ζωής,
energy_extra_sensor_battery_power_charging,,"Battery power (W, + = charging)","Ισχύς μπαταρίας (W, + = φόρτιση)",
energy_extra_sensor_gas_used_today,,Gas used today (m³),Αέριο που χρησιμοποιείται σήμερα (m³),
energy_extra_sensor_current_gas_flow,,"Current gas flow (m³/h, optional)","Τρέχουσα ροή αερίου (m³/h, προαιρετική)",
energy_extra_sensor_gas_cost_today,,Gas cost today,Κόστος φυσικού αερίου σήμερα,
energy_extra_sensor_city_heating_total,,Heat energy total (J/MJ/GJ/kWh),Συνολική θερμική ενέργεια (J/MJ/GJ/kWh),
energy_extra_sensor_city_heating_current,,Current heat output (optional),Τρέχουσα απόδοση θερμότητας (προαιρετικό),
energy_extra_sensor_city_heating_cost,,City-heating cost,Κόστος θέρμανσης πόλης,
energy_extra_estimated_gas_equivalent,,Estimated gas equivalent,Εκτιμώμενο ισοδύναμο αερίου,
energy_extra_estimated_gas_note,,Based on 35.17 MJ per m³ of natural gas,"Βασίζεται σε 35,17 MJ ανά m³ φυσικού αερίου",
energy_extra_sensor_water_used_today,,Water used today (L/m³),Νερό που χρησιμοποιείται σήμερα (L/m³),
energy_extra_sensor_current_water_flow,,"Current water flow (L/min, optional)","Τρέχουσα ροή νερού (L/min, προαιρετικά)",
energy_extra_sensor_water_cost_today,,Water cost today,Το κόστος του νερού σήμερα,
energy_extra_picker_top_consumer_devices,,Top-consumer devices,Συσκευές κορυφαίας κατανάλωσης,
energy_extra_picker_device_energy_counters,,Device energy counters,Μετρητές ενέργειας συσκευών,
energy_extra_auto_power_sensors_help,,All sensors with device_class power are included automatically. Remove a device to create your own list.,Όλοι οι αισθητήρες με ισχύ συσκευής_κατηγορίας περιλαμβάνονται αυτόματα. Αφαιρέστε μια συσκευή για να δημιουργήσετε τη δική σας λίστα.,
energy_extra_auto_energy_sensors_help,,All sensors with device_class energy are included automatically. Their counter changes are used for the selected period.,Όλοι οι αισθητήρες με ενέργεια κατηγορίας συσκευής περιλαμβάνονται αυτόματα. Οι αλλαγές μετρητή τους χρησιμοποιούνται για την επιλεγμένη περίοδο.,
energy_extra_currency,,Currency,Νόμισμα,
energy_extra_currency_subtitle,,Which currency the cost stats are shown in,Σε ποιο νόμισμα εμφανίζονται τα στατιστικά στοιχεία κόστους,
energy_extra_currency_search,,Search currencies,Αναζήτηση νομισμάτων,
energy_extra_currency_automatic,,Automatic,Αυτόματο,
energy_extra_currency_automatic_subtitle,,"Follow your cost sensors, then your device region",Ακολουθήστε τους αισθητήρες κόστους και μετά την περιοχή της συσκευής σας,
energy_extra_currency_automatic_value,,Automatic (%1$s),Αυτόματο (%1$s),app fills in %1$s — keep them
energy_extra_energy_card,,Energy card,Ενεργειακή κάρτα,
energy_extra_energy_card_subtitle,,Data sources and card appearance,Πηγές δεδομένων και εμφάνιση κάρτας,
energy_extra_card_and_data,,Card and data,Κάρτα και δεδομένα,
energy_extra_energy_stack,,Energy stack,Στοίβα ενέργειας,
energy_extra_energy_stack_subtitle,,"Cards, data sources, and layout","Κάρτες, πηγές δεδομένων και διάταξη",
energy_extra_cards_and_data,,Cards and data,Κάρτες και δεδομένα,
events_tab,,Events,Εκδηλώσεις,
events_empty,,No events yet,Δεν υπάρχουν ακόμη εκδηλώσεις,
events_empty_hint,,Recent activity for the entities your family admin added to the timeline appears here.,Η πρόσφατη δραστηριότητα για τις οντότητες που πρόσθεσε ο διαχειριστής της οικογένειάς σας στη γραμμή χρόνου εμφανίζεται εδώ.,
events_not_configured,,No events are being tracked,Δεν παρακολουθούνται συμβάντα,
events_not_configured_admin,,Choose which entities appear here in Settings › Family Sharing › Events.,Επιλέξτε ποιες οντότητες θα εμφανίζονται εδώ στις Ρυθμίσεις › Οικογενειακή κοινή χρήση › Εκδηλώσεις.,
events_not_configured_member,,Your family admin decides which entities appear here.,Ο διαχειριστής της οικογένειάς σας αποφασίζει ποιες οντότητες εμφανίζονται εδώ.,
events_unavailable,,The event timeline needs HKI 7 Cloud %1$s.,Το χρονοδιάγραμμα εκδήλωσης χρειάζεται HKI 7 Cloud %1$s.,app fills in %1$s — keep them; don't translate HKI 7 Cloud
events_set_up_button,,Choose entities,Επιλέξτε οντότητες,
events_no_matches,,No matching events,Δεν υπάρχουν συμβάντα που να ταιριάζουν,
events_loading,,Loading events…,Φόρτωση συμβάντων…,
events_today,,Today,Σήμερα,
events_yesterday,,Yesterday,Εχθές,
events_by,,by %1$s,από %1$s,app fills in %1$s — keep them
events_filter_all,,All,Ολοι,
event_category_door,,Doors,Πόρτες,
event_category_window,,Windows,Windows,
event_category_motion,,Motion,Κίνηση,
event_category_moisture,,Water,Νερό,
event_category_safety,,Smoke & gas,Καπνός και αέριο,
event_category_problem,,Problems,Προβλήματα,
event_category_battery,,Batteries,Μπαταρίες,
event_category_connectivity,,Connectivity,Συνδεσιμότητα,
event_category_light,,Lights,Φώτα,
event_category_switch,,Switches,Διακόπτες,
event_category_lock,,Locks,Κλειδαριές,
event_category_cover,,Covers,Εξώφυλλα,
event_category_climate,,Climate,Κλίμα,
event_category_presence,,People,Ανθρωποι,
event_category_alarm,,Alarm,Τρομάζω,
event_category_media,,Media,Μέσα ενημέρωσης,
event_category_vacuum,,Vacuum,Κενό,
event_category_automation,,Automations,Αυτοματισμοί,
event_category_sensor,,Sensors,Αισθητήρες,
event_verb_opened,,was opened,άνοιξε,
event_verb_closed,,was closed,ήταν κλειστό,
event_verb_opening,,is opening,ανοίγει,
event_verb_closing,,is closing,κλείνει,
event_verb_locked,,was locked,ήταν κλειδωμένο,
event_verb_unlocked,,was unlocked,ξεκλειδώθηκε,
event_verb_motion_detected,,detected motion,ανιχνευμένη κίνηση,
event_verb_motion_cleared,,stopped detecting motion,σταμάτησε να ανιχνεύει κίνηση,
event_verb_moisture_detected,,detected moisture,ανιχνεύτηκε υγρασία,
event_verb_moisture_cleared,,is dry again,είναι πάλι στεγνό,
event_verb_alarm_detected,,raised an alarm,σήμανε συναγερμός,
event_verb_alarm_cleared,,cleared,εκκαθαρίστηκε,
event_verb_problem_detected,,reported a problem,ανέφερε πρόβλημα,
event_verb_problem_cleared,,is back to normal,επιστρέφει στο φυσιολογικό,
event_verb_battery_low,,reported a low battery,ανέφερε χαμηλή μπαταρία,
event_verb_battery_normal,,has a healthy battery again,έχει και πάλι μια υγιή μπαταρία,
event_verb_connected,,came online,ήρθε στο διαδίκτυο,
event_verb_disconnected,,went offline,πήγε εκτός σύνδεσης,
event_verb_turned_on,,was turned on,ήταν ενεργοποιημένο,
event_verb_turned_off,,was turned off,ήταν απενεργοποιημένο,
event_verb_detected,,was triggered,πυροδοτήθηκε,
event_verb_cleared,,cleared,εκκαθαρίστηκε,
event_verb_arrived_home,,arrived home,έφτασε σπίτι,
event_verb_left_home,,left home,έφυγε από το σπίτι,
event_verb_arrived_at,,arrived at %1$s,έφτασε στο %1$s,app fills in %1$s — keep them
event_verb_disarmed,,was disarmed,αφοπλίστηκε,
event_verb_armed,,was armed,ήταν οπλισμένος,
event_verb_arming,,is arming,οπλίζει,
event_verb_pending,,is counting down,μετράει αντίστροφα,
event_verb_triggered,,was triggered,πυροδοτήθηκε,
event_verb_set_to,,was set to %1$s,ορίστηκε σε %1$s,app fills in %1$s — keep them
event_verb_started_cleaning,,started cleaning,άρχισε να καθαρίζει,
event_verb_returning_to_dock,,is returning to its dock,επιστρέφει στην αποβάθρα του,
event_verb_docked,,docked,ελλιμενισμένος,
event_verb_started_playing,,started playing,άρχισε να παίζει,
event_verb_paused,,was paused,έγινε παύση,
event_verb_stopped,,stopped,σταμάτησε,
event_verb_generic,,changed to %1$s,άλλαξε σε %1$s,app fills in %1$s — keep them
ui_1_advanced_shorthand_block_kept_unchanged_d4dcbd7,,1 advanced shorthand block (kept unchanged),1 σύνθετο μπλοκ στενογραφίας (διατηρήθηκε αμετάβλητο),
ui_1f_kwh_self_used_b4798a5,, · %%.1f kWh self-used (%1$s%%%%),· %%.1f kWh αυτοχρησιμοποιείται (%1$s%%%%),app fills in %1$s — keep them; keep the space at the start/end
ui_1f_of_1f_kwh_d_00c25f6,,%.1f of %.1f kWh · %d%%,%.1f από %.1f kWh · %d%%,app fills in %.1f %d — keep them
ui_24_hour_format_b195a8f,,24-Hour Format,Μορφή 24 ωρών,
ui_a_fast_auto_generating_dashboard_for_home_assistant_let_0fad4a9,,"A fast, auto-generating dashboard for Home Assistant\nLet's connect to your server.",Ένας γρήγορος πίνακας ελέγχου που δημιουργείται αυτόματα για Home Assistant\nΑς συνδεθούμε στον διακομιστή σας.,don't translate Home Assistant; \n = line break
ui_a_modern_touch_first_android_dashboard_and_companion_for_814cbdb,,"A modern, touch-first Android dashboard and companion for Home Assistant.",Ένας μοντέρνος πίνακας εργαλείων Android με πρώτη την αφή και συνοδευτικό για Home Assistant.,don't translate Home Assistant
ui_about_6b21fb7,,About,Για,
ui_accidental_touch_protection_e2683f4,,Accidental-touch protection,Προστασία από τυχαία αφή,
ui_account_85dfa32,,Account,Λογαριασμός,
ui_action_49924bc,,%1$s action,Δράση %1$s,app fills in %1$s — keep them
ui_action_97c89a4,,Action,Δράση,
ui_action_data_e5a7704,,Action data,Δεδομένα δράσης,
ui_action_data_object_8850c05,,Action data object,Αντικείμενο δεδομένων ενέργειας,
ui_action_details_d623b1c,,Action details,Λεπτομέρειες δράσης,
ui_active_0af2854,,%1$s · %2$s active,%1$s · %2$s ενεργό,app fills in %1$s %2$s — keep them
ui_active_25ff32f,,%1$s/%2$s active,%1$s/%2$s ενεργό,app fills in %1$s %2$s — keep them
ui_active_a733b80,,Active,Ενεργός,
ui_active_c7260b5,,%1$s%% • ACTIVE,%1$s%% • ΕΝΕΡΓΟ,app fills in %1$s — keep them
ui_active_connection_54db7a1,,Active connection,Ενεργή σύνδεση,
ui_activity_81c0d91,,Activity,Δραστηριότητα,
ui_activity_indication_and_collapsing_0764a94,,Activity indication and collapsing,Ένδειξη δραστηριότητας και κατάρρευση,
ui_adapt_now_c30eb08,,Adapt now,Προσαρμόσου τώρα,
ui_adaptive_lighting_7587880,,Adaptive lighting,Προσαρμοστικός φωτισμός,
ui_adaptive_lighting_e2cffbd,,Adaptive Lighting,Προσαρμοζόμενος Φωτισμός,
ui_adaptive_lighting_is_unavailable_6b9ada3,,Adaptive Lighting is unavailable,Ο προσαρμοστικός φωτισμός δεν είναι διαθέσιμος,
ui_add_016df71,,Add (%1$s),Προσθήκη (%1$s),app fills in %1$s — keep them
ui_add_4_10_entity_buttons_to_this_dialog_s_cdedf23,,Add 4–10 entity buttons to this dialog's nav bar.,Προσθέστε 4–10 κουμπιά οντοτήτων στη γραμμή πλοήγησης αυτού του διαλόγου.,
ui_add_61cc55a,,Add,Προσθέτω,
ui_add_and_edit_each_chart_in_this_stack_0c0cb11,,Add and edit each chart in this stack,Προσθέστε και επεξεργαστείτε κάθε γράφημα σε αυτήν τη στοίβα,
ui_add_at_least_one_step_3620909,,Add at least one step,Προσθέστε τουλάχιστον ένα βήμα,
ui_add_button_3d7db43,,Add button,Κουμπί προσθήκης,
ui_add_camera_cf03528,,Add Camera,Προσθήκη κάμερας,
ui_add_carrier_device_7945283,,Add carrier device,Προσθήκη συσκευής φορέα,
ui_add_current_network_64cabf3,,"Add current network ""%1$s""","Προσθήκη τρέχοντος δικτύου ""%1$s""",app fills in %1$s — keep them
ui_add_custom_buttons_83a0768,,Add Custom Buttons,Προσθήκη προσαρμοσμένων κουμπιών,
ui_add_custom_camera_url_aab29ef,,Add Custom Camera URL,Προσθήκη URL προσαρμοσμένης κάμερας,
ui_add_entities_333152e,,Add entities,Προσθήκη οντοτήτων,
ui_add_entity_f99dc1d,,Add entity,Προσθήκη οντότητας,
ui_add_every_integration_account_that_should_contribute_parce_ce58afb,,Add every integration account that should contribute parcels,Προσθέστε κάθε λογαριασμό ενοποίησης που θα πρέπει να συνεισφέρει δέματα,
ui_add_floor_63c715d,,Add Floor,Προσθήκη ορόφου,
ui_add_graph_079e4ca,,Add graph,Προσθήκη γραφήματος,
ui_add_home_assistant_a6ccea8,,Add Home Assistant,Προσθήκη Home Assistant,don't translate Home Assistant
ui_add_home_assistant_instance_625838a,,Add Home Assistant instance,Προσθήκη παρουσίας Home Assistant,don't translate Home Assistant
ui_add_individual_water_meters_to_compare_their_usage_daec0de,,Add individual water meters to compare their usage.,Προσθέστε μεμονωμένους μετρητές νερού για να συγκρίνετε τη χρήση τους.,
ui_add_instance_step_df337b3,,add_instance_step,add_instance_step,
ui_add_more_for_a_full_row_ed977e3,,Add %1$s more for a full row.,Προσθέστε %1$s περισσότερα για μια πλήρη σειρά.,app fills in %1$s — keep them
ui_add_one_focused_card_c2f2ed8,,Add one focused card,Προσθέστε μια εστιασμένη κάρτα,
ui_add_or_edit_entities_b59919b,,Add or edit entities,Προσθήκη ή επεξεργασία οντοτήτων,
ui_add_parcel_82c0bf8,,Add parcel,Προσθήκη δέματος,
ui_add_parcel_bde8afb,,Add Parcel,Προσθήκη δέματος,
ui_add_room_5a95991,,Add Room,Προσθήκη δωματίου,
ui_add_sensors_d6df16f,,Add sensors,Προσθήκη αισθητήρων,
ui_add_to_cd52e85,,Add to %1$s,Προσθήκη στο %1$s,app fills in %1$s — keep them
ui_add_widget_a9df350,,Add Widget,Προσθήκη γραφικού στοιχείου,
ui_add_widget_dd4416e,,Add widget,Προσθήκη widget,
ui_adding_ffb2e62,,Adding…,Αθροιση…,
ui_admin_b38222e,,%1$s (admin),%1$s (διαχειριστής),app fills in %1$s — keep them
ui_administrative_controls_for_your_home_assistant_server_e56ebd9,,Administrative controls for your Home Assistant server,Στοιχεία διαχείρισης για τον διακομιστή Home Assistant σας,don't translate Home Assistant
ui_advanced_4d06472,,Advanced,Προχωρημένος,
ui_advanced_action_data_json_622e363,,Advanced action data (JSON),Δεδομένα προηγμένων ενεργειών (JSON),
ui_advanced_shorthand_blocks_kept_unchanged_aa253ae,,%1$s advanced shorthand blocks (kept unchanged),%1$s προηγμένα μπλοκ συντομογραφίας (διατηρούνται αμετάβλητα),app fills in %1$s — keep them
ui_aesthetic_changes_only_f31f444,,Aesthetic changes only,Μόνο αισθητικές αλλαγές,
ui_aggregate_carriers_eae26c7,,Aggregate carriers,Μεταφορείς αδρανών,
ui_agree_ee68d34,,Agree,Συμφωνώ,
ui_air_circulating_273e82b,,Air circulating,Αέρας που κυκλοφορεί,
ui_air_circulation_devices_a14e95d,,Air circulation devices,Συσκευές κυκλοφορίας αέρα,
ui_air_cleaning_devices_4364277,,Air cleaning devices,Συσκευές καθαρισμού αέρα,
ui_air_purifiers_476147b,,Air purifiers,Καθαριστές αέρα,
ui_air_purifiers_are_fan_entities_in_home_assistant_so_3fa4fdb,,"Air purifiers are fan entities in Home Assistant, so they can't be auto-detected. Select yours here.","Οι καθαριστές αέρα είναι οντότητες ανεμιστήρων στο Home Assistant, επομένως δεν μπορούν να εντοπιστούν αυτόματα. Επιλέξτε το δικό σας εδώ.",don't translate Home Assistant
ui_airphase_1f2d2b6,,airPhase,airPhase,
ui_alarm_25f8c55,,Alarm,Τρομάζω,
ui_alarm_entities_b462ba5,,Alarm entities,Οντότητες συναγερμού,
ui_alarm_pending_e2c04aa,,Alarm pending,Συναγερμός σε εκκρεμότητα,
ui_alarm_triggered_641ff6f,,Alarm triggered,Ενεργοποιήθηκε ο συναγερμός,
ui_alarm_unavailable_867909b,,Alarm unavailable,Ο συναγερμός δεν είναι διαθέσιμος,
ui_alignment_7f8c517,,Alignment,Ευθυγραμμία,
ui_all_6a72085,,All,Ολοι,
ui_all_batteries_ok_9676f73,,All batteries OK,Όλες οι μπαταρίες ΟΚ,
ui_all_calendar_entities_bffb01d,,All calendar entities,Όλες οι ημερολογιακές οντότητες,
ui_all_levels_6b4fde3,,All levels,Όλα τα επίπεδα,
ui_all_off_97b7833,,All off,Όλα εκτός,
ui_all_thermostats_59c8297,,All thermostats,Όλοι οι θερμοστάτες,
ui_all_types_30c8a0f,,All types,Όλοι οι τύποι,
ui_allow_all_the_time_d91ab85,,Allow All The Time,Να επιτρέπεται όλη η ώρα,
ui_allow_editing_24f2b54,,Allow editing,Να επιτρέπεται η επεξεργασία,
ui_allow_theme_colors_icons_names_and_wallpaper_but_not_efc8a97,,"Allow theme, colors, icons, names and wallpaper — but not adding or removing widgets, buttons or rooms","Να επιτρέπεται το θέμα, τα χρώματα, τα εικονίδια, τα ονόματα και η ταπετσαρία — αλλά όχι η προσθήκη ή η αφαίρεση γραφικών στοιχείων, κουμπιών ή δωματίων",
ui_always_a91bcce,,Always,Πάντοτε,
ui_an_admin_can_share_one_dashboard_with_the_whole_5a5434d,,"An admin can share one dashboard with the whole family so everyone gets the same layout. To use it, an admin needs to install the HKI 7 Cloud component and share a dashboard first.","Ένας διαχειριστής μπορεί να μοιραστεί έναν πίνακα ελέγχου με όλη την οικογένεια, ώστε όλοι να έχουν την ίδια διάταξη. Για να το χρησιμοποιήσει, ένας διαχειριστής πρέπει να εγκαταστήσει το στοιχείο HKI 7 Cloud και να μοιραστεί πρώτα έναν πίνακα ελέγχου.",don't translate HKI 7 Cloud
ui_an_admin_needs_to_install_the_hki_7_cloud_0e9241b,,An admin needs to install the HKI 7 Cloud component and share a dashboard first.,Ένας διαχειριστής πρέπει να εγκαταστήσει το στοιχείο HKI 7 Cloud και να μοιραστεί πρώτα έναν πίνακα ελέγχου.,don't translate HKI 7 Cloud
ui_android_location_permission_2ff3839,,Android Location Permission,Άδεια τοποθεσίας Android,
ui_animated_icons_aa39cfe,,Animated icons,Κινούμενα εικονίδια,
ui_animation_62afd21,,Animation,Εμψύχωση,
ui_announced_letter_3a7ac05,,Announced letter,Ανακοινώθηκε επιστολή,
ui_any_state_c7274cb,,Any state,Οποιοδήποτε κράτος,
ui_appearance_41def7a,,Appearance,Εμφάνιση,
ui_applies_to_all_dashboard_buttons_widgets_stacks_rooms_and_9715deb,,"Applies to all dashboard buttons, widgets, stacks, rooms, and cards.","Ισχύει για όλα τα κουμπιά του ταμπλό, τα γραφικά στοιχεία, τις στοίβες, τα δωμάτια και τις κάρτες.",
ui_apply_cfea419,,Apply,Εφαρμόζω,
ui_archived_eddc813,,Archived,Αρχειοθετήθηκε,
ui_are_you_sure_you_want_to_clear_battery_config_3e19f24,,Are you sure you want to clear battery config?,Είστε βέβαιοι ότι θέλετε να διαγράψετε τις ρυθμίσεις της μπαταρίας;,
ui_armed_32caa31,,Armed,Ενοπλος,
ui_armed_away_6834abf,,Armed away,Οπλισμένοι μακριά,
ui_armed_home_c8d0b44,,Armed home,Οπλισμένο σπίτι,
ui_armed_night_80659bd,,Armed night,Οπλισμένη νύχτα,
ui_arming_in_seconds_b9e07a8,,Arming in %1$s seconds,Όπλιση σε %1$s δευτερόλεπτα,app fills in %1$s — keep them
ui_aspect_ratio_4e077cf,,Aspect ratio,Λόγος διαστάσεων,
ui_aspect_ratio_used_by_every_stream_275bb52,,Aspect ratio used by every stream,Λόγος διαστάσεων που χρησιμοποιείται από κάθε ροή,
ui_astronomical_tap_or_swipe_683fe28,,Astronomical · tap or swipe,Αστρονομικό · αγγίξτε ή σύρετε,
ui_at_target_6a8dbb5,,At target,Στο στόχο,
ui_auto_c614ba7,,Auto,Αυτο,
ui_auto_dashboard_c7a509a,,Auto dashboard,Αυτόματο ταμπλό,
ui_auto_discovered_e0643da,,Auto-discovered,Ανακαλύφθηκε αυτόματα,
ui_auto_generate_0f86c24,,Auto Generate,Αυτόματη δημιουργία,
ui_auto_generate_1502534,,Auto generate,Αυτόματη δημιουργία,
ui_auto_generation_is_a_one_time_starting_point_the_6b317fe,,"Auto generation is a one-time starting point. The Home page starts empty in either mode, and you can re-import Home Assistant data later from individual views.",Η αυτόματη παραγωγή είναι μια εφάπαξ αφετηρία. Η Αρχική σελίδα ξεκινά κενή σε οποιαδήποτε από τις δύο λειτουργίες και μπορείτε να εισαγάγετε ξανά δεδομένα Home Assistant αργότερα από μεμονωμένες προβολές.,don't translate Home Assistant
ui_auto_manual_342b68e,,Auto + %1$s manual,Εγχειρίδιο Auto + %1$s,app fills in %1$s — keep them
ui_auto_none_f606e9b,,Auto / none,Αυτόματο / κανένα,
ui_auto_scan_150eb4b,,Auto-scan,Αυτόματη σάρωση,
ui_auto_unavailable_33737ba,,Auto / unavailable,Αυτόματο / μη διαθέσιμο,
ui_automatic_cloud_backup_494d882,,Automatic cloud backup,Αυτόματη δημιουργία αντιγράφων ασφαλείας cloud,
ui_automatic_configuration_only_battery_class_percentage_sens_ce9ab03,,Automatic configuration: only battery-class percentage sensors are included.,Αυτόματη διαμόρφωση: περιλαμβάνονται μόνο αισθητήρες ποσοστού κατηγορίας μπαταρίας.,
ui_automatic_local_cloud_backup_7aef407,,Automatic local cloud backup,Αυτόματη δημιουργία αντιγράφων ασφαλείας τοπικού cloud,
ui_automatic_paging_and_transition_style_792709a,,Automatic paging and transition style,Αυτόματη σελιδοποίηση και στυλ μετάβασης,
ui_automatically_backs_up_your_dashboard_and_appearance_setti_cd89812,,"Automatically backs up your dashboard and appearance settings to your own Home Assistant every day, so you can restore them any time. Requires the HKI 7 Cloud custom component (install it via HACS).","Δημιουργεί αυτόματα αντίγραφα ασφαλείας των ρυθμίσεων του πίνακα ελέγχου και της εμφάνισης στο δικό σας Home Assistant κάθε μέρα, ώστε να μπορείτε να τα επαναφέρετε ανά πάσα στιγμή. Απαιτεί το προσαρμοσμένο στοιχείο HKI 7 Cloud (εγκαταστήστε το μέσω HACS).","don't translate HKI 7 Cloud, Home Assistant"
ui_automation_a15fde5,,Automation,Αυτοματοποίηση,
ui_automations_even_when_the_app_is_closed_or_not_d27e5b1,,"automations, even when the app is closed or not in use.\n\n","αυτοματισμών, ακόμη και όταν η εφαρμογή είναι κλειστή ή δεν χρησιμοποιείται.",\n = line break
ui_autoplay_95619b5,,Autoplay,Αυτόματη αναπαραγωγή,
ui_average_93a8018,,average,μέσος,
ui_azimuth_d2fbdb3,,Azimuth,Αζιμούθιο,
ui_back_b52b36b,,Back,Πίσω,
ui_back_up_now_527bf1a,,Back up now,Δημιουργήστε αντίγραφα ασφαλείας τώρα,
ui_background_image_url_or_path_dfc4908,,Background image (URL or path),Εικόνα φόντου (URL ή διαδρομή),
ui_background_location_5f56f21,,Background location,Τοποθεσία στο παρασκήνιο,
ui_background_notifications_563a463,,Background notifications,Ειδοποιήσεις παρασκηνίου,
ui_background_usage_fd8ed73,,Background Usage,Χρήση στο παρασκήνιο,
ui_backing_up_f600558,,Backing up…,Δημιουργία αντιγράφων ασφαλείας…,
ui_backspace_88d130a,,Backspace,Backspace,
ui_backup_and_restore_a593246,,Backup and Restore,Δημιουργία αντιγράφων ασφαλείας και επαναφορά,
ui_backup_dd96994,,Backup,Εφεδρικός,
ui_backups_contain_dashboard_and_appearance_configuration_onl_d5856be,,"Backups contain dashboard and appearance configuration only. Connection details, app permissions, location state, and notification history are not included.","Τα αντίγραφα ασφαλείας περιέχουν μόνο διαμόρφωση πίνακα εργαλείων και εμφάνισης. Οι λεπτομέρειες σύνδεσης, τα δικαιώματα εφαρμογών, η κατάσταση τοποθεσίας και το ιστορικό ειδοποιήσεων δεν περιλαμβάνονται.",
ui_badge_bar_layout_4b4dfdd,,Badge bar layout,Διάταξη γραμμής σήματος,
ui_bars_ad5fb3b,,Bars,Μπαρ,
ui_batt_679d0aa,,Batt,Batt,
ui_batteries_0970f9d,,Batteries,Μπαταρίες,
ui_battery_4a9be04,,Battery,Μπαταρία,
ui_battery_74dff99,,Battery: %1$s,Μπαταρία: %1$s,app fills in %1$s — keep them
ui_battery_attention_0feaa08,,battery-attention,μπαταρία-προσοχή,
ui_battery_battery_notes_only_14e5936,,Battery+ / Battery Notes only,Battery+ / Σημειώσεις μπαταρίας μόνο,
ui_battery_energy_25638f8,,battery-energy,μπαταρία-ενέργεια,
ui_battery_entities_visible_9299588,,%1$s battery entities visible,%1$s οντότητες μπαταρίας ορατές,app fills in %1$s — keep them
ui_battery_fill_8b6793e,,battery-fill,γέμισμα μπαταρίας,
ui_battery_health_12c0ce4,,BATTERY HEALTH,ΥΓΕΙΑ ΜΠΑΤΑΡΙΩΝ,
ui_battery_health_8cc8e64,,BATTERY+ HEALTH,ΜΠΑΤΑΡΙΑ+ ΥΓΕΙΑ,
ui_battery_level_is_healthy_1de4c4f,,Battery level is healthy,Το επίπεδο της μπαταρίας είναι υγιές,
ui_battery_levels_7c61b65,,Battery Levels,Επίπεδα μπαταρίας,
ui_battery_optimization_7676ca5,,Battery Optimization,Βελτιστοποίηση μπαταρίας,
ui_battery_orbit_9aa5d8c,,battery-orbit,μπαταρία-τροχία,
ui_battery_rules_be75b3c,,Battery rules,Κανόνες μπαταρίας,
ui_battery_sensor_optional_0e261e6,,Battery sensor (optional),Αισθητήρας μπαταρίας (προαιρετικό),
ui_behavior_70cb647,,Behavior,Συμπεριφορά,
ui_birthday_yyyy_mm_dd_d1a9b03,,Birthday (YYYY-MM-DD),Γενέθλια (ΕΕΕΕ-ΜΜ-ΗΗ),
ui_bold_100_1b94255,,Bold (+100),Έντονη (+100),
ui_bolder_200_9cc5d65,,Bolder (+200),Πιο τολμηρή (+200),
ui_boldest_300_c5a490d,,Boldest (+300),Τολμηρότερο (+300),
ui_boldness_10b6938,,Boldness · %1$s,Τόλμη · %1$s,app fills in %1$s — keep them
ui_brand_and_third_party_work_8d6d517,,Brand and third-party work,Εργασίες επωνυμίας και τρίτων,
ui_brightness_222d6d5,,%1$s brightness,φωτεινότητα %1$s,app fills in %1$s — keep them
ui_brightness_8e06ad0,,BRIGHTNESS,ΛΑΜΨΗ,
ui_brightness_slider_a427c80,,Brightness slider,Ρυθμιστικό φωτεινότητας,
ui_build_the_interface_entirely_your_way_e94582f,,Build the interface entirely your way.,Δημιουργήστε τη διεπαφή εξ ολοκλήρου με τον δικό σας τρόπο.,
ui_building_your_dashboard_2943961,,Building your dashboard,Δημιουργία του ταμπλό σας,
ui_built_in_20f409c,,Built-in,Ενσωματωμένο,
ui_button_794145f,,Button,Κουμπί,
ui_button_image_2483e32,,Button image,Εικόνα κουμπιού,
ui_button_lock_28d87b1,,Button lock,Κλείδωμα κουμπιών,
ui_button_stack_ee9e7f8,,Button Stack,Στοίβα κουμπιών,
ui_button_type_890a578,,Button type,Τύπος κουμπιού,
ui_buttons_available_from_this_person_s_detail_dialog_ab3f9f9,,Buttons available from this person's detail dialog,Διατίθενται κουμπιά από το παράθυρο διαλόγου λεπτομερειών αυτού του ατόμου,
ui_calendar_content_1f185c8,,Calendar content,Περιεχόμενο ημερολογίου,
ui_calendars_9444501,,Calendars,Ημερολόγια,
ui_camera_4da9c9a,,Camera,Κάμερα,
ui_camera_aspect_ratio_928bf09,,Camera aspect ratio,Λόγος διαστάσεων κάμερας,
ui_camera_display_20a9c82,,Camera display,Οθόνη κάμερας,
ui_camera_feed_cc1f19e,,Camera Feed,Τροφοδοσία κάμερας,
ui_camera_page_6b1987b,,camera_page,camera_page,
ui_camera_stack_645ea0f,,Camera Stack,Στοίβα κάμερας,
ui_camera_url_0eebe87,,Camera URL,URL κάμερας,
ui_cameras_d3daff3,,Cameras,Κάμερες,
ui_camerascan_00bd2cb,,cameraScan,cameraScan,
ui_can_t_reach_the_server_73079bd,,Can't reach the server,Δεν είναι δυνατή η πρόσβαση στον διακομιστή,
ui_cancel_77dfd21,,Cancel,Ματαίωση,
ui_cancel_arming_5d383c8,,Cancel arming,Ακύρωση όπλισης,
ui_card_4d4ce73,,Card,Κάρτα,
ui_card_data_4a42176,,Card & data,Κάρτα & δεδομένα,
ui_card_entities_e548a55,,Card & entities,Κάρτα & οντότητες,
ui_card_layout_f83b655,,Card layout,Διάταξη κάρτας,
ui_card_settings_1a3b62a,,Card settings,Ρυθμίσεις κάρτας,
ui_card_shape_and_width_0d513f7,,Card shape and width,Σχήμα και πλάτος κάρτας,
ui_card_shape_width_and_background_e4aff1c,,"Card shape, width, and background","Σχήμα κάρτας, πλάτος και φόντο",
ui_card_size_shape_and_background_df75707,,"Card size, shape, and background","Μέγεθος, σχήμα και φόντο κάρτας",
ui_card_width_icon_and_styling_de70fd8,,"Card width, icon, and styling","Πλάτος κάρτας, εικονίδιο και στυλ",
ui_card_width_shape_icon_and_background_c3695b5,,"Card width, shape, icon, and background","Πλάτος κάρτας, σχήμα, εικονίδιο και φόντο",
ui_cards_0f830bc,,Cards,Καρτέλλες,
ui_cards_data_a33e044,,Cards & data,Κάρτες & δεδομένα,
ui_cards_entities_be4393a,,Cards & entities,Κάρτες και οντότητες,
ui_carrier_accounts_20ad36c,,Carrier accounts,Λογαριασμοί παρόχου,
ui_carrier_devices_9927ae1,,Carrier devices,Συσκευές φορέα,
ui_carrier_display_name_optional_5ca06fc,,Carrier display name (optional),Εμφανιζόμενο όνομα εταιρείας κινητής τηλεφωνίας (προαιρετικό),
ui_center_adapt_now_and_pause_buttons_81074b2,,Center Adapt now and Pause buttons,Κεντράρετε τα κουμπιά Προσαρμογή τώρα και Παύση,
ui_change_64fbd99,,Change,Αλλαγή,
ui_change_avatar_image_217fbce,,Change avatar image,Αλλαγή εικόνας avatar,
ui_changing_mode_3da68b4,,Changing mode,Αλλαγή λειτουργίας,
ui_charge_flow_ceb6c62,,Charge & flow,Φόρτιση & ροή,
ui_chart_66c7734,,Chart,Διάγραμμα,
ui_checking_for_shared_dashboards_5f2f823,,Checking for shared dashboards…,Έλεγχος για κοινόχρηστους πίνακες ελέγχου…,
ui_checking_for_the_hki_7_cloud_component_c76112a,,Checking for the HKI 7 Cloud component…,Έλεγχος για το στοιχείο HKI 7 Cloud…,don't translate HKI 7 Cloud
ui_choose_78b7c9f,,Choose,Επιλέγω,
ui_choose_a_different_server_47e6ce6,,Choose a different server,Επιλέξτε διαφορετικό διακομιστή,
ui_choose_a_side_when_the_badge_bar_is_split_6e3c73d,,Choose a side when the badge bar is split,Επιλέξτε μια πλευρά όταν η γραμμή σήματος είναι χωρισμένη,
ui_choose_a_state_7ab7191,,Choose a state,Επιλέξτε μια πολιτεία,
ui_choose_a_visual_home_assistant_block_e7c8652,,Choose a visual Home Assistant block,Επιλέξτε ένα οπτικό μπλοκ Home Assistant,don't translate Home Assistant
ui_choose_action_cf9c80e,,Choose action,Επιλέξτε δράση,
ui_choose_an_action_e82323b,,Choose an action,Επιλέξτε μια ενέργεια,
ui_choose_an_entity_00fd1cc,,Choose an entity,Επιλέξτε μια οντότητα,
ui_choose_an_entity_first_d59e681,,Choose an entity first,Επιλέξτε πρώτα μια οντότητα,
ui_choose_an_expanded_or_compact_dashboard_header_815902d,,Choose an expanded or compact dashboard header,Επιλέξτε μια διευρυμένη ή συμπαγή κεφαλίδα πίνακα εργαλείων,
ui_choose_avatar_image_bcd5b00,,Choose avatar image,Επιλέξτε εικόνα avatar,
ui_choose_between_the_full_header_and_a_compact_navigation_90ec55e,,Choose between the full header and a compact navigation bar,Επιλέξτε ανάμεσα στην πλήρη κεφαλίδα και μια συμπαγή γραμμή πλοήγησης,
ui_choose_entity_31b0424,,Choose entity,Επιλέξτε οντότητα,
ui_choose_how_this_phone_or_tablet_appears_in_home_419da67,,Choose how this phone or tablet appears in Home Assistant,Επιλέξτε πώς εμφανίζεται αυτό το τηλέφωνο ή το tablet στο Home Assistant,don't translate Home Assistant
ui_choose_icon_b0047ce,,Choose icon,Επιλέξτε εικονίδιο,
ui_choose_included_cards_and_shared_entity_overrides_a507343,,Choose included cards and shared entity overrides,Επιλέξτε συμπεριλαμβανόμενες κάρτες και παρακάμψεις κοινόχρηστων οντοτήτων,
ui_choose_included_views_and_shared_entity_overrides_41f2e64,,Choose included views and shared entity overrides,Επιλέξτε συμπεριλαμβανόμενες προβολές και παρακάμψεις κοινόχρηστων οντοτήτων,
ui_choose_one_or_more_carrier_devices_in_widget_settings_100a4ca,,Choose one or more carrier devices in widget settings.,Επιλέξτε μία ή περισσότερες συσκευές κινητής τηλεφωνίας στις ρυθμίσεις γραφικών στοιχείων.,
ui_choose_person_entity_977db64,,Choose person entity,Επιλέξτε οντότητα προσώπου,
ui_choose_the_climate_view_and_optional_entity_overrides_a69cbbc,,Choose the climate view and optional entity overrides,Επιλέξτε την προβολή κλίματος και τις προαιρετικές παρακάμψεις οντοτήτων,
ui_choose_the_energy_view_and_override_its_entities_if_523c3be,,Choose the energy view and override its entities if needed,Επιλέξτε την ενεργειακή προβολή και παρακάμψτε τις οντότητές της εάν χρειάζεται,
ui_choose_the_entity_and_card_content_8bde89a,,Choose the entity and card content,Επιλέξτε την οντότητα και το περιεχόμενο της κάρτας,
ui_choose_the_home_assistant_entities_that_drive_this_room_53a4061,,Choose the Home Assistant entities that drive this room's live indicators. Indicators only appear while they are active.,Επιλέξτε τις Home Assistant οντότητες που οδηγούν τους ζωντανούς δείκτες αυτού του δωματίου. Οι δείκτες εμφανίζονται μόνο όταν είναι ενεργοί.,don't translate Home Assistant
ui_choose_the_home_assistant_shown_in_hki_7_b29bc26,,Choose the Home Assistant shown in HKI 7,Επιλέξτε το Home Assistant που εμφανίζεται στο HKI 7,"don't translate Home Assistant, HKI 7"
ui_choose_the_player_and_dashboard_label_7fa88ba,,Choose the player and dashboard label,Επιλέξτε την ετικέτα του προγράμματος αναπαραγωγής και του πίνακα ελέγχου,
ui_choose_the_profile_for_this_light_d8c7bae,,Choose the profile for this light,Επιλέξτε το προφίλ για αυτό το φως,
ui_choose_the_sensors_plotted_together_3bc1663,,Choose the sensors plotted together,Επιλέξτε τους αισθητήρες που σχεδιάζονται μαζί,
ui_choose_the_source_and_when_a_battery_is_considered_0b993df,,Choose the source and when a battery is considered low,Επιλέξτε την πηγή και πότε μια μπαταρία θεωρείται χαμηλή,
ui_choose_what_tap_double_tap_and_hold_should_do_0bbe9c8,,"Choose what tap, double tap, and hold should do","Επιλέξτε τι πρέπει να κάνει το πάτημα, το διπλό πάτημα και το κρατήστε πατημένο",
ui_choose_what_this_action_should_control_7ebe4ab,,Choose what this action should control,Επιλέξτε τι πρέπει να ελέγχει αυτή η ενέργεια,
ui_choose_what_this_badge_summarizes_a7af7e6,,Choose what this badge summarizes,Επιλέξτε τι συνοψίζει αυτό το σήμα,
ui_choose_what_this_header_pill_shows_0bbdbc2,,Choose what this header pill shows,Επιλέξτε τι δείχνει αυτό το χάπι κεφαλίδας,
ui_choose_where_to_restore_the_dashboard_configuration_from_bb40b34,,Choose where to restore the dashboard configuration from.,Επιλέξτε από πού θα επαναφέρετε τη διαμόρφωση του πίνακα εργαλείων.,
ui_choose_whether_this_person_appears_in_the_home_header_49f0ec2,,Choose whether this person appears in the Home header,Επιλέξτε εάν αυτό το άτομο θα εμφανίζεται στην κεφαλίδα Αρχική σελίδα,
ui_choose_which_profiles_this_widget_can_control_2cd9b2b,,Choose which profiles this widget can control,Επιλέξτε ποια προφίλ μπορεί να ελέγχει αυτό το γραφικό στοιχείο,
ui_choose_who_can_see_this_dashboard_they_can_import_2f5e49d,,Choose who can see this dashboard. They can import it into their own app.,Επιλέξτε ποιος μπορεί να δει αυτόν τον πίνακα ελέγχου. Μπορούν να το εισαγάγουν στη δική τους εφαρμογή.,
ui_choose_your_dashboard_1ec85e9,,Choose your dashboard,Επιλέξτε τον πίνακα ελέγχου σας,
ui_clean_rooms_4dc67ab,,Clean rooms,Καθαρά δωμάτια,
ui_clean_selected_43d8dd5,,Clean selected,Καθαρισμός επιλεγμένων,
ui_clear_719ea39,,Clear,Σαφής,
ui_clear_battery_config_d8854f7,,Clear battery config?,Διαγραφή διαμόρφωσης μπαταρίας;,
ui_clear_battery_view_1952347,,Clear battery view?,Διαγραφή της προβολής μπαταρίας;,
ui_clear_battery_view_5ef09bf,,Clear Battery View,Εκκαθάριση προβολής μπαταρίας,
ui_clear_climate_view_48e8a5e,,Clear Climate View,Καθαρή προβολή του κλίματος,
ui_clear_climate_view_9a1339c,,Clear climate view?,Καθαρή θέα του κλίματος;,
ui_clear_config_51f6330,,Clear config,Εκκαθάριση παραμέτρων,
ui_clear_energy_view_401c166,,Clear Energy View,Clear Energy View,
ui_clear_energy_view_d577bb7,,Clear energy view?,Καθαρή ενεργειακή άποψη;,
ui_clear_filters_4122267,,Clear filters,Καθαρίστε τα φίλτρα,
ui_clear_rooms_view_87a43ca,,Clear Rooms View,Καθαρή θέα στα δωμάτια,
ui_clear_rooms_view_f1d0d72,,Clear rooms view?,Καθαρή θέα στα δωμάτια;,
ui_clear_search_67300d0,,Clear search,Εκκαθάριση αναζήτησης,
ui_clear_security_view_219e25b,,Clear Security View,Διαγράψτε την προβολή ασφαλείας,
ui_clear_security_view_48790f7,,Clear security view?,Διαγραφή προβολής ασφαλείας;,
ui_clear_selection_247fd63,,Clear selection,Εκκαθάριση επιλογής,
ui_climate_4857860,,Climate,Κλίμα,
ui_climate_cards_f4996fd,,Climate Cards,Κάρτες για το κλίμα,
ui_climate_devices_are_found_automatically_add_extra_entities_5ebd8b7,,Climate devices are found automatically; add extra entities here if any are missing.,Οι συσκευές κλιματισμού εντοπίζονται αυτόματα. προσθέστε επιπλέον οντότητες εδώ εάν λείπουν.,
ui_climate_dialog_control_add9f2b,,Climate dialog control,Έλεγχος διαλόγου κλίματος,
ui_climate_sources_take_priority_and_use_their_current_temper_5dbcde3,,Climate sources take priority and use their current_temperature and current_humidity values. ,Οι κλιματικές πηγές έχουν προτεραιότητα και χρησιμοποιούν τις τιμές τρέχουσας_θερμοκρασίας και τρέχουσας_υγρασίας.,keep the space at the start/end
ui_climate_stack_cards_dcff178,,Climate Stack Cards,Κάρτες Climate Stack,
ui_climate_summary_4686577,,Climate summary,Περίληψη του κλίματος,
ui_climatedooropen_026f1c8,,climateDoorOpen,κλίμαΘύρα Ανοιχτό,
ui_climatehouse_9c0637a,,climateHouse,κλιματικό σπίτι,
ui_climatewindowopen_9b0794a,,climateWindowOpen,κλίμαΠαράθυροΆνοιγμα,
ui_close_bbfa773,,Close,Κοντά,
ui_cloud_backup_is_off_71dfae1,,Cloud backup is off,Η δημιουργία αντιγράφων ασφαλείας στο cloud είναι απενεργοποιημένη,
ui_collapsed_by_default_65a57c6,,Collapsed by default,Σύμπτυξη από προεπιλογή,
ui_collapsible_c932fac,,Collapsible,Πτυσσόμενος,
ui_collection_30c54a9,,Collection,Συλλογή,
ui_color_1d0c830,,Color,Χρώμα,
ui_color_typography_and_component_shape_b82e582,,"Color, typography, and component shape","Χρώμα, τυπογραφία και σχήμα συστατικού",
ui_colors_and_light_dark_mode_37de9d5,,Colors and light/dark mode,Χρώματα και λειτουργία φωτός/σκούρου,
ui_columns_cf723c5,,Columns,Στήλες,
ui_combine_multiple_accounts_from_the_same_carrier_into_one_0006a49,,Combine multiple accounts from the same carrier into one tab and parcel list.,Συνδυάστε πολλούς λογαριασμούς από την ίδια εταιρεία κινητής τηλεφωνίας σε μία καρτέλα και λίστα δεμάτων.,
ui_comfortpulse_100b63b,,comfortPulse,comfortPulse,
ui_community_source_716abd9,,Community source,Κοινοτική πηγή,
ui_compact_1df39aa,,Compact,Συμπαγής,
ui_compact_header_50275e8,,Compact header,Συμπαγής κεφαλίδα,
ui_compact_mode_hides_the_left_header_pill_persons_subtitle_da84968,,"Compact mode hides the left header pill, persons, subtitle/status information, and room counters. Swipe down on the compact bar to open Search, Flows, Edit, and Settings.","Η συμπαγής λειτουργία κρύβει το αριστερό χάπι κεφαλίδας, πρόσωπα, πληροφορίες υπότιτλων/κατάστασης και μετρητές δωματίου. Σύρετε προς τα κάτω στη συμπαγή γραμμή για να ανοίξετε την Αναζήτηση, τις Ροές, την Επεξεργασία και τις Ρυθμίσεις.",
ui_compact_tile_height_78b57a3,,Compact tile height,Συμπαγές ύψος πλακιδίων,
ui_configured_light_65a3aad,,%1$s configured light%2$s,%1$s διαμορφωμένο φως%2$s,app fills in %1$s %2$s — keep them
ui_confirm_04a2122,,Confirm,Επιβεβαιώνω,
ui_connect_b65463c,,Connect,Συνδέω,
ui_connected_through_home_assistant_cloud_47a54c0,,Connected through Home Assistant Cloud,Συνδέθηκε μέσω Home Assistant Cloud,don't translate Home Assistant
ui_connected_through_your_external_home_assistant_address_966b0e6,,Connected through your external Home Assistant address,Συνδέθηκε μέσω της εξωτερικής σας διεύθυνσης Home Assistant,don't translate Home Assistant
ui_connected_through_your_home_network_cdf4e0f,,Connected through your home network,Συνδεθείτε μέσω του οικιακού σας δικτύου,
ui_connecting_fd3e796,,Connecting…,Συνδετικός…,
ui_connection_6512ee1,,Connection,Σύνδεση,
ui_connection_switched_to_8f04753,,Connection switched to %1$s,Η σύνδεση άλλαξε σε %1$s,app fills in %1$s — keep them
ui_contacting_your_home_assistant_server_e0a53d1,,Contacting your Home Assistant server…,Επικοινωνία με τον διακομιστή Home Assistant σας…,don't translate Home Assistant
ui_content_4f9be05,,Content,Περιεχόμενο,
ui_continue_2e02623,,Continue,Συνεχίζω,
ui_continuous_gps_for_live_tracking_uses_much_more_battery_fdcd80d,,Continuous GPS for live tracking — uses much more battery. Leave off for official-app-like behavior.,Συνεχές GPS για ζωντανή παρακολούθηση — χρησιμοποιεί πολύ περισσότερη μπαταρία. Αφήστε μακριά για συμπεριφορά που μοιάζει με επίσημη εφαρμογή.,
ui_control_ea1d3df,,Control,Ελεγχος,
ui_control_how_accounts_become_tabs_and_lists_f100249,,Control how accounts become tabs and lists,Ελέγξτε πώς οι λογαριασμοί γίνονται καρτέλες και λίστες,
ui_control_layout_4c3b047,,Control layout,Έλεγχος διάταξης,
ui_controls_and_history_sensors_used_by_the_dialog_f71675d,,Controls and history sensors used by the dialog,Στοιχεία ελέγχου και αισθητήρες ιστορικού που χρησιμοποιούνται από το παράθυρο διαλόγου,
ui_controls_light_in_this_profile_cd11089,,Controls %1$s light%2$s in this profile.,Ελέγχει %1$s light%2$s σε αυτό το προφίλ.,app fills in %1$s %2$s — keep them
ui_cooling_5569ac4,,Cooling,Ψύξη,
ui_copy_af74f7c,,Copy,Αντίγραφο,
ui_copy_dashboard_2ea354e,,Copy dashboard,Αντιγραφή πίνακα ελέγχου,
ui_copyright_2026_jimz011_b8f2c24,,Copyright © 2026 Jimz011,Πνευματικά δικαιώματα © 2026 Jimz011,
ui_corners_f1fb139,,Corners,Γωνίες,
ui_could_not_add_the_parcel_check_the_number_and_fd157b4,,Could not add the parcel. Check the number and try again.,Δεν ήταν δυνατή η προσθήκη του δέματος. Ελέγξτε τον αριθμό και δοκιμάστε ξανά.,
ui_couldn_t_reach_a30cc1b,,Couldn't reach %1$s,Δεν ήταν δυνατή η πρόσβαση στο %1$s,app fills in %1$s — keep them
ui_couldn_t_reach_your_home_assistant_server_2a17c09,,Couldn't reach your Home Assistant server.,Δεν ήταν δυνατή η πρόσβαση στον διακομιστή Home Assistant σας.,don't translate Home Assistant
ui_countdown_timer_282cb17,,Countdown timer,Χρονόμετρο αντίστροφης μέτρησης,
ui_create_6e157c5,,Create,Δημιουργώ,
ui_create_a_flow_11b4415,,Create a flow,Δημιουργήστε μια ροή,
ui_create_a_separate_dashboard_auto_generate_imports_once_and_a5f0ef1,,Create a separate dashboard. Auto Generate imports once and then becomes editable; Start Empty only keeps persons available.,Δημιουργήστε έναν ξεχωριστό πίνακα ελέγχου. Η αυτόματη δημιουργία εισαγωγών μία φορά και στη συνέχεια γίνεται επεξεργάσιμη. Το Start Empty διατηρεί μόνο άτομα διαθέσιμα.,
ui_create_custom_page_d1f53e7,,Create custom page,Δημιουργία προσαρμοσμένης σελίδας,
ui_created_by_jimz011_2026_hki_7_v_20cbca0,,Created by Jimz011 - 2026 • HKI 7 v%1$s,Δημιουργήθηκε από Jimz011 - 2026 • HKI 7 v%1$s,app fills in %1$s — keep them; don't translate HKI 7
ui_created_by_jimz011_with_help_from_ai_assisted_development_47c9a41,,"Created by Jimz011 with help from AI-assisted development tools. Product direction, design choices, testing, and responsibility for the released app remain with the project creator.","Δημιουργήθηκε από τον Jimz011 με τη βοήθεια εργαλείων ανάπτυξης που υποστηρίζονται από AI. Η κατεύθυνση του προϊόντος, οι επιλογές σχεδιασμού, οι δοκιμές και η ευθύνη για την εφαρμογή που κυκλοφόρησε παραμένουν στον δημιουργό του έργου.",
ui_created_openly_1cc16d4,,Created openly,Δημιουργήθηκε ανοιχτά,
ui_creates_a_full_duplicate_of_including_all_rooms_widgets_b96bbb1,,"Creates a full duplicate of ""%1$s"", including all rooms, widgets, and page settings. The copy is added to your dashboards without switching to it.","Δημιουργεί ένα πλήρες αντίγραφο του ""%1$s"", συμπεριλαμβανομένων όλων των δωματίων, των γραφικών στοιχείων και των ρυθμίσεων σελίδας. Το αντίγραφο προστίθεται στους πίνακες εργαλείων σας χωρίς να μεταβείτε σε αυτό.",app fills in %1$s — keep them
ui_critical_04b7b26,,Critical,Κρίσιμος,
ui_critical_low_5852b16,,%1$s critical · %2$s low,%1$s κρίσιμο · %2$s χαμηλό,app fills in %1$s %2$s — keep them
ui_critical_replace_soon_dbd946d,,Critical — replace soon,Κρίσιμο — αντικαταστήστε σύντομα,
ui_current_4fc0e2b,,Current,Ρεύμα,
ui_current_88a0a02,,%1$s° current,%1$s° ρεύμα,app fills in %1$s — keep them
ui_current_charge_b6b0b3d,,Current charge,Τρέχουσα χρέωση,
ui_current_e4ef83d,,Current %1$s%%,Τρέχον %1$s%%,app fills in %1$s — keep them
ui_current_weather_0fc6239,,Current weather,Τρέχον καιρός,
ui_currently_loaded_69ef6fb,,Currently loaded,Φορτώνεται αυτήν τη στιγμή,
ui_custom_081ae3f,,Custom,Εθιμο,
ui_custom_buttons_c580449,,Custom buttons,Προσαρμοσμένα κουμπιά,
ui_custom_camera_ada9096,,Custom Camera,Προσαρμοσμένη κάμερα,
ui_custom_camera_url_8191b15,,Custom camera URL,Προσαρμοσμένη διεύθυνση URL κάμερας,
ui_custom_ed17691,,Custom %1$s,Προσαρμοσμένο %1$s,app fills in %1$s — keep them
ui_custom_entities_d6e76ae,,Custom entities,Προσαρμοσμένες οντότητες,
ui_custom_name_6af17c2,,Custom name,Προσαρμοσμένο όνομα,
ui_custom_order_a7a5984,,Custom order,Προσαρμοσμένη παραγγελία,
ui_custom_seconds_7467e28,,Custom seconds,Προσαρμοσμένα δευτερόλεπτα,
ui_custom_state_378153b,,Custom state...,Προσαρμοσμένη κατάσταση...,
ui_custom_url_9c155e9,,Custom URL,Προσαρμοσμένη διεύθυνση URL,
ui_customize_device_energy_b754bb5,,Customize device energy,Προσαρμόστε την ενέργεια της συσκευής,
ui_customize_top_consumers_eb249c5,,Customize top consumers,Προσαρμόστε τους κορυφαίους καταναλωτές,
ui_customize_water_devices_81ce5f6,,Customize water devices,Προσαρμόστε τις συσκευές νερού,
ui_d_6388bb3,,"%1$s d, %2$s","%1$s d, %2$s",app fills in %1$s %2$s — keep them
ui_daily_backup_is_active_111a631,,Daily backup is active,Η ημερήσια δημιουργία αντιγράφων ασφαλείας είναι ενεργή,
ui_dashboard_d87f47b,,Dashboard,Ταμπλό,
ui_dashboard_header_36d8656,,Dashboard header,Κεφαλίδα ταμπλό,
ui_dashboard_name_466f3af,,Dashboard name,Όνομα πίνακα ελέγχου,
ui_dashboard_width_and_card_shape_3fcad11,,Dashboard width and card shape,Πλάτος ταμπλό και σχήμα κάρτας,
ui_dashboards_197565b,,Dashboards,Ταμπλό,
ui_dashboards_shared_by_your_family_import_to_add_a_8a6d06e,,Dashboards shared by your family. Import to add a copy to your dashboards; import again later to pull updates.,Πίνακες ελέγχου κοινόχρηστοι από την οικογένειά σας. Εισαγωγή για να προσθέσετε ένα αντίγραφο στους πίνακες εργαλείων σας. εισαγάγετε ξανά αργότερα για να τραβήξετε ενημερώσεις.,
ui_dashboards_visual_style_and_everyday_navigation_17f3ac2,,"Dashboards, visual style, and everyday navigation","Πίνακες εργαλείων, οπτικό στυλ και καθημερινή πλοήγηση",
ui_data_series_e5977fb,,Data series,Σειρά δεδομένων,
ui_data_sources_dadd6ac,,Data sources,Πηγές δεδομένων,
ui_date_eb9a4bc,,Date,Ημερομηνία,
ui_datetime_f1e5baf,,DateTime,Ημερομηνία Ώρα,
ui_day_to_839bf92,,%1$s day%2$s to %3$s,%1$s ημέρα%2$s έως %3$s,app fills in %1$s %2$s %3$s — keep them
ui_decrease_67e19d8,,Decrease,Μείωση,
ui_default_808d7dc,,Default,Αθέτηση,
ui_default_effect_per_type_a4ce3c4,,Default effect per type,Προεπιλεγμένο εφέ ανά τύπο,
ui_default_view_343256a,,Default view,Προεπιλεγμένη προβολή,
ui_default_weather_entity_588d455,,Default weather entity,Προεπιλεγμένη οντότητα καιρού,
ui_defrosting_c3b2817,,Defrosting,Απόψυξη,
ui_delete_0c6013a,,"Delete ""%1$s""?","Διαγραφή ""%1$s"";",app fills in %1$s — keep them
ui_delete_137cdc2,,Delete %1$s?,Διαγραφή %1$s;,app fills in %1$s — keep them
ui_delete_automation_442d61c,,Delete automation?,Διαγραφή αυτοματισμού;,
ui_delete_f6fdbe4,,Delete,Διαγράφω,
ui_delete_floor_07c4a91,,Delete floor,Διαγραφή ορόφου,
ui_delivered_eea956c,,Delivered,Παραδόθηκε,
ui_demo_mode_a85b728,,Demo mode,Λειτουργία επίδειξης,
ui_description_55f8ebc,,Description,Περιγραφή,
ui_details_dc3decb,,Details,Καθέκαστα,
ui_detected_carbon_intensity_9983458,,Detected carbon intensity,Ανιχνευμένη ένταση άνθρακα,
ui_device_8c01559,,Device: %1$s,Συσκευή: %1$s,app fills in %1$s — keep them
ui_device_a5a74a6,,Device,Συσκευή,
ui_device_details_39c277d,,Device details,Στοιχεία συσκευής,
ui_device_details_eb36018,,DEVICE DETAILS,ΣΤΟΙΧΕΙΑ ΣΥΣΚΕΥΗΣ,
ui_device_energy_79de3d8,,Device energy,Ενέργεια συσκευής,
ui_device_helpers_6a8b199,,Device & helpers,Συσκευή και βοηθοί,
ui_device_name_79d7a15,,Device name,Όνομα συσκευής,
ui_device_tracker_and_geocoded_location_f9e2d34,,Device tracker and geocoded location,Παρακολούθηση συσκευής και γεωκωδικοποιημένη τοποθεσία,
ui_devices_728190e,,devices,συσκευές,
ui_devices_df485c8,,Devices,Συσκευές,
ui_dialog_control_63e18cf,,Dialog control,Έλεγχος διαλόγου,
ui_direction_5a47d4d,,Direction —,Κατεύθυνση -,
ui_disable_battery_optimization_d3201bf,,Disable Battery Optimization,Απενεργοποιήστε τη βελτιστοποίηση μπαταρίας,
ui_disarmed_aaa4d9e,,Disarmed,Αφοπλισμένος,
ui_discovered_acbb9e0,,Discovered,Ανακαλυφθείς,
ui_dismiss_70afe9e,,Dismiss,Απολύω,
ui_display_574ff9b,,Display,Επίδειξη,
ui_display_linked_entities_and_dialog_layout_e6987f9,,"Display, linked entities, and dialog layout","Οθόνη, συνδεδεμένες οντότητες και διάταξη διαλόγου",
ui_display_mode_627bc30,,Display mode,Λειτουργία εμφάνισης,
ui_display_order_5f1293a,,Display order,Παρουσίαση σειράς,
ui_done_e9b450d,,Done,Γινώμενος,
ui_door_locked_4b46012,,Door\nLocked,Πόρτα\nΚλειδωμένο,\n = line break
ui_door_open_74899a4,,Door\nOpen,Πόρτα\nΑνοίξτε,\n = line break
ui_door_sensor_turns_lock_card_red_when_open_9bc1372,,Door sensor (turns lock card red when open),Αισθητήρας πόρτας (γίνεται κόκκινος όταν ανοίγει),
ui_door_sensors_a7bb309,,Door sensors,Αισθητήρες πόρτας,
ui_double_tap_a268e89,,Double tap,Διπλό πάτημα,
ui_drag_horizontally_across_the_full_button_547ea8c,,Drag horizontally across the full button,Σύρετε οριζόντια κατά μήκος του πλήρους κουμπιού,
ui_drag_to_reorder_use_the_eye_button_to_hide_cd28b4c,,Drag to reorder. Use the eye button to hide an item or schedule when it shows.,Σύρετε για αναδιάταξη. Χρησιμοποιήστε το κουμπί του ματιού για να αποκρύψετε ένα στοιχείο ή ένα πρόγραμμα όταν εμφανίζεται.,
ui_drag_to_set_the_order_cameras_appear_on_the_7bcb4f5,,Drag to set the order cameras appear on the Security view.,Σύρετε για να ορίσετε τη σειρά που εμφανίζονται οι κάμερες στην προβολή Ασφάλεια.,
ui_drag_to_set_the_order_the_cards_appear_below_b6a92e4,,Drag to set the order the cards appear below the house on the Energy view.,Σύρετε για να ορίσετε τη σειρά που εμφανίζονται οι κάρτες κάτω από το σπίτι στην προβολή ενέργειας.,
ui_drag_to_set_the_order_thermostats_and_ac_units_62d49e7,,Drag to set the order thermostats and AC units appear on the Climate view.,Σύρετε για να ορίσετε τη σειρά που εμφανίζονται οι θερμοστάτες και οι μονάδες AC στην προβολή Κλίμα.,
ui_drying_7ea61a9,,Drying,Ξήρανση,
ui_e_e0184ad,,E,μι,
ui_each_group_controls_one_part_of_this_page_286a40b,,Each group controls one part of this page,Κάθε ομάδα ελέγχει ένα μέρος αυτής της σελίδας,
ui_each_home_keeps_its_own_login_dashboard_notification_conne_c261f94,,"Each home keeps its own login, dashboard, notification connection, and location registration","Κάθε σπίτι διατηρεί τα δικά του στοιχεία σύνδεσης, πίνακα ελέγχου, σύνδεση ειδοποιήσεων και εγγραφή τοποθεσίας",
ui_edit_5301648,,Edit,Εκδίδω,
ui_edit_entities_485ee65,,Edit entities,Επεξεργασία οντοτήτων,
ui_edit_page_17e45f8,,Edit page,Επεξεργασία σελίδας,
ui_edit_sensors_6c38d51,,Edit sensors,Επεξεργασία αισθητήρων,
ui_effects_8f25a85,,Effects,Υπάρχοντα,
ui_electricity_925cf7f,,Electricity,Ηλεκτρισμός,
ui_electricity_total_c81c63f,,Electricity Total,Σύνολο ηλεκτρικής ενέργειας,
ui_elevation_a514da1,,Elevation,Ανύψωση,
ui_empty_3159fe4,,Empty,Αδειάζω,
ui_empty_bin_0cbe2d7,,Empty bin,Άδειος κάδος,
ui_empty_bin_bcf05c4,,Empty bin: %1$s,Άδειος κάδος: %1$s,app fills in %1$s — keep them
ui_empty_bin_optional_fallback_e40b857,,Empty bin (optional fallback),Άδειος κάδος (προαιρετικό εναλλακτικό),
ui_empty_iframe_open_its_settings_in_edit_mode_and_c17ba2f,,Empty iFrame — open its settings in edit mode and enter a web address.,Άδειο iFrame — ανοίξτε τις ρυθμίσεις του σε λειτουργία επεξεργασίας και εισαγάγετε μια διεύθυνση web.,
ui_empty_markdown_widget_open_its_settings_in_edit_mode_b65072d,,Empty markdown widget — open its settings in edit mode to write content.,Κενό γραφικό στοιχείο σήμανσης — ανοίξτε τις ρυθμίσεις του σε λειτουργία επεξεργασίας για να γράψετε περιεχόμενο.,
ui_empty_stack_79d38d5,,Empty Stack,Κενή στοίβα,
ui_enable_cloud_backup_32fe82b,,Enable cloud backup,Ενεργοποίηση δημιουργίας αντιγράφων ασφαλείας cloud,
ui_enable_home_assistant_backup_bd7cf62,,Enable Home Assistant backup,Ενεργοποίηση δημιουργίας αντιγράφων ασφαλείας Home Assistant,don't translate Home Assistant
ui_enable_the_features_hki_7_may_use_in_the_52e596d,,Enable the features HKI 7 may use in the background,Ενεργοποιήστε τις δυνατότητες που μπορεί να χρησιμοποιεί ο HKI 7 στο παρασκήνιο,don't translate HKI 7
ui_enabled_e22fb09,,ENABLED,ΕΝΕΡΓΟΠΟΙΗΜΕΝΟ,
ui_end_2a002eb,,End: %1$s,Τέλος: %1$s,app fills in %1$s — keep them
ui_energy_437bcb1,,Energy,Ενέργεια,
ui_energy_cards_c84abda,,Energy Cards,Ενεργειακές κάρτες,
ui_energy_counters_imported_from_home_assistant_s_energy_dash_9dd23f9,,Energy counters imported from Home Assistant's Energy dashboard.,Μετρητές ενέργειας που εισάγονται από τον πίνακα εργαλείων ενέργειας του Home Assistant.,don't translate Home Assistant
ui_energy_stack_cards_5ac4b4c,,Energy Stack Cards,Κάρτες Energy Stack,
ui_energyscene_374cbbb,,energyScene,ενεργειακή σκηνή,
ui_enter_a_pin_4e6a960,,Enter a PIN,Εισαγάγετε ένα PIN,
ui_enter_a_valid_json_object_00d1e89,,Enter a valid JSON object,Εισαγάγετε ένα έγκυρο αντικείμενο JSON,
ui_enter_an_address_manually_5eda99d,,Enter an address manually,Εισαγάγετε μια διεύθυνση με μη αυτόματο τρόπο,
ui_enter_code_ab45ae5,,Enter code,Εισαγάγετε κωδικό,
ui_enter_http_url_relative_path_or_webrtc_id_e_bb736eb,,"Enter HTTP URL, relative path, or WebRTC ID (e.g., poort_hd)","Εισαγάγετε διεύθυνση URL HTTP, σχετική διαδρομή ή αναγνωριστικό WebRTC (π.χ. poort_hd)",
ui_enter_http_url_relative_path_or_webrtc_path_e_41da8c2,,"Enter HTTP URL, relative path, or WebRTC path (e.g., url: poort_hd)","Εισαγάγετε τη διεύθυνση URL HTTP, τη σχετική διαδρομή ή τη διαδρομή WebRTC (π.χ. url: poort_hd)",
ui_enter_the_same_data_object_home_assistant_shows_in_f7e27af,,Enter the same data object Home Assistant shows in YAML. JSON is used here so values keep their exact type.,"Εισαγάγετε το ίδιο αντικείμενο δεδομένων Home Assistant που εμφανίζεται στο YAML. Το JSON χρησιμοποιείται εδώ, ώστε οι τιμές να διατηρούν τον ακριβή τύπο τους.",don't translate Home Assistant
ui_entities_390082d,,Entities · %1$s,Οντότητες · %1$s,app fills in %1$s — keep them
ui_entities_6510c2f,,Entities (%1$s),Οντότητες (%1$s),app fills in %1$s — keep them
ui_entities_9d88f3c,,entities,οντότητες,
ui_entities_appearance_and_interactions_b90b013,,"Entities, appearance, and interactions","Οντότητες, εμφάνιση και αλληλεπιδράσεις",
ui_entities_f7638a2,,Entities,Οντότητες,
ui_entities_that_signal_activity_or_safety_states_769b862,,Entities that signal activity or safety states,Οντότητες που σηματοδοτούν καταστάσεις δραστηριότητας ή ασφάλειας,
ui_entity_icons_gently_glow_spin_or_pulse_while_the_b3a8910,,"Entity icons gently glow, spin, or pulse while the device is on. Only active devices animate.","Τα εικονίδια οντοτήτων ανάβουν απαλά, περιστρέφονται ή πάλλονται ενώ η συσκευή είναι ενεργοποιημένη. Κινούνται μόνο οι ενεργές συσκευές.",
ui_entity_integrations_852a3e0,,Entity integrations,Ενσωματώσεις οντοτήτων,
ui_entity_name_9543eb8,,Entity name,Όνομα οντότητας,
ui_entity_picture_0569c68,,Entity picture,Εικόνα οντότητας,
ui_entity_unavailable_3974ddb,,Entity unavailable,Η οντότητα δεν είναι διαθέσιμη,
ui_event_ad8919a,,Event,Συμβάν,
ui_every_contribution_helps_and_payment_is_never_required_1bc44f2,,"Every contribution helps, and payment is never required",Κάθε συνεισφορά βοηθάει και δεν απαιτείται ποτέ πληρωμή,
ui_everyday_navigation_e2f1711,,Everyday navigation,Καθημερινή πλοήγηση,
ui_everyone_c756f6a,,Everyone,Καθένας,
ui_exact_text_or_number_reported_by_home_assistant_00e5cc6,,Exact text or number reported by Home Assistant,Ακριβές κείμενο ή αριθμός που αναφέρθηκε από Home Assistant,don't translate Home Assistant
ui_example_com_or_https_8381ca6,,example.com or https://…,example.com ή https://…,
ui_existing_camera_5fb3653,,Existing Camera,Υπάρχουσα κάμερα,
ui_exit_demo_mode_ab94122,,Exit Demo Mode,Έξοδος από τη λειτουργία επίδειξης,
ui_exit_full_screen_3d9afda,,Exit full screen,Έξοδος από πλήρη οθόνη,
ui_exiting_removes_the_sample_home_and_returns_to_the_05548e1,,"Exiting removes the sample home and returns to the welcome screen, where you can connect a real Home Assistant server.","Η έξοδος καταργεί το δείγμα αρχικής σελίδας και επιστρέφει στην οθόνη καλωσορίσματος, όπου μπορείτε να συνδέσετε έναν πραγματικό διακομιστή Home Assistant.",don't translate Home Assistant
ui_expected_delivery_78d54b2,,Expected delivery,Αναμενόμενη παράδοση,
ui_expected_today_4af5600,,Expected today,Αναμενόμενο σήμερα,
ui_external_url_or_nabu_casa_url_d2e1eed,,External URL or Nabu Casa URL,Εξωτερική διεύθυνση URL ή Nabu Casa URL,don't translate Nabu Casa
ui_family_sharing_160fddb,,Family Sharing,Οικογενειακή κοινή χρήση,
ui_family_sharing_settings_are_controlled_by_a_home_assistant_cdb35a2,,Family Sharing settings are controlled by a Home Assistant admin. You can use a dashboard shared with you below.,Οι ρυθμίσεις Οικογενειακής κοινής χρήσης ελέγχονται από έναν διαχειριστή Home Assistant. Μπορείτε να χρησιμοποιήσετε έναν πίνακα ελέγχου που είναι κοινόχρηστος μαζί σας παρακάτω.,don't translate Home Assistant
ui_fan_ec38406,,Fan,Ανεμιστήρας,
ui_fan_modes_fbaa3df,,Fan & modes,Ανεμιστήρας & λειτουργίες,
ui_fans_73d38db,,Fans,Θαυμαστές,
ui_fetch_climate_entities_from_home_assistant_again_a65f837,,Fetch climate entities from Home Assistant again.,Λήψη κλιματικών οντοτήτων από Home Assistant ξανά.,don't translate Home Assistant
ui_fetch_rooms_floors_and_their_entities_from_home_assistant_0d84305,,"Fetch rooms, floors, and their entities from Home Assistant again.","Λάβετε ξανά δωμάτια, ορόφους και τις οντότητές τους από Home Assistant.",don't translate Home Assistant
ui_fetch_security_entities_from_home_assistant_again_577b666,,Fetch security entities from Home Assistant again.,Λήψη οντοτήτων ασφαλείας από Home Assistant ξανά.,don't translate Home Assistant
ui_fetch_the_home_assistant_energy_dashboard_configuration_ag_9180e9b,,Fetch the Home Assistant energy dashboard configuration again.,Λάβετε ξανά τη διαμόρφωση του πίνακα εργαλείων ενέργειας Home Assistant.,don't translate Home Assistant
ui_find_home_assistant_locally_c992bdf,,Find Home Assistant locally,Βρείτε Home Assistant τοπικά,don't translate Home Assistant
ui_firmware_94fe490,,Firmware %1$s,Υλικολογισμικό %1$s,app fills in %1$s — keep them
ui_five_simple_gestures_are_all_you_need_to_get_d4c2675,,Five simple gestures are all you need to get around HKI 7.,Πέντε απλές χειρονομίες είναι το μόνο που χρειάζεστε για να ξεπεράσετε HKI 7.,don't translate HKI 7
ui_fixed_tab_10fe998,,Fixed tab,Διορθώθηκε η καρτέλα,
ui_floor_7db82f7,,Floor,Πάτωμα,
ui_floor_assignment_288a740,,Floor assignment,Ανάθεση ορόφου,
ui_floor_name_e9d98d6,,Floor name,Όνομα ορόφου,
ui_floor_settings_640cb8e,,Floor settings,Ρυθμίσεις δαπέδου,
ui_flowphase_101d9f0,,flowPhase,Φάση ροής,
ui_flows_1242655,,Flows,Ροές,
ui_focused_groups_keep_advanced_options_easy_to_find_44ac86e,,Focused groups keep advanced options easy to find,Οι εστιασμένες ομάδες διατηρούν εύκολα τις προηγμένες επιλογές,
ui_font_family_54a1848,,Font family,Οικογένεια γραμματοσειρών,
ui_font_size_ef89fc7,,Font size · %1$s%%,Μέγεθος γραμματοσειράς · %1$s%%,app fills in %1$s — keep them
ui_fonts_ffe688a,,Fonts,Γραμματοσειρές,
ui_force_high_refresh_rate_214de79,,Force high refresh rate,Επιβολή υψηλού ρυθμού ανανέωσης,
ui_forecast_528bc4b,,Forecast,Πρόβλεψη,
ui_forecast_entities_c950412,,Forecast entities,οντότητες πρόβλεψης,
ui_forget_selection_7864f34,,Forget selection,Ξεχάστε την επιλογή,
ui_forward_ba4e722,,Forward,Προς τα εμπρός,
ui_from_ad3b521,,From %1$s,Από %1$s,app fills in %1$s — keep them
ui_from_state_6c7eaef,,From state,Από κράτος,
ui_full_changelog_ae838e7,,Full changelog,Πλήρες ημερολόγιο αλλαγών,
ui_full_controls_68749a5,,Full controls,Πλήρεις έλεγχοι,
ui_full_day_name_25ab7ee,,Full Day Name,Ολοήμερο Όνομα,
ui_full_url_or_a_path_on_your_home_assistant_66f9c59,,Full URL or a path on your Home Assistant server (e.g. /local/vacuum.png),Πλήρες URL ή μια διαδρομή στον διακομιστή Home Assistant σας (π.χ. /local/vacuum.png),don't translate Home Assistant
ui_gas_ead9650,,Gas,Αέριο,
ui_generating_your_rooms_01654a1,,Generating your rooms,Δημιουργία των δωματίων σας,
ui_get_started_bd2cb05,,Get Started,Ξεκινήστε,
ui_give_a_humidifier_a_fan_select_input_select_to_860be4d,,"Give a humidifier a fan / select / input_select to control its speed; its options replace the humidifier's mode chips, and modes move to the dialog's nav bar.",Δώστε σε έναν υγραντήρα έναν ανεμιστήρα / επιλέξτε / input_select για να ελέγξετε την ταχύτητά του. Οι επιλογές του αντικαθιστούν τα τσιπ λειτουργίας του υγραντήρα και οι λειτουργίες μετακινούνται στη γραμμή πλοήγησης του διαλόγου.,
ui_glow_6ae5a62,,glow,λάμψη,
ui_glowphase_748e6d6,,glowPhase,glowPhase,
ui_glowpulse_9269294,,glowPulse,glowPulse,
ui_good_61dedcf,,Good,Καλός,
ui_google_drive_07c2964,,Google Drive,Google Drive,don't translate Google Drive
ui_got_it_5b8027f,,Got it,Κατάλαβα,
ui_got_it_let_s_explore_107038f,,Got it — let's explore,Κατάλαβα - ας εξερευνήσουμε,
ui_graph_sensor_c63cbb6,,Graph %1$s · %2$s sensor%3$s,Γράφημα %1$s · %2$s αισθητήρας%3$s,app fills in %1$s %2$s %3$s — keep them
ui_graph_style_6acd980,,Graph Style,Στυλ γραφήματος,
ui_graphs_7839947,,Graphs,Γραφήματα,
ui_grid_density_and_button_presentation_b7907e5,,Grid density and button presentation,Πυκνότητα πλέγματος και παρουσίαση κουμπιών,
ui_grid_density_width_and_tile_shape_267ad9a,,"Grid density, width, and tile shape","Πυκνότητα πλέγματος, πλάτος και σχήμα πλακιδίου",
ui_grid_phases_0a5eae5,,Grid & phases,Πλέγμα & φάσεις,
ui_group_light_paused_for_manual_control_78d6b74,,%1$s group light%2$s paused for manual control.,Το %1$s ομαδικό φως%2$s τέθηκε σε παύση για μη αυτόματο έλεγχο.,app fills in %1$s %2$s — keep them
ui_group_related_cards_in_one_section_f978d2b,,Group related cards in one section,Ομαδοποιήστε τις σχετικές κάρτες σε μία ενότητα,
ui_guide_motion_579dcaf,,guide_motion,οδηγός_κίνηση,
ui_guide_progress_6138614,,guide_progress,οδηγός_πρόοδος,
ui_gust_53f5da4,, (gust %1$s),(ριπή %1$s),app fills in %1$s — keep them; keep the space at the start/end
ui_h_0be1674,,%1$sh,%1$sh,app fills in %1$s — keep them
ui_header_31341c6,,Header,Επί κεφαλής,
ui_header_appearance_40327c9,,Header appearance,Εμφάνιση κεφαλίδας,
ui_header_custom_color_rrggbb_1887d0a,,Header custom color (#RRGGBB),Προσαρμοσμένο χρώμα κεφαλίδας (#RRGGBB),
ui_header_pill_d7520cf,,Header pill,Χάπι κεφαλίδας,
ui_header_text_7f71314,,Header text,Κείμενο κεφαλίδας,
ui_header_text_f7593e7,,Header Text,Κείμενο κεφαλίδας,
ui_header_wallpaper_url_or_path_25cf2b6,,Header wallpaper URL or path,Διεύθυνση URL ή διαδρομή ταπετσαρίας κεφαλίδας,
ui_heading_some_bold_text_a_list_item_one_item_b7f049b,,"# Heading\nSome **bold** text, a list:\n- item one\n- item two","# Επικεφαλίδα\nΚάποιο **έντονο** κείμενο, μια λίστα:\n- στοιχείο πρώτο\n- στοιχείο δύο",\n = line break
ui_healthy_80ea156,,Healthy,Υγιής,
ui_heating_f2a3e6e,,Heating,Θέρμανση,
ui_height_3f608b4,,Height,Υψος,
ui_help_the_project_without_buying_premium_e960d10,,Help the project without buying Premium,Βοηθήστε το έργο χωρίς να αγοράσετε Premium,
ui_hidden_1364716,,%1$s hidden,%1$s κρυφό,app fills in %1$s — keep them
ui_hidden_d4c2792,,Hidden,Κεκρυμμένος,
ui_hidden_during_c0afbbc,,Hidden during,Κρυμμένο κατά τη διάρκεια,
ui_hidden_rooms_f621ba4,,Hidden rooms,Κρυφά δωμάτια,
ui_hidden_items_advanced_title,,Hidden items (advanced),Κρυφά στοιχεία (προχωρημένα),
ui_hidden_items_advanced_hint,,Comma-separated list of button entity ids or badge/widget ids to hide from this person specifically. A button's id is its entity id; a badge or widget's id is shown in its own Appearance settings.,Λίστα αναγνωριστικών οντοτήτων κουμπιών διαχωρισμένων με κόμματα ή αναγνωριστικών σημάτων/γραφικών στοιχείων για απόκρυψη από αυτό το άτομο συγκεκριμένα. Το αναγνωριστικό ενός κουμπιού είναι το αναγνωριστικό οντότητάς του. Το αναγνωριστικό ενός σήματος ή ενός γραφικού στοιχείου εμφανίζεται στις δικές του ρυθμίσεις εμφάνισης.,
ui_hidden_views_3e16d85,,Hidden views,Κρυφές όψεις,
ui_hide_certain_views_or_rooms_from_specific_people_to_f10458c,,Hide certain views or rooms from specific people to keep their dashboard simple. This is UX-level hiding — it does not restrict what they can do in Home Assistant itself.,Απόκρυψη συγκεκριμένων προβολών ή δωματίων από συγκεκριμένα άτομα για να διατηρήσετε τον πίνακα ελέγχου τους απλό. Αυτό είναι απόκρυψη σε επίπεδο UX — δεν περιορίζει το τι μπορούν να κάνουν στο ίδιο το Home Assistant.,don't translate Home Assistant
ui_hide_connection_notification_dcee06a,,Hide Connection Notification,Απόκρυψη ειδοποίησης σύνδεσης,
ui_hide_this_badge_or_schedule_when_it_appears_e149fbf,,"Hide this badge, or schedule when it appears",Απόκρυψη αυτού του σήματος ή προγραμματισμός όταν εμφανιστεί,
ui_hide_this_button_or_schedule_when_it_appears_a28bf66,,"Hide this button, or schedule when it appears",Απόκρυψη αυτού του κουμπιού ή προγραμματισμός όταν εμφανιστεί,
ui_high_accuracy_mode_954d2c5,,High accuracy mode,Λειτουργία υψηλής ακρίβειας,
ui_history_90ccd64,,History,Ιστορία,
ui_hki_7_68a9e17,,HKI 7,HKI 7,don't translate HKI 7
ui_hki_7_collects_location_data_to_enable_presence_detection_2dda033,,HKI 7 collects location data to enable presence detection and zone-based ,Το HKI 7 συλλέγει δεδομένα τοποθεσίας για να ενεργοποιήσει τον εντοπισμό παρουσίας και βάσει ζώνης,don't translate HKI 7; keep the space at the start/end
ui_hki_7_logo_a445c44,,HKI 7 logo,Λογότυπο HKI 7,don't translate HKI 7
ui_hki_7_turns_your_native_home_assistant_entities_rooms_c95b345,,"HKI 7 turns your native Home Assistant entities, rooms, automations, media, energy data, and services into a configurable mobile dashboard. It is designed to stay connected to Home Assistant as the source of truth while offering a distinct HKI interface.","Το HKI 7 μετατρέπει τις εγγενείς Home Assistant οντότητες, τα δωμάτια, τους αυτοματισμούς, τα μέσα, τα ενεργειακά δεδομένα και τις υπηρεσίες σας σε έναν διαμορφώσιμο πίνακα εργαλείων για κινητά. Έχει σχεδιαστεί για να παραμένει συνδεδεμένο στο Home Assistant ως πηγή της αλήθειας, ενώ προσφέρει μια ξεχωριστή διεπαφή HKI.","don't translate Home Assistant, HKI 7"
ui_hki_7_v_d5594a7,,HKI 7 v%1$s,HKI 7 v%1$s,app fills in %1$s — keep them; don't translate HKI 7
ui_home_and_rooms_are_always_shown_reorder_the_other_bea984a,,Home and Rooms are always shown. Reorder the other tabs with the arrows and toggle each on or off.,Το σπίτι και τα δωμάτια εμφανίζονται πάντα. Τακτοποιήστε ξανά τις υπόλοιπες καρτέλες με τα βέλη και ενεργοποιήστε ή απενεργοποιήστε την καθεμία.,
ui_home_assistant_backup_is_off_4524f2e,,Home Assistant backup is off,Το αντίγραφο ασφαλείας Home Assistant είναι απενεργοποιημένο,don't translate Home Assistant
ui_home_assistant_c8fd3bb,,Home Assistant,Home Assistant,don't translate Home Assistant
ui_home_assistant_instances_b0de2f3,,Home Assistant instances,Home Assistant περιπτώσεις,don't translate Home Assistant
ui_home_assistant_will_be_unavailable_briefly_while_it_restar_df30b45,,Home Assistant will be unavailable briefly while it restarts. Administrator access is required.,Το Home Assistant δεν θα είναι διαθέσιμο για λίγο κατά την επανεκκίνηση. Απαιτείται πρόσβαση διαχειριστή.,don't translate Home Assistant
ui_home_security_aa534f2,,HOME SECURITY,ΑΣΦΑΛΕΙΑ ΣΠΙΤΙΟΥ,
ui_home_wi_fi_names_comma_separated_b71c6ab,,Home Wi-Fi names (comma separated),Ονόματα Wi-Fi για το σπίτι (χωρισμένα με κόμματα),
ui_hourly_forecast_50f6c9c,,Hourly forecast,Ωριαία πρόγνωση,
ui_how_this_control_communicates_state_ad17a3d,,How this control communicates state,Πώς αυτό το στοιχείο ελέγχου επικοινωνεί την κατάσταση,
ui_how_this_icon_animates_while_the_device_is_active_dffdaf5,,"How this icon animates while the device is active. ""Auto"" follows the global setting; the rest override it for this icon.","Πώς ενεργοποιείται αυτό το εικονίδιο ενώ η συσκευή είναι ενεργή. Το ""Auto"" ακολουθεί την καθολική ρύθμιση. τα υπόλοιπα το παρακάμπτουν για αυτό το εικονίδιο.",
ui_http_homeassistant_local_8123_67b2235,,http://homeassistant.local:8123,http://homeassistant.local:8123,
ui_http_url_relative_path_or_webrtc_name_e_g_dfc56c4,,"HTTP URL, relative path, or WebRTC name (e.g., url: poort_hd)","URL HTTP, σχετική διαδρομή ή όνομα WebRTC (π.χ. url: poort_hd)",
ui_https_1a66279,,https://…,https://…,
ui_https_example_ui_nabu_casa_4d97501,,https://example.ui.nabu.casa,https://example.ui.nabu.casa,
ui_humidifiers_aa38e2a,,Humidifiers,Υγραντήρες,
ui_humidifiers_are_found_automatically_from_the_humidifier_do_0717429,,Humidifiers are found automatically from the humidifier domain; add extra entities here if any are missing.,Οι υγραντήρες εντοπίζονται αυτόματα από τον τομέα του υγραντήρα. προσθέστε επιπλέον οντότητες εδώ εάν λείπουν.,
ui_humidifying_5d5f6c5,,Humidifying,Υγραντικό,
ui_humidity_65adb9c,,Humidity,Υγρασία,
ui_humidity_control_devices_c7e4846,,Humidity control devices,Συσκευές ελέγχου υγρασίας,
ui_humidity_sensor_graphed_in_activity_5b792e1,,Humidity sensor (graphed in Activity),Αισθητήρας υγρασίας (διαγράφεται στη Δραστηριότητα),
ui_icon_716f63b,,Icon,Εικόνισμα,
ui_icon_animation_5b1faae,,Icon animation,Κινούμενα σχέδια εικονιδίων,
ui_icon_animations_and_effects_db0dea4,,Icon animations and effects,Κινούμενα σχέδια και εφέ εικονιδίων,
ui_icon_eeaa97d,,Icon: %1$s,Εικονίδιο: %1$s,app fills in %1$s — keep them
ui_icon_feedback_180b871,,Icon & feedback,Εικονίδιο και σχόλια,
ui_icons_edb8f6c,,Icons,εικονίδια,
ui_identity_7e5a975,,Identity,Ταυτότητα,
ui_identity_and_connection_bee53f8,,Identity and connection,Ταυτότητα και σύνδεση,
ui_identity_presentation_indicators_and_maintenance_d46fbf4,,"Identity, presentation, indicators, and maintenance","Ταυτότητα, παρουσίαση, δείκτες και συντήρηση",
ui_idle_cc1ebdd,,Idle,Αεργος,
ui_image_50e19fd,,Image,Εικών,
ui_image_style_size_shape_and_background_40c17b6,,"Image style, size, shape, and background","Στυλ εικόνας, μέγεθος, σχήμα και φόντο",
ui_image_url_or_path_ddd8d74,,Image URL or path,Διεύθυνση URL ή διαδρομή εικόνας,
ui_import_d6fbc9d,,Import,Εισαγωγή,
ui_import_entities_that_have_not_been_edited_or_remove_6edde59,,"Import entities that have not been edited, or remove all climate edits and import from scratch.",Εισαγάγετε οντότητες που δεν έχουν υποστεί επεξεργασία ή καταργήστε όλες τις αλλαγές κλίματος και εισαγάγετε από την αρχή.,
ui_import_entities_that_have_not_been_edited_or_remove_9851b28,,"Import entities that have not been edited, or remove all security edits and import from scratch.",Εισαγάγετε οντότητες που δεν έχουν υποστεί επεξεργασία ή καταργήστε όλες τις τροποποιήσεις ασφαλείας και εισαγάγετε από την αρχή.,
ui_import_from_family_f9eb88d,,Import from family,Εισαγωγή από οικογένεια,
ui_import_only_rooms_and_entities_that_have_not_been_478d449,,"Import only rooms and entities that have not been edited, or remove all edited rooms and floors and import everything from scratch.",Εισαγάγετε μόνο δωμάτια και οντότητες που δεν έχουν υποστεί επεξεργασία ή καταργήστε όλα τα επεξεργασμένα δωμάτια και ορόφους και εισαγάγετε τα πάντα από την αρχή.,
ui_import_only_rooms_that_have_not_been_edited_or_d59bee5,,"Import only rooms that have not been edited, or rebuild everything. Rebuilding removes all edited rooms and floors before importing them from scratch.",Εισαγάγετε μόνο δωμάτια που δεν έχουν υποστεί επεξεργασία ή ανακατασκευάστε τα πάντα. Η ανοικοδόμηση αφαιρεί όλα τα επεξεργασμένα δωμάτια και ορόφους πριν τα εισαγάγει από την αρχή.,
ui_import_sensors_with_device_class_battery_and_unit_of_dfaced9,,Import sensors with device_class battery and unit_of_measurement %.,Εισαγωγή αισθητήρων με μπαταρία κατηγορίας συσκευής και μονάδα_μέτρησης %.,
ui_import_settings_that_have_not_been_edited_or_remove_2fc3850,,"Import settings that have not been edited, or remove all energy edits and import from scratch.",Εισαγάγετε ρυθμίσεις που δεν έχουν υποστεί επεξεργασία ή καταργήστε όλες τις αλλαγές ενέργειας και εισαγάγετε από την αρχή.,
ui_import_unedited_4a58143,,Import unedited,Εισαγωγή χωρίς επεξεργασία,
ui_imported_stacks_cannot_be_removed_in_auto_mode_hide_608f9ed,,"Imported stacks cannot be removed in auto mode. Hide the stack instead, or take over / switch to manual mode to delete it permanently.","Οι εισαγόμενες στοίβες δεν μπορούν να αφαιρεθούν στην αυτόματη λειτουργία. Αντ' αυτού, αποκρύψτε τη στοίβα ή αναλάβετε / μεταβείτε σε χειροκίνητη λειτουργία για να τη διαγράψετε οριστικά.",
ui_importing_820599d,,Importing…,Εισαγωγή…,
ui_importing_areas_and_entities_from_home_assistant_0e50b82,,Importing areas and entities from Home Assistant…,Εισαγωγή περιοχών και οντοτήτων από Home Assistant…,don't translate Home Assistant
ui_incoming_outgoing_1815915,,%1$s incoming · %2$s outgoing%3$s,%1$s εισερχόμενη · %2$s εξερχόμενη%3$s,app fills in %1$s %2$s %3$s — keep them
ui_incoming_outgoing_49b9c0b,,%1$s incoming · %2$s outgoing,%1$s εισερχόμενη · %2$s εξερχόμενη,app fills in %1$s %2$s — keep them
ui_incorrect_pin_2de1d18,,Incorrect PIN,Λανθασμένο PIN,
ui_increase_5a7fecf,,Increase,Αύξηση,
ui_individual_water_usage_21dd78c,,Individual water usage,Ατομική χρήση νερού,
ui_individual_widgets_ff1526f,,Individual widgets,Μεμονωμένα widgets,
ui_indoor_average_53abf03,,INDOOR AVERAGE,ΕΣΩΤΕΡΙΚΟΣ ΜΕΣΟΣ,
ui_indoor_comfort_7060319,,Indoor comfort,Εσωτερική άνεση,
ui_instance_name_e98a2eb,,Instance name,Όνομα παράδειγμα,
ui_interactions_0b3583e,,Interactions,Αλληλεπιδράσεις,
ui_internal_url_acab9b2,,Internal URL,Εσωτερική διεύθυνση URL,
ui_interval_seconds_eaeeb46,,Interval seconds,Διάστημα δευτερόλεπτα,
ui_is_c24d775,, is,είναι,keep the space at the start/end
ui_item_corner_roundness_5032003,,Item corner roundness,Στρογγυλότητα γωνίας αντικειμένου,
ui_items_cabff0b,,%1$s items,%1$s στοιχεία,app fills in %1$s — keep them
ui_k_df46805,,%1$sK,%1$sK,app fills in %1$s — keep them
ui_keep_existing_edits_or_remove_all_battery_edits_and_acc0236,,"Keep existing edits, or remove all battery edits and import from scratch.",Διατηρήστε τις υπάρχουσες τροποποιήσεις ή καταργήστε όλες τις αλλαγές μπαταρίας και εισαγάγετε από την αρχή.,
ui_keep_only_the_title_right_header_pill_and_back_7777651,,"Keep only the title, right header pill, and back button when a page has one.","Διατηρήστε μόνο τον τίτλο, τη δεξιά κεφαλίδα και το κουμπί επιστροφής όταν μια σελίδα έχει ένα.",
ui_keeps_a_connection_to_home_assistant_for_instant_notificat_ecaee7d,,Keeps a connection to Home Assistant for instant notifications,Διατηρεί σύνδεση με Home Assistant για άμεσες ειδοποιήσεις,don't translate Home Assistant
ui_keeps_presence_detection_and_zone_automations_working_andr_c48598a,,Keeps presence detection and zone automations working. Android should show ‘Allow all the time’.,"Διατηρεί την ανίχνευση παρουσίας και τους αυτοματισμούς ζώνης σε λειτουργία. Το Android θα πρέπει να εμφανίζει ""Να επιτρέπεται όλη την ώρα"".",
ui_keeps_your_device_location_updated_in_home_assistant_e295875,,Keeps your device location updated in Home Assistant,Διατηρεί την τοποθεσία της συσκευής σας ενημερωμένη στο Home Assistant,don't translate Home Assistant
ui_km_h_ede7178,,%1$s km/h,%1$s km/h,app fills in %1$s — keep them
ui_languages_and_frameworks_used_by_the_android_app_fb4ac97,,Languages and frameworks used by the Android app,Γλώσσες και πλαίσια που χρησιμοποιούνται από την εφαρμογή Android,
ui_last_backup_05509f8,,Last backup %1$s,Τελευταίο αντίγραφο ασφαλείας %1$s,app fills in %1$s — keep them
ui_last_h_3faaee1,,Last %1$sh,Τελευταία %1$sh,app fills in %1$s — keep them
ui_last_run_b27f32a,,Last run %1$s,Τελευταία εκτέλεση %1$s,app fills in %1$s — keep them
ui_layout_972ad8d,,Layout,Σχέδιο,
ui_leave_a_tip_5f90f10,,Leave a tip,Αφήστε μια συμβουλή,
ui_leave_empty_to_use_the_home_assistant_name_f769e92,,Leave empty to use the Home Assistant name,Αφήστε κενό για να χρησιμοποιήσετε το όνομα Home Assistant,don't translate Home Assistant
ui_leave_this_empty_for_local_only_access_add_an_cc6bf85,,Leave this empty for local-only access. Add an external or Nabu Casa URL to use HKI 7 away from home.,Αφήστε το κενό για τοπική πρόσβαση μόνο. Προσθέστε μια εξωτερική ή Nabu Casa διεύθυνση URL για χρήση HKI 7 εκτός σπιτιού.,"don't translate Nabu Casa, HKI 7"
ui_left_8ae1c34,,Left,Αριστερά,
ui_left_side_overflows_right_fc8533c,,Left side overflows right,Η αριστερή πλευρά υπερχειλίζει δεξιά,
ui_less_526cb74,,Less,Μείον,
ui_let_hki_7_create_the_first_version_for_you_dc36439,,Let HKI 7 create the first version for you.,Αφήστε HKI 7 να δημιουργήσει την πρώτη έκδοση για εσάς.,don't translate HKI 7
ui_let_this_person_enter_edit_mode_667df39,,Let this person enter edit mode,Αφήστε αυτό το άτομο να εισέλθει σε λειτουργία επεξεργασίας,
ui_level_7c7f5d0,,Level,Επίπεδο,
ui_level_unavailable_a442183,,Level unavailable,Το επίπεδο δεν είναι διαθέσιμο,
ui_license_3229609,,License,Αδεια,
ui_light_is_turned_off_ebc0cf1,,Light is turned off,Το φως είναι σβηστό,
ui_lines_c6fd387,,Lines,Γραμμές,
ui_link_a_device_to_auto_fill_the_humidifier_s_6f65010,,"Link a device to auto-fill the humidifier's helper entities, or set them by hand",Συνδέστε μια συσκευή για να γεμίσετε αυτόματα τις βοηθητικές οντότητες του υγραντήρα ή ρυθμίστε τις με το χέρι,
ui_link_a_speed_control_197d75a,,Link a speed control,Συνδέστε έναν έλεγχο ταχύτητας,
ui_linked_speed_control_optional_95fd680,,Linked speed control (optional),Συνδεδεμένος έλεγχος ταχύτητας (προαιρετικό),
ui_live_65c821a,,Live,Ζω,
ui_live_6990f01,,LIVE,ΖΩ,
ui_live_indicators_11ef687,,Live indicators,Ζωντανοί δείκτες,
ui_live_power_sensors_imported_from_home_assistant_s_configur_1b926f2,,Live power sensors imported from Home Assistant's configured Energy devices.,Αισθητήρες ζωντανής ισχύος που έχουν εισαχθεί από τις διαμορφωμένες συσκευές Energy του Home Assistant.,don't translate Home Assistant
ui_loading_actions_260b0c0,,Loading actions…,Φόρτωση ενεργειών…,
ui_loading_actions_877bfd9,,Loading actions...,Φόρτωση ενεργειών...,
ui_loading_camera_50a8065,,Loading camera…,Φόρτωση κάμερας…,
ui_loading_device_a3fda88,,Loading device...,Φόρτωση συσκευής...,
ui_local_file_576d5ac,,Local file,Τοπικό αρχείο,
ui_local_network_optional_42aba01,,Local network (optional),Τοπικό δίκτυο (προαιρετικό),
ui_local_only_05ed059,,Local Only,Μόνο τοπικά,
ui_locating_e46bab0,,Locating…,Εντοπισμός…,
ui_location_access_3b68001,,Location access,Πρόσβαση τοποθεσίας,
ui_location_d219c68,,Location,Τοποθεσία,
ui_location_unavailable_3a57dda,,Location Unavailable,Η τοποθεσία δεν είναι διαθέσιμη,
ui_lock_c37eb4c,,LOCK,ΚΛΕΙΔΑΡΙΑ,
ui_locked_a798882,,Locked,Κλειδωμένο,
ui_locks_the_screen_to_its_highest_refresh_rate_while_585256f,,Locks the screen to its highest refresh rate while the app is open (uses more battery).,Κλειδώνει την οθόνη στον υψηλότερο ρυθμό ανανέωσης ενώ η εφαρμογή είναι ανοιχτή (χρησιμοποιεί περισσότερη μπαταρία).,
ui_log_in_again_1ee6e18,,Log in again,Συνδεθείτε ξανά,
ui_logging_in_again_keeps_your_dashboard_and_settings_9a8ed6f,,Logging in again keeps your dashboard and settings.,"Εάν συνδεθείτε ξανά, διατηρείτε τον πίνακα ελέγχου και τις ρυθμίσεις σας.",
ui_logo_url_or_ha_local_path_optional_e795f06,,Logo URL or HA/local path (optional),URL λογότυπου ή HA/τοπική διαδρομή (προαιρετικό),
ui_logout_keep_config_32a0cfb,,Logout (Keep Config),Αποσύνδεση (Keep Config),
ui_low_a124947,,Low,Χαμηλός,
ui_low_ba7cae2,,%1$s low,%1$s χαμηλό,app fills in %1$s — keep them
ui_low_batteries_41d22d9,,%1$s low batteries,%1$s χαμηλή μπαταρία,app fills in %1$s — keep them
ui_low_plan_a_replacement_34435da,,Low — plan a replacement,Χαμηλό — προγραμματίστε μια αντικατάσταση,
ui_low_threshold_1ecfd8b,,Low threshold (%),χαμηλό όριο (%),
ui_lunar_phase_301b75e,,Lunar phase,Σεληνιακή φάση,
ui_mail_92379cb,,Mail,Ταχυδρομείο,
ui_maintenance_94de303,,Maintenance,Συντήρηση,
ui_manage_items_d854c4b,,Manage items,Διαχείριση στοιχείων,
ui_manage_order_411f2d9,,Manage order,Διαχείριση παραγγελίας,
ui_managed_by_an_admin_805ae65,,Managed by an admin,Διαχειρίζεται από διαχειριστή,
ui_manual_configuration_only_selected_entities_and_devices_ar_10e150b,,Manual configuration: only selected entities and devices are shown.,Μη αυτόματη διαμόρφωση: εμφανίζονται μόνο επιλεγμένες οντότητες και συσκευές.,
ui_map_ab478f3,,Map,Χάρτης,
ui_map_c5cc79f,,Map: %1$s,Χάρτης: %1$s,app fills in %1$s — keep them
ui_map_camera_for_dialog_2bc4344,,Map camera (for dialog),Κάμερα χάρτη (για διάλογο),
ui_map_status_sensors_and_control_bindings_8cc2dbd,,"Map, status sensors, and control bindings","Χάρτης, αισθητήρες κατάστασης και δεσμεύσεις ελέγχου",
ui_map_unavailable_0ccd149,,Map unavailable,Ο χάρτης δεν είναι διαθέσιμος,
ui_markdown_23e67fc,,Markdown,Χαμήλωση τιμής,
ui_matching_entities_are_added_automatically_by_home_assistan_07ebdac,,Matching entities are added automatically by Home Assistant device class. Add any missing or custom entities here.,Οι οντότητες που ταιριάζουν προστίθενται αυτόματα από την κατηγορία συσκευών Home Assistant. Προσθέστε τυχόν οντότητες που λείπουν ή προσαρμοσμένες εδώ.,don't translate Home Assistant
ui_media_0c77aee,,Media,Μέσα ενημέρωσης,
ui_media_browsing_isn_t_available_for_this_player_e068417,,Media browsing isn't available for this player.,Η περιήγηση πολυμέσων δεν είναι διαθέσιμη για αυτήν τη συσκευή αναπαραγωγής.,
ui_media_library_b9c5845,,Media library,Βιβλιοθήκη πολυμέσων,
ui_media_players_a4b8cf2,,Media players,Media player,
ui_media_players_ec25525,,Media Players,Media Players,
ui_messages_safety_and_portability_ee58dfe,,"Messages, safety, and portability","Μηνύματα, ασφάλεια και φορητότητα",
ui_messages_sent_to_this_device_via_home_assistant_s_87e4a32,,Messages sent to this device via\nHome Assistant's notify service appear here.,Τα μηνύματα αποστέλλονται σε αυτήν τη συσκευή μέσω\nΗ υπηρεσία ειδοποιήσεων του Home Assistant εμφανίζεται εδώ.,don't translate Home Assistant; \n = line break
ui_meteorological_tap_or_swipe_3f3d67e,,Meteorological · tap or swipe,Μετεωρολογικά · αγγίξτε ή σύρετε,
ui_meter_readings_a3c12c4,,Meter readings,Ενδείξεις μετρητών,
ui_mixed_climate_5d22eb9,,Mixed climate,Μικτό κλίμα,
ui_mm_ce9b88b,,%1$s mm,%1$s χλστ,app fills in %1$s — keep them
ui_mmm_d_9367bcf,,"%1$s, MMM d","%1$s, MMM d",app fills in %1$s — keep them
ui_mode_a7b93d2,,Mode,Τρόπος,
ui_modes_6fc3ca8,,MODES,ΤΡΟΠΟΙ,
ui_modes_79f5b22,,Modes,Λειτουργίες,
ui_monitoring_a814345,,Monitoring,Παρακολούθηση,
ui_moon_846b902,,Moon,Φεγγάρι,
ui_move_down_260ff8a,,Move down,Μετακίνηση προς τα κάτω,
ui_move_up_b4f57cd,,Move up,Μετακινηθείτε προς τα πάνω,
ui_mozilla_public_license_2_0_mpl_2_0_4ec8335,,Mozilla Public License 2.0 (MPL-2.0),Δημόσια άδεια Mozilla 2.0 (MPL-2.0),
ui_multiple_climate_values_are_averaged_separate_sensor_value_cfccbf4,,Multiple climate values are averaged. Separate sensor values are averaged only when no climate source is selected.,Υπολογίζονται κατά μέσο όρο πολλαπλές τιμές κλίματος. Οι τιμές των χωριστών αισθητήρων υπολογίζονται κατά μέσο όρο μόνο όταν δεν έχει επιλεγεί πηγή κλίματος.,
ui_mywifi_mywifi_5g_2a163c1,,"MyWiFi, MyWiFi-5G","MyWiFi, MyWiFi-5G",
ui_n_b51a607,,N,Ν,
ui_name_709a232,,Name,Ονομα,
ui_name_a_z_257c1c4,,Name A-Z,Όνομα Α-Ζ,
ui_name_and_icon_shown_above_this_container_9076bde,,Name and icon shown above this container,Το όνομα και το εικονίδιο εμφανίζονται πάνω από αυτό το κοντέινερ,
ui_name_and_icon_shown_above_this_floor_3755eda,,Name and icon shown above this floor,Το όνομα και το εικονίδιο εμφανίζονται πάνω από αυτόν τον όροφο,
ui_name_and_icon_used_throughout_the_app_bed8e83,,Name and icon used throughout the app,Όνομα και εικονίδιο που χρησιμοποιούνται σε όλη την εφαρμογή,
ui_name_optional_9c9f03a,,Name (optional),Όνομα (προαιρετικό),
ui_name_subtitle_and_navigation_icon_3f2e8c4,,"Name, subtitle, and navigation icon","Όνομα, υπότιτλος και εικονίδιο πλοήγησης",
ui_name_this_device_4d603e2,,Name this device,Ονομάστε αυτήν τη συσκευή,
ui_name_width_and_icon_a4d694b,,"Name, width, and icon","Όνομα, πλάτος και εικονίδιο",
ui_name_z_a_daabfb6,,Name Z-A,Όνομα Ζ-Α,
ui_native_home_assistant_automations_always_in_sync_ae8941e,,"Native Home Assistant automations, always in sync","Εγγενείς αυτοματισμοί Home Assistant, πάντα σε συγχρονισμό",don't translate Home Assistant
ui_navigation_bar_e90e3de,,Navigation Bar,Γραμμή πλοήγησης,
ui_network_routes_for_1d18efd,,Network routes for %1$s,Διαδρομές δικτύου για %1$s,app fills in %1$s — keep them
ui_never_sent_to_the_developer_or_to_any_third_f0479e9,,"never sent to the developer or to any third party, and you can turn this ",δεν εστάλη ποτέ στον προγραμματιστή ή σε τρίτο μέρος και μπορείτε να το μετατρέψετε,keep the space at the start/end
ui_never_triggered_c91b347,,Never triggered,Δεν ενεργοποιήθηκε ποτέ,
ui_new_dashboard_4d3c071,,New Dashboard,Νέος πίνακας ελέγχου,
ui_new_floor_1389094,,New floor,Νέος όροφος,
ui_new_flow_d4cef94,,New flow,Νέα ροή,
ui_next_camera_14994be,,Next camera,Επόμενη κάμερα,
ui_no_active_parcels_or_mail_6c9d49c,,No active parcels or mail.,Δεν υπάρχουν ενεργά δέματα ή αλληλογραφία.,
ui_no_activity_in_this_period_5cb3978,,No activity in this period,Καμία δραστηριότητα αυτή την περίοδο,
ui_no_adaptive_lighting_profiles_are_currently_available_6d29642,,No Adaptive Lighting profiles are currently available.,Δεν υπάρχουν προς το παρόν διαθέσιμα προφίλ προσαρμοστικού φωτισμού.,
ui_no_air_purifiers_configured_add_fan_entities_under_climate_fd229a8,,No air purifiers configured. Add fan entities under Climate Settings → Climate Entities → Air purifiers.,Δεν έχουν διαμορφωθεί συσκευές καθαρισμού αέρα. Προσθέστε οντότητες ανεμιστήρων στις Ρυθμίσεις κλίματος → Οντότητες κλίματος → Καθαριστές αέρα.,
ui_no_alarm_585ad82,,No alarm,Κανένας συναγερμός,
ui_no_announced_letters_4382408,,No announced letters.,Χωρίς ανακοινωμένες επιστολές.,
ui_no_archived_notifications_ed5604b,,No archived notifications,Δεν υπάρχουν αρχειοθετημένες ειδοποιήσεις,
ui_no_battery_entities_found_turn_off_battery_filtering_to_dfbc403,,No Battery+ entities found. Turn off Battery+ filtering to show all battery sensors.,Δεν βρέθηκαν οντότητες Battery+. Απενεργοποιήστε το φιλτράρισμα Battery+ για να εμφανιστούν όλοι οι αισθητήρες μπαταρίας.,
ui_no_battery_sensors_found_7cc0962,,No battery sensors found.,Δεν βρέθηκαν αισθητήρες μπαταρίας.,
ui_no_camera_selected_717ad35,,No camera selected,Δεν έχει επιλεγεί κάμερα,
ui_no_carbon_intensity_sensor_found_on_this_device_140bf09,,No carbon intensity sensor found on this device,Δεν βρέθηκε αισθητήρας έντασης άνθρακα σε αυτήν τη συσκευή,
ui_no_cards_yet_open_the_stack_settings_to_pick_021dada,,No cards yet — open the stack settings to pick energy cards.,Δεν υπάρχουν ακόμη κάρτες — ανοίξτε τις ρυθμίσεις στοίβας για να επιλέξετε κάρτες ενέργειας.,
ui_no_cards_yet_open_the_stack_settings_to_pick_ca8008f,,No cards yet — open the stack settings to pick climate cards.,Δεν υπάρχουν ακόμη κάρτες — ανοίξτε τις ρυθμίσεις στοίβας για να επιλέξετε κάρτες κλίματος.,
ui_no_climate_data_37d45e0,,No climate data,Δεν υπάρχουν κλιματικά δεδομένα,
ui_no_climate_devices_found_thermostats_and_ac_units_from_2e47541,,No climate devices found. Thermostats and AC units from Home Assistant appear here automatically.,Δεν βρέθηκαν κλιματικές συσκευές. Οι θερμοστάτες και οι μονάδες AC από Home Assistant εμφανίζονται αυτόματα εδώ.,don't translate Home Assistant
ui_no_collections_in_the_next_7_days_6d48bf4,,No collections in the next 7 days.,Δεν υπάρχουν συλλογές τις επόμενες 7 ημέρες.,
ui_no_conditions_this_flow_always_continues_c95e76f,,No conditions — this flow always continues,Χωρίς προϋποθέσεις — αυτή η ροή συνεχίζεται πάντα,
ui_no_dashboards_have_been_shared_with_you_yet_ask_38b2c0d,,"No dashboards have been shared with you yet. Ask an admin to share one, or pick another option above.",Δεν έχουν κοινοποιηθεί ακόμη κανένας πίνακας ελέγχου μαζί σας. Ζητήστε από έναν διαχειριστή να μοιραστεί ένα ή επιλέξτε μια άλλη επιλογή παραπάνω.,
ui_no_dashboards_have_been_shared_with_you_yet_ask_877080a,,No dashboards have been shared with you yet. Ask an admin to share one.,Δεν έχουν κοινοποιηθεί ακόμη κανένας πίνακας ελέγχου μαζί σας. Ζητήστε από έναν διαχειριστή να μοιραστεί ένα.,
ui_no_data_d802d23,,No data,Δεν υπάρχουν δεδομένα,
ui_no_door_sensor_f6b60c8,,No door sensor,Χωρίς αισθητήρα πόρτας,
ui_no_energy_sensors_found_eeecdec,,No energy sensors found.,Δεν βρέθηκαν αισθητήρες ενέργειας.,
ui_no_events_e339ba7,,No events,Δεν υπάρχουν εκδηλώσεις,
ui_no_fans_found_fan_entities_from_home_assistant_appear_279dab7,,No fans found. Fan entities from Home Assistant appear here automatically.,Δεν βρέθηκαν οπαδοί. Οι οντότητες θαυμαστών από Home Assistant εμφανίζονται αυτόματα εδώ.,don't translate Home Assistant
ui_no_forecast_available_ed48809,,No forecast available,Δεν υπάρχει διαθέσιμη πρόβλεψη,
ui_no_graphs_yet_open_the_stack_settings_to_add_87f742f,,No graphs yet — open the stack settings to add sensor graphs.,Δεν υπάρχουν ακόμη γραφήματα — ανοίξτε τις ρυθμίσεις στοίβας για να προσθέσετε γραφήματα αισθητήρων.,
ui_no_heading_162947f,,No heading,Χωρίς τίτλο,
ui_no_hourly_forecast_available_9ef5a5f,,No hourly forecast available,Δεν υπάρχει διαθέσιμη ωριαία πρόβλεψη,
ui_no_humidifiers_found_humidifier_entities_from_home_assista_eeadbd7,,No humidifiers found. Humidifier entities from Home Assistant appear here automatically; extras can be added in Climate Settings.,Δεν βρέθηκαν υγραντήρες. Οι οντότητες υγραντήρα από Home Assistant εμφανίζονται αυτόματα εδώ. μπορούν να προστεθούν επιπλέον στις Ρυθμίσεις κλίματος.,don't translate Home Assistant
ui_no_individual_water_devices_configured_d0060ba,,No individual water devices configured.,Δεν έχουν διαμορφωθεί μεμονωμένες συσκευές νερού.,
ui_no_letter_image_available_eeb42c0,,No letter image available,Δεν υπάρχει διαθέσιμη εικόνα γράμματος,
ui_no_map_camera_configured_d72057b,,No map camera\nconfigured,Χωρίς κάμερα χάρτη\nδιαμορφώθηκε,\n = line break
ui_no_map_camera_set_configure_in_button_settings_b54466c,,No map camera set.\nConfigure in button settings.,Δεν έχει οριστεί κάμερα χάρτη.\nΔιαμόρφωση στις ρυθμίσεις κουμπιών.,\n = line break
ui_no_matches_cd0af6c,,No matches,Χωρίς αγώνες,
ui_no_matching_automations_4489522,,No matching automations,Χωρίς αντίστοιχους αυτοματισμούς,
ui_no_media_players_found_1248a89,,No media players found.,Δεν βρέθηκαν προγράμματα αναπαραγωγής πολυμέσων.,
ui_no_native_home_assistant_automations_found_725a043,,No native Home Assistant automations found,Δεν βρέθηκαν εγγενείς αυτοματισμοί Home Assistant,don't translate Home Assistant
ui_no_non_admin_users_found_on_this_home_assistant_e9e665d,,No non-admin users found on this Home Assistant.,Δεν βρέθηκαν χρήστες μη διαχειριστές σε αυτό το Home Assistant.,don't translate Home Assistant
ui_no_notifications_a72159d,,No Notifications,Δεν υπάρχουν ειδοποιήσεις,
ui_no_notifications_b08626f,,No notifications,Δεν υπάρχουν ειδοποιήσεις,
ui_no_options_available_7a19b6d,,No options available,Δεν υπάρχουν διαθέσιμες επιλογές,
ui_no_other_entities_on_this_device_fbc481b,,No other entities on this device.,Δεν υπάρχουν άλλες οντότητες σε αυτήν τη συσκευή.,
ui_no_other_users_found_on_this_home_assistant_cb89d3d,,No other users found on this Home Assistant.,Δεν βρέθηκαν άλλοι χρήστες σε αυτό το Home Assistant.,don't translate Home Assistant
ui_no_parcel_selected_922a402,,No parcel selected,Δεν έχει επιλεγεί δέμα,
ui_no_parcels_cf4c0a0,,No %1$s parcels.,Όχι %1$s δέματα.,app fills in %1$s — keep them
ui_no_phase_sensors_configured_in_energy_settings_b88c1dc,,No phase sensors configured in Energy Settings.,Δεν έχουν διαμορφωθεί αισθητήρες φάσης στις Ρυθμίσεις ενέργειας.,
ui_no_power_sensors_found_caf2e07,,No power sensors found.,Δεν βρέθηκαν αισθητήρες ισχύος.,
ui_no_power_sensors_found_on_this_device_or_its_942e9be,,No power sensors found on this device (or its sub-devices) yet.,Δεν βρέθηκαν ακόμη αισθητήρες ισχύος σε αυτήν τη συσκευή (ή στις δευτερεύουσες συσκευές της).,
ui_no_profile_available_98d6e00,,No profile available,Δεν υπάρχει διαθέσιμο προφίλ,
ui_no_sensors_found_edacf22,,No %1$s sensors found.,Δεν βρέθηκαν αισθητήρες %1$s.,app fills in %1$s — keep them
ui_no_sensors_selected_open_the_widget_settings_in_edit_cd87a2e,,No sensors selected — open the widget settings in edit mode.,Δεν έχουν επιλεγεί αισθητήρες — ανοίξτε τις ρυθμίσεις του widget σε λειτουργία επεξεργασίας.,
ui_no_servers_found_yet_make_sure_you_re_on_7e6832d,,"No servers found yet. Make sure you're on the same Wi-Fi, or enter the address below.",Δεν βρέθηκαν ακόμη διακομιστές. Βεβαιωθείτε ότι είστε στο ίδιο Wi-Fi ή πληκτρολογήστε την παρακάτω διεύθυνση.,
ui_no_speed_control_linked_cb0e9ad,,No speed control linked,Δεν υπάρχει συνδεδεμένος έλεγχος ταχύτητας,
ui_no_status_history_enable_parcel_history_in_the_integration_302ca4a,,No status history (enable parcel history in the integration options),Χωρίς ιστορικό κατάστασης (ενεργοποίηση ιστορικού δεμάτων στις επιλογές ενσωμάτωσης),
ui_no_stream_available_0535c4e,,No stream available,Δεν υπάρχει διαθέσιμη ροή,
ui_no_stream_available_6bfd14a,,No Stream Available,Δεν υπάρχει διαθέσιμη ροή,
ui_no_supported_alarm_modes_reported_by_this_entity_588b22a,,No supported alarm modes reported by this entity,Δεν αναφέρθηκαν υποστηριζόμενες λειτουργίες συναγερμού από αυτήν την οντότητα,
ui_no_target_f919b89,,No target,Κανένας στόχος,
ui_no_tariff_sensors_configured_in_energy_settings_2ad6a3c,,No tariff sensors configured in Energy Settings.,Δεν έχουν διαμορφωθεί αισθητήρες τιμολόγησης στις Ρυθμίσεις ενέργειας.,
ui_no_thanks_6d745b3,,No thanks,Όχι ευχαριστώ,
ui_no_upcoming_collections_feff2a6,,No upcoming collections,Δεν υπάρχουν επερχόμενες συλλογές,
ui_no_waste_sensors_selected_68b51ce,,No waste sensors selected,Δεν έχουν επιλεγεί αισθητήρες απορριμμάτων,
ui_no_waste_sensors_selected_add_them_via_the_widget_554ff3d,,No waste sensors selected. Add them via the widget settings in edit mode.,Δεν έχουν επιλεγεί αισθητήρες απορριμμάτων. Προσθέστε τα μέσω των ρυθμίσεων του widget στη λειτουργία επεξεργασίας.,
ui_no_weather_cards_ce32255,,No weather cards,Χωρίς κάρτες καιρού,
ui_no_weather_entity_available_7476bcb,,No weather entity available,Δεν υπάρχει διαθέσιμη οντότητα καιρού,
ui_no_widgets_match_73a3c20,,"No widgets match ""%1$s""","Δεν υπάρχουν γραφικά στοιχεία που να αντιστοιχούν στο ""%1$s""",app fills in %1$s — keep them
ui_none_6eef664,,None,Κανένας,
ui_none_auto_cc8786f,,None / Auto,Κανένα / Αυτόματο,
ui_none_modes_stay_as_the_only_control_b62bff7,,None — modes stay as the only control,Καμία — οι λειτουργίες παραμένουν ως το μόνο στοιχείο ελέγχου,
ui_none_of_your_configured_carriers_support_adding_a_parcel_21dc0a4,,"None of your configured carriers support adding a parcel by tracking number. Account-based carriers (PostNL, DPD, DHL) only track what's already in your account.","Καμία από τις διαμορφωμένες εταιρείες σας δεν υποστηρίζει την προσθήκη δέματος με αριθμό παρακολούθησης. Οι εταιρείες κινητής τηλεφωνίας που βασίζονται σε λογαριασμό (PostNL, DPD, DHL) παρακολουθούν μόνο ό,τι υπάρχει ήδη στον λογαριασμό σας.",
ui_none_selected_5798946,,None selected,Καμία επιλεγμένη,
ui_none_timer_follows_the_completion_time_only_09d470a,,None — timer follows the completion time only,Κανένα — ο χρονοδιακόπτης ακολουθεί μόνο τον χρόνο ολοκλήρωσης,
ui_not_enough_data_cdb9d58,,Not enough data,Δεν υπάρχουν αρκετά δεδομένα,
ui_not_enough_data_in_this_period_48188c4,,Not enough data in this period,Δεν υπάρχουν αρκετά δεδομένα σε αυτήν την περίοδο,
ui_not_loaded_by_home_assistant_95f811a,,Not loaded by Home Assistant,Δεν φορτώθηκε από Home Assistant,don't translate Home Assistant
ui_not_set_93039e6,,Not set,Δεν έχει οριστεί,
ui_nothing_here_7f42022,,Nothing here.,Τίποτα εδώ.,
ui_nothing_hidden_fd1cdd3,,Nothing hidden,Τίποτα κρυφό,
ui_nothing_is_shared_yet_fca61d0,,Nothing is shared yet.,Τίποτα δεν έχει κοινοποιηθεί ακόμα.,
ui_nothing_removed_d67902f,,Nothing removed.,Δεν αφαιρέθηκε τίποτα.,
ui_nothing_removed_use_edit_mode_on_the_climate_page_dd07910,,Nothing removed. Use edit mode on the Climate page to remove cards; they land here and can be restored.,Δεν αφαιρέθηκε τίποτα. Χρησιμοποιήστε τη λειτουργία επεξεργασίας στη σελίδα Κλίμα για να αφαιρέσετε κάρτες. προσγειώνονται εδώ και μπορούν να αποκατασταθούν.,
ui_nothing_to_reorder_yet_cdcbb36,,Nothing to reorder yet.,Δεν υπάρχει τίποτα για αναπαραγγελία ακόμα.,
ui_notification_c18f8f2,,Notification,Κοινοποίηση,
ui_notifications_753a22b,,Notifications,Ειδοποιήσεις,
ui_notifications_are_delivered_over_the_app_s_live_connection_d2aa965,,Notifications are delivered over the app's live connection whenever it is open — send them from Home Assistant with the notify service for this device. Swipe in from the left edge to see the history.,Οι ειδοποιήσεις παραδίδονται μέσω της ζωντανής σύνδεσης της εφαρμογής όποτε είναι ανοιχτή — στείλτε τις από Home Assistant με την υπηρεσία ειδοποιήσεων για αυτήν τη συσκευή. Σύρετε προς τα μέσα από την αριστερή άκρη για να δείτε το ιστορικό.,don't translate Home Assistant
ui_now_e3b8204,,Now,Τώρα,
ui_of_3_enabled_5cdedd4,,%1$s of 3 enabled,%1$s από 3 ενεργοποιημένα,app fills in %1$s — keep them
ui_of_home_fdfd824,,%1$s%% of home,%1$s%% του σπιτιού,app fills in %1$s — keep them
ui_off_ad50489,,OFF,ΜΑΚΡΙΑ ΑΠΟ,
ui_off_at_any_time_in_android_settings_4607e2c,,off at any time in Android settings.,απενεργοποιημένο ανά πάσα στιγμή στις ρυθμίσεις Android.,
ui_off_e3de5ab,,Off,Μακριά από,
ui_ok_9ce3bd4,,OK,ΕΝΤΑΞΕΙ,
ui_on_12469c7,,On - %1$s%%,Ενεργό - %1$s%%,app fills in %1$s — keep them
ui_on_387d7a5,,ON,ΕΠΙ,
ui_on_e0049a6,,On,Επί,
ui_on_f9ca2fe,,%1$s%% • ON,%1$s%% • ΕΝΕΡΓΟ,app fills in %1$s — keep them
ui_on_these_wi_fi_networks_the_app_connects_via_82d3f1f,,On these Wi-Fi networks the app connects via the internal URL; everywhere else it uses the main server URL above.,"Σε αυτά τα δίκτυα Wi-Fi, η εφαρμογή συνδέεται μέσω της εσωτερικής διεύθυνσης URL. οπουδήποτε αλλού χρησιμοποιεί το URL του κύριου διακομιστή παραπάνω.",
ui_on_this_device_a7f9620,,On this device,Σε αυτή τη συσκευή,
ui_onboard_step_fefaac1,,onboard_step,onboard_step,
ui_only_percentage_sensors_classified_by_home_assistant_as_ba_0d94a2a,,Only percentage sensors classified by Home Assistant as batteries are imported. ,Εισάγονται μόνο αισθητήρες ποσοστού που ταξινομούνται κατά Home Assistant ως μπαταρίες.,don't translate Home Assistant; keep the space at the start/end
ui_only_show_battery_entities_and_include_battery_type_detail_b216867,,Only show Battery+ entities and include battery type details,Εμφανίζει μόνο οντότητες Battery+ και περιλαμβάνει λεπτομέρειες τύπου μπαταρίας,
ui_only_show_battery_entities_and_include_type_quantity_and_0d8ce40,,"Only show Battery+ entities and include type, quantity, and related battery info.","Εμφανίστε μόνο οντότητες Battery+ και συμπεριλάβετε τον τύπο, την ποσότητα και τις σχετικές πληροφορίες μπαταρίας.",
ui_open_camera_full_screen_afc186b,,Open camera full screen,Ανοίξτε την κάμερα σε πλήρη οθόνη,
ui_open_cf9b770,,Open,Ανοιχτό,
ui_open_history_for_graph_ae801d5,,Open history for graph,Ανοίξτε το ιστορικό για γράφημα,
ui_open_link_d2de1a2,,Open link,Άνοιγμα συνδέσμου,
ui_open_source_and_premium_licensing_0328125,,Open-source and premium licensing,Αδειοδότηση ανοιχτού κώδικα και premium,
ui_open_the_component_on_github_c1e5ee5,,Open the component on GitHub,Ανοίξτε το στοιχείο στο GitHub,
ui_open_this_panel_by_swiping_left_from_the_upper_671e63c,,Open this panel by swiping left from the upper-right edge of any page header.,Ανοίξτε αυτό το πλαίσιο σύροντας προς τα αριστερά από την επάνω δεξιά άκρη οποιασδήποτε κεφαλίδας σελίδας.,
ui_opening_dashboard_8e99930,,Opening dashboard…,Άνοιγμα πίνακα ελέγχου…,
ui_openstreetmap_fa78a33,,OpenStreetMap,OpenStreetMap,
ui_optional_context_shown_by_the_lock_card_03f6814,,Optional context shown by the lock card,Προαιρετικό πλαίσιο που εμφανίζεται από την κάρτα κλειδώματος,
ui_optional_controls_and_sensors_for_richer_dialogs_7a80e7b,,Optional controls and sensors for richer dialogs,Προαιρετικά χειριστήρια και αισθητήρες για πλουσιότερους διαλόγους,
ui_optional_display_name_and_icon_override_f7a6cda,,Optional display name and icon override,Προαιρετικό εμφανιζόμενο όνομα και αντικατάσταση εικονιδίου,
ui_optional_fields_passed_to_home_assistant_54dffc6,,Optional fields passed to Home Assistant,Προαιρετικά πεδία μεταβιβάστηκαν στο Home Assistant,don't translate Home Assistant
ui_optional_label_shown_when_name_is_enabled_above_8229e92,,"Optional label shown when ""Name"" is enabled above","Προαιρετική ετικέτα εμφανίζεται όταν το ""Όνομα"" είναι ενεργοποιημένο παραπάνω",
ui_optional_name_and_icon_overrides_5dfd062,,Optional name and icon overrides,Το προαιρετικό όνομα και το εικονίδιο παρακάμπτονται,
ui_optional_name_and_icon_shown_above_this_stack_272f237,,Optional name and icon shown above this stack,Προαιρετικό όνομα και εικονίδιο που εμφανίζονται πάνω από αυτήν τη στοίβα,
ui_optional_premium_5ae8183,,Optional Premium,Προαιρετικό Premium,
ui_optional_support_for_development_and_testing_costs_5d6af95,,Optional support for development and testing costs,Προαιρετική υποστήριξη για έξοδα ανάπτυξης και δοκιμών,
ui_optional_title_and_dashboard_width_e04c6e8,,Optional title and dashboard width,Προαιρετικός τίτλος και πλάτος ταμπλό,
ui_optional_title_width_and_supported_shape_8b2e456,,"Optional title, width, and supported shape","Προαιρετικός τίτλος, πλάτος και υποστηριζόμενο σχήμα",
ui_options_6bf5da9,,Options,Επιλογές,
ui_organization_519255a,,Organization,Οργάνωση,
ui_oscillate_3d3c9bd,,Oscillate,Ταλαντεύομαι,
ui_outside_cbbef8c,,OUTSIDE,ΕΚΤΟΣ,
ui_outside_is_never_auto_detected_either_link_a_weather_eb8cc14,,"Outside is never auto-detected. Either link a weather entity (it usually carries temperature, humidity and pressure) or pick individual outdoor sensors below. The temperature feeds the Outside tile and the hero's outside reading.","Το εξωτερικό δεν εντοπίζεται ποτέ αυτόματα. Είτε συνδέστε μια καιρική οντότητα (συνήθως μεταφέρει θερμοκρασία, υγρασία και πίεση) είτε επιλέξτε μεμονωμένους εξωτερικούς αισθητήρες παρακάτω. Η θερμοκρασία τροφοδοτεί το πλακίδιο Outside και την εξωτερική ανάγνωση του ήρωα.",
ui_outside_weather_entity_98e8465,,Outside weather entity,Εξωτερική καιρική οντότητα,
ui_page_areas_1068b64,,Page areas,Περιοχές σελίδας,
ui_page_icon_b58a288,,Page icon,εικονίδιο σελίδας,
ui_page_identity_dafa8dd,,Page identity,Ταυτότητα σελίδας,
ui_page_name_c99f51a,,Page name,Όνομα σελίδας,
ui_page_settings_0a44afc,,Page settings,Ρυθμίσεις σελίδας,
ui_page_subtitle_8a04084,,Page subtitle,Υπότιτλος σελίδας,
ui_parcel_9ddaaee,,Parcel,Δέμα,
ui_parcels_16129ec,,Parcels,Δέματα,
ui_parental_controls_c4f61d0,,Parental controls,Γονικός έλεγχος,
ui_parental_controls_dashboard_sharing_and_permissions_b74e0c0,,"Parental controls, dashboard sharing, and permissions","Γονικοί έλεγχοι, κοινή χρήση πίνακα εργαλείων και άδειες",
ui_parental_controls_sharing_needs_the_hki_7_cloud_component_7929459,,Parental controls & sharing — needs the HKI 7 Cloud component,Γονικός έλεγχος και κοινή χρήση — χρειάζεται το στοιχείο HKI 7 Cloud,don't translate HKI 7 Cloud
ui_pause_781961b,,Pause,Παύση,
ui_pause_adaptation_821b33e,,Pause adaptation,Παύση προσαρμογής,
ui_pending_timer_dbf15fa,,Pending timer,Χρονόμετρο σε εκκρεμότητα,
ui_people_b37554f,,People,Ανθρωποι,
ui_permission_needed_7c7a8e5,,Permission needed,Απαιτείται άδεια,
ui_permissions_d06d555,,Permissions,Άδειες,
ui_person_settings_977e009,,Person settings,Ρυθμίσεις ατόμου,
ui_personal_information_used_throughout_hki_7_b7d1b08,,Personal information used throughout HKI 7,Προσωπικές πληροφορίες που χρησιμοποιούνται στο HKI 7,don't translate HKI 7
ui_personalize_7602b35,,Personalize,Καθιστώ προσωπικόν,
ui_persons_order_9fe91dc,,Persons order,Παραγγέλνουν άτομα,
ui_phase_17619b8,,Phase %1$s,Φάση %1$s,app fills in %1$s — keep them
ui_pick_a_carbon_footprint_device_ea1fe94,,Pick a carbon footprint device,Επιλέξτε μια συσκευή αποτυπώματος άνθρακα,
ui_pick_a_device_to_auto_fill_the_sensors_below_f396326,,Pick a device to auto-fill the sensors below,Επιλέξτε μια συσκευή για αυτόματη συμπλήρωση των παρακάτω αισθητήρων,
ui_pick_a_source_device_or_fine_tune_individual_roles_beb54f5,,Pick a source device or fine-tune individual roles,Επιλέξτε μια συσκευή πηγής ή βελτιστοποιήστε μεμονωμένους ρόλους,
ui_pick_a_starting_point_everything_remains_editable_340924e,,Pick a starting point; everything remains editable,Επιλέξτε ένα σημείο εκκίνησης. όλα παραμένουν επεξεργάσιμα,
ui_pickup_b6da461,,Pickup: %1$s,Παραλαβή: %1$s,app fills in %1$s — keep them
ui_pin_3adadd3,,PIN,ΚΑΡΦΙΤΣΑ,
ui_place_this_room_in_the_correct_floor_group_52c044a,,Place this room in the correct floor group,Τοποθετήστε αυτό το δωμάτιο στη σωστή ομάδα ορόφων,
ui_placement_ab89d05,,Placement,Τοποθέτηση,
ui_playback_c8e3087,,Playback,Αναπαραγωγή,
ui_player_e53407c,,Player,Παίχτης,
ui_players_summarized_by_the_room_header_and_card_729ea70,,Players summarized by the room header and card,Οι παίκτες συνοψίζονται από την κεφαλίδα και το φύλλο του δωματίου,
ui_please_wait_5afeca7,,Please wait…,Παρακαλώ περιμένετε…,
ui_position_d0b0314,,POSITION,ΘΕΣΗ,
ui_postal_code_optional_b86b6a2,,Postal code (optional),Ταχυδρομικός κώδικας (προαιρετικό),
ui_power_c2b6b52,,POWER,ΕΞΟΥΣΙΑ,
ui_power_overview_a204dd7,,Power overview,Επισκόπηση ισχύος,
ui_power_per_phase_1f38fb0,,Power per phase,Ισχύς ανά φάση,
ui_precipitation_60d5e73,,Precipitation,Κατακρήμνιση,
ui_premium_icon_packs_animated_icons_and_artwork_premium_them_6363fef,,"Premium icon packs, animated icons and artwork, premium themes, entitlement services, and any separately marked premium modules are not covered by MPL-2.0. They remain proprietary and are licensed for personal use through a valid Premium entitlement.","Τα πακέτα εικονιδίων Premium, τα κινούμενα εικονίδια και τα έργα τέχνης, τα θέματα premium, οι υπηρεσίες δικαιωμάτων και τυχόν μονάδες premium με ξεχωριστή σήμανση δεν καλύπτονται από το MPL-2.0. Παραμένουν ιδιόκτητα και έχουν άδεια για προσωπική χρήση μέσω έγκυρου δικαιώματος Premium.",
ui_presets_6891289,,PRESETS,ΠΡΟΡΥΘΜΙΣΕΙΣ,
ui_presets_e709e76,,Presets,Προεπιλογές,
ui_press_ea683ad,,Press,Τύπος,
ui_prevents_android_from_delaying_battery_charging_and_presen_623b898,,"Prevents Android from delaying battery, charging, and presence updates while the device is idle.","Αποτρέπει το Android να καθυστερεί τις ενημερώσεις μπαταρίας, φόρτισης και παρουσίας ενώ η συσκευή είναι σε αδράνεια.",
ui_previous_camera_5014da7,,Previous camera,Προηγούμενη κάμερα,
ui_produced_5028c07,,Produced %1$s,Παραγωγή %1$s,app fills in %1$s — keep them
ui_production_overview_fbbfc38,,Production overview,Επισκόπηση παραγωγής,
ui_profile_ff4fc02,,Profile,Προφίλ,
ui_profile_switches_affect_every_light_assigned_to_19ba9ec,,Profile switches affect every light assigned to %1$s.,Οι διακόπτες προφίλ επηρεάζουν κάθε φως που έχει εκχωρηθεί στο %1$s.,app fills in %1$s — keep them
ui_profiles_0c2a930,,Profiles,Προφίλ,
ui_project_information_licensing_and_community_support_9fc47d6,,"Project information, licensing, and community support","Πληροφορίες έργου, αδειοδότηση και κοινοτική υποστήριξη",
ui_publish_one_of_your_dashboards_to_your_family_recipients_88c1d49,,Publish one of your dashboards to your family. Recipients import it from Settings › Dashboard and can pull updates later. Set what they may change under Permissions.,Δημοσιεύστε έναν από τους πίνακες ελέγχου στην οικογένειά σας. Οι παραλήπτες το εισάγουν από τις Ρυθμίσεις › Πίνακας ελέγχου και μπορούν να αντλήσουν ενημερώσεις αργότερα. Ορίστε τι μπορούν να αλλάξουν στην ενότητα Δικαιώματα.,
ui_published_to_your_family_33fc8da,,Published to your family,Δημοσιεύτηκε στην οικογένειά σας,
ui_pulse_8439fc4,,pulse,σφυγμός,
ui_pulsescale_939f5c2,,pulseScale,παλμική κλίμακα,
ui_push_delivery_and_history_aa3e29d,,Push delivery and history,Push παράδοση και ιστορικό,
ui_push_my_changes_now_ddff3f6,,Push my changes now,Πιέστε τις αλλαγές μου τώρα,
ui_pushing_3c52088,,Pushing…,Δραστήριος…,
ui_quick_actions_e47e804,,Quick actions,Γρήγορες ενέργειες,
ui_quick_start_gesture_23ee6fe,,quick_start_gesture,quick_start_gesture,
ui_rain_0a858c9,,Rain,Βροχή,
ui_rain_map_7c1862a,,Rain map,Χάρτης βροχής,
ui_rain_map_image_url_0c47012,,Rain map image URL,URL εικόνας χάρτη βροχής,
ui_rain_map_url_iframe_3f22653,,Rain map URL (iframe),URL χάρτη βροχής (iframe),
ui_re_import_batteries_9473d07,,Re-import batteries,Επανεισαγωγή μπαταριών,
ui_re_import_batteries_f3b8458,,Re-import Batteries,Επανεισαγωγή μπαταριών,
ui_re_import_climate_3ed098c,,Re-import climate,Κλίμα επανεισαγωγής,
ui_re_import_climate_f7f5678,,Re-import Climate,Επανεισαγωγή κλίματος,
ui_re_import_energy_9e66bbb,,Re-import Energy,Επανεισαγωγή Ενέργειας,
ui_re_import_energy_c0b0fcc,,Re-import energy,Επανεισαγωγή ενέργειας,
ui_re_import_rooms_6cc58f9,,Re-import rooms,Επανεισαγωγή δωματίων,
ui_re_import_rooms_b49077d,,Re-import Rooms,Επανεισαγωγή Δωματίων,
ui_re_import_security_411e76d,,Re-import Security,Ασφάλεια επανεισαγωγής,
ui_re_import_security_fcf0ad8,,Re-import security,Ασφάλεια επανεισαγωγής,
ui_read_only_home_assistant_automation_46d25b7,,Read-only Home Assistant automation,Αυτοματισμός Home Assistant μόνο για ανάγνωση,don't translate Home Assistant
ui_read_the_full_mpl_2_0_4d68c7d,,Read the full MPL 2.0,Διαβάστε το πλήρες MPL 2.0,
ui_ready_20c7c55,,Ready,Ετοιμος,
ui_receive_home_assistant_alerts_and_actionable_notifications_386435f,,Receive Home Assistant alerts and actionable notifications on this device.,Λάβετε Home Assistant ειδοποιήσεις και ειδοποιήσεις με δυνατότητα δράσης σε αυτήν τη συσκευή.,don't translate Home Assistant
ui_recipes_create_regular_home_assistant_automations_you_can_a81bf72,,Recipes create regular Home Assistant automations. You can continue editing them in either HKI7 or Home Assistant.,Οι συνταγές δημιουργούν κανονικούς αυτοματισμούς Home Assistant. Μπορείτε να συνεχίσετε να τα επεξεργάζεστε είτε στο HKI7 είτε στο Home Assistant.,"don't translate Home Assistant, HKI7"
ui_recommended_e37d21e,,RECOMMENDED,ΣΥΝΙΣΤΑΤΑΙ,
ui_recording_09b5b61,,Recording · ,Ηχογράφηση ·,keep the space at the start/end
ui_refresh_56e3bad,,Refresh,Φρεσκάρω,
ui_refresh_connection_46966aa,,Refresh Connection,Ανανέωση σύνδεσης,
ui_refresh_interval_f086d9d,,Refresh interval,Διάστημα ανανέωσης,
ui_relock_after_4db5c55,,Relock after,Ξανακλείδωμα μετά,
ui_remote_access_is_ready_0e26b5a,,Remote access is ready.,Η απομακρυσμένη πρόσβαση είναι έτοιμη.,
ui_remote_access_optional_75dd54d,,Remote access (optional),Απομακρυσμένη πρόσβαση (προαιρετικό),
ui_remove_436e1a0,,Remove %1$s?,Κατάργηση %1$s;,app fills in %1$s — keep them
ui_remove_avatar_58e0c56,,Remove avatar,Κατάργηση avatar,
ui_remove_e963907,,Remove,Αφαιρώ,
ui_remove_edits_and_import_all_7f0b4a1,,Remove edits and import all,Κατάργηση αλλαγών και εισαγωγή όλων,
ui_removed_entities_559c584,,Removed entities (%1$s),Καταργημένες οντότητες (%1$s),app fills in %1$s — keep them
ui_removed_entities_6dbeb2d,,Removed entities,Καταργήθηκαν οντότητες,
ui_removed_entities_are_excluded_from_cards_graphs_tiles_and_628e91a,,"Removed entities are excluded from cards, graphs, tiles and averages. Tap ✕ to restore.","Οι οντότητες που καταργήθηκαν εξαιρούνται από κάρτες, γραφήματα, πλακίδια και μέσους όρους. Πατήστε ✕ για επαναφορά.",
ui_rename_d3f4cb8,,Rename,Μετονομάζω,
ui_rename_dashboard_ceb1d6d,,Rename dashboard,Μετονομασία πίνακα ελέγχου,
ui_rename_home_assistant_f1a0d6f,,Rename Home Assistant,Μετονομασία Home Assistant,don't translate Home Assistant
ui_rename_players_and_choose_which_ones_may_show_the_212864f,,Rename players and choose which ones may show the mini player above the navigation bar while playing.,Μετονομάστε τα προγράμματα αναπαραγωγής και επιλέξτε ποια μπορούν να εμφανίσουν το μίνι πρόγραμμα αναπαραγωγής πάνω από τη γραμμή πλοήγησης ενώ παίζετε.,
ui_rename_players_and_mini_player_visibility_8d0e1f7,,Rename players and mini player visibility,Μετονομασία παικτών και ορατότητα mini player,
ui_rendering_style_and_history_range_be872e9,,Rendering style and history range,Στυλ απόδοσης και εύρος ιστορίας,
ui_reorder_and_hide_tabs_39de701,,Reorder and hide tabs,Αναδιάταξη και απόκρυψη καρτελών,
ui_reorder_cameras_b226c47,,Reorder cameras,Αναπαραγγελία καμερών,
ui_reorder_cards_147ed64,,Reorder cards,Αναπαραγγελία καρτών,
ui_reorder_devices_8bcc061,,Reorder devices,Αναπαραγγελία συσκευών,
ui_repeat_659eba1,,Repeat,Επαναλαμβάνω,
ui_repeats_every_day_only_the_time_of_day_is_a71f502,,Repeats every day — only the time of day is used.,Επαναλαμβάνεται κάθε μέρα — χρησιμοποιείται μόνο η ώρα της ημέρας.,
ui_repeats_every_month_only_the_day_of_the_month_93ca445,,Repeats every month — only the day of the month and time are used.,Επαναλαμβάνεται κάθε μήνα — χρησιμοποιούνται μόνο η ημέρα του μήνα και η ώρα.,
ui_repeats_every_week_only_the_weekday_and_time_are_8f36757,,Repeats every week — only the weekday and time are used.,Επαναλαμβάνεται κάθε εβδομάδα — χρησιμοποιούνται μόνο η καθημερινή και η ώρα.,
ui_repeats_every_year_the_year_is_ignored_so_e_a661f32,,"Repeats every year — the year is ignored, so e.g. 24–26 Dec recurs each Christmas.","Επαναλαμβάνεται κάθε χρόνο — το έτος αγνοείται, έτσι π.χ. 24–26 Δεκεμβρίου επαναλαμβάνεται κάθε Χριστούγεννα.",
ui_require_an_extra_gesture_or_pin_before_actions_run_19ae393,,Require an extra gesture or PIN before actions run,Απαιτήστε μια επιπλέον χειρονομία ή PIN πριν από την εκτέλεση των ενεργειών,
ui_required_9100e2e,, (required),(υποχρεούμαι),keep the space at the start/end
ui_required_state_bdc9c95,,Required state,Απαιτούμενη κατάσταση,
ui_reset_44c57ab,,Reset,Επαναφορά,
ui_reset_everything_2d6cd07,,Reset Everything,Επαναφορά όλων,
ui_restart_b134bd5,,Restart,Επανεκκίνηση,
ui_restart_home_assistant_0206bf0,,Restart Home Assistant?,Επανεκκίνηση Home Assistant;,don't translate Home Assistant
ui_restart_home_assistant_551322c,,Restart Home Assistant,Επανεκκίνηση Home Assistant,don't translate Home Assistant
ui_restarting_b86eee1,,Restarting…,Επανεκκίνηση…,
ui_restore_3cbe6d6,,Restore,Επαναφέρω,
ui_restore_backup_a65eaa8,,Restore backup,Επαναφορά αντιγράφου ασφαλείας,
ui_restore_from_cloud_52b6663,,Restore from cloud,Επαναφορά από το σύννεφο,
ui_restore_from_home_assistant_13aec1d,,Restore from Home Assistant,Επαναφορά από Home Assistant,don't translate Home Assistant
ui_resume_adaptation_ac73b12,,Resume adaptation,Συνέχιση της προσαρμογής,
ui_resume_b3bd0b5,,Resume,Περίληψη,
ui_reverse_57f9933,,Reverse,Αντίστροφο,
ui_right_954daa8,,Right,Δικαίωμα,
ui_right_side_overflows_left_d75893d,,Right side overflows left,Η δεξιά πλευρά υπερχειλίζει αριστερά,
ui_room_areas_584c8ee,,Room areas,Χώροι δωματίων,
ui_room_climate_c57811d,,Room climate,Κλίμα δωματίου,
ui_room_name_8605e33,,Room name,Όνομα δωματίου,
ui_room_scale_6602c22,,room-scale,κλίμακας δωματίου,
ui_rooms_3a28d6f,,Rooms,Δωμάτια,
ui_rooms_are_imported_2ef3415,,Rooms are imported,Τα δωμάτια εισάγονται,
ui_rooms_in_auto_mode_are_imported_from_home_assistant_c583d84,,Rooms in auto mode are imported from Home Assistant. Switch to manual or take over the current dashboard to add widgets by hand.,Τα δωμάτια σε αυτόματη λειτουργία εισάγονται από Home Assistant. Μεταβείτε στο χειροκίνητο ή αναλάβετε τον τρέχοντα πίνακα εργαλείων για να προσθέσετε γραφικά στοιχεία με το χέρι.,don't translate Home Assistant
ui_rotation_acaf322,,rotation,περιστροφή,
ui_roundness_of_buttons_cards_and_widgets_3573fff,,"Roundness of buttons, cards and widgets","Στρογγυλότητα κουμπιών, καρτών και widget",
ui_run_b1b3926,,Run,Τρέξιμο,
ui_run_mode_12ce660,,Run mode,Λειτουργία εκτέλεσης,
ui_running_state_entity_3c8ffde,,Running-state entity,Οντότητα κατάστασης λειτουργίας,
ui_s_02aa629,,S,μικρό,
ui_s_are_81c69ca,,s are,s είναι,
ui_s_refresh_10a9b0b,,%1$ss refresh,Ανανέωση %1$ss,app fills in %1$s — keep them
ui_save_efc007a,,Save,Εκτός,
ui_save_in_home_assistant_eacb2ce,,Save in Home Assistant,Αποθήκευση σε Home Assistant,don't translate Home Assistant
ui_save_local_network_7f0247d,,Save Local Network,Αποθήκευση τοπικού δικτύου,
ui_save_or_restore_dashboard_configuration_be8f39f,,Save or restore dashboard configuration,Αποθήκευση ή επαναφορά της διαμόρφωσης του πίνακα εργαλείων,
ui_save_profile_f597c0e,,Save profile,Αποθήκευση προφίλ,
ui_save_remote_access_05740bc,,Save Remote Access,Αποθήκευση απομακρυσμένης πρόσβασης,
ui_saved_directly_in_the_native_automation_734f9ba,,Saved directly in the native automation,Αποθηκεύτηκε απευθείας στον εγγενή αυτοματισμό,
ui_saving_56a2285,,Saving…,Οικονομία…,
ui_scanning_36c4a06,,Scanning…,Ερευνα…,
ui_scheduled_1cd1bda,,Scheduled,Προγραμματισμένος,
ui_search_actions_9313854,,Search actions,Ενέργειες αναζήτησης,
ui_search_automations_9172ba9,,Search automations,Αυτοματισμοί αναζήτησης,
ui_search_batteries_a63e58b,,Search batteries,Αναζήτηση μπαταριών,
ui_search_bce0641,,Search,Ερευνα,
ui_search_by_name_28abc03,,Search by name,Αναζήτηση με όνομα,
ui_search_devices_2ce0b70,,Search devices,Αναζήτηση συσκευών,
ui_search_entities_7c70008,,Search entities,Αναζήτηση οντοτήτων,
ui_search_f54fbca,,Search…,Ερευνα…,
ui_search_filters_3d10e32,,Search & filters,Αναζήτηση και φίλτρα,
ui_search_sort_9fe6cb4,,Search & sort,Αναζήτηση & ταξινόμηση,
ui_search_the_material_design_icon_library_2a2aa8d,,Search the Material Design icon library,Αναζητήστε τη βιβλιοθήκη εικονιδίων Material Design,
ui_search_widgets_9525879,,Search widgets,Αναζήτηση γραφικών στοιχείων,
ui_season_62255f5,,Season,Εποχή,
ui_season_card_flip_6683142,,season-card-flip,κάρτα εποχής,
ui_secondary_line_ca81690,,Secondary line,Δευτερεύουσα γραμμή,
ui_seconds_5fb1db5,,Seconds,Δευτερόλεπτα,
ui_securitydoor_929c4fc,,securityDoor,Πόρτα ασφαλείας,
ui_securitygarage_499e9f7,,securityGarage,γκαράζ ασφαλείας,
ui_securitygate_0743480,,securityGate,πύλη ασφαλείας,
ui_securityhouse_08bd121,,securityHouse,Security House,
ui_securityphase_f4739f6,,securityPhase,Φάση ασφαλείας,
ui_securitypulse_5340cf8,,securityPulse,SecurityPulse,
ui_securitywindow_4619bf3,,securityWindow,Παράθυρο ασφαλείας,
ui_select_0fc8ec5,,Select %1$s,Επιλέξτε %1$s,app fills in %1$s — keep them
ui_select_a_mode_to_continue_0426fc8,,Select a mode to continue,Επιλέξτε μια λειτουργία για να συνεχίσετε,
ui_select_an_effect_to_turn_it_on_75d9bec,,Select an effect to turn it on,Επιλέξτε ένα εφέ για να το ενεργοποιήσετε,
ui_select_an_inverter_device_in_energy_settings_solar_to_4a0aade,,Select an inverter device in Energy Settings → Solar to list its inverters here.,Επιλέξτε μια συσκευή μετατροπέα στο Energy Settings → Solar για να εμφανίσετε τους μετατροπείς της εδώ.,
ui_select_an_option_08d7aa3,,Select an option,Επιλέξτε μια επιλογή,
ui_select_battery_devices_bfc9841,,Select Battery Devices,Επιλέξτε Συσκευές μπαταρίας,
ui_select_battery_entities_b08b299,,Select Battery Entities,Επιλέξτε Οντότητες μπαταρίας,
ui_select_battery_sensor_51f1222,,Select Battery Sensor,Επιλέξτε Αισθητήρας μπαταρίας,
ui_select_calendars_and_the_view_shown_first_d5c38b5,,Select calendars and the view shown first,Επιλέξτε πρώτα ημερολόγια και την προβολή που εμφανίζεται,
ui_select_calendars_e26b0da,,Select Calendars,Επιλέξτε Ημερολόγια,
ui_select_camera_70cf6fb,,Select Camera,Επιλέξτε Κάμερα,
ui_select_climate_card_18f3b6e,,Select Climate Card,Επιλέξτε Κάρτα κλίματος,
ui_select_device_87a4751,,Select Device,Επιλέξτε Συσκευή,
ui_select_door_sensor_f345fbf,,Select Door Sensor,Επιλέξτε Αισθητήρας πόρτας,
ui_select_empty_bin_control_d992252,,Select Empty Bin Control,Επιλέξτε Έλεγχος άδειας κάδου,
ui_select_energy_card_9b5bf0c,,Select Energy Card,Επιλέξτε Ενεργειακή Κάρτα,
ui_select_entities_affed45,,Select Entities,Επιλέξτε Οντότητες,
ui_select_entity_4b3713e,,Select Entity,Επιλέξτε Οντότητα,
ui_select_forecast_entities_f0ec511,,Select Forecast Entities,Επιλέξτε Οντότητες πρόβλεψης,
ui_select_humidity_sensor_8192d0e,,Select Humidity Sensor,Επιλέξτε Αισθητήρας υγρασίας,
ui_select_map_camera_d5ae262,,Select Map Camera,Επιλέξτε Κάμερα χάρτη,
ui_select_media_player_73f4f5b,,Select Media Player,Επιλέξτε Media Player,
ui_select_media_players_e0da90e,,Select Media Players,Επιλέξτε Media Players,
ui_select_outside_3593063,,Select outside %1$s,Επιλέξτε εκτός %1$s,app fills in %1$s — keep them
ui_select_running_state_entity_136482a,,Select running-state entity,Επιλέξτε οντότητα κατάστασης λειτουργίας,
ui_select_sensor_2564e1a,,Select Sensor,Επιλέξτε Αισθητήρας,
ui_select_sensors_5141d75,,Select Sensors,Επιλέξτε Αισθητήρες,
ui_select_speed_control_20f7efa,,Select speed control,Επιλέξτε έλεγχο ταχύτητας,
ui_select_target_entity_654e6ac,,Select Target Entity,Επιλέξτε Οντότητα-στόχος,
ui_select_temperature_sensor_821f54c,,Select Temperature Sensor,Επιλέξτε Αισθητήρας θερμοκρασίας,
ui_select_the_alarm_panels_summarized_by_this_pill_f9b23e6,,Select the alarm panels summarized by this pill,Επιλέξτε τους πίνακες συναγερμού που συνοψίζονται σε αυτό το χάπι,
ui_select_to_auto_detect_map_battery_and_controls_72bc9d7,,"Select to auto-detect map, battery and controls","Επιλέξτε για αυτόματη ανίχνευση χάρτη, μπαταρίας και χειριστηρίων",
ui_select_to_auto_fill_helper_entities_below_84a8833,,Select to auto-fill helper entities below,Επιλέξτε για αυτόματη συμπλήρωση βοηθητικών οντοτήτων παρακάτω,
ui_select_vacuum_4663021,,Select Vacuum,Επιλέξτε Κενό,
ui_select_vacuum_entity_dbda6f4,,Select Vacuum Entity,Επιλέξτε Οντότητα κενού,
ui_select_vacuums_7c2d22a,,Select Vacuums,Επιλέξτε κενά,
ui_select_waste_sensors_6006d5f,,Select Waste Sensors,Επιλέξτε Waste Sensors,
ui_select_water_level_562845a,,Select Water Level,Επιλέξτε Στάθμη νερού,
ui_select_weather_2357e9d,,Select Weather,Επιλέξτε Καιρός,
ui_select_weather_entity_d489986,,Select Weather Entity,Επιλέξτε Weather Entity,
ui_select_week_calendar_640f382,,Select Week Calendar,Επιλέξτε Ημερολόγιο εβδομάδας,
ui_selected_61ed328,,%1$s selected,Επιλέχτηκε %1$s,app fills in %1$s — keep them
ui_selected_b82aaa5,,%1$s · Selected,%1$s · Επιλέχτηκε,app fills in %1$s — keep them
ui_selected_for_this_card_3c4a588,,%1$s selected for this card,Επιλέχθηκε %1$s για αυτήν την κάρτα,app fills in %1$s — keep them
ui_sensor_620ec21,,%1$s sensor%2$s,%1$s αισθητήρας%2$s,app fills in %1$s %2$s — keep them
ui_sensor_efb9fbf,,SENSOR,ΑΙΣΘΗΤΗΡΑΣ,
ui_sensor_graphs_5eb3573,,Sensor Graphs,Γραφήματα αισθητήρων,
ui_sensor_picture_c3a0ed2,,Sensor picture,Εικόνα αισθητήρα,
ui_sensors_711bf35,,Sensors,Αισθητήρες,
ui_sensors_and_an_optional_week_calendar_399bad3,,Sensors and an optional week calendar,Αισθητήρες και ένα προαιρετικό ημερολόγιο εβδομάδας,
ui_sensors_are_found_automatically_by_device_class_add_sensor_150bab5,,%1$s sensors are found automatically by device class; add sensors missing that class here.,Οι αισθητήρες %1$s εντοπίζονται αυτόματα ανά κατηγορία συσκευής. προσθέστε αισθητήρες που λείπουν από αυτήν την κατηγορία εδώ.,app fills in %1$s — keep them
ui_separate_commercial_content_0408620,,Separate commercial content,Ξεχωριστό εμπορικό περιεχόμενο,
ui_server_url_1d5d1ef,,Server URL,URL διακομιστή,
ui_services_data_7864c0a,,Services & data,Υπηρεσίες & δεδομένα,
ui_session_f7f1997,,Session,Συνεδρίαση,
ui_set_448ab73,,Set,Σειρά,
ui_set_a_rain_map_image_url_in_this_widget_03729b8,,Set a rain map image URL in this widget's settings,Ορίστε μια διεύθυνση URL εικόνας χάρτη βροχής στις ρυθμίσεις αυτού του γραφικού στοιχείου,
ui_set_the_control_style_for_every_thermostat_on_this_de5cd1e,,Set the control style for every thermostat on this Climate page. Standalone climate widgets keep their own layout settings.,Ορίστε το στυλ ελέγχου για κάθε θερμοστάτη σε αυτήν τη σελίδα Κλίμα. Τα αυτόνομα γραφικά στοιχεία κλιματισμού διατηρούν τις δικές τους ρυθμίσεις διάταξης.,
ui_set_what_each_person_may_do_per_user_like_aa86ea2,,"Set what each person may do — per user, like the hidden views above. These apply when they use a dashboard you shared.","Ορίστε τι μπορεί να κάνει κάθε άτομο — ανά χρήστη, όπως οι κρυφές προβολές παραπάνω. Αυτά ισχύουν όταν χρησιμοποιούν έναν πίνακα ελέγχου που μοιραστήκατε.",
ui_settings_c7f73bb,,Settings,Ρυθμίσεις,
ui_setup_changed_b184bf0,,Setup changed,Η ρύθμιση άλλαξε,
ui_setup_progress_1a8adef,,Setup progress,Πρόοδος ρύθμισης,
ui_shape_and_width_on_the_dashboard_c89fefa,,Shape and width on the dashboard,Σχήμα και πλάτος στο ταμπλό,
ui_shape_ea5c1a2,,Shape,Σχήμα,
ui_shape_visible_information_and_icon_behavior_63dec1c,,"Shape, visible information, and icon behavior","Σχήμα, ορατές πληροφορίες και συμπεριφορά εικονιδίων",
ui_share_09ca55c,,Share,Μερίδιο,
ui_share_b300e5f,,"Share ""%1$s""","Κοινή χρήση ""%1$s""",app fills in %1$s — keep them
ui_share_dashboards_0917ff1,,Share dashboards,Κοινή χρήση πινάκων ελέγχου,
ui_shared_dashboard_86876c0,,Shared dashboard,Κοινόχρηστος πίνακας ελέγχου,
ui_shared_with_me_f40ca84,,Shared with me,Κοινή χρήση μαζί μου,
ui_sharing_ad00590,,Sharing…,Μοιρασιά…,
ui_show_a_descending_timer_when_the_value_is_a_1ae7350,,"Show a descending timer when the value is a completion time (e.g. a washer/dryer finish time). Active while counting, off at zero.","Εμφάνιση ενός φθίνοντος χρονοδιακόπτη όταν η τιμή είναι χρόνος ολοκλήρωσης (π.χ. χρόνος τελειώματος πλυντηρίου/στεγνωτηρίου). Ενεργός κατά την καταμέτρηση, απενεργοποιημένος στο μηδέν.",
ui_show_a_live_radar_rain_map_card_a_camera_a0e11c8,,Show a live radar/rain map card — a camera entity or an embedded web page (iframe),Εμφάνιση μιας ζωντανής κάρτας χάρτη ραντάρ/βροχής — μια οντότητα κάμερας ή μια ενσωματωμένη ιστοσελίδα (iframe),
ui_show_activity_badge_f5d56bb,,Show activity badge,Εμφάνιση σήματος δραστηριότητας,
ui_show_badge_bar_827499b,,Show badge bar,Εμφάνιση γραμμής σήματος,
ui_show_flows_button_9e888be,,Show flows button,Κουμπί εμφάνισης ροών,
ui_show_global_search_e7aefbe,,Show global search,Εμφάνιση καθολικής αναζήτησης,
ui_show_group_380c43e,,Show group,Εμφάνιση ομάδας,
ui_show_in_header_43f0dfd,,Show in header,Εμφάνιση στην κεφαλίδα,
ui_show_persons_c4e81a0,,Show persons,Εμφάνιση προσώπων,
ui_show_the_automations_flows_button_16254ce,,Show the automations (flows) button,Εμφάνιση του κουμπιού αυτοματισμών (ροές).,
ui_show_the_entity_s_state_or_one_of_its_1008a4d,,"Show the entity's state, or one of its attributes instead",Δείξτε την κατάσταση της οντότητας ή ένα από τα χαρακτηριστικά της,
ui_show_the_entity_s_state_or_one_of_its_e721168,,"Show the entity's state, or one of its attributes instead.",Δείξτε την κατάσταση της οντότητας ή ένα από τα χαρακτηριστικά της.,
ui_show_the_global_search_button_0517d8b,,Show the global search button,Εμφάνιση του κουμπιού καθολικής αναζήτησης,
ui_show_widget_name_5ad7fc9,,Show widget name,Εμφάνιση ονόματος γραφικού στοιχείου,
ui_shown_b1015a1,,%1$s shown,Εμφανίζεται %1$s,app fills in %1$s — keep them
ui_shows_an_icon_matching_the_waste_type_gft_pmd_1966fe0,,"Shows an icon matching the waste type (GFT, PMD, paper, …).","Εμφανίζει ένα εικονίδιο που ταιριάζει με τον τύπο απορριμμάτων (GFT, PMD, χαρτί,…).",
ui_side_split_alignment_b9c5399,,Side (split alignment),Πλαϊνή (διαίρεση ευθυγράμμισης),
ui_sign_out_safely_or_reset_this_installation_681fac2,,Sign out safely or reset this installation,Αποσυνδεθείτε με ασφάλεια ή επαναφέρετε αυτήν την εγκατάσταση,
ui_signing_you_in_10d0636,,Signing you in…,Σύνδεσή σας…,
ui_size_shape_and_artwork_4bb38bb,,"Size, shape, and artwork","Μέγεθος, σχήμα και έργο τέχνης",
ui_size_shape_and_background_24dd9b6,,"Size, shape, and background","Μέγεθος, σχήμα και φόντο",
ui_snapshot_b08ae37,,Snapshot,Στιγμιότυπο,
ui_solar_0e26539,,Solar,Ηλιακός,
ui_solar_noon_599372c,,Solar noon %1$s,Ηλιακό μεσημέρι %1$s,app fills in %1$s — keep them
ui_sort_d5f73d6,,Sort: %1$s,Ταξινόμηση: %1$s,app fills in %1$s — keep them
ui_source_and_card_refresh_behavior_0a26324,,Source and card refresh behavior,Συμπεριφορά ανανέωσης πηγής και κάρτας,
ui_source_device_4ddad2a,,Source device,Συσκευή πηγής,
ui_span_badges_58c73f2,,Span badges,Κονκάρδες πλάνων,
ui_speed_265ffc5,,SPEED,ΤΑΧΥΤΗΤΑ,
ui_speed_control_89a2786,,Speed control,Έλεγχος ταχύτητας,
ui_spin_a801301,,spin,γνέθω,
ui_square_82810cb,,Square,Πλατεία,
ui_stack_cards_8bdc343,,Stack Cards,Στοίβα Κάρτες,
ui_stack_layout_1623679,,Stack layout,Διάταξη στοίβας,
ui_stack_name_7507e93,,Stack name,Όνομα στοίβας,
ui_stack_page_3d91ce9,,stack_page,stack_page,
ui_stack_title_46ccc2d,,Stack title,Τίτλος στοίβας,
ui_stack_title_cc2f1ed,,Stack Title,Τίτλος στοίβας,
ui_stacks_249f056,,Stacks,Στοίβες,
ui_standard_2dfa660,,Standard,Πρότυπο,
ui_start_24758a5,,Start: %1$s,Έναρξη: %1$s,app fills in %1$s — keep them
ui_start_empty_25336ee,,Start empty,Ξεκινήστε άδεια,
ui_start_empty_888db50,,Start Empty,Έναρξη Άδειο,
ui_start_new_dashboard_8c71127,,Start new dashboard?,Έναρξη νέου πίνακα ελέγχου;,
ui_start_with_a_useful_recipe_then_adjust_each_step_d560a2a,,"Start with a useful recipe, then adjust each step","Ξεκινήστε με μια χρήσιμη συνταγή και, στη συνέχεια, προσαρμόστε κάθε βήμα",
ui_state_a725020,,State,Κατάσταση,
ui_state_bef84bb,,STATE,ΚΑΤΑΣΤΑΣΗ,
ui_state_text_6749c0a,,State text,Κείμενο κατάστασης,
ui_stream_df06386,,Stream,Ρεύμα,
ui_style_99a0efc,,Style,Στυλ,
ui_sunrise_and_sunset_data_unavailable_3295324,,Sunrise and sunset data unavailable,Τα δεδομένα ανατολής και δύσης ηλίου δεν είναι διαθέσιμα,
ui_sunrise_fadf71c,,Sunrise,Ανατολή ηλίου,
ui_sunset_181bcd5,,Sunset,Ηλιοβασίλεμα,
ui_support_f32d5a3,,Support,Υποστήριξη,
ui_support_via_buy_me_a_coffee_d7dadd1,,Support via Buy Me a Coffee,Υποστήριξη μέσω Buy Me a Coffee,
ui_support_via_paypal_7184a5d,,Support via PayPal,Υποστήριξη μέσω PayPal,
ui_support_without_premium_0a4aebd,,Support without Premium,Υποστήριξη χωρίς Premium,
ui_supports_headings_lists_quotes_code_bold_italic_code_strik_e295744,,"Supports # headings, lists, > quotes, ``` code, **bold**, *italic*, `code`, ~~strike~~ and [links](https://…).","Υποστηρίζει # επικεφαλίδες, λίστες, > εισαγωγικά, κωδικό ```, **έντονη γραφή**, *πλάγια γραφή*, `κωδικός`, ~~strike~~ και [σύνδεσμοι](https://…).",
ui_swing_65d8d45,,Swing,Κούνια,
ui_swing_horizontal_c166cda,,Swing (horizontal),Κούνια (οριζόντια),
ui_swipe_left_from_the_upper_right_edge_of_a_416c467,,Swipe left from the upper-right edge of a page header to switch homes at any time.,Σύρετε προς τα αριστερά από την επάνω δεξιά άκρη μιας κεφαλίδας σελίδας για εναλλαγή οικίας ανά πάσα στιγμή.,
ui_switch_b02cbd9,,SWITCH,ΔΙΑΚΟΠΤΗΣ,
ui_switch_home_e6ceda2,,Switch home,Αλλάξτε σπίτι,
ui_system_dark_theme_c7e4ff9,,System Dark Theme,Σκοτεινό θέμα συστήματος,
ui_system_light_theme_5bc7623,,System Light Theme,Θέμα Light System,
ui_systems_idle_584a6f0,,Systems idle,Συστήματα σε αδράνεια,
ui_t_c2c53d6,,T,Τ,
ui_tabs_and_media_controls_shown_throughout_the_app_5d9c1ff,,Tabs and media controls shown throughout the app,Καρτέλες και στοιχεία ελέγχου πολυμέσων εμφανίζονται σε όλη την εφαρμογή,
ui_tap_here_or_use_the_button_while_edit_mode_8baf490,,Tap here or use the + button while edit mode is active to add widgets to this stack.,Πατήστε εδώ ή χρησιμοποιήστε το κουμπί + ενώ η λειτουργία επεξεργασίας είναι ενεργή για να προσθέσετε γραφικά στοιχεία σε αυτήν τη στοίβα.,
ui_tap_here_or_use_the_button_while_edit_mode_b06aac5,,Tap here or use the + button while edit mode is active to add entities to this stack.,Πατήστε εδώ ή χρησιμοποιήστε το κουμπί + ενώ είναι ενεργή η λειτουργία επεξεργασίας για να προσθέσετε οντότητες σε αυτήν τη στοίβα.,
ui_tap_hold_and_dialog_quick_actions_2052817,,"Tap, hold, and dialog quick actions","Πατήστε, κρατήστε πατημένο και διαλόγου γρήγορες ενέργειες",
ui_tap_share_to_publish_or_update_d185341,,Tap Share to publish or update,Πατήστε Κοινή χρήση για δημοσίευση ή ενημέρωση,
ui_tap_to_add_a_weather_card_a3508a9,,Tap + to add a weather card,Πατήστε + για να προσθέσετε μια κάρτα καιρού,
ui_tap_to_load_0c49cab,,Tap to load,Πατήστε για φόρτωση,
ui_tap_x_to_restore_an_entity_to_the_battery_ad0eb75,,Tap X to restore an entity to the battery page.,Πατήστε X για να επαναφέρετε μια οντότητα στη σελίδα μπαταρίας.,
ui_target_49d76ad,,TARGET (%1$s–%2$s%%),ΣΤΟΧΟΣ (%1$s–%2$s%%),app fills in %1$s %2$s — keep them
ui_target_61ad50a,,Target,Στόχος,
ui_target_entity_optional_cdb68af,,Target entity (optional),Οντότητα-στόχος (προαιρετικό),
ui_target_f762108,,TARGET,ΣΤΟΧΟΣ,
ui_technology_d018b08,,Technology,Τεχνολογία,
ui_temperature_0a9062a,,Temperature,Θερμοκρασία,
ui_temperature_and_humidity_sources_for_the_room_8960580,,Temperature and humidity sources for the room,Πηγές θερμοκρασίας και υγρασίας για το δωμάτιο,
ui_temperature_cc6906a,,TEMPERATURE,ΘΕΡΜΟΚΡΑΣΙΑ,
ui_temperature_sensor_graphed_in_activity_1088c3d,,Temperature sensor (graphed in Activity),Αισθητήρας θερμοκρασίας (διατυπώνεται γραφικά στη Δραστηριότητα),
ui_text_c3328c3,,Text,Κείμενο,
ui_text_size_boldness_and_font_family_365f489,,"Text size, boldness and font family","Μέγεθος κειμένου, τόλμη και οικογένεια γραμματοσειρών",
ui_that_profile_35adbf0,,that profile,αυτό το προφίλ,
ui_the_effect_used_when_a_button_s_animation_is_7cce891,,"The effect used when a button's animation is set to ""Auto"". You can still override any individual button.","Το εφέ που χρησιμοποιείται όταν η κινούμενη εικόνα ενός κουμπιού έχει οριστεί σε ""Auto"". Μπορείτε ακόμα να παρακάμψετε οποιοδήποτε μεμονωμένο κουμπί.",
ui_the_exact_dates_you_pick_leave_a_bound_as_19357e8,,"The exact dates you pick. Leave a bound as ""Any"" for an open-ended range.","Οι ακριβείς ημερομηνίες που επιλέγετε. Αφήστε ένα όριο ως ""Οποιοδήποτε"" για ένα εύρος ανοιχτού τύπου.",
ui_the_heading_shown_between_dashboard_sections_b03805f,,The heading shown between dashboard sections,Η επικεφαλίδα που εμφανίζεται μεταξύ των τμημάτων του πίνακα οργάνων,
ui_the_hki_7_community_source_code_is_free_and_f4f3f51,,"The HKI 7 community source code is free and open source under the Mozilla Public License 2.0. You may use, study, modify, and redistribute it. When you distribute modified MPL-covered files, those files and their source must remain available under MPL-2.0.","Ο πηγαίος κώδικας της κοινότητας HKI 7 είναι δωρεάν και ανοιχτού κώδικα υπό την άδεια Mozilla Public License 2.0. Μπορείτε να το χρησιμοποιήσετε, να το μελετήσετε, να το τροποποιήσετε και να το αναδιανείμετε. Όταν διανέμετε τροποποιημένα αρχεία που καλύπτονται με MPL, αυτά τα αρχεία και η πηγή τους πρέπει να παραμένουν διαθέσιμα στο MPL-2.0.",don't translate HKI 7
ui_the_hki_7_name_and_logos_are_project_trademarks_985ffec,,"The HKI 7 name and logos are project trademarks and are not granted for misleading redistribution. Home Assistant and other third-party names, libraries, fonts, and artwork remain subject to their respective licenses and trademarks. The software is provided without warranty, as described by MPL-2.0.","Το όνομα HKI 7 και τα λογότυπα είναι εμπορικά σήματα έργου και δεν χορηγούνται για παραπλανητική αναδιανομή. Τα Home Assistant και άλλα ονόματα, βιβλιοθήκες, γραμματοσειρές και έργα τέχνης τρίτων εξακολουθούν να υπόκεινται στις αντίστοιχες άδειες και εμπορικά σήματα τους. Το λογισμικό παρέχεται χωρίς εγγύηση, όπως περιγράφεται από το MPL-2.0.","don't translate Home Assistant, HKI 7"
ui_the_interface_is_built_with_jetpack_compose_coroutines_and_fe7f52d,,"The interface is built with Jetpack Compose. Coroutines and Flow handle live state, while JSON and YAML-compatible data keep HKI 7 connected with Home Assistant.","Η διεπαφή είναι κατασκευασμένη με το Jetpack Compose. Οι κορουτίνες και η ροή χειρίζονται ζωντανή κατάσταση, ενώ τα δεδομένα συμβατά με JSON και YAML διατηρούν το HKI 7 συνδεδεμένο με το Home Assistant.","don't translate Home Assistant, HKI 7"
ui_the_open_source_community_core_remains_usable_without_prem_d83ff8a,,The open-source community core remains usable without Premium. Premium purchases fund extra visual content and continued development; they do not remove the freedoms granted for MPL-covered files.,Ο πυρήνας της κοινότητας ανοιχτού κώδικα παραμένει χρησιμοποιήσιμος χωρίς Premium. Οι αγορές Premium χρηματοδοτούν επιπλέον οπτικό περιεχόμενο και συνεχή ανάπτυξη. δεν καταργούν τις ελευθερίες που παρέχονται για αρχεία που καλύπτονται από MPL.,
ui_the_page_starts_empty_with_its_own_header_and_5a325c0,,"The page starts empty with its own header and page settings, while keeping the Home widget catalogue.","Η σελίδα ξεκινά κενή με τις δικές της ρυθμίσεις κεφαλίδας και σελίδας, ενώ διατηρείται ο κατάλογος των γραφικών στοιχείων Home.",
ui_the_quick_brown_fox_jumps_over_the_lazy_dog_2204ad2,,The quick brown fox jumps over the lazy dog — 0123456789,Η γρήγορη καφέ αλεπού πηδά πάνω από τον τεμπέλη σκύλο — 0123456789,
ui_the_room_header_and_card_show_a_single_player_3e24a17,,"The room header and card show a single player's media, or an active-player count when multiple players are selected.",Η κεφαλίδα και η κάρτα δωματίου εμφανίζουν τα πολυμέσα ενός παίκτη ή έναν αριθμό ενεργών παικτών όταν επιλέγονται πολλοί παίκτες.,
ui_the_text_shown_on_the_dashboard_fff5c98,,The text shown on the dashboard,Το κείμενο που εμφανίζεται στο ταμπλό,
ui_the_web_page_shown_on_this_card_ce97bfd,,The web page shown on this card,Η ιστοσελίδα που εμφανίζεται σε αυτήν την κάρτα,
ui_theme_a797e30,,Theme,Θέμα,
ui_theme_and_navigation_bar_474ee6b,,Theme and navigation bar,Θέμα και γραμμή πλοήγησης,
ui_thermostat_dial_e6af91b,,Thermostat dial,Διακόπτης θερμοστάτη,
ui_thermostats_601da0c,,Thermostats,Θερμοστάτες,
ui_thermostats_ac_7d2ace4,,Thermostats & AC,Θερμοστάτες & AC,
ui_these_are_stored_in_the_cloud_import_one_to_558c62d,,"These are stored in the cloud. Import one to edit or re-share it, or delete it to remove it from everyone. Your edits are also pushed automatically when you open the app.",Αυτά αποθηκεύονται στο σύννεφο. Εισαγάγετε ένα για να το επεξεργαστείτε ή να το μοιραστείτε ξανά ή να το διαγράψετε για να το καταργήσετε από όλους. Οι αλλαγές σας προωθούνται επίσης αυτόματα όταν ανοίγετε την εφαρμογή.,
ui_these_links_open_in_your_browser_tips_do_not_049b881,,These links open in your browser. Tips do not unlock Premium features and do not create an obligation to provide individual support.,Αυτοί οι σύνδεσμοι ανοίγουν στο πρόγραμμα περιήγησής σας. Οι συμβουλές δεν ξεκλειδώνουν τις λειτουργίες Premium και δεν δημιουργούν υποχρέωση παροχής ατομικής υποστήριξης.,
ui_these_permissions_are_optional_and_can_be_changed_later_aa7a106,,These permissions are optional and can be changed later in Android Settings.,Αυτά τα δικαιώματα είναι προαιρετικά και μπορούν να αλλάξουν αργότερα στις Ρυθμίσεις Android.,
ui_thin_100_9e7a443,,Thin (-100),Λεπτό (-100),
ui_thinner_200_6ae7a6f,,Thinner (-200),Πιο λεπτό (-200),
ui_this_action_does_not_use_an_entity_target_5952444,,This action does not use an entity target.,Αυτή η ενέργεια δεν χρησιμοποιεί στόχο οντότητας.,
ui_this_action_has_no_required_target_or_additional_fields_987a410,,This action has no required target or additional fields.,Αυτή η ενέργεια δεν έχει απαιτούμενο στόχο ή πρόσθετα πεδία.,
ui_this_automation_is_managed_outside_home_assistant_s_ui_89d26f5,,"This automation is managed outside Home Assistant's UI (usually YAML). HKI7 can show it, but will not overwrite it.","Η διαχείριση αυτού του αυτοματισμού γίνεται εκτός της διεπαφής χρήστη του Home Assistant (συνήθως YAML). Το HKI7 μπορεί να το εμφανίσει, αλλά δεν θα το αντικαταστήσει.","don't translate Home Assistant, HKI7"
ui_this_card_uses_its_own_entities_e572388,,This card uses its own entities,Αυτή η κάρτα χρησιμοποιεί τις δικές της οντότητες,
ui_this_dashboard_is_currently_being_generated_from_home_assi_470200d,,This dashboard is currently being generated from Home Assistant. You can edit rooms as soon as the one-time import finishes.,Αυτός ο πίνακας εργαλείων δημιουργείται αυτήν τη στιγμή από Home Assistant. Μπορείτε να επεξεργαστείτε δωμάτια μόλις ολοκληρωθεί η εφάπαξ εισαγωγή.,don't translate Home Assistant
ui_this_entity_2ddd36d,,This entity,Αυτή η οντότητα,
ui_this_entity_has_no_attributes_to_show_b09f4c9,,This entity has no attributes to show.,Αυτή η οντότητα δεν έχει χαρακτηριστικά προς εμφάνιση.,
ui_this_light_is_paused_for_manual_control_706bffa,,This light is paused for manual control.,Αυτή η λυχνία είναι σε παύση για χειροκίνητο έλεγχο.,
ui_this_name_is_used_when_the_device_registers_with_8aba2f2,,This name is used when the device registers with Home Assistant.,Αυτό το όνομα χρησιμοποιείται όταν η συσκευή εγγράφεται με Home Assistant.,don't translate Home Assistant
ui_this_permanently_removes_this_dashboard_and_its_room_and_8087734,,This permanently removes this dashboard and its room and page configuration.,Αυτό καταργεί οριστικά αυτόν τον πίνακα εργαλείων και τη διαμόρφωση δωματίου και σελίδας.,
ui_this_removes_all_imported_battery_entities_from_this_view_7a74283,,This removes all imported battery entities from this view.,Αυτό καταργεί όλες τις εισαγόμενες οντότητες μπαταρίας από αυτήν την προβολή.,
ui_this_removes_all_imported_climate_entities_from_this_view_713f511,,This removes all imported climate entities from this view.,Αυτό αφαιρεί όλες τις εισαγόμενες κλιματικές οντότητες από αυτήν την προβολή.,
ui_this_removes_all_imported_energy_entities_from_this_view_7397917,,This removes all imported energy entities from this view.,Αυτό αφαιρεί όλες τις εισαγόμενες ενεργειακές οντότητες από αυτήν την άποψη.,
ui_this_removes_all_imported_rooms_and_floors_from_this_d1cbbff,,This removes all imported rooms and floors from this view.,Αυτό αφαιρεί όλα τα εισαγόμενα δωμάτια και πατώματα από αυτήν την προβολή.,
ui_this_removes_all_imported_security_entities_from_this_view_6443e5c,,This removes all imported security entities from this view.,Αυτό καταργεί όλες τις εισαγόμενες οντότητες ασφαλείας από αυτήν την προβολή.,
ui_this_removes_its_login_mobile_app_registration_details_and_69afc19,,"This removes its login, mobile-app registration details, and HKI dashboards from this device. The Home Assistant server itself is not changed.","Αυτό καταργεί τα στοιχεία σύνδεσής του, τα στοιχεία εγγραφής σε εφαρμογές για κινητά και τους πίνακες εργαλείων HKI από αυτήν τη συσκευή. Ο ίδιος ο διακομιστής Home Assistant δεν έχει αλλάξει.",don't translate Home Assistant
ui_this_removes_the_native_automation_from_home_assistant_thi_2a48e1a,,This removes the native automation from Home Assistant. This cannot be undone from HKI7.,Αυτό καταργεί τον εγγενή αυτοματισμό από Home Assistant. Αυτό δεν μπορεί να αναιρεθεί από HKI7.,"don't translate Home Assistant, HKI7"
ui_this_removes_the_shared_dashboard_from_the_cloud_for_4bab01c,,This removes the shared dashboard from the cloud for everyone. People currently using it fall back to an auto-generated dashboard. Their local copies aren't touched until they next open the app.,Αυτό αφαιρεί τον κοινόχρηστο πίνακα ελέγχου από το cloud για όλους. Τα άτομα που το χρησιμοποιούν αυτήν τη στιγμή επιστρέφουν σε έναν πίνακα εργαλείων που δημιουργείται αυτόματα. Τα τοπικά τους αντίγραφα δεν αγγίζονται μέχρι να ανοίξουν στη συνέχεια την εφαρμογή.,
ui_this_runs_on_a_small_free_home_assistant_add_f46f2e3,,"This runs on a small, free Home Assistant add-on (the HKI 7 Cloud component). It isn't on HACS by default yet, so add it as a custom repository — the app then handles everything else.","Αυτό εκτελείται σε ένα μικρό, δωρεάν πρόσθετο Home Assistant (το στοιχείο HKI 7 Cloud). Δεν είναι ακόμη στο HACS από προεπιλογή, επομένως προσθέστε το ως προσαρμοσμένο αποθετήριο — η εφαρμογή χειρίζεται στη συνέχεια όλα τα άλλα.","don't translate HKI 7 Cloud, Home Assistant"
ui_this_source_code_form_is_subject_to_the_terms_c8e4e24,,"This Source Code Form is subject to the terms of the Mozilla Public License, v. 2.0. If a copy of the MPL was not distributed with this file, you can obtain one at mozilla.org/MPL/2.0/.","Αυτή η φόρμα πηγαίου κώδικα υπόκειται στους όρους της δημόσιας άδειας Mozilla, έκδοση 2.0. Εάν ένα αντίγραφο του MPL δεν διανεμήθηκε με αυτό το αρχείο, μπορείτε να αποκτήσετε ένα στη διεύθυνση mozilla.org/MPL/2.0/.",
ui_this_stack_has_no_items_0f92c8d,,This stack has no items.,Αυτή η στοίβα δεν έχει στοιχεία.,
ui_this_travels_with_the_dashboard_so_cloud_backups_and_1dd603d,," This travels with the dashboard, so cloud backups and family sharing keep it.","Αυτό ταξιδεύει με τον πίνακα εργαλείων, επομένως τα αντίγραφα ασφαλείας στο cloud και η κοινή χρήση της οικογένειας το διατηρούν.",keep the space at the start/end
ui_tile_2dd2c66,,Tile,Πλακάκι,
ui_tilt_aceae6f,,TILT,ΚΛΙΣΗ,
ui_time_6c82e6d,,Time,Φορά,
ui_time_range_9257117,,Time Range,Χρονικό εύρος,
ui_title_768e0c1,,Title,Τίτλος,
ui_title_collapse_behavior_and_dashboard_width_a64a590,,"Title, collapse behavior, and dashboard width","Τίτλος, συμπεριφορά σύμπτυξης και πλάτος πίνακα ελέγχου",
ui_title_collapse_behavior_and_width_dd2b475,,"Title, collapse behavior, and width","Τίτλος, συμπεριφορά σύμπτυξης και πλάτος",
ui_title_optional_932fc13,,Title (optional),Τίτλος (προαιρετικό),
ui_title_width_and_icon_41ec073,,"Title, width, and icon","Τίτλος, πλάτος και εικονίδιο",
ui_to_state_2a995a1,,To state,Να δηλώσω,
ui_today_24345a1,,Today,Σήμερα,
ui_tomorrow_1948bf2,,Tomorrow,Αύριο,
ui_top_consumers_0199dbf,,Top consumers,Κορυφαίοι καταναλωτές,
ui_tracking_number_4e40c54,,Tracking number,Αριθμός παρακολούθησης,
ui_try_again_042c862,,Try again,Προσπαθήστε ξανά,
ui_try_the_demo_home_no_server_needed_bc58247,,Try the demo home — no server needed,Δοκιμάστε το demo home — δεν χρειάζεται διακομιστής,
ui_turn_off_all_3a7a2b0,,Turn off all,Απενεργοποιήστε όλα,
ui_turn_on_a5aa418,,Turn On,Ανάβω,
ui_turn_the_light_on_to_access_controls_25f4ad6,,Turn the light on to access controls,Ανάψτε το φως για να αποκτήσετε πρόσβαση στα στοιχεία ελέγχου,
ui_turn_the_notification_connection_channel_off_on_the_next_cdddec0,,"Turn the ""Notification connection"" channel off on the next screen — the connection keeps working, only its notification disappears.","Απενεργοποιήστε το κανάλι ""Σύνδεση ειδοποιήσεων"" στην επόμενη οθόνη — η σύνδεση συνεχίζει να λειτουργεί, μόνο η ειδοποίησή της εξαφανίζεται.",
ui_two_rows_1b1737f,,Two rows,Δύο σειρές,
ui_type_3deb745,,Type,Τύπος,
ui_type_icon_839142a,,Type icon,Πληκτρολογήστε το εικονίδιο,
ui_unable_to_connect_8207f1b,,Unable to connect,Δεν είναι δυνατή η σύνδεση,
ui_unit_f6b935a,,Unit,Μονάδα,
ui_unknown_bc7819b,,Unknown,Αγνωστος,
ui_unknown_energy_card_b8e46de,,Unknown energy card: %1$s,Άγνωστη ενεργειακή κάρτα: %1$s,app fills in %1$s — keep them
ui_unlock_1526a17,,Unlock,Ξεκλειδώνω,
ui_unlock_button_ad521c4,,Unlock button,Κουμπί ξεκλειδώματος,
ui_unlock_method_dff380e,,Unlock method,Μέθοδος ξεκλειδώματος,
ui_unlocked_b3da702,,Unlocked,Ακλείδωτος,
ui_unrestricted_background_cebdb1e,,Unrestricted background,Απεριόριστο φόντο,
ui_untitled_621521f,,Untitled,Χωρίς τίτλο,
ui_untitled_event_ef8d264,,Untitled event,Εκδήλωση χωρίς τίτλο,
ui_upcoming_523baab,,Upcoming,Ανερχόμενος,
ui_update_fb91e24,,Update,Εκσυγχρονίζω,
ui_update_location_now_d338c2c,,Update Location Now,Ενημερώστε την τοποθεσία τώρα,
ui_updated_62d2331,,Updated %1$s,Ενημερώθηκε %1$s,app fills in %1$s — keep them
ui_url_https_a1a19ec,,URL (https://…),URL (https://…),
ui_usage_overview_fc2eefc,,Usage overview,Επισκόπηση χρήσης,
ui_use_1d4d43c,,Use,Χρήση,
ui_use_a_dashboard_an_admin_has_shared_with_you_8b1cfdb,,Use a dashboard an admin has shared with you.,Χρησιμοποιήστε έναν πίνακα ελέγχου που έχει μοιραστεί μαζί σας ο διαχειριστής.,
ui_use_a_family_shared_dashboard_9b8ab51,,Use a family shared dashboard,Χρησιμοποιήστε έναν κοινόχρηστο οικογενειακό πίνακα ελέγχου,
ui_use_a_recognizable_name_such_as_kitchen_tablet_or_ca9f431,,"Use a recognizable name, such as ‘Kitchen tablet’ or ‘Jimmy’s phone’.","Χρησιμοποιήστε ένα αναγνωρίσιμο όνομα, όπως «Τάμπλετ κουζίνας» ή «Τηλέφωνο του Τζίμυ».",
ui_use_family_shared_dashboard_28e06c2,,Use family shared dashboard,Χρησιμοποιήστε κοινόχρηστο οικογενειακό πίνακα ελέγχου,
ui_used_6a4ebbf,,Used %1$s,Μεταχειρισμένο %1$s,app fills in %1$s — keep them
ui_uses_hki_7_s_private_google_drive_storage_enable_0559ced,,Uses HKI 7's private Google Drive storage. Enable it once to create an immediate backup and then back up automatically every day.,Χρησιμοποιεί τον ιδιωτικό χώρο αποθήκευσης Google Drive του HKI 7. Ενεργοποιήστε το μία φορά για να δημιουργήσετε ένα άμεσο αντίγραφο ασφαλείας και στη συνέχεια να δημιουργείτε αυτόματα αντίγραφα ασφαλείας κάθε μέρα.,"don't translate Google Drive, HKI 7"
ui_uses_the_sun_entity_configured_in_weather_settings_e580a39,,Uses the Sun entity configured in Weather settings.,Χρησιμοποιεί την οντότητα Sun που έχει διαμορφωθεί στις ρυθμίσεις Καιρού.,
ui_using_a_shared_dashboard_applies_the_permissions_the_admin_a337a76,,Using a shared dashboard applies the permissions the admin set for it.,Η χρήση ενός κοινόχρηστου πίνακα ελέγχου εφαρμόζει τα δικαιώματα που έχει ορίσει ο διαχειριστής για αυτόν.,
ui_using_the_climate_view_s_entities_8befb0f,,Using the Climate view's entities,Χρήση των οντοτήτων της προβολής κλίματος,
ui_using_the_energy_view_s_entities_7ca9bed,,Using the Energy view's entities,Χρήση των οντοτήτων της Ενεργειακής προβολής,
ui_vacuum_5fe15df,,Vacuum,Κενό,
ui_vacuum_device_3deae52,,Vacuum device,Συσκευή κενού,
ui_vacuum_entities_c7da1d7,,Vacuum entities,Οντότητες κενού,
ui_vacuum_map_8236541,,Vacuum map,Χάρτης κενού,
ui_vacuum_stack_b93d3b7,,Vacuum Stack,Στοίβα κενού,
ui_vertical_slider_e09cef1,,Vertical slider,Κάθετο ρυθμιστικό,
ui_view_on_github_0c77991,,View on GitHub,Προβολή στο GitHub,
ui_visibility_7d9ff4f,,Visibility,Ορατότητα,
ui_visibility_alignment_and_overflow_behavior_467f44f,,"Visibility, alignment, and overflow behavior","Ορατότητα, ευθυγράμμιση και συμπεριφορά υπερχείλισης",
ui_visibility_and_ordering_in_the_page_header_0f9e3d8,,Visibility and ordering in the page header,Ορατότητα και παραγγελία στην κεφαλίδα της σελίδας,
ui_visible_during_791f42c,,Visible during,Ορατό κατά τη διάρκεια,
ui_visible_persons_4b7ae6c,,Visible persons,Ορατά πρόσωπα,
ui_visual_style_bc567f3,,Visual style,Οπτικό στυλ,
ui_w_e2415cb,,W,W,
ui_waiting_for_home_assistant_af224aa,,Waiting for Home Assistant,Αναμονή για Home Assistant,don't translate Home Assistant
ui_wallpaper_and_an_optional_custom_color_f4f12f1,,Wallpaper and an optional custom color,Ταπετσαρία και προαιρετικό προσαρμοσμένο χρώμα,
ui_wallpaper_and_optional_custom_color_0dc6738,,Wallpaper and optional custom color,Ταπετσαρία και προαιρετικό προσαρμοσμένο χρώμα,
ui_wallpaper_url_or_path_e208631,,Wallpaper URL or path,URL ή διαδρομή ταπετσαρίας,
ui_waste_collection_7cdf205,,Waste Collection,Συλλογή απορριμμάτων,
ui_waste_sensors_8bfd3ec,,Waste sensors,Αισθητήρες απορριμμάτων,
ui_watch_d91ebf5,,Watch,Ρολόι,
ui_water_5480538,,Water: %1$s,Νερό: %1$s,app fills in %1$s — keep them
ui_water_de9b1be,,Water,Νερό,
ui_water_level_optional_fallback_61b2be5,,Water level (optional fallback),Στάθμη νερού (προαιρετικό εναλλακτικό),
ui_water_meters_imported_from_home_assistant_s_energy_dashboa_b1ac157,,Water meters imported from Home Assistant's Energy dashboard.,Μετρητές νερού που εισάγονται από τον πίνακα εργαλείων Energy του Home Assistant.,don't translate Home Assistant
ui_we_ll_check_your_home_network_first_you_can_c7ca0f0,,We'll check your home network first; you can also enter an address,Θα ελέγξουμε πρώτα το οικιακό σας δίκτυο. μπορείτε επίσης να εισάγετε μια διεύθυνση,
ui_weather_284af3e,,Weather,Καιρός,
ui_weather_card_0c6594c,,Weather Card,Κάρτα καιρού,
ui_weather_details_bc94175,,Weather details,Λεπτομέρειες καιρού,
ui_weather_entities_0a2c547,,Weather entities,Καιρικές οντότητες,
ui_weather_entity_402cbd9,,Weather entity,Καιρική οντότητα,
ui_weather_source_778baeb,,Weather source,Πηγή καιρού,
ui_weather_stack_4d4f763,,Weather Stack,Στοίβα καιρού,
ui_weather_type_fe0b7cc,,Weather Type,Τύπος καιρού,
ui_web_address_url_55052c9,,Web address (URL),Διεύθυνση Ιστού (URL),
ui_week_calendar_shown_in_the_dialog_6d4f28b,,Week calendar (shown in the dialog),Ημερολόγιο εβδομάδας (εμφανίζεται στο παράθυρο διαλόγου),
ui_welcome_to_hki_7_9e317bb,,Welcome to HKI 7,Καλώς ήρθατε στο HKI 7,don't translate HKI 7
ui_what_hki_7_is_and_how_it_is_built_247bace,,What HKI 7 is and how it is built,Τι είναι το HKI 7 και πώς κατασκευάζεται,don't translate HKI 7
ui_what_it_does_ca032b5,,What it does,Τι κάνει,
ui_what_s_new_4d8dc5f,,What's new,Τι νέο υπάρχει,
ui_when_769bb19,,When,Οταν,
ui_when_and_if_then_dd86ebe,,When · And if · Then,Πότε · Και αν · Τότε,
ui_when_reporting_a_problem_include_your_android_version_home_784a4e6,,"When reporting a problem, include your Android version, Home Assistant version, the affected entity or integration, and clear steps to reproduce it. Removing private URLs, tokens, names, and location data first helps keep support safe.","Όταν αναφέρετε ένα πρόβλημα, συμπεριλάβετε την έκδοση Android, την έκδοση Home Assistant, την επηρεαζόμενη οντότητα ή την ενσωμάτωση και σαφή βήματα για την αναπαραγωγή του. Η κατάργηση ιδιωτικών διευθύνσεων URL, διακριτικών, ονομάτων και δεδομένων τοποθεσίας συμβάλλει πρώτα στη διατήρηση της ασφάλειας της υποστήριξης.",don't translate Home Assistant
ui_when_the_value_is_a_completion_time_e_g_7dce367,,"When the value is a completion time (e.g. a washer/dryer finish time), show a descending timer. The button reads active while counting and turns off at zero.","Όταν η τιμή είναι χρόνος ολοκλήρωσης (π.χ. χρόνος τελειώματος πλυντηρίου/στεγνωτηρίου), εμφανίστε ένα φθίνον χρονόμετρο. Το κουμπί διαβάζεται ενεργό κατά την καταμέτρηση και απενεργοποιείται στο μηδέν.",
ui_widget_height_b26de24,,Widget height,Ύψος widget,
ui_widget_name_55e5340,,Widget name,Όνομα widget,
ui_widget_presentation_a3a8cdc,,Widget presentation,Παρουσίαση widget,
ui_widget_width_1d89599,,Widget width,Πλάτος widget,
ui_width_a58ddf5,,Width,Πλάτος,
ui_width_and_height_6ed6746,,Width and height,Πλάτος και ύψος,
ui_width_and_optional_icon_671e2ef,,Width and optional icon,Πλάτος και προαιρετικό εικονίδιο,
ui_width_columns_and_container_shape_984a191,,"Width, columns, and container shape","Πλάτος, στήλες και σχήμα δοχείου",
ui_width_shape_and_collapse_behavior_7abc6f4,,"Width, shape, and collapse behavior","Πλάτος, σχήμα και συμπεριφορά κατάρρευσης",
ui_wind_142b575,,Wind,Ανεμος,
ui_worth_watching_a3d46c7,,Worth watching,Αξίζει να το παρακολουθήσετε,
ui_would_you_like_to_add_an_existing_camera_entity_00d5bc3,,Would you like to add an existing camera entity or a custom URL?,Θέλετε να προσθέσετε μια υπάρχουσα οντότητα κάμερας ή μια προσαρμοσμένη διεύθυνση URL;,
ui_write_the_information_shown_on_this_card_4ca5db7,,Write the information shown on this card,Γράψτε τις πληροφορίες που εμφανίζονται σε αυτήν την κάρτα,
ui_you_can_help_by_testing_new_builds_reporting_reproducible_5310461,,"You can help by testing new builds, reporting reproducible bugs, suggesting thoughtful improvements, helping with translations or documentation, sharing HKI 7 with other Home Assistant users, and giving constructive feedback.","Μπορείτε να βοηθήσετε δοκιμάζοντας νέες εκδόσεις, αναφέροντας αναπαραγώγιμα σφάλματα, προτείνοντας προσεκτικές βελτιώσεις, βοηθώντας με μεταφράσεις ή τεκμηρίωση, κοινοποιώντας το HKI 7 με άλλους χρήστες Home Assistant και δίνοντας εποικοδομητικά σχόλια.","don't translate Home Assistant, HKI 7"
ui_you_re_exploring_the_built_in_sample_home_63c2ad1,,You're exploring the built-in sample home,Εξερευνάτε το ενσωματωμένο δείγμα σπιτιού,
ui_your_automations_and_devices_will_be_unavailable_briefly_h_8a8572e,,Your automations and devices will be unavailable briefly. HKI7 will reconnect automatically when Home Assistant is ready.,Οι αυτοματισμοί και οι συσκευές σας δεν θα είναι διαθέσιμα για λίγο. Το HKI7 θα επανασυνδεθεί αυτόματα όταν το Home Assistant είναι έτοιμο.,"don't translate Home Assistant, HKI7"
ui_your_dashboard_is_ready_0719f75,,Your dashboard is ready,Ο πίνακας ελέγχου σας είναι έτοιμος,
ui_your_home_72412fa,,Your home,Το σπίτι σας,
ui_your_location_is_shared_only_with_your_own_home_c75bd6d,,Your location is shared only with your own Home Assistant server. It is ,Η τοποθεσία σας κοινοποιείται μόνο με τον δικό σας διακομιστή Home Assistant. Είναι,don't translate Home Assistant; keep the space at the start/end
logs_title,,Connection log,Ημερολόγιο σύνδεσης,
logs_subtitle,,What the app's connection to Home Assistant has been doing,Τι έκανε η σύνδεση της εφαρμογής με Home Assistant,don't translate Home Assistant
logs_empty,,Connection log,Ημερολόγιο σύνδεσης,
logs_empty_hint,,"Nothing logged yet. Connection attempts, reconnects, sync and subscriptions appear here as they happen.","Δεν έχει καταγραφεί τίποτα ακόμα. Οι προσπάθειες σύνδεσης, οι επανασυνδέσεις, ο συγχρονισμός και οι συνδρομές εμφανίζονται εδώ καθώς συμβαίνουν.",
logs_count,,Connection log (%1$d),Αρχείο καταγραφής σύνδεσης (%1$d),app fills in %1$d — keep them
logs_copy,,Copy the log,Αντιγράψτε το αρχείο καταγραφής,
logs_clear,,Clear the log,Διαγράψτε το αρχείο καταγραφής,
logs_show_all,,Show all %1$d,Εμφάνιση όλων των %1$d,app fills in %1$d — keep them
logs_show_less,,Show less,Δείξτε λιγότερα,
parcel_letter_count,one,%1$d letter,%1$d επιστολή,app fills in %1$d — keep them
parcel_letter_count,other,%1$d letters,%1$d γράμματα,app fills in %1$d — keep them
spacer_empty_button,,Empty button,Κενό κουμπί,
spacer_empty_button_description,,Transparent placeholder that only reserves space,Διαφανές σύμβολο κράτησης θέσης που κρατά μόνο χώρο,
spacer_add_empty_button,,Add empty button,Προσθήκη κενού κουμπιού,
popup_custom_popup,,Custom popup,Προσαρμοσμένο αναδυόμενο παράθυρο,
popup_choose,,Choose a popup,Επιλέξτε ένα αναδυόμενο παράθυρο,
popup_none_yet,,No popups yet,Δεν υπάρχουν ακόμα αναδυόμενα παράθυρα,
popup_new,,New popup,Νέο αναδυόμενο παράθυρο,
popup_default_name,,New popup,Νέο αναδυόμενο παράθυρο,
popup_name,,Popup name,Αναδυόμενο όνομα,
popup_edit_contents,,Edit contents,Επεξεργασία περιεχομένου,
popup_delete,,Delete popup,Διαγραφή αναδυόμενου παραθύρου,
popup_status_entity,,Status entity,Οντότητα κατάστασης,
popup_status_entity_hint,,Optional. Its state fills the dialog's status line and adds the history view.,Προαιρετικός. Η κατάστασή του γεμίζει τη γραμμή κατάστασης του διαλόγου και προσθέτει την προβολή ιστορικού.,
popup_settings_subtitle,,"Name, icon, and status entity","Όνομα, εικονίδιο και οντότητα κατάστασης",
popup_shared_hint,,Popups are shared: other buttons can open this same popup.,Τα αναδυόμενα παράθυρα είναι κοινόχρηστα: άλλα κουμπιά μπορούν να ανοίξουν το ίδιο αναδυόμενο παράθυρο.,
popup_empty,,This popup is empty. Tap Edit to add widgets.,Αυτό το αναδυόμενο παράθυρο είναι κενό. Πατήστε Επεξεργασία για να προσθέσετε γραφικά στοιχεία.,
popup_settings_title,,Popups,Αναδυόμενα παράθυρα,
popup_settings_subtitle_section,,Build and edit your custom popups,Δημιουργήστε και επεξεργαστείτε τα προσαρμοσμένα αναδυόμενα παράθυρά σας,
popup_settings_hint,,"Popups open from a button, badge, or dialog button set to the Custom popup action. Edit contents opens the popup itself so you can arrange its widgets.","Τα αναδυόμενα παράθυρα ανοίγουν από ένα κουμπί, ένα σήμα ή ένα κουμπί διαλόγου που έχει οριστεί στην ενέργεια Προσαρμοσμένο αναδυόμενο παράθυρο. Η επεξεργασία περιεχομένου ανοίγει το ίδιο το αναδυόμενο παράθυρο, ώστε να μπορείτε να τακτοποιήσετε τα γραφικά στοιχεία του.",
button_icon_only,,Icon only,Μόνο εικονίδιο,
button_icon_size,,Icon size,Μέγεθος εικονιδίου,
button_icon_size_description,,"Auto shrinks the icon as the stack gains columns, so it still fits a narrow button.","Αυτόματα συρρικνώνεται το εικονίδιο καθώς η στοίβα κερδίζει στήλες, επομένως εξακολουθεί να χωράει ένα στενό κουμπί.",
button_icon_size_auto,,Auto,Αυτο,
button_icon_size_value,,%1$d dp,%1$d dp,app fills in %1$d — keep them
stack_child_icon_only,,Icon only for every button,Εικονίδιο μόνο για κάθε κουμπί,
stack_child_icon_only_description,,"Applies to all buttons in this stack, so you don't have to set it on each one.","Ισχύει για όλα τα κουμπιά αυτής της στοίβας, επομένως δεν χρειάζεται να το ρυθμίσετε σε κάθε ένα.",
stack_child_icon_size,,Icon size for every button,Μέγεθος εικονιδίου για κάθε κουμπί,
button_icon_only_description,,"Hide the name and state, centering the icon on the button","Απόκρυψη του ονόματος και της κατάστασης, κεντράροντας το εικονίδιο στο κουμπί",
action_button,,Action button,Κουμπί δράσης,
action_button_description,,"A button without an entity: give it a name, an icon, and any action","Ένα κουμπί χωρίς οντότητα: δώστε του ένα όνομα, ένα εικονίδιο και οποιαδήποτε ενέργεια",
action_button_add,,Add action button,Κουμπί προσθήκης ενέργειας,
action_badge_add,,Add action badge,Προσθήκη σήματος δράσης,
security_entity_count,one,%1$d entity,%1$d οντότητα,app fills in %1$d — keep them
security_entity_count,other,%1$d entities,%1$d οντότητες,app fills in %1$d — keep them
family_permission_switch_dashboards,,Allow switching dashboards,Να επιτρέπεται η εναλλαγή των πινάκων εργαλείων,
family_permission_switch_dashboards_subtitle,,Let this person load another existing dashboard,Αφήστε αυτό το άτομο να φορτώσει έναν άλλο υπάρχοντα πίνακα ελέγχου,
family_permission_create_dashboards,,Allow creating dashboards,Να επιτρέπεται η δημιουργία πινάκων εργαλείων,
family_permission_create_dashboards_subtitle,,Let this person create or duplicate dashboards,Αφήστε αυτό το άτομο να δημιουργήσει ή να αντιγράψει πίνακες εργαλείων,
family_dashboard_tab_locked,,Locked by family permissions,Κλειδωμένο από οικογενειακές άδειες,
family_dashboard_access_lost_title,,Family access removed,Η οικογενειακή πρόσβαση καταργήθηκε,
family_dashboard_access_lost_message,,"You no longer have access to HKI 7 through this family dashboard. Choose another dashboard shared with you, or use any other option your family permissions allow.",Δεν έχετε πλέον πρόσβαση στο HKI 7 μέσω αυτού του οικογενειακού πίνακα ελέγχου. Επιλέξτε έναν άλλο κοινόχρηστο πίνακα ελέγχου με εσάς ή χρησιμοποιήστε οποιαδήποτε άλλη επιλογή επιτρέπουν τα οικογενειακά σας δικαιώματα.,don't translate HKI 7
family_access_manage,,Manage access,Διαχείριση πρόσβασης,
family_access_title,,Who can see %1$s,Ποιος μπορεί να δει %1$s,app fills in %1$s — keep them
family_access_description,,Add or remove people. Everyone you remove loses this dashboard the next time their app syncs.,Προσθήκη ή αφαίρεση ατόμων. Όλοι όσοι αφαιρείτε χάνουν αυτόν τον πίνακα ελέγχου την επόμενη φορά που θα συγχρονιστεί η εφαρμογή τους.,
family_access_shared_everyone,,Shared with everyone,Κοινή χρήση με όλους,
family_access_shared_nobody,,Shared with no one,Κοινή χρήση με κανέναν,
family_access_shared_with,,Shared with %1$s,Κοινή χρήση με %1$s,app fills in %1$s — keep them
family_access_unknown_user,,Unknown user,Άγνωστος χρήστης,
family_access_revoke_warning,,"Losing access deletes their copy of this dashboard, along with any colours, icons, and names they changed on it.","Η απώλεια πρόσβασης διαγράφει το αντίγραφο αυτού του πίνακα ελέγχου, μαζί με τυχόν χρώματα, εικονίδια και ονόματα που άλλαξαν σε αυτόν.",
family_versions_title,,HKI versions,Εκδόσεις HKI,
family_versions_description,,Which HKI build each family device is running. This device is on %1$s. A device appears once it has opened HKI 7 1.0.0-beta.18 or newer at least once.,Ποια κατασκευή HKI εκτελεί κάθε οικογενειακή συσκευή. Αυτή η συσκευή βρίσκεται στο %1$s. Μια συσκευή εμφανίζεται μόλις ανοίξει την HKI 7 1.0.0-beta.18 ή νεότερη τουλάχιστον μία φορά.,app fills in %1$s — keep them; don't translate HKI 7
family_versions_empty,,No family devices have reported a version yet.,Καμία οικογενειακή συσκευή δεν έχει αναφέρει ακόμη έκδοση.,
family_versions_loading,,Loading family devices…,Φόρτωση οικογενειακών συσκευών…,
family_versions_unavailable,,Home Assistant could not return the family device list. Check that HKI 7 Cloud is up to date.,Το Home Assistant δεν μπόρεσε να επιστρέψει τη λίστα οικογενειακών συσκευών. Ελέγξτε ότι το HKI 7 Cloud είναι ενημερωμένο.,"don't translate HKI 7 Cloud, Home Assistant"
family_versions_outdated,,Older than yours,Μεγαλύτερο από το δικό σου,
family_versions_android,,Android %1$s,Android %1$s,app fills in %1$s — keep them
family_versions_reported,,reported %1$s,ανέφερε %1$s,app fills in %1$s — keep them
family_versions_forget,,Forget this device,Ξεχάστε αυτή τη συσκευή,
family_versions_forget_hint,,Forgetting a device only clears it from this list. One that is still in use reappears the next time its app opens.,"Εάν ξεχάσετε μια συσκευή, διαγράφεται μόνο από αυτήν τη λίστα. Αυτό που εξακολουθεί να χρησιμοποιείται εμφανίζεται ξανά την επόμενη φορά που θα ανοίξει η εφαρμογή του.",
family_versions_nudge,,Ask to update to %1$s,Ζητήστε ενημέρωση σε %1$s,app fills in %1$s — keep them
family_versions_nudge_clear,,Cancel update request,Ακύρωση αιτήματος ενημέρωσης,
family_versions_nudge_pending,,Waiting for this device to update to %1$s. The request clears itself once it does.,Αναμονή για ενημέρωση αυτής της συσκευής σε %1$s. Το αίτημα διαγράφεται από μόνο του μόλις γίνει.,app fills in %1$s — keep them
family_require_title,,Require an HKI version,Απαιτείται έκδοση HKI,
family_require_description,,"Everyone below the version you require is asked to update before they can keep using HKI. Nothing here installs anything — Google Play does the update, so people are only ever held up when Play actually has it ready for them.","Όλοι όσοι βρίσκονται κάτω από την έκδοση που χρειάζεστε καλούνται να ενημερώσουν πριν συνεχίσουν να χρησιμοποιούν το HKI. Τίποτα εδώ δεν εγκαθιστά τίποτα — το Google Play κάνει την ενημέρωση, έτσι ώστε οι χρήστες να μένουν ανυπόμονοι μόνο όταν το Play το έχει πραγματικά έτοιμο για αυτούς.",
family_require_current,,Currently required: %1$s,Επί του παρόντος απαιτείται: %1$s,app fills in %1$s — keep them
family_require_set,,Require everyone to be on %1$s,Απαιτείται από όλους να είναι στο %1$s,app fills in %1$s — keep them
family_require_clear,,Clear the requirement,Διαγράψτε την απαίτηση,
family_require_hint,,"You can only require a version some device already runs, so a requirement can never be one nobody is able to install.","Μπορείτε να απαιτήσετε μόνο μια έκδοση που εκτελείται ήδη από κάποια συσκευή, επομένως μια απαίτηση δεν μπορεί ποτέ να είναι κάποια που κανείς δεν μπορεί να εγκαταστήσει.",
settings_extra_family_require_failed,,Could not change the required version. It has to be one a family device already runs.,Δεν ήταν δυνατή η αλλαγή της απαιτούμενης έκδοσης. Πρέπει να είναι μια οικογενειακή συσκευή που εκτελείται ήδη.,
settings_extra_family_nudge_failed,,Could not ask “%1$s” to update.,"Δεν ήταν δυνατή η ενημέρωση του ""%1$s"".",app fills in %1$s — keep them
app_update_required_title,,Time to update HKI,Ώρα να ενημερώσετε το HKI,
app_update_required_title_device,,This device needs an HKI update,Αυτή η συσκευή χρειάζεται ενημέρωση HKI,
app_update_required_message,,Your family is on HKI %1$s. This device is on %2$s.,Η οικογένειά σας βρίσκεται στο HKI %1$s. Αυτή η συσκευή βρίσκεται στο %2$s.,app fills in %1$s %2$s — keep them
app_update_required_checking,,Checking Google Play…,Έλεγχος του Google Play…,
app_update_required_update,,Update now,Ενημέρωση τώρα,
app_update_required_open_store,,Open HKI in the Play Store,Ανοίξτε το HKI στο Play Store,
app_update_required_opened_store,,"Google Play could not take over here, so its store page was opened instead.","Το Google Play δεν μπορούσε να αναλάβει εδώ, επομένως άνοιξε η σελίδα του καταστήματός του.",
app_update_required_unavailable,,"Google Play has no update ready for this device yet. That usually means the release hasn't reached you, or this copy of HKI didn't come from the Play Store.",Το Google Play δεν έχει ακόμη έτοιμη ενημέρωση για αυτήν τη συσκευή. Αυτό συνήθως σημαίνει ότι η κυκλοφορία δεν έχει φτάσει σε εσάς ή αυτό το αντίγραφο του HKI δεν προήλθε από το Play Store.,
app_update_required_continue,,Continue without updating,Συνέχεια χωρίς ενημέρωση,
settings_extra_active_instance,,Active instance,Ενεργό παράδειγμα,
settings_extra_automatic_cloud_backup_enabled,,Automatic cloud backup enabled.,Ενεργοποιήθηκε η αυτόματη δημιουργία αντιγράφων ασφαλείας cloud.,
settings_extra_background_restricted_warning,,Restricted — background sync will not work,Περιορισμένη — ο συγχρονισμός φόντου δεν θα λειτουργήσει,
settings_extra_backup_failed,,Backup failed: %1$s,Η δημιουργία αντιγράφων ασφαλείας απέτυχε: %1$s,app fills in %1$s — keep them
settings_extra_backup_unreadable,,The backup could not be read,Δεν ήταν δυνατή η ανάγνωση του αντιγράφου ασφαλείας,
settings_extra_battery_optimized_warning,,Optimized — may interrupt background sync,Βελτιστοποιημένο — μπορεί να διακόψει το συγχρονισμό φόντου,
settings_extra_buy_me_a_coffee_logo,,Buy Me a Coffee logo,Λογότυπο Buy Me a Coffee,
settings_extra_cloud_backup_created,,Cloud backup created.,Δημιουργήθηκε αντίγραφο ασφαλείας στο cloud.,
settings_extra_cloud_backup_failed,,Cloud backup failed: %1$s,Η δημιουργία αντιγράφων ασφαλείας στο cloud απέτυχε: %1$s,app fills in %1$s — keep them
settings_extra_cloud_component_missing,,"The HKI 7 Cloud component was not found on your Home Assistant. Install it through HACS, then try again.",Το στοιχείο HKI 7 Cloud δεν βρέθηκε στο Home Assistant σας. Εγκαταστήστε το μέσω HACS και δοκιμάστε ξανά.,"don't translate HKI 7 Cloud, Home Assistant"
settings_extra_copy_dashboard,,Copy %1$s,Αντιγραφή %1$s,app fills in %1$s — keep them
settings_extra_corner_modern,,Modern,Σύγχρονος,
settings_extra_corner_round,,Round,Γύρω,
settings_extra_corner_sharp,,Sharp,Αιχμηρός,
settings_extra_create_custom_page,,Create custom page,Δημιουργία προσαρμοσμένης σελίδας,
settings_extra_custom_page_identity_subtitle,,Identity and navigation appearance,Ταυτότητα και εμφάνιση πλοήγησης,
settings_extra_dashboard_backup_saved,,Dashboard backup saved.,Το αντίγραφο ασφαλείας του πίνακα ελέγχου αποθηκεύτηκε.,
settings_extra_dashboard_copy_name,,%1$s copy,%1$s αντίγραφο,app fills in %1$s — keep them
settings_extra_dashboard_default_name,,Dashboard %1$d,Ταμπλό %1$d,app fills in %1$d — keep them
settings_extra_new_dashboard_confirm_body,,This adds a dashboard alongside the one you are using. Your current dashboard is kept exactly as it is and is never overwritten — you can switch between them at any time.,Αυτό προσθέτει έναν πίνακα ελέγχου δίπλα σε αυτόν που χρησιμοποιείτε. Ο τρέχων πίνακας εργαλείων σας διατηρείται ακριβώς όπως είναι και δεν αντικαθίσταται ποτέ — μπορείτε να κάνετε εναλλαγή μεταξύ τους ανά πάσα στιγμή.,
settings_extra_new_dashboard_confirm_action,,Continue,Συνεχίζω,
settings_extra_new_dashboard_created,,Created “%1$s”,"Δημιουργήθηκε το ""%1$s""",app fills in %1$s — keep them
uif_onboarding_shared_already_added,,Already added,Προστέθηκε ήδη,
settings_extra_dashboard_shared_badge,,Shared,Κοινή χρήση,
settings_extra_dashboard_shared_subtitle,,Shared with you by your family. Tap to load,Μοιράστηκε μαζί σας από την οικογένειά σας. Πατήστε για φόρτωση,
settings_extra_dashboard_shared_loaded,,Shared with you by your family. Currently loaded,Μοιράστηκε μαζί σας από την οικογένειά σας. Φορτώνεται αυτήν τη στιγμή,
settings_extra_dashboard_generating,,Your new dashboard is being generated automatically.,Ο νέος σας πίνακας εργαλείων δημιουργείται αυτόματα.,
settings_extra_dashboard_mode_auto,,Automatic,Αυτόματο,
settings_extra_dashboard_mode_manual,,Manual,Εγχειρίδιο,
settings_extra_dashboard_restored,,Dashboard configuration restored.,Αποκαταστάθηκε η διαμόρφωση του πίνακα ελέγχου.,
settings_extra_dashboard_shared,,“%1$s” shared.,"Κοινή χρήση του ""%1$s"".",app fills in %1$s — keep them
settings_extra_dashboard_sharing_failed,,Could not share the dashboard.,Δεν ήταν δυνατή η κοινή χρήση του πίνακα ελέγχου.,
settings_extra_default_user_name,,User,Μεταχειριζόμενος,
settings_extra_delete_dashboard,,Delete %1$s,Διαγραφή %1$s,app fills in %1$s — keep them
settings_extra_device_tracker,,Device tracker,Παρακολούθηση συσκευής,
settings_extra_device_tracker_subtitle,,"Name used for location, geocoded location, battery, and charging entities","Όνομα που χρησιμοποιείται για τοποθεσία, γεωκωδικοποιημένη τοποθεσία, μπαταρία και οντότητες φόρτισης",
settings_extra_drive_access_token_missing,,Google Drive authorization did not return an access token.,Η εξουσιοδότηση Google Drive δεν επέστρεψε διακριτικό πρόσβασης.,don't translate Google Drive
settings_extra_drive_authorization_cancelled,,Google Drive authorization was cancelled.,Η εξουσιοδότηση Google Drive ακυρώθηκε.,don't translate Google Drive
settings_extra_drive_authorization_failed,,Google Drive authorization failed: %1$s,Η εξουσιοδότηση Google Drive απέτυχε: %1$s,app fills in %1$s — keep them; don't translate Google Drive
settings_extra_drive_authorization_open_failed,,Google Drive authorization could not be opened.,Η εξουσιοδότηση Google Drive δεν ήταν δυνατό να ανοίξει.,don't translate Google Drive
settings_extra_drive_backups_load_failed,,Could not load Google Drive backups: %1$s,Δεν ήταν δυνατή η φόρτωση των αντιγράφων ασφαλείας Google Drive: %1$s,app fills in %1$s — keep them; don't translate Google Drive
settings_extra_edit_custom_page,,Edit custom page,Επεξεργασία προσαρμοσμένης σελίδας,
settings_extra_effect_glow,,Glow,Λάμψη,
settings_extra_effect_group_alerts,,Sensors and alarms,Αισθητήρες και συναγερμοί,
settings_extra_effect_group_climate,,Climate and humidity,Κλίμα και υγρασία,
settings_extra_effect_group_fans,,Fans and vacuums,Ανεμιστήρες και ηλεκτρικές σκούπες,
settings_extra_effect_group_lights,,Lights and switches,Φώτα και διακόπτες,
settings_extra_effect_group_media,,Media players,Media player,
settings_extra_effect_group_other,,Everything else,Όλα τα άλλα,
settings_extra_effect_none,,None,Κανένας,
settings_extra_effect_pulse,,Pulse,Σφυγμός,
settings_extra_effect_spin,,Spin,Γνέθω,
settings_extra_empty_dashboard_created,,An empty dashboard was created.,Δημιουργήθηκε ένας κενός πίνακας εργαλείων.,
settings_extra_font_atkinson,,Atkinson Hyperlegible,Atkinson Υπεραναγνώσιμο,
settings_extra_font_bree_serif,,Bree Serif,Μπρι Σερίφ,
settings_extra_font_comfortaa,,Comfortaa,Άνεση,
settings_extra_font_cursive,,Cursive,Ρέων,
settings_extra_font_default,,Default,Αθέτηση,
settings_extra_font_monospace,,Monospace,Μονοδιάστημα,
settings_extra_font_nunito,,Nunito,Νουνίτο,
settings_extra_font_patrick_hand,,Patrick Hand,Πάτρικ Χαντ,
settings_extra_font_sans_serif,,Sans serif,Sans serif,
settings_extra_font_serif,,Serif,Ελαφρή γραμμή,
settings_extra_font_space_grotesk,,Space Grotesk,Διαστημικό Γκρότεσκ,
settings_extra_ha_backup_created,,Home Assistant backup created.,Δημιουργήθηκε αντίγραφο ασφαλείας Home Assistant.,don't translate Home Assistant
settings_extra_ha_backup_enabled,,Home Assistant backup enabled.,Η δημιουργία αντιγράφων ασφαλείας Home Assistant ενεργοποιήθηκε.,don't translate Home Assistant
settings_extra_ha_backup_failed,,Home Assistant backup failed. Is the HKI 7 Cloud component reachable?,Η δημιουργία αντιγράφων ασφαλείας Home Assistant απέτυχε. Είναι προσβάσιμο το στοιχείο HKI 7 Cloud;,"don't translate HKI 7 Cloud, Home Assistant"
settings_extra_ha_backups_load_failed,,Could not load Home Assistant backups: %1$s,Δεν ήταν δυνατή η φόρτωση των αντιγράφων ασφαλείας Home Assistant: %1$s,app fills in %1$s — keep them; don't translate Home Assistant
settings_extra_hide_tab,,Hide tab,Απόκρυψη καρτέλας,
settings_extra_hki_cloud_step_add_integration,,"Go to Settings → Devices & Services → Add Integration, choose “HKI 7 Cloud,” and confirm.","Μεταβείτε στις Ρυθμίσεις → Συσκευές και υπηρεσίες → Προσθήκη ενοποίησης, επιλέξτε «HKI 7 Cloud» και επιβεβαιώστε.",don't translate HKI 7 Cloud
settings_extra_hki_cloud_step_add_repository,,"Paste %1$s, choose the “Integration” category, and add it.","Επικολλήστε %1$s, επιλέξτε την κατηγορία ""Integration"" και προσθέστε την.",app fills in %1$s — keep them
settings_extra_hki_cloud_step_install,,"Open the new “HKI 7 Cloud” entry, install it, and restart Home Assistant.","Ανοίξτε τη νέα καταχώρηση ""HKI 7 Cloud"", εγκαταστήστε την και επανεκκινήστε το Home Assistant.","don't translate HKI 7 Cloud, Home Assistant"
settings_extra_hki_cloud_step_open_custom_repositories,,"In Home Assistant, open HACS → the ⋮ menu in the top-right → Custom repositories.","Στο Home Assistant, ανοίξτε το HACS → το μενού ⋮ στην επάνω δεξιά γωνία → Προσαρμοσμένα αποθετήρια.",don't translate Home Assistant
settings_extra_hki_cloud_step_reopen,,Reopen this screen. The features will appear automatically.,Ανοίξτε ξανά αυτήν την οθόνη. Τα χαρακτηριστικά θα εμφανιστούν αυτόματα.,
settings_extra_hki_cloud_version,,HKI 7 Cloud v%1$s installed,Εγκαταστάθηκε HKI 7 Cloud v%1$s,app fills in %1$s — keep them; don't translate HKI 7 Cloud
settings_extra_hki_cloud_version_unknown,,HKI 7 Cloud installed (update to see its version),Εγκατεστημένο HKI 7 Cloud (ενημέρωση για να δείτε την έκδοσή του),don't translate HKI 7 Cloud
settings_extra_hki_cloud_update_to_unlock,,Update to unlock:,Ενημέρωση για ξεκλείδωμα:,
settings_extra_hki_cloud_feature_requires,,%1$s (needs v%2$s+),%1$s (χρειάζεται v%2$s+),app fills in %1$s %2$s — keep them
settings_extra_hki_cloud_feature_reimport,,Manually re-importing or clearing dashboard view data,Μη αυτόματη επανεισαγωγή ή εκκαθάριση δεδομένων προβολής πίνακα εργαλείων,
settings_extra_hki_cloud_feature_search_lists,,Per-person Visible/Invisible global search lists,Καθολικές λίστες αναζήτησης Ορατές/Αόρατες ανά άτομο,
settings_extra_hki_cloud_feature_room_follow,,Room following,Ακολουθεί δωμάτιο,
settings_extra_hki_cloud_feature_room_follow_launch_only,,"Room following: only place someone on launch, without tracking further moves","Ακολουθεί δωμάτιο: τοποθετήστε μόνο κάποιον κατά την εκτόξευση, χωρίς να παρακολουθείτε περαιτέρω κινήσεις",
settings_extra_hki_cloud_feature_devices,,Seeing which HKI version each family device runs,Βλέποντας ποια έκδοση HKI τρέχει κάθε οικογενειακή συσκευή,
settings_extra_hki_cloud_feature_required_version,,Requiring the family to update to a given HKI version,Απαιτείται η ενημέρωση της οικογένειας σε μια δεδομένη έκδοση HKI,
settings_extra_hki_cloud_feature_events,,"The event timeline, and hiding parts of it from individual people",Το χρονοδιάγραμμα του συμβάντος και η απόκρυψη τμημάτων του από μεμονωμένα άτομα,
settings_extra_hki_cloud_tab_requires,,"Needs HKI 7 Cloud v%1$s or newer. Update the component in HACS — until then, what you set here won't take effect.","Απαιτείται HKI 7 Cloud v%1$s ή νεότερη έκδοση. Ενημερώστε το στοιχείο στο HACS — μέχρι τότε, αυτό που ορίζετε εδώ δεν θα τεθεί σε ισχύ.",app fills in %1$s — keep them; don't translate HKI 7 Cloud
settings_extra_location_allowed_always,,Allowed all the time,Επιτρέπεται όλη την ώρα,
settings_extra_location_allowed_foreground,,Allowed only while using the app,Επιτρέπεται μόνο κατά τη χρήση της εφαρμογής,
settings_extra_location_not_allowed,,Not allowed,Δεν επιτρέπεται,
language_search_placeholder,,Search languages,Αναζήτηση γλωσσών,
language_search_no_matches,,No language matches “%1$s”,"Καμία γλώσσα δεν ταιριάζει με το ""%1$s""",app fills in %1$s — keep them
settings_extra_language_dutch,,Nederlands,Ολλανδία,
settings_extra_language_english,,English,αγγλικός,
settings_extra_language_french,,Français,Français,
settings_extra_language_german,,Deutsch,Deutsch,
settings_extra_language_italian,,Italiano,ιταλικό,
settings_extra_language_spanish,,Español,Español,
settings_extra_language_turkish,,Türkçe,Türkçe,
settings_extra_language_portuguese,,Português,Πορτογάλοι,
settings_extra_language_portuguese_brazil,,Português (Brasil),Πορτογαλία (Βραζιλία),
settings_extra_language_spanish_latam,,Español (Latinoamérica),Español (Λατινική Αμερική),
settings_extra_language_japanese,,日本語,日本語,
settings_extra_language_korean,,한국어,한국어,
settings_extra_language_chinese_simplified,,中文（简体）,中文 (简体),
settings_extra_language_chinese_traditional,,中文（繁體）,中文 (繁體),
settings_extra_no_drive_backups,,No Google Drive backups were found.,Δεν βρέθηκαν αντίγραφα ασφαλείας Google Drive.,don't translate Google Drive
settings_extra_no_ha_backups,,No Home Assistant backups were found. Is the HKI 7 Cloud component installed?,Δεν βρέθηκαν αντίγραφα ασφαλείας Home Assistant. Είναι εγκατεστημένο το στοιχείο HKI 7 Cloud;,"don't translate HKI 7 Cloud, Home Assistant"
settings_extra_notifications_multi_home_required,,Required while multiple homes receive notifications. Manage each home under Connection.,Απαιτείται όταν πολλά σπίτια λαμβάνουν ειδοποιήσεις. Διαχειριστείτε κάθε σπίτι κάτω από τη Σύνδεση.,
settings_extra_notifications_persistent_connection,,Keeps a persistent connection to Home Assistant while the app is closed. This uses more battery.,Διατηρεί μια μόνιμη σύνδεση με Home Assistant ενώ η εφαρμογή είναι κλειστή. Αυτό χρησιμοποιεί περισσότερη μπαταρία.,don't translate Home Assistant
settings_extra_paypal_logo,,PayPal logo,Λογότυπο PayPal,
settings_extra_policy_update_failed,,Could not update the policy.,Δεν ήταν δυνατή η ενημέρωση της πολιτικής.,
settings_extra_policy_needs_component_update,,Permissions saved. Update HKI 7 Cloud to also store the Visible and Invisible lists.,Τα δικαιώματα αποθηκεύτηκαν. Ενημερώστε το HKI 7 Cloud για να αποθηκεύσετε επίσης τις λίστες Visible και Invisible.,don't translate HKI 7 Cloud
settings_extra_policy_needs_component_update_room_follow,,Permissions saved. Update HKI 7 Cloud to also store the room following settings.,Τα δικαιώματα αποθηκεύτηκαν. Ενημερώστε το HKI 7 Cloud για να αποθηκεύσετε επίσης τις ακόλουθες ρυθμίσεις του δωματίου.,don't translate HKI 7 Cloud
settings_extra_policy_needs_component_update_events,,"Permissions saved, but this HKI 7 Cloud is too old to hide events from this person — they would see the whole timeline. Update it to apply the restriction.","Τα δικαιώματα αποθηκεύτηκαν, αλλά αυτό το HKI 7 Cloud είναι πολύ παλιό για να κρύψει συμβάντα από αυτό το άτομο — θα έβλεπε ολόκληρο το χρονοδιάγραμμα. Ενημερώστε το για να εφαρμόσετε τον περιορισμό.",don't translate HKI 7 Cloud
settings_extra_tab_presence,,Presence,Παρουσία,
settings_extra_tab_events,,Events,Εκδηλώσεις,
settings_extra_events_title,,Event timeline,Χρονοδιάγραμμα εκδήλωσης,
settings_extra_events_description,,"Choose which entities the family sees recent activity for, in the Events tab of the notification drawer. Set once here rather than on each phone. This hides the timeline, not the entities — anyone signed in to Home Assistant can still read them there.","Επιλέξτε ποιες οντότητες βλέπει η οικογένεια την πρόσφατη δραστηριότητα, στην καρτέλα Συμβάντα του συρταριού ειδοποιήσεων. Ρυθμίστε μία φορά εδώ και όχι σε κάθε τηλέφωνο. Αυτό αποκρύπτει το χρονοδιάγραμμα, όχι τις οντότητες — οποιοσδήποτε είναι συνδεδεμένος στο Home Assistant μπορεί ακόμα να τα διαβάσει εκεί.",don't translate Home Assistant
settings_extra_events_loading,,Loading the roster…,Φόρτωση του ρόστερ…,
settings_extra_events_unavailable,,Could not read the roster from HKI 7 Cloud.,Δεν ήταν δυνατή η ανάγνωση του ρόστερ από HKI 7 Cloud.,don't translate HKI 7 Cloud
settings_extra_events_empty,,No entities are being tracked yet.,Δεν παρακολουθούνται ακόμη οντότητες.,
settings_extra_events_choose,,Choose entities,Επιλέξτε οντότητες,
settings_extra_events_edit,,Edit entities,Επεξεργασία οντοτήτων,
settings_extra_events_pick_title,,Entities to show events for,Οντότητες για την εμφάνιση συμβάντων,
settings_extra_events_save_failed,,Could not save the event roster.,Δεν ήταν δυνατή η αποθήκευση του ρόστερ της εκδήλωσης.,
settings_extra_events_capped,,Saved %1$d entities and %2$d domains. The timeline roster is capped.,Αποθηκευμένες οντότητες %1$d και τομείς %2$d. Το ρόστερ του χρονοδιαγράμματος είναι περιορισμένο.,app fills in %1$d %2$d — keep them
settings_extra_events_whole_domain,,All %1$s (%2$d entities),Όλες οι %1$s (%2$d οντότητες),app fills in %1$s %2$d — keep them
settings_extra_events_resolved_capped,,"This roster covers %2$d entities, but a timeline subscribes to at most %1$d. Remove a domain, or add entities by name instead.","Αυτό το ρόστερ καλύπτει %2$d οντότητες, αλλά ένα χρονοδιάγραμμα εγγράφεται το πολύ σε %1$d. Καταργήστε έναν τομέα ή προσθέστε οντότητες με όνομα.",app fills in %2$d %1$d — keep them
settings_extra_events_per_person_title,,Who sees what,Ποιος βλέπει τι,
settings_extra_events_per_person_description,,Everyone sees the whole timeline unless you take something out of it for them.,"Όλοι βλέπουν ολόκληρο το χρονοδιάγραμμα, εκτός αν τους αφαιρέσετε κάτι από αυτό.",
settings_extra_events_sees_everything,,Sees the whole timeline,Βλέπει όλο το χρονοδιάγραμμα,
settings_extra_events_hidden_count,,%1$d hidden,%1$d κρυφό,app fills in %1$d — keep them
settings_extra_events_manage,,Manage,Διαχειρίζομαι,
settings_extra_events_hidden_title,,Hide from this person,Απόκρυψη από αυτό το άτομο,
settings_extra_events_notifications_hint,,"The Events tab in the notification drawer shows recent activity for the entities your family admin chose. It is set for the whole family in Family Sharing, not per device.","Η καρτέλα Συμβάντα στο συρτάρι ειδοποιήσεων εμφανίζει την πρόσφατη δραστηριότητα για τις οντότητες που επέλεξε ο διαχειριστής της οικογένειάς σας. Έχει οριστεί για όλη την οικογένεια στην Οικογενειακή κοινή χρήση, όχι ανά συσκευή.",
settings_extra_events_open_family_sharing,,Open Family Sharing,Ανοίξτε την Οικογενειακή κοινή χρήση,
settings_extra_room_follow_title,,Room following,Ακολουθεί δωμάτιο,
settings_extra_room_follow_description,,"Pick the room-presence sensor that tracks each person's phone, such as an ESPresense sensor. The app opens the room they are in and offers to follow them as they move.","Επιλέξτε τον αισθητήρα παρουσίας δωματίου που παρακολουθεί το τηλέφωνο κάθε ατόμου, όπως έναν αισθητήρα ESPresense. Η εφαρμογή ανοίγει το δωμάτιο στο οποίο βρίσκονται και προσφέρεται να τους ακολουθεί καθώς κινούνται.",
settings_extra_room_follow_sensor,,Presence sensor,Αισθητήρας παρουσίας,
settings_extra_room_follow_none,,No sensor,Χωρίς αισθητήρα,
settings_extra_room_follow_enabled,,Follow this person between rooms,Ακολουθήστε αυτό το άτομο ανάμεσα στα δωμάτια,
settings_extra_room_follow_open_on_launch,,Open their room when the app starts,Ανοίξτε το δωμάτιό τους όταν ξεκινήσει η εφαρμογή,
settings_extra_room_follow_continue_after_launch,,Keep following while the app is open,Συνεχίστε να παρακολουθείτε όσο είναι ανοιχτή η εφαρμογή,
settings_extra_room_follow_continue_after_launch_hint,,"Turn off to only place them in the right room when the app starts, without switching rooms again while they're using it.","Απενεργοποιήστε τα για να τα τοποθετήσετε μόνο στο σωστό δωμάτιο όταν ξεκινά η εφαρμογή, χωρίς να αλλάζετε ξανά δωμάτια ενώ τη χρησιμοποιούν.",
settings_extra_room_follow_prompt_on_move,,Ask before switching rooms,Ρωτήστε πριν αλλάξετε δωμάτιο,
settings_extra_room_follow_dwell,,Wait before a move counts,Περιμένετε πριν μετρήσει μια κίνηση,
settings_extra_room_follow_dwell_value,,%1$d s,%1$d s,app fills in %1$d — keep them
settings_extra_room_follow_dwell_hint,,Room-presence sensors drift between nearby rooms. A longer wait means fewer false moves.,Οι αισθητήρες παρουσίας δωματίου μετακινούνται μεταξύ κοντινών δωματίων. Μια μεγαλύτερη αναμονή σημαίνει λιγότερες ψευδείς κινήσεις.,
settings_extra_room_follow_rooms,,Sensor states,Καταστάσεις αισθητήρα,
settings_extra_room_follow_rooms_matched,,Matched automatically,Ταίριαξε αυτόματα,
settings_extra_room_follow_rooms_unmatched,,Pick a room,Διάλεξε ένα δωμάτιο,
settings_extra_room_follow_no_states,,No states seen yet. States appear here once the sensor reports them.,Δεν έχουν δει ακόμη πολιτείες. Οι καταστάσεις εμφανίζονται εδώ μόλις τις αναφέρει ο αισθητήρας.,
room_follow_moved_title,,You moved to %1$s,Μετακομίσατε στο %1$s,app fills in %1$s — keep them
room_follow_moved_message,,"Switch to that room, or stay where you are?",Μεταβείτε σε αυτό το δωμάτιο ή μείνετε εκεί που είστε;,
room_follow_moved_switch,,Switch,Διακόπτης,
room_follow_moved_stay,,Stay,Διαμονή,
room_follow_moved_silence,,Don't ask again until I restart the app,Μην ρωτήσετε ξανά μέχρι να επανεκκινήσω την εφαρμογή,
settings_extra_rename_dashboard,,Rename %1$s,Μετονομασία %1$s,app fills in %1$s — keep them
settings_extra_rename_instance,,Rename %1$s,Μετονομασία %1$s,app fills in %1$s — keep them
settings_extra_restart_home_assistant_failed,,Could not restart Home Assistant.,Δεν ήταν δυνατή η επανεκκίνηση του Home Assistant.,don't translate Home Assistant
settings_extra_restore_failed,,Restore failed: %1$s,Η επαναφορά απέτυχε: %1$s,app fills in %1$s — keep them
settings_extra_selected_file_open_failed,,Could not open the selected file,Δεν ήταν δυνατό το άνοιγμα του επιλεγμένου αρχείου,
settings_extra_set_dashboard_default,,Set %1$s as the default dashboard,Ορίστε το %1$s ως τον προεπιλεγμένο πίνακα εργαλείων,app fills in %1$s — keep them
settings_extra_family_device_forget_failed,,Could not forget “%1$s.”,"Δεν μπορώ να ξεχάσω το ""%1$s.""",app fills in %1$s — keep them
settings_extra_shared_dashboard_access_failed,,Could not change who can see “%1$s.”,"Δεν ήταν δυνατή η αλλαγή των ατόμων που μπορούν να δουν το ""%1$s.""",app fills in %1$s — keep them
settings_extra_shared_dashboard_access_updated,,Updated who can see “%1$s.”,"Ενημερώθηκε ποιος μπορεί να δει το ""%1$s.""",app fills in %1$s — keep them
settings_extra_shared_dashboard_delete_failed,,Could not delete “%1$s.”,"Δεν ήταν δυνατή η διαγραφή του ""%1$s.""",app fills in %1$s — keep them
settings_extra_shared_dashboard_deleted,,“%1$s” was deleted from the cloud.,"Το ""%1$s"" διαγράφηκε από το cloud.",app fills in %1$s — keep them
settings_extra_shared_dashboard_import_failed,,Could not import “%1$s.”,"Δεν ήταν δυνατή η εισαγωγή του ""%1$s.""",app fills in %1$s — keep them
settings_extra_shared_dashboard_imported,,“%1$s” was imported into your dashboards.,"Το ""%1$s"" εισήχθη στους πίνακες εργαλείων σας.",app fills in %1$s — keep them
settings_extra_shared_dashboard_now_using,,Now using “%1$s.”,"Τώρα χρησιμοποιείτε το ""%1$s.""",app fills in %1$s — keep them
settings_extra_shared_dashboard_use_failed,,Could not use “%1$s.”,"Δεν ήταν δυνατή η χρήση του ""%1$s.""",app fills in %1$s — keep them
settings_extra_shared_dashboards_up_to_date,,Shared dashboards are already up to date.,Οι κοινόχρηστοι πίνακες ελέγχου είναι ήδη ενημερωμένοι.,
settings_extra_show_tab,,Show tab,Εμφάνιση καρτέλας,
settings_extra_tab_dashboards,,Dashboards,Ταμπλό,
settings_extra_tab_devices,,Devices,Συσκευές,
settings_extra_tab_parental_controls,,Parental controls,Γονικός έλεγχος,
settings_extra_tab_permissions,,Permissions,Άδειες,
settings_extra_technology_kotlin,,Kotlin,Κότλιν,
settings_extra_technology_xml_kotlin_dsl,,XML and Kotlin DSL,XML και Kotlin DSL,
settings_extra_theme_amber,,Amber,Κεχριμπάρι,
settings_extra_theme_auto,,Auto,Αυτο,
settings_extra_theme_blue,,Blue,Μπλε,
settings_extra_theme_custom,,Custom,Εθιμο,
settings_extra_theme_dark,,Dark,Σκοτάδι,
settings_extra_theme_green,,Green,Πράσινος,
settings_extra_theme_light,,Light,Φως,
settings_extra_theme_rose,,Rose,Τριαντάφυλλο,
settings_extra_theme_system,,System,Σύστημα,
settings_extra_unknown_error,,Unknown error,Άγνωστο σφάλμα,
settings_extra_unrestricted_recommended,,Unrestricted (recommended),Χωρίς περιορισμούς (συνιστάται),
settings_extra_view_battery,,Battery,Μπαταρία,
settings_extra_view_climate,,Climate,Κλίμα,
settings_extra_view_energy,,Energy,Ενέργεια,
settings_extra_view_rooms,,Rooms,Δωμάτια,
settings_extra_view_security,,Security,Ασφάλεια,
settings_extra_minutes_ago,one,%1$d minute ago,%1$d πριν από ένα λεπτό,app fills in %1$d — keep them
settings_extra_minutes_ago,other,%1$d minutes ago,%1$d πριν από λεπτά,app fills in %1$d — keep them
settings_extra_hours_ago,one,%1$d hour ago,%1$d ώρα πριν,app fills in %1$d — keep them
settings_extra_hours_ago,other,%1$d hours ago,%1$d πριν από ώρες,app fills in %1$d — keep them
settings_extra_days_ago,one,%1$d day ago,%1$d πριν από ημέρα,app fills in %1$d — keep them
settings_extra_days_ago,other,%1$d days ago,%1$d πριν από ημέρες,app fills in %1$d — keep them
settings_extra_shared_dashboards_pushed,one,Pushed changes to %1$d shared dashboard.,Πραγματοποιήθηκαν αλλαγές στον κοινόχρηστο πίνακα ελέγχου %1$d.,app fills in %1$d — keep them
settings_extra_shared_dashboards_pushed,other,Pushed changes to %1$d shared dashboards.,Πραγματοποιήθηκαν αλλαγές στους κοινόχρηστους πίνακες ελέγχου %1$d.,app fills in %1$d — keep them
family_permission_reimport,,Allow re-importing,Να επιτρέπεται η επανεισαγωγή,
family_permission_reimport_subtitle,,"Let this person manually re-import or clear Rooms, Climate, Security, Energy, and Battery data","Επιτρέψτε σε αυτό το άτομο να εισαγάγει εκ νέου ή να διαγράφει δεδομένα Δωματίων, Κλίματος, Ασφάλειας, Ενέργειας και Μπαταρίας με μη αυτόματο τρόπο",
family_dashboard_create_disabled_reason,,Your family administrator has disabled dashboard creation. This account can only use family-shared dashboards.,Ο διαχειριστής της οικογένειάς σας έχει απενεργοποιήσει τη δημιουργία πίνακα ελέγχου. Αυτός ο λογαριασμός μπορεί να χρησιμοποιεί μόνο κοινόχρηστους πίνακες ελέγχου.,
family_dashboard_restore_disabled_reason,,"Your family administrator has disabled dashboard switching. Restoring a backup could replace the family dashboard, so this account can only select a shared dashboard.","Ο διαχειριστής της οικογένειάς σας έχει απενεργοποιήσει την εναλλαγή πίνακα ελέγχου. Η επαναφορά ενός αντιγράφου ασφαλείας θα μπορούσε να αντικαταστήσει τον οικογενειακό πίνακα ελέγχου, επομένως αυτός ο λογαριασμός μπορεί να επιλέξει μόνο έναν κοινόχρηστο πίνακα ελέγχου.",
family_settings_admin_only,,Locked — only a Home Assistant administrator can manage family sharing,Κλειδωμένο — μόνο ένας διαχειριστής Home Assistant μπορεί να διαχειριστεί την κοινή χρήση της οικογένειας,don't translate Home Assistant
family_aesthetics_only_explanation,,"Aesthetics-only access allows local names, icons, colors, backgrounds, card styles, shapes, sizes, and layout. Entities, actions, visibility rules, content, controls, and other behavior remain managed by the dashboard owner.","Η πρόσβαση μόνο για αισθητική επιτρέπει τοπικά ονόματα, εικονίδια, χρώματα, φόντο, στυλ καρτών, σχήματα, μεγέθη και διάταξη. Οι οντότητες, οι ενέργειες, οι κανόνες ορατότητας, το περιεχόμενο, τα στοιχεία ελέγχου και άλλες συμπεριφορές διαχειρίζονται από τον κάτοχο του πίνακα ελέγχου.",
parental_search_access_title,,Entity search access,Πρόσβαση αναζήτησης οντοτήτων,
parental_search_access_hint,,Choose which Home Assistant domains or individual entities this person can find in global search. Invisible selections always take precedence.,Επιλέξτε ποιους τομείς Home Assistant ή μεμονωμένες οντότητες μπορεί να βρει αυτό το άτομο στην καθολική αναζήτηση. Οι αόρατες επιλογές έχουν πάντα προτεραιότητα.,don't translate Home Assistant
parental_search_visible_title,,Visible,Ορατός,
parental_search_invisible_title,,Invisible,Αόρατος,
parental_search_visible_empty,,All entities are visible unless they appear in the Invisible list.,Όλες οι οντότητες είναι ορατές εκτός και αν εμφανίζονται στη λίστα Invisible.,
parental_search_invisible_empty,,No entities are explicitly hidden.,Καμία οντότητα δεν είναι ρητά κρυμμένη.,
parental_search_picker_subtitle,,Select entire domains or individual entities,Επιλέξτε ολόκληρους τομείς ή μεμονωμένες οντότητες,
parental_search_domains,,Domains,Τομείς,
parental_search_entire_domain,,Entire domain,Ολόκληρο το domain,
parental_search_domain_chip,,Domain: %1$s,Τομέας: %1$s,app fills in %1$s — keep them
ha_page_category,,Home Assistant,Home Assistant,don't translate Home Assistant
ha_page_category_subtitle,,Open your server's own pages without leaving HKI 7,Ανοίξτε τις σελίδες του διακομιστή σας χωρίς να φύγετε από HKI 7,don't translate HKI 7
ha_page_settings,,Home Assistant settings,ρυθμίσεις Home Assistant,don't translate Home Assistant
ha_page_settings_subtitle,,"Integrations, devices, areas and automations","Ενσωματώσεις, συσκευές, περιοχές και αυτοματισμοί",
ha_page_dev_tools,,Developer tools,Εργαλεία προγραμματιστών,
ha_page_dev_tools_subtitle,,"States, services, templates and events","Πολιτεία, υπηρεσίες, πρότυπα και εκδηλώσεις",
ha_page_hacs,,HACS,HACS,
ha_page_hacs_subtitle,,Community integrations and frontend add-ons,Ενσωματώσεις κοινότητας και πρόσθετα frontend,
ha_page_no_server,,Connect to a Home Assistant server first.,Συνδεθείτε πρώτα σε έναν διακομιστή Home Assistant.,don't translate Home Assistant
ha_page_reload,,Reload,Γεμίζω πάλι,
ha_page_open_browser,,Open in browser,Άνοιγμα στο πρόγραμμα περιήγησης,
ha_page_session_failed,,Could not start the embedded Home Assistant session. Reload the page or open it in your browser.,Δεν ήταν δυνατή η έναρξη της ενσωματωμένης περιόδου λειτουργίας Home Assistant. Φορτώστε ξανά τη σελίδα ή ανοίξτε την στο πρόγραμμα περιήγησής σας.,don't translate Home Assistant
update_channel_name,,App updates,Ενημερώσεις εφαρμογών,
update_channel_description,,Tells you when a newer version of HKI 7 has been released,Σας ενημερώνει πότε έχει κυκλοφορήσει μια νεότερη έκδοση του HKI 7,don't translate HKI 7
update_available_title,,HKI 7 %1$s is available,HKI 7 %1$s είναι διαθέσιμο,app fills in %1$s — keep them; don't translate HKI 7
update_available_body,,Tap to see what changed and update,Πατήστε για να δείτε τι άλλαξε και να ενημερώσετε,
update_title,,App updates,Ενημερώσεις εφαρμογών,
update_subtitle_checking,,Checking for a newer version…,Έλεγχος για νεότερη έκδοση…,
update_subtitle_current,,You are on the latest version,Βρίσκεστε στην πιο πρόσφατη έκδοση,
update_subtitle_available,,Version %1$s is available,Η έκδοση %1$s είναι διαθέσιμη,app fills in %1$s — keep them
update_check_now,,Check for updates,Ελέγξτε για ενημερώσεις,
update_now,,Update now,Ενημέρωση τώρα,
update_see_changes,,See what changed,Δείτε τι άλλαξε,
update_watch_releases,,Tell me about new releases,Πες μου για νέες κυκλοφορίες,
update_watch_releases_subtitle,,Checks GitHub once a day and notifies you when a newer version is published,Ελέγχει το GitHub μία φορά την ημέρα και σας ειδοποιεί όταν δημοσιεύεται μια νεότερη έκδοση,
uif_a_state,,a state,ένα κράτος,
uif_a_time,,a time,μια φορά,
uif_actions,,Actions,Δράσεις,
uif_active,,Active,Ενεργός,
uif_adaptive,,Adaptive,Προσαρμοστικό,
uif_advanced,,Advanced,Προχωρημένος,
uif_air_quality,,Air quality,Ποιότητα αέρα,
uif_alarm,,Alarm,Τρομάζω,
uif_alarms,,Alarms,Συναγερμός,
uif_allow,,Allow,Επιτρέπω,
uif_allow_all_the_time,,Allow all the time,Αφήστε όλη την ώρα,
uif_and_separator,,\u0020and\u0020,\\u0020και\\u0020,
uif_appearance,,Appearance,Εμφάνιση,
uif_aqi,,AQI,AQI,
uif_auto,,Auto,Αυτο,
uif_back,,Back,Πίσω,
uif_beep,,Beep,Μπιπ,
uif_brightness,,Brightness,Λάμψη,
uif_bucket,,Bucket,Κάδος,
uif_choose_action,,Choose action,Επιλέξτε δράση,
uif_choose_entity,,Choose entity,Επιλέξτε οντότητα,
uif_choose_target,,Choose target,Επιλέξτε στόχο,
uif_circle,,Circle,Κύκλος,
uif_color,,Color,Χρώμα,
uif_date,,Date,Ημερομηνία,
uif_date_and_time,,Date and time,Ημερομηνία και ώρα,
uif_defrost,,Defrost,Αφαιρώ,
uif_devices_on,,Devices on,Συσκευές ενεργοποιημένες,
uif_direction_east_short,,E,μι,
uif_direction_north_short,,N,Ν,
uif_direction_northeast_short,,NE,ΒΑ,
uif_direction_northwest_short,,NW,ΒΔ,
uif_direction_south_short,,S,μικρό,
uif_direction_southeast_short,,SE,SE,
uif_direction_southwest_short,,SW,ΝΔ,
uif_direction_west_short,,W,W,
uif_display,,Display,Επίδειξη,
uif_edit,,Edit,Εκδίδω,
uif_enable,,Enable,Καθιστώ ικανό,
uif_enable_location,,Enable location,Ενεργοποίηση τοποθεσίας,
uif_enabled,,Enabled,Ενεργοποιημένο,
uif_entities,,Entities,Οντότητες,
uif_error,,Error,Σφάλμα,
uif_fan_speed,,Fan speed,Ταχύτητα ανεμιστήρα,
uif_feels_like_temperature,,Feels like %1$d°,Αισθάνεται σαν %1$d°,app fills in %1$d — keep them
uif_filter,,Filter,Φίλτρο,
uif_fire,,Fire,Φωτιά,
uif_flow_actions_available,,Actions available in Home Assistant,Διαθέσιμες ενέργειες σε Home Assistant,don't translate Home Assistant
uif_flow_actions_load_failed,,Could not load Home Assistant actions,Δεν ήταν δυνατή η φόρτωση των ενεργειών Home Assistant,don't translate Home Assistant
uif_flow_advanced_block_unchanged,,Advanced block (kept unchanged),Προηγμένο μπλοκ (διατηρήθηκε αμετάβλητο),
uif_flow_after_format,,After (HH:MM:SS),Μετά (ΩΩ:ΛΛ:ΔΔ),
uif_flow_after_time,,after %1$s,μετά %1$s,app fills in %1$s — keep them
uif_flow_at_time,,At %1$s,Στο %1$s,app fills in %1$s — keep them
uif_flow_automation_delete_failed,,Could not delete this automation,Δεν ήταν δυνατή η διαγραφή αυτού του αυτοματισμού,
uif_flow_automation_deleted,,Deleted from Home Assistant,Διαγράφηκε από Home Assistant,don't translate Home Assistant
uif_flow_automation_load_failed,,Could not load this automation,Δεν ήταν δυνατή η φόρτωση αυτού του αυτοματισμού,
uif_flow_automation_save_failed,,Could not save this automation,Δεν ήταν δυνατή η αποθήκευση αυτού του αυτοματισμού,
uif_flow_automation_saved,,Saved and loaded in Home Assistant,Αποθηκεύτηκε και φορτώθηκε στο Home Assistant,don't translate Home Assistant
uif_flow_before_format,,Before (HH:MM:SS),Πριν (ΩΩ:ΛΛ:ΔΔ),
uif_flow_before_time,,before %1$s,πριν από %1$s,app fills in %1$s — keep them
uif_flow_domain_actions_first,,%1$s actions are shown first,Οι ενέργειες %1$s εμφανίζονται πρώτα,app fills in %1$s — keep them
uif_flow_entity_becomes_state,,%1$s becomes %2$s,Το %1$s γίνεται %2$s,app fills in %1$s %2$s — keep them
uif_flow_entity_is_state,,%1$s is %2$s,%1$s είναι %2$s,app fills in %1$s %2$s — keep them
uif_flow_entity_state,,Entity state,Κράτος οντότητας,
uif_flow_ha_action,,Home Assistant action,Δράση Home Assistant,don't translate Home Assistant
uif_flow_mode_parallel,,Parallel,Παράλληλο,
uif_flow_mode_parallel_description,,Start every trigger as a separate run at the same time.,Ξεκινήστε κάθε σκανδάλη ως ξεχωριστή εκτέλεση ταυτόχρονα.,
uif_flow_mode_queued,,Queued,Σε ουρά,
uif_flow_mode_queued_description,,"Wait, then run each trigger in the order it arrived.","Περιμένετε και, στη συνέχεια, εκτελέστε κάθε σκανδάλη με τη σειρά που έφτασε.",
uif_flow_mode_restart,,Restart,Επανεκκίνηση,
uif_flow_mode_restart_description,,Stop the current run and start again when conditions still pass.,Σταματήστε την τρέχουσα εκτέλεση και ξεκινήστε ξανά όταν εξακολουθούν να περάσουν οι συνθήκες.,
uif_flow_mode_single,,Single,Μονόκλινο,
uif_flow_mode_single_description,,Ignore a new trigger while this flow is still running.,Αγνοήστε έναν νέο κανόνα ετικέτας ενώ αυτή η ροή εξακολουθεί να εκτελείται.,
uif_flow_perform_ha_action,,Perform a Home Assistant action,Εκτελέστε μια ενέργεια Home Assistant,don't translate Home Assistant
uif_flow_section_and_if,,And if,Και αν,
uif_flow_section_then,,Then,Τότε,
uif_flow_section_when,,When,Οταν,
uif_flow_sun_event,,Sun event,Εκδήλωση του ήλιου,
uif_flow_sunrise_or_sunset,,Sunrise or sunset,Ανατολή ή δύση του ηλίου,
uif_flow_time_format,,Time (HH:MM:SS),Ώρα (ΩΩ: ΜΛ: ΔΔ),
uif_flow_time_window,,Time window,Χρονικό παράθυρο,
uif_flow_group_any,,Any of these,Οποιοδήποτε από αυτά,
uif_flow_group_all,,All of these,Όλα αυτά,
uif_flow_group_none,,None of these,Κανένα από αυτά,
uif_flow_group_empty,,Empty — open it to add conditions,Άδειο — ανοίξτε το για να προσθέσετε συνθήκες,
uif_flow_group_open,,Open group,Άνοιγμα ομάδας,
uif_flow_group_back,,Back,Πίσω,
uif_flow_group_count,one,%1$d condition inside,%1$d κατάσταση μέσα,app fills in %1$d — keep them
uif_flow_group_count,other,%1$d conditions inside,%1$d συνθήκες εντός,app fills in %1$d — keep them
uif_flow_within_time_window,,Within a time window,Μέσα σε ένα χρονικό παράθυρο,
uif_full,,Full,Γεμάτος,
uif_gas,,Gas,Αέριο,
uif_glow,,Glow,Λάμψη,
uif_half,,Half,Ήμισυ,
uif_header_pill,,Header pill,Χάπι κεφαλίδας,
uif_hold,,Hold,Αμπάρι,
uif_humidity,,Humidity,Υγρασία,
uif_ionizer,,Ionizer,Ιονιστής,
uif_lights_on,,Lights on,Φώτα αναμμένα,
uif_local_network_access,,Local network access,Πρόσβαση σε τοπικό δίκτυο,
uif_local_network_access_description,,Allows HKI 7 to find and connect directly to Home Assistant on your Wi-Fi network.,Επιτρέπει στον HKI 7 να βρει και να συνδεθεί απευθείας στο Home Assistant στο δίκτυό σας Wi-Fi.,"don't translate Home Assistant, HKI 7"
uif_mode_auto,,Auto,Αυτο,
uif_mode_away,,Away,Μακριά,
uif_mode_baby,,Baby,Μωρό,
uif_mode_boost,,Boost,Ωθηση,
uif_mode_clothes,,Clothes,Ρούχα,
uif_mode_comfort,,Comfort,Ανεση,
uif_mode_continuous,,Continuous,Συνεχής,
uif_mode_dry,,Dry,Ξηρός,
uif_mode_eco,,Eco,Eco,
uif_mode_high,,High,Ψηλά,
uif_mode_home,,Home,Σπίτι,
uif_mode_laundry,,Laundry,Πλυντήριο,
uif_mode_low,,Low,Χαμηλός,
uif_mode_manual,,Manual,Εγχειρίδιο,
uif_mode_medium,,Medium,Μέσον,
uif_mode_normal,,Normal,Κανονικός,
uif_mode_purify,,Purify,Καθαρίζω,
uif_mode_quiet,,Quiet,Ησυχία,
uif_mode_sleep,,Sleep,Υπνος,
uif_moon,,Moon,Φεγγάρι,
uif_moon_phase_first_quarter,,First quarter,Πρώτο τρίμηνο,
uif_moon_phase_full,,Full moon,Πανσέληνος,
uif_moon_phase_last_quarter,,Last quarter,Τελευταίο τρίμηνο,
uif_moon_phase_new,,New moon,Νέα Σελήνη,
uif_moon_phase_waning_crescent,,Waning crescent,Ημισέληνος που φθίνει,
uif_moon_phase_waning_gibbous,,Waning gibbous,Αδυνάτισμα,
uif_moon_phase_waxing_crescent,,Waxing crescent,Ημισέληνος με κερί,
uif_moon_phase_waxing_gibbous,,Waxing gibbous,Αποτρίχωση με κερί,
uif_motion,,Motion,Κίνηση,
uif_mute,,Mute,Βουβός,
uif_next,,Next,Επόμενος,
uif_none,,None,Κανένας,
uif_off,,Off,Μακριά από,
uif_onboarding_add_in_edit_mode,,Add everything yourself in Edit mode,Προσθέστε τα πάντα μόνοι σας στη λειτουργία επεξεργασίας,
uif_onboarding_add_internal_url_later,,"For a faster direct connection at home, you can add an internal URL and your home Wi-Fi networks later in Settings > Connection.","Για ταχύτερη άμεση σύνδεση στο σπίτι, μπορείτε να προσθέσετε μια εσωτερική διεύθυνση URL και τα οικιακά σας δίκτυα Wi-Fi αργότερα στις Ρυθμίσεις > Σύνδεση.",
uif_onboarding_add_remote_url_later,,"To connect while you're away from home, add a Nabu Casa or external URL later in Settings > Connection.","Για να συνδεθείτε ενώ λείπετε από το σπίτι, προσθέστε μια Nabu Casa ή μια εξωτερική διεύθυνση URL αργότερα στις Ρυθμίσεις > Σύνδεση.",don't translate Nabu Casa
uif_onboarding_auto_entities,,"Finds suitable Climate, Security, Energy and Battery entities","Βρίσκει κατάλληλες οντότητες Κλίματος, Ασφάλειας, Ενέργειας και Μπαταρίας",
uif_onboarding_auto_generate,,Auto generate,Αυτόματη δημιουργία,
uif_onboarding_auto_rooms_floors,,Creates rooms and floors from Home Assistant areas,Δημιουργεί δωμάτια και ορόφους από Home Assistant περιοχές,don't translate Home Assistant
uif_onboarding_building_dashboard,,Building dashboard…,Κτίριο πίνακα ελέγχου…,
uif_onboarding_connection_failed,,Connection failed,Η σύνδεση απέτυχε,
uif_onboarding_everything_editable,,Everything can be changed afterward in Edit mode,Όλα μπορούν να αλλάξουν μετά στη λειτουργία επεξεργασίας,
uif_onboarding_external_access_explanation,,HKI 7 can reach your smart home both at home and while you're away through the external URL you entered.,Το HKI 7 μπορεί να φτάσει στο έξυπνο σπίτι σας τόσο στο σπίτι όσο και όσο λείπετε μέσω της εξωτερικής διεύθυνσης URL που καταχωρίσατε.,don't translate HKI 7
uif_onboarding_local_access_explanation,,Your smart home is currently available to HKI 7 only while this device can reach your local Home Assistant network.,"Το έξυπνο σπίτι σας είναι προς το παρόν διαθέσιμο μόνο στο HKI 7, ενώ αυτή η συσκευή μπορεί να φτάσει στο τοπικό σας δίκτυο Home Assistant.","don't translate Home Assistant, HKI 7"
uif_onboarding_login_failed,,Login failed: %1$s,Η σύνδεση απέτυχε: %1$s,app fills in %1$s — keep them
uif_onboarding_nabu_casa_access_explanation,,HKI 7 can reach your smart home both at home and while you're away through your Nabu Casa URL.,Το HKI 7 μπορεί να φτάσει στο έξυπνο σπίτι σας τόσο στο σπίτι όσο και όταν λείπετε μέσω της διεύθυνσης URL Nabu Casa σας.,"don't translate Nabu Casa, HKI 7"
uif_onboarding_no_authorization_code,,Login failed: Home Assistant returned no authorization code.,Η σύνδεση απέτυχε: Home Assistant δεν επέστρεψε κανένα κωδικό εξουσιοδότησης.,don't translate Home Assistant
uif_onboarding_preparing_dashboard,,Preparing dashboard…,Προετοιμασία πίνακα ελέγχου…,
uif_onboarding_server_http_error,,The server answered with HTTP %1$d,Ο διακομιστής απάντησε με HTTP %1$d,app fills in %1$d — keep them
uif_onboarding_shared_import_failed,,Could not import “%1$s”. Try again.,"Δεν ήταν δυνατή η εισαγωγή του ""%1$s"". Προσπαθήστε ξανά.",app fills in %1$s — keep them
uif_onboarding_start_empty,,Start empty,Ξεκινήστε άδεια,
uif_onboarding_starts_empty,,"Starts without imported rooms, widgets or view entities","Ξεκινά χωρίς εισαγόμενα δωμάτια, γραφικά στοιχεία ή οντότητες προβολής",
uif_open,,Open,Ανοιχτό,
uif_open_doors,,Open doors,Ανοιχτές πόρτες,
uif_open_settings,,Open settings,Ανοίξτε τις ρυθμίσεις,
uif_open_windows,,Open windows,Ανοίξτε τα παράθυρα,
uif_of_enabled,,%1$d of %2$d enabled,%1$d από %2$d ενεργοποιημένο,app fills in %1$d %2$d — keep them
uif_pause,,Pause,Παύση,
uif_percentage,,Percentage,Ποσοστό,
uif_permissions_can_be_changed_later,,You can change these permissions later in Android Settings.,Μπορείτε να αλλάξετε αυτές τις άδειες αργότερα στις Ρυθμίσεις Android.,
uif_pick_to_auto_fill,,Pick to auto-fill,Επιλέξτε για αυτόματη συμπλήρωση,
uif_pill,,Pill,Χάπι,
uif_play,,Play,Παιχνίδι,
uif_playlists,,Playlists,Λίστες αναπαραγωγής,
uif_pm25,,PM2.5,"PM2,5",
uif_presence,,Presence,Παρουσία,
uif_pressure,,Pressure,Πίεση,
uif_pressure_hpa,,%1$d hPa,%1$d hPa,app fills in %1$d — keep them
uif_previous,,Previous,Προηγούμενος,
uif_pulse,,Pulse,Σφυγμός,
uif_pump,,Pump,Αντλία,
uif_rain,,Rain,Βροχή,
uif_rain_map_camera,,Rain map camera,Κάμερα χάρτη βροχής,
uif_recipe_arrive_home_description,,Activate a scene when someone arrives home,Ενεργοποιήστε μια σκηνή όταν κάποιος φτάνει στο σπίτι,
uif_recipe_arrive_home_title,,Welcome home,Καλώς ήρθες σπίτι,
uif_recipe_bedtime_description,,Turn off a light at a chosen bedtime,Σβήστε ένα φως την επιλεγμένη ώρα ύπνου,
uif_recipe_bedtime_title,,Bedtime lights,Φώτα ώρας για ύπνο,
uif_recipe_blank_description,,Build an automation from an empty canvas,Δημιουργήστε έναν αυτοματισμό από έναν άδειο καμβά,
uif_recipe_blank_title,,Start empty,Ξεκινήστε άδεια,
uif_recipe_close_covers_description,,Close a cover when the sun sets,Κλείστε ένα κάλυμμα όταν δύει ο ήλιος,
uif_recipe_close_covers_title,,Close covers at sunset,Κλείστε τα καλύμματα στο ηλιοβασίλεμα,
uif_recipe_entity_state_description,,Run an action when an entity reaches a state,Εκτελέστε μια ενέργεια όταν μια οντότητα φτάσει σε μια κατάσταση,
uif_recipe_entity_state_title,,Entity changes,Αλλαγές οντοτήτων,
uif_recipe_leave_home_description,,Turn off a light when someone leaves home,Σβήνουμε το φως όταν κάποιος φεύγει από το σπίτι,
uif_recipe_leave_home_title,,Leaving home,Φεύγοντας από το σπίτι,
uif_recipe_lock_at_night_description,,Lock a door at a chosen time,Κλειδώστε μια πόρτα σε επιλεγμένη ώρα,
uif_recipe_lock_at_night_title,,Lock up at night,Κλείδωσε το βράδυ,
uif_recipe_morning_scene_description,,Activate a scene at a chosen morning time,Ενεργοποιήστε μια σκηνή σε επιλεγμένη πρωινή ώρα,
uif_recipe_morning_scene_title,,Morning scene,Πρωινή σκηνή,
uif_recipe_motion_lights_description,,Turn on a light when motion is detected,Ανάψτε ένα φως όταν ανιχνευτεί κίνηση,
uif_recipe_motion_lights_title,,Motion lighting,Φωτισμός κίνησης,
uif_recipe_open_covers_description,,Open a cover when the sun rises,Ανοίξτε ένα κάλυμμα όταν ανατέλλει ο ήλιος,
uif_recipe_open_covers_title,,Open covers at sunrise,Ανοιχτά εξώφυλλα κατά την ανατολή,
uif_recipe_schedule_description,,Run an action at a fixed time every day,Εκτελέστε μια ενέργεια σε καθορισμένη ώρα κάθε μέρα,
uif_recipe_schedule_title,,At a time,Σε μια εποχή,
uif_recipe_sunrise_lights_off_description,,Turn off a light when the sun rises,Σβήστε ένα φως όταν ανατέλλει ο ήλιος,
uif_recipe_sunrise_lights_off_title,,Lights off at sunrise,Τα φώτα σβήνουν με την ανατολή,
uif_recipe_sunset_description,,Run an action at sunset,Εκτελέστε μια δράση στο ηλιοβασίλεμα,
uif_recipe_sunset_title,,Around sunset,Γύρω στο ηλιοβασίλεμα,
uif_refresh,,Refresh,Φρεσκάρω,
uif_remove,,Remove,Αφαιρώ,
uif_repeat,,Repeat,Επαναλαμβάνω,
uif_run,,Run,Τρέξιμο,
uif_season,,Season,Εποχή,
uif_season_autumn,,Autumn,Φθινόπωρο,
uif_season_spring,,Spring,Ανοιξη,
uif_season_summer,,Summer,Καλοκαίρι,
uif_season_winter,,Winter,Χειμώνας,
uif_shuffle,,Shuffle,Ανάμιξη,
uif_sleep,,Sleep,Υπνος,
uif_smoke,,Smoke,Καπνός,
uif_source,,Source,Πηγή,
uif_source_device,,Source device,Συσκευή πηγής,
uif_speed,,Speed,Ταχύτητα,
uif_speed_kmh,,%1$d km/h,%1$d km/h,app fills in %1$d — keep them
uif_spin,,Spin,Γνέθω,
uif_state_active,,Active,Ενεργός,
uif_state_away,,Away,Μακριά,
uif_state_buffering,,Buffering,Προσωρινή αποθήκευση,
uif_state_cleaning,,Cleaning,Καθάρισμα,
uif_state_closed,,Closed,Κλειστό,
uif_state_docked,,Docked,Ελλιμενισμένο,
uif_state_error,,Error,Σφάλμα,
uif_state_home,,Home,Σπίτι,
uif_state_idle,,Idle,Αεργος,
uif_state_locked,,Locked,Κλειδωμένο,
uif_state_off,,Off,Μακριά από,
uif_state_on,,On,Επί,
uif_state_open,,Open,Ανοιχτό,
uif_state_paused,,Paused,Σε παύση,
uif_state_playing,,Playing,Παιχνίδι,
uif_state_returning,,Returning,Επιστρέφοντας,
uif_state_standby,,Standby,Αναμονή,
uif_state_unavailable,,Unavailable,Δυσεύρετος,
uif_state_unknown,,Unknown,Αγνωστος,
uif_state_unlocked,,Unlocked,Ακλείδωτος,
uif_sun,,Sun,Ήλιος,
uif_sunrise,,Sunrise,Ανατολή ηλίου,
uif_sunset,,Sunset,Ηλιοβασίλεμα,
uif_tank,,Tank,Δεξαμενή,
uif_tap,,Tap,Παρακέντηση,
uif_third,,Third,Τρίτος,
uif_time,,Time,Φορά,
uif_unknown,,Unknown,Αγνωστος,
uif_update_failed,,Could not update %1$s,Δεν ήταν δυνατή η ενημέρωση %1$s,app fills in %1$s — keep them
uif_updated,,%1$s updated,%1$s ενημερώθηκε,app fills in %1$s — keep them
uif_weather,,Weather,Καιρός,
uif_wind,,Wind,Ανεμος,
uif_active_device_count,one,%1$d active device,%1$d ενεργή συσκευή,app fills in %1$d — keep them
uif_active_device_count,other,%1$d active devices,%1$d ενεργές συσκευές,app fills in %1$d — keep them
uif_adaptive_group_paused_count,one,%1$d group light is paused for manual control.,Το ομαδικό φως %1$d έχει τεθεί σε παύση για χειροκίνητο έλεγχο.,app fills in %1$d — keep them
uif_adaptive_group_paused_count,other,%1$d group lights are paused for manual control.,Τα φώτα ομάδας %1$d έχουν τεθεί σε παύση για χειροκίνητο έλεγχο.,app fills in %1$d — keep them
uif_adaptive_profile_light_count,one,Controls %1$d light in this profile.,Ελέγχει το φως %1$d σε αυτό το προφίλ.,app fills in %1$d — keep them
uif_adaptive_profile_light_count,other,Controls %1$d lights in this profile.,Ελέγχει τα φώτα %1$d σε αυτό το προφίλ.,app fills in %1$d — keep them
uif_days_to_season,one,%1$d day to %2$s,%1$d ημέρα έως %2$s,app fills in %1$d %2$s — keep them
uif_days_to_season,other,%1$d days to %2$s,%1$d ημέρες έως %2$s,app fills in %1$d %2$s — keep them
uif_device_on_count,one,%1$d device on,Η συσκευή %1$d είναι ενεργοποιημένη,app fills in %1$d — keep them
uif_device_on_count,other,%1$d devices on,συσκευές %1$d ενεργοποιημένες,app fills in %1$d — keep them
uif_fire_detector_count,one,%1$d fire detector active,%1$d ανιχνευτής πυρκαγιάς ενεργός,app fills in %1$d — keep them
uif_fire_detector_count,other,%1$d fire detectors active,%1$d ενεργοί ανιχνευτές πυρκαγιάς,app fills in %1$d — keep them
uif_flow_advanced_block_count,one,%1$d advanced shorthand block (kept unchanged),%1$d σύνθετο μπλοκ στενογραφίας (διατηρήθηκε αμετάβλητο),app fills in %1$d — keep them
uif_flow_advanced_block_count,other,%1$d advanced shorthand blocks (kept unchanged),%1$d προηγμένα μπλοκ συντομογραφίας (διατηρούνται αμετάβλητα),app fills in %1$d — keep them
uif_gas_detector_count,one,%1$d gas detector active,%1$d ανιχνευτής αερίου ενεργός,app fills in %1$d — keep them
uif_gas_detector_count,other,%1$d gas detectors active,%1$d ενεργοί ανιχνευτές αερίου,app fills in %1$d — keep them
uif_light_on_count,one,%1$d light on,Η φωτεινή ένδειξη %1$d είναι αναμμένη,app fills in %1$d — keep them
uif_light_on_count,other,%1$d lights on,%1$d αναμμένα φώτα,app fills in %1$d — keep them
uif_media_item_count,one,%1$d item,%1$d στοιχείο,app fills in %1$d — keep them
uif_media_item_count,other,%1$d items,%1$d στοιχεία,app fills in %1$d — keep them
uif_motion_sensor_count,one,%1$d motion sensor active,%1$d ενεργός αισθητήρας κίνησης,app fills in %1$d — keep them
uif_motion_sensor_count,other,%1$d motion sensors active,%1$d αισθητήρες κίνησης ενεργοί,app fills in %1$d — keep them
uif_open_door_count,one,%1$d open door,%1$d ανοιχτή πόρτα,app fills in %1$d — keep them
uif_open_door_count,other,%1$d open doors,%1$d ανοιχτές πόρτες,app fills in %1$d — keep them
uif_open_window_count,one,%1$d open window,%1$d ανοιχτό παράθυρο,app fills in %1$d — keep them
uif_open_window_count,other,%1$d open windows,%1$d ανοιχτά παράθυρα,app fills in %1$d — keep them
uif_presence_sensor_count,one,%1$d presence sensor active,%1$d ενεργός αισθητήρας παρουσίας,app fills in %1$d — keep them
uif_presence_sensor_count,other,%1$d presence sensors active,%1$d ενεργοί αισθητήρες παρουσίας,app fills in %1$d — keep them
uif_smoke_detector_count,one,%1$d smoke detector active,%1$d ανιχνευτής καπνού ενεργός,app fills in %1$d — keep them
uif_smoke_detector_count,other,%1$d smoke detectors active,%1$d ενεργοί ανιχνευτές καπνού,app fills in %1$d — keep them
weather_animate_title,,Animated weather,Κινούμενος καιρός,
weather_animate_description,,"Where the full-colour weather artwork plays. Turn a surface off to show its still artwork instead — the forecast strips are the ones that cost the most, since they animate a dozen icons side by side.","Εκεί που παίζει το έγχρωμο έργο τέχνης καιρού. Απενεργοποιήστε μια επιφάνεια για να δείξετε το ακίνητο έργο τέχνης της — οι λωρίδες πρόβλεψης είναι αυτές που κοστίζουν περισσότερο, καθώς ζωντανεύουν δώδεκα εικονίδια δίπλα-δίπλα.",
weather_animate_applies_everywhere,,"These apply to this device everywhere weather is shown, not just to this pill. The same switches are in Settings › Appearance › Icons.","Αυτά ισχύουν για αυτήν τη συσκευή παντού όπου εμφανίζεται ο καιρός, όχι μόνο για αυτό το χάπι. Οι ίδιοι διακόπτες βρίσκονται στις Ρυθμίσεις › Εμφάνιση › Εικονίδια.",
weather_animate_pill,,Header pill,Χάπι κεφαλίδας,
weather_animate_pill_description,,The small weather icon beside the dashboard title.,Το μικρό εικονίδιο καιρού δίπλα στον τίτλο του πίνακα ελέγχου.,
weather_animate_dialog,,Weather dialog,Διάλογος καιρού,
weather_animate_dialog_description,,The large icon on the current-weather card when you open the weather.,Το μεγάλο εικονίδιο στην κάρτα τρέχοντος καιρού όταν ανοίγετε τον καιρό.,
weather_animate_forecast,,Forecast strips,Ταινίες πρόβλεψης,
weather_animate_forecast_description,,"The daily and hourly rows, in the dialog and on the dashboard.","Οι ημερήσιες και ωριαίες σειρές, στο παράθυρο διαλόγου και στον πίνακα εργαλείων.",
weather_animate_widget,,Weather widget,Γραφικό στοιχείο καιρού,
weather_animate_widget_description,,The weather card on the dashboard itself.,Η κάρτα καιρού στο ίδιο το ταμπλό.,
widgets_tab_content,,Content,Περιεχόμενο,
widgets_tab_appearance,,Appearance,Εμφάνιση,
widgets_tab_data,,Data,Δεδομένα,
widgets_tab_chart,,Chart,Διάγραμμα,
widgets_tab_graphs,,Graphs,Γραφήματα,
widgets_tab_layout,,Layout,Σχέδιο,
widgets_tab_data_sources,,Data sources,Πηγές δεδομένων,
widgets_remove,,Remove,Αφαιρώ,
widgets_reimport,,Re-import,Εισάγω πάλι,
widgets_unavailable,,Unavailable,Δυσεύρετος,
widgets_today,,Today,Σήμερα,
widgets_tomorrow,,Tomorrow,Αύριο,
widgets_yesterday,,Yesterday,Εχθές,
widgets_today_initial,,T,Τ,
widgets_iframe_title,,iFrame,iFrame,
widgets_iframe_subtitle,,Embed a web page on your dashboard,Ενσωματώστε μια ιστοσελίδα στον πίνακα ελέγχου σας,
widgets_ratio_square,,Square,Πλατεία,
widgets_ratio_wide,,Wide,Ευρύς,
widgets_ratio_tall,,Tall,Ψηλός,
widgets_markdown_title,,Markdown,Χαμήλωση τιμής,
widgets_markdown_subtitle,,Content and card appearance,Εμφάνιση περιεχομένου και κάρτας,
widgets_media_player_title,,Media player,Media player,
widgets_media_player_subtitle,,"Source, layout, and artwork","Πηγή, διάταξη και έργο τέχνης",
widgets_stat_min,,Min,Ελάχ,
widgets_stat_average,,Avg,Μέσος όρος,
widgets_stat_max,,Max,Μέγ,
widgets_sensor_graph_title,,Sensor graph,Γράφημα αισθητήρα,
widgets_sensor_graph_subtitle,,"Entities, chart style, and appearance","Οντότητες, στυλ γραφήματος και εμφάνιση",
widgets_sensor_graph_stack_title,,Sensor graph stack,Στοίβα γραφικών αισθητήρων,
widgets_sensor_graph_stack_subtitle,,Grouped charts and stack layout,Ομαδοποιημένα γραφήματα και διάταξη στοίβας,
widgets_graph_sensor_count,one,Graph %1$d · %2$d sensor,Γράφημα %1$d · %2$d αισθητήρας,app fills in %1$d %2$d — keep them
widgets_graph_sensor_count,other,Graph %1$d · %2$d sensors,Γράφημα %1$d · %2$d αισθητήρες,app fills in %1$d %2$d — keep them
widgets_calendar_title,,Calendar,Ημερολόγιο,
widgets_calendar_subtitle,,"Calendars, default view, and appearance","Ημερολόγια, προεπιλεγμένη προβολή και εμφάνιση",
widgets_calendar_agenda,,Agenda,Ημερήσια διάταξη,
widgets_calendar_week,,Week,Εβδομάδα,
widgets_calendar_month,,Month,Μήνας,
widgets_calendar_no_entity,,No calendar entity available,Δεν υπάρχει διαθέσιμη οντότητα ημερολογίου,
widgets_calendar_no_upcoming_events,,No events in the coming days,Δεν υπάρχουν γεγονότα τις επόμενες ημέρες,
widgets_calendar_no_events_for,,No events for %1$s,Δεν υπάρχουν συμβάντα για %1$s,app fills in %1$s — keep them
widgets_calendar_all_day,,All day,Όλη μέρα,
widgets_calendar_time_unknown,,Time unknown,Άγνωστος χρόνος,
widgets_vacuum_state_cleaning,,Cleaning,Καθάρισμα,
widgets_vacuum_state_docked,,Docked,Ελλιμενισμένο,
widgets_vacuum_state_paused,,Paused,Σε παύση,
widgets_vacuum_state_error,,Error,Σφάλμα,
widgets_vacuum_state_returning,,Returning to dock,Επιστροφή στην αποβάθρα,
widgets_vacuum_dock,,Dock,Προκυμαία,
widgets_vacuum_start,,Start,Αρχή,
widgets_vacuum_pause,,Pause,Παύση,
widgets_vacuum_stop,,Stop,Στάση,
widgets_vacuum_locate,,Locate,Εγκατάσταση,
widgets_vacuum_fan_speed,,Fan speed,Ταχύτητα ανεμιστήρα,
widgets_vacuum_water_level,,Water level,Στάθμη νερού,
widgets_vacuum_map,,Vacuum map,Χάρτης κενού,
widgets_vacuum_room_number,,Room %1$d,Δωμάτιο %1$d,app fills in %1$d — keep them
widgets_vacuum_room_label,,Room %1$s,Δωμάτιο %1$s,app fills in %1$s — keep them
widgets_vacuum_valetudo_decode_failed,,No Valetudo map data in this camera entity,Δεν υπάρχουν δεδομένα χάρτη Valetudo σε αυτήν την οντότητα κάμερας,don't translate Valetudo
widgets_vacuum_valetudo_tap_hint,,Tap a room to clean it,Πατήστε ένα δωμάτιο για να το καθαρίσετε,
widgets_vacuum_valetudo_unmapped,,Map this robot's segments to areas in Home Assistant to clean a room by tapping it,Αντιστοιχίστε τα τμήματα αυτού του ρομπότ σε περιοχές στο Home Assistant για να καθαρίσετε ένα δωμάτιο πατώντας το,don't translate Home Assistant
widgets_vacuum_valetudo_cleaning,,Cleaning %1$s,Καθαρισμός %1$s,app fills in %1$s — keep them
widgets_waste_collection_title,,Waste collection,Συλλογή απορριμμάτων,
widgets_waste_collection_subtitle,,"Sensors, calendar, and appearance","Αισθητήρες, ημερολόγιο και εμφάνιση",
widgets_waste_sensor_picture_help,,Shows the sensor’s entity_picture (falls back to the type icon when no picture is available).,Εμφανίζει την entity_picture του αισθητήρα (επιστρέφει στο εικονίδιο τύπου όταν δεν υπάρχει διαθέσιμη εικόνα).,
ui_people_dialog_title,,People,Ανθρωποι,
widgets_f1_title,,Formula 1,Φόρμουλα 1,
widgets_f1_subtitle,,"Race weekend, standings, and results","Αγώνας Σαββατοκύριακο, βαθμολογίες και αποτελέσματα",
widgets_f1_sources_subtitle,,Read from the F1 Sensor integration,Διαβάστε από την ενσωμάτωση αισθητήρα F1,
widgets_f1_tab_next,,Next race,Επόμενος αγώνας,
widgets_f1_tab_calendar,,Calendar,Ημερολόγιο,
widgets_f1_tab_standings,,Standings,Βαθμολογία,
widgets_f1_tab_grid,,Grid,Πλέγμα,
widgets_f1_tab_results,,Results,Αποτελέσματα,
widgets_f1_tab_live,,Live,Ζω,
widgets_f1_drivers,,Drivers,Οδηγοί,
widgets_f1_constructors,,Constructors,Κατασκευαστές,
widgets_f1_prediction,,Prediction,Προφητεία,
widgets_f1_schedule,,Session schedule,Πρόγραμμα συνεδρίας,
widgets_f1_race_control,,Race control,Έλεγχος αγώνα,
widgets_f1_timing,,Timing,Συγχρονισμός,
widgets_f1_round,,Round %1$s,Γύρος %1$s,app fills in %1$s — keep them
widgets_f1_lap_short,,Lap %1$s,Γύρος %1$s,app fills in %1$s — keep them
widgets_f1_lap_of,,Lap %1$d / %2$d,Γύρος %1$d / %2$d,app fills in %1$d %2$d — keep them
widgets_f1_wins_short,,%1$s wins,%1$s κερδίζει,app fills in %1$s — keep them
widgets_f1_points_wins_legend,,Right-hand column shows championship points.,Η δεξιά στήλη δείχνει τους βαθμούς πρωταθλήματος.,
widgets_f1_prediction_now,,Now: %1$s pts,Τώρα: %1$s πόντοι,app fills in %1$s — keep them
widgets_f1_prediction_legend,,Right-hand column shows predicted final points. Needs F1TV Auth in F1 Sensor.,Η δεξιά στήλη δείχνει τα προβλεπόμενα τελικά σημεία. Χρειάζεται πιστοποίηση F1TV στον αισθητήρα F1.,
widgets_f1_status_pit,,In pit,Στο λάκκο,
widgets_f1_status_out,,Retired,Συνταξιούχος,
widgets_f1_no_calendar,,No season schedule available yet,Δεν υπάρχει ακόμη διαθέσιμο πρόγραμμα σεζόν,
widgets_f1_no_grid,,No starting grid available yet,Δεν υπάρχει ακόμη διαθέσιμο πλέγμα εκκίνησης,
widgets_f1_no_prediction,,No championship prediction available. Needs F1TV Auth in F1 Sensor.,Δεν υπάρχει διαθέσιμη πρόβλεψη πρωταθλήματος. Χρειάζεται πιστοποίηση F1TV στον αισθητήρα F1.,
widgets_f1_lights_out_in,,Lights out in %1$s,Σβηστά φώτα σε %1$s,app fills in %1$s — keep them
widgets_f1_in_days_hours,,in %1$dd %2$dh,σε %1$dd %2$dh,app fills in %1$d %2$d — keep them
widgets_f1_in_hours_minutes,,in %1$dh %2$dm,σε %1$dh %2$dm,app fills in %1$d %2$d — keep them
widgets_f1_in_minutes,,in %1$dm,σε %1$dm,app fills in %1$d — keep them
widgets_f1_no_upcoming,,No upcoming race,Δεν υπάρχει επερχόμενος αγώνας,
widgets_f1_today_at,,Today %1$s,Σήμερα %1$s,app fills in %1$s — keep them
widgets_f1_tomorrow_at,,Tomorrow %1$s,Αύριο %1$s,app fills in %1$s — keep them
widgets_f1_time_unknown,,Time to be confirmed,Ώρα να επιβεβαιωθεί,
widgets_f1_sensors_used,,"This widget uses the next race, season calendar, starting grid, driver and constructor standings, last race results, weather, and — during a session — track status, session status, race control, driver positions, and current tyres. It also shows a championship prediction when F1 Sensor's optional F1TV Auth is set up. Other F1 Sensor options are not needed for it.","Αυτό το γραφικό στοιχείο χρησιμοποιεί τον επόμενο αγώνα, το ημερολόγιο σεζόν, το αρχικό πλέγμα, τις κατατάξεις οδηγών και κατασκευαστών, τα αποτελέσματα του τελευταίου αγώνα, τον καιρό και — κατά τη διάρκεια μιας συνεδρίας — την κατάσταση πίστας, την κατάσταση συνεδρίας, τον έλεγχο αγώνα, τις θέσεις των οδηγών και τα τρέχοντα ελαστικά. Εμφανίζει επίσης μια πρόβλεψη πρωταθλήματος όταν έχει ρυθμιστεί το προαιρετικό F1TV Auth του αισθητήρα F1. Δεν χρειάζονται άλλες επιλογές αισθητήρα F1 για αυτό.",
widgets_f1_no_standings,,No standings available yet,Δεν υπάρχει διαθέσιμη βαθμολογία ακόμα,
widgets_f1_no_results,,No race results available yet,Δεν υπάρχουν ακόμη διαθέσιμα αποτελέσματα αγώνα,
widgets_f1_no_race_control,,No race control messages,Δεν υπάρχουν μηνύματα ελέγχου αγώνα,
widgets_f1_not_found,,F1 Sensor not found,Ο αισθητήρας F1 δεν βρέθηκε,
widgets_f1_not_found_long,,The F1 Sensor integration was not found. Install it in Home Assistant (HACS: Nicxe/f1_sensor) and its sensors are picked up automatically.,Η ενσωμάτωση του αισθητήρα F1 δεν βρέθηκε. Εγκαταστήστε το στο Home Assistant (HACS: Nicxe/f1_sensor) και οι αισθητήρες του συλλέγονται αυτόματα.,don't translate Home Assistant
widgets_f1_found,,Found %1$d F1 sensors.,Βρέθηκαν %1$d αισθητήρες F1.,app fills in %1$d — keep them
widgets_f1_default_tab,,Opening tab,Άνοιγμα καρτέλας,
widgets_f1_background_help,,"With no background image the card shows the upcoming race, with the circuit outline as a faint watermark behind it.","Χωρίς εικόνα φόντου, η κάρτα δείχνει τον επερχόμενο αγώνα, με το περίγραμμα της πίστας ως ένα αμυδρό υδατογράφημα πίσω από αυτό.",
widgets_f1_session_fp1,,Practice 1,Εξάσκηση 1,
widgets_f1_session_fp2,,Practice 2,Εξάσκηση 2,
widgets_f1_session_fp3,,Practice 3,Εξάσκηση 3,
widgets_f1_session_sprint_quali,,Sprint qualifying,Προκριματικά στο σπριντ,
widgets_f1_session_sprint,,Sprint,Τρέχω,
widgets_f1_session_qualifying,,Qualifying,Προκριματικά,
widgets_f1_session_race,,Race,Φυλή,
widgets_f1_flag_green,,Track clear,Η διαδρομή είναι καθαρή,
widgets_f1_flag_yellow,,Yellow flag,Κίτρινη σημαία,
widgets_f1_flag_red,,Red flag,Κόκκινη σημαία,
widgets_f1_flag_safety_car,,Safety car,Αυτοκίνητο ασφαλείας,
widgets_f1_flag_vsc,,Virtual safety car,Εικονικό αυτοκίνητο ασφαλείας,
widgets_f1_flag_chequered,,Chequered flag,Καρό σημαία,
widgets_f1_flag_unknown,,Not running,Δεν τρέχει,
cr_widget_f1,,Formula 1,Φόρμουλα 1,
cr_widget_f1_description,,"Race weekend, standings, and results","Αγώνας Σαββατοκύριακο, βαθμολογίες και αποτελέσματα",
widgets_todo_title,,To-Do List,Λίστα υποχρεώσεων,
widgets_todo_shopping_title,,Shopping List,Λίστα αγορών,
widgets_todo_subtitle,,A shared checklist your family can add to and check off,Μια κοινόχρηστη λίστα ελέγχου στην οποία μπορεί να προσθέσει και να ελέγξει η οικογένειά σας,
widgets_todo_empty,,No items yet,Δεν υπάρχουν ακόμη στοιχεία,
widgets_todo_all_done,,All done,Όλα έγιναν,
widgets_todo_remaining,,%1$d of %2$d left,Απομένουν %1$d από %2$d,app fills in %1$d %2$d — keep them
widgets_todo_add_placeholder,,Add an item…,Προσθήκη στοιχείου…,
widgets_todo_read_only,,You don't have permission to edit this list.,Δεν έχετε άδεια να επεξεργαστείτε αυτήν τη λίστα.,
widgets_todo_filter_active,,To do,Να κάνουμε,
widgets_todo_filter_all,,All,Ολοι,
widgets_todo_filter_done,,Done,Γινώμενος,
widgets_todo_clear_completed,,Clear completed,Η εκκαθάριση ολοκληρώθηκε,
widgets_todo_completed_section,,Completed (%1$d),Ολοκληρώθηκε (%1$d),app fills in %1$d — keep them
widgets_todo_new_category,,New tab,Νέα καρτέλα,
widgets_todo_manage_categories,,Manage tabs,Διαχείριση καρτελών,
widgets_todo_edit_item,,Edit item,Επεξεργασία στοιχείου,
widgets_todo_item_text,,Item,Είδος,
widgets_todo_quantity,,Quantity,Ποσότητα,
widgets_todo_category,,Category,Κατηγορία,
widgets_todo_note,,Note,Σημείωμα,
widgets_todo_priority,,Priority,Προτεραιότητα,
widgets_todo_priority_low,,Low,Χαμηλός,
widgets_todo_priority_normal,,Normal,Κανονικός,
widgets_todo_priority_high,,High,Ψηλά,
widgets_todo_due_date,,Due date,Ημερομηνία λήξης,
widgets_todo_clear_due_date,,Clear due date,Καθαρή ημερομηνία λήξης,
widgets_todo_delete_item,,Delete,Διαγράφω,
widgets_todo_checked_by,,Checked by %1$s,Ελεγμένο από %1$s,app fills in %1$s — keep them
widgets_todo_added_by,,Added by %1$s,Προστέθηκε από %1$s,app fills in %1$s — keep them
widgets_todo_tab_general,,General,Γενικός,
widgets_todo_tab_permissions,,Permissions,Άδειες,
widgets_todo_list_type,,List type,Τύπος λίστας,
widgets_todo_type_todo,,To-do,Υποχρεώσεις,
widgets_todo_type_shopping,,Shopping,Ψώνια,
widgets_todo_sort_mode,,Sort order,Σειρά ταξινόμησης,
widgets_todo_sort_manual,,Manual,Εγχειρίδιο,
widgets_todo_sort_alphabetical,,A–Z,Α–Ζ,
widgets_todo_sort_priority,,Priority,Προτεραιότητα,
widgets_todo_sort_newest,,Newest first,Πρώτα τα νεότερα,
widgets_todo_show_completed,,Show completed items by default,Εμφάνιση ολοκληρωμένων στοιχείων από προεπιλογή,
widgets_todo_hero_list,,Hero list,Λίστα ηρώων,
widgets_todo_hero_list_hint,,Show this list's open items on the square card.,Εμφάνιση των ανοιχτών στοιχείων αυτής της λίστας στην τετράγωνη κάρτα.,
widgets_todo_permissions_subtitle,,"Choose who can add, check off, or remove items","Επιλέξτε ποιος μπορεί να προσθέσει, να ελέγξει ή να αφαιρέσει στοιχεία",
widgets_todo_perm_everyone,,Everyone,Καθένας,
widgets_todo_perm_specific,,Specific family members,Συγκεκριμένα μέλη της οικογένειας,
widgets_todo_perm_admin_only,,Admins only,Μόνο διαχειριστές,
widgets_todo_permissions_admin_required,,Only an admin can choose specific members,Μόνο ένας διαχειριστής μπορεί να επιλέξει συγκεκριμένα μέλη,
widgets_todo_no_users_found,,No Home Assistant users found,Δεν βρέθηκαν Home Assistant χρήστες,don't translate Home Assistant
cr_widget_todo,,To-Do List,Λίστα υποχρεώσεων,
cr_widget_todo_description,,"Shared checklist or shopping list, editable by everyone, chosen members, or admins only","Κοινόχρηστη λίστα ελέγχου ή λίστα αγορών, επεξεργάσιμη από όλους, επιλεγμένα μέλη ή μόνο διαχειριστές",
widgets_find_devices_title,,Find my devices,Βρείτε τις συσκευές μου,
widgets_find_devices_subtitle,,"Devices, map, and appearance","Συσκευές, χάρτης και εμφάνιση",
widgets_find_devices_label,,Devices,Συσκευές,
widgets_find_select_devices,,Select devices,Επιλέξτε συσκευές,
widgets_find_sources_subtitle,,Trackers to show on the map,Trackers για εμφάνιση στο χάρτη,
widgets_find_gps_help,,Any device_tracker or person entity can be added. Those reporting GPS coordinates appear on the map; the rest are still listed with their state.,Μπορεί να προστεθεί οποιοδήποτε device_tracker ή οντότητα προσώπου. Αυτές οι συντεταγμένες GPS που αναφέρουν εμφανίζονται στον χάρτη. οι υπόλοιποι εξακολουθούν να αναφέρονται με την κατάστασή τους.,
widgets_find_my_devices,,My devices,Οι συσκευές μου,
widgets_find_filter_all,,All,Ολοι,
widgets_find_filter_devices,,Devices,Συσκευές,
widgets_find_filter_persons,,People,Ανθρωποι,
widgets_find_showing_selected,,Showing %1$d selected,Εμφάνιση επιλεγμένων %1$d,app fills in %1$d — keep them
widgets_find_show_all,,Show all,Εμφάνιση όλων,
widgets_find_none_in_filter,,Nothing of this kind in this widget,Τίποτα αυτού του είδους σε αυτό το γραφικό στοιχείο,
widgets_find_refresh,,Refresh,Φρεσκάρω,
widgets_find_summary,,%1$d of %2$d home,%1$d από %2$d σπίτι,app fills in %1$d %2$d — keep them
widgets_find_no_devices_selected,,No devices selected,Δεν έχουν επιλεγεί συσκευές,
widgets_find_no_location,,None of these devices report a location yet,Καμία από αυτές τις συσκευές δεν αναφέρει ακόμη τοποθεσία,
widgets_find_no_gps,,No location,Καμία τοποθεσία,
widgets_find_state_home,,Home,Σπίτι,
widgets_find_state_away,,Away,Μακριά,
widgets_find_state_unknown,,Unknown,Αγνωστος,
cr_widget_find_devices,,Find my devices,Βρείτε τις συσκευές μου,
cr_widget_find_devices_description,,"Map of your phones, tags, and trackers","Χάρτης των τηλεφώνων, των ετικετών και των ιχνηλατών σας",
widgets_waste_calendar_range,,Calendar range,Εύρος ημερολογίου,
widgets_waste_calendar_days,,%1$d days,%1$d ημέρες,app fills in %1$d — keep them
widgets_waste_calendar_range_help,,"How far ahead the dialog's calendar looks. It is shown as a week grid, rounded out to whole weeks.","Πόσο μπροστά φαίνεται το ημερολόγιο του διαλόγου. Εμφανίζεται ως πλέγμα εβδομάδας, στρογγυλεμένο σε ολόκληρες εβδομάδες.",
widgets_waste_no_collection_on,,No collection on %1$s,Καμία συλλογή στο %1$s,app fills in %1$s — keep them
widgets_waste_organic,,Organic waste,Οργανικά απόβλητα,
widgets_waste_packaging,,Packaging,Συσκευασία,
widgets_waste_paper,,Paper,Χαρτί,
widgets_waste_residual,,Residual waste,Υπολειμματικά απόβλητα,
widgets_waste_glass,,Glass,Ποτήρι,
widgets_waste_textiles,,Textiles,Κλωστοϋφαντουργία,
widgets_waste_plastic,,Plastic,Πλαστική ύλη,
widgets_waste_christmas_trees,,Christmas trees,Χριστουγεννιάτικα δέντρα,
widgets_waste_bulky,,Bulky waste,Ογκώδη απόβλητα,
widgets_waste_duo_bin,,Duo bin,Κάδος Duo,
widgets_weather_title,,Weather,Καιρός,
widgets_weather_subtitle,,"Entity, card type, and appearance","Οντότητα, τύπος κάρτας και εμφάνιση",
widgets_weather_style_current,,Current weather,Τρέχον καιρός,
widgets_weather_style_daily,,Daily forecast,Ημερήσια πρόβλεψη,
widgets_weather_style_hourly,,Hourly forecast,Ωριαία πρόγνωση,
widgets_weather_style_horizon,,Sunrise & sunset horizon,Ορίζοντας ανατολής και δύσης ηλίου,
widgets_weather_style_wind,,Wind compass,Πυξίδα ανέμου,
widgets_weather_style_rain_map,,Rain map (image URL),Χάρτης βροχής (URL εικόνας),
widgets_compass_directions,1,N,,needs translation
widgets_compass_directions,2,NNE,,needs translation
widgets_compass_directions,3,NE,,needs translation
widgets_compass_directions,4,ENE,,needs translation
widgets_compass_directions,5,E,,needs translation
widgets_compass_directions,6,ESE,,needs translation
widgets_compass_directions,7,SE,,needs translation
widgets_compass_directions,8,SSE,,needs translation
widgets_compass_directions,9,S,,needs translation
widgets_compass_directions,10,SSW,,needs translation
widgets_compass_directions,11,SW,,needs translation
widgets_compass_directions,12,WSW,,needs translation
widgets_compass_directions,13,W,,needs translation
widgets_compass_directions,14,WNW,,needs translation
widgets_compass_directions,15,NW,,needs translation
widgets_compass_directions,16,NNW,,needs translation
widgets_battery_entities,,Battery entities,Οντότητες μπαταρίας,
widgets_battery_settings,,Battery settings,Ρυθμίσεις μπαταρίας,
widgets_battery_empty_view_hint,,This battery view is empty. Swipe down on the header and open Battery settings to add entities manually.,Αυτή η προβολή μπαταρίας είναι άδεια. Σύρετε προς τα κάτω στην κεφαλίδα και ανοίξτε τις Ρυθμίσεις μπαταρίας για να προσθέσετε οντότητες με μη αυτόματο τρόπο.,
widgets_battery_levels_title,,Battery levels,Επίπεδα μπαταρίας,
widgets_battery_levels_subtitle,,"Thresholds, sources, and appearance","Όρια, πηγές και εμφάνιση",
widgets_battery_rules,,Battery rules,Κανόνες μπαταρίας,
widgets_battery_all,,All,Ολοι,
widgets_battery_critical,,Critical,Κρίσιμος,
widgets_battery_low,,Low,Χαμηλός,
widgets_battery_watch,,Watch,Ρολόι,
widgets_battery_good,,Good,Καλός,
widgets_battery_unknown,,Unknown,Αγνωστος,
widgets_battery_range_good,,Above 50%,πάνω από 50%,
widgets_battery_range_unknown,,Unavailable or unknown,Μη διαθέσιμο ή άγνωστο,
widgets_battery_no_data,,No battery data,Δεν υπάρχουν δεδομένα μπαταρίας,
widgets_battery_levels_unavailable,,Battery levels unavailable,Τα επίπεδα μπαταρίας δεν είναι διαθέσιμα,
widgets_battery_levels_healthy,,Battery levels look healthy,Τα επίπεδα της μπαταρίας φαίνονται υγιή,
widgets_battery_lowest_detail,,Lowest: %1$s at %2$d%%,Χαμηλότερο: %1$s στο %2$d%%,app fills in %1$s %2$d — keep them
widgets_battery_showing_plus,,Showing Battery+ devices,Εμφάνιση συσκευών Battery+,
widgets_battery_waiting_levels,,Waiting for reported levels,Αναμονή για τα αναφερόμενα επίπεδα,
widgets_battery_lowest,,Lowest,Κατώτατος,
widgets_battery_attention,,Attention,Προσοχή,
widgets_battery_tracked,,Tracked,Παρακολούθησαν,
widgets_battery_level,,Level,Επίπεδο,
widgets_battery_name,,Name,Ονομα,
widgets_battery_type,,Battery type,Τύπος μπαταρίας,
widgets_battery_entity,,Entity,Οντότητα,
widgets_battery_quantity,,Quantity,Ποσότητα,
widgets_battery_quantity_short,,Qty %1$s,Ποσότητα %1$s,app fills in %1$s — keep them
widgets_battery_device_id,,Device ID,Αναγνωριστικό συσκευής,
widgets_battery_unknown_type,,Unknown type,Άγνωστος τύπος,
widgets_battery_sort_summary,,Sort: %1$s,Ταξινόμηση: %1$s,app fills in %1$s — keep them
widgets_battery_no_filters,,No filters active,Δεν υπάρχουν ενεργά φίλτρα,
widgets_battery_collapse_filters,,Collapse filters,Σύμπτυξη φίλτρων,
widgets_battery_expand_filters,,Expand filters,Αναπτύξτε τα φίλτρα,
widgets_battery_low_count,one,%1$d low battery,%1$d χαμηλή μπαταρία,app fills in %1$d — keep them
widgets_battery_low_count,other,%1$d low batteries,%1$d χαμηλή μπαταρία,app fills in %1$d — keep them
widgets_battery_critical_count,one,%1$d critical battery,%1$d κρίσιμη μπαταρία,app fills in %1$d — keep them
widgets_battery_critical_count,other,%1$d critical batteries,%1$d κρίσιμες μπαταρίες,app fills in %1$d — keep them
widgets_battery_attention_count,one,%1$d battery needs attention,Η μπαταρία %1$d χρειάζεται προσοχή,app fills in %1$d — keep them
widgets_battery_attention_count,other,%1$d batteries need attention,Οι μπαταρίες %1$d χρειάζονται προσοχή,app fills in %1$d — keep them
widgets_energy_day,,Day,Ημέρα,
widgets_energy_week,,Week,Εβδομάδα,
widgets_energy_month,,Month,Μήνας,
widgets_energy_year,,Year,Ετος,
widgets_energy_this_week,,This week,Αυτή την εβδομάδα,
widgets_energy_this_month,,This month,Αυτόν τον μήνα,
widgets_energy_this_year,,This year,Φέτος,
widgets_energy_today_lower,,today,σήμερα,
widgets_energy_this_week_lower,,this week,αυτή την εβδομάδα,
widgets_energy_this_month_lower,,this month,αυτόν τον μήνα,
widgets_energy_this_year_lower,,this year,φέτος,
widgets_energy_yesterday_lower,,yesterday,εχθές,
widgets_energy_consumed_solar,,Consumed solar,Κατανάλωση ηλιακού,
widgets_energy_imported,,Imported,Εισαγόμενος,
widgets_energy_exported,,Exported,Εξάγονται,
widgets_energy_phase_number,,Phase %1$d,Φάση %1$d,app fills in %1$d — keep them
widgets_energy_forecast_number,,Forecast %1$d,Πρόγνωση %1$d,app fills in %1$d — keep them
widgets_energy_ha_forecast,,Home Assistant forecast,Home Assistant πρόβλεψη,don't translate Home Assistant
widgets_battery_search,,Search devices,Αναζήτηση συσκευών,
widgets_battery_none,,No batteries match that search.,Δεν υπάρχουν μπαταρίες που να ταιριάζουν με αυτήν την αναζήτηση.,
widgets_battery_open_page,,Open battery page,Ανοίξτε τη σελίδα μπαταρίας,
cr_widget_clock,,Clock,Ρολόι,
cr_widget_clock_description,,"An analog or digital clock, in the style you pick, with the date and your next alarm.","Ένα αναλογικό ή ψηφιακό ρολόι, στο στυλ που επιλέγετε, με την ημερομηνία και το επόμενο ξυπνητήρι σας.",
clock_widget_title,,Clock,Ρολόι,
clock_widget_subtitle,,"Face, styling and what it shows","Πρόσωπο, styling και τι δείχνει",
clock_title_label,,Title (optional),Τίτλος (προαιρετικό),
clock_face_section,,Face,Πρόσωπο,
clock_face_section_subtitle,,"Analog or digital, and which design","Αναλογικό ή ψηφιακό, και ποιο σχέδιο",
clock_shows_section,,Shows,Εκπομπές,
clock_shows_section_subtitle,,Choose what appears alongside the time,Επιλέξτε αυτό που εμφανίζεται παράλληλα με την ώρα,
clock_mode_analog,,Analog,Αναλογικό,
clock_mode_digital,,Digital,Ψηφιακό,
clock_style,,Style,Στυλ,
clock_24_hour,,24-hour clock,24ωρο ρολόι,
clock_seconds,,Seconds,Δευτερόλεπτα,
clock_date,,Date,Ημερομηνία,
clock_day_name,,Day of the week,Ημέρα της εβδομάδας,
clock_year,,Year,Ετος,
clock_style_classic,,Classic,Κλασσικός,
clock_style_minimal,,Minimal,Ελάχιστος,
clock_style_roman,,Roman,ρωμαϊκός,
clock_style_railway,,Railway,Σιδηροδρομικός,
clock_style_bauhaus,,Bauhaus,Μπάουχαους,
clock_style_neon,,Neon,Νέο,
clock_style_skeleton,,Skeleton,Σκελετός,
clock_style_plain,,Plain,Πεδιάδα,
clock_style_segment,,Segment,Τμήμα,
clock_style_mono,,Monospace,Μονοδιάστημα,
clock_style_flip,,Flip,Αναρρίπτω,
clock_style_outline,,Outline,Περίγραμμα,
clock_style_stacked,,Stacked,Στοιβαγμένα,
clock_style_dots,,Dots,Αποσιωπητικά,
clock_alarms_title,,Next alarm,Επόμενος συναγερμός,
clock_no_alarm,,No alarm is set.,Δεν έχει οριστεί ξυπνητήρι.,
clock_alarm_set_by,,Set by %1$s,Ορίστηκε από %1$s,app fills in %1$s — keep them
clock_alarms_platform_note,,"Android only tells other apps about the next alarm, so alarms cannot be listed or switched on and off from here.","Το Android ενημερώνει μόνο άλλες εφαρμογές για το επόμενο ξυπνητήρι, επομένως οι συναγερμοί δεν μπορούν να παρατίθενται ή να ενεργοποιούνται και να απενεργοποιούνται από εδώ.",
clock_open_clock_app,,Open Clock app,Ανοίξτε την εφαρμογή Ρολόι,
clock_open_failed,,No clock app could be opened. Pick one in this widget's settings.,Δεν μπόρεσε να ανοίξει καμία εφαρμογή ρολογιού. Επιλέξτε ένα στις ρυθμίσεις αυτού του γραφικού στοιχείου.,
clock_app_section,,Clock app,Εφαρμογή ρολογιού,
clock_app_section_subtitle,,Which app the alarm dialog opens,Ποια εφαρμογή ανοίγει το παράθυρο διαλόγου συναγερμού,
clock_app_automatic,,Automatic,Αυτόματο,
clock_app_none_found,,No clock app was found on this device.,Δεν βρέθηκε εφαρμογή ρολογιού σε αυτήν τη συσκευή.,
