key,item,english,translation,notes
language_title,,Language,Jezik,
language_display_title,,Display language,Jezik prikaza,
language_display_subtitle,,Follows your device by default; choose one to override it,Prati vaš uređaj prema zadanim postavkama; odaberite jedan koji će ga nadjačati,
language_system,,System default,Zadana vrijednost sustava,
language_selected,,Selected,Odabrano,
nav_home,,Home,Dom,
nav_rooms,,Rooms,Sobe,
nav_security,,Security,Sigurnost,
nav_energy,,Energy,energija,
nav_climate,,Climate,Klima,
nav_battery,,Battery,Baterija,
nav_settings,,Settings,postavke,
nav_room_detail,,Room Detail,Detalj sobe,
settings_title_connection,,Connection,Veza,
settings_title_profile,,Profile,Profil,
settings_title_location,,Location,Mjesto,
settings_title_notifications,,Notifications,Obavijesti,
settings_title_appearance,,Appearance,Izgled,
settings_title_header,,Header,Zaglavlje,
settings_title_theme,,Theme,Tema,
settings_title_fonts,,Fonts,Fontovi,
settings_title_corners,,Corners,Kutovi,
settings_title_icons,,Icons,Ikone,
settings_title_nav_bar,,Navigation Bar,Navigacijska traka,
settings_title_media_players,,Media Players,Media Playeri,
settings_title_dashboard,,Dashboard,Nadzorna ploča,
settings_title_family_sharing,,Family Sharing,Dijeljenje s obitelji,
settings_title_backup_restore,,Backup and Restore,Sigurnosno kopiranje i vraćanje,
settings_title_account,,Account,Račun,
settings_title_about,,About HKI 7,O HKI 7,don't translate HKI 7
settings_title_license,,License,Licenca,
settings_title_support,,Support,podrška,
settings_subtitle_menu,,Everything that shapes your HKI 7 experience,Sve što oblikuje vaše HKI 7 iskustvo,don't translate HKI 7
settings_subtitle_account,,Your profile and this app installation,Vaš profil i ova instalacija aplikacije,
settings_subtitle_profile,,Personal details used throughout your dashboard,Osobni podaci koji se koriste na vašoj nadzornoj ploči,
settings_subtitle_connection,,Server routes and local-network preferences,Rute poslužitelja i postavke lokalne mreže,
settings_subtitle_location,,Presence updates and background access,Ažuriranja prisutnosti i pristup u pozadini,
settings_subtitle_dashboard,,"Dashboards, tabs, media players, and popups","Nadzorne ploče, kartice, media playeri i skočni prozori",
settings_subtitle_appearance,,Make the dashboard feel like yours,Neka se upravljačka ploča osjeća kao vaša,
settings_subtitle_corners,,"Roundness of buttons, cards, and widgets","Zaobljenost gumba, kartica i widgeta",
settings_subtitle_icons,,Icon animations and per-domain effects,Animacije ikona i efekti po domeni,
settings_subtitle_header,,Choose whether the dashboard header is shown,Odaberite hoće li se prikazivati zaglavlje nadzorne ploče,
settings_subtitle_theme,,"Color, contrast, mode, and corner styling","Boja, kontrast, način rada i stiliziranje kutova",
settings_subtitle_fonts,,"Size, weight, and typeface readability","Veličina, težina i čitljivost slova",
settings_subtitle_nav_bar,,Choose which destinations are always within reach,Odaberite koja su vam odredišta uvijek nadohvat ruke,
settings_subtitle_media_players,,Names and mini-player visibility,Imena i vidljivost mini igrača,
settings_subtitle_notifications,,"Push delivery, history, and service behavior","Push dostava, povijest i ponašanje usluge",
settings_subtitle_backup_restore,,Protect or move your dashboard configuration,Zaštitite ili premjestite konfiguraciju nadzorne ploče,
settings_subtitle_family_sharing,,"Parental controls, dashboard sharing, and recipient permissions","Roditeljski nadzor, dijeljenje nadzorne ploče i dopuštenja primatelja",
settings_subtitle_about,,"The project, technology, and people behind HKI 7","Projekt, tehnologija i ljudi koji stoje iza HKI 7",don't translate HKI 7
settings_subtitle_license,,Open-source community core and optional premium materials,Jezgra zajednice otvorenog koda i izborni premium materijali,
settings_subtitle_support,,Ways to help HKI 7 grow without buying Premium,Načini da pomognete HKI 7 rasti bez kupnje Premiuma,don't translate HKI 7
notification_channel_general,,General,General,
location_channel_name,,Location sharing,Dijeljenje lokacije,
location_notification_title,,Home Assistant location,Home Assistant lokacija,don't translate Home Assistant
location_notification_text,,Sharing your location with Home Assistant,Dijeljenje vaše lokacije s Home Assistant,don't translate Home Assistant
push_connection_channel_name,,Notification connection,Veza s obavijestima,
push_connection_notification_title,,Connected to Home Assistant,Povezan na Home Assistant,don't translate Home Assistant
push_connection_notification_text,,Listening for notifications,Osluškujući obavijesti,
parcel_title,,Parcels,Parcele,
parcel_generic_carrier,,Carrier,Prijevoznik,
parcel_incoming,,Incoming,Dolazni,
parcel_delivered,,Delivered,Isporučeno,
parcel_outgoing,,Outgoing,Odlazni,
parcel_letters,,Letters,pisma,
parcel_mail,,Mail,pošta,
parcel_summary,,%1$d incoming · %2$d outgoing,%1$d dolazni · %2$d odlazni,app fills in %1$d %2$d — keep them
parcel_summary_with_letters,,%1$d incoming · %2$d outgoing · %3$d letters,%1$d dolaznih · %2$d odlaznih · %3$d slova,app fills in %1$d %2$d %3$d — keep them
parcel_carrier_summary_with_letters,,%1$d incoming · %2$d outgoing · %3$d letters,%1$d dolaznih · %2$d odlaznih · %3$d slova,app fills in %1$d %2$d %3$d — keep them
parcel_summary_with_letter_count,,%1$d incoming · %2$d outgoing · %3$s,%1$d dolazni · %2$d odlazni · %3$s,app fills in %1$d %2$d %3$s — keep them
parcel_tracking_history,,Tracking history,Povijest praćenja,
parcel_tracking_history_subtitle,,Parcel journey and status updates,Putovanje paketa i ažuriranje statusa,
parcel_choose_carrier_account,,Choose a carrier account,Odaberite račun operatera,
parcel_empty_tab,,No %1$s parcels.,Nema %1$s parcela.,app fills in %1$s — keep them
parcel_no_incoming,,No incoming parcels.,Nema dolaznih paketa.,
parcel_no_delivered,,No delivered parcels.,Nema isporučenih paketa.,
parcel_no_outgoing,,No outgoing parcels.,Nema odlaznih paketa.,
parcel_stage_registered,,Registered,Registriran,
parcel_stage_sorting,,Sorting,Sortiranje,
parcel_stage_on_the_way,,On the way,Na putu,
parcel_unknown_status,,Unknown status,Nepoznat status,
parcel_status_in_transit,,In transit,U tranzitu,
parcel_status_out_for_delivery,,Out for delivery,Za dostavu,
parcel_status_at_pickup_point,,Ready at pickup point,Spremno na mjestu preuzimanja,
parcel_status_ready_to_send,,Ready to send,Spremno za slanje,
parcel_letter_preview,,Letter preview,Pregled pisma,
parcel_carriers,,Carriers,Prijevoznici,
parcel_track_new,,Track a new %1$s parcel by number,Pratite novu %1$s pošiljku po broju,app fills in %1$s — keep them
parcel_choose_carrier,,Choose a carrier,Odaberite prijevoznika,
parcel_settings_subtitle,,"Carrier accounts, aggregation, and appearance","Računi nositelja, agregacija i izgled",
parcel_settings_accounts,,Accounts,Računi,
parcel_settings_organization,,Organization,Organizacija,
parcel_settings_appearance,,Appearance,Izgled,
action_remove,,Remove,Ukloniti,
notification_delete,,Delete notification,Izbriši obavijest,
notification_mark_all_read,,Mark all as read,Označi sve kao pročitano,
notification_mark_all_unread,,Mark all as unread,Označi sve kao nepročitano,
notification_delete_all,,Delete all,Izbriši sve,
notification_delete_all_archived,,Delete all archived,Izbriši sve arhivirane,
notification_unread,,Unread,Nepročitano,
notification_history,,History,Povijest,
notification_mark_unread,,Mark as unread,Označi kao nepročitano,
notification_mark_read,,Mark as read,Označi kao pročitano,
notification_archive,,Archive,Arhiva,
notification_unarchive,,Unarchive,Poništi arhiviranje,
notification_delete_action,,Delete,Izbrisati,
entity_search_select_items,,Select items,Odaberite stavke,
entity_search_choose_one,,Search and choose one entity,Pretražite i odaberite jedan entitet,
entity_search_choose_multiple,,Search and select one or more entities,Pretražite i odaberite jedan ili više entiteta,
global_search_title,,Search,Pretraživanje,
global_search_subtitle,,Find and control any Home Assistant device or entity,Pronađite i kontrolirajte bilo koji Home Assistant uređaj ili entitet,don't translate Home Assistant
global_search_clear,,Clear search,Očisti pretragu,
global_search_no_devices,,No matching devices.,Nema odgovarajućih uređaja.,
global_search_no_entities,,No matching entities.,Nema podudarnih entiteta.,
security_title,,Security,Sigurnost,
security_subtitle,,Home status and activity,Kućni status i aktivnost,
security_settings,,Security settings,Sigurnosne postavke,
security_entities,,Security entities,Sigurnosni subjekti,
security_reimport,,Re-import,Ponovni uvoz,
security_group_doors,,Doors,Vrata,
security_group_doors_subtitle,,Door contacts,Kontakti na vratima,
security_group_windows,,Windows,Windows,
security_group_windows_subtitle,,Window contacts,Prozorski kontakti,
security_group_openings,,Openings,Otvori,
security_group_openings_subtitle,,Garage doors and other openings,Garažna vrata i ostali otvori,
security_group_garage_doors,,Garage doors,Garažna vrata,
security_group_garage_doors_subtitle,,Garage door covers,Poklopci za garažna vrata,
security_group_covers,,Covers,Navlake,
security_group_covers_subtitle,,"Blinds, shutters, and gates","Roletne, kapci i kapije",
security_group_locks,,Locks,Brave,
security_group_locks_subtitle,,Door and gate locks,Brave za vrata i kapije,
security_group_motion,,Motion,Prijedlog,
security_group_motion_subtitle,,Motion detection,Detekcija pokreta,
security_group_presence,,Presence,Prisutnost,
security_group_presence_subtitle,,Occupancy sensors,Senzori zauzetosti,
security_group_fire,,Fire and temperature,Vatra i temperatura,
security_group_fire_subtitle,,"Fire, heat, cold, and safety alarms","Alarmi za požar, toplinu, hladnoću i sigurnosni alarmi",
security_group_smoke,,Smoke,Dim,
security_group_smoke_subtitle,,Smoke detectors,Detektori dima,
security_group_gas,,Gas,Plin,
security_group_gas_subtitle,,Combustible gas sensors,Senzori zapaljivih plinova,
security_group_co2,,CO / CO₂,CO / CO₂,
security_group_co2_subtitle,,Carbon monoxide and carbon dioxide sensors,Senzori ugljičnog monoksida i ugljičnog dioksida,
security_group_moisture,,Leaks,Curenje,
security_group_moisture_subtitle,,Moisture and water leaks,Vlaga i curenje vode,
security_group_sound,,Sound,Zvuk,
security_group_sound_subtitle,,Sound and glass-break sensors,Senzori zvuka i loma stakla,
security_group_light,,Light detection,Detekcija svjetla,
security_group_light_subtitle,,Light and beam sensors,Senzori svjetla i snopa,
security_group_alarms,,Alarm systems,Alarmni sustavi,
security_group_alarms_subtitle,,Alarm control panels,Alarmne centrale,
security_group_cameras,,Cameras,Fotoaparati,
security_group_cameras_subtitle,,Camera feeds,Sažeci kamere,
security_no_search_active,,No search active · %1$s,Nema aktivnog pretraživanja · %1$s,app fills in %1$s — keep them
security_status_alert,,Security alert,Sigurnosno upozorenje,
security_status_alarm_pending,,Alarm pending,Alarm na čekanju,
security_status_changing_alarm,,Changing alarm mode,Promjena načina alarma,
security_status_needs_attention,,Needs attention,Treba pozornost,
security_status_motion,,Motion detected,Otkriveno kretanje,
security_status_sensor_activity,,Sensor activity,Aktivnost senzora,
security_status_alarm_unavailable,,Alarm unavailable,Alarm nedostupan,
security_status_devices_unavailable,,Devices unavailable,Uređaji nedostupni,
security_status_cameras_offline,,Cameras offline,Kamere izvan mreže,
security_status_all_secure,,All secure,Sve sigurno,
security_status_alarm_disarmed,,Alarm disarmed,Alarm deaktiviran,
security_status_all_clear,,All clear,Sve jasno,
security_status_no_data,,No security data,Nema sigurnosnih podataka,
security_metric_openings,,Openings,Otvori,
security_metric_locked,,Locked,Zaključan,
security_metric_cameras_online,,Cameras online,Kamere online,
security_card_title,,Security card,Sigurnosna kartica,
security_card_subtitle,,"Name, layout, and card appearance","Naziv, izgled i izgled kartice",
security_stat_total,,Total,Ukupno,
security_stat_active,,Active,Aktivan,
security_stat_clear,,Clear,Jasan,
security_cover_open,,Open,Otvoriti,
security_cover_stop,,Stop,Stop,
security_cover_close,,Close,Zatvoriti,
security_restore,,Restore,Vratiti,
security_empty,,This is an empty security view. Swipe down on the header and open Security settings to add entities manually.,Ovo je prazan sigurnosni prikaz. Prijeđite prstom prema dolje na zaglavlju i otvorite Sigurnosne postavke za ručno dodavanje entiteta.,
connection_stopping_for_restart,,Stopping for restart…,Zaustavljanje za ponovno pokretanje…,
connection_starting,,Home Assistant is starting…,Home Assistant počinje…,don't translate Home Assistant
connection_restoring_dashboard,,Restoring your dashboard…,Vraćanje nadzorne ploče…,
connection_restarting,,Home Assistant is restarting…,Home Assistant se ponovno pokreće…,don't translate Home Assistant
connection_auto_generating,,Auto-generating rooms and widgets…,Automatsko generiranje soba i widgeta…,
connection_reconnecting,,Reconnecting to Home Assistant…,Ponovno povezivanje s Home Assistant…,don't translate Home Assistant
connection_unavailable_retrying,,Unavailable · Retrying…,Nedostupno · Ponovni pokušaj…,
connection_paused,,Connection paused,Veza je pauzirana,
connection_connected,,Connected,Povezan,
connection_server_not_found,,Server address could not be found,Adresa poslužitelja nije pronađena,
connection_timed_out,,Connection timed out,Veza je istekla,
connection_no_route,,No network route to Home Assistant,Nema mrežne rute do Home Assistant,don't translate Home Assistant
connection_could_not_connect,,Could not connect to Home Assistant,Nije moguće povezati se s Home Assistant,don't translate Home Assistant
connection_secure_failed,,Secure connection failed,Sigurna veza nije uspjela,
connection_session_expired_refreshing,,Session expired · Refreshing login…,Sesija je istekla · Osvježavanje prijave…,
connection_interrupted,,Connection was interrupted,Veza je prekinuta,
connection_error_title,,Connection error,Pogreška veze,
connection_all_systems_normal,,All systems normal,Svi sustavi normalni,
action_undo,,Undo,Poništi,
action_redo,,Redo,Ponovi,
connection_route_local,,Local,Lokalni,
connection_route_nabu_casa,,Nabu Casa,Nabu Casa,don't translate Nabu Casa
connection_route_external,,External,Vanjski,
settings_connection_via,,Connected via %1$s,Povezan putem %1$s,app fills in %1$s — keep them
settings_connection_unknown,,Unknown,Nepoznato,
settings_connection_connecting,,Connecting…,Povezivanje…,
settings_this_home,,this home,ovaj dom,
settings_local_network_allowed,,Allowed,Dopušteno,
settings_local_network_not_allowed,,Not allowed — Home Assistant cannot be reached directly on your Wi-Fi,Nije dopušteno — Home Assistant nije moguće izravno pristupiti putem vaše Wi-Fi mreže,don't translate Home Assistant
settings_current_wifi,,Current Wi-Fi,Trenutačni Wi-Fi,
settings_wifi_unavailable,,Not connected or location permission is missing,Nije povezano ili nedostaje dopuštenje za lokaciju,
settings_just_now,,just now,upravo sada,
settings_primary_app_language,,Primary application language,Primarni jezik aplikacije,
settings_android_build_configuration,,Android resources and build configuration,Android resursi i konfiguracija međugradnje,
page_settings_default_title,,Page settings,Postavke stranice,
page_settings_choose_area,,Choose an area to configure,Odaberite područje za konfiguraciju,
page_settings_focused_options,,Focused options for this page area,Fokusirane opcije za ovo područje stranice,
page_settings_header_description,,Wallpaper and custom header color,Pozadina i prilagođena boja zaglavlja,
page_settings_custom_page_description,,"Name, subtitle, and navigation icon","Naziv, podnaslov i ikona za navigaciju",
page_settings_badge_bar,,Badge bar,Traka značke,
page_settings_badge_description,,"Visibility, alignment, and display options","Mogućnosti vidljivosti, poravnanja i prikaza",
page_settings_persons,,Persons,Osobe,
page_settings_persons_description,,Visibility and ordering,Vidljivost i redoslijed,
page_settings_configure,,Configure,Konfigurirati,
room_config_title,,Room configuration,Konfiguracija sobe,
header_pill_left,,Left header pill,Pilula lijevog zaglavlja,
header_pill_right,,Right header pill,Pilula desnog zaglavlja,
alignment_split,,Split,Split,
alignment_center,,Center,Centar,
weather_cloudy,,Cloudy,Oblačno,
home_default_markdown_content,,# Markdown\nOpen this widget's settings in **edit mode** to write your own content.,# Markdown\nOtvorite postavke ovog widgeta u **načinu uređivanja** da biste napisali vlastiti sadržaj.,\n = line break
home_settings_title,,Home settings,Početne postavke,
custom_page_settings_title,,%1$s settings,%1$s postavke,app fills in %1$s — keep them
home_empty,,This is the homepage. Add widgets by swiping down on the header and enabling edit mode.,Ovo je početna stranica. Dodajte widgete povlačenjem prema dolje na zaglavlju i omogućavanjem načina uređivanja.,
custom_page_empty,,This page is empty. Add widgets by swiping down on the header and enabling edit mode.,Ova stranica je prazna. Dodajte widgete povlačenjem prema dolje na zaglavlju i omogućavanjem načina uređivanja.,
select_camera_title,,Select camera,Odaberite kameru,
select_entity_title,,Select entity,Odaberite entitet,
custom_camera_default_name,,Custom camera,Prilagođena kamera,
rooms_settings_title,,Rooms settings,Postavke soba,
rooms_empty,,The rooms view is empty. Swipe down on the header and enable edit mode to add floors and rooms.,Pogled iz soba je prazan. Prijeđite prstom prema dolje na zaglavlju i omogućite način uređivanja za dodavanje katova i soba.,
floor_expand,,Expand floor,Proširi pod,
floor_collapse,,Collapse floor,Sruši kat,
floor_settings_title,,Floor,Kat,
floor_settings_subtitle,,"Identity, layout, and card style","Identitet, izgled i stil kartice",
universal_effects,,Effects,Efekti,
universal_open_door,,Open door,Otvorena vrata,
universal_vacuum_dock,,Dock,Pristanište,
universal_start,,Start,Start,
universal_pause,,Pause,Pauza,
universal_stop,,Stop,Stop,
universal_locate,,Locate,Pronaći,
universal_room_number,,Room %1$d,Soba %1$d,app fills in %1$d — keep them
core_optional_display_name,,Optional display name override,Izborno nadjačavanje imena za prikaz,
core_media_paused_track,,Paused: %1$s,Pauzirano: %1$s,app fills in %1$s — keep them
core_percent_value,,%1$d percent,%1$d posto,app fills in %1$d — keep them
core_current_humidity,,Current humidity,Trenutna vlažnost,
core_tank_water_level,,Tank / water level,Spremnik / razina vode,
core_pm25,,PM2.5,"PM2,5",
core_error_code,,Error code,Šifra greške,
core_bucket_full,,Bucket full,Kanta puna,
core_clean_filter,,Clean filter,Očistite filter,
core_ionizer,,Ionizer,Ionizator,
core_pump,,Pump,Pumpa,
core_beep_on_command,,Beep on command,Zvučni signal na naredbu,
core_dawn,,Dawn,Zora,
core_solar_noon,,Solar noon,Sunčano podne,
core_dusk,,Dusk,Sumrak,
core_icon_category_common,,Common,Uobičajeno,
core_icon_category_home,,Home,Dom,
core_icon_category_weather,,Weather,Vrijeme,
core_icon_category_lock,,Lock,brava,
core_icon_category_people,,People,Ljudi,
core_icon_category_auto,,Automotive,Automobilizam,
core_icon_category_music,,Music,Glazba,
core_icon_category_battery,,Battery,Baterija,
core_icon_category_nature,,Nature,Priroda,
core_icon_category_places,,Places,Mjesta,
core_icon_category_food,,Food,Hrana,
core_icon_category_navigation,,Navigation,Navigacija,
core_icon_category_devices,,Devices,Uređaji,
core_icon_category_map,,Map,Karta,
core_icon_category_media,,Media,Mediji,
core_icon_category_communication,,Communication,Komunikacija,
core_icon_category_health,,Health,Zdravlje,
core_icon_category_vehicles,,Vehicles,Vozila,
core_icon_category_buildings,,Buildings,Građevine,
core_icon_category_electrical,,Electrical,Električni,
core_icon_category_sport,,Sport,Sport,
core_icon_category_objects,,Objects,Predmeti,
core_icon_category_commerce,,Commerce,trgovina,
core_icon_category_games,,Games,Igre,
core_icon_category_finance,,Finance,Financije,
background_notification_channel_general,,General,General,
background_location_channel_name,,Location sharing,Dijeljenje lokacije,
background_location_channel_description,,Keeps your device location up to date in Home Assistant,Održava lokaciju vašeg uređaja ažurnom u Home Assistant,don't translate Home Assistant
background_location_notification_title,,Home Assistant location sharing,Home Assistant dijeljenje lokacije,don't translate Home Assistant
background_location_notification_text,,Sharing your location with Home Assistant,Dijeljenje vaše lokacije s Home Assistant,don't translate Home Assistant
background_push_channel_name,,Notification connection,Veza s obavijestima,
background_push_channel_description,,Keeps a background connection to Home Assistant for instant notifications,Održava pozadinsku vezu s Home Assistant za trenutne obavijesti,don't translate Home Assistant
background_push_notification_title,,Connected to Home Assistant,Povezan na Home Assistant,don't translate Home Assistant
background_push_notification_text,,Waiting for notifications,Čekam obavijesti,
background_push_hide_action,,Hide this notification,Sakrij ovu obavijest,
button_style_centered,,Centered,Centrirano,
button_elements,,Elements,Elementi,
button_elements_description,,What appears on this button. Hide the name and state for an icon on its own.,Što se pojavljuje na ovom gumbu. Sakriti naziv i stanje za ikonu samostalno.,
stack_elements_title,,Elements on every button in this stack,Elementi na svakom gumbu u ovom nizu,
stack_elements_description,,"These apply to the whole stack, not to one button. Turning something off here hides it on every button in the stack; leaving it on lets each button decide for itself in its own settings.","Ovo se odnosi na cijeli niz, a ne na jedan gumb. Isključivanjem nečega ovdje to se skriva na svakom gumbu u hrpi; ostavljajući ga uključenim dopušta svakom gumbu da sam odlučuje u svojim postavkama.",
button_element_icon,,Icon,Ikona,
button_element_name,,Name,Ime,
button_element_state,,State,Stanje,
stack_show_title,,Show name,Prikaži naziv,
stack_show_title_description,,Turn off for a stack with no heading at all.,Isključite za hrpu bez naslova.,
stack_show_icon,,Show icon,Prikaži ikonu,
stack_show_icon_description,,The icon beside the heading.,Ikona pored naslova.,
stack_center_title,,Center the heading,Centrirajte naslov,
stack_center_title_description,,Puts the icon and name in the middle instead of against the left edge.,Stavlja ikonu i naziv u sredinu umjesto uz lijevi rub.,
cr_state_on,,On,Na,
cr_state_off,,Off,Isključeno,
cr_open,,Open,Otvoriti,
cr_close,,Close,Zatvoriti,
cr_stop,,Stop,Stop,
cr_closed,,Closed,Zatvoreno,
cr_opening,,Opening,Otvor,
cr_closing,,Closing,Zatvaranje,
cr_locked,,Locked,Zaključan,
cr_unlocked,,Unlocked,Otključan,
cr_unavailable,,Unavailable,Nedostupan,
cr_unknown,,Unknown,Nepoznato,
cr_idle,,Idle,besposlen,
cr_home,,Home,Dom,
cr_away,,Away,Daleko,
cr_cleaning,,Cleaning,Čišćenje,
cr_returning,,Returning,Vraćajući se,
cr_paused,,Paused,Pauzirano,
cr_error,,Error,Greška,
cr_playing,,Playing,Igranje,
cr_buffering,,Buffering,Spremanje u međuspremnik,
cr_standby,,Standby,Stanje pripravnosti,
cr_humidifying,,Humidifying,Ovlaživanje,
cr_drying,,Drying,Sušenje,
cr_detected,,Detected,Otkriveno,
cr_clear,,Clear,Jasan,
cr_problem,,Problem,Problem,
cr_ok,,OK,U REDU,
cr_low,,Low,Niska,
cr_normal,,Normal,Normalan,
cr_connected,,Connected,Povezan,
cr_disconnected,,Disconnected,Isključeno,
cr_plugged_in,,Plugged in,Uključeno u struju,
cr_unplugged,,Unplugged,Isključeno,
cr_wet,,Wet,Mokro,
cr_dry,,Dry,Suha,
cr_none,,None,Nijedan,
cr_any,,Any,Bilo koje,
cr_remove,,Remove,Ukloniti,
cr_restore,,Restore,Vratiti,
cr_general,,General,General,
cr_identity,,Identity,Identitet,
cr_appearance,,Appearance,Izgled,
cr_layout,,Layout,Izgled,
cr_behavior,,Behavior,Ponašanje,
cr_profiles,,Profiles,Profili,
cr_playback,,Playback,Reprodukcija,
cr_content,,Content,Sadržaj,
cr_actions,,Actions,Radnje,
cr_protection,,Protection,Zaštita,
cr_power,,Power,Vlast,
cr_brightness,,Brightness,Svjetlina,
cr_temperature,,Temperature,Temperatura,
cr_color,,Color,Boja,
cr_min,,Min,Min,
cr_avg,,Avg,Prosj,
cr_max,,Max,Maks,
cr_now,,Now,Sada,
cr_lowest,,Lowest,Najniža,
cr_average,,Average,Prosjek,
cr_highest,,Highest,Najviša,
cr_live,,Live,Živjeti,
cr_once,,Once,Jednom,
cr_daily,,Daily,Dnevno,
cr_weekly,,Weekly,Tjedni,
cr_monthly,,Monthly,Mjesečno,
cr_yearly,,Yearly,Godišnje,
cr_action_tap,,Tap,Dodirnite,
cr_action_double_tap,,Double tap,Dodirnite dvaput,
cr_action_hold,,Hold,Stani,
cr_mode,,Mode,Način rada,
cr_mode_auto,,Auto,Auto,
cr_mode_heat,,Heat,Vrućina,
cr_mode_cool,,Cool,Cool,
cr_mode_heat_cool,,Heat/cool,Zagrijati/hladiti,
cr_mode_dry,,Dry,Suha,
cr_mode_fan_only,,Fan only,Samo ventilator,
cr_mode_low,,Low,Niska,
cr_mode_medium,,Medium,srednje,
cr_mode_high,,High,visoko,
cr_mode_quiet,,Quiet,Miran,
cr_mode_boost,,Boost,pojačati,
cr_mode_eco,,Eco,Eko,
cr_mode_sleep,,Sleep,Spavati,
cr_mode_manual,,Manual,Priručnik,
cr_mode_vertical,,Vertical,Okomito,
cr_mode_horizontal,,Horizontal,Horizontalno,
cr_mode_both,,Both,Oba,
cr_mode_up,,Up,Gore,
cr_mode_down,,Down,dolje,
cr_mode_center,,Center,Centar,
cr_mode_left,,Left,Lijevo,
cr_mode_right,,Right,Pravo,
cr_climate_fan,,Fan,Ventilator,
cr_climate_vertical_airflow,,Vertical airflow,Vertikalni protok zraka,
cr_climate_horizontal_airflow,,Horizontal airflow,Horizontalni protok zraka,
cr_climate_preset,,Preset,Unaprijed postavljeno,
cr_fan_speed,,Fan speed,Brzina ventilatora,
cr_speed,,Speed,Ubrzati,
cr_lower_target,,Lower target,Donji cilj,
cr_raise_target,,Raise target,Podignite cilj,
cr_climate_temperature,,Temperature,Temperatura,
cr_climate_all_temperature_sensors,,All temperature sensors,Svi temperaturni senzori,
cr_climate_outside,,Outside,Vani,
cr_climate_outside_summary,,"Outdoor temperature, humidity, and pressure","Vanjska temperatura, vlažnost i tlak",
cr_climate_humidity,,Humidity,Vlažnost,
cr_climate_all_humidity_sensors,,All humidity sensors,Svi senzori vlage,
cr_climate_air_pressure,,Air pressure,Tlak zraka,
cr_climate_all_pressure_sensors,,All air-pressure sensors,Svi senzori tlaka zraka,
cr_climate_co2,,CO₂,CO₂,
cr_climate_carbon_dioxide_sensors,,Carbon-dioxide sensors,Senzori ugljičnog dioksida,
cr_climate_air_quality,,Air quality,Kvaliteta zraka,
cr_climate_air_quality_summary,,"Particulates, AQI, VOCs, and gases","Čestice, AQI, VOC i plinovi",
cr_climate_entities,,Climate entities,Klimatski entiteti,
cr_climate_settings,,Climate settings,Klimatske postavke,
cr_empty_climate_view,,No climate data is available yet.,Klimatski podaci još nisu dostupni.,
cr_climate_fans,,Fans,Navijači,
cr_climate_air_purifiers,,Air purifiers,Pročistači zraka,
cr_climate_humidifiers,,Humidifiers,Ovlaživači zraka,
cr_temperature_sensors,,Temperature sensors,Senzori temperature,
cr_devices_active,,Devices active,Uređaji aktivni,
cr_active_of_total,,%1$d of %2$d active,%1$d od %2$d aktivno,app fills in %1$d %2$d — keep them
cr_no_search_active,,No active search · %1$s,Nema aktivnog pretraživanja · %1$s,app fills in %1$s — keep them
cr_collapse_search,,Collapse search,Sažmi pretraživanje,
cr_expand_search,,Expand search,Proširi pretragu,
cr_custom_order,,Custom order,Prilagođena narudžba,
cr_name_a_z,,Name A–Z,Ime A–Z,
cr_name_z_a,,Name Z–A,Ime Z–A,
cr_climate_device,,Climate device,Klima uređaj,
cr_climate_device_subtitle,,"Name, icon, card style, and width","Naziv, ikona, stil kartice i širina",
cr_widget_requires_f1,,"Needs the F1 Sensor integration, which was not found on your Home Assistant","Potrebna je integracija senzora F1, koja nije pronađena na vašem Home Assistant",don't translate Home Assistant
cr_widget_requires_parcels,,"Needs a parcel integration, and none was found on your Home Assistant","Potrebna je integracija paketa, a ništa nije pronađeno na vašem Home Assistant",don't translate Home Assistant
cr_widget_requires_waste,,"Needs a waste collection integration, and none was found on your Home Assistant","Potrebna je integracija prikupljanja otpada, a ništa nije pronađeno na vašem Home Assistant",don't translate Home Assistant
cr_people_here_title,,Who is here,Tko je ovdje,
cr_people_here_empty,,Nobody is being tracked in this room right now.,Nitko se trenutno ne prati u ovoj sobi.,
cr_people_here_unknown_room,,Room unknown,Soba nepoznata,
cr_button_exclude_counters,,Leave out of counters,Ostavite van šaltera,
cr_button_exclude_counters_hint,,"Keep the button, but stop it counting towards this room’s Lights and Devices totals","Zadrži gumb, ali ga prestani ubrajati u ukupne svjetla i uređaje ove sobe",
cr_count_with_average,,%1$s · avg %2$s%3$s,%1$s · prosj. %2$s%3$s,app fills in %1$s %2$s %3$s — keep them
cr_outside_temperature,,Outside temperature,Vanjska temperatura,
cr_outside_humidity,,Outside humidity,Vanjska vlaga,
cr_outside_pressure,,Outside pressure,Vanjski pritisak,
cr_outside_air_pressure,,Outside air pressure,Tlak vanjskog zraka,
cr_no_sensors_found_for,,No %1$s sensors found.,Nisu pronađeni %1$s senzori.,app fills in %1$s — keep them
cr_climate_control,,Climate control,Kontrola klime,
cr_thermostat_dial,,Thermostat dial,Brojčanik termostata,
cr_width_third,,Third,Treći,
cr_width_half,,Half,Pola,
cr_width_full,,Full,puna,
cr_select_item,,Select %1$s,Odaberite %1$s,app fills in %1$s — keep them
cr_set_outdoor_sensors,,"Set outdoor temperature, humidity, and pressure","Postavite vanjsku temperaturu, vlažnost i tlak",
cr_auto_discovered_device_class,,Discovered automatically by device class,Automatski otkriven prema klasi uređaja,
cr_auto_discovered_climate_devices,,Climate devices discovered automatically,Klimatski uređaji otkriveni automatski,
cr_pick_fan_entities_as_purifiers,,Choose fan entities to use as air purifiers,Odaberite entitete ventilatora koje ćete koristiti kao pročišćivače zraka,
cr_auto_discovered_humidifier_devices,,Humidifier devices discovered automatically,Uređaji za ovlaživanje zraka otkriveni automatski,
cr_removed_entities,,Removed entities,Uklonjeni entiteti,
cr_entities_removed_edit_mode,,Entities removed in edit mode,Entiteti uklonjeni u načinu uređivanja,
cr_card_indoor_climate_overview,,Indoor climate overview,Pregled unutarnje klime,
cr_card_sensor_device_tiles,,Sensor and device tiles,Pločice senzora i uređaja,
cr_card_thermostats_ac,,Thermostats and AC,Termostati i klima uređaj,
cr_card_temperature_summary,,Temperature summary,Sažetak temperature,
cr_card_humidity_summary,,Humidity summary,Sažetak vlažnosti,
cr_card_air_pressure_summary,,Air-pressure summary,Sažetak tlaka zraka,
cr_card_co2_summary,,CO₂ summary,CO₂ sažetak,
cr_card_air_quality_summary,,Air-quality summary,Sažetak kvalitete zraka,
cr_category_overview,,Overview,Pregled,
cr_category_devices,,Devices,Uređaji,
cr_category_sensors,,Sensors,Senzori,
cr_no_climate_sensors_devices,,No climate sensors or devices found.,Nisu pronađeni klimatski senzori ili uređaji.,
cr_no_climate_devices,,No climate devices found. Thermostats and AC units from Home Assistant appear here automatically.,Nisu pronađeni klimatski uređaji. Termostati i AC jedinice iz Home Assistant pojavljuju se ovdje automatski.,don't translate Home Assistant
cr_no_fans,,No fans found. Fan entities from Home Assistant appear here automatically.,Nije pronađen nijedan obožavatelj. Entiteti obožavatelja iz Home Assistant pojavljuju se ovdje automatski.,don't translate Home Assistant
cr_no_air_purifiers,,No air purifiers configured. Choose fan entities under Climate settings → Climate entities → Air purifiers.,Nema konfiguriranih pročistača zraka. Odaberite entitete ventilatora pod Postavke klime → Entiteti klime → Pročišćivači zraka.,
cr_no_humidifiers,,No humidifiers found. Humidifier entities from Home Assistant appear here automatically.,Ovlaživači zraka nisu pronađeni. Entiteti ovlaživača zraka iz Home Assistant pojavljuju se ovdje automatski.,don't translate Home Assistant
cr_unknown_climate_card,,Unknown climate card: %1$s,Nepoznata klimatska kartica: %1$s,app fills in %1$s — keep them
cr_select_climate_cards,,Select climate cards,Odaberite klimatske kartice,
cr_entities_for,,%1$s entities,%1$s entiteta,app fills in %1$s — keep them
cr_climate_card,,Climate card,Klimatska karta,
cr_climate_card_dialog_subtitle,,Data sources and card appearance,Izvori podataka i izgled kartice,
cr_card_and_data,,Card and data,Kartica i podaci,
cr_climate_stack,,Climate stack,Klima stack,
cr_climate_stack_dialog_subtitle,,"Cards, data sources, and layout","Kartice, izvori podataka i izgled",
cr_cards_and_data,,Cards and data,Kartice i podaci,
cr_sensor_count,one,%d sensor,%d senzor,app fills in %d — keep them
cr_sensor_count,other,%d sensors,%d senzora,app fills in %d — keep them
cr_sensor_count,few,,%d senzora,
cr_device_count_on,one,%1$d device · %2$d on,%1$d uređaj · %2$d uključen,app fills in %1$d %2$d — keep them
cr_device_count_on,other,%1$d devices · %2$d on,%1$d uređaja · %2$d uključeno,app fills in %1$d %2$d — keep them
cr_device_count_on,few,,%1$d uređaja · %2$d uključeno,
cr_outside_sensors_set,one,%d outside sensor set,%d postavljen vanjski senzor,app fills in %d — keep them
cr_outside_sensors_set,other,%d outside sensors set,Postavljeno %d vanjskih senzora,app fills in %d — keep them
cr_outside_sensors_set,few,,Postavljeno %d vanjskih senzora,
cr_auto_plus_manual,one,Automatic + %d manual,Automatski + %d ručno,app fills in %d — keep them
cr_auto_plus_manual,other,Automatic + %d manual,Automatski + %d ručno,app fills in %d — keep them
cr_auto_plus_manual,few,,Automatski + %d ručno,
cr_selected_count,one,%d selected,%d odabrano,app fills in %d — keep them
cr_selected_count,other,%d selected,%d odabrano,app fills in %d — keep them
cr_selected_count,few,,%d odabrano,
cr_removed_count,one,%d removed,%d uklonjeno,app fills in %d — keep them
cr_removed_count,other,%d removed,%d uklonjeno,app fills in %d — keep them
cr_removed_count,few,,%d uklonjeno,
cr_room,,Room,Soba,
cr_room_details,,Room details,Detalji sobe,
cr_empty_room,,"This room is empty. Swipe down on the header, enable edit mode, and add widgets, buttons, or tiles.","Ova soba je prazna. Prijeđite prstom prema dolje na zaglavlju, omogućite način uređivanja i dodajte widgete, gumbe ili pločice.",
cr_default_markdown_content,,# Markdown\nOpen this widget in **edit mode** to write your own content.,# Markdown\nOtvorite ovaj widget u **načinu uređivanja** da biste napisali vlastiti sadržaj.,\n = line break
cr_select_camera,,Select camera,Odaberite kameru,
cr_select_entity,,Select entity,Odaberite entitet,
cr_custom_camera,,Custom camera,Prilagođena kamera,
cr_configure_widget,,Configure widget,Konfigurirajte widget,
cr_configure_widget_subtitle,,Set the essentials before adding it,Postavite osnovne stvari prije dodavanja,
cr_widget_options,,Widget options,Mogućnosti widgeta,
cr_widget_options_subtitle,,Choose what this widget should display,Odaberite što bi ovaj widget trebao prikazati,
cr_add_widget,,Add widget,Dodaj widget,
cr_add_widget_subtitle,,Browse by purpose or search every widget,Pregledajte prema namjeni ili pretražite svaki widget,
cr_widget_category_controls,,Controls,Kontrole,
cr_widget_category_controls_description,,"Buttons, vacuums, and grouped controls","Gumbi, usisavači i grupirane kontrole",
cr_widget_category_cameras,,Cameras,Fotoaparati,
cr_widget_category_cameras_description,,Live camera tiles and multi-camera views,Pločice kamere uživo i prikazi s više kamera,
cr_widget_category_climate,,Climate and weather,Klima i vrijeme,
cr_widget_category_climate_description,,"Temperature, comfort, forecasts, and conditions","Temperatura, udobnost, prognoze i uvjeti",
cr_widget_category_energy,,Energy and batteries,Energija i baterije,
cr_widget_category_energy_description,,"Consumption, production, and device health","Potrošnja, proizvodnja i zdravlje uređaja",
cr_widget_category_information,,Information and media,Informacije i mediji,
cr_widget_category_information_description,,"Calendars, deliveries, graphs, notes, and playback","Kalendari, isporuke, grafikoni, bilješke i reprodukcija",
cr_widget_category_layout,,Layout and structure,Raspored i struktura,
cr_widget_category_layout_description,,Headings and flexible widget containers,Naslovi i fleksibilni spremnici widgeta,
cr_widget_adaptive_lighting,,Adaptive Lighting,Prilagodljiva rasvjeta,
cr_widget_adaptive_lighting_description,,Control any installed Adaptive Lighting profile,Upravljajte bilo kojim instaliranim profilom Adaptive Lighting,
cr_widget_button,,Button,Gumb,
cr_widget_button_description,,A single configurable entity control,Jedna konfigurabilna kontrola entiteta,
cr_widget_buttons,,Buttons,Gumbi,
cr_widget_calendar,,Calendar,Kalendar,
cr_widget_calendar_description,,"Agenda, week, and month views from Home Assistant calendars","Dnevni red, tjedni i mjesečni prikazi iz Home Assistant kalendara",don't translate Home Assistant
cr_widget_waste_collection,,Waste collection,Skupljanje otpada,
cr_widget_waste_collection_description,,Upcoming collections from waste sensors,Nadolazeće zbirke sa senzora za otpad,
cr_widget_parcels,,Parcels,Parcele,
cr_widget_parcels_description,,Incoming and outgoing parcels from supported carriers,Dolazni i odlazni paketi podržanih prijevoznika,
cr_widget_camera,,Camera,Fotoaparat,
cr_widget_camera_description,,A single live camera tile or stream URL,Jedna pločica kamere uživo ili URL streama,
cr_widget_cameras,,Cameras,Fotoaparati,
cr_widget_climate_card,,Climate card,Klimatska karta,
cr_widget_climate_card_description,,Any card from the Climate view,Bilo koja kartica iz prikaza Klima,
cr_widget_energy_card,,Energy card,Energetska kartica,
cr_widget_energy_card_description,,Any card from the Energy view,Bilo koja karta iz pogleda Energy,
cr_widget_battery_levels,,Battery levels,Razine baterije,
cr_widget_battery_levels_description,,"Low batteries, or Battery+ only with type details",Slabe baterije ili Baterija+ samo s pojedinostima o vrsti,
cr_widget_header_text,,Header text,Tekst zaglavlja,
cr_widget_header_text_description,,Add a section heading,Dodajte naslov odjeljka,
cr_widget_markdown,,Markdown,Smanjenje,
cr_widget_markdown_description,,A free-form card written in Markdown,Kartica slobodnog oblika napisana u Markdownu,
cr_widget_iframe,,iFrame,iFrame,
cr_widget_iframe_description,,Embed any web page on your dashboard,Ugradite bilo koju web stranicu na nadzornu ploču,
cr_widget_media_player,,Media player,Media player,
cr_widget_media_player_description,,Now-playing tile with album art as the background,Pločica koja se sada reproducira s omotom albuma kao pozadinom,
cr_widget_sensor_graph,,Sensor graph,Grafikon senzora,
cr_widget_sensor_graph_description,,"History graph for one or more sensors, as lines or bars","Grafikon povijesti za jedan ili više senzora, u obliku linija ili stupaca",
cr_widget_vacuum,,Vacuum,Vakuum,
cr_widget_vacuum_description,,A single robot-vacuum control,Jedna robotska kontrola usisavača,
cr_widget_weather,,Weather,Vrijeme,
cr_widget_weather_description,,A single weather card,Jedna vremenska karta,
cr_widget_empty_stack,,Empty stack,Prazan stog,
cr_widget_empty_stack_description,,Place widgets inside a configurable stack,Postavite widgete unutar hrpe koja se može konfigurirati,
cr_widget_button_stack,,Button stack,Stog gumba,
cr_widget_button_stack_description,,Group entities into configurable controls,Grupirajte entitete u konfigurabilne kontrole,
cr_widget_camera_stack,,Camera stack,Stog kamera,
cr_widget_camera_stack_description,,Show live camera tiles or a custom stream URL,Prikažite pločice kamere uživo ili prilagođeni URL streama,
cr_widget_climate_stack,,Climate stack,Klima stack,
cr_widget_climate_stack_description,,"Group climate cards such as overview, thermostats, and sensors","Grupirajte klimatske kartice kao što su pregled, termostati i senzori",
cr_widget_energy_stack,,Energy stack,Energetski stog,
cr_widget_energy_stack_description,,"Group energy cards such as usage, solar, gas, and water","Grupne energetske kartice kao što su potrošnja, solarna energija, plin i voda",
cr_widget_sensor_graph_stack,,Sensor graph stack,Stog senzorskog grafikona,
cr_widget_sensor_graph_stack_description,,Group several sensor-history graphs,Grupirajte nekoliko grafikona povijesti senzora,
cr_widget_swiping_stack,,Swiping stack,Povlačenje snopa,
cr_widget_swiping_stack_description,,Swipe horizontally through nested widgets,Prijeđite vodoravno kroz ugniježđene widgete,
cr_widget_vacuum_stack,,Vacuum stack,Vakuumska hrpa,
cr_widget_vacuum_stack_description,,Control robot vacuums with a map and battery status,Upravljajte robotskim usisivačima pomoću karte i statusa baterije,
cr_widget_weather_stack,,Weather stack,Vremenska prognoza,
cr_widget_weather_stack_description,,"Group conditions, forecast, wind, or rain-map cards","Grupne karte s uvjetima, prognozom, vjetrom ili kišom",
cr_camera_settings,,Camera settings,Postavke kamere,
cr_vacuum_settings,,Vacuum settings,Postavke vakuuma,
cr_button_settings,,Button settings,Postavke gumba,
cr_robot_image,,Robot image,Slika robota,
cr_map_camera,,Map camera,Kamera za karte,
cr_external_url,,External URL,Vanjski URL,
cr_valetudo_map,,Valetudo map,Valetudo karta,don't translate Valetudo
cr_valetudo_map_hint,,Draws the map from a Valetudo robot and lets you tap a room to clean it. Pick the robot's map camera below.,Crta kartu iz Valetudo robota i omogućuje vam da dodirnete sobu da je očistite. Dolje odaberite robotovu kameru s kartom.,don't translate Valetudo
cr_valetudo_camera_mode_note,,Using Map camera with a Valetudo map entity shows a blank tile. Valetudo does not render the map on the robot — its PNG is only a container for the map data. Choose Valetudo map instead to have HKI draw it.,Korištenje kamere karte s entitetom karte Valetudo prikazuje praznu pločicu. Valetudo ne prikazuje kartu na robotu — njegov PNG je samo spremnik za podatke karte. Odaberite Valetudo kartu umjesto da je HKI nacrta.,don't translate Valetudo
cr_animation_glow,,Glow,Sjaj,
cr_animation_spin,,Spin,Spin,
cr_animation_pulse,,Pulse,Puls,
cr_adaptive_lighting_widget,,Adaptive Lighting widget,Widget Adaptive Lighting,
cr_adaptive_lighting_widget_subtitle,,"Profiles, size, and appearance","Profili, veličina i izgled",
cr_button_stack_dialog_subtitle,,"Layout, appearance, and entity order","Izgled, izgled i poredak entiteta",
cr_expand_stack,,Expand stack,Proširi snop,
cr_collapse_stack,,Collapse stack,Sažmi snop,
cr_hide_stack,,Hide stack,Sakrij hrpu,
cr_unhide_stack,,Unhide stack,Otkrij hrpu,
cr_swiping_stack_dialog_subtitle,,"Pages, height, and card appearance","Stranice, visina i izgled kartice",
cr_empty_stack_dialog_subtitle,,Container layout and appearance,Raspored i izgled spremnika,
cr_header_text_dialog_subtitle,,Heading content and visual style,Sadržaj naslova i vizualni stil,
cr_animation_swipe,,Swipe,Ukrasti,
cr_animation_fade,,Fade,Uvenuti,
cr_animation_zoom,,Zoom,Zum,
cr_animation_slide_fade,,Slide + fade,Klizanje + blijeđenje,
cr_animation_cube,,Cube,Kocka,
cr_animation_instant,,Instant,Trenutak,
cr_widget_option_count,one,%d option,%d opcija,app fills in %d — keep them
cr_widget_option_count,other,%d options,%d opcija,app fills in %d — keep them
cr_widget_option_count,few,,%d opcija,
cr_configured_lights,one,%d configured light,%d konfigurirano svjetlo,app fills in %d — keep them
cr_configured_lights,other,%d configured lights,%d konfigurirana svjetla,app fills in %d — keep them
cr_configured_lights,few,,%d konfigurirana svjetla,
cr_quick_notifications,,Notifications,Obavijesti,
cr_quick_notifications_instruction,,Swipe right from the upper-left edge.,Prijeđite prstom udesno od gornjeg lijevog ruba.,
cr_quick_switch_homes,,Switch homes,Promijenite domove,
cr_quick_switch_homes_instruction,,Swipe left from the upper-right edge of the header.,Prijeđite prstom ulijevo od gornjeg desnog ruba zaglavlja.,
cr_quick_actions,,Quick actions,Brze akcije,
cr_quick_actions_instruction,,"Pull down on any page header for Search, Flows, Edit, and Settings.","Povucite prema dolje bilo koje zaglavlje stranice za pretraživanje, tokove, uređivanje i postavke.",
cr_quick_media_player,,Media player,Media player,
cr_quick_media_player_instruction,,"When the handle appears, swipe up on the bottom bar to restore the player.","Kada se pojavi ručica, prijeđite prstom prema gore na donjoj traci da vratite player.",
cr_quick_make_it_yours,,Make it yours,Učinite ga svojim,
cr_quick_make_it_yours_instruction,,"In edit mode, add and reorder rooms, floors, and widgets. Tap an item to configure it.","U načinu uređivanja dodajte i promijenite redoslijed soba, katova i widgeta. Dodirnite stavku da biste je konfigurirali.",
cr_whats_new_1_1_2,1,"Returning from Home Assistant Settings, Developer tools or HACS now restores the same position in HKI 7 Settings instead of reopening at the top.","Povratak iz Home Assistant postavki, alata za razvojne programere ili HACS sada vraća istu poziciju u HKI 7 postavkama umjesto ponovnog otvaranja na vrhu.","don't translate Home Assistant, HKI 7"
cr_whats_new_1_1_2,2,"Android 17 now asks for Local network access before finding or connecting directly to Home Assistant, so local servers keep working with API 37. Settings › Connection shows whether it is allowed and can ask again, for when the Android 17 upgrade arrives long after setup.","Android 17 sada traži pristup lokalnoj mreži prije nego što pronađe ili se izravno poveže s Home Assistant, tako da lokalni poslužitelji nastavljaju raditi s API-jem 37. Postavke › Veza pokazuje je li dopuštena i može ponovo pitati kada nadogradnja za Android 17 stigne dugo nakon postavljanja.",don't translate Home Assistant
cr_whats_new_1_1_2,3,"Update notifications now also appear in HKI 7's own notification panel, with a “See what changed” link to the release notes. The system notification is gone once you swipe it away; this one stays, and checking for updates under Settings › About brings it back.","Obavijesti o ažuriranju sada se pojavljuju i na vlastitoj ploči s obavijestima HKI 7, s vezom “Pogledajte što se promijenilo” na napomene o izdanju. Obavijest sustava nestaje nakon što je prijeđete; ovaj ostaje, a provjera ažuriranja pod Postavke › O vraća ga.",don't translate HKI 7
cr_whats_new_1_1_2,4,"Permission tiles in Settings now update as soon as you come back from granting one. Location, battery optimization and background usage kept showing the old state until Settings was closed and reopened.","Pločice dopuštenja u Postavkama sada se ažuriraju čim se vratite nakon davanja dopuštenja. Lokacija, optimizacija baterije i upotreba u pozadini prikazivali su staro stanje sve dok Postavke nisu zatvorene i ponovno otvorene.",
cr_whats_new_1_1_1,1,"New Clock widget. Analog or digital, seven designs each, 12 or 24-hour time, and the day, date and year if you want them. Tap it to see your next alarm.","Novi widget za sat. Analogni ili digitalni, svaki sa sedam dizajna, 12 ili 24-satno vrijeme, i dan, datum i godina ako ih želite. Dodirnite ga da vidite svoj sljedeći alarm.",
cr_whats_new_1_1_1,2,"Reach Home Assistant itself from Settings. Admins get its Settings, Developer tools and HACS full screen inside HKI 7, already signed in.","Dođite do samog Home Assistant iz postavki. Administratori dobivaju njegove postavke, alate za razvojne programere i HACS preko cijelog zaslona unutar HKI 7, već prijavljeni.","don't translate Home Assistant, HKI 7"
cr_whats_new_1_1_1,3,HKI 7 tells you when a new version is out — useful if you installed it from GitHub rather than the Play Store. Turn it off in Settings › About.,"HKI 7 vam govori kada nova verzija izađe — korisno ako ste je instalirali s GitHuba, a ne iz Trgovine Play. Isključite ga u Postavkama › O uređaju.",don't translate HKI 7
cr_whats_new_1_1_1,4,"Home Assistant can now see your phone's next alarm, the same sensor the official app provides.","Home Assistant sada može vidjeti sljedeći alarm vašeg telefona, isti senzor koji pruža službena aplikacija.",don't translate Home Assistant
cr_whats_new_1_1_1,5,"Media players show what is playing, not just which app is open. An Android TV streaming a series shows the programme, season and episode.","Media playeri pokazuju što se reproducira, a ne samo koja je aplikacija otvorena. Android TV koji struji seriju prikazuje program, sezonu i epizodu.",
cr_whats_new_1_1_1,6,"Back goes to the page you were on before, every time, until you reach Home. It no longer skips pages or leaves the app early.","Natrag vraća na stranicu na kojoj ste bili prije, svaki put, dok ne dođete do početne stranice. Više ne preskače stranice niti rano napušta aplikaciju.",
cr_whats_new_1_1_1,7,"Fixed temperature and energy readings in Czech, Slovak, Greek, Norwegian, Swedish and Danish, where numbers showed wrongly or could crash the screen.","Fiksna očitanja temperature i energije na češkom, slovačkom, grčkom, norveškom, švedskom i danskom, gdje su se brojke pokazivale pogrešno ili su mogle srušiti zaslon.",
cr_whats_new_1_1_1,8,"Something worded badly in your language? Each language is now a single file you can correct on GitHub, no code needed.","Nešto loše napisano na vašem jeziku? Svaki je jezik sada jedna datoteka koju možete ispraviti na GitHubu, bez potrebe za kodom.",
cr_whats_new_1_1_0,1,"Eighteen more languages, taking HKI 7 to 36. Polish, Russian, Czech, Slovak, Hungarian, Romanian, Bulgarian, Croatian, Greek, Lithuanian, Latvian, Estonian, Danish, Thai and Hebrew join the list, along with Austrian German, Swiss German and Mexican Spanish. Hebrew lays the interface out right to left, as Arabic does.","Još osamnaest jezika, uzdižući HKI 7 do 36. Poljski, ruski, češki, slovački, mađarski, rumunjski, bugarski, hrvatski, grčki, litvanski, latvijski, estonski, danski, tajlandski i hebrejski pridružuju se popisu, zajedno s austrijskim njemačkim, švicarskim njemačkim i meksičkim španjolskim. Hebrejski postavlja sučelje zdesna nalijevo, kao što to čini arapski.",don't translate HKI 7
cr_whats_new_1_1_0,2,"HKI 7 now runs on Android 12 and later. It previously needed Android 14, which ruled out a lot of perfectly capable phones and tablets.","HKI 7 sada radi na Androidu 12 i novijim verzijama. Prethodno je trebao Android 14, što je isključivalo mnoge savršeno sposobne telefone i tablete.",don't translate HKI 7
cr_whats_new_1_1_0,3,"Energy costs are shown in your own currency instead of always in euros. HKI 7 follows what your cost sensors report, and there is a Currency setting in Energy settings if you would rather choose one yourself.","Troškovi energije prikazani su u vlastitoj valuti umjesto uvijek u eurima. HKI 7 prati ono što izvješćuju vaši senzori troškova, a postoji i postavka valute u postavkama energije ako biste je radije sami odabrali.",don't translate HKI 7
cr_whats_new_1_1_0,4,"The language picker has a search box and is sorted, which it needed at 36 entries. If you ever land in a language you cannot read, the way back is still the first thing on screen.","Birač jezika ima okvir za pretraživanje i sortiran je, što mu je bilo potrebno za 36 unosa. Ako ikad sletite na jezik koji ne znate čitati, put natrag je još uvijek prva stvar na ekranu.",
cr_whats_new_1_1_0,5,"Views remember where you had scrolled to, and tapping the tab you are already on takes you back to the top.","Prikazi pamte gdje ste se pomaknuli, a dodirom kartice na kojoj se već nalazite vraćate se na vrh.",
cr_whats_new_1_1_0,6,"Swiping sideways no longer carries you out of a page you have opened, such as Solar inside Energy. Back now returns you to the view you came from rather than jumping to the home page.","Klizanje u stranu više vas ne nosi sa stranice koju ste otvorili, kao što je Solar inside Energy. Back now vraća vas na prikaz iz kojeg ste došli umjesto da skačete na početnu stranicu.",
cr_whats_new_1_1_0,7,"Scrollable rows say so. The pull-down menu, the navigation bar and the settings tabs all show an arrow at the edge when there is more to reach.","Redovi koji se mogu pomicati to govore. Padajući izbornik, navigacijska traka i kartice s postavkama pokazuju strelicu na rubu kada postoji više za dosegnuti.",
cr_whats_new_1_1_0,8,"Dialogs look and behave the same throughout. Six of them were plain Android dialogs with no close button in the corner, and buttons across the app now agree on what Close, Save and Done mean.","Dijalozi izgledaju i ponašaju se jednako cijelo vrijeme. Šest od njih bili su obični Android dijalozi bez gumba za zatvaranje u kutu, a gumbi diljem aplikacije sada se slažu oko toga što znače Zatvori, Spremi i Gotovo.",
cr_whats_new_1_1_0,9,"Creating a dashboard asks first and then offers the same choices as first-time setup — so a new dashboard can start from a backup or from one your family has shared, as well as being generated or left empty. Your current dashboard is never overwritten, and shared dashboards are now marked as shared in the list.","Stvaranje nadzorne ploče prvo postavlja pitanje, a zatim nudi iste izbore kao i prvo postavljanje — tako da nova nadzorna ploča može započeti od sigurnosne kopije ili od one koju je vaša obitelj podijelila, kao i biti generirana ili ostavljena prazna. Vaša trenutna nadzorna ploča nikada se ne briše, a dijeljene nadzorne ploče sada su označene kao dijeljene na popisu.",
cr_whats_new_1_1_0,10,"The battery widget opens a list in place instead of taking you to a separate page, grouped by how urgent each one is and showing the battery type where Home Assistant knows it. There is a search box, and a button to open the full Battery view if you want it.","Widget baterije otvara popis na mjestu umjesto da vas odvede na zasebnu stranicu, grupiranu prema tome koliko je svaka hitna i prikazuje vrstu baterije tamo gdje Home Assistant to zna. Postoji okvir za pretraživanje i gumb za otvaranje punog prikaza baterije ako ga želite.",don't translate Home Assistant
cr_whats_new_1_1_0,11,"Tapping the people counter in a room shows who is there, with each person's picture. The Rooms header now has a household counter too, showing where everyone is without opening every room.","Dodirom brojača osoba u sobi prikazuje se tko je tamo, sa slikom svake osobe. Zaglavlje Sobe sada ima i brojač kućanstva, koji pokazuje gdje se tko nalazi bez otvaranja svake sobe.",
cr_whats_new_1_1_0,12,"A button can be left out of a room's Lights and Devices counters, for the ones that are in the room but not really part of it.","Gumb se može izostaviti iz brojača svjetla i uređaja u sobi, za one koji su u sobi, ali zapravo nisu njezin dio.",
cr_whats_new_1_1_0,13,"Widgets that need an integration you do not have — Formula 1, Parcels, Waste Collection — are greyed out and say what is missing, instead of being added and then sitting empty.","Widgeti kojima je potrebna integracija koju vi nemate — Formula 1, Parcele, Odvoz otpada — zasivljeni su i govore što nedostaje, umjesto da se dodaju i ostanu prazni.",
cr_whats_new_1_1_0,14,"Parcel tracking covers fifteen more carriers, including PostNord, InPost, Swiss Post, An Post, Budbee, Sameday and Nova Post, each with its own logo.","Praćenje paketa pokriva još petnaest prijevoznika, uključujući PostNord, InPost, Swiss Post, An Post, Budbee, Sameday i Novu poštu, svaki sa svojim logotipom.",
cr_whats_new_1_1_0,15,"A Valetudo robot vacuum picks up its live map automatically when your rooms are imported, rather than needing the camera chosen by hand.","Valetudo robotski usisivač automatski preuzima svoju mapu uživo kada se uvezu vaše sobe, umjesto da je potrebna kamera koju ručno odaberete.",don't translate Valetudo
cr_whats_new_1_0_1,1,"Swiping between tabs now follows your finger. The pages move as you drag, you can change your mind mid-swipe and pull them back, and they settle where you let go. Previously the change was decided the moment you had dragged far enough and could not be taken back, while the animation that played afterwards was on its own timer and unrelated to the gesture — so the app committed to a page before your finger had finished asking for one.",,needs translation
cr_whats_new_1_0_1,2,"The bottom bar now keeps the selected tab in view. On a phone too narrow for every tab it scrolls the active one to the centre, so the tab you are on is always visible along with its neighbours — which is also the hint that there are more pages to swipe to. Reaching the last tab used to leave the indicator somewhere off the end of the bar.",,needs translation
cr_whats_new_1_0_1,3,"Swiping between rooms shows how many rooms there are and which one you are on, as dots above the navigation bar — or as a count once there are more than eight. Room swiping also stops at the last room instead of wrapping around to the first, matching how the tabs behave. Rooms an admin has hidden are now skipped by the swipe rather than only blocked when opened.",,needs translation
cr_whats_new_1_0_1,4,"The pull-down header menu animates to wherever you let it go, instead of jumping open or shut in a single frame. It settles by which half you released it in, a quick flick opens it without a full-length drag, and it can be caught and dragged again mid-animation. It also no longer stops dead partway when pulled a long way but not quite far enough.",,needs translation
cr_whats_new_1_0_1,5,"Settings remembers where you were. Coming back from a sub-menu returns to the place in the list you left rather than to the top, which was most noticeable on the long way down to About and Licenses. The page settings dialog had the opposite problem — one scroll position carried across unrelated sub-menus — and that is fixed too.",,needs translation
cr_whats_new_1_0_1,6,"The notification panel now has a button in the pull-down header menu, so the left-edge swipe is no longer the only way to reach it. That let the strip of screen edge reserved for the swipe shrink from 200dp to 88dp: the reserved strip is where Android's own back gesture stops working, and it had been covering the exact corner where the back arrow sits.",,needs translation
cr_whats_new_1_0_1,7,"Fixed the app closing instead of the notification panel when back was pressed during the panel's opening animation. Back is also defined for the tabs now — it returns to the first tab before leaving the app, rather than exiting from wherever you happened to have swiped to.",,needs translation
cr_whats_new_1_0_1,8,"The home switcher panel follows Android's predictive back gesture, sliding out with your finger and springing back if you change your mind.",,needs translation
cr_whats_new_1_0_1,9,"Four more languages: Norwegian, Swedish, Finnish and Arabic. Arabic lays the whole app out right to left — the navigation bar, the panels that slide in from the screen edge, and the swipe that moves between tabs all mirror, rather than only the text changing direction. Product names such as Home Assistant stay in Latin script wherever they appear.",,needs translation; don't translate Home Assistant
cr_whats_new_1_0_1,10,"Swiping between rooms is much smoother. A room screen is by far the heaviest page in the app, and the next one was being built during the first frames of the swipe — precisely when there was no time for it. It is now prepared while nothing is moving, and live sensor updates wait for the swipe to finish instead of redrawing every open page mid-gesture.",,needs translation
cr_whats_new_1_0_1,11,"The notification panel and the home switcher are dragged rather than flicked open, following your finger and settling where you let go. They close the same way: push them back towards the edge they came from. Tapping the panel itself no longer closes it, which it used to do anywhere you touched that was not a button.",,needs translation
cr_whats_new_1_0_1,12,"A horizontal row inside a page — a mode selector, a swipe row, a swiping stack — no longer hands the rest of the gesture to the page once it reaches its end. Picking the first or last item in such a row used to flip the whole page instead.",,needs translation
cr_whats_new_1_0_1,13,"Dialogs with tabs show how many there are and which one you are on, and a sideways swipe anywhere on the dialog changes tab. The swipe used to be written off as a scroll whenever it set off with the slight downward arc a thumb naturally makes, which made it feel like it worked only sometimes.",,needs translation
cr_whats_new_1_0_1,14,"Demo mode no longer talks to the network. Twenty-six requests — the whole HKI 7 Cloud surface plus the event timeline, camera snapshots and vacuum maps — were still being attempted against a server that does not exist, and one of them retried every three seconds for the entire session, filling the connection log with failures. Restarting Home Assistant in the demo is now simulated in a few seconds rather than showing ""restarting"" for two minutes and giving up.",,"needs translation; don't translate HKI 7 Cloud, Home Assistant"
cr_whats_new_1_0_0,1,"New Events tab in the notification drawer: a timeline of what your home has actually been doing. The front door opening, a light going off, someone arriving home — each with the time and, where Home Assistant knows, who did it. An admin picks which entities appear under Settings › Family Sharing › Events, once for the whole family rather than on every phone. It reads Home Assistant's own logbook rather than recording anything on the device, so it still shows what happened overnight while the app was closed, and it opens on the last 3 hours — a timeline answers what just happened — with 6h to 72h a tap away. Events never touch the notification bell's unread count: a timeline of doors opening would leave that badge permanently lit and mean nothing. Requires HKI 7 Cloud 0.9.0.*",,"needs translation; don't translate HKI 7 Cloud, Home Assistant"
cr_whats_new_1_0_0,2,"An admin can take parts of the timeline away from individual family members — a whole domain, or named entities — from the same Events tab. Everyone sees the full timeline unless something is taken out for them, so adding a person to the family does not mean building their timeline from scratch. The filtering happens in the HKI 7 Cloud component rather than in the app, so a restricted device is never even told which entities it is being kept away from. As with hidden views and rooms, this hides the timeline rather than the entities: Home Assistant has no per-entity read permission for non-admin accounts, so anyone signed in can still read those entities through Home Assistant itself.*",,"needs translation; don't translate HKI 7 Cloud, Home Assistant"
cr_whats_new_1_0_0,3,"The event roster takes whole domains as well as named entities, so ""every lock"" is one choice rather than eleven. Domains are resolved fresh each time the timeline opens, so a lock added next month joins on its own instead of the roster meaning whatever existed the day it was set. The editor shows what each domain currently covers, since one domain can be hundreds of entities. Requires HKI 7 Cloud 0.10.0.*",,needs translation; don't translate HKI 7 Cloud
cr_whats_new_1_0_0,4,"Events are labelled and filterable by what kind of thing they happened to — Doors, Windows, Motion, Lights, Locks. The filter row is built from what your timeline actually contains, so you are never offered a filter that can only come back empty. Days stay as the list headings: a timeline that reorders itself by category stops being a timeline.",,needs translation
cr_whats_new_1_0_0,5,"Weather artwork now animates in the daily forecast, the hourly strip and the header pill, not only on the hero card. Animation was previously switched off below a fixed size, which caught all three.",,needs translation
cr_whats_new_1_0_0,6,"Where weather artwork animates is now four separate switches — header pill, weather dialog, forecast strips, weather widget — instead of riding on the entity icon animation setting. The forecast strips animate a dozen icons side by side and are the only ones that ever cost anything noticeable, so turning those off need not mean losing the single small icon in the header pill. All four are on by default, and appear both in Settings › Appearance › Icons and in the header pill's own settings.",,needs translation
cr_whats_new_1_0_0,7,"The 6h/12h/24h/48h/72h range selector is centred rather than left-aligned everywhere it appears, and gains a 3h option.",,needs translation
cr_whats_new_1_0_0,8,"New Connection log at the bottom of Settings › Connection: what the app's connection has actually been doing — connection attempts, reconnects, sync and subscriptions — with buttons to copy or clear it. All of this was already being recorded; nothing displayed it. It holds the last 300 lines and starts empty each launch.",,needs translation
cr_whats_new_1_0_0,9,"A button stack's layout options are now named the same as a single button's. The same shape was called Tile on a button and Compact on a stack, which made them look like different features.",,needs translation
cr_whats_new_1_0_0,10,"New Centered button layout beside Standard, Square and Tile: a square card whose icon sits in the middle of the space above the text, with the name and state centred beneath it. The icon is pushed upward rather than crowded as the text grows. A grid of these reads as a keypad, which is what makes a remote control possible.",,needs translation
cr_whats_new_1_0_0,11,"A button's icon, name and state are each shown or hidden on their own, under a new Elements section in its settings. The old Icon only switch is gone — hiding both the name and state is what it did, and these also let you keep one of them. Existing icon-only buttons keep working.",,needs translation
cr_whats_new_1_0_0,12,"A button stack carries the same three switches for all of its children, so a stack of twenty buttons need not be set twenty times. Turning one off on the stack hides it on every button; leaving it on lets each button decide.",,needs translation
cr_whats_new_1_0_0,13,"Fixed the button stack settings dialog stopping about two thirds of the way down with empty space below it, leaving the rest unreachable on a tall phone or a tablet.",,needs translation
cr_whats_new_1_0_0,14,"Navigation bar, media players and popups moved from Settings › Appearance to Settings › Dashboard, below the dashboards themselves. They are parts of what the dashboard is made of rather than how it is styled.",,needs translation
cr_whats_new_1_0_0,15,"Settings › Connection ends with the connection log, and Restart Home Assistant now sits below it rather than above — it is the most disruptive thing on the screen and the least often wanted.",,needs translation; don't translate Home Assistant
cr_whats_new_1_0_0,16,"The Events tab gives an admin a button straight to Settings › Family Sharing › Events when nothing is being tracked yet, instead of only naming where to go.",,needs translation
cr_whats_new_1_0_0,17,"Entity and domain pickers list what is already selected first, so undoing a choice does not mean hunting for it alphabetically. The order is fixed when the picker opens, so ticking something does not make it jump away from your finger.",,needs translation
cr_whats_new_1_0_0,18,"A button stack's heading now has explicit Show name and Show icon switches, plus an option to centre them. Clearing the text field used to be the only way to get a stack with no heading, which hid that it was possible and meant losing the name to hide it.",,needs translation
cr_whats_new_beta_18,1,"An admin can now change who a published family dashboard is shared with, instead of only being able to choose at the moment of publishing. Settings › Family Sharing › Dashboards lists who each published dashboard reaches, with a Manage access button to add or remove people. Until now the only way to take a dashboard away from one person was to delete it for everybody.*",,needs translation
cr_whats_new_beta_18,2,"Losing access to a family dashboard now clears what was layered on top of it. The dashboard itself was already removed, but the rooms, widgets, pages, nav bar, header pill and theme it left behind on the device stayed — so the next dashboard an admin shared arrived on top of the previous one's leftovers and looked like it had failed to import in full. Everything that belonged to the revoked dashboard is now removed with it. Home Assistant connections, profiles and notification settings are untouched: losing a dashboard is not being signed out.*",,needs translation; don't translate Home Assistant
cr_whats_new_beta_18,3,"New Devices tab under Settings › Family Sharing, showing which HKI version each family device is running and flagging the ones older than yours, with the Home Assistant account, device name, Android version and when it last reported. Each install records this through the HKI 7 Cloud component over the connection the app already uses, so every signed-in device is covered — including one with Location and Notifications both switched off — and nothing is added to Home Assistant's entity list. A device can only ever report itself. An admin can forget a phone that has been replaced; one still in use reappears the next time its app opens. Requires HKI 7 Cloud 0.7.0.*",,"needs translation; don't translate HKI 7 Cloud, Home Assistant"
cr_whats_new_beta_18,4,"An admin can now require the family to update. ""Require everyone to be on this version"" in the Devices tab sets a household minimum; anyone below it gets a full-screen prompt on their next launch instead of the dashboard, with Google Play's in-app update doing the install. There is also a per-device ""Ask to update"" for when one phone is behind rather than everyone, which clears itself once that device updates. No app can install a newer version of itself, so Play does the actual work — which also means the prompt can only insist when Play genuinely has the update ready. When it does not, the prompt explains why and lets you past for that session, rather than locking someone out of their own locks and alarms over an update they cannot get. You can only require a version some family device already runs. Requires HKI 7 Cloud 0.8.0.*",,needs translation; don't translate HKI 7 Cloud
cr_whats_new_beta_18,5,"Each Family Sharing tab now says for itself when it needs a newer HKI 7 Cloud than the one installed, instead of that only appearing in the summary at the top of the screen. Parental controls, Permissions, Presence and Devices each carry the version they need, so it is clear before you configure a tab whose settings the installed component cannot store yet.",,needs translation; don't translate HKI 7 Cloud
cr_whats_new_beta_17,1,"Fixed a crash that could take the whole app down during the very first connection attempt after opening it, which read as ""the app won't even open"". The setup that runs on every launch had no error handling of its own, so a failure there — usually an expired session being refreshed on a flaky network — escaped as an unhandled error instead of surfacing as a connection error you could retry. As a backstop, an unexpected error on a background task can no longer terminate the app at all.",,needs translation
cr_whats_new_beta_17,2,"The dashboard no longer rebuilds itself every time Home Assistant reports a state change. The home screen tracked the complete entity list, so a single motion sensor tripping or a power meter ticking — several times a second on a busy install — invalidated the whole screen and every widget on it, even when nothing visible had changed. It now watches only what it actually draws.",,needs translation; don't translate Home Assistant
cr_whats_new_beta_17,3,"Entity icon animations no longer redo layout work on every frame they animate. The spin, pulse and glow effects re-ran the surrounding widget's composition on each animation frame instead of just redrawing the icon, so any dashboard with an active light, an open door or a recording camera paid that cost continuously. The animations look exactly the same.",,needs translation
cr_whats_new_beta_17,4,"Fixed the app becoming unresponsive — and eventually killed by Android — when opening the history of a busy entity, such as a motion sensor that logs thousands of state changes a day. Matching each history entry to its actor re-scanned and re-parsed the entire logbook's timestamps from scratch for every single entry, work that scaled with history size squared; a quiet entity never noticed, but a busy one could peg the CPU for ten seconds straight. The logbook is now parsed once instead of once per entry, and the whole fetch runs off the main thread.",,needs translation
cr_whats_new_beta_17,5,"Hardened how the app reads attributes Home Assistant sends for an entity: a value present but shaped unexpectedly (an object or array where a plain number or piece of text was expected) used to throw and crash whatever screen read it, instead of just being treated as missing.",,needs translation; don't translate Home Assistant
cr_whats_new_beta_17,6,"Fixed ""Push to family dashboard"" reporting a dashboard as already up to date no matter what had changed. A dashboard re-imported after a reinstall is stored locally under a different id than the one the cloud copy is published under, and the push check was still looking up the local export by the cloud id, finding nothing, and silently skipping that dashboard on every push.",,needs translation
cr_whats_new_beta_15,1,"The Formula 1 widget gains two new tabs and expands two existing ones. Calendar lists the season's races in order, with each circuit and the host country's flag. Grid shows the starting grid, with each driver's move up or down from where they qualified. Standings can now show a championship prediction alongside the points table — current and predicted final points, for drivers or constructors — when F1 Sensor's optional F1TV Auth is set up. Live gains a proper timing list: gap to the leader, interval to the car ahead, tyre compound and stint length, and pit/retired status for every driver, plus which lap the leader is on.",,needs translation
cr_whats_new_beta_15,2,"Fixed shared family dashboards failing to update at all once the owner added a widget type introduced in a newer app version, such as the To-Do List or Formula 1 widgets. A single unrecognized widget used to fail the whole dashboard, so a family member on an older build stopped receiving any of that dashboard's changes instead of just missing the new widget. Unrecognized widgets are now skipped individually, so the rest of a shared dashboard keeps working across app versions.",,needs translation
cr_whats_new_beta_15,3,"The To-Do widget's square card can now feature one whole list instead of items individually flagged high priority. A new Hero list picker in the widget's General tab — shown once it has at least one tab — chooses which list's open items appear on the card, labelled with that list's name, so what you see at a glance is a specific list like Chores rather than a scattered mix pulled from every tab. Deleting a tab that's currently the hero list clears the setting automatically.",,needs translation
cr_whats_new_beta_15,4,"Fixed the app crashing whenever it needed to reconnect to Home Assistant or the connection failed. The in-app push-notification channel ran its subscription in a way that let a dropped connection's error skip past the surrounding error handling entirely and crash the app outright. A separate mismatch also meant every single reconnect immediately tore the whole sync stack down and rebuilt it a second time, racing its own freshly made connection. Both are fixed.",,needs translation; don't translate Home Assistant
cr_whats_new_beta_14,1,"Settings › Family Sharing now shows which HKI 7 Cloud version is installed, and — if it's behind — exactly which family features that leaves unavailable, each labelled with the version that unlocks it. Previously the only way to find out a component was out of date was to hit a save that silently dropped part of what you configured.*",,needs translation; don't translate HKI 7 Cloud
cr_whats_new_beta_14,2,"New To-Do List widget: a shared checklist or shopping list the whole family can add to. Items support an optional quantity, category, priority (low, normal or high, shown as a flag) and due date, with Added by and Checked by attribution when more than one person edits the list. Choose Manual, A–Z, Priority, or Newest-first ordering, and filter between To do, All, and Done from the dialog. Editing can be limited to everyone, specific family members picked from the real Home Assistant user list, or admins only, enforced the same way the rest of the app's family permissions are. It follows the same design as every other widget, with the usual General, Permissions, Appearance and Visibility settings tabs.",,needs translation; don't translate Home Assistant
cr_whats_new_beta_14,3,"Room following can now be set to only place someone in the right room when the app starts, without tracking them for the rest of the session. The existing Ask before switching rooms switch only chose between asking and switching silently; there was no way to get the one-time placement without the app continuing to follow every move afterward. A new Keep following while the app is open switch under each person's room-following settings turns that continued tracking off on its own, leaving Open their room when the app starts to do the one placement it always did.*",,needs translation
cr_whats_new_beta_14,4,"New Formula 1 widget, for the F1 Sensor integration. The card shows the next race with a countdown and the circuit outline; opening it gives four tabs — Next race with the full session schedule and trackside weather, Standings for drivers and constructors, Results for the last grand prix with places gained or lost, and a Live tab that appears only while a session is running, showing the flag and race control messages. It finds its sensors on its own: F1 Sensor lets you rename its entities and pick a language, so the widget matches on the integration's stable internal keys rather than entity ids.",,needs translation
cr_whats_new_beta_14,5,"New Find my devices widget: a map of your phones, watches, tags and trackers. Add any device_tracker or person entity; the ones reporting GPS appear as pins on the map, the rest are still listed with their state. Tick as many as you like to show them together, or leave nothing ticked to see everything. Three filters narrow the list: All, Devices, and People. The card follows the same design as the other widgets, so background image, icon, width, shape and corner radius all work as you would expect.",,needs translation
cr_whats_new_beta_14,6,"The maps in the app no longer look like a printed atlas. HKI now uses the same muted CARTO basemap that Home Assistant's own map card uses, instead of the standard OpenStreetMap rendering, which was designed as a mapper's reference render rather than a background for an app. It also has a proper dark variant, so the map finally follows your theme instead of glowing white inside a dark dialog.",,needs translation; don't translate Home Assistant
cr_whats_new_beta_14,7,"Fixed room following doing nothing at all once Ask before switching rooms was turned off. That switch was being treated as a master off-switch for the whole feature, so with prompting disabled the app neither asked nor moved. It now does what it says: with prompting on you get the prompt, with it off the room simply opens. Don't ask again until I restart still stops both, since trading a prompt for a surprise jump would be worse.",,needs translation
cr_whats_new_beta_14,8,"Fixed the waste widget's settings dialog being cut off around two thirds of the way down while empty space sat below it. The dialog reserves a tall card but its contents were capped at a fixed height, so the scroll area stopped short of the space available. Both the settings dialog and the waste dialog itself now use the full height.",,needs translation
cr_whats_new_beta_14,9,"The waste dialog's calendar can now look 7, 14 or 28 days ahead, and is drawn as a week grid like the calendar widget rather than a flat list: weekday columns, one row per week, and a coloured dot per collection in its fraction's colour. Tap a day to see what is collected then; it opens on the next day with a collection.",,needs translation
cr_whats_new_beta_14,10,"Parcel dialogs now say Today or Tomorrow instead of naming the weekday. The whole question a delivery date answers is how soon, and “Wednesday” on a Wednesday made you work that out yourself.",,needs translation
cr_whats_new_beta_14,11,"The +2 bubble in the header, shown when there are more people than fit, now opens. Tapping it lists everyone with their name and state, and picking someone opens their detail dialog as usual. Previously those people were simply unreachable on a narrow header.",,needs translation
cr_whats_new_beta_14,12,"Fixed the map in the person dialog overflowing the dialog on a tablet or unfolded foldable. The map was drawn as a square as wide as the dialog, so on a 620dp-wide card it became 620dp tall and pushed the address off the bottom. It now takes the height left over instead.",,needs translation
cr_whats_new_beta_14,13,"Fixed notifications going undelivered while Home Assistant reported the device as not connected to local push notifications, even with the app open. The app stood aside for its background connection whenever the settings said that connection should be running — but when Android refused to start it, such as after a reboot, nothing was listening at all. The app now checks whether that connection is really running rather than whether it is meant to be, takes over when it is not, and hands the channel back the moment it does come up.",,needs translation; don't translate Home Assistant
cr_whats_new_beta_14,14,"Fixed room-following settings not taking effect on the device you changed them from. Turning following off, or changing how long a room must hold before it counts as a move, was written to the companion component but not to the device's own cached copy — so it kept following, and kept using the old dwell time, until the app was next started. Changes now apply immediately. The dwell slider also no longer offers zero seconds, which made the very first sensor reading count as a move.",,needs translation
cr_whats_new_beta_14,15,"The Formula 1 card now says one thing: the next grand prix and when it is — “Today 15:00” on the day, otherwise the date and time, in your own timezone. Track status is gone from it, because outside a session that read “Not running”, which is not what anyone glances at the card for. The status sits in the same dark pill the camera, vacuum and waste cards use, so it lines up with the rest of your dashboard again. The circuit outline stays as a faint watermark and the host country flag in the corner. The widget also no longer asks which F1 instance to use — it reads everything the integration publishes, so the dialog always has the full picture.",,needs translation
cr_whats_new_beta_14,16,"The To-Do List dialog's undo/redo and Close buttons moved from the title row to the bottom action bar, matching every other dialog in the app.",,needs translation
cr_whats_new_beta_14,17,* HKI 7 Cloud Component integration required.,,needs translation; don't translate HKI 7 Cloud
cr_whats_new_beta_13,1,"HKI can now follow you from room to room. Point it at a room-presence sensor such as ESPresense and it opens the room you are in when the app starts, then offers to switch views when you move somewhere else. Rooms also gain a purple counter showing how many people are in them, beside the motion and presence counters. An admin sets this up for the whole family under Settings › Family Sharing › Presence: pick each person's sensor and how long a new room must hold before it counts as a move. Sensor rooms named after your Home Assistant areas are matched automatically.*",,needs translation; don't translate Home Assistant
cr_whats_new_beta_13,2,"Notifications from Home Assistant can now carry action buttons. Add actions to a notify.mobile_app_… message and each one appears on the notification; tapping it sends the action back to Home Assistant, where an automation can respond. The buttons also appear on the in-app banner and in the notification drawer, because HKI hides system notifications while it is open. A URI action opens its link, a REPLY action takes a typed answer, and an action tapped while offline is delivered once the connection returns. Each notification can be actioned once.",,needs translation; don't translate Home Assistant
cr_whats_new_beta_13,3,"New Action button: a button that needs no entity at all. Give it a name, an icon, and whatever tap, hold, or double-tap action you like — navigate to a view or room, call a Home Assistant action, open a URL or a custom popup. Add one from the widget picker, from a button stack, or as an action badge in the badge area beside the header.",,needs translation; don't translate Home Assistant
cr_whats_new_beta_13,4,"Icon-only buttons can now be sized. Auto shrinks the icon as a stack gains columns, which is what makes icon-only usable in the four-, five-, and six-column custom popups where a fixed-size icon used to overflow the button. A button can also be given its own size.",,needs translation
cr_whats_new_beta_13,5,"Button stacks can push their appearance onto every button they hold: one Icon only for every button switch instead of the same switch on twenty buttons, plus an icon size they all inherit. A single button can still override the size.",,needs translation
cr_whats_new_beta_13,6,"The quick start guide can be browsed by hand. Swipe the gesture preview, tap a dot, or tap any tip to jump to it. It still plays on its own until you take over.",,needs translation
cr_whats_new_beta_13,7,"Fixed the waste widget showing the wrong icon and colour for every collection type outside Dutch: the type was matched against the translated label, so PMD shown as Packaging fell through to a generic grey-blue bin. PMD is orange with a recycling symbol again.",,needs translation
cr_whats_new_beta_13,8,"Fixed the room-following prompt appearing after Ask before switching rooms was turned off, and for the room already on screen. It now also offers Don't ask again until I restart the app, and the wait time can be set whether or not prompting is on.",,needs translation
cr_whats_new_beta_13,9,"Flows can express Any of these and nested logic, not just a flat list of ANDs. A group opens into its own list with a breadcrumb, and groups can hold groups, so motion detected AND (after sunset OR guest mode on) is buildable. It is the same structure Home Assistant's own editor writes, so a flow made in HA that used OR is no longer an untouchable advanced block.",,needs translation; don't translate Home Assistant
cr_whats_new_beta_13,10,"Thermostat dials on the Climate view no longer squeeze six across a landscape foldable. Dials hold at four per row until the window is genuinely desktop-wide, so each keeps enough width to read.",,needs translation
cr_whats_new_beta_13,11,"The Waiting for notifications message now has a Hide this notification button that jumps straight to its Android channel settings, where switching the channel off hides it for good while the connection keeps working. Android will not let a background connection run without a visible notification, so this is as far as muting can go. It also switches itself on when you have more than one Home Assistant server.",,needs translation; don't translate Home Assistant
cr_whats_new_beta_13,12,"The vacuum widget can now draw a Valetudo map itself. Choose Valetudo map as the button image and point it at your robot's map camera: HKI reads the map data Valetudo hides inside that camera's PNG and draws the floor, walls, rooms, the robot, its dock and the path it has taken. No add-on, custom component or extra Home Assistant integration is involved, and the map refreshes on its own while the robot is cleaning.",,"needs translation; don't translate Home Assistant, Valetudo"
cr_whats_new_beta_13,13,"Tap a room on the Valetudo map to send the robot to clean it. Rooms use the names you gave them in Valetudo. Cleaning a single room goes through Home Assistant's clean_area action, so first map the robot's segments to your areas in Home Assistant — until you do, the map says so instead of leaving the tap doing nothing.",,"needs translation; don't translate Home Assistant, Valetudo"
cr_whats_new_beta_13,14,"The vacuum settings now warn that plain Map camera on a Valetudo map entity shows a blank tile. Valetudo deliberately does not render the map on the robot, so its PNG is only a container for the data — Valetudo map is the mode that shows something.",,needs translation; don't translate Valetudo
cr_whats_new_beta_13,15,"The vacuum dialog now shows a Valetudo map whenever the map camera you picked actually carries one, whatever the button image is set to — the button image only decides how the tile on the dashboard looks. Cameras that turn out not to be Valetudo maps still show their picture, and HKI stops re-checking once it knows.",,needs translation; don't translate Valetudo
cr_whats_new_beta_13,16,"The robot image now spins while the vacuum is cleaning or returning to its dock, using the same icon animation settings as the rest of the app. A button's own animation setting still overrides it, and Off keeps it still.",,needs translation
cr_whats_new_beta_13,17,* HKI 7 Cloud Component integration required.,,needs translation; don't translate HKI 7 Cloud
cr_whats_new_beta_12,1,"Button widgets and button stacks can now hold an empty, fully transparent button. It takes up a grid cell without drawing anything, so the buttons around it line up exactly where you want them.",,needs translation
cr_whats_new_beta_12,2,Buttons can show just their icon. The new Icon only switch under a button's Appearance settings drops the name and state and centers a larger icon on the button.,,needs translation
cr_whats_new_beta_12,3,"New Custom popup action for buttons, badges, and dialog buttons. Point any tap, hold, or double tap at a popup you build yourself: it opens with the usual dialog title, status, history, and close controls, and you fill it with any widget the app offers. Popups are listed under Settings › Appearance › Popups, where Edit contents opens one ready to arrange. Popups are shared, so several buttons can open the same one, and stacks inside a popup can use up to six columns instead of three. While a popup is being arranged, a Done button sits beside Add widget to leave edit mode without closing it.",,needs translation
cr_whats_new_beta_12,4,"Fixed the Energy detail views (Solar, Electricity, Gas, Water, City heating, Battery) drawing their cards flush against each other with their headings missing. Production, Forecast, Inverters and the rest were hidden behind the card below them; the cards now keep their headings and the usual spacing.",,needs translation
cr_whats_new_beta_12,5,"Fixed Parental Controls refusing to save. An out-of-date HKI 7 Cloud component rejects the Visible and Invisible lists, which used to fail the whole policy; the permissions now save regardless and the message says the component needs updating. Those lists only filter entity lists such as global search — a button on a family dashboard stays visible unless it is hidden for that person explicitly.*",,needs translation; don't translate HKI 7 Cloud
cr_whats_new_beta_12,6,* HKI 7 Cloud Component integration required.,,needs translation; don't translate HKI 7 Cloud
cr_whats_new_beta_11,1,"Rooms, Climate, Security, Energy, and Battery dashboards now make better use of tablets and foldables. Large cards follow the Home and individual-room 1/2/3-column layout, while compact tiles auto-fit without becoming cramped. Climate, Security, and Energy cards use a height-aware masonry layout on wider displays, eliminating large gaps below shorter cards.",,needs translation
cr_whats_new_beta_11,2,State-colored icons on entity buttons and header/status pills now preserve their semantic hue while automatically shifting lighter or darker when they would blend into the current theme.,,needs translation
cr_whats_new_beta_11,3,"Selecting a family dashboard during onboarding now subscribes that installation to it. Owner edits are published when Save or Done is tapped, active clients refresh immediately, and offline clients reconcile when reopened. Non-admin subscribers cannot create or duplicate dashboards unless the app is fully reset.*",,needs translation
cr_whats_new_beta_11,4,"Dashboard setup during onboarding can now restore a local, Google Drive, or Home Assistant backup. New Google Drive and Home Assistant backups use consistent, informative names containing the app version and creation date.*",,"needs translation; don't translate Home Assistant, Google Drive"
cr_whats_new_beta_11,5,"Calendar widgets become vertically scrollable when their height is too small for every event, and hidden Home widgets are removed from the layout instead of leaving an empty space.",,needs translation
cr_whats_new_beta_11,6,"Parcel carrier cards now show the earliest expected delivery date and time for active incoming or outgoing shipments, including integrations that expose a separate next-delivery sensor.",,needs translation
cr_whats_new_beta_11,7,"Family permissions can now independently allow dashboard switching and creation. Fully restricted subscribers see a locked Dashboard settings tab; onboarding removes its placeholder dashboard when switching is denied, and a deleted family dashboard opens a permission-aware recovery screen instead of silently creating a replacement.*",,needs translation
cr_whats_new_beta_11,8,"Family permissions now also control manual re-importing. Non-admins cannot open Family Sharing settings, disabled onboarding choices explain why they are unavailable, and aesthetics-only editors see only visual controls. Their local names, icons, colors, backgrounds, styles, sizes, and layouts take priority when owner updates arrive.*",,needs translation
cr_whats_new_beta_11,9,"Climate sensor/device tabs, Security groups, and every Energy detail tab now follow the same responsive one-, two-, or three-column masonry rules, including their edit and reorder layouts.",,needs translation
cr_whats_new_beta_11,10,Aesthetics-only family editors can no longer change header-pill configuration or the dashboard's people; those functional settings remain controlled by the owner.*,,needs translation
cr_whats_new_beta_11,11,"Parental Controls now replaces manual entity-ID entry with Visible and Invisible lists. Admins can select complete Home Assistant domains or individual entities, and global search hides restricted entities and devices. Invisible entries always take precedence.*",,needs translation; don't translate Home Assistant
cr_whats_new_beta_11,12,"Energy setup now imports SmartGateways and DSMR Reader P1 meters even when the Home Assistant Energy dashboard has not been configured and the sensors are not attached to a device. Tariff 1 and tariff 2 readings are recognised separately, and usage charts and period totals add both tariffs together when no single grid import or export sensor is set.",,needs translation; don't translate Home Assistant
cr_whats_new_beta_11,13,* HKI 7 Cloud Component integration required.,,needs translation; don't translate HKI 7 Cloud
cr_whats_new_beta_10,1,"Visibility rules now work across all widgets and individual items, with time, entity, person, and mixed AND/OR conditions. Admins using a family-shared dashboard can choose whether an item is Visible or Hidden for a selected user. Person conditions use HKI 7 Cloud, whose requirement is shown when it is unavailable. New rules start empty so you choose Time, Entity, or Person.",,needs translation; don't translate HKI 7 Cloud
cr_whats_new_beta_10,2,"Room-status counter badges keep a stable two-digit width. Headers responsively fit one, two, or three counters per row like the home-page and person badges, without pushing the title down.",,needs translation
cr_whats_new_beta_10,3,"Energy setup now recognises SmartGateways and DSMR Reader MQTT sensor names, and choosing a source device refills its separate sensor roles. City heating has dedicated settings, a source tile and detail tab, plus an estimated natural-gas equivalent for J/GJ heat readings.",,needs translation
cr_whats_new_beta_10,4,"Calendar widget dialogs now use the available height correctly, fixing content that previously occupied only half the settings dialog or was cut off.",,needs translation
cr_whats_new_beta_10,5,"Re-import settings now use one consistently spelled and localized label across Rooms, Climate, Security, Energy, and Battery. Conditional visibility wording was also corrected in every supported language.",,needs translation
cr_whats_new_beta_10,6,"Fixed PostNL and the current parcel-integration parser, so incoming shipments once again show their complete tracking details and delivered state. Carrier support has also been brought up to date.",,needs translation
cr_whats_new_beta_10,7,"Added an in-app language selector with full coverage in 13 languages: Dutch, German, French, Spanish (plus Latin American Spanish), Italian, Turkish, Portuguese (plus Brazilian Portuguese), Japanese, Korean, and Chinese (Simplified and Traditional). Each language shows its native name with an English hint beneath it.",,needs translation
cr_whats_new_beta_10,8,"The reconnect status now shows the actual connection error, making Wi-Fi, mobile-data, and VPN handovers much easier to diagnose.",,needs translation
cr_whats_new_beta_10,9,Screen rotation now follows your device’s auto-rotate setting instead of staying locked to portrait.,,needs translation
cr_whats_new_beta_10,10,"The Climate ""Outside"" tile now appears as soon as a weather device is linked, even without dedicated sensors, counts its temperature, humidity and pressure attributes in the summary, and graphs them with matching sensor colors.",,needs translation
cr_whats_new_beta_10,11,"Parcel status codes are now normal sentences. Dates and times follow the selected language and 12/24-hour preference, nearby deliveries use weekday names, the current year is omitted, and same-day windows no longer repeat the date.",,needs translation
cr_whats_new_beta_9,1,"Drag to reorder cameras, thermostats, and energy cards. In edit mode the Security, Climate, and Energy views each get a Reorder button for their relevant cards.",,needs translation
cr_whats_new_beta_9,2,"New Climate Outside tile. Link a weather entity or outdoor temperature, humidity, and air-pressure sensors, then open the tile for individual history graphs.",,needs translation
cr_whats_new_beta_9,3,"Visibility now belongs to each button and header badge. Hide an item or schedule it once or on a daily, weekly, monthly, or yearly recurrence.",,needs translation
cr_whats_new_beta_9,4,Header badges can be renamed from Appearance settings.,,needs translation
cr_whats_new_beta_9,5,Swiping cards autoplay every three seconds by default.,,needs translation
cr_whats_new_beta_9,6,"The Weather dialog adds autoplay for Season, a windrose card, and an optional rain-map card from a camera or embedded web page.",,needs translation
cr_whats_new_beta_9,7,"The Parcels widget was rebuilt around carriers, with logos, account totals, shipment sections, estimates, tracking history, and add-by-tracking support where available.",,needs translation
cr_whats_new_beta_9,8,"Humidifiers and dehumidifiers now have native power, humidity, mode, speed, and helper controls throughout the app.",,needs translation
cr_whats_new_beta_9,9,Room status counters are interactive and open the entities behind each count.,,needs translation
cr_whats_new_beta_9,10,Buttons and badges can show a live countdown from a completion-time entity.,,needs translation
cr_whats_new_beta_9,11,Shared dashboards publish owner edits automatically and recipients receive them on their next sync.,,needs translation
cr_whats_new_beta_9,12,Header display settings now belong to each dashboard and travel through backups and family sharing.,,needs translation
cr_whats_new_beta_9,13,Camera widgets fill the entire tile and follow the configured corner radius.,,needs translation
cr_whats_new_beta_9,14,"Waste collections on the same day now overlap visibly, and the larger dialog can be dismissed by tapping outside.",,needs translation
cr_whats_new_beta_9,15,"Battery, Waste, camera, weather, and About visuals are now more consistent.",,needs translation
cr_whats_new_beta_9,16,"Binary sensors use Home Assistant-style Open/Closed, Wet/Dry, Detected/Clear, and Connected/Disconnected labels.",,needs translation; don't translate Home Assistant
cr_whats_new_beta_9,17,"Aesthetic-only editors can change existing badge visuals but cannot add, remove, or reconfigure badges.",,needs translation
cr_whats_new_beta_9,18,Fixed network handovers: sockets tied to the old Android network are discarded and the saved Home Assistant session reconnects without an unnecessary login. Reconnect status also shows the failure reason.,,needs translation; don't translate Home Assistant
cr_whats_new_beta_8,1,Child locks are no longer imported automatically as room controls.,,needs translation
cr_whats_new_beta_8,2,Every button and badge now honours Home Assistant entity-icon overrides.,,needs translation; don't translate Home Assistant
cr_whats_new_beta_8,3,Vacuums now appear in the room badge bar and open their controls when tapped.,,needs translation
cr_whats_new_beta_8,4,"Individual buttons in multi-item widgets can be hidden or scheduled, including recurring annual date ranges.",,needs translation
cr_whats_new_beta_8,5,Multiple camera badges now open one swipeable dialog with fullscreen paging.,,needs translation
cr_whats_new_beta_8,6,"Family Sharing now lists cloud-published dashboards so they can be imported, reshared, or deleted after a reinstall.",,needs translation
cr_whats_new_beta_7,1,Automatic room import now skips built-in helper controls while retaining genuine extra controls.,,needs translation
cr_whats_new_beta_7,2,Climate devices from different integrations are no longer merged into one control.,,needs translation
cr_whats_new_beta_7,3,"Climate-device icons now match air conditioners, humidifiers, dehumidifiers, and air purifiers.",,needs translation
cr_whats_new_beta_7,4,Air-purifier and humidifier icons pulse gently instead of spinning.,,needs translation
cr_whats_new_beta_7,5,Door locks now use closed-door and open-door icons.,,needs translation
cr_whats_new_beta_7,6,Multi-device header badges can be reordered to choose their leading entity.,,needs translation
cr_whats_new_beta_7,7,Animated icon effects are enabled by default on new installations.,,needs translation
cr_whats_new_beta_7,8,Buttons and badges can display an entity attribute and optional unit instead of its state.,,needs translation
cr_whats_new_beta_7,9,"Dashboards can now be copied with all rooms, widgets, and page settings.",,needs translation
cr_whats_new_beta_7,10,"Family Sharing now combines parental controls, dashboard sharing, and per-user permissions.",,needs translation
cr_whats_new_beta_7,11,Shared dashboards update automatically while keeping allowed local visual changes.,,needs translation
cr_whats_new_beta_7,12,Non-admin family members can use automatic per-room Adaptive Lighting controls when the HKI 7 Cloud component is installed.,,needs translation; don't translate HKI 7 Cloud
cr_whats_new_beta_7,13,Fixed unreadable header and pull-down labels in light mode and with custom appearances.,,needs translation
cr_whats_new_beta_7,14,About now provides What’s new and Full changelog buttons.,,needs translation
cr_whats_new_beta_7,15,Fixed the Unable to connect screen so it appears reliably when Home Assistant cannot be reached.,,needs translation; don't translate Home Assistant
cr_whats_new_beta_6,1,Fixed edit-mode action bars overlapping Android three-button navigation.,,needs translation
cr_whats_new_beta_6,2,The Backup and Restore screen now shows when each automatic cloud backup last ran.,,needs translation
cr_whats_new_beta_6,3,Each cloud backup now has a Back up now button.,,needs translation
cr_whats_new_beta_6,4,Fixed the oversized app icon after the themed-icon update.,,needs translation
cr_whats_new_beta_4_to_5,1,The Backup and Restore screen now shows when each automatic cloud backup last ran.,,needs translation
cr_whats_new_beta_4_to_5,2,Each cloud backup now has a Back up now button.,,needs translation
cr_whats_new_beta_4_to_5,3,Fixed the oversized app icon after the themed-icon update.,,needs translation
cr_whats_new_beta_3,1,"Added Simple Icons, Tabler, and Phosphor icon packs alongside Material Design Icons.",,needs translation
cr_whats_new_beta_3,2,"Added animated entity icons that glow, spin, or pulse while active.",,needs translation
cr_whats_new_beta_3,3,Added family dashboard sharing for admins.*,,needs translation
cr_whats_new_beta_3,4,Added parental controls that can hide selected views and rooms for specific people.*,,needs translation
cr_whats_new_beta_3,5,Added automatic daily backup to your own Home Assistant.*,,needs translation; don't translate Home Assistant
cr_whats_new_beta_3,6,Media-source icons are colored and can open the installed source app.,,needs translation
cr_whats_new_beta_3,7,New iFrame widget for embedding web pages.,,needs translation
cr_whats_new_beta_3,8,Energy views now show negative values while exporting power.,,needs translation
cr_whats_new_beta_3,9,Fixed onboarding completing when switching away before finishing.,,needs translation
cr_whats_new_beta_3,10,Fixed the thermostat-dial mode button overlapping nearby items.,,needs translation
cr_whats_new_beta_3,11,Many smaller bug fixes.,,needs translation
cr_whats_new_beta_3,12,* HKI 7 Cloud Component integration required.,,needs translation; don't translate HKI 7 Cloud
cr_whats_new_beta_2,1,"Improved layouts on short and narrow displays, with a single-column fallback throughout the app.",,needs translation
cr_whats_new_beta_2,2,Dialog headers use two rows on narrow screens so titles are no longer cut off.,,needs translation
cr_whats_new_beta_2,3,Fixed Adaptive Lighting sliders overlapping other elements.,,needs translation
cr_whats_new_beta_2,4,Navigation bars now indicate when more items are available off-screen.,,needs translation
cr_whats_new_beta_2,5,Fixed cameras ignoring the screen-orientation lock.,,needs translation
cr_whats_new_beta_2,6,Fixed zoom in camera dialogs and fullscreen cameras.,,needs translation
global_search_browse_entities,one,Browse %1$d entity on this device,Pregledajte %1$d entitet na ovom uređaju,app fills in %1$d — keep them
global_search_browse_entities,other,Browse %1$d entities on this device,Pregledajte %1$d entiteta na ovom uređaju,app fills in %1$d — keep them
global_search_browse_entities,few,,Pregledajte %1$d entiteta na ovom uređaju,
global_search_entity_count,one,%1$d entity,%1$d entitet,app fills in %1$d — keep them
global_search_entity_count,other,%1$d entities,%1$d entiteta,app fills in %1$d — keep them
global_search_entity_count,few,,%1$d entiteta,
rooms_count,one,%1$d room,%1$d soba,app fills in %1$d — keep them
rooms_count,other,%1$d rooms,%1$d soba,app fills in %1$d — keep them
rooms_count,few,,%1$d soba,
core_system,,System,sustav,
core_greeting_morning,,Good Morning,Dobro jutro,
core_greeting_afternoon,,Good Afternoon,Dobar dan,
core_greeting_evening,,Good Evening,Dobra večer,
core_greeting_night,,Good Night,Laku noć,
core_last_seen_just_now,,Last seen just now,Zadnji put viđen,
core_no_media_playing,,No media is playing,Nijedan medij se ne reproducira,
core_media_players_playing,one,%1$d media player is playing,Reproducira se %1$d media player,app fills in %1$d — keep them
core_media_players_playing,other,%1$d media players are playing,%1$d reproducira medije,app fills in %1$d — keep them
core_media_players_playing,few,,%1$d reproducira medije,
core_last_seen_minutes,one,Last seen %1$d minute ago,Zadnji put viđen prije %1$d minute,app fills in %1$d — keep them
core_last_seen_minutes,other,Last seen %1$d minutes ago,Zadnji put viđen prije %1$d minuta,app fills in %1$d — keep them
core_last_seen_minutes,few,,Zadnji put viđen prije %1$d minuta,
core_last_seen_hours,one,Last seen %1$d hour ago,Zadnji put viđen prije %1$d sat,app fills in %1$d — keep them
core_last_seen_hours,other,Last seen %1$d hours ago,Zadnji put viđen prije %1$d sati,app fills in %1$d — keep them
core_last_seen_hours,few,,Zadnji put viđen prije %1$d sati,
core_last_seen_days,one,Last seen %1$d day ago,Zadnji put viđen prije %1$d dan,app fills in %1$d — keep them
core_last_seen_days,other,Last seen %1$d days ago,Zadnji put viđen prije %1$d dana,app fills in %1$d — keep them
core_last_seen_days,few,,Zadnji put viđen prije %1$d dana,
core_last_seen_weeks,one,Last seen %1$d week ago,Zadnji put viđen prije %1$d tjedan dana,app fills in %1$d — keep them
core_last_seen_weeks,other,Last seen %1$d weeks ago,Zadnji put viđen prije %1$d tjedana,app fills in %1$d — keep them
core_last_seen_weeks,few,,Zadnji put viđen prije %1$d tjedana,
dlg_1_advanced_shorthand_block_kept_unchanged,,1 advanced shorthand block (kept unchanged),1 napredni stenografski blok (zadržan nepromijenjen),
dlg_24_hour_format,,24-Hour Format,24-satni format,
dlg_action_count,,%1$s action,%1$s akcija,app fills in %1$s — keep them
dlg_action,,Action,Akcijski,
dlg_action_data,,Action data,Akcijski podaci,
dlg_action_data_object,,Action data object,Objekt podataka o akciji,
dlg_action_details,,Action details,Detalji akcije,
dlg_adapt_now,,Adapt now,Prilagodi se sada,
dlg_adaptive_lighting,,Adaptive Lighting,Prilagodljiva rasvjeta,
dlg_adaptive_lighting_is_unavailable,,Adaptive Lighting is unavailable,Adaptivno osvjetljenje nije dostupno,
dlg_add_4_10_entity_buttons_to_this_dialog_s,,Add 4–10 entity buttons to this dialog's nav bar.,Dodajte 4–10 gumba entiteta na navigacijsku traku ovog dijaloškog okvira.,
dlg_add,,Add,Dodati,
dlg_add_at_least_one_step,,Add at least one step,Dodajte barem jedan korak,
dlg_add_button,,Add button,Dodaj gumb,
dlg_add_custom_buttons,,Add Custom Buttons,Dodajte prilagođene gumbe,
dlg_add_more_for_a_full_row,,Add %1$s more for a full row.,Dodajte još %1$s za cijeli red.,app fills in %1$s — keep them
dlg_add_to,,Add to %1$s,Dodaj u %1$s,app fills in %1$s — keep them
dlg_advanced,,Advanced,Napredno,
dlg_advanced_action_data_json,,Advanced action data (JSON),Podaci o naprednim radnjama (JSON),
dlg_advanced_shorthand_blocks_kept_unchanged,,%1$s advanced shorthand blocks (kept unchanged),%1$s napredni stenografski blokovi (zadržano nepromijenjeno),app fills in %1$s — keep them
dlg_alarm_entities,,Alarm entities,Entiteti alarma,
dlg_alarm_pending,,Alarm pending,Alarm na čekanju,
dlg_alignment,,Alignment,Poravnanje,
dlg_always,,Always,Uvijek,
dlg_any_state,,Any state,Bilo koja država,
dlg_appearance,,Appearance,Izgled,
dlg_apply,,Apply,primijeniti,
dlg_aspect_ratio,,Aspect ratio,Omjer slike,
dlg_astronomical_tap_or_swipe,,Astronomical · tap or swipe,Astronomski · dodirnite ili prijeđite prstom,
dlg_auto,,Auto,Auto,
dlg_auto_none,,Auto / none,Automatski / ništa,
dlg_auto_scan,,Auto-scan,Automatsko skeniranje,
dlg_automation,,Automation,Automatizacija,
dlg_back,,Back,Nazad,
dlg_backspace,,Backspace,Backspace,
dlg_badge_bar_layout,,Badge bar layout,Izgled trake znački,
dlg_batt,,Batt,Batt,
dlg_battery_value,,Battery: %1$s,Baterija: %1$s,app fills in %1$s — keep them
dlg_built_in,,Built-in,Ugrađeni,
dlg_cancel,,Cancel,Otkazati,
dlg_cancel_arming,,Cancel arming,Otkaži uključivanje,
dlg_change,,Change,Promijeniti,
dlg_choose_a_side_when_the_badge_bar_is_split,,Choose a side when the badge bar is split,Odaberite stranu kada je traka značke podijeljena,
dlg_choose_a_state,,Choose a state,Odaberite državu,
dlg_condition,,Condition,Stanje,
dlg_condition_is,,Is,Je,
dlg_condition_is_not,,Is not,Nije,
dlg_condition_state,,State,Stanje,
dlg_vis_and,,AND,I,
dlg_vis_conditional,,Conditional,uvjetno,
dlg_vis_entity_state,,Entity state,Država entiteta,
dlg_vis_person,,Person,Osoba,
dlg_visible,,Visible,Vidljivo,
dlg_choose_person,,Choose person,Odaberite osobu,
dlg_person_condition_hint,,Matches the signed-in Home Assistant user. This rule travels with a shared dashboard.,Odgovara prijavljenom korisniku Home Assistant. Ovo pravilo putuje s zajedničkom nadzornom pločom.,don't translate Home Assistant
dlg_person_requires_hki7_cloud,,Person visibility requires the HKI 7 Cloud component. Install it to select Home Assistant users here.,Vidljivost osobe zahtijeva komponentu HKI 7 Cloud. Instalirajte ga kako biste ovdje odabrali Home Assistant korisnika.,"don't translate HKI 7 Cloud, Home Assistant"
dlg_vis_match,,Match,Podudaranje,
dlg_vis_match_all,,All rules,Sva pravila,
dlg_vis_match_any,,Any rule,Bilo koje pravilo,
dlg_vis_or,,OR,ILI,
dlg_vis_time_schedule,,Time schedule,Vremenski raspored,
dlg_choose_a_visual_home_assistant_block,,Choose a visual Home Assistant block,Odaberite vizualni Home Assistant blok,don't translate Home Assistant
dlg_choose_action,,Choose action,Odaberite akciju,
dlg_choose_an_action,,Choose an action,Odaberite radnju,
dlg_choose_an_entity,,Choose an entity,Odaberite entitet,
dlg_choose_an_entity_first,,Choose an entity first,Najprije odaberite entitet,
dlg_choose_entity,,Choose entity,Odaberite entitet,
dlg_choose_the_home_assistant_entities_that_drive_this_room,,Choose the Home Assistant entities that drive this room's live indicators. Indicators only appear while they are active.,Odaberite Home Assistant entitete koji pokreću indikatore uživo ove sobe. Indikatori se pojavljuju samo dok su aktivni.,don't translate Home Assistant
dlg_choose_the_profile_for_this_light,,Choose the profile for this light,Odaberite profil za ovo svjetlo,
dlg_choose_what_this_action_should_control,,Choose what this action should control,Odaberite što ova radnja treba kontrolirati,
dlg_choose_what_this_badge_summarizes,,Choose what this badge summarizes,Odaberite što ova značka sažima,
dlg_choose_what_this_header_pill_shows,,Choose what this header pill shows,Odaberite što ova tabla prikazuje,
dlg_clear,,Clear,Jasan,
dlg_clear_rooms_view,,Clear rooms view?,Pogled čistih soba?,
dlg_climate_dialog_control,,Climate dialog control,Dijaloška kontrola klime,
dlg_climate_sources_take_priority_and_use_their_current_temper,,Climate sources take priority and use their current_temperature and current_humidity values. ,Izvori klime imaju prioritet i koriste svoje vrijednosti trenutne_temperature i trenutne_vlažnosti.,keep the space at the start/end
dlg_climate_summary,,Climate summary,Klimatski sažetak,
dlg_close,,Close,Zatvoriti,
dlg_confirm,,Confirm,Potvrdi,
dlg_controls_light_in_this_profile,,Controls %1$s light%2$s in this profile.,Kontrolira %1$s svjetlo%2$s u ovom profilu.,app fills in %1$s %2$s — keep them
dlg_countdown_timer,,Countdown timer,Odbrojavanje vremena,
dlg_create_a_flow,,Create a flow,Stvorite tijek,
dlg_current,,Current %1$s%%,Trenutačni %1$s%%,app fills in %1$s — keep them
dlg_current_weather,,Current weather,Trenutno vrijeme,
dlg_custom,,Custom,Običaj,
dlg_custom_buttons,,Custom buttons,Prilagođeni gumbi,
dlg_custom_value,,Custom %1$s,Prilagođeno %1$s,app fills in %1$s — keep them
dlg_custom_name,,Custom name,Prilagođeno ime,
dlg_custom_seconds,,Custom seconds,Prilagođene sekunde,
dlg_custom_state,,Custom state...,Prilagođeno stanje...,
dlg_date,,Date,Datum,
dlg_day_to,,%1$s day%2$s to %3$s,%1$s dan%2$s do %3$s,app fills in %1$s %2$s %3$s — keep them
dlg_delete_automation,,Delete automation?,Izbrisati automatizaciju?,
dlg_delete,,Delete,Izbrisati,
dlg_description,,Description,Opis,
dlg_details,,Details,pojedinosti,
dlg_device_value,,Device: %1$s,Uređaj: %1$s,app fills in %1$s — keep them
dlg_device,,Device,Uređaj,
dlg_direction,,Direction —,smjer —,
dlg_display,,Display,Prikaz,
dlg_display_linked_entities_and_dialog_layout,,"Display, linked entities, and dialog layout","Prikaz, povezani entiteti i izgled dijaloškog okvira",
dlg_display_mode,,Display mode,Način prikaza,
dlg_display_order,,Display order,Redoslijed prikaza,
dlg_done,,Done,Gotovo,
dlg_door_sensors,,Door sensors,Senzori za vrata,
dlg_edit,,Edit,Uredi,
dlg_empty_bin,,Empty bin: %1$s,Prazni spremnik: %1$s,app fills in %1$s — keep them
dlg_end,,End: %1$s,Kraj: %1$s,app fills in %1$s — keep them
dlg_enter_a_valid_json_object,,Enter a valid JSON object,Unesite važeći JSON objekt,
dlg_enter_code,,Enter code,Unesite kod,
dlg_enter_the_same_data_object_home_assistant_shows_in,,Enter the same data object Home Assistant shows in YAML. JSON is used here so values keep their exact type.,Unesite isti podatkovni objekt Home Assistant prikazan u YAML-u. Ovdje se koristi JSON tako da vrijednosti zadržavaju svoju točnu vrstu.,don't translate Home Assistant
dlg_entities_count,,Entities (%1$s),Entiteti (%1$s),app fills in %1$s — keep them
dlg_entities_appearance_and_interactions,,"Entities, appearance, and interactions","Entiteti, izgled i interakcije",
dlg_entities,,Entities,Entiteti,
dlg_entities_that_signal_activity_or_safety_states,,Entities that signal activity or safety states,Entiteti koji signaliziraju aktivnost ili sigurnosna stanja,
dlg_entity_integrations,,Entity integrations,Integracije entiteta,
dlg_entity_name,,Entity name,Naziv entiteta,
dlg_entity_picture,,Entity picture,Slika entiteta,
dlg_event,,Event,Događaj,
dlg_exact_text_or_number_reported_by_home_assistant,,Exact text or number reported by Home Assistant,Točan tekst ili broj prijavio Home Assistant,don't translate Home Assistant
dlg_exit_full_screen,,Exit full screen,Izađi iz cijelog zaslona,
dlg_floor,,Floor,Kat,
dlg_floor_assignment,,Floor assignment,Dodjela katova,
dlg_flows,,Flows,Tokovi,
dlg_forecast,,Forecast,Prognoza,
dlg_forget_selection,,Forget selection,Zaboravite odabir,
dlg_forward,,Forward,Naprijed,
dlg_from,,From %1$s,Od %1$s,app fills in %1$s — keep them
dlg_from_state,,From state,Od države,
dlg_full_day_name,,Full Day Name,Ime punog dana,
dlg_group_light_paused_for_manual_control,,%1$s group light%2$s paused for manual control.,%1$s grupno svjetlo%2$s pauzirano za ručno upravljanje.,app fills in %1$s %2$s — keep them
dlg_header_appearance,,Header appearance,Izgled zaglavlja,
dlg_header_custom_color_rrggbb,,Header custom color (#RRGGBB),Prilagođena boja zaglavlja (#RRGGBB),
dlg_header_pill,,Header pill,Pilula za glavu,
dlg_hidden,,Hidden,Skriven,
dlg_hidden_during,,Hidden during,Skriveno tijekom,
dlg_hide_this_badge_or_schedule_when_it_appears,,"Hide this badge, or schedule when it appears",Sakrij ovu značku ili zakaži kada se pojavi,
dlg_https,,https://…,https://…,
dlg_humidity,,Humidity,Vlažnost,
dlg_icon,,Icon,Ikona,
dlg_icon_animation,,Icon animation,Animacija ikone,
dlg_icon_value,,Icon: %1$s,Ikona: %1$s,app fills in %1$s — keep them
dlg_identity,,Identity,Identitet,
dlg_identity_presentation_indicators_and_maintenance,,"Identity, presentation, indicators, and maintenance","Identitet, prezentacija, pokazatelji i održavanje",
dlg_import_only_rooms_that_have_not_been_edited_or,,"Import only rooms that have not been edited, or rebuild everything. Rebuilding removes all edited rooms and floors before importing them from scratch.",Uvezite samo sobe koje nisu uređene ili ponovno izgradite sve. Ponovnom izgradnjom uklanjaju se sve uređene sobe i katovi prije nego što se uvezu ispočetka.,
dlg_import_unedited,,Import unedited,Uvezi neuređeno,
dlg_interactions,,Interactions,Interakcije,
dlg_is,, is,je,keep the space at the start/end
dlg_items,,%1$s items,%1$s stavke,app fills in %1$s — keep them
dlg_last_run,,Last run %1$s,Zadnje izvođenje %1$s,app fills in %1$s — keep them
dlg_left,,Left,Lijevo,
dlg_left_side_overflows_right,,Left side overflows right,Lijeva strana prelijeva se u desnu,
dlg_live,,Live,Živjeti,
dlg_live_uppercase,,LIVE,ŽIVJETI,
dlg_live_indicators,,Live indicators,Indikatori uživo,
dlg_loading_actions,,Loading actions…,Učitavanje radnji...,
dlg_lunar_phase,,Lunar phase,Mjesečeva faza,
dlg_map,,Map,Karta,
dlg_map_value,,Map: %1$s,Karta: %1$s,app fills in %1$s — keep them
dlg_media,,Media,Mediji,
dlg_media_browsing_isn_t_available_for_this_player,,Media browsing isn't available for this player.,Pregledavanje medija nije dostupno za ovaj player.,
dlg_media_library,,Media library,Medijateka,
dlg_media_players,,Media players,Media playeri,
dlg_meteorological_tap_or_swipe,,Meteorological · tap or swipe,Meteorološki · dodirnite ili prijeđite prstom,
dlg_mm,,%1$s mm,%1$s mm,app fills in %1$s — keep them
dlg_modes,,Modes,Načini rada,
dlg_moon,,Moon,Mjesec,
dlg_move_down,,Move down,Pomakni se dolje,
dlg_move_up,,Move up,Pomakni se gore,
dlg_multiple_climate_values_are_averaged_separate_sensor_value,,Multiple climate values are averaged. Separate sensor values are averaged only when no climate source is selected.,Višestruke klimatske vrijednosti su prosječne. Odvojene vrijednosti senzora su prosječne samo kada nije odabran nijedan izvor klime.,
dlg_name,,Name,Ime,
dlg_name_and_icon_used_throughout_the_app,,Name and icon used throughout the app,Naziv i ikona koji se koriste u cijeloj aplikaciji,
dlg_name_optional,,Name (optional),Ime (nije obavezno),
dlg_native_home_assistant_automations_always_in_sync,,"Native Home Assistant automations, always in sync","Izvorne Home Assistant automatizacije, uvijek sinkronizirane",don't translate Home Assistant
dlg_never_triggered,,Never triggered,Nikada pokrenut,
dlg_new_flow,,New flow,Novi tok,
dlg_next_camera,,Next camera,Sljedeća kamera,
dlg_no_conditions_this_flow_always_continues,,No conditions — this flow always continues,Bez uvjeta — ovaj tijek se uvijek nastavlja,
dlg_no_door_sensor,,No door sensor,Nema senzora za vrata,
dlg_no_forecast_available,,No forecast available,Prognoza nije dostupna,
dlg_no_matching_automations,,No matching automations,Nema odgovarajućih automatizacija,
dlg_no_native_home_assistant_automations_found,,No native Home Assistant automations found,Nije pronađena izvorna Home Assistant automatizacija,don't translate Home Assistant
dlg_no_profile_available,,No profile available,Nema dostupnog profila,
dlg_no_stream_available,,No stream available,Nema dostupnog streama,
dlg_no_supported_alarm_modes_reported_by_this_entity,,No supported alarm modes reported by this entity,Ovaj entitet nije prijavio nijedan podržani način alarma,
dlg_no_target,,No target,Nema cilja,
dlg_none,,None,Nijedan,
dlg_none_timer_follows_the_completion_time_only,,None — timer follows the completion time only,Ništa — mjerač vremena prati samo vrijeme završetka,
dlg_not_loaded_by_home_assistant,,Not loaded by Home Assistant,Nije učitao Home Assistant,don't translate Home Assistant
dlg_nothing_here,,Nothing here.,Ništa ovdje.,
dlg_off_uppercase,,OFF,ISKLJUČENO,
dlg_off,,Off,Isključeno,
dlg_on_uppercase,,ON,NA,
dlg_on,,On,Na,
dlg_percent_on,,%1$s%% • ON,%1$s%% • UKLJUČENO,app fills in %1$s — keep them
dlg_open_camera_full_screen,,Open camera full screen,Otvori kameru preko cijelog zaslona,
dlg_open,,Open,Otvoriti,
dlg_optional_controls_and_sensors_for_richer_dialogs,,Optional controls and sensors for richer dialogs,Izborne kontrole i senzori za bogatije dijaloge,
dlg_optional_fields_passed_to_home_assistant,,Optional fields passed to Home Assistant,Neobavezna polja proslijeđena u Home Assistant,don't translate Home Assistant
dlg_optional_label_shown_when_name_is_enabled_above,,"Optional label shown when ""Name"" is enabled above","Izborna oznaka prikazana kada je ""Naziv"" omogućen gore",
dlg_oscillate,,Oscillate,Oscilirati,
dlg_pause,,Pause,Pauza,
dlg_pause_adaptation,,Pause adaptation,Pauzirajte prilagodbu,
dlg_pending_timer,,Pending timer,Odbrojavanje na čekanju,
dlg_pick_a_source_device_or_fine_tune_individual_roles,,Pick a source device or fine-tune individual roles,Odaberite izvorni uređaj ili fino podesite pojedinačne uloge,
dlg_place_this_room_in_the_correct_floor_group,,Place this room in the correct floor group,Smjestite ovu sobu u odgovarajuću skupinu katova,
dlg_placement,,Placement,Plasman,
dlg_players_summarized_by_the_room_header_and_card,,Players summarized by the room header and card,Igrači sažeti prema zaglavlju sobe i kartici,
dlg_please_wait,,Please wait…,Molimo pričekajte…,
dlg_precipitation,,Precipitation,Taloženje,
dlg_presets_uppercase,,PRESETS,PRETHODNE POSTAVKE,
dlg_presets,,Presets,Unaprijed postavljene postavke,
dlg_previous_camera,,Previous camera,Prethodna kamera,
dlg_profile,,Profile,Profil,
dlg_profile_switches_affect_every_light_assigned_to,,Profile switches affect every light assigned to %1$s.,Prekidači profila utječu na svako svjetlo dodijeljeno %1$s.,app fills in %1$s — keep them
dlg_rain,,Rain,Kiša,
dlg_rain_map,,Rain map,Karta kiše,
dlg_rain_map_url_iframe,,Rain map URL (iframe),URL kišne karte (iframe),
dlg_re_import_rooms,,Re-import rooms,Ponovo uvezi sobe,
dlg_read_only_home_assistant_automation,,Read-only Home Assistant automation,Automatizacija samo za čitanje Home Assistant,don't translate Home Assistant
dlg_recipes_create_regular_home_assistant_automations_you_can,,Recipes create regular Home Assistant automations. You can continue editing them in either HKI7 or Home Assistant.,Recepti stvaraju redovite Home Assistant automatizacije. Možete ih nastaviti uređivati u HKI7 ili Home Assistant.,"don't translate Home Assistant, HKI7"
dlg_remove,,Remove,Ukloniti,
dlg_remove_edits_and_import_all,,Remove edits and import all,Ukloni izmjene i uvezi sve,
dlg_repeat,,Repeat,Ponoviti,
dlg_repeats_every_day_only_the_time_of_day_is,,Repeats every day — only the time of day is used.,Ponavlja se svaki dan — koristi se samo doba dana.,
dlg_repeats_every_month_only_the_day_of_the_month,,Repeats every month — only the day of the month and time are used.,Ponavlja se svaki mjesec — koriste se samo dan u mjesecu i vrijeme.,
dlg_repeats_every_week_only_the_weekday_and_time_are,,Repeats every week — only the weekday and time are used.,Ponavlja se svaki tjedan — koriste se samo dan u tjednu i vrijeme.,
dlg_repeats_every_year_the_year_is_ignored_so_e,,"Repeats every year — the year is ignored, so e.g. 24–26 Dec recurs each Christmas.","Ponavlja se svake godine — godina se zanemaruje, pa npr. 24. – 26. prosinca ponavlja se svakog Božića.",
dlg_required,, (required),(potreban),keep the space at the start/end
dlg_required_state,,Required state,Obavezno stanje,
dlg_resume_adaptation,,Resume adaptation,Nastavi adaptaciju,
dlg_resume,,Resume,Nastavi,
dlg_reverse,,Reverse,Obrnuto,
dlg_right,,Right,Pravo,
dlg_right_side_overflows_left,,Right side overflows left,Desna strana prelijeva se u lijevu,
dlg_room_areas,,Room areas,Područja prostorija,
dlg_room_climate,,Room climate,Sobna klima,
dlg_room_name,,Room name,Ime sobe,
dlg_run_mode,,Run mode,Način rada,
dlg_running_state_entity,,Running-state entity,Entitet u radnom stanju,
dlg_s_are,,s are,s su,
dlg_save,,Save,Uštedjeti,
dlg_save_in_home_assistant,,Save in Home Assistant,Spremi u Home Assistant,don't translate Home Assistant
dlg_saved_directly_in_the_native_automation,,Saved directly in the native automation,Spremljeno izravno u nativnoj automatizaciji,
dlg_scheduled,,Scheduled,Zakazano,
dlg_search_actions,,Search actions,Radnje pretraživanja,
dlg_search_automations,,Search automations,Automatizacija pretraživanja,
dlg_season,,Season,Sezona,
dlg_select,,Select %1$s,Odaberite %1$s,app fills in %1$s — keep them
dlg_select_a_mode_to_continue,,Select a mode to continue,Odaberite način za nastavak,
dlg_select_battery_sensor,,Select Battery Sensor,Odaberite senzor baterije,
dlg_select_door_sensor,,Select Door Sensor,Odaberite senzor vrata,
dlg_select_empty_bin_control,,Select Empty Bin Control,Odaberite kontrolu pražnjenja spremnika,
dlg_select_entities,,Select Entities,Odaberite Entiteti,
dlg_select_entity,,Select Entity,Odaberite Entitet,
dlg_select_map_camera,,Select Map Camera,Odaberite Kamera karte,
dlg_select_media_players,,Select Media Players,Odaberite Media Players,
dlg_select_running_state_entity,,Select running-state entity,Odaberite entitet u radnom stanju,
dlg_select_target_entity,,Select Target Entity,Odaberite ciljni entitet,
dlg_select_the_alarm_panels_summarized_by_this_pill,,Select the alarm panels summarized by this pill,Odaberite alarmne ploče sažete ovom tabletom,
dlg_select_vacuum_entity,,Select Vacuum Entity,Odaberite entitet vakuuma,
dlg_select_water_level,,Select Water Level,Odaberite razinu vode,
dlg_selected,,%1$s · Selected,%1$s · Odabrano,app fills in %1$s — keep them
dlg_set,,Set,set,
dlg_shape,,Shape,Oblik,
dlg_shape_visible_information_and_icon_behavior,,"Shape, visible information, and icon behavior","Oblik, vidljive informacije i ponašanje ikona",
dlg_show_a_descending_timer_when_the_value_is_a,,"Show a descending timer when the value is a completion time (e.g. a washer/dryer finish time). Active while counting, off at zero.","Prikaži silazni mjerač vremena kada je vrijednost vrijeme završetka (npr. vrijeme završetka perilice/sušilice). Aktivan dok broji, isključen na nuli.",
dlg_show_a_live_radar_rain_map_card_a_camera,,Show a live radar/rain map card — a camera entity or an embedded web page (iframe),Prikaži kartu radara/kišne karte uživo — entitet kamere ili ugrađenu web stranicu (iframe),
dlg_show_badge_bar,,Show badge bar,Prikaži traku sa značkama,
dlg_show_the_entity_s_state_or_one_of_its,,"Show the entity's state, or one of its attributes instead.",Pokažite stanje entiteta ili umjesto toga jedan od njegovih atributa.,
dlg_side_split_alignment,,Side (split alignment),Strana (podijeljeno poravnanje),
dlg_snapshot,,Snapshot,Snimak,
dlg_span_badges,,Span badges,Značke raspona,
dlg_speed,,SPEED,UBRZATI,
dlg_start,,Start: %1$s,Početak: %1$s,app fills in %1$s — keep them
dlg_start_with_a_useful_recipe_then_adjust_each_step,,"Start with a useful recipe, then adjust each step","Počnite s korisnim receptom, a zatim prilagodite svaki korak",
dlg_state,,State,Stanje,
dlg_state_text,,State text,Državni tekst,
dlg_switch,,SWITCH,PREKIDAČ,
dlg_tap_hold_and_dialog_quick_actions,,"Tap, hold, and dialog quick actions","Dodirnite, držite i brze radnje u dijaloškom okviru",
dlg_target_range_percent,,TARGET (%1$s–%2$s%%),CILJ (%1$s–%2$s%%),app fills in %1$s %2$s — keep them
dlg_target,,Target,Cilj,
dlg_target_entity_optional,,Target entity (optional),Ciljni entitet (neobavezno),
dlg_temperature,,Temperature,Temperatura,
dlg_temperature_and_humidity_sources_for_the_room,,Temperature and humidity sources for the room,Izvori temperature i vlage u prostoriji,
dlg_that_profile,,that profile,taj profil,
dlg_the_exact_dates_you_pick_leave_a_bound_as,,"The exact dates you pick. Leave a bound as ""Any"" for an open-ended range.","Točne datume koje odaberete. Ostavite granicu kao ""Bilo koji"" za otvoreni raspon.",
dlg_the_room_header_and_card_show_a_single_player,,"The room header and card show a single player's media, or an active-player count when multiple players are selected.",Zaglavlje sobe i kartica prikazuju medije jednog igrača ili broj aktivnih igrača kada je odabrano više igrača.,
dlg_thermostat_dial,,Thermostat dial,Brojčanik termostata,
dlg_this_action_does_not_use_an_entity_target,,This action does not use an entity target.,Ova radnja ne koristi cilj entiteta.,
dlg_this_action_has_no_required_target_or_additional_fields,,This action has no required target or additional fields.,Ova radnja nema obavezna ciljana ili dodatna polja.,
dlg_this_automation_is_managed_outside_home_assistant_s_ui,,"This automation is managed outside Home Assistant's UI (usually YAML). HKI7 can show it, but will not overwrite it.","Ovom se automatizacijom upravlja izvan korisničkog sučelja Home Assistant (obično YAML). HKI7 ga može prikazati, ali ga neće prebrisati.","don't translate Home Assistant, HKI7"
dlg_this_entity,,This entity,Ovaj entitet,
dlg_this_light_is_paused_for_manual_control,,This light is paused for manual control.,Ovo svjetlo je pauzirano radi ručnog upravljanja.,
dlg_this_removes_all_imported_rooms_and_floors_from_this,,This removes all imported rooms and floors from this view.,Ovo uklanja sve uvezene sobe i podove iz ovog prikaza.,
dlg_this_removes_the_native_automation_from_home_assistant_thi,,This removes the native automation from Home Assistant. This cannot be undone from HKI7.,Ovo uklanja izvornu automatizaciju iz Home Assistant. Ovo se ne može poništiti iz HKI7.,"don't translate Home Assistant, HKI7"
dlg_time,,Time,Vrijeme,
dlg_to_state,,To state,Navesti,
dlg_turn_on,,Turn On,Uključi,
dlg_unit,,Unit,Jedinica,
dlg_untitled,,Untitled,Bez naslova,
dlg_url_https,,URL (https://…),URL (https://…),
dlg_vacuum_entities,,Vacuum entities,Vakuumski entiteti,
dlg_vertical_slider,,Vertical slider,Okomiti klizač,
dlg_visibility,,Visibility,Vidljivost,
dlg_visibility_alignment_and_overflow_behavior,,"Visibility, alignment, and overflow behavior","Vidljivost, poravnanje i ponašanje prelijevanja",
dlg_visible_during,,Visible during,Vidljivo tijekom,
dlg_waiting_for_home_assistant,,Waiting for Home Assistant,Čeka se Home Assistant,don't translate Home Assistant
dlg_wallpaper_and_optional_custom_color,,Wallpaper and optional custom color,Pozadina i izborna prilagođena boja,
dlg_wallpaper_url_or_path,,Wallpaper URL or path,URL pozadine ili put,
dlg_water_value,,Water: %1$s,Voda: %1$s,app fills in %1$s — keep them
dlg_water,,Water,Voda,
dlg_weather_details,,Weather details,Podaci o vremenu,
dlg_weather_entities,,Weather entities,Vremenski entiteti,
dlg_when,,When,Kada,
dlg_when_and_if_then,,When · And if · Then,Kada · I ako · Onda,
dlg_widget_width,,Widget width,Širina widgeta,
dlg_wind,,Wind,Vjetar,
dlg_any,,Any,Bilo koje,
dlg_once,,Once,Jednom,
dlg_daily,,Daily,Dnevno,
dlg_weekly,,Weekly,Tjedni,
dlg_monthly,,Monthly,Mjesečno,
dlg_yearly,,Yearly,Godišnje,
dlg_default,,Default,Zadano,
dlg_toggle,,Toggle,Prebacivanje,
dlg_more_information,,More information,Više informacija,
dlg_navigate,,Navigate,Navigacija,
dlg_url,,URL,URL,
dlg_home,,Home,Dom,
dlg_rooms,,Rooms,Sobe,
dlg_energy,,Energy,energija,
dlg_climate,,Climate,Klima,
dlg_security,,Security,Sigurnost,
dlg_battery,,Battery,Baterija,
dlg_settings,,Settings,postavke,
dlg_room_value,,Room · %1$s,Soba · %1$s,app fills in %1$s — keep them
dlg_could_not_load_home_assistant_actions,,Could not load Home Assistant actions,Nije moguće učitati radnje Home Assistant,don't translate Home Assistant
dlg_show_entity_default_this_one,,Show entity (default: this one),Prikaži entitet (zadano: ovaj),
dlg_target_entity_default_this_one,,Target entity (default: this one),Ciljni entitet (zadano: ovaj),
dlg_select_destination,,Select destination,Odaberite odredište,
dlg_choose_target,,Choose target,Odaberite cilj,
dlg_target_and_action_data,,Target and action data,Podaci o cilju i akciji,
dlg_tap,,Tap,Dodirnite,
dlg_hold,,Hold,Stani,
dlg_double_tap,,Double tap,Dodirnite dvaput,
dlg_alarm_disarmed,,Disarmed,Razoružan,
dlg_alarm_armed_home,,Armed home,Naoružani kući,
dlg_alarm_armed_away,,Armed away,Naoružani daleko,
dlg_alarm_armed_night,,Armed night,Oružana noć,
dlg_alarm_armed_vacation,,Armed vacation,Oružani odmor,
dlg_alarm_armed_custom,,Armed (custom),Naoružan (prilagođeno),
dlg_alarm_arming,,Arming…,Naoružavanje…,
dlg_alarm_disarming,,Disarming…,Razoružavanje...,
dlg_alarm_triggered,,TRIGGERED,POKRENUTO,
dlg_alarm_disarmed_message,,Alarm disarmed,Alarm deaktiviran,
dlg_alarm_command,,Alarm command,Naredba alarma,
dlg_alarm_command_accepted,,%1$s accepted,%1$s prihvaćeno,app fills in %1$s — keep them
dlg_alarm_command_failed,,Command failed. Check the code and try again.,Naredba nije uspjela. Provjerite kod i pokušajte ponovno.,
dlg_alarm_arming_cancelled,,Arming cancelled,Naoružavanje otkazano,
dlg_alarm_cancel_failed,,Cancellation failed. Check the code and try again.,Otkazivanje nije uspjelo. Provjerite kod i pokušajte ponovno.,
dlg_alarm_arm_home,,Arm home,Arm kući,
dlg_alarm_arm_away,,Arm away,Ruku dalje,
dlg_alarm_arm_night,,Arm night,Arm noć,
dlg_alarm_arm_custom,,Arm custom,Arm običaj,
dlg_alarm_arm_vacation,,Arm vacation,Oružani odmor,
dlg_alarm_disarm,,Disarm,Razoružati,
dlg_room_configuration,,Room configuration,Konfiguracija sobe,
dlg_choose_room_area_to_configure,,Choose a room area to configure,Odaberite područje sobe za konfiguraciju,
dlg_focused_room_options,,Options for this room area,Mogućnosti za ovo područje sobe,
dlg_general,,General,General,
dlg_name_and_icon,,Name and icon,Naziv i ikona,
dlg_header,,Header,Zaglavlje,
dlg_wallpaper_and_custom_color,,Wallpaper and custom color,Tapeta i boja po narudžbi,
dlg_badge_bar,,Badge bar,Traka značke,
dlg_alignment_and_display_options,,Alignment and display options,Mogućnosti poravnanja i prikaza,
dlg_assign_room_to_floor,,Assign this room to a floor,Dodijelite ovu sobu katu,
dlg_room_status,,Room status,Status sobe,
dlg_room_status_summary,,"Media, activity, safety, and climate indicators","Pokazatelji medija, aktivnosti, sigurnosti i klime",
dlg_reimport_from_home_assistant,,Re-import from Home Assistant,Ponovo uvezi iz Home Assistant,don't translate Home Assistant
dlg_import_or_rebuild_rooms,,Import new rooms or rebuild every room,Uvezite nove sobe ili obnovite svaku sobu,
dlg_clear_rooms_view_action,,Clear rooms view,Čisti pogled na sobe,
dlg_remove_imported_rooms_and_floors,,Remove imported rooms and floors,Uklonite uvezene sobe i podove,
dlg_room,,Room,Soba,
dlg_split,,Split,Split,
dlg_center,,Center,Centar,
dlg_doors,,Doors,Vrata,
dlg_windows,,Windows,Windows,
dlg_motion,,Motion,Prijedlog,
dlg_presence,,Presence,Prisutnost,
dlg_lights,,Lights,Svjetla,
dlg_devices,,Devices,Uređaji,
dlg_smoke,,Smoke,Dim,
dlg_gas,,Gas,Plin,
dlg_fire,,Fire,Vatra,
dlg_full,,Full,puna,
dlg_half,,Half,Pola,
dlg_third,,Third,Treći,
dlg_choose_vacuum_entity_instead,,Choose a vacuum entity instead,Umjesto toga odaberite vakuumski entitet,
dlg_camera_live_page,,%1$d/%2$d · Live,%1$d/%2$d · Uživo,app fills in %1$d %2$d — keep them
dlg_weather,,Weather,Vrijeme,
dlg_weather_state_clear_night,,Clear night,Vedra noć,
dlg_weather_state_cloudy,,Cloudy,Oblačno,
dlg_weather_state_exceptional,,Exceptional,Iznimna,
dlg_weather_state_fog,,Fog,Magla,
dlg_weather_state_hail,,Hail,živio,
dlg_weather_state_lightning,,Lightning,Munja,
dlg_weather_state_lightning_rainy,,Thunderstorms,grmljavina,
dlg_weather_state_partly_cloudy,,Partly cloudy,Djelomično oblačno,
dlg_weather_state_pouring,,Pouring rain,Kiša koja pljušti,
dlg_weather_state_rainy,,Rainy,kišovito,
dlg_weather_state_snowy,,Snowy,Snježna,
dlg_weather_state_snowy_rainy,,Sleet,Susnježica,
dlg_weather_state_sunny,,Sunny,sunčano,
dlg_weather_state_windy,,Windy,Vjetrovito,
dlg_weather_state_windy_variant,,Windy and cloudy,Vjetrovito i oblačno,
dlg_selected_entities_summary,one,%1$d selected · %2$s,%1$d odabrano · %2$s,app fills in %1$d %2$s — keep them
dlg_selected_entities_summary,other,%1$d selected · %2$s,%1$d odabrano · %2$s,app fills in %1$d %2$s — keep them
dlg_selected_entities_summary,few,,%1$d odabrano · %2$s,
dlg_action_data_value_summary,one,%1$s · %2$d data value,%1$s · %2$d vrijednost podataka,app fills in %1$s %2$d — keep them
dlg_action_data_value_summary,other,%1$s · %2$d data values,%1$s · %2$d vrijednosti podataka,app fills in %1$s %2$d — keep them
dlg_action_data_value_summary,few,,%1$s · %2$d vrijednosti podataka,
dlg_seconds_short,one,%d sec,%d s,app fills in %d — keep them
dlg_seconds_short,other,%d sec,%d s,app fills in %d — keep them
dlg_seconds_short,few,,%d s,
dlg_arming_in_seconds,one,Arming in %d second,Uključuje se za %d sekundu,app fills in %d — keep them
dlg_arming_in_seconds,other,Arming in %d seconds,Aktiviranje za %d sekundi,app fills in %d — keep them
dlg_arming_in_seconds,few,,Aktiviranje za %d sekundi,
energy_extra_sensors,,Energy sensors,Energetski senzori,
energy_extra_settings,,Energy settings,Energetske postavke,
energy_extra_previous_period,,Previous period,Prethodno razdoblje,
energy_extra_next_period,,Next period,Sljedeće razdoblje,
energy_extra_empty_view_hint,,This energy view is empty. Swipe down on the header and open Energy settings to add entities manually.,Ovaj energetski pogled je prazan. Prijeđite prstom prema dolje na zaglavlju i otvorite Energetske postavke za ručno dodavanje entiteta.,
energy_extra_electricity,,Electricity,Struja,
energy_extra_solar,,Solar,Solarni,
energy_extra_home,,Home,Dom,
energy_extra_battery,,Battery,Baterija,
energy_extra_gas,,Gas,Plin,
energy_extra_city_heating,,City heating,Gradsko grijanje,
energy_extra_water,,Water,Voda,
energy_extra_energy,,Energy,energija,
energy_extra_power,,Power,Vlast,
energy_extra_carbon,,Carbon,Ugljik,
energy_extra_devices,,Devices,Uređaji,
energy_extra_device,,Device,Uređaj,
energy_extra_importing,,Importing,Uvoz,
energy_extra_exporting,,Exporting,Izvoz,
energy_extra_idle,,Idle,besposlen,
energy_extra_charging,,Charging,Punjenje,
energy_extra_discharging,,Discharging,Pražnjenje,
energy_extra_producing,,Producing,Produciranje,
energy_extra_consuming,,Consuming,Konzumiranje,
energy_extra_grid_idle,,Grid idle,Rešetka u stanju mirovanja,
energy_extra_importing_power,,Importing power,Uvozna snaga,
energy_extra_exporting_power,,Exporting power,Izvozna snaga,
energy_extra_battery_supporting,,Battery supplying power,Baterija za napajanje,
energy_extra_battery_charging,,Battery charging,Punjenje baterije,
energy_extra_solar_producing,,Solar producing,Proizvodnja sunca,
energy_extra_home_consuming,,Home consuming,Kućna potrošnja,
energy_extra_energy_idle,,Energy idle,Energetski mirovanje,
energy_extra_today_value,,%1$s today,%1$s danas,app fills in %1$s — keep them
energy_extra_used_period,,Used %1$s,Korišteno %1$s,app fills in %1$s — keep them
energy_extra_produced_period,,Produced %1$s,Proizvedeno %1$s,app fills in %1$s — keep them
energy_extra_fossil_percentage,,%1$s%% fossil,%1$s%% fosil,app fills in %1$s — keep them
energy_extra_self_used_percentage,,Self-used · %1$d%%,Za vlastitu upotrebu · %1$d%%,app fills in %1$d — keep them
energy_extra_electricity_total,,Electricity total,Struja ukupno,
energy_extra_top_consumers,,Top consumers,Vrhunski potrošači,
energy_extra_device_energy,,Device energy,Energija uređaja,
energy_extra_individual_water_usage,,Individual water usage,Individualno korištenje vode,
energy_extra_production,,Production,Proizvodnja,
energy_extra_forecast,,Forecast,Prognoza,
energy_extra_inverters,,Inverters,Inverteri,
energy_extra_now,,Now,Sada,
energy_extra_usage,,Usage,Korištenje,
energy_extra_total,,Total,Ukupno,
energy_extra_cost,,Cost,trošak,
energy_extra_charge,,Charge,Naplatiti,
energy_extra_grid_flow,,Grid flow,Protok mreže,
energy_extra_self_sufficient,,Self-sufficient,Samodostatan,
energy_extra_carbon_footprint,,Carbon footprint,Ugljični otisak,
energy_extra_self_used,,Self-used,Vlastita uporaba,
energy_extra_last_seven_days,,Last 7 days,Zadnjih 7 dana,
energy_extra_lifetime,,Lifetime,Životni vijek,
energy_extra_power_per_phase,,Power per phase,Snaga po fazi,
energy_extra_tariff_meter_readings,,Tariff meter readings,Očitavanje tarifnih brojila,
energy_extra_tariff_one,,Tariff 1,Tarifa 1,
energy_extra_tariff_two,,Tariff 2,Tarifa 2,
energy_extra_solar_production,,Solar production,Solarna proizvodnja,
energy_extra_category_overview,,Overview,Pregled,
energy_extra_category_electricity_subtitle,,"Grid power, phases, import/export, tariffs, and cost","Snaga mreže, faze, uvoz/izvoz, tarife i trošak",
energy_extra_category_solar_subtitle,,"Production, forecast, and inverter device","Proizvodnja, prognoza i inverterski uređaj",
energy_extra_category_battery_subtitle,,Charge level and battery power,Razina napunjenosti i snaga baterije,
energy_extra_category_carbon_subtitle,,Grid carbon-footprint device,Mrežni uređaj za ugljični otisak,
energy_extra_category_usage_cost_subtitle,,Usage and cost,Upotreba i trošak,
energy_extra_category_devices_subtitle,,"Power, energy, and individual water devices","Električni, energetski i individualni uređaji za vodu",
energy_extra_category_city_heating_subtitle,,"Heat energy, current output, and cost","Toplinska energija, trenutni učinak i trošak",
energy_extra_card_live_source_tiles,,Live source tiles,Pločice izvora uživo,
energy_extra_card_electricity_totals_usage,,Electricity totals and usage,Ukupni iznosi i potrošnja električne energije,
energy_extra_card_home_battery,,Home battery,Kućna baterija,
energy_extra_card_gas_usage,,Gas usage,Potrošnja plina,
energy_extra_card_city_heating_usage,,City-heating usage,Korištenje gradskog grijanja,
energy_extra_card_water_usage,,Water usage,Potrošnja vode,
energy_extra_card_device_energy_bars,,Device energy bars,Energetske pločice uređaja,
energy_extra_select_energy_cards,,Select energy cards,Odaberite energetske kartice,
energy_extra_role_grid_power,,Grid power (W),Snaga mreže (W),
energy_extra_role_home_power,,Home power (W),Kućna snaga (W),
energy_extra_role_solar_power,,Solar power (W),Solarna energija (W),
energy_extra_role_battery_power,,Battery power (W),Snaga baterije (W),
energy_extra_role_battery_level,,Battery level (%),Razina baterije (%),
energy_extra_role_grid_import,,Grid import (kWh),Uvoz mreže (kWh),
energy_extra_role_grid_export,,Grid export (kWh),Izvoz mreže (kWh),
energy_extra_role_solar_production,,Solar production (kWh),Solarna proizvodnja (kWh),
energy_extra_role_phase_one_power,,Phase 1 power,Snaga faze 1,
energy_extra_role_phase_two_power,,Phase 2 power,Snaga faze 2,
energy_extra_role_phase_three_power,,Phase 3 power,Snaga faze 3,
energy_extra_role_import_meter_tariff_one,,Import meter tariff 1,Uvozna tarifa brojila 1,
energy_extra_role_import_meter_tariff_two,,Import meter tariff 2,Uvozna tarifa brojila 2,
energy_extra_role_export_meter_tariff_one,,Export meter tariff 1,Izvozna tarifa brojila 1,
energy_extra_role_export_meter_tariff_two,,Export meter tariff 2,Izvozna mjeračka tarifa 2,
energy_extra_role_energy_cost,,Energy cost,Trošak energije,
energy_extra_role_gas_total,,Gas total (m³),Ukupni plin (m³),
energy_extra_role_gas_flow_now,,Gas flow (now),Protok plina (sada),
energy_extra_role_gas_cost,,Gas cost,Trošak plina,
energy_extra_role_water_total,,Water total,Voda ukupno,
energy_extra_role_water_flow_now,,Water flow (now),Protok vode (sada),
energy_extra_role_water_cost,,Water cost,Trošak vode,
energy_extra_role_individual_water_devices,,Individual water devices,Individualni uređaji za vodu,
energy_extra_role_power_devices,,Power devices,Uređaji za napajanje,
energy_extra_role_energy_devices,,Energy devices,Energetski uređaji,
energy_extra_sensor_current_power_import,,"Current power (W, + = import)","Trenutna snaga (W, + = uvoz)",
energy_extra_sensor_power_phase_one,,Power phase 1 (W),Faza snage 1 (W),
energy_extra_sensor_power_phase_two,,Power phase 2 (W),Faza snage 2 (W),
energy_extra_sensor_power_phase_three,,Power phase 3 (W),Faza snage 3 (W),
energy_extra_sensor_current_phase_one,,Current phase 1 (A),Trenutna faza 1 (A),
energy_extra_sensor_current_phase_two,,Current phase 2 (A),Trenutna faza 2 (A),
energy_extra_sensor_current_phase_three,,Current phase 3 (A),Trenutna faza 3 (A),
energy_extra_sensor_voltage_phase_one,,Voltage phase 1 (V),Napon faze 1 (V),
energy_extra_sensor_voltage_phase_two,,Voltage phase 2 (V),Napon faze 2 (V),
energy_extra_sensor_voltage_phase_three,,Voltage phase 3 (V),Napon faze 3 (V),
energy_extra_sensor_home_consumption_power,,Home consumption power (W),Snaga kućne potrošnje (W),
energy_extra_sensor_energy_import,,Energy import (kWh),Uvoz energije (kWh),
energy_extra_sensor_energy_import_tariff_one,,Energy import tariff 1 (kWh),Uvozna tarifa za energiju 1 (kWh),
energy_extra_sensor_energy_import_tariff_two,,Energy import tariff 2 (kWh),Tarifa uvoza energije 2 (kWh),
energy_extra_sensor_energy_export,,Energy export (kWh),Izvoz energije (kWh),
energy_extra_sensor_energy_export_tariff_one,,Energy export tariff 1 (kWh),Izvozna tarifa za energiju 1 (kWh),
energy_extra_sensor_energy_export_tariff_two,,Energy export tariff 2 (kWh),Izvozna tarifa 2 energije (kWh),
energy_extra_sensor_energy_cost_today,,Energy cost today,Cijena energije danas,
energy_extra_sensor_current_power_production,,Current power production (W),Trenutna proizvodnja snage (W),
energy_extra_sensor_energy_production_today,,Energy production today (kWh),Proizvodnja energije danas (kWh),
energy_extra_sensor_energy_production_seven_days,,Energy production over the last 7 days,Proizvodnja energije u zadnjih 7 dana,
energy_extra_sensor_lifetime_energy_production,,Lifetime energy production,Doživotna proizvodnja energije,
energy_extra_sensor_battery_power_charging,,"Battery power (W, + = charging)","Snaga baterije (W, + = punjenje)",
energy_extra_sensor_gas_used_today,,Gas used today (m³),Danas potrošen plin (m³),
energy_extra_sensor_current_gas_flow,,"Current gas flow (m³/h, optional)","Trenutni protok plina (m³/h, izborno)",
energy_extra_sensor_gas_cost_today,,Gas cost today,Cijene goriva danas,
energy_extra_sensor_city_heating_total,,Heat energy total (J/MJ/GJ/kWh),Ukupna toplinska energija (J/MJ/GJ/kWh),
energy_extra_sensor_city_heating_current,,Current heat output (optional),Trenutni učinak topline (opcionalno),
energy_extra_sensor_city_heating_cost,,City-heating cost,Troškovi gradskog grijanja,
energy_extra_estimated_gas_equivalent,,Estimated gas equivalent,Procijenjeni plinski ekvivalent,
energy_extra_estimated_gas_note,,Based on 35.17 MJ per m³ of natural gas,"Na temelju 35,17 MJ po m³ prirodnog plina",
energy_extra_sensor_water_used_today,,Water used today (L/m³),Danas korištena voda (L/m³),
energy_extra_sensor_current_water_flow,,"Current water flow (L/min, optional)","Trenutni protok vode (L/min, izborno)",
energy_extra_sensor_water_cost_today,,Water cost today,Cijena vode danas,
energy_extra_picker_top_consumer_devices,,Top-consumer devices,Uređaji vrhunske potrošnje,
energy_extra_picker_device_energy_counters,,Device energy counters,Brojila energije uređaja,
energy_extra_auto_power_sensors_help,,All sensors with device_class power are included automatically. Remove a device to create your own list.,Svi senzori sa snagom device_class uključeni su automatski. Uklonite uređaj da biste izradili vlastiti popis.,
energy_extra_auto_energy_sensors_help,,All sensors with device_class energy are included automatically. Their counter changes are used for the selected period.,Svi senzori s energijom device_class uključeni su automatski. Njihove promjene brojača koriste se za odabrano razdoblje.,
energy_extra_currency,,Currency,Valuta,
energy_extra_currency_subtitle,,Which currency the cost stats are shown in,U kojoj je valuti prikazana statistika troškova,
energy_extra_currency_search,,Search currencies,Traži valute,
energy_extra_currency_automatic,,Automatic,Automatski,
energy_extra_currency_automatic_subtitle,,"Follow your cost sensors, then your device region","Pratite svoje senzore troškova, a zatim svoju regiju uređaja",
energy_extra_currency_automatic_value,,Automatic (%1$s),Automatski (%1$s),app fills in %1$s — keep them
energy_extra_energy_card,,Energy card,Energetska kartica,
energy_extra_energy_card_subtitle,,Data sources and card appearance,Izvori podataka i izgled kartice,
energy_extra_card_and_data,,Card and data,Kartica i podaci,
energy_extra_energy_stack,,Energy stack,Energetski stog,
energy_extra_energy_stack_subtitle,,"Cards, data sources, and layout","Kartice, izvori podataka i izgled",
energy_extra_cards_and_data,,Cards and data,Kartice i podaci,
events_tab,,Events,Događaji,
events_empty,,No events yet,Još nema događaja,
events_empty_hint,,Recent activity for the entities your family admin added to the timeline appears here.,Ovdje se pojavljuju nedavne aktivnosti za entitete koje je vaš obiteljski administrator dodao na vremensku traku.,
events_not_configured,,No events are being tracked,Nema događaja koji se prate,
events_not_configured_admin,,Choose which entities appear here in Settings › Family Sharing › Events.,Odaberite koji će se entiteti pojaviti ovdje u Postavkama › Obiteljsko dijeljenje › Događaji.,
events_not_configured_member,,Your family admin decides which entities appear here.,Vaš obiteljski administrator odlučuje koji će se entiteti ovdje pojaviti.,
events_unavailable,,The event timeline needs HKI 7 Cloud %1$s.,Vremenska traka događaja treba HKI 7 Cloud %1$s.,app fills in %1$s — keep them; don't translate HKI 7 Cloud
events_set_up_button,,Choose entities,Odaberite entitete,
events_no_matches,,No matching events,Nema odgovarajućih događaja,
events_loading,,Loading events…,Učitavanje događaja…,
events_today,,Today,Danas,
events_yesterday,,Yesterday,Jučer,
events_by,,by %1$s,od %1$s,app fills in %1$s — keep them
events_filter_all,,All,Sve,
event_category_door,,Doors,Vrata,
event_category_window,,Windows,Windows,
event_category_motion,,Motion,Prijedlog,
event_category_moisture,,Water,Voda,
event_category_safety,,Smoke & gas,Dim i plin,
event_category_problem,,Problems,Problemi,
event_category_battery,,Batteries,Baterije,
event_category_connectivity,,Connectivity,Povezivost,
event_category_light,,Lights,Svjetla,
event_category_switch,,Switches,Prekidači,
event_category_lock,,Locks,Brave,
event_category_cover,,Covers,Navlake,
event_category_climate,,Climate,Klima,
event_category_presence,,People,Ljudi,
event_category_alarm,,Alarm,Alarm,
event_category_media,,Media,Mediji,
event_category_vacuum,,Vacuum,Vakuum,
event_category_automation,,Automations,Automatizacije,
event_category_sensor,,Sensors,Senzori,
event_verb_opened,,was opened,bio otvoren,
event_verb_closed,,was closed,bila zatvorena,
event_verb_opening,,is opening,otvara se,
event_verb_closing,,is closing,se zatvara,
event_verb_locked,,was locked,bila zaključana,
event_verb_unlocked,,was unlocked,bio otključan,
event_verb_motion_detected,,detected motion,otkriveno kretanje,
event_verb_motion_cleared,,stopped detecting motion,prestao detektirati kretanje,
event_verb_moisture_detected,,detected moisture,otkrivena vlaga,
event_verb_moisture_cleared,,is dry again,opet je suha,
event_verb_alarm_detected,,raised an alarm,digao uzbunu,
event_verb_alarm_cleared,,cleared,očišćeno,
event_verb_problem_detected,,reported a problem,prijavio problem,
event_verb_problem_cleared,,is back to normal,vraća se u normalu,
event_verb_battery_low,,reported a low battery,prijavio slabu bateriju,
event_verb_battery_normal,,has a healthy battery again,opet ima zdravu bateriju,
event_verb_connected,,came online,došao online,
event_verb_disconnected,,went offline,otišao izvan mreže,
event_verb_turned_on,,was turned on,bio uključen,
event_verb_turned_off,,was turned off,bio isključen,
event_verb_detected,,was triggered,bio pokrenut,
event_verb_cleared,,cleared,očišćeno,
event_verb_arrived_home,,arrived home,stigao kući,
event_verb_left_home,,left home,napustio dom,
event_verb_arrived_at,,arrived at %1$s,stigao u %1$s,app fills in %1$s — keep them
event_verb_disarmed,,was disarmed,bio razoružan,
event_verb_armed,,was armed,bio naoružan,
event_verb_arming,,is arming,je naoružavanje,
event_verb_pending,,is counting down,odbrojava,
event_verb_triggered,,was triggered,bio pokrenut,
event_verb_set_to,,was set to %1$s,postavljeno je na %1$s,app fills in %1$s — keep them
event_verb_started_cleaning,,started cleaning,počeo čistiti,
event_verb_returning_to_dock,,is returning to its dock,se vraća na svoje pristanište,
event_verb_docked,,docked,usidren,
event_verb_started_playing,,started playing,počeo igrati,
event_verb_paused,,was paused,bio je pauziran,
event_verb_stopped,,stopped,zaustavljeno,
event_verb_generic,,changed to %1$s,promijenjeno u %1$s,app fills in %1$s — keep them
ui_1_advanced_shorthand_block_kept_unchanged_d4dcbd7,,1 advanced shorthand block (kept unchanged),1 napredni stenografski blok (zadržan nepromijenjen),
ui_1f_kwh_self_used_b4798a5,, · %%.1f kWh self-used (%1$s%%%%),· %%.1f kWh samostalno (%1$s%%%%),app fills in %1$s — keep them; keep the space at the start/end
ui_1f_of_1f_kwh_d_00c25f6,,%.1f of %.1f kWh · %d%%,%.1f od %.1f kWh · %d%%,app fills in %.1f %d — keep them
ui_24_hour_format_b195a8f,,24-Hour Format,24-satni format,
ui_a_fast_auto_generating_dashboard_for_home_assistant_let_0fad4a9,,"A fast, auto-generating dashboard for Home Assistant\nLet's connect to your server.","Brza, automatski generirajuća nadzorna ploča za Home Assistant\nPovežimo se na vaš poslužitelj.",don't translate Home Assistant; \n = line break
ui_a_modern_touch_first_android_dashboard_and_companion_for_814cbdb,,"A modern, touch-first Android dashboard and companion for Home Assistant.",Moderna Android nadzorna ploča s prvim dodirom i pratilac za Home Assistant.,don't translate Home Assistant
ui_about_6b21fb7,,About,Oko,
ui_accidental_touch_protection_e2683f4,,Accidental-touch protection,Zaštita od slučajnog dodira,
ui_account_85dfa32,,Account,Račun,
ui_action_49924bc,,%1$s action,%1$s akcija,app fills in %1$s — keep them
ui_action_97c89a4,,Action,Akcijski,
ui_action_data_e5a7704,,Action data,Akcijski podaci,
ui_action_data_object_8850c05,,Action data object,Objekt podataka o akciji,
ui_action_details_d623b1c,,Action details,Detalji akcije,
ui_active_0af2854,,%1$s · %2$s active,%1$s · %2$s aktivno,app fills in %1$s %2$s — keep them
ui_active_25ff32f,,%1$s/%2$s active,%1$s/%2$s aktivno,app fills in %1$s %2$s — keep them
ui_active_a733b80,,Active,Aktivan,
ui_active_c7260b5,,%1$s%% • ACTIVE,%1$s%% • AKTIVNO,app fills in %1$s — keep them
ui_active_connection_54db7a1,,Active connection,Aktivna veza,
ui_activity_81c0d91,,Activity,Aktivnost,
ui_activity_indication_and_collapsing_0764a94,,Activity indication and collapsing,Indikacija aktivnosti i sažimanje,
ui_adapt_now_c30eb08,,Adapt now,Prilagodi se sada,
ui_adaptive_lighting_7587880,,Adaptive lighting,Adaptivno osvjetljenje,
ui_adaptive_lighting_e2cffbd,,Adaptive Lighting,Prilagodljiva rasvjeta,
ui_adaptive_lighting_is_unavailable_6b9ada3,,Adaptive Lighting is unavailable,Adaptivno osvjetljenje nije dostupno,
ui_add_016df71,,Add (%1$s),Dodaj (%1$s),app fills in %1$s — keep them
ui_add_4_10_entity_buttons_to_this_dialog_s_cdedf23,,Add 4–10 entity buttons to this dialog's nav bar.,Dodajte 4–10 gumba entiteta na navigacijsku traku ovog dijaloškog okvira.,
ui_add_61cc55a,,Add,Dodati,
ui_add_and_edit_each_chart_in_this_stack_0c0cb11,,Add and edit each chart in this stack,Dodajte i uredite svaki grafikon u ovom nizu,
ui_add_at_least_one_step_3620909,,Add at least one step,Dodajte barem jedan korak,
ui_add_button_3d7db43,,Add button,Dodaj gumb,
ui_add_camera_cf03528,,Add Camera,Dodaj kameru,
ui_add_carrier_device_7945283,,Add carrier device,Dodajte uređaj nosača,
ui_add_current_network_64cabf3,,"Add current network ""%1$s""","Dodaj trenutnu mrežu ""%1$s""",app fills in %1$s — keep them
ui_add_custom_buttons_83a0768,,Add Custom Buttons,Dodajte prilagođene gumbe,
ui_add_custom_camera_url_aab29ef,,Add Custom Camera URL,Dodajte prilagođeni URL kamere,
ui_add_entities_333152e,,Add entities,Dodajte entitete,
ui_add_entity_f99dc1d,,Add entity,Dodaj entitet,
ui_add_every_integration_account_that_should_contribute_parce_ce58afb,,Add every integration account that should contribute parcels,Dodajte svaki integracijski račun koji bi trebao doprinijeti paketima,
ui_add_floor_63c715d,,Add Floor,Dodaj kat,
ui_add_graph_079e4ca,,Add graph,Dodaj grafikon,
ui_add_home_assistant_a6ccea8,,Add Home Assistant,Dodaj Home Assistant,don't translate Home Assistant
ui_add_home_assistant_instance_625838a,,Add Home Assistant instance,Dodajte Home Assistant instancu,don't translate Home Assistant
ui_add_individual_water_meters_to_compare_their_usage_daec0de,,Add individual water meters to compare their usage.,Dodajte pojedinačne vodomjere kako biste usporedili njihovu upotrebu.,
ui_add_instance_step_df337b3,,add_instance_step,dodaj_korak_instance,
ui_add_more_for_a_full_row_ed977e3,,Add %1$s more for a full row.,Dodajte još %1$s za cijeli red.,app fills in %1$s — keep them
ui_add_one_focused_card_c2f2ed8,,Add one focused card,Dodajte jednu fokusiranu karticu,
ui_add_or_edit_entities_b59919b,,Add or edit entities,Dodajte ili uredite entitete,
ui_add_parcel_82c0bf8,,Add parcel,Dodaj parcelu,
ui_add_parcel_bde8afb,,Add Parcel,Dodaj parcelu,
ui_add_room_5a95991,,Add Room,Dodaj sobu,
ui_add_sensors_d6df16f,,Add sensors,Dodajte senzore,
ui_add_to_cd52e85,,Add to %1$s,Dodaj u %1$s,app fills in %1$s — keep them
ui_add_widget_a9df350,,Add Widget,Dodaj widget,
ui_add_widget_dd4416e,,Add widget,Dodaj widget,
ui_adding_ffb2e62,,Adding…,Dodavanje...,
ui_admin_b38222e,,%1$s (admin),%1$s (admin),app fills in %1$s — keep them
ui_administrative_controls_for_your_home_assistant_server_e56ebd9,,Administrative controls for your Home Assistant server,Administrativne kontrole za vaš Home Assistant poslužitelj,don't translate Home Assistant
ui_advanced_4d06472,,Advanced,Napredno,
ui_advanced_action_data_json_622e363,,Advanced action data (JSON),Podaci o naprednim radnjama (JSON),
ui_advanced_shorthand_blocks_kept_unchanged_aa253ae,,%1$s advanced shorthand blocks (kept unchanged),%1$s napredni stenografski blokovi (zadržano nepromijenjeno),app fills in %1$s — keep them
ui_aesthetic_changes_only_f31f444,,Aesthetic changes only,Samo estetske promjene,
ui_aggregate_carriers_eae26c7,,Aggregate carriers,Nosači agregata,
ui_agree_ee68d34,,Agree,Slažem se,
ui_air_circulating_273e82b,,Air circulating,Zrak cirkulira,
ui_air_circulation_devices_a14e95d,,Air circulation devices,Uređaji za cirkulaciju zraka,
ui_air_cleaning_devices_4364277,,Air cleaning devices,Uređaji za čišćenje zraka,
ui_air_purifiers_476147b,,Air purifiers,Pročistači zraka,
ui_air_purifiers_are_fan_entities_in_home_assistant_so_3fa4fdb,,"Air purifiers are fan entities in Home Assistant, so they can't be auto-detected. Select yours here.","Pročistači zraka su entiteti ventilatora u Home Assistant, pa se ne mogu automatski otkriti. Odaberite svoju ovdje.",don't translate Home Assistant
ui_airphase_1f2d2b6,,airPhase,zračna faza,
ui_alarm_25f8c55,,Alarm,Alarm,
ui_alarm_entities_b462ba5,,Alarm entities,Entiteti alarma,
ui_alarm_pending_e2c04aa,,Alarm pending,Alarm na čekanju,
ui_alarm_triggered_641ff6f,,Alarm triggered,Alarm aktiviran,
ui_alarm_unavailable_867909b,,Alarm unavailable,Alarm nedostupan,
ui_alignment_7f8c517,,Alignment,Poravnanje,
ui_all_6a72085,,All,Sve,
ui_all_batteries_ok_9676f73,,All batteries OK,Sve baterije OK,
ui_all_calendar_entities_bffb01d,,All calendar entities,Svi entiteti kalendara,
ui_all_levels_6b4fde3,,All levels,Sve razine,
ui_all_off_97b7833,,All off,Sve isključeno,
ui_all_thermostats_59c8297,,All thermostats,Svi termostati,
ui_all_types_30c8a0f,,All types,Sve vrste,
ui_allow_all_the_time_d91ab85,,Allow All The Time,Dopusti sve vrijeme,
ui_allow_editing_24f2b54,,Allow editing,Dopusti uređivanje,
ui_allow_theme_colors_icons_names_and_wallpaper_but_not_efc8a97,,"Allow theme, colors, icons, names and wallpaper — but not adding or removing widgets, buttons or rooms","Dopusti temu, boje, ikone, nazive i pozadinu — ali ne i dodavanje ili uklanjanje widgeta, gumba ili soba",
ui_always_a91bcce,,Always,Uvijek,
ui_an_admin_can_share_one_dashboard_with_the_whole_5a5434d,,"An admin can share one dashboard with the whole family so everyone gets the same layout. To use it, an admin needs to install the HKI 7 Cloud component and share a dashboard first.","Administrator može dijeliti jednu nadzornu ploču s cijelom obitelji kako bi svi dobili isti izgled. Da bi ga koristio, administrator treba instalirati komponentu HKI 7 Cloud i prvo podijeliti nadzornu ploču.",don't translate HKI 7 Cloud
ui_an_admin_needs_to_install_the_hki_7_cloud_0e9241b,,An admin needs to install the HKI 7 Cloud component and share a dashboard first.,Administrator prvo mora instalirati komponentu HKI 7 Cloud i podijeliti nadzornu ploču.,don't translate HKI 7 Cloud
ui_android_location_permission_2ff3839,,Android Location Permission,Dopuštenje za lokaciju Androida,
ui_animated_icons_aa39cfe,,Animated icons,Animirane ikone,
ui_animation_62afd21,,Animation,Animacija,
ui_announced_letter_3a7ac05,,Announced letter,Najavljeno pismo,
ui_any_state_c7274cb,,Any state,Bilo koja država,
ui_appearance_41def7a,,Appearance,Izgled,
ui_applies_to_all_dashboard_buttons_widgets_stacks_rooms_and_9715deb,,"Applies to all dashboard buttons, widgets, stacks, rooms, and cards.","Primjenjuje se na sve gumbe nadzorne ploče, widgete, nizove, sobe i kartice.",
ui_apply_cfea419,,Apply,primijeniti,
ui_archived_eddc813,,Archived,Arhivirano,
ui_are_you_sure_you_want_to_clear_battery_config_3e19f24,,Are you sure you want to clear battery config?,Jeste li sigurni da želite izbrisati konfiguraciju baterije?,
ui_armed_32caa31,,Armed,Naoružan,
ui_armed_away_6834abf,,Armed away,Naoružani daleko,
ui_armed_home_c8d0b44,,Armed home,Naoružani kući,
ui_armed_night_80659bd,,Armed night,Oružana noć,
ui_arming_in_seconds_b9e07a8,,Arming in %1$s seconds,Aktiviranje za %1$s sekundi,app fills in %1$s — keep them
ui_aspect_ratio_4e077cf,,Aspect ratio,Omjer slike,
ui_aspect_ratio_used_by_every_stream_275bb52,,Aspect ratio used by every stream,Omjer slike koji koristi svaki stream,
ui_astronomical_tap_or_swipe_683fe28,,Astronomical · tap or swipe,Astronomski · dodirnite ili prijeđite prstom,
ui_at_target_6a8dbb5,,At target,Na meti,
ui_auto_c614ba7,,Auto,Auto,
ui_auto_dashboard_c7a509a,,Auto dashboard,Auto nadzorna ploča,
ui_auto_discovered_e0643da,,Auto-discovered,Automatski otkriveno,
ui_auto_generate_0f86c24,,Auto Generate,Automatski generiraj,
ui_auto_generate_1502534,,Auto generate,Automatski generiraj,
ui_auto_generation_is_a_one_time_starting_point_the_6b317fe,,"Auto generation is a one-time starting point. The Home page starts empty in either mode, and you can re-import Home Assistant data later from individual views.","Automatsko generiranje je jednokratna početna točka. Početna stranica počinje prazna u oba načina, a kasnije možete ponovno uvesti Home Assistant podatke iz pojedinačnih prikaza.",don't translate Home Assistant
ui_auto_manual_342b68e,,Auto + %1$s manual,Automatski + %1$s ručno,app fills in %1$s — keep them
ui_auto_none_f606e9b,,Auto / none,Automatski / ništa,
ui_auto_scan_150eb4b,,Auto-scan,Automatsko skeniranje,
ui_auto_unavailable_33737ba,,Auto / unavailable,Automatski / nedostupno,
ui_automatic_cloud_backup_494d882,,Automatic cloud backup,Automatska sigurnosna kopija u oblaku,
ui_automatic_configuration_only_battery_class_percentage_sens_ce9ab03,,Automatic configuration: only battery-class percentage sensors are included.,Automatska konfiguracija: uključeni su samo senzori postotka baterije.,
ui_automatic_local_cloud_backup_7aef407,,Automatic local cloud backup,Automatska lokalna sigurnosna kopija u oblaku,
ui_automatic_paging_and_transition_style_792709a,,Automatic paging and transition style,Automatsko stranice i stil prijelaza,
ui_automatically_backs_up_your_dashboard_and_appearance_setti_cd89812,,"Automatically backs up your dashboard and appearance settings to your own Home Assistant every day, so you can restore them any time. Requires the HKI 7 Cloud custom component (install it via HACS).","Automatski sigurnosno kopira postavke nadzorne ploče i izgleda na vaš vlastiti Home Assistant svaki dan, tako da ih možete vratiti u bilo kojem trenutku. Zahtijeva prilagođenu komponentu HKI 7 Cloud (instalirajte je putem HACS-a).","don't translate HKI 7 Cloud, Home Assistant"
ui_automation_a15fde5,,Automation,Automatizacija,
ui_automations_even_when_the_app_is_closed_or_not_d27e5b1,,"automations, even when the app is closed or not in use.\n\n","automatizacije, čak i kada je aplikacija zatvorena ili se ne koristi.",\n = line break
ui_autoplay_95619b5,,Autoplay,Automatska reprodukcija,
ui_average_93a8018,,average,prosjek,
ui_azimuth_d2fbdb3,,Azimuth,Azimut,
ui_back_b52b36b,,Back,Nazad,
ui_back_up_now_527bf1a,,Back up now,Sada napravite sigurnosnu kopiju,
ui_background_image_url_or_path_dfc4908,,Background image (URL or path),Pozadinska slika (URL ili put),
ui_background_location_5f56f21,,Background location,Lokacija u pozadini,
ui_background_notifications_563a463,,Background notifications,Obavijesti u pozadini,
ui_background_usage_fd8ed73,,Background Usage,Upotreba u pozadini,
ui_backing_up_f600558,,Backing up…,Sigurnosno kopiranje...,
ui_backspace_88d130a,,Backspace,Backspace,
ui_backup_and_restore_a593246,,Backup and Restore,Sigurnosno kopiranje i vraćanje,
ui_backup_dd96994,,Backup,Sigurnosna kopija,
ui_backups_contain_dashboard_and_appearance_configuration_onl_d5856be,,"Backups contain dashboard and appearance configuration only. Connection details, app permissions, location state, and notification history are not included.","Sigurnosne kopije sadrže samo konfiguraciju nadzorne ploče i izgleda. Pojedinosti o povezivanju, dopuštenja aplikacije, stanje lokacije i povijest obavijesti nisu uključeni.",
ui_badge_bar_layout_4b4dfdd,,Badge bar layout,Izgled trake znački,
ui_bars_ad5fb3b,,Bars,Barovi,
ui_batt_679d0aa,,Batt,Batt,
ui_batteries_0970f9d,,Batteries,Baterije,
ui_battery_4a9be04,,Battery,Baterija,
ui_battery_74dff99,,Battery: %1$s,Baterija: %1$s,app fills in %1$s — keep them
ui_battery_attention_0feaa08,,battery-attention,baterija-pozor,
ui_battery_battery_notes_only_14e5936,,Battery+ / Battery Notes only,Baterija+ / Samo napomene o bateriji,
ui_battery_energy_25638f8,,battery-energy,baterija-energija,
ui_battery_entities_visible_9299588,,%1$s battery entities visible,%1$s entiteti baterije vidljivi,app fills in %1$s — keep them
ui_battery_fill_8b6793e,,battery-fill,punjenje baterije,
ui_battery_health_12c0ce4,,BATTERY HEALTH,ZDRAVLJE BATERIJE,
ui_battery_health_8cc8e64,,BATTERY+ HEALTH,BATERIJA+ ZDRAVLJE,
ui_battery_level_is_healthy_1de4c4f,,Battery level is healthy,Razina baterije je zdrava,
ui_battery_levels_7c61b65,,Battery Levels,Razine baterije,
ui_battery_optimization_7676ca5,,Battery Optimization,Optimizacija baterije,
ui_battery_orbit_9aa5d8c,,battery-orbit,baterijska orbita,
ui_battery_rules_be75b3c,,Battery rules,Pravila za baterije,
ui_battery_sensor_optional_0e261e6,,Battery sensor (optional),Senzor baterije (opcionalno),
ui_behavior_70cb647,,Behavior,Ponašanje,
ui_birthday_yyyy_mm_dd_d1a9b03,,Birthday (YYYY-MM-DD),rođendan (GGGG-MM-DD),
ui_bold_100_1b94255,,Bold (+100),Podebljano (+100),
ui_bolder_200_9cc5d65,,Bolder (+200),Podebljano (+200),
ui_boldest_300_c5a490d,,Boldest (+300),Najhrabriji (+300),
ui_boldness_10b6938,,Boldness · %1$s,Smjelost · %1$s,app fills in %1$s — keep them
ui_brand_and_third_party_work_8d6d517,,Brand and third-party work,Robna marka i rad trećih strana,
ui_brightness_222d6d5,,%1$s brightness,%1$s svjetlina,app fills in %1$s — keep them
ui_brightness_8e06ad0,,BRIGHTNESS,SVJETLINA,
ui_brightness_slider_a427c80,,Brightness slider,Klizač svjetline,
ui_build_the_interface_entirely_your_way_e94582f,,Build the interface entirely your way.,Izgradite sučelje potpuno na svoj način.,
ui_building_your_dashboard_2943961,,Building your dashboard,Izrada vaše nadzorne ploče,
ui_built_in_20f409c,,Built-in,Ugrađeni,
ui_button_794145f,,Button,Gumb,
ui_button_image_2483e32,,Button image,Slika gumba,
ui_button_lock_28d87b1,,Button lock,Zaključavanje gumba,
ui_button_stack_ee9e7f8,,Button Stack,Snop gumba,
ui_button_type_890a578,,Button type,Vrsta gumba,
ui_buttons_available_from_this_person_s_detail_dialog_ab3f9f9,,Buttons available from this person's detail dialog,Gumbi dostupni iz dijaloškog okvira pojedinosti ove osobe,
ui_calendar_content_1f185c8,,Calendar content,Sadržaj kalendara,
ui_calendars_9444501,,Calendars,Kalendari,
ui_camera_4da9c9a,,Camera,Fotoaparat,
ui_camera_aspect_ratio_928bf09,,Camera aspect ratio,Omjer slike kamere,
ui_camera_display_20a9c82,,Camera display,Zaslon kamere,
ui_camera_feed_cc1f19e,,Camera Feed,Feed kamere,
ui_camera_page_6b1987b,,camera_page,stranica_kamere,
ui_camera_stack_645ea0f,,Camera Stack,Stog kamere,
ui_camera_url_0eebe87,,Camera URL,URL kamere,
ui_cameras_d3daff3,,Cameras,Fotoaparati,
ui_camerascan_00bd2cb,,cameraScan,cameraScan,
ui_can_t_reach_the_server_73079bd,,Can't reach the server,Nije moguće pristupiti poslužitelju,
ui_cancel_77dfd21,,Cancel,Otkazati,
ui_cancel_arming_5d383c8,,Cancel arming,Otkaži uključivanje,
ui_card_4d4ce73,,Card,Kartica,
ui_card_data_4a42176,,Card & data,Kartica i podaci,
ui_card_entities_e548a55,,Card & entities,Kartica i entiteti,
ui_card_layout_f83b655,,Card layout,Izgled kartice,
ui_card_settings_1a3b62a,,Card settings,Postavke kartice,
ui_card_shape_and_width_0d513f7,,Card shape and width,Oblik i širina kartice,
ui_card_shape_width_and_background_e4aff1c,,"Card shape, width, and background","Oblik kartice, širina i pozadina",
ui_card_size_shape_and_background_df75707,,"Card size, shape, and background","Veličina kartice, oblik i pozadina",
ui_card_width_icon_and_styling_de70fd8,,"Card width, icon, and styling","Širina kartice, ikona i stil",
ui_card_width_shape_icon_and_background_c3695b5,,"Card width, shape, icon, and background","Širina kartice, oblik, ikona i pozadina",
ui_cards_0f830bc,,Cards,karte,
ui_cards_data_a33e044,,Cards & data,Kartice i podaci,
ui_cards_entities_be4393a,,Cards & entities,Kartice i entiteti,
ui_carrier_accounts_20ad36c,,Carrier accounts,Računi nositelja,
ui_carrier_devices_9927ae1,,Carrier devices,Uređaji nosači,
ui_carrier_display_name_optional_5ca06fc,,Carrier display name (optional),Naziv operatera za prikaz (neobavezno),
ui_center_adapt_now_and_pause_buttons_81074b2,,Center Adapt now and Pause buttons,Središnji gumbi Adapt now i Pause,
ui_change_64fbd99,,Change,Promijeniti,
ui_change_avatar_image_217fbce,,Change avatar image,Promjena slike avatara,
ui_changing_mode_3da68b4,,Changing mode,Promjena načina rada,
ui_charge_flow_ceb6c62,,Charge & flow,Punjenje i protok,
ui_chart_66c7734,,Chart,Grafikon,
ui_checking_for_shared_dashboards_5f2f823,,Checking for shared dashboards…,Provjera dijeljenih nadzornih ploča…,
ui_checking_for_the_hki_7_cloud_component_c76112a,,Checking for the HKI 7 Cloud component…,Provjera komponente HKI 7 Cloud…,don't translate HKI 7 Cloud
ui_choose_78b7c9f,,Choose,Odaberite,
ui_choose_a_different_server_47e6ce6,,Choose a different server,Odaberite drugi poslužitelj,
ui_choose_a_side_when_the_badge_bar_is_split_6e3c73d,,Choose a side when the badge bar is split,Odaberite stranu kada je traka značke podijeljena,
ui_choose_a_state_7ab7191,,Choose a state,Odaberite državu,
ui_choose_a_visual_home_assistant_block_e7c8652,,Choose a visual Home Assistant block,Odaberite vizualni Home Assistant blok,don't translate Home Assistant
ui_choose_action_cf9c80e,,Choose action,Odaberite akciju,
ui_choose_an_action_e82323b,,Choose an action,Odaberite radnju,
ui_choose_an_entity_00fd1cc,,Choose an entity,Odaberite entitet,
ui_choose_an_entity_first_d59e681,,Choose an entity first,Najprije odaberite entitet,
ui_choose_an_expanded_or_compact_dashboard_header_815902d,,Choose an expanded or compact dashboard header,Odaberite prošireno ili kompaktno zaglavlje nadzorne ploče,
ui_choose_avatar_image_bcd5b00,,Choose avatar image,Odaberite sliku avatara,
ui_choose_between_the_full_header_and_a_compact_navigation_90ec55e,,Choose between the full header and a compact navigation bar,Odaberite između punog zaglavlja i kompaktne navigacijske trake,
ui_choose_entity_31b0424,,Choose entity,Odaberite entitet,
ui_choose_how_this_phone_or_tablet_appears_in_home_419da67,,Choose how this phone or tablet appears in Home Assistant,Odaberite kako se ovaj telefon ili tablet pojavljuje u Home Assistant,don't translate Home Assistant
ui_choose_icon_b0047ce,,Choose icon,Odaberite ikonu,
ui_choose_included_cards_and_shared_entity_overrides_a507343,,Choose included cards and shared entity overrides,Odaberite uključene kartice i nadjačavanja dijeljenih entiteta,
ui_choose_included_views_and_shared_entity_overrides_41f2e64,,Choose included views and shared entity overrides,Odaberite uključene prikaze i nadjačavanja zajedničkih entiteta,
ui_choose_one_or_more_carrier_devices_in_widget_settings_100a4ca,,Choose one or more carrier devices in widget settings.,Odaberite jedan ili više uređaja nositelja u postavkama widgeta.,
ui_choose_person_entity_977db64,,Choose person entity,Odaberite entitet osobe,
ui_choose_the_climate_view_and_optional_entity_overrides_a69cbbc,,Choose the climate view and optional entity overrides,Odaberite prikaz klime i izborna nadjačavanja entiteta,
ui_choose_the_energy_view_and_override_its_entities_if_523c3be,,Choose the energy view and override its entities if needed,Odaberite energetski prikaz i nadjačajte njegove entitete ako je potrebno,
ui_choose_the_entity_and_card_content_8bde89a,,Choose the entity and card content,Odaberite entitet i sadržaj kartice,
ui_choose_the_home_assistant_entities_that_drive_this_room_53a4061,,Choose the Home Assistant entities that drive this room's live indicators. Indicators only appear while they are active.,Odaberite Home Assistant entitete koji pokreću indikatore uživo ove sobe. Indikatori se pojavljuju samo dok su aktivni.,don't translate Home Assistant
ui_choose_the_home_assistant_shown_in_hki_7_b29bc26,,Choose the Home Assistant shown in HKI 7,Odaberite Home Assistant prikazano u HKI 7,"don't translate Home Assistant, HKI 7"
ui_choose_the_player_and_dashboard_label_7fa88ba,,Choose the player and dashboard label,Odaberite player i oznaku nadzorne ploče,
ui_choose_the_profile_for_this_light_d8c7bae,,Choose the profile for this light,Odaberite profil za ovo svjetlo,
ui_choose_the_sensors_plotted_together_3bc1663,,Choose the sensors plotted together,Odaberite senzore iscrtane zajedno,
ui_choose_the_source_and_when_a_battery_is_considered_0b993df,,Choose the source and when a battery is considered low,Odaberite izvor i kada se baterija smatra slabom,
ui_choose_what_tap_double_tap_and_hold_should_do_0bbe9c8,,"Choose what tap, double tap, and hold should do","Odaberite što će dodir, dvostruki dodir i držanje učiniti",
ui_choose_what_this_action_should_control_7ebe4ab,,Choose what this action should control,Odaberite što ova radnja treba kontrolirati,
ui_choose_what_this_badge_summarizes_a7af7e6,,Choose what this badge summarizes,Odaberite što ova značka sažima,
ui_choose_what_this_header_pill_shows_0bbdbc2,,Choose what this header pill shows,Odaberite što ova tabla prikazuje,
ui_choose_where_to_restore_the_dashboard_configuration_from_bb40b34,,Choose where to restore the dashboard configuration from.,Odaberite odakle želite vratiti konfiguraciju nadzorne ploče.,
ui_choose_whether_this_person_appears_in_the_home_header_49f0ec2,,Choose whether this person appears in the Home header,Odaberite hoće li se ta osoba pojaviti u zaglavlju Početna,
ui_choose_which_profiles_this_widget_can_control_2cd9b2b,,Choose which profiles this widget can control,Odaberite koje profile ovaj widget može kontrolirati,
ui_choose_who_can_see_this_dashboard_they_can_import_2f5e49d,,Choose who can see this dashboard. They can import it into their own app.,Odaberite tko može vidjeti ovu nadzornu ploču. Mogu ga uvesti u vlastitu aplikaciju.,
ui_choose_your_dashboard_1ec85e9,,Choose your dashboard,Odaberite svoju nadzornu ploču,
ui_clean_rooms_4dc67ab,,Clean rooms,Čiste sobe,
ui_clean_selected_43d8dd5,,Clean selected,Očisti odabrano,
ui_clear_719ea39,,Clear,Jasan,
ui_clear_battery_config_d8854f7,,Clear battery config?,Očistiti konfiguraciju baterije?,
ui_clear_battery_view_1952347,,Clear battery view?,Očistiti prikaz baterije?,
ui_clear_battery_view_5ef09bf,,Clear Battery View,Brisanje prikaza baterije,
ui_clear_climate_view_48e8a5e,,Clear Climate View,Jasan prikaz klime,
ui_clear_climate_view_9a1339c,,Clear climate view?,Jasan pogled na klimu?,
ui_clear_config_51f6330,,Clear config,Obriši konfiguraciju,
ui_clear_energy_view_401c166,,Clear Energy View,Clear Energy View,
ui_clear_energy_view_d577bb7,,Clear energy view?,Jasan energetski pogled?,
ui_clear_filters_4122267,,Clear filters,Očisti filtre,
ui_clear_rooms_view_87a43ca,,Clear Rooms View,Pregled čistih soba,
ui_clear_rooms_view_f1d0d72,,Clear rooms view?,Pogled čistih soba?,
ui_clear_search_67300d0,,Clear search,Očisti pretragu,
ui_clear_security_view_219e25b,,Clear Security View,Očisti sigurnosni prikaz,
ui_clear_security_view_48790f7,,Clear security view?,Očistiti sigurnosni prikaz?,
ui_clear_selection_247fd63,,Clear selection,Očisti odabir,
ui_climate_4857860,,Climate,Klima,
ui_climate_cards_f4996fd,,Climate Cards,Klimatske karte,
ui_climate_devices_are_found_automatically_add_extra_entities_5ebd8b7,,Climate devices are found automatically; add extra entities here if any are missing.,Klimatski uređaji se automatski pronalaze; ovdje dodajte dodatne entitete ako neki nedostaju.,
ui_climate_dialog_control_add9f2b,,Climate dialog control,Dijaloška kontrola klime,
ui_climate_sources_take_priority_and_use_their_current_temper_5dbcde3,,Climate sources take priority and use their current_temperature and current_humidity values. ,Izvori klime imaju prioritet i koriste svoje vrijednosti trenutne_temperature i trenutne_vlažnosti.,keep the space at the start/end
ui_climate_stack_cards_dcff178,,Climate Stack Cards,Climate Stack Cards,
ui_climate_summary_4686577,,Climate summary,Klimatski sažetak,
ui_climatedooropen_026f1c8,,climateDoorOpen,klimaDoorOpen,
ui_climatehouse_9c0637a,,climateHouse,klimaKuća,
ui_climatewindowopen_9b0794a,,climateWindowOpen,klimaWindowOpen,
ui_close_bbfa773,,Close,Zatvoriti,
ui_cloud_backup_is_off_71dfae1,,Cloud backup is off,Sigurnosno kopiranje u oblaku je isključeno,
ui_collapsed_by_default_65a57c6,,Collapsed by default,Prema zadanim postavkama sažeto,
ui_collapsible_c932fac,,Collapsible,Sklopivi,
ui_collection_30c54a9,,Collection,Kolekcija,
ui_color_1d0c830,,Color,Boja,
ui_color_typography_and_component_shape_b82e582,,"Color, typography, and component shape","Boja, tipografija i oblik komponente",
ui_colors_and_light_dark_mode_37de9d5,,Colors and light/dark mode,Boje i svijetlo/tamno način rada,
ui_columns_cf723c5,,Columns,Stupci,
ui_combine_multiple_accounts_from_the_same_carrier_into_one_0006a49,,Combine multiple accounts from the same carrier into one tab and parcel list.,Kombinirajte više računa istog prijevoznika u jednu karticu i popis paketa.,
ui_comfortpulse_100b63b,,comfortPulse,komforPuls,
ui_community_source_716abd9,,Community source,Izvor zajednice,
ui_compact_1df39aa,,Compact,Kompaktan,
ui_compact_header_50275e8,,Compact header,Kompaktno zaglavlje,
ui_compact_mode_hides_the_left_header_pill_persons_subtitle_da84968,,"Compact mode hides the left header pill, persons, subtitle/status information, and room counters. Swipe down on the compact bar to open Search, Flows, Edit, and Settings.","Kompaktni način rada skriva lijevu pločicu zaglavlja, osobe, informacije o titlovima/statusu i brojače soba. Prijeđite prstom prema dolje na kompaktnoj traci da biste otvorili Search, Flows, Edit i Settings.",
ui_compact_tile_height_78b57a3,,Compact tile height,Kompaktna visina pločice,
ui_configured_light_65a3aad,,%1$s configured light%2$s,%1$s konfigurirano svjetlo%2$s,app fills in %1$s %2$s — keep them
ui_confirm_04a2122,,Confirm,Potvrdi,
ui_connect_b65463c,,Connect,Poveži se,
ui_connected_through_home_assistant_cloud_47a54c0,,Connected through Home Assistant Cloud,Povezan putem Home Assistant Clouda,don't translate Home Assistant
ui_connected_through_your_external_home_assistant_address_966b0e6,,Connected through your external Home Assistant address,Povezan putem vaše vanjske Home Assistant adrese,don't translate Home Assistant
ui_connected_through_your_home_network_cdf4e0f,,Connected through your home network,Povezan putem vaše kućne mreže,
ui_connecting_fd3e796,,Connecting…,Povezivanje…,
ui_connection_6512ee1,,Connection,Veza,
ui_connection_switched_to_8f04753,,Connection switched to %1$s,Veza prebačena na %1$s,app fills in %1$s — keep them
ui_contacting_your_home_assistant_server_e0a53d1,,Contacting your Home Assistant server…,Kontaktiranje vašeg Home Assistant poslužitelja…,don't translate Home Assistant
ui_content_4f9be05,,Content,Sadržaj,
ui_continue_2e02623,,Continue,Nastaviti,
ui_continuous_gps_for_live_tracking_uses_much_more_battery_fdcd80d,,Continuous GPS for live tracking — uses much more battery. Leave off for official-app-like behavior.,Kontinuirani GPS za praćenje uživo — troši puno više baterije. Isključite za ponašanje slično službenoj aplikaciji.,
ui_control_ea1d3df,,Control,Kontrolirati,
ui_control_how_accounts_become_tabs_and_lists_f100249,,Control how accounts become tabs and lists,Upravljajte načinom na koji računi postaju kartice i popisi,
ui_control_layout_4c3b047,,Control layout,Izgled kontrole,
ui_controls_and_history_sensors_used_by_the_dialog_f71675d,,Controls and history sensors used by the dialog,Kontrole i povijesni senzori koje koristi dijaloški okvir,
ui_controls_light_in_this_profile_cd11089,,Controls %1$s light%2$s in this profile.,Kontrolira %1$s svjetlo%2$s u ovom profilu.,app fills in %1$s %2$s — keep them
ui_cooling_5569ac4,,Cooling,Hlađenje,
ui_copy_af74f7c,,Copy,Kopirati,
ui_copy_dashboard_2ea354e,,Copy dashboard,Kopiraj nadzornu ploču,
ui_copyright_2026_jimz011_b8f2c24,,Copyright © 2026 Jimz011,Autorska prava © 2026 Jimz011,
ui_corners_f1fb139,,Corners,Kutovi,
ui_could_not_add_the_parcel_check_the_number_and_fd157b4,,Could not add the parcel. Check the number and try again.,Nije moguće dodati paket. Provjerite broj i pokušajte ponovno.,
ui_couldn_t_reach_a30cc1b,,Couldn't reach %1$s,Nije moguće doći do %1$s,app fills in %1$s — keep them
ui_couldn_t_reach_your_home_assistant_server_2a17c09,,Couldn't reach your Home Assistant server.,Nije moguće doći do vašeg Home Assistant poslužitelja.,don't translate Home Assistant
ui_countdown_timer_282cb17,,Countdown timer,Odbrojavanje vremena,
ui_create_6e157c5,,Create,Stvoriti,
ui_create_a_flow_11b4415,,Create a flow,Stvorite tijek,
ui_create_a_separate_dashboard_auto_generate_imports_once_and_a5f0ef1,,Create a separate dashboard. Auto Generate imports once and then becomes editable; Start Empty only keeps persons available.,"Izradite zasebnu nadzornu ploču. Automatski generiraj uvoze jednom, a zatim postaje moguće uređivati; Start Empty samo ostavlja dostupne osobe.",
ui_create_custom_page_d1f53e7,,Create custom page,Stvorite prilagođenu stranicu,
ui_created_by_jimz011_2026_hki_7_v_20cbca0,,Created by Jimz011 - 2026 • HKI 7 v%1$s,Izradio Jimz011 - 2026 • HKI 7 v%1$s,app fills in %1$s — keep them; don't translate HKI 7
ui_created_by_jimz011_with_help_from_ai_assisted_development_47c9a41,,"Created by Jimz011 with help from AI-assisted development tools. Product direction, design choices, testing, and responsibility for the released app remain with the project creator.","Kreirao Jimz011 uz pomoć razvojnih alata potpomognutih umjetnom inteligencijom. Usmjeravanje proizvoda, izbor dizajna, testiranje i odgovornost za objavljenu aplikaciju ostaju na kreatoru projekta.",
ui_created_openly_1cc16d4,,Created openly,Stvoreno otvoreno,
ui_creates_a_full_duplicate_of_including_all_rooms_widgets_b96bbb1,,"Creates a full duplicate of ""%1$s"", including all rooms, widgets, and page settings. The copy is added to your dashboards without switching to it.","Stvara puni duplikat ""%1$s"", uključujući sve sobe, widgete i postavke stranice. Kopija se dodaje na vaše nadzorne ploče bez prebacivanja na nju.",app fills in %1$s — keep them
ui_critical_04b7b26,,Critical,Kritično,
ui_critical_low_5852b16,,%1$s critical · %2$s low,%1$s kritično · %2$s nisko,app fills in %1$s %2$s — keep them
ui_critical_replace_soon_dbd946d,,Critical — replace soon,Kritično — uskoro zamijenite,
ui_current_4fc0e2b,,Current,Trenutni,
ui_current_88a0a02,,%1$s° current,%1$s° struje,app fills in %1$s — keep them
ui_current_charge_b6b0b3d,,Current charge,Trenutni naboj,
ui_current_e4ef83d,,Current %1$s%%,Trenutačni %1$s%%,app fills in %1$s — keep them
ui_current_weather_0fc6239,,Current weather,Trenutno vrijeme,
ui_currently_loaded_69ef6fb,,Currently loaded,Trenutno učitano,
ui_custom_081ae3f,,Custom,Običaj,
ui_custom_buttons_c580449,,Custom buttons,Prilagođeni gumbi,
ui_custom_camera_ada9096,,Custom Camera,Prilagođena kamera,
ui_custom_camera_url_8191b15,,Custom camera URL,Prilagođeni URL kamere,
ui_custom_ed17691,,Custom %1$s,Prilagođeno %1$s,app fills in %1$s — keep them
ui_custom_entities_d6e76ae,,Custom entities,Prilagođeni entiteti,
ui_custom_name_6af17c2,,Custom name,Prilagođeno ime,
ui_custom_order_a7a5984,,Custom order,Prilagođena narudžba,
ui_custom_seconds_7467e28,,Custom seconds,Prilagođene sekunde,
ui_custom_state_378153b,,Custom state...,Prilagođeno stanje...,
ui_custom_url_9c155e9,,Custom URL,Prilagođeni URL,
ui_customize_device_energy_b754bb5,,Customize device energy,Prilagodite energiju uređaja,
ui_customize_top_consumers_eb249c5,,Customize top consumers,Prilagodite najbolje potrošače,
ui_customize_water_devices_81ce5f6,,Customize water devices,Prilagodite uređaje za vodu,
ui_d_6388bb3,,"%1$s d, %2$s","%1$s d, %2$s",app fills in %1$s %2$s — keep them
ui_daily_backup_is_active_111a631,,Daily backup is active,Dnevna sigurnosna kopija je aktivna,
ui_dashboard_d87f47b,,Dashboard,Nadzorna ploča,
ui_dashboard_header_36d8656,,Dashboard header,Zaglavlje nadzorne ploče,
ui_dashboard_name_466f3af,,Dashboard name,Naziv nadzorne ploče,
ui_dashboard_width_and_card_shape_3fcad11,,Dashboard width and card shape,Širina nadzorne ploče i oblik kartice,
ui_dashboards_197565b,,Dashboards,Nadzorne ploče,
ui_dashboards_shared_by_your_family_import_to_add_a_8a6d06e,,Dashboards shared by your family. Import to add a copy to your dashboards; import again later to pull updates.,Nadzorne ploče koje dijeli vaša obitelj. Uvezi za dodavanje kopije na svoje nadzorne ploče; ponovno uvezite kasnije za preuzimanje ažuriranja.,
ui_dashboards_visual_style_and_everyday_navigation_17f3ac2,,"Dashboards, visual style, and everyday navigation","Nadzorne ploče, vizualni stil i svakodnevna navigacija",
ui_data_series_e5977fb,,Data series,Serije podataka,
ui_data_sources_dadd6ac,,Data sources,Izvori podataka,
ui_date_eb9a4bc,,Date,Datum,
ui_datetime_f1e5baf,,DateTime,Datum i vrijeme,
ui_day_to_839bf92,,%1$s day%2$s to %3$s,%1$s dan%2$s do %3$s,app fills in %1$s %2$s %3$s — keep them
ui_decrease_67e19d8,,Decrease,Smanjenje,
ui_default_808d7dc,,Default,Zadano,
ui_default_effect_per_type_a4ce3c4,,Default effect per type,Zadani učinak po vrsti,
ui_default_view_343256a,,Default view,Zadani prikaz,
ui_default_weather_entity_588d455,,Default weather entity,Zadani vremenski entitet,
ui_defrosting_c3b2817,,Defrosting,Odmrzavanje,
ui_delete_0c6013a,,"Delete ""%1$s""?","Izbrisati ""%1$s""?",app fills in %1$s — keep them
ui_delete_137cdc2,,Delete %1$s?,Izbrisati %1$s?,app fills in %1$s — keep them
ui_delete_automation_442d61c,,Delete automation?,Izbrisati automatizaciju?,
ui_delete_f6fdbe4,,Delete,Izbrisati,
ui_delete_floor_07c4a91,,Delete floor,Izbriši pod,
ui_delivered_eea956c,,Delivered,Isporučeno,
ui_demo_mode_a85b728,,Demo mode,Demo način rada,
ui_description_55f8ebc,,Description,Opis,
ui_details_dc3decb,,Details,pojedinosti,
ui_detected_carbon_intensity_9983458,,Detected carbon intensity,Otkriveni intenzitet ugljika,
ui_device_8c01559,,Device: %1$s,Uređaj: %1$s,app fills in %1$s — keep them
ui_device_a5a74a6,,Device,Uređaj,
ui_device_details_39c277d,,Device details,Pojedinosti o uređaju,
ui_device_details_eb36018,,DEVICE DETAILS,DETALJI UREĐAJA,
ui_device_energy_79de3d8,,Device energy,Energija uređaja,
ui_device_helpers_6a8b199,,Device & helpers,Uređaji i pomoćnici,
ui_device_name_79d7a15,,Device name,Naziv uređaja,
ui_device_tracker_and_geocoded_location_f9e2d34,,Device tracker and geocoded location,Uređaj za praćenje i geokodirana lokacija,
ui_devices_728190e,,devices,uređaja,
ui_devices_df485c8,,Devices,Uređaji,
ui_dialog_control_63e18cf,,Dialog control,Dijaloška kontrola,
ui_direction_5a47d4d,,Direction —,smjer —,
ui_disable_battery_optimization_d3201bf,,Disable Battery Optimization,Onemogući optimizaciju baterije,
ui_disarmed_aaa4d9e,,Disarmed,Razoružan,
ui_discovered_acbb9e0,,Discovered,Otkriveno,
ui_dismiss_70afe9e,,Dismiss,Odbaciti,
ui_display_574ff9b,,Display,Prikaz,
ui_display_linked_entities_and_dialog_layout_e6987f9,,"Display, linked entities, and dialog layout","Prikaz, povezani entiteti i izgled dijaloškog okvira",
ui_display_mode_627bc30,,Display mode,Način prikaza,
ui_display_order_5f1293a,,Display order,Redoslijed prikaza,
ui_done_e9b450d,,Done,Gotovo,
ui_door_locked_4b46012,,Door\nLocked,vrata\nZaključano,\n = line break
ui_door_open_74899a4,,Door\nOpen,vrata\nOtvoreno,\n = line break
ui_door_sensor_turns_lock_card_red_when_open_9bc1372,,Door sensor (turns lock card red when open),Senzor za vrata (kartica brave postaje crvena kada je otvorena),
ui_door_sensors_a7bb309,,Door sensors,Senzori za vrata,
ui_double_tap_a268e89,,Double tap,Dodirnite dvaput,
ui_drag_horizontally_across_the_full_button_547ea8c,,Drag horizontally across the full button,Povucite vodoravno preko cijelog gumba,
ui_drag_to_reorder_use_the_eye_button_to_hide_cd28b4c,,Drag to reorder. Use the eye button to hide an item or schedule when it shows.,Povucite za promjenu redoslijeda. Upotrijebite gumb za oko kako biste sakrili stavku ili raspored kada se prikaže.,
ui_drag_to_set_the_order_cameras_appear_on_the_7bcb4f5,,Drag to set the order cameras appear on the Security view.,Povucite kako biste postavili redoslijed pojavljivanja kamera na sigurnosnom prikazu.,
ui_drag_to_set_the_order_the_cards_appear_below_b6a92e4,,Drag to set the order the cards appear below the house on the Energy view.,Povucite kako biste postavili redoslijed kojim se karte pojavljuju ispod kuće na energetskom prikazu.,
ui_drag_to_set_the_order_thermostats_and_ac_units_62d49e7,,Drag to set the order thermostats and AC units appear on the Climate view.,Povucite kako biste postavili redoslijed pojavljivanja termostata i klima uređaja na prikazu Klima.,
ui_drying_7ea61a9,,Drying,Sušenje,
ui_e_e0184ad,,E,E,
ui_each_group_controls_one_part_of_this_page_286a40b,,Each group controls one part of this page,Svaka grupa kontrolira jedan dio ove stranice,
ui_each_home_keeps_its_own_login_dashboard_notification_conne_c261f94,,"Each home keeps its own login, dashboard, notification connection, and location registration","Svaki dom ima vlastitu prijavu, nadzornu ploču, vezu za obavijesti i registraciju lokacije",
ui_edit_5301648,,Edit,Uredi,
ui_edit_entities_485ee65,,Edit entities,Uređivanje entiteta,
ui_edit_page_17e45f8,,Edit page,Uredi stranicu,
ui_edit_sensors_6c38d51,,Edit sensors,Uredite senzore,
ui_effects_8f25a85,,Effects,Efekti,
ui_electricity_925cf7f,,Electricity,Struja,
ui_electricity_total_c81c63f,,Electricity Total,Struja Ukupno,
ui_elevation_a514da1,,Elevation,Nadmorska visina,
ui_empty_3159fe4,,Empty,Prazan,
ui_empty_bin_0cbe2d7,,Empty bin,Prazan spremnik,
ui_empty_bin_bcf05c4,,Empty bin: %1$s,Prazni spremnik: %1$s,app fills in %1$s — keep them
ui_empty_bin_optional_fallback_e40b857,,Empty bin (optional fallback),Isprazni spremnik (opcionalno rezervno),
ui_empty_iframe_open_its_settings_in_edit_mode_and_c17ba2f,,Empty iFrame — open its settings in edit mode and enter a web address.,Isprazni iFrame — otvorite njegove postavke u načinu uređivanja i unesite web adresu.,
ui_empty_markdown_widget_open_its_settings_in_edit_mode_b65072d,,Empty markdown widget — open its settings in edit mode to write content.,Empty markdown widget — otvorite njegove postavke u načinu uređivanja za pisanje sadržaja.,
ui_empty_stack_79d38d5,,Empty Stack,Prazan stog,
ui_enable_cloud_backup_32fe82b,,Enable cloud backup,Omogući sigurnosno kopiranje u oblaku,
ui_enable_home_assistant_backup_bd7cf62,,Enable Home Assistant backup,Omogući sigurnosno kopiranje Home Assistant,don't translate Home Assistant
ui_enable_the_features_hki_7_may_use_in_the_52e596d,,Enable the features HKI 7 may use in the background,Omogućite značajke koje HKI 7 može koristiti u pozadini,don't translate HKI 7
ui_enabled_e22fb09,,ENABLED,OMOGUĆENO,
ui_end_2a002eb,,End: %1$s,Kraj: %1$s,app fills in %1$s — keep them
ui_energy_437bcb1,,Energy,energija,
ui_energy_cards_c84abda,,Energy Cards,Energetske kartice,
ui_energy_counters_imported_from_home_assistant_s_energy_dash_9dd23f9,,Energy counters imported from Home Assistant's Energy dashboard.,Brojači energije uvezeni s Home Assistant energetske nadzorne ploče.,don't translate Home Assistant
ui_energy_stack_cards_5ac4b4c,,Energy Stack Cards,Kartice snopa energije,
ui_energyscene_374cbbb,,energyScene,EnergyScene,
ui_enter_a_pin_4e6a960,,Enter a PIN,Unesite PIN,
ui_enter_a_valid_json_object_00d1e89,,Enter a valid JSON object,Unesite važeći JSON objekt,
ui_enter_an_address_manually_5eda99d,,Enter an address manually,Unesite adresu ručno,
ui_enter_code_ab45ae5,,Enter code,Unesite kod,
ui_enter_http_url_relative_path_or_webrtc_id_e_bb736eb,,"Enter HTTP URL, relative path, or WebRTC ID (e.g., poort_hd)","Unesite HTTP URL, relativni put ili WebRTC ID (npr. poort_hd)",
ui_enter_http_url_relative_path_or_webrtc_path_e_41da8c2,,"Enter HTTP URL, relative path, or WebRTC path (e.g., url: poort_hd)","Unesite HTTP URL, relativni put ili WebRTC put (npr. url: poort_hd)",
ui_enter_the_same_data_object_home_assistant_shows_in_f7e27af,,Enter the same data object Home Assistant shows in YAML. JSON is used here so values keep their exact type.,Unesite isti podatkovni objekt Home Assistant prikazan u YAML-u. Ovdje se koristi JSON tako da vrijednosti zadržavaju svoju točnu vrstu.,don't translate Home Assistant
ui_entities_390082d,,Entities · %1$s,Entiteti · %1$s,app fills in %1$s — keep them
ui_entities_6510c2f,,Entities (%1$s),Entiteti (%1$s),app fills in %1$s — keep them
ui_entities_9d88f3c,,entities,entiteta,
ui_entities_appearance_and_interactions_b90b013,,"Entities, appearance, and interactions","Entiteti, izgled i interakcije",
ui_entities_f7638a2,,Entities,Entiteti,
ui_entities_that_signal_activity_or_safety_states_769b862,,Entities that signal activity or safety states,Entiteti koji signaliziraju aktivnost ili sigurnosna stanja,
ui_entity_icons_gently_glow_spin_or_pulse_while_the_b3a8910,,"Entity icons gently glow, spin, or pulse while the device is on. Only active devices animate.","Ikone entiteta nježno svijetle, vrte se ili pulsiraju dok je uređaj uključen. Animiraju se samo aktivni uređaji.",
ui_entity_integrations_852a3e0,,Entity integrations,Integracije entiteta,
ui_entity_name_9543eb8,,Entity name,Naziv entiteta,
ui_entity_picture_0569c68,,Entity picture,Slika entiteta,
ui_entity_unavailable_3974ddb,,Entity unavailable,Entitet nedostupan,
ui_event_ad8919a,,Event,Događaj,
ui_every_contribution_helps_and_payment_is_never_required_1bc44f2,,"Every contribution helps, and payment is never required","Svaki doprinos pomaže, a plaćanje nikada nije potrebno",
ui_everyday_navigation_e2f1711,,Everyday navigation,Svakodnevna navigacija,
ui_everyone_c756f6a,,Everyone,svi,
ui_exact_text_or_number_reported_by_home_assistant_00e5cc6,,Exact text or number reported by Home Assistant,Točan tekst ili broj prijavio Home Assistant,don't translate Home Assistant
ui_example_com_or_https_8381ca6,,example.com or https://…,example.com ili https://…,
ui_existing_camera_5fb3653,,Existing Camera,Postojeća kamera,
ui_exit_demo_mode_ab94122,,Exit Demo Mode,Izađite iz demo načina rada,
ui_exit_full_screen_3d9afda,,Exit full screen,Izađi iz cijelog zaslona,
ui_exiting_removes_the_sample_home_and_returns_to_the_05548e1,,"Exiting removes the sample home and returns to the welcome screen, where you can connect a real Home Assistant server.","Izlazak uklanja početnu stranicu uzorka i vraća se na ekran dobrodošlice, gdje se možete povezati sa pravim Home Assistant poslužiteljem.",don't translate Home Assistant
ui_expected_delivery_78d54b2,,Expected delivery,Očekivana isporuka,
ui_expected_today_4af5600,,Expected today,Očekuje se danas,
ui_external_url_or_nabu_casa_url_d2e1eed,,External URL or Nabu Casa URL,Vanjski URL ili Nabu Casa URL,don't translate Nabu Casa
ui_family_sharing_160fddb,,Family Sharing,Dijeljenje s obitelji,
ui_family_sharing_settings_are_controlled_by_a_home_assistant_cdb35a2,,Family Sharing settings are controlled by a Home Assistant admin. You can use a dashboard shared with you below.,Postavkama obiteljskog dijeljenja upravlja Home Assistant administrator. Možete koristiti nadzornu ploču koja se dijeli s vama u nastavku.,don't translate Home Assistant
ui_fan_ec38406,,Fan,Ventilator,
ui_fan_modes_fbaa3df,,Fan & modes,Ventilator i načini rada,
ui_fans_73d38db,,Fans,Navijači,
ui_fetch_climate_entities_from_home_assistant_again_a65f837,,Fetch climate entities from Home Assistant again.,Ponovno dohvatite klimatske entitete iz Home Assistant.,don't translate Home Assistant
ui_fetch_rooms_floors_and_their_entities_from_home_assistant_0d84305,,"Fetch rooms, floors, and their entities from Home Assistant again.","Ponovno dohvatite sobe, katove i njihove entitete iz Home Assistant.",don't translate Home Assistant
ui_fetch_security_entities_from_home_assistant_again_577b666,,Fetch security entities from Home Assistant again.,Ponovno dohvatite sigurnosne entitete iz Home Assistant.,don't translate Home Assistant
ui_fetch_the_home_assistant_energy_dashboard_configuration_ag_9180e9b,,Fetch the Home Assistant energy dashboard configuration again.,Ponovo dohvatite konfiguraciju energetske nadzorne ploče Home Assistant.,don't translate Home Assistant
ui_find_home_assistant_locally_c992bdf,,Find Home Assistant locally,Pronađite Home Assistant lokalno,don't translate Home Assistant
ui_firmware_94fe490,,Firmware %1$s,Firmware %1$s,app fills in %1$s — keep them
ui_five_simple_gestures_are_all_you_need_to_get_d4c2675,,Five simple gestures are all you need to get around HKI 7.,Pet jednostavnih pokreta sve je što trebate da biste se kretali HKI 7.,don't translate HKI 7
ui_fixed_tab_10fe998,,Fixed tab,Fiksna kartica,
ui_floor_7db82f7,,Floor,Kat,
ui_floor_assignment_288a740,,Floor assignment,Dodjela katova,
ui_floor_name_e9d98d6,,Floor name,Naziv kata,
ui_floor_settings_640cb8e,,Floor settings,Podne postavke,
ui_flowphase_101d9f0,,flowPhase,flowPhase,
ui_flows_1242655,,Flows,Tokovi,
ui_focused_groups_keep_advanced_options_easy_to_find_44ac86e,,Focused groups keep advanced options easy to find,Fokusirane grupe omogućuju lako pronalaženje naprednih opcija,
ui_font_family_54a1848,,Font family,Obitelj fontova,
ui_font_size_ef89fc7,,Font size · %1$s%%,Veličina fonta · %1$s%%,app fills in %1$s — keep them
ui_fonts_ffe688a,,Fonts,Fontovi,
ui_force_high_refresh_rate_214de79,,Force high refresh rate,Forsirajte visoku stopu osvježavanja,
ui_forecast_528bc4b,,Forecast,Prognoza,
ui_forecast_entities_c950412,,Forecast entities,Entiteti predviđanja,
ui_forget_selection_7864f34,,Forget selection,Zaboravite odabir,
ui_forward_ba4e722,,Forward,Naprijed,
ui_from_ad3b521,,From %1$s,Od %1$s,app fills in %1$s — keep them
ui_from_state_6c7eaef,,From state,Od države,
ui_full_changelog_ae838e7,,Full changelog,Potpuni dnevnik promjena,
ui_full_controls_68749a5,,Full controls,Potpune kontrole,
ui_full_day_name_25ab7ee,,Full Day Name,Ime punog dana,
ui_full_url_or_a_path_on_your_home_assistant_66f9c59,,Full URL or a path on your Home Assistant server (e.g. /local/vacuum.png),Puni URL ili put na vašem Home Assistant poslužitelju (npr. /local/vacuum.png),don't translate Home Assistant
ui_gas_ead9650,,Gas,Plin,
ui_generating_your_rooms_01654a1,,Generating your rooms,Generiranje vaših soba,
ui_get_started_bd2cb05,,Get Started,Započnite,
ui_give_a_humidifier_a_fan_select_input_select_to_860be4d,,"Give a humidifier a fan / select / input_select to control its speed; its options replace the humidifier's mode chips, and modes move to the dialog's nav bar.","Dajte ovlaživaču ventilator / select / input_select za kontrolu njegove brzine; njegove opcije zamjenjuju čipove načina rada ovlaživača, a načini rada premještaju se na navigacijsku traku dijaloškog okvira.",
ui_glow_6ae5a62,,glow,sjaj,
ui_glowphase_748e6d6,,glowPhase,faza sjaja,
ui_glowpulse_9269294,,glowPulse,glowPulse,
ui_good_61dedcf,,Good,Dobro,
ui_google_drive_07c2964,,Google Drive,Google Drive,don't translate Google Drive
ui_got_it_5b8027f,,Got it,shvaćam,
ui_got_it_let_s_explore_107038f,,Got it — let's explore,Shvaćam — idemo istraživati,
ui_graph_sensor_c63cbb6,,Graph %1$s · %2$s sensor%3$s,Grafikon %1$s · %2$s senzor%3$s,app fills in %1$s %2$s %3$s — keep them
ui_graph_style_6acd980,,Graph Style,Stil grafikona,
ui_graphs_7839947,,Graphs,Grafikoni,
ui_grid_density_and_button_presentation_b7907e5,,Grid density and button presentation,Gustoća mreže i prikaz gumba,
ui_grid_density_width_and_tile_shape_267ad9a,,"Grid density, width, and tile shape","Gustoća mreže, širina i oblik pločice",
ui_grid_phases_0a5eae5,,Grid & phases,Mreža i faze,
ui_group_light_paused_for_manual_control_78d6b74,,%1$s group light%2$s paused for manual control.,%1$s grupno svjetlo%2$s pauzirano za ručno upravljanje.,app fills in %1$s %2$s — keep them
ui_group_related_cards_in_one_section_f978d2b,,Group related cards in one section,Grupirajte povezane kartice u jednom odjeljku,
ui_guide_motion_579dcaf,,guide_motion,vođenje_pokreta,
ui_guide_progress_6138614,,guide_progress,vodič_napredak,
ui_gust_53f5da4,, (gust %1$s),(utor %1$s),app fills in %1$s — keep them; keep the space at the start/end
ui_h_0be1674,,%1$sh,%1$sh,app fills in %1$s — keep them
ui_header_31341c6,,Header,Zaglavlje,
ui_header_appearance_40327c9,,Header appearance,Izgled zaglavlja,
ui_header_custom_color_rrggbb_1887d0a,,Header custom color (#RRGGBB),Prilagođena boja zaglavlja (#RRGGBB),
ui_header_pill_d7520cf,,Header pill,Pilula za glavu,
ui_header_text_7f71314,,Header text,Tekst zaglavlja,
ui_header_text_f7593e7,,Header Text,Tekst zaglavlja,
ui_header_wallpaper_url_or_path_25cf2b6,,Header wallpaper URL or path,URL pozadine zaglavlja ili put,
ui_heading_some_bold_text_a_list_item_one_item_b7f049b,,"# Heading\nSome **bold** text, a list:\n- item one\n- item two","# Naslov\nMalo **podebljanog** teksta, popis:\n- stavka jedan\n- stavka dva",\n = line break
ui_healthy_80ea156,,Healthy,Zdrav,
ui_heating_f2a3e6e,,Heating,Grijanje,
ui_height_3f608b4,,Height,Visina,
ui_help_the_project_without_buying_premium_e960d10,,Help the project without buying Premium,Pomozite projektu bez kupnje Premiuma,
ui_hidden_1364716,,%1$s hidden,%1$s skriveno,app fills in %1$s — keep them
ui_hidden_d4c2792,,Hidden,Skriven,
ui_hidden_during_c0afbbc,,Hidden during,Skriveno tijekom,
ui_hidden_rooms_f621ba4,,Hidden rooms,Skrivene sobe,
ui_hidden_items_advanced_title,,Hidden items (advanced),Skrivene stavke (napredno),
ui_hidden_items_advanced_hint,,Comma-separated list of button entity ids or badge/widget ids to hide from this person specifically. A button's id is its entity id; a badge or widget's id is shown in its own Appearance settings.,Popis ID-ova entiteta gumba ili ID-ova bedževa/widgeta odvojenih zarezima koje treba sakriti od ove osobe. ID gumba je njegov ID entiteta; ID značke ili widgeta prikazuje se u vlastitim postavkama izgleda.,
ui_hidden_views_3e16d85,,Hidden views,Skriveni pogledi,
ui_hide_certain_views_or_rooms_from_specific_people_to_f10458c,,Hide certain views or rooms from specific people to keep their dashboard simple. This is UX-level hiding — it does not restrict what they can do in Home Assistant itself.,Sakrijte određene poglede ili sobe od određenih ljudi kako bi njihova nadzorna ploča bila jednostavna. Ovo je skrivanje na razini UX-a — ne ograničava ono što mogu učiniti u samom Home Assistant.,don't translate Home Assistant
ui_hide_connection_notification_dcee06a,,Hide Connection Notification,Sakrij obavijest o povezivanju,
ui_hide_this_badge_or_schedule_when_it_appears_e149fbf,,"Hide this badge, or schedule when it appears",Sakrij ovu značku ili zakaži kada se pojavi,
ui_hide_this_button_or_schedule_when_it_appears_a28bf66,,"Hide this button, or schedule when it appears",Sakrij ovaj gumb ili zakaži kada se pojavi,
ui_high_accuracy_mode_954d2c5,,High accuracy mode,Način visoke točnosti,
ui_history_90ccd64,,History,Povijest,
ui_hki_7_68a9e17,,HKI 7,HKI 7,don't translate HKI 7
ui_hki_7_collects_location_data_to_enable_presence_detection_2dda033,,HKI 7 collects location data to enable presence detection and zone-based ,HKI 7 prikuplja podatke o lokaciji kako bi omogućio otkrivanje prisutnosti i na temelju zone,don't translate HKI 7; keep the space at the start/end
ui_hki_7_logo_a445c44,,HKI 7 logo,HKI 7 logotip,don't translate HKI 7
ui_hki_7_turns_your_native_home_assistant_entities_rooms_c95b345,,"HKI 7 turns your native Home Assistant entities, rooms, automations, media, energy data, and services into a configurable mobile dashboard. It is designed to stay connected to Home Assistant as the source of truth while offering a distinct HKI interface.","HKI 7 pretvara vaše izvorne Home Assistant entitete, sobe, automatizaciju, medije, podatke o energiji i usluge u mobilnu nadzornu ploču koja se može konfigurirati. Dizajniran je da ostane povezan s Home Assistant kao izvorom istine dok nudi različito HKI sučelje.","don't translate Home Assistant, HKI 7"
ui_hki_7_v_d5594a7,,HKI 7 v%1$s,HKI 7 v%1$s,app fills in %1$s — keep them; don't translate HKI 7
ui_home_and_rooms_are_always_shown_reorder_the_other_bea984a,,Home and Rooms are always shown. Reorder the other tabs with the arrows and toggle each on or off.,Dom i Sobe su uvijek prikazani. Promijenite redoslijed ostalih kartica pomoću strelica i uključite ili isključite svaku.,
ui_home_assistant_backup_is_off_4524f2e,,Home Assistant backup is off,Sigurnosno kopiranje Home Assistant je isključeno,don't translate Home Assistant
ui_home_assistant_c8fd3bb,,Home Assistant,Home Assistant,don't translate Home Assistant
ui_home_assistant_instances_b0de2f3,,Home Assistant instances,Home Assistant instanci,don't translate Home Assistant
ui_home_assistant_will_be_unavailable_briefly_while_it_restar_df30b45,,Home Assistant will be unavailable briefly while it restarts. Administrator access is required.,Home Assistant će nakratko biti nedostupan dok se ponovno pokreće. Potreban je administratorski pristup.,don't translate Home Assistant
ui_home_security_aa534f2,,HOME SECURITY,SIGURNOST KUĆE,
ui_home_wi_fi_names_comma_separated_b71c6ab,,Home Wi-Fi names (comma separated),Nazivi kućnih Wi-Fi mreža (odvojeni zarezima),
ui_hourly_forecast_50f6c9c,,Hourly forecast,Prognoza po satu,
ui_how_this_control_communicates_state_ad17a3d,,How this control communicates state,Kako ova kontrola prenosi stanje,
ui_how_this_icon_animates_while_the_device_is_active_dffdaf5,,"How this icon animates while the device is active. ""Auto"" follows the global setting; the rest override it for this icon.","Kako ova ikona animira dok je uređaj aktivan. ""Auto"" slijedi globalnu postavku; ostatak ga nadjačava za ovu ikonu.",
ui_http_homeassistant_local_8123_67b2235,,http://homeassistant.local:8123,http://homeassistant.local:8123,
ui_http_url_relative_path_or_webrtc_name_e_g_dfc56c4,,"HTTP URL, relative path, or WebRTC name (e.g., url: poort_hd)","HTTP URL, relativni put ili WebRTC naziv (npr. url: poort_hd)",
ui_https_1a66279,,https://…,https://…,
ui_https_example_ui_nabu_casa_4d97501,,https://example.ui.nabu.casa,https://example.ui.nabu.casa,
ui_humidifiers_aa38e2a,,Humidifiers,Ovlaživači zraka,
ui_humidifiers_are_found_automatically_from_the_humidifier_do_0717429,,Humidifiers are found automatically from the humidifier domain; add extra entities here if any are missing.,Ovlaživači se automatski pronalaze iz domene ovlaživača; ovdje dodajte dodatne entitete ako neki nedostaju.,
ui_humidifying_5d5f6c5,,Humidifying,Ovlaživanje,
ui_humidity_65adb9c,,Humidity,Vlažnost,
ui_humidity_control_devices_c7e4846,,Humidity control devices,Uređaji za kontrolu vlažnosti,
ui_humidity_sensor_graphed_in_activity_5b792e1,,Humidity sensor (graphed in Activity),Senzor vlažnosti (prikazan grafikonom u Aktivnosti),
ui_icon_716f63b,,Icon,Ikona,
ui_icon_animation_5b1faae,,Icon animation,Animacija ikone,
ui_icon_animations_and_effects_db0dea4,,Icon animations and effects,Animacije ikona i efekti,
ui_icon_eeaa97d,,Icon: %1$s,Ikona: %1$s,app fills in %1$s — keep them
ui_icon_feedback_180b871,,Icon & feedback,Ikona i povratne informacije,
ui_icons_edb8f6c,,Icons,Ikone,
ui_identity_7e5a975,,Identity,Identitet,
ui_identity_and_connection_bee53f8,,Identity and connection,Identitet i povezanost,
ui_identity_presentation_indicators_and_maintenance_d46fbf4,,"Identity, presentation, indicators, and maintenance","Identitet, prezentacija, pokazatelji i održavanje",
ui_idle_cc1ebdd,,Idle,besposlen,
ui_image_50e19fd,,Image,Slika,
ui_image_style_size_shape_and_background_40c17b6,,"Image style, size, shape, and background","Stil slike, veličina, oblik i pozadina",
ui_image_url_or_path_ddd8d74,,Image URL or path,URL slike ili put,
ui_import_d6fbc9d,,Import,Uvoz,
ui_import_entities_that_have_not_been_edited_or_remove_6edde59,,"Import entities that have not been edited, or remove all climate edits and import from scratch.",Uvezite entitete koji nisu uređivani ili uklonite sve klimatske izmjene i uvezite ispočetka.,
ui_import_entities_that_have_not_been_edited_or_remove_9851b28,,"Import entities that have not been edited, or remove all security edits and import from scratch.",Uvezite entitete koji nisu uređivani ili uklonite sva sigurnosna uređivanja i uvezite ispočetka.,
ui_import_from_family_f9eb88d,,Import from family,Uvezeno iz obitelji,
ui_import_only_rooms_and_entities_that_have_not_been_478d449,,"Import only rooms and entities that have not been edited, or remove all edited rooms and floors and import everything from scratch.",Uvezite samo sobe i entitete koji nisu uređeni ili uklonite sve uređene sobe i katove i uvezite sve ispočetka.,
ui_import_only_rooms_that_have_not_been_edited_or_d59bee5,,"Import only rooms that have not been edited, or rebuild everything. Rebuilding removes all edited rooms and floors before importing them from scratch.",Uvezite samo sobe koje nisu uređene ili ponovno izgradite sve. Ponovnom izgradnjom uklanjaju se sve uređene sobe i katovi prije nego što se uvezu ispočetka.,
ui_import_sensors_with_device_class_battery_and_unit_of_dfaced9,,Import sensors with device_class battery and unit_of_measurement %.,Uvezite senzore s device_class baterijom i unit_of_measurement %.,
ui_import_settings_that_have_not_been_edited_or_remove_2fc3850,,"Import settings that have not been edited, or remove all energy edits and import from scratch.",Uvezite postavke koje nisu uređivane ili uklonite sve energetske izmjene i uvezite ispočetka.,
ui_import_unedited_4a58143,,Import unedited,Uvezi neuređeno,
ui_imported_stacks_cannot_be_removed_in_auto_mode_hide_608f9ed,,"Imported stacks cannot be removed in auto mode. Hide the stack instead, or take over / switch to manual mode to delete it permanently.",Uvezeni nizovi ne mogu se ukloniti u automatskom načinu rada. Umjesto toga sakrijte stog ili ga preuzmite / prebacite na ručni način rada da biste ga trajno izbrisali.,
ui_importing_820599d,,Importing…,Uvoz...,
ui_importing_areas_and_entities_from_home_assistant_0e50b82,,Importing areas and entities from Home Assistant…,Uvoz područja i entiteta iz Home Assistant…,don't translate Home Assistant
ui_incoming_outgoing_1815915,,%1$s incoming · %2$s outgoing%3$s,%1$s dolazni · %2$s odlazni%3$s,app fills in %1$s %2$s %3$s — keep them
ui_incoming_outgoing_49b9c0b,,%1$s incoming · %2$s outgoing,%1$s dolazni · %2$s odlazni,app fills in %1$s %2$s — keep them
ui_incorrect_pin_2de1d18,,Incorrect PIN,Netočan PIN,
ui_increase_5a7fecf,,Increase,Povećati,
ui_individual_water_usage_21dd78c,,Individual water usage,Individualno korištenje vode,
ui_individual_widgets_ff1526f,,Individual widgets,Pojedinačni widgeti,
ui_indoor_average_53abf03,,INDOOR AVERAGE,UNUTARNJI PROSJEK,
ui_indoor_comfort_7060319,,Indoor comfort,Udobnost u zatvorenom prostoru,
ui_instance_name_e98a2eb,,Instance name,Naziv instance,
ui_interactions_0b3583e,,Interactions,Interakcije,
ui_internal_url_acab9b2,,Internal URL,Interni URL,
ui_interval_seconds_eaeeb46,,Interval seconds,Interval sekunde,
ui_is_c24d775,, is,je,keep the space at the start/end
ui_item_corner_roundness_5032003,,Item corner roundness,Zaobljenost ugla predmeta,
ui_items_cabff0b,,%1$s items,%1$s stavke,app fills in %1$s — keep them
ui_k_df46805,,%1$sK,%1$sK,app fills in %1$s — keep them
ui_keep_existing_edits_or_remove_all_battery_edits_and_acc0236,,"Keep existing edits, or remove all battery edits and import from scratch.",Zadržite postojeća uređivanja ili uklonite sva uređivanja baterije i uvezite ispočetka.,
ui_keep_only_the_title_right_header_pill_and_back_7777651,,"Keep only the title, right header pill, and back button when a page has one.","Zadržite samo naslov, desno zaglavlje i gumb za povratak ako ga stranica ima.",
ui_keeps_a_connection_to_home_assistant_for_instant_notificat_ecaee7d,,Keeps a connection to Home Assistant for instant notifications,Održava vezu s Home Assistant za trenutne obavijesti,don't translate Home Assistant
ui_keeps_presence_detection_and_zone_automations_working_andr_c48598a,,Keeps presence detection and zone automations working. Android should show ‘Allow all the time’.,"Održava rad otkrivanja prisutnosti i automatizacije zona. Android bi trebao prikazati ""Dopusti cijelo vrijeme"".",
ui_keeps_your_device_location_updated_in_home_assistant_e295875,,Keeps your device location updated in Home Assistant,Održava lokaciju vašeg uređaja ažuriranom u Home Assistant,don't translate Home Assistant
ui_km_h_ede7178,,%1$s km/h,%1$s km/h,app fills in %1$s — keep them
ui_languages_and_frameworks_used_by_the_android_app_fb4ac97,,Languages and frameworks used by the Android app,Jezici i okviri koje koristi Android aplikacija,
ui_last_backup_05509f8,,Last backup %1$s,Zadnja sigurnosna kopija %1$s,app fills in %1$s — keep them
ui_last_h_3faaee1,,Last %1$sh,Zadnjih %1$sh,app fills in %1$s — keep them
ui_last_run_b27f32a,,Last run %1$s,Zadnje izvođenje %1$s,app fills in %1$s — keep them
ui_layout_972ad8d,,Layout,Izgled,
ui_leave_a_tip_5f90f10,,Leave a tip,Ostavite napojnicu,
ui_leave_empty_to_use_the_home_assistant_name_f769e92,,Leave empty to use the Home Assistant name,Ostavite prazno za korištenje imena Home Assistant,don't translate Home Assistant
ui_leave_this_empty_for_local_only_access_add_an_cc6bf85,,Leave this empty for local-only access. Add an external or Nabu Casa URL to use HKI 7 away from home.,Ostavite ovo prazno za samo lokalni pristup. Dodajte vanjski ili Nabu Casa URL za korištenje HKI 7 izvan kuće.,"don't translate Nabu Casa, HKI 7"
ui_left_8ae1c34,,Left,Lijevo,
ui_left_side_overflows_right_fc8533c,,Left side overflows right,Lijeva strana prelijeva se u desnu,
ui_less_526cb74,,Less,Manje,
ui_let_hki_7_create_the_first_version_for_you_dc36439,,Let HKI 7 create the first version for you.,Neka HKI 7 stvori prvu verziju za vas.,don't translate HKI 7
ui_let_this_person_enter_edit_mode_667df39,,Let this person enter edit mode,Neka ova osoba uđe u način uređivanja,
ui_level_7c7f5d0,,Level,Razina,
ui_level_unavailable_a442183,,Level unavailable,Razina nedostupna,
ui_license_3229609,,License,Licenca,
ui_light_is_turned_off_ebc0cf1,,Light is turned off,Svjetlo je isključeno,
ui_lines_c6fd387,,Lines,Linije,
ui_link_a_device_to_auto_fill_the_humidifier_s_6f65010,,"Link a device to auto-fill the humidifier's helper entities, or set them by hand",Povežite uređaj za automatsko popunjavanje pomoćnih entiteta ovlaživača ili ih postavite ručno,
ui_link_a_speed_control_197d75a,,Link a speed control,Povežite kontrolu brzine,
ui_linked_speed_control_optional_95fd680,,Linked speed control (optional),Povezana kontrola brzine (opcionalno),
ui_live_65c821a,,Live,Živjeti,
ui_live_6990f01,,LIVE,ŽIVJETI,
ui_live_indicators_11ef687,,Live indicators,Indikatori uživo,
ui_live_power_sensors_imported_from_home_assistant_s_configur_1b926f2,,Live power sensors imported from Home Assistant's configured Energy devices.,Senzori žive snage uvezeni iz konfiguriranih energetskih uređaja Home Assistant.,don't translate Home Assistant
ui_loading_actions_260b0c0,,Loading actions…,Učitavanje radnji...,
ui_loading_actions_877bfd9,,Loading actions...,Učitavanje radnji...,
ui_loading_camera_50a8065,,Loading camera…,Učitavanje kamere…,
ui_loading_device_a3fda88,,Loading device...,Učitavanje uređaja...,
ui_local_file_576d5ac,,Local file,Lokalna datoteka,
ui_local_network_optional_42aba01,,Local network (optional),Lokalna mreža (izborno),
ui_local_only_05ed059,,Local Only,Samo lokalno,
ui_locating_e46bab0,,Locating…,Lociranje...,
ui_location_access_3b68001,,Location access,Pristup lokaciji,
ui_location_d219c68,,Location,Mjesto,
ui_location_unavailable_3a57dda,,Location Unavailable,Lokacija nedostupna,
ui_lock_c37eb4c,,LOCK,BRAVA,
ui_locked_a798882,,Locked,Zaključan,
ui_locks_the_screen_to_its_highest_refresh_rate_while_585256f,,Locks the screen to its highest refresh rate while the app is open (uses more battery).,Zaključava zaslon na najveću stopu osvježavanja dok je aplikacija otvorena (koristi više baterije).,
ui_log_in_again_1ee6e18,,Log in again,Prijavite se ponovo,
ui_logging_in_again_keeps_your_dashboard_and_settings_9a8ed6f,,Logging in again keeps your dashboard and settings.,Ponovno prijavljivanje zadržava vašu nadzornu ploču i postavke.,
ui_logo_url_or_ha_local_path_optional_e795f06,,Logo URL or HA/local path (optional),URL logotipa ili HA/lokalni put (neobavezno),
ui_logout_keep_config_32a0cfb,,Logout (Keep Config),Odjava (Zadrži konfiguraciju),
ui_low_a124947,,Low,Niska,
ui_low_ba7cae2,,%1$s low,%1$s nizak,app fills in %1$s — keep them
ui_low_batteries_41d22d9,,%1$s low batteries,%1$s niske baterije,app fills in %1$s — keep them
ui_low_plan_a_replacement_34435da,,Low — plan a replacement,Nizak — planirajte zamjenu,
ui_low_threshold_1ecfd8b,,Low threshold (%),Niski prag (%),
ui_lunar_phase_301b75e,,Lunar phase,Mjesečeva faza,
ui_mail_92379cb,,Mail,pošta,
ui_maintenance_94de303,,Maintenance,Održavanje,
ui_manage_items_d854c4b,,Manage items,Upravljanje stavkama,
ui_manage_order_411f2d9,,Manage order,Upravljanje redoslijedom,
ui_managed_by_an_admin_805ae65,,Managed by an admin,Upravlja administrator,
ui_manual_configuration_only_selected_entities_and_devices_ar_10e150b,,Manual configuration: only selected entities and devices are shown.,Ručna konfiguracija: prikazuju se samo odabrani entiteti i uređaji.,
ui_map_ab478f3,,Map,Karta,
ui_map_c5cc79f,,Map: %1$s,Karta: %1$s,app fills in %1$s — keep them
ui_map_camera_for_dialog_2bc4344,,Map camera (for dialog),Kamera karte (za dijalog),
ui_map_status_sensors_and_control_bindings_8cc2dbd,,"Map, status sensors, and control bindings","Karta, statusni senzori i kontrolna povezivanja",
ui_map_unavailable_0ccd149,,Map unavailable,Karta nije dostupna,
ui_markdown_23e67fc,,Markdown,Smanjenje,
ui_matching_entities_are_added_automatically_by_home_assistan_07ebdac,,Matching entities are added automatically by Home Assistant device class. Add any missing or custom entities here.,Odgovarajući entiteti automatski se dodaju prema Home Assistant klasi uređaja. Ovdje dodajte sve nedostajuće ili prilagođene entitete.,don't translate Home Assistant
ui_media_0c77aee,,Media,Mediji,
ui_media_browsing_isn_t_available_for_this_player_e068417,,Media browsing isn't available for this player.,Pregledavanje medija nije dostupno za ovaj player.,
ui_media_library_b9c5845,,Media library,Medijateka,
ui_media_players_a4b8cf2,,Media players,Media playeri,
ui_media_players_ec25525,,Media Players,Media Playeri,
ui_messages_safety_and_portability_ee58dfe,,"Messages, safety, and portability","Poruke, sigurnost i prenosivost",
ui_messages_sent_to_this_device_via_home_assistant_s_87e4a32,,Messages sent to this device via\nHome Assistant's notify service appear here.,Poruke poslane na ovaj uređaj putem\nOvdje se pojavljuje usluga obavijesti Home Assistant.,don't translate Home Assistant; \n = line break
ui_meteorological_tap_or_swipe_3f3d67e,,Meteorological · tap or swipe,Meteorološki · dodirnite ili prijeđite prstom,
ui_meter_readings_a3c12c4,,Meter readings,Očitavanje brojila,
ui_mixed_climate_5d22eb9,,Mixed climate,Mješovita klima,
ui_mm_ce9b88b,,%1$s mm,%1$s mm,app fills in %1$s — keep them
ui_mmm_d_9367bcf,,"%1$s, MMM d","%1$s, MMM d",app fills in %1$s — keep them
ui_mode_a7b93d2,,Mode,Način rada,
ui_modes_6fc3ca8,,MODES,NAČINI RADA,
ui_modes_79f5b22,,Modes,Načini rada,
ui_monitoring_a814345,,Monitoring,Praćenje,
ui_moon_846b902,,Moon,Mjesec,
ui_move_down_260ff8a,,Move down,Pomakni se dolje,
ui_move_up_b4f57cd,,Move up,Pomakni se gore,
ui_mozilla_public_license_2_0_mpl_2_0_4ec8335,,Mozilla Public License 2.0 (MPL-2.0),Mozilla javna licenca 2.0 (MPL-2.0),
ui_multiple_climate_values_are_averaged_separate_sensor_value_cfccbf4,,Multiple climate values are averaged. Separate sensor values are averaged only when no climate source is selected.,Višestruke klimatske vrijednosti su prosječne. Odvojene vrijednosti senzora su prosječne samo kada nije odabran nijedan izvor klime.,
ui_mywifi_mywifi_5g_2a163c1,,"MyWiFi, MyWiFi-5G","MyWiFi, MyWiFi-5G",
ui_n_b51a607,,N,N,
ui_name_709a232,,Name,Ime,
ui_name_a_z_257c1c4,,Name A-Z,Ime A-Z,
ui_name_and_icon_shown_above_this_container_9076bde,,Name and icon shown above this container,Naziv i ikona prikazani iznad ovog spremnika,
ui_name_and_icon_shown_above_this_floor_3755eda,,Name and icon shown above this floor,Naziv i ikona prikazani iznad ovog kata,
ui_name_and_icon_used_throughout_the_app_bed8e83,,Name and icon used throughout the app,Naziv i ikona koji se koriste u cijeloj aplikaciji,
ui_name_optional_9c9f03a,,Name (optional),Ime (nije obavezno),
ui_name_subtitle_and_navigation_icon_3f2e8c4,,"Name, subtitle, and navigation icon","Naziv, podnaslov i ikona za navigaciju",
ui_name_this_device_4d603e2,,Name this device,Imenujte ovaj uređaj,
ui_name_width_and_icon_a4d694b,,"Name, width, and icon","Naziv, širina i ikona",
ui_name_z_a_daabfb6,,Name Z-A,Ime Z-A,
ui_native_home_assistant_automations_always_in_sync_ae8941e,,"Native Home Assistant automations, always in sync","Izvorne Home Assistant automatizacije, uvijek sinkronizirane",don't translate Home Assistant
ui_navigation_bar_e90e3de,,Navigation Bar,Navigacijska traka,
ui_network_routes_for_1d18efd,,Network routes for %1$s,Mrežne rute za %1$s,app fills in %1$s — keep them
ui_never_sent_to_the_developer_or_to_any_third_f0479e9,,"never sent to the developer or to any third party, and you can turn this ","nikada nije poslano razvojnom programeru ili bilo kojoj trećoj strani, a ovo možete predati",keep the space at the start/end
ui_never_triggered_c91b347,,Never triggered,Nikada pokrenut,
ui_new_dashboard_4d3c071,,New Dashboard,Nova nadzorna ploča,
ui_new_floor_1389094,,New floor,Novi kat,
ui_new_flow_d4cef94,,New flow,Novi tok,
ui_next_camera_14994be,,Next camera,Sljedeća kamera,
ui_no_active_parcels_or_mail_6c9d49c,,No active parcels or mail.,Nema aktivnih paketa ili pošte.,
ui_no_activity_in_this_period_5cb3978,,No activity in this period,Nema aktivnosti u ovom razdoblju,
ui_no_adaptive_lighting_profiles_are_currently_available_6d29642,,No Adaptive Lighting profiles are currently available.,Trenutno nema dostupnih profila prilagodljive rasvjete.,
ui_no_air_purifiers_configured_add_fan_entities_under_climate_fd229a8,,No air purifiers configured. Add fan entities under Climate Settings → Climate Entities → Air purifiers.,Nema konfiguriranih pročistača zraka. Dodajte entitete ventilatora pod Postavke klime → Entiteti klime → Pročišćivači zraka.,
ui_no_alarm_585ad82,,No alarm,Nema alarma,
ui_no_announced_letters_4382408,,No announced letters.,Nema najavljenih pisama.,
ui_no_archived_notifications_ed5604b,,No archived notifications,Nema arhiviranih obavijesti,
ui_no_battery_entities_found_turn_off_battery_filtering_to_dfbc403,,No Battery+ entities found. Turn off Battery+ filtering to show all battery sensors.,Nisu pronađeni entiteti Battery+. Isključite filtriranje Battery+ za prikaz svih senzora baterije.,
ui_no_battery_sensors_found_7cc0962,,No battery sensors found.,Nisu pronađeni senzori baterije.,
ui_no_camera_selected_717ad35,,No camera selected,Nema odabrane kamere,
ui_no_carbon_intensity_sensor_found_on_this_device_140bf09,,No carbon intensity sensor found on this device,Na ovom uređaju nije pronađen senzor intenziteta ugljika,
ui_no_cards_yet_open_the_stack_settings_to_pick_021dada,,No cards yet — open the stack settings to pick energy cards.,Još nema karata — otvorite postavke snopa da odaberete energetske kartice.,
ui_no_cards_yet_open_the_stack_settings_to_pick_ca8008f,,No cards yet — open the stack settings to pick climate cards.,Još nema kartica — otvorite postavke niza za odabir klimatskih kartica.,
ui_no_climate_data_37d45e0,,No climate data,Nema podataka o klimi,
ui_no_climate_devices_found_thermostats_and_ac_units_from_2e47541,,No climate devices found. Thermostats and AC units from Home Assistant appear here automatically.,Nisu pronađeni klimatski uređaji. Termostati i AC jedinice iz Home Assistant pojavljuju se ovdje automatski.,don't translate Home Assistant
ui_no_collections_in_the_next_7_days_6d48bf4,,No collections in the next 7 days.,Nema preuzimanja u sljedećih 7 dana.,
ui_no_conditions_this_flow_always_continues_c95e76f,,No conditions — this flow always continues,Bez uvjeta — ovaj tijek se uvijek nastavlja,
ui_no_dashboards_have_been_shared_with_you_yet_ask_38b2c0d,,"No dashboards have been shared with you yet. Ask an admin to share one, or pick another option above.",Nijedna nadzorna ploča još nije podijeljena s vama. Zamolite administratora da podijeli jedan ili odaberite drugu opciju iznad.,
ui_no_dashboards_have_been_shared_with_you_yet_ask_877080a,,No dashboards have been shared with you yet. Ask an admin to share one.,Nijedna nadzorna ploča još nije podijeljena s vama. Zamolite administratora da podijeli jedan.,
ui_no_data_d802d23,,No data,Nema podataka,
ui_no_door_sensor_f6b60c8,,No door sensor,Nema senzora za vrata,
ui_no_energy_sensors_found_eeecdec,,No energy sensors found.,Nema pronađenih energetskih senzora.,
ui_no_events_e339ba7,,No events,Nema događaja,
ui_no_fans_found_fan_entities_from_home_assistant_appear_279dab7,,No fans found. Fan entities from Home Assistant appear here automatically.,Nije pronađen nijedan obožavatelj. Entiteti obožavatelja iz Home Assistant pojavljuju se ovdje automatski.,don't translate Home Assistant
ui_no_forecast_available_ed48809,,No forecast available,Prognoza nije dostupna,
ui_no_graphs_yet_open_the_stack_settings_to_add_87f742f,,No graphs yet — open the stack settings to add sensor graphs.,Još nema grafikona — otvorite postavke skupa za dodavanje senzorskih grafikona.,
ui_no_heading_162947f,,No heading,Nema naslova,
ui_no_hourly_forecast_available_9ef5a5f,,No hourly forecast available,Nije dostupna prognoza po satu,
ui_no_humidifiers_found_humidifier_entities_from_home_assista_eeadbd7,,No humidifiers found. Humidifier entities from Home Assistant appear here automatically; extras can be added in Climate Settings.,Ovlaživači zraka nisu pronađeni. Entiteti ovlaživača zraka iz Home Assistant pojavljuju se ovdje automatski; dodaci se mogu dodati u postavkama klime.,don't translate Home Assistant
ui_no_individual_water_devices_configured_d0060ba,,No individual water devices configured.,Nisu konfigurirani pojedinačni uređaji za vodu.,
ui_no_letter_image_available_eeb42c0,,No letter image available,Nema dostupne slike slova,
ui_no_map_camera_configured_d72057b,,No map camera\nconfigured,Nema kamere za karte\nkonfiguriran,\n = line break
ui_no_map_camera_set_configure_in_button_settings_b54466c,,No map camera set.\nConfigure in button settings.,Nije postavljena kamera za mapu.\nKonfigurirajte u postavkama gumba.,\n = line break
ui_no_matches_cd0af6c,,No matches,Nema podudaranja,
ui_no_matching_automations_4489522,,No matching automations,Nema odgovarajućih automatizacija,
ui_no_media_players_found_1248a89,,No media players found.,Nije pronađen nijedan media player.,
ui_no_native_home_assistant_automations_found_725a043,,No native Home Assistant automations found,Nije pronađena izvorna Home Assistant automatizacija,don't translate Home Assistant
ui_no_non_admin_users_found_on_this_home_assistant_e9e665d,,No non-admin users found on this Home Assistant.,Na ovom Home Assistant nisu pronađeni korisnici koji nisu administratori.,don't translate Home Assistant
ui_no_notifications_a72159d,,No Notifications,Nema obavijesti,
ui_no_notifications_b08626f,,No notifications,Nema obavijesti,
ui_no_options_available_7a19b6d,,No options available,Nema dostupnih opcija,
ui_no_other_entities_on_this_device_fbc481b,,No other entities on this device.,Nema drugih entiteta na ovom uređaju.,
ui_no_other_users_found_on_this_home_assistant_cb89d3d,,No other users found on this Home Assistant.,Nijedan drugi korisnik nije pronađen na ovom Home Assistant.,don't translate Home Assistant
ui_no_parcel_selected_922a402,,No parcel selected,Nije odabrana nijedna parcela,
ui_no_parcels_cf4c0a0,,No %1$s parcels.,Nema %1$s parcela.,app fills in %1$s — keep them
ui_no_phase_sensors_configured_in_energy_settings_b88c1dc,,No phase sensors configured in Energy Settings.,Nema faznih senzora konfiguriranih u postavkama energije.,
ui_no_power_sensors_found_caf2e07,,No power sensors found.,Nisu pronađeni senzori snage.,
ui_no_power_sensors_found_on_this_device_or_its_942e9be,,No power sensors found on this device (or its sub-devices) yet.,Na ovom uređaju (ili njegovim poduređajima) još nisu pronađeni senzori snage.,
ui_no_profile_available_98d6e00,,No profile available,Nema dostupnog profila,
ui_no_sensors_found_edacf22,,No %1$s sensors found.,Nisu pronađeni %1$s senzori.,app fills in %1$s — keep them
ui_no_sensors_selected_open_the_widget_settings_in_edit_cd87a2e,,No sensors selected — open the widget settings in edit mode.,Nema odabranih senzora — otvorite postavke widgeta u načinu uređivanja.,
ui_no_servers_found_yet_make_sure_you_re_on_7e6832d,,"No servers found yet. Make sure you're on the same Wi-Fi, or enter the address below.",Još nije pronađen nijedan poslužitelj. Provjerite jeste li na istoj Wi-Fi mreži ili unesite adresu u nastavku.,
ui_no_speed_control_linked_cb0e9ad,,No speed control linked,Nije povezana kontrola brzine,
ui_no_status_history_enable_parcel_history_in_the_integration_302ca4a,,No status history (enable parcel history in the integration options),Nema povijesti statusa (omogućite povijest paketa u opcijama integracije),
ui_no_stream_available_0535c4e,,No stream available,Nema dostupnog streama,
ui_no_stream_available_6bfd14a,,No Stream Available,Stream nije dostupan,
ui_no_supported_alarm_modes_reported_by_this_entity_588b22a,,No supported alarm modes reported by this entity,Ovaj entitet nije prijavio nijedan podržani način alarma,
ui_no_target_f919b89,,No target,Nema cilja,
ui_no_tariff_sensors_configured_in_energy_settings_2ad6a3c,,No tariff sensors configured in Energy Settings.,Nema tarifnih senzora konfiguriranih u postavkama energije.,
ui_no_thanks_6d745b3,,No thanks,ne hvala,
ui_no_upcoming_collections_feff2a6,,No upcoming collections,Nema nadolazećih kolekcija,
ui_no_waste_sensors_selected_68b51ce,,No waste sensors selected,Nema odabranih senzora za otpad,
ui_no_waste_sensors_selected_add_them_via_the_widget_554ff3d,,No waste sensors selected. Add them via the widget settings in edit mode.,Nema odabranih senzora za otpad. Dodajte ih putem postavki widgeta u načinu uređivanja.,
ui_no_weather_cards_ce32255,,No weather cards,Nema vremenskih karata,
ui_no_weather_entity_available_7476bcb,,No weather entity available,Nema dostupnih vremenskih entiteta,
ui_no_widgets_match_73a3c20,,"No widgets match ""%1$s""","Nijedan widget ne odgovara ""%1$s""",app fills in %1$s — keep them
ui_none_6eef664,,None,Nijedan,
ui_none_auto_cc8786f,,None / Auto,Ništa / Automatski,
ui_none_modes_stay_as_the_only_control_b62bff7,,None — modes stay as the only control,Ništa — načini rada ostaju jedina kontrola,
ui_none_of_your_configured_carriers_support_adding_a_parcel_21dc0a4,,"None of your configured carriers support adding a parcel by tracking number. Account-based carriers (PostNL, DPD, DHL) only track what's already in your account.","Nijedan od vaših konfiguriranih prijevoznika ne podržava dodavanje paketa prema broju za praćenje. Prijevoznici koji se temelje na računu (PostNL, DPD, DHL) prate samo ono što je već na vašem računu.",
ui_none_selected_5798946,,None selected,Ništa odabrano,
ui_none_timer_follows_the_completion_time_only_09d470a,,None — timer follows the completion time only,Ništa — mjerač vremena prati samo vrijeme završetka,
ui_not_enough_data_cdb9d58,,Not enough data,Nema dovoljno podataka,
ui_not_enough_data_in_this_period_48188c4,,Not enough data in this period,Nema dovoljno podataka u ovom razdoblju,
ui_not_loaded_by_home_assistant_95f811a,,Not loaded by Home Assistant,Nije učitao Home Assistant,don't translate Home Assistant
ui_not_set_93039e6,,Not set,Nije postavljeno,
ui_nothing_here_7f42022,,Nothing here.,Ništa ovdje.,
ui_nothing_hidden_fd1cdd3,,Nothing hidden,Ništa skriveno,
ui_nothing_is_shared_yet_fca61d0,,Nothing is shared yet.,Još se ništa ne dijeli.,
ui_nothing_removed_d67902f,,Nothing removed.,Ništa uklonjeno.,
ui_nothing_removed_use_edit_mode_on_the_climate_page_dd07910,,Nothing removed. Use edit mode on the Climate page to remove cards; they land here and can be restored.,Ništa uklonjeno. Koristite način uređivanja na stranici Climate za uklanjanje kartica; slijeću ovdje i mogu se obnoviti.,
ui_nothing_to_reorder_yet_cdcbb36,,Nothing to reorder yet.,Još ništa za ponovno naručivanje.,
ui_notification_c18f8f2,,Notification,Obavijest,
ui_notifications_753a22b,,Notifications,Obavijesti,
ui_notifications_are_delivered_over_the_app_s_live_connection_d2aa965,,Notifications are delivered over the app's live connection whenever it is open — send them from Home Assistant with the notify service for this device. Swipe in from the left edge to see the history.,Obavijesti se isporučuju putem žive veze aplikacije kad god je otvorena — pošaljite ih s Home Assistant s uslugom obavijesti za ovaj uređaj. Prijeđite prstom od lijevog ruba da biste vidjeli povijest.,don't translate Home Assistant
ui_now_e3b8204,,Now,Sada,
ui_of_3_enabled_5cdedd4,,%1$s of 3 enabled,%1$s od 3 omogućeno,app fills in %1$s — keep them
ui_of_home_fdfd824,,%1$s%% of home,%1$s%% kuće,app fills in %1$s — keep them
ui_off_ad50489,,OFF,ISKLJUČENO,
ui_off_at_any_time_in_android_settings_4607e2c,,off at any time in Android settings.,isključite u bilo kojem trenutku u postavkama Androida.,
ui_off_e3de5ab,,Off,Isključeno,
ui_ok_9ce3bd4,,OK,U REDU,
ui_on_12469c7,,On - %1$s%%,Uključeno - %1$s%%,app fills in %1$s — keep them
ui_on_387d7a5,,ON,NA,
ui_on_e0049a6,,On,Na,
ui_on_f9ca2fe,,%1$s%% • ON,%1$s%% • UKLJUČENO,app fills in %1$s — keep them
ui_on_these_wi_fi_networks_the_app_connects_via_82d3f1f,,On these Wi-Fi networks the app connects via the internal URL; everywhere else it uses the main server URL above.,Na ovim Wi-Fi mrežama aplikacija se povezuje preko internog URL-a; svugdje drugdje koristi gornji URL glavnog poslužitelja.,
ui_on_this_device_a7f9620,,On this device,Na ovom uređaju,
ui_onboard_step_fefaac1,,onboard_step,onboard_step,
ui_only_percentage_sensors_classified_by_home_assistant_as_ba_0d94a2a,,Only percentage sensors classified by Home Assistant as batteries are imported. ,Uvoze se samo postotni senzori klasificirani prema Home Assistant kao baterije.,don't translate Home Assistant; keep the space at the start/end
ui_only_show_battery_entities_and_include_battery_type_detail_b216867,,Only show Battery+ entities and include battery type details,Prikaži samo entitete Battery+ i uključi detalje o vrsti baterije,
ui_only_show_battery_entities_and_include_type_quantity_and_0d8ce40,,"Only show Battery+ entities and include type, quantity, and related battery info.","Prikaži samo entitete Battery+ i uključi vrstu, količinu i povezane informacije o bateriji.",
ui_open_camera_full_screen_afc186b,,Open camera full screen,Otvori kameru preko cijelog zaslona,
ui_open_cf9b770,,Open,Otvoriti,
ui_open_history_for_graph_ae801d5,,Open history for graph,Otvori povijest za grafikon,
ui_open_link_d2de1a2,,Open link,Otvori vezu,
ui_open_source_and_premium_licensing_0328125,,Open-source and premium licensing,Open-source i premium licenciranje,
ui_open_the_component_on_github_c1e5ee5,,Open the component on GitHub,Otvorite komponentu na GitHubu,
ui_open_this_panel_by_swiping_left_from_the_upper_671e63c,,Open this panel by swiping left from the upper-right edge of any page header.,Otvorite ovu ploču povlačenjem ulijevo od gornjeg desnog ruba zaglavlja bilo koje stranice.,
ui_opening_dashboard_8e99930,,Opening dashboard…,Otvaranje nadzorne ploče...,
ui_openstreetmap_fa78a33,,OpenStreetMap,OpenStreetMap,
ui_optional_context_shown_by_the_lock_card_03f6814,,Optional context shown by the lock card,Neobavezni kontekst prikazan karticom za zaključavanje,
ui_optional_controls_and_sensors_for_richer_dialogs_7a80e7b,,Optional controls and sensors for richer dialogs,Izborne kontrole i senzori za bogatije dijaloge,
ui_optional_display_name_and_icon_override_f7a6cda,,Optional display name and icon override,Dodatno nadjačavanje naziva za prikaz i ikone,
ui_optional_fields_passed_to_home_assistant_54dffc6,,Optional fields passed to Home Assistant,Neobavezna polja proslijeđena u Home Assistant,don't translate Home Assistant
ui_optional_label_shown_when_name_is_enabled_above_8229e92,,"Optional label shown when ""Name"" is enabled above","Izborna oznaka prikazana kada je ""Naziv"" omogućen gore",
ui_optional_name_and_icon_overrides_5dfd062,,Optional name and icon overrides,Neobavezno nadjačavanje imena i ikona,
ui_optional_name_and_icon_shown_above_this_stack_272f237,,Optional name and icon shown above this stack,Izborni naziv i ikona prikazani iznad ovog niza,
ui_optional_premium_5ae8183,,Optional Premium,Izborni Premium,
ui_optional_support_for_development_and_testing_costs_5d6af95,,Optional support for development and testing costs,Dodatna podrška za troškove razvoja i testiranja,
ui_optional_title_and_dashboard_width_e04c6e8,,Optional title and dashboard width,Izborni naslov i širina nadzorne ploče,
ui_optional_title_width_and_supported_shape_8b2e456,,"Optional title, width, and supported shape","Izborni naslov, širina i podržani oblik",
ui_options_6bf5da9,,Options,Mogućnosti,
ui_organization_519255a,,Organization,Organizacija,
ui_oscillate_3d3c9bd,,Oscillate,Oscilirati,
ui_outside_cbbef8c,,OUTSIDE,IZVANA,
ui_outside_is_never_auto_detected_either_link_a_weather_eb8cc14,,"Outside is never auto-detected. Either link a weather entity (it usually carries temperature, humidity and pressure) or pick individual outdoor sensors below. The temperature feeds the Outside tile and the hero's outside reading.","Vani se nikada ne otkriva automatski. Ili povežite vremenski entitet (on obično prenosi temperaturu, vlažnost i tlak) ili odaberite pojedinačne vanjske senzore u nastavku. Temperatura hrani vanjsku pločicu i herojeva vanjska očitanja.",
ui_outside_weather_entity_98e8465,,Outside weather entity,Vanjski vremenski entitet,
ui_page_areas_1068b64,,Page areas,Područja stranice,
ui_page_icon_b58a288,,Page icon,Ikona stranice,
ui_page_identity_dafa8dd,,Page identity,Identitet stranice,
ui_page_name_c99f51a,,Page name,Naziv stranice,
ui_page_settings_0a44afc,,Page settings,Postavke stranice,
ui_page_subtitle_8a04084,,Page subtitle,Podnaslov stranice,
ui_parcel_9ddaaee,,Parcel,Parcela,
ui_parcels_16129ec,,Parcels,Parcele,
ui_parental_controls_c4f61d0,,Parental controls,Roditeljski nadzor,
ui_parental_controls_dashboard_sharing_and_permissions_b74e0c0,,"Parental controls, dashboard sharing, and permissions","Roditeljski nadzor, dijeljenje nadzorne ploče i dopuštenja",
ui_parental_controls_sharing_needs_the_hki_7_cloud_component_7929459,,Parental controls & sharing — needs the HKI 7 Cloud component,Roditeljski nadzor i dijeljenje — potrebna je komponenta HKI 7 Cloud,don't translate HKI 7 Cloud
ui_pause_781961b,,Pause,Pauza,
ui_pause_adaptation_821b33e,,Pause adaptation,Pauzirajte prilagodbu,
ui_pending_timer_dbf15fa,,Pending timer,Odbrojavanje na čekanju,
ui_people_b37554f,,People,Ljudi,
ui_permission_needed_7c7a8e5,,Permission needed,Potrebno dopuštenje,
ui_permissions_d06d555,,Permissions,Dozvole,
ui_person_settings_977e009,,Person settings,Postavke osobe,
ui_personal_information_used_throughout_hki_7_b7d1b08,,Personal information used throughout HKI 7,Osobni podaci korišteni kroz HKI 7,don't translate HKI 7
ui_personalize_7602b35,,Personalize,Personalizirajte,
ui_persons_order_9fe91dc,,Persons order,Narudžba osoba,
ui_phase_17619b8,,Phase %1$s,Faza %1$s,app fills in %1$s — keep them
ui_pick_a_carbon_footprint_device_ea1fe94,,Pick a carbon footprint device,Odaberite uređaj za ugljični otisak,
ui_pick_a_device_to_auto_fill_the_sensors_below_f396326,,Pick a device to auto-fill the sensors below,Odaberite uređaj za automatsko popunjavanje senzora u nastavku,
ui_pick_a_source_device_or_fine_tune_individual_roles_beb54f5,,Pick a source device or fine-tune individual roles,Odaberite izvorni uređaj ili fino podesite pojedinačne uloge,
ui_pick_a_starting_point_everything_remains_editable_340924e,,Pick a starting point; everything remains editable,Odaberite početnu točku; sve ostaje za uređivanje,
ui_pickup_b6da461,,Pickup: %1$s,Preuzimanje: %1$s,app fills in %1$s — keep them
ui_pin_3adadd3,,PIN,PIN,
ui_place_this_room_in_the_correct_floor_group_52c044a,,Place this room in the correct floor group,Smjestite ovu sobu u odgovarajuću skupinu katova,
ui_placement_ab89d05,,Placement,Plasman,
ui_playback_c8e3087,,Playback,Reprodukcija,
ui_player_e53407c,,Player,Igrač,
ui_players_summarized_by_the_room_header_and_card_729ea70,,Players summarized by the room header and card,Igrači sažeti prema zaglavlju sobe i kartici,
ui_please_wait_5afeca7,,Please wait…,Molimo pričekajte…,
ui_position_d0b0314,,POSITION,POLOŽAJ,
ui_postal_code_optional_b86b6a2,,Postal code (optional),Poštanski broj (neobavezno),
ui_power_c2b6b52,,POWER,VLAST,
ui_power_overview_a204dd7,,Power overview,Pregled snage,
ui_power_per_phase_1f38fb0,,Power per phase,Snaga po fazi,
ui_precipitation_60d5e73,,Precipitation,Taloženje,
ui_premium_icon_packs_animated_icons_and_artwork_premium_them_6363fef,,"Premium icon packs, animated icons and artwork, premium themes, entitlement services, and any separately marked premium modules are not covered by MPL-2.0. They remain proprietary and are licensed for personal use through a valid Premium entitlement.","Premium paketi ikona, animirane ikone i umjetnička djela, premium teme, usluge ovlaštenja i svi zasebno označeni premium moduli nisu obuhvaćeni MPL-2.0. Oni ostaju u vlasništvu i licencirani su za osobnu upotrebu putem važećeg Premium prava.",
ui_presets_6891289,,PRESETS,PRETHODNE POSTAVKE,
ui_presets_e709e76,,Presets,Unaprijed postavljene postavke,
ui_press_ea683ad,,Press,Pritisnite,
ui_prevents_android_from_delaying_battery_charging_and_presen_623b898,,"Prevents Android from delaying battery, charging, and presence updates while the device is idle.","Sprječava Android da odgodi bateriju, punjenje i ažuriranja prisutnosti dok je uređaj u mirovanju.",
ui_previous_camera_5014da7,,Previous camera,Prethodna kamera,
ui_produced_5028c07,,Produced %1$s,Proizvedeno %1$s,app fills in %1$s — keep them
ui_production_overview_fbbfc38,,Production overview,Pregled proizvodnje,
ui_profile_ff4fc02,,Profile,Profil,
ui_profile_switches_affect_every_light_assigned_to_19ba9ec,,Profile switches affect every light assigned to %1$s.,Prekidači profila utječu na svako svjetlo dodijeljeno %1$s.,app fills in %1$s — keep them
ui_profiles_0c2a930,,Profiles,Profili,
ui_project_information_licensing_and_community_support_9fc47d6,,"Project information, licensing, and community support","Informacije o projektu, licenciranje i podrška zajednice",
ui_publish_one_of_your_dashboards_to_your_family_recipients_88c1d49,,Publish one of your dashboards to your family. Recipients import it from Settings › Dashboard and can pull updates later. Set what they may change under Permissions.,Objavite jednu od svojih nadzornih ploča svojoj obitelji. Primatelji ga uvoze iz Postavke › Nadzorna ploča i kasnije mogu povući ažuriranja. Postavite što mogu promijeniti pod Dopuštenjima.,
ui_published_to_your_family_33fc8da,,Published to your family,Objavljeno vašoj obitelji,
ui_pulse_8439fc4,,pulse,puls,
ui_pulsescale_939f5c2,,pulseScale,pulseScale,
ui_push_delivery_and_history_aa3e29d,,Push delivery and history,Push dostava i povijest,
ui_push_my_changes_now_ddff3f6,,Push my changes now,Gurni moje promjene sada,
ui_pushing_3c52088,,Pushing…,Guranje...,
ui_quick_actions_e47e804,,Quick actions,Brze akcije,
ui_quick_start_gesture_23ee6fe,,quick_start_gesture,brzi_start_pokret,
ui_rain_0a858c9,,Rain,Kiša,
ui_rain_map_7c1862a,,Rain map,Karta kiše,
ui_rain_map_image_url_0c47012,,Rain map image URL,URL slike kišne karte,
ui_rain_map_url_iframe_3f22653,,Rain map URL (iframe),URL kišne karte (iframe),
ui_re_import_batteries_9473d07,,Re-import batteries,Ponovo uvezite baterije,
ui_re_import_batteries_f3b8458,,Re-import Batteries,Ponovno uvezite baterije,
ui_re_import_climate_3ed098c,,Re-import climate,Ponovo uvesti klimu,
ui_re_import_climate_f7f5678,,Re-import Climate,Ponovo uvezite klimu,
ui_re_import_energy_9e66bbb,,Re-import Energy,Ponovno uvesti energiju,
ui_re_import_energy_c0b0fcc,,Re-import energy,Ponovno uvesti energiju,
ui_re_import_rooms_6cc58f9,,Re-import rooms,Ponovo uvezi sobe,
ui_re_import_rooms_b49077d,,Re-import Rooms,Ponovno uvezi sobe,
ui_re_import_security_411e76d,,Re-import Security,Sigurnost ponovnog uvoza,
ui_re_import_security_fcf0ad8,,Re-import security,Sigurnost ponovnog uvoza,
ui_read_only_home_assistant_automation_46d25b7,,Read-only Home Assistant automation,Automatizacija samo za čitanje Home Assistant,don't translate Home Assistant
ui_read_the_full_mpl_2_0_4d68c7d,,Read the full MPL 2.0,Pročitajte cijeli MPL 2.0,
ui_ready_20c7c55,,Ready,Spreman,
ui_receive_home_assistant_alerts_and_actionable_notifications_386435f,,Receive Home Assistant alerts and actionable notifications on this device.,Primajte Home Assistant upozorenja i radnje obavijesti na ovom uređaju.,don't translate Home Assistant
ui_recipes_create_regular_home_assistant_automations_you_can_a81bf72,,Recipes create regular Home Assistant automations. You can continue editing them in either HKI7 or Home Assistant.,Recepti stvaraju redovite Home Assistant automatizacije. Možete ih nastaviti uređivati u HKI7 ili Home Assistant.,"don't translate Home Assistant, HKI7"
ui_recommended_e37d21e,,RECOMMENDED,PREPORUČENO,
ui_recording_09b5b61,,Recording · ,Snimanje ·,keep the space at the start/end
ui_refresh_56e3bad,,Refresh,Osvježiti,
ui_refresh_connection_46966aa,,Refresh Connection,Osvježi vezu,
ui_refresh_interval_f086d9d,,Refresh interval,Interval osvježavanja,
ui_relock_after_4db5c55,,Relock after,Ponovno zaključaj nakon,
ui_remote_access_is_ready_0e26b5a,,Remote access is ready.,Daljinski pristup je spreman.,
ui_remote_access_optional_75dd54d,,Remote access (optional),Daljinski pristup (izborno),
ui_remove_436e1a0,,Remove %1$s?,Ukloniti %1$s?,app fills in %1$s — keep them
ui_remove_avatar_58e0c56,,Remove avatar,Ukloni avatar,
ui_remove_e963907,,Remove,Ukloniti,
ui_remove_edits_and_import_all_7f0b4a1,,Remove edits and import all,Ukloni izmjene i uvezi sve,
ui_removed_entities_559c584,,Removed entities (%1$s),Uklonjeni entiteti (%1$s),app fills in %1$s — keep them
ui_removed_entities_6dbeb2d,,Removed entities,Uklonjeni entiteti,
ui_removed_entities_are_excluded_from_cards_graphs_tiles_and_628e91a,,"Removed entities are excluded from cards, graphs, tiles and averages. Tap ✕ to restore.","Uklonjeni entiteti isključeni su iz kartica, grafikona, pločica i prosjeka. Dodirnite ✕ za vraćanje.",
ui_rename_d3f4cb8,,Rename,Preimenovati,
ui_rename_dashboard_ceb1d6d,,Rename dashboard,Preimenuj nadzornu ploču,
ui_rename_home_assistant_f1a0d6f,,Rename Home Assistant,Preimenuj Home Assistant,don't translate Home Assistant
ui_rename_players_and_choose_which_ones_may_show_the_212864f,,Rename players and choose which ones may show the mini player above the navigation bar while playing.,Preimenujte igrače i odaberite koji od njih mogu prikazati mini player iznad navigacijske trake tijekom igranja.,
ui_rename_players_and_mini_player_visibility_8d0e1f7,,Rename players and mini player visibility,Promjena naziva igrača i vidljivost mini igrača,
ui_rendering_style_and_history_range_be872e9,,Rendering style and history range,Stil renderiranja i raspon povijesti,
ui_reorder_and_hide_tabs_39de701,,Reorder and hide tabs,Promijeni redoslijed i sakrij kartice,
ui_reorder_cameras_b226c47,,Reorder cameras,Ponovno naručite kamere,
ui_reorder_cards_147ed64,,Reorder cards,Ponovno naručivanje kartica,
ui_reorder_devices_8bcc061,,Reorder devices,Ponovno naručivanje uređaja,
ui_repeat_659eba1,,Repeat,Ponoviti,
ui_repeats_every_day_only_the_time_of_day_is_a71f502,,Repeats every day — only the time of day is used.,Ponavlja se svaki dan — koristi se samo doba dana.,
ui_repeats_every_month_only_the_day_of_the_month_93ca445,,Repeats every month — only the day of the month and time are used.,Ponavlja se svaki mjesec — koriste se samo dan u mjesecu i vrijeme.,
ui_repeats_every_week_only_the_weekday_and_time_are_8f36757,,Repeats every week — only the weekday and time are used.,Ponavlja se svaki tjedan — koriste se samo dan u tjednu i vrijeme.,
ui_repeats_every_year_the_year_is_ignored_so_e_a661f32,,"Repeats every year — the year is ignored, so e.g. 24–26 Dec recurs each Christmas.","Ponavlja se svake godine — godina se zanemaruje, pa npr. 24. – 26. prosinca ponavlja se svakog Božića.",
ui_require_an_extra_gesture_or_pin_before_actions_run_19ae393,,Require an extra gesture or PIN before actions run,Zahtijevaj dodatnu gestu ili PIN prije pokretanja radnji,
ui_required_9100e2e,, (required),(potreban),keep the space at the start/end
ui_required_state_bdc9c95,,Required state,Obavezno stanje,
ui_reset_44c57ab,,Reset,Resetiraj,
ui_reset_everything_2d6cd07,,Reset Everything,Resetiraj sve,
ui_restart_b134bd5,,Restart,Ponovno pokretanje,
ui_restart_home_assistant_0206bf0,,Restart Home Assistant?,Ponovno pokrenuti Home Assistant?,don't translate Home Assistant
ui_restart_home_assistant_551322c,,Restart Home Assistant,Ponovo pokreni Home Assistant,don't translate Home Assistant
ui_restarting_b86eee1,,Restarting…,Ponovno pokretanje...,
ui_restore_3cbe6d6,,Restore,Vratiti,
ui_restore_backup_a65eaa8,,Restore backup,Vrati sigurnosnu kopiju,
ui_restore_from_cloud_52b6663,,Restore from cloud,Vrati iz oblaka,
ui_restore_from_home_assistant_13aec1d,,Restore from Home Assistant,Vrati iz Home Assistant,don't translate Home Assistant
ui_resume_adaptation_ac73b12,,Resume adaptation,Nastavi adaptaciju,
ui_resume_b3bd0b5,,Resume,Nastavi,
ui_reverse_57f9933,,Reverse,Obrnuto,
ui_right_954daa8,,Right,Pravo,
ui_right_side_overflows_left_d75893d,,Right side overflows left,Desna strana prelijeva se u lijevu,
ui_room_areas_584c8ee,,Room areas,Područja prostorija,
ui_room_climate_c57811d,,Room climate,Sobna klima,
ui_room_name_8605e33,,Room name,Ime sobe,
ui_room_scale_6602c22,,room-scale,sobno mjerilo,
ui_rooms_3a28d6f,,Rooms,Sobe,
ui_rooms_are_imported_2ef3415,,Rooms are imported,Sobe su uvezene,
ui_rooms_in_auto_mode_are_imported_from_home_assistant_c583d84,,Rooms in auto mode are imported from Home Assistant. Switch to manual or take over the current dashboard to add widgets by hand.,Sobe u automatskom načinu rada uvoze se iz Home Assistant. Prebacite se na ručno ili preuzmite trenutnu nadzornu ploču za ručno dodavanje widgeta.,don't translate Home Assistant
ui_rotation_acaf322,,rotation,rotacija,
ui_roundness_of_buttons_cards_and_widgets_3573fff,,"Roundness of buttons, cards and widgets","Zaobljenost gumba, kartica i widgeta",
ui_run_b1b3926,,Run,Trčanje,
ui_run_mode_12ce660,,Run mode,Način rada,
ui_running_state_entity_3c8ffde,,Running-state entity,Entitet u radnom stanju,
ui_s_02aa629,,S,S,
ui_s_are_81c69ca,,s are,s su,
ui_s_refresh_10a9b0b,,%1$ss refresh,%1$ss osvježi,app fills in %1$s — keep them
ui_save_efc007a,,Save,Uštedjeti,
ui_save_in_home_assistant_eacb2ce,,Save in Home Assistant,Spremi u Home Assistant,don't translate Home Assistant
ui_save_local_network_7f0247d,,Save Local Network,Spremi lokalnu mrežu,
ui_save_or_restore_dashboard_configuration_be8f39f,,Save or restore dashboard configuration,Spremite ili vratite konfiguraciju nadzorne ploče,
ui_save_profile_f597c0e,,Save profile,Spremi profil,
ui_save_remote_access_05740bc,,Save Remote Access,Spremi daljinski pristup,
ui_saved_directly_in_the_native_automation_734f9ba,,Saved directly in the native automation,Spremljeno izravno u nativnoj automatizaciji,
ui_saving_56a2285,,Saving…,Spremanje...,
ui_scanning_36c4a06,,Scanning…,Skeniranje…,
ui_scheduled_1cd1bda,,Scheduled,Zakazano,
ui_search_actions_9313854,,Search actions,Radnje pretraživanja,
ui_search_automations_9172ba9,,Search automations,Automatizacija pretraživanja,
ui_search_batteries_a63e58b,,Search batteries,Traži baterije,
ui_search_bce0641,,Search,Pretraživanje,
ui_search_by_name_28abc03,,Search by name,Traži po imenu,
ui_search_devices_2ce0b70,,Search devices,Pretražite uređaje,
ui_search_entities_7c70008,,Search entities,Pretraživanje entiteta,
ui_search_f54fbca,,Search…,Pretraživanje…,
ui_search_filters_3d10e32,,Search & filters,Pretraživanje i filtri,
ui_search_sort_9fe6cb4,,Search & sort,Traži i sortiraj,
ui_search_the_material_design_icon_library_2a2aa8d,,Search the Material Design icon library,Pretražite biblioteku ikona Material Design,
ui_search_widgets_9525879,,Search widgets,Widgeti za pretraživanje,
ui_season_62255f5,,Season,Sezona,
ui_season_card_flip_6683142,,season-card-flip,sezonska karta-okretanje,
ui_secondary_line_ca81690,,Secondary line,Sekundarna linija,
ui_seconds_5fb1db5,,Seconds,sekundi,
ui_securitydoor_929c4fc,,securityDoor,sigurnosna Vrata,
ui_securitygarage_499e9f7,,securityGarage,sigurnostGaraža,
ui_securitygate_0743480,,securityGate,securityGate,
ui_securityhouse_08bd121,,securityHouse,sigurnostKuća,
ui_securityphase_f4739f6,,securityPhase,sigurnostPhase,
ui_securitypulse_5340cf8,,securityPulse,sigurnostPulse,
ui_securitywindow_4619bf3,,securityWindow,sigurnosni prozor,
ui_select_0fc8ec5,,Select %1$s,Odaberite %1$s,app fills in %1$s — keep them
ui_select_a_mode_to_continue_0426fc8,,Select a mode to continue,Odaberite način za nastavak,
ui_select_an_effect_to_turn_it_on_75d9bec,,Select an effect to turn it on,Odaberite efekt da biste ga uključili,
ui_select_an_inverter_device_in_energy_settings_solar_to_4a0aade,,Select an inverter device in Energy Settings → Solar to list its inverters here.,Odaberite inverterski uređaj u Energy Settings → Solar kako biste ovdje naveli njegove invertere.,
ui_select_an_option_08d7aa3,,Select an option,Odaberite opciju,
ui_select_battery_devices_bfc9841,,Select Battery Devices,Odaberite Baterijski uređaji,
ui_select_battery_entities_b08b299,,Select Battery Entities,Odaberite entitete baterije,
ui_select_battery_sensor_51f1222,,Select Battery Sensor,Odaberite senzor baterije,
ui_select_calendars_and_the_view_shown_first_d5c38b5,,Select calendars and the view shown first,Odaberite kalendare i prvi prikaz,
ui_select_calendars_e26b0da,,Select Calendars,Odaberite Kalendari,
ui_select_camera_70cf6fb,,Select Camera,Odaberite Kamera,
ui_select_climate_card_18f3b6e,,Select Climate Card,Odaberite Climate Card,
ui_select_device_87a4751,,Select Device,Odaberite uređaj,
ui_select_door_sensor_f345fbf,,Select Door Sensor,Odaberite senzor vrata,
ui_select_empty_bin_control_d992252,,Select Empty Bin Control,Odaberite kontrolu pražnjenja spremnika,
ui_select_energy_card_9b5bf0c,,Select Energy Card,Odaberite energetsku karticu,
ui_select_entities_affed45,,Select Entities,Odaberite Entiteti,
ui_select_entity_4b3713e,,Select Entity,Odaberite Entitet,
ui_select_forecast_entities_f0ec511,,Select Forecast Entities,Odaberite Entiteti predviđanja,
ui_select_humidity_sensor_8192d0e,,Select Humidity Sensor,Odaberite senzor vlažnosti,
ui_select_map_camera_d5ae262,,Select Map Camera,Odaberite Kamera karte,
ui_select_media_player_73f4f5b,,Select Media Player,Odaberite Media Player,
ui_select_media_players_e0da90e,,Select Media Players,Odaberite Media Players,
ui_select_outside_3593063,,Select outside %1$s,Odaberite izvan %1$s,app fills in %1$s — keep them
ui_select_running_state_entity_136482a,,Select running-state entity,Odaberite entitet u radnom stanju,
ui_select_sensor_2564e1a,,Select Sensor,Odaberite Senzor,
ui_select_sensors_5141d75,,Select Sensors,Odaberite Senzori,
ui_select_speed_control_20f7efa,,Select speed control,Odaberite kontrolu brzine,
ui_select_target_entity_654e6ac,,Select Target Entity,Odaberite ciljni entitet,
ui_select_temperature_sensor_821f54c,,Select Temperature Sensor,Odaberite Senzor temperature,
ui_select_the_alarm_panels_summarized_by_this_pill_f9b23e6,,Select the alarm panels summarized by this pill,Odaberite alarmne ploče sažete ovom tabletom,
ui_select_to_auto_detect_map_battery_and_controls_72bc9d7,,"Select to auto-detect map, battery and controls","Odaberite za automatsko otkrivanje karte, baterije i kontrola",
ui_select_to_auto_fill_helper_entities_below_84a8833,,Select to auto-fill helper entities below,Odaberite za automatsko popunjavanje pomoćnih entiteta ispod,
ui_select_vacuum_4663021,,Select Vacuum,Odaberite Vakuum,
ui_select_vacuum_entity_dbda6f4,,Select Vacuum Entity,Odaberite entitet vakuuma,
ui_select_vacuums_7c2d22a,,Select Vacuums,Odaberite Usisavači,
ui_select_waste_sensors_6006d5f,,Select Waste Sensors,Odaberite Senzori otpada,
ui_select_water_level_562845a,,Select Water Level,Odaberite razinu vode,
ui_select_weather_2357e9d,,Select Weather,Odaberite Vrijeme,
ui_select_weather_entity_d489986,,Select Weather Entity,Odaberite vremenski entitet,
ui_select_week_calendar_640f382,,Select Week Calendar,Odaberite Tjedni kalendar,
ui_selected_61ed328,,%1$s selected,%1$s odabrano,app fills in %1$s — keep them
ui_selected_b82aaa5,,%1$s · Selected,%1$s · Odabrano,app fills in %1$s — keep them
ui_selected_for_this_card_3c4a588,,%1$s selected for this card,%1$s odabrano za ovu karticu,app fills in %1$s — keep them
ui_sensor_620ec21,,%1$s sensor%2$s,%1$s senzor%2$s,app fills in %1$s %2$s — keep them
ui_sensor_efb9fbf,,SENSOR,SENZOR,
ui_sensor_graphs_5eb3573,,Sensor Graphs,Grafikoni senzora,
ui_sensor_picture_c3a0ed2,,Sensor picture,Slika senzora,
ui_sensors_711bf35,,Sensors,Senzori,
ui_sensors_and_an_optional_week_calendar_399bad3,,Sensors and an optional week calendar,Senzori i izborni tjedni kalendar,
ui_sensors_are_found_automatically_by_device_class_add_sensor_150bab5,,%1$s sensors are found automatically by device class; add sensors missing that class here.,%1$s senzori se automatski pronalaze prema klasi uređaja; ovdje dodajte senzore kojima nedostaje ta klasa.,app fills in %1$s — keep them
ui_separate_commercial_content_0408620,,Separate commercial content,Odvojeni komercijalni sadržaj,
ui_server_url_1d5d1ef,,Server URL,URL poslužitelja,
ui_services_data_7864c0a,,Services & data,Usluge i podaci,
ui_session_f7f1997,,Session,Sjednica,
ui_set_448ab73,,Set,set,
ui_set_a_rain_map_image_url_in_this_widget_03729b8,,Set a rain map image URL in this widget's settings,Postavite URL slike kišne karte u postavkama ovog widgeta,
ui_set_the_control_style_for_every_thermostat_on_this_de5cd1e,,Set the control style for every thermostat on this Climate page. Standalone climate widgets keep their own layout settings.,Postavite način upravljanja za svaki termostat na ovoj Climate stranici. Samostalni klimatski widgeti zadržavaju vlastite postavke izgleda.,
ui_set_what_each_person_may_do_per_user_like_aa86ea2,,"Set what each person may do — per user, like the hidden views above. These apply when they use a dashboard you shared.","Postavite što svaka osoba može učiniti — po korisniku, poput skrivenih prikaza iznad. To se primjenjuje kada koriste nadzornu ploču koju ste podijelili.",
ui_settings_c7f73bb,,Settings,postavke,
ui_setup_changed_b184bf0,,Setup changed,Postavka je promijenjena,
ui_setup_progress_1a8adef,,Setup progress,Napredak postavljanja,
ui_shape_and_width_on_the_dashboard_c89fefa,,Shape and width on the dashboard,Oblik i širina na kontrolnoj ploči,
ui_shape_ea5c1a2,,Shape,Oblik,
ui_shape_visible_information_and_icon_behavior_63dec1c,,"Shape, visible information, and icon behavior","Oblik, vidljive informacije i ponašanje ikona",
ui_share_09ca55c,,Share,Udio,
ui_share_b300e5f,,"Share ""%1$s""","Dijeli ""%1$s""",app fills in %1$s — keep them
ui_share_dashboards_0917ff1,,Share dashboards,Podijelite nadzorne ploče,
ui_shared_dashboard_86876c0,,Shared dashboard,Zajednička nadzorna ploča,
ui_shared_with_me_f40ca84,,Shared with me,Podijeljeno sa mnom,
ui_sharing_ad00590,,Sharing…,Dijeljenje...,
ui_show_a_descending_timer_when_the_value_is_a_1ae7350,,"Show a descending timer when the value is a completion time (e.g. a washer/dryer finish time). Active while counting, off at zero.","Prikaži silazni mjerač vremena kada je vrijednost vrijeme završetka (npr. vrijeme završetka perilice/sušilice). Aktivan dok broji, isključen na nuli.",
ui_show_a_live_radar_rain_map_card_a_camera_a0e11c8,,Show a live radar/rain map card — a camera entity or an embedded web page (iframe),Prikaži kartu radara/kišne karte uživo — entitet kamere ili ugrađenu web stranicu (iframe),
ui_show_activity_badge_f5d56bb,,Show activity badge,Prikaži značku aktivnosti,
ui_show_badge_bar_827499b,,Show badge bar,Prikaži traku sa značkama,
ui_show_flows_button_9e888be,,Show flows button,Gumb Prikaži tokove,
ui_show_global_search_e7aefbe,,Show global search,Prikaži globalno pretraživanje,
ui_show_group_380c43e,,Show group,Prikaži grupu,
ui_show_in_header_43f0dfd,,Show in header,Prikaži u zaglavlju,
ui_show_persons_c4e81a0,,Show persons,Prikaži osobe,
ui_show_the_automations_flows_button_16254ce,,Show the automations (flows) button,Prikaži gumb automatizacije (tijekovi).,
ui_show_the_entity_s_state_or_one_of_its_1008a4d,,"Show the entity's state, or one of its attributes instead",Pokažite stanje entiteta ili umjesto toga jedan od njegovih atributa,
ui_show_the_entity_s_state_or_one_of_its_e721168,,"Show the entity's state, or one of its attributes instead.",Pokažite stanje entiteta ili umjesto toga jedan od njegovih atributa.,
ui_show_the_global_search_button_0517d8b,,Show the global search button,Prikaži gumb za globalno pretraživanje,
ui_show_widget_name_5ad7fc9,,Show widget name,Prikaži naziv widgeta,
ui_shown_b1015a1,,%1$s shown,%1$s prikazano,app fills in %1$s — keep them
ui_shows_an_icon_matching_the_waste_type_gft_pmd_1966fe0,,"Shows an icon matching the waste type (GFT, PMD, paper, …).","Prikazuje ikonu koja odgovara vrsti otpada (GFT, PMD, papir, …).",
ui_side_split_alignment_b9c5399,,Side (split alignment),Strana (podijeljeno poravnanje),
ui_sign_out_safely_or_reset_this_installation_681fac2,,Sign out safely or reset this installation,Odjavite se na siguran način ili poništite ovu instalaciju,
ui_signing_you_in_10d0636,,Signing you in…,Prijavljujem se...,
ui_size_shape_and_artwork_4bb38bb,,"Size, shape, and artwork","Veličina, oblik i umjetničko djelo",
ui_size_shape_and_background_24dd9b6,,"Size, shape, and background","Veličina, oblik i pozadina",
ui_snapshot_b08ae37,,Snapshot,Snimak,
ui_solar_0e26539,,Solar,Solarni,
ui_solar_noon_599372c,,Solar noon %1$s,Sunčevo podne %1$s,app fills in %1$s — keep them
ui_sort_d5f73d6,,Sort: %1$s,Poredaj: %1$s,app fills in %1$s — keep them
ui_source_and_card_refresh_behavior_0a26324,,Source and card refresh behavior,Ponašanje izvora i kartice pri osvježavanju,
ui_source_device_4ddad2a,,Source device,Izvorni uređaj,
ui_span_badges_58c73f2,,Span badges,Značke raspona,
ui_speed_265ffc5,,SPEED,UBRZATI,
ui_speed_control_89a2786,,Speed control,Kontrola brzine,
ui_spin_a801301,,spin,zavrtjeti,
ui_square_82810cb,,Square,Kvadrat,
ui_stack_cards_8bdc343,,Stack Cards,Slagati karte,
ui_stack_layout_1623679,,Stack layout,Raspored stogova,
ui_stack_name_7507e93,,Stack name,Naziv hrpe,
ui_stack_page_3d91ce9,,stack_page,stog_stranica,
ui_stack_title_46ccc2d,,Stack title,Naslov hrpe,
ui_stack_title_cc2f1ed,,Stack Title,Naslov hrpe,
ui_stacks_249f056,,Stacks,Stogovi,
ui_standard_2dfa660,,Standard,Standard,
ui_start_24758a5,,Start: %1$s,Početak: %1$s,app fills in %1$s — keep them
ui_start_empty_25336ee,,Start empty,Početak prazan,
ui_start_empty_888db50,,Start Empty,Start Empty,
ui_start_new_dashboard_8c71127,,Start new dashboard?,Pokrenuti novu nadzornu ploču?,
ui_start_with_a_useful_recipe_then_adjust_each_step_d560a2a,,"Start with a useful recipe, then adjust each step","Počnite s korisnim receptom, a zatim prilagodite svaki korak",
ui_state_a725020,,State,Stanje,
ui_state_bef84bb,,STATE,STANJE,
ui_state_text_6749c0a,,State text,Državni tekst,
ui_stream_df06386,,Stream,Stream,
ui_style_99a0efc,,Style,Stil,
ui_sunrise_and_sunset_data_unavailable_3295324,,Sunrise and sunset data unavailable,Podaci o izlasku i zalasku sunca nisu dostupni,
ui_sunrise_fadf71c,,Sunrise,Izlazak sunca,
ui_sunset_181bcd5,,Sunset,Zalazak sunca,
ui_support_f32d5a3,,Support,podrška,
ui_support_via_buy_me_a_coffee_d7dadd1,,Support via Buy Me a Coffee,Podrška putem usluge Kupi mi kavu,
ui_support_via_paypal_7184a5d,,Support via PayPal,Podrška putem PayPala,
ui_support_without_premium_0a4aebd,,Support without Premium,Podrška bez Premiuma,
ui_supports_headings_lists_quotes_code_bold_italic_code_strik_e295744,,"Supports # headings, lists, > quotes, ``` code, **bold**, *italic*, `code`, ~~strike~~ and [links](https://…).","Podržava # naslova, popisa, > citata, ``` koda, **podebljanog**, *kurziva*, `koda`, ~~strike~~ i [veze](https://…).",
ui_swing_65d8d45,,Swing,Swing,
ui_swing_horizontal_c166cda,,Swing (horizontal),Ljuljačka (vodoravna),
ui_swipe_left_from_the_upper_right_edge_of_a_416c467,,Swipe left from the upper-right edge of a page header to switch homes at any time.,Prijeđite prstom ulijevo od gornjeg desnog ruba zaglavlja stranice da biste u bilo kojem trenutku promijenili dom.,
ui_switch_b02cbd9,,SWITCH,PREKIDAČ,
ui_switch_home_e6ceda2,,Switch home,Promijeni dom,
ui_system_dark_theme_c7e4ff9,,System Dark Theme,Tamna tema sustava,
ui_system_light_theme_5bc7623,,System Light Theme,Svjetla tema sustava,
ui_systems_idle_584a6f0,,Systems idle,Sustavi u stanju mirovanja,
ui_t_c2c53d6,,T,T,
ui_tabs_and_media_controls_shown_throughout_the_app_5d9c1ff,,Tabs and media controls shown throughout the app,Kartice i medijske kontrole prikazane u cijeloj aplikaciji,
ui_tap_here_or_use_the_button_while_edit_mode_8baf490,,Tap here or use the + button while edit mode is active to add widgets to this stack.,Dodirnite ovdje ili upotrijebite gumb + dok je mod za uređivanje aktivan za dodavanje widgeta ovom nizu.,
ui_tap_here_or_use_the_button_while_edit_mode_b06aac5,,Tap here or use the + button while edit mode is active to add entities to this stack.,Dodirnite ovdje ili upotrijebite gumb + dok je način uređivanja aktivan za dodavanje entiteta u ovaj niz.,
ui_tap_hold_and_dialog_quick_actions_2052817,,"Tap, hold, and dialog quick actions","Dodirnite, držite i brze radnje u dijaloškom okviru",
ui_tap_share_to_publish_or_update_d185341,,Tap Share to publish or update,Dodirnite Dijeli za objavu ili ažuriranje,
ui_tap_to_add_a_weather_card_a3508a9,,Tap + to add a weather card,Dodirnite + za dodavanje vremenske karte,
ui_tap_to_load_0c49cab,,Tap to load,Dodirnite za učitavanje,
ui_tap_x_to_restore_an_entity_to_the_battery_ad0eb75,,Tap X to restore an entity to the battery page.,Dodirnite X za vraćanje entiteta na stranicu s baterijom.,
ui_target_49d76ad,,TARGET (%1$s–%2$s%%),CILJ (%1$s–%2$s%%),app fills in %1$s %2$s — keep them
ui_target_61ad50a,,Target,Cilj,
ui_target_entity_optional_cdb68af,,Target entity (optional),Ciljni entitet (neobavezno),
ui_target_f762108,,TARGET,CILJ,
ui_technology_d018b08,,Technology,Tehnologija,
ui_temperature_0a9062a,,Temperature,Temperatura,
ui_temperature_and_humidity_sources_for_the_room_8960580,,Temperature and humidity sources for the room,Izvori temperature i vlage u prostoriji,
ui_temperature_cc6906a,,TEMPERATURE,TEMPERATURA,
ui_temperature_sensor_graphed_in_activity_1088c3d,,Temperature sensor (graphed in Activity),Senzor temperature (prikazan grafikonom u Aktivnosti),
ui_text_c3328c3,,Text,Tekst,
ui_text_size_boldness_and_font_family_365f489,,"Text size, boldness and font family","Veličina teksta, podebljanost i obitelj fontova",
ui_that_profile_35adbf0,,that profile,taj profil,
ui_the_effect_used_when_a_button_s_animation_is_7cce891,,"The effect used when a button's animation is set to ""Auto"". You can still override any individual button.","Efekt koji se koristi kada je animacija gumba postavljena na ""Auto"". Još uvijek možete poništiti svaki pojedinačni gumb.",
ui_the_exact_dates_you_pick_leave_a_bound_as_19357e8,,"The exact dates you pick. Leave a bound as ""Any"" for an open-ended range.","Točne datume koje odaberete. Ostavite granicu kao ""Bilo koji"" za otvoreni raspon.",
ui_the_heading_shown_between_dashboard_sections_b03805f,,The heading shown between dashboard sections,Naslov prikazan između odjeljaka nadzorne ploče,
ui_the_hki_7_community_source_code_is_free_and_f4f3f51,,"The HKI 7 community source code is free and open source under the Mozilla Public License 2.0. You may use, study, modify, and redistribute it. When you distribute modified MPL-covered files, those files and their source must remain available under MPL-2.0.","Izvorni kod zajednice HKI 7 je besplatan i otvorenog koda pod Mozilla Public License 2.0. Možete ga koristiti, proučavati, mijenjati i redistribuirati. Kada distribuirate modificirane datoteke pokrivene MPL-om, te datoteke i njihov izvor moraju ostati dostupni pod MPL-2.0.",don't translate HKI 7
ui_the_hki_7_name_and_logos_are_project_trademarks_985ffec,,"The HKI 7 name and logos are project trademarks and are not granted for misleading redistribution. Home Assistant and other third-party names, libraries, fonts, and artwork remain subject to their respective licenses and trademarks. The software is provided without warranty, as described by MPL-2.0.","Naziv i logotipi HKI 7 zaštitni su znakovi projekta i nisu dopušteni za pogrešnu redistribuciju. Home Assistant i druga imena, biblioteke, fontovi i umjetnička djela trećih strana podliježu svojim licencama i zaštitnim znakovima. Softver se isporučuje bez jamstva, kao što je opisano u MPL-2.0.","don't translate Home Assistant, HKI 7"
ui_the_interface_is_built_with_jetpack_compose_coroutines_and_fe7f52d,,"The interface is built with Jetpack Compose. Coroutines and Flow handle live state, while JSON and YAML-compatible data keep HKI 7 connected with Home Assistant.","Sučelje je izgrađeno pomoću Jetpack Compose. Korutine i Flow obrađuju stanje uživo, dok podaci kompatibilni s JSON i YAML održavaju vezu HKI 7 s Home Assistant.","don't translate Home Assistant, HKI 7"
ui_the_open_source_community_core_remains_usable_without_prem_d83ff8a,,The open-source community core remains usable without Premium. Premium purchases fund extra visual content and continued development; they do not remove the freedoms granted for MPL-covered files.,Jezgra zajednice otvorenog koda ostaje upotrebljiva bez Premiuma. Premium kupnje financiraju dodatni vizualni sadržaj i kontinuirani razvoj; oni ne uklanjaju slobode dodijeljene datotekama pokrivenim MPL-om.,
ui_the_page_starts_empty_with_its_own_header_and_5a325c0,,"The page starts empty with its own header and page settings, while keeping the Home widget catalogue.","Stranica počinje prazna s vlastitim zaglavljem i postavkama stranice, dok zadržava katalog widgeta Početna.",
ui_the_quick_brown_fox_jumps_over_the_lazy_dog_2204ad2,,The quick brown fox jumps over the lazy dog — 0123456789,Brza smeđa lisica preskače lijenog psa — 0123456789,
ui_the_room_header_and_card_show_a_single_player_3e24a17,,"The room header and card show a single player's media, or an active-player count when multiple players are selected.",Zaglavlje sobe i kartica prikazuju medije jednog igrača ili broj aktivnih igrača kada je odabrano više igrača.,
ui_the_text_shown_on_the_dashboard_fff5c98,,The text shown on the dashboard,Tekst prikazan na kontrolnoj ploči,
ui_the_web_page_shown_on_this_card_ce97bfd,,The web page shown on this card,Web stranica prikazana na ovoj kartici,
ui_theme_a797e30,,Theme,Tema,
ui_theme_and_navigation_bar_474ee6b,,Theme and navigation bar,Tema i navigacijska traka,
ui_thermostat_dial_e6af91b,,Thermostat dial,Brojčanik termostata,
ui_thermostats_601da0c,,Thermostats,Termostati,
ui_thermostats_ac_7d2ace4,,Thermostats & AC,Termostati i klima uređaj,
ui_these_are_stored_in_the_cloud_import_one_to_558c62d,,"These are stored in the cloud. Import one to edit or re-share it, or delete it to remove it from everyone. Your edits are also pushed automatically when you open the app.",One su pohranjene u oblaku. Uvezite jedan da biste ga uredili ili ponovno podijelili ili ga izbrišite da biste ga uklonili od svih. Vaša se uređivanja također automatski guraju kada otvorite aplikaciju.,
ui_these_links_open_in_your_browser_tips_do_not_049b881,,These links open in your browser. Tips do not unlock Premium features and do not create an obligation to provide individual support.,Ove se veze otvaraju u vašem pregledniku. Savjeti ne otključavaju Premium značajke i ne stvaraju obvezu pružanja individualne podrške.,
ui_these_permissions_are_optional_and_can_be_changed_later_aa7a106,,These permissions are optional and can be changed later in Android Settings.,Ova su dopuštenja izborna i mogu se kasnije promijeniti u Android postavkama.,
ui_thin_100_9e7a443,,Thin (-100),Tanak (-100),
ui_thinner_200_6ae7a6f,,Thinner (-200),Razrjeđivač (-200),
ui_this_action_does_not_use_an_entity_target_5952444,,This action does not use an entity target.,Ova radnja ne koristi cilj entiteta.,
ui_this_action_has_no_required_target_or_additional_fields_987a410,,This action has no required target or additional fields.,Ova radnja nema obavezna ciljana ili dodatna polja.,
ui_this_automation_is_managed_outside_home_assistant_s_ui_89d26f5,,"This automation is managed outside Home Assistant's UI (usually YAML). HKI7 can show it, but will not overwrite it.","Ovom se automatizacijom upravlja izvan korisničkog sučelja Home Assistant (obično YAML). HKI7 ga može prikazati, ali ga neće prebrisati.","don't translate Home Assistant, HKI7"
ui_this_card_uses_its_own_entities_e572388,,This card uses its own entities,Ova kartica koristi vlastite entitete,
ui_this_dashboard_is_currently_being_generated_from_home_assi_470200d,,This dashboard is currently being generated from Home Assistant. You can edit rooms as soon as the one-time import finishes.,Ova nadzorna ploča trenutno se generira iz Home Assistant. Sobe možete uređivati čim jednokratni uvoz završi.,don't translate Home Assistant
ui_this_entity_2ddd36d,,This entity,Ovaj entitet,
ui_this_entity_has_no_attributes_to_show_b09f4c9,,This entity has no attributes to show.,Ovaj entitet nema atributa za prikaz.,
ui_this_light_is_paused_for_manual_control_706bffa,,This light is paused for manual control.,Ovo svjetlo je pauzirano radi ručnog upravljanja.,
ui_this_name_is_used_when_the_device_registers_with_8aba2f2,,This name is used when the device registers with Home Assistant.,Ovo se ime koristi kada se uređaj registrira na Home Assistant.,don't translate Home Assistant
ui_this_permanently_removes_this_dashboard_and_its_room_and_8087734,,This permanently removes this dashboard and its room and page configuration.,Time se trajno uklanja ova nadzorna ploča i njezina konfiguracija sobe i stranice.,
ui_this_removes_all_imported_battery_entities_from_this_view_7a74283,,This removes all imported battery entities from this view.,Ovo uklanja sve uvezene entitete baterije iz ovog prikaza.,
ui_this_removes_all_imported_climate_entities_from_this_view_713f511,,This removes all imported climate entities from this view.,Ovo uklanja sve uvezene klimatske entitete iz ovog prikaza.,
ui_this_removes_all_imported_energy_entities_from_this_view_7397917,,This removes all imported energy entities from this view.,Ovo uklanja sve uvezene energetske entitete iz ovog prikaza.,
ui_this_removes_all_imported_rooms_and_floors_from_this_d1cbbff,,This removes all imported rooms and floors from this view.,Ovo uklanja sve uvezene sobe i podove iz ovog prikaza.,
ui_this_removes_all_imported_security_entities_from_this_view_6443e5c,,This removes all imported security entities from this view.,Ovo uklanja sve uvezene sigurnosne entitete iz ovog prikaza.,
ui_this_removes_its_login_mobile_app_registration_details_and_69afc19,,"This removes its login, mobile-app registration details, and HKI dashboards from this device. The Home Assistant server itself is not changed.","Time se s ovog uređaja uklanjaju podaci o prijavi, registraciji mobilne aplikacije i HKI nadzorne ploče. Sam poslužitelj Home Assistant nije promijenjen.",don't translate Home Assistant
ui_this_removes_the_native_automation_from_home_assistant_thi_2a48e1a,,This removes the native automation from Home Assistant. This cannot be undone from HKI7.,Ovo uklanja izvornu automatizaciju iz Home Assistant. Ovo se ne može poništiti iz HKI7.,"don't translate Home Assistant, HKI7"
ui_this_removes_the_shared_dashboard_from_the_cloud_for_4bab01c,,This removes the shared dashboard from the cloud for everyone. People currently using it fall back to an auto-generated dashboard. Their local copies aren't touched until they next open the app.,Ovo uklanja zajedničku nadzornu ploču iz oblaka za sve. Ljudi koji ga trenutno koriste vraćaju se na automatski generiranu nadzornu ploču. Njihove lokalne kopije ne diraju se dok sljedeći put ne otvore aplikaciju.,
ui_this_runs_on_a_small_free_home_assistant_add_f46f2e3,,"This runs on a small, free Home Assistant add-on (the HKI 7 Cloud component). It isn't on HACS by default yet, so add it as a custom repository — the app then handles everything else.","Ovo radi na malom, besplatnom dodatku Home Assistant (komponenta HKI 7 Cloud). Još uvijek nije na HACS-u prema zadanim postavkama, pa ga dodajte kao prilagođeno spremište — aplikacija tada obrađuje sve ostalo.","don't translate HKI 7 Cloud, Home Assistant"
ui_this_source_code_form_is_subject_to_the_terms_c8e4e24,,"This Source Code Form is subject to the terms of the Mozilla Public License, v. 2.0. If a copy of the MPL was not distributed with this file, you can obtain one at mozilla.org/MPL/2.0/.","Ovaj obrazac izvornog koda podliježe uvjetima Mozilla javne licence, v. 2.0. Ako kopija MPL-a nije distribuirana s ovom datotekom, možete je nabaviti na mozilla.org/MPL/2.0/.",
ui_this_stack_has_no_items_0f92c8d,,This stack has no items.,Ovaj hrp nema stavki.,
ui_this_travels_with_the_dashboard_so_cloud_backups_and_1dd603d,," This travels with the dashboard, so cloud backups and family sharing keep it.","Ovo putuje s nadzornom pločom, tako da sigurnosne kopije u oblaku i dijeljenje s obitelji to čuvaju.",keep the space at the start/end
ui_tile_2dd2c66,,Tile,Pločica,
ui_tilt_aceae6f,,TILT,NAGIB,
ui_time_6c82e6d,,Time,Vrijeme,
ui_time_range_9257117,,Time Range,Vremenski raspon,
ui_title_768e0c1,,Title,Titula,
ui_title_collapse_behavior_and_dashboard_width_a64a590,,"Title, collapse behavior, and dashboard width","Naslov, ponašanje sažimanja i širina nadzorne ploče",
ui_title_collapse_behavior_and_width_dd2b475,,"Title, collapse behavior, and width","Naslov, ponašanje sažimanja i širina",
ui_title_optional_932fc13,,Title (optional),naslov (neobavezno),
ui_title_width_and_icon_41ec073,,"Title, width, and icon","Naslov, širina i ikona",
ui_to_state_2a995a1,,To state,Navesti,
ui_today_24345a1,,Today,Danas,
ui_tomorrow_1948bf2,,Tomorrow,Sutra,
ui_top_consumers_0199dbf,,Top consumers,Vrhunski potrošači,
ui_tracking_number_4e40c54,,Tracking number,Broj za praćenje,
ui_try_again_042c862,,Try again,Pokušajte ponovno,
ui_try_the_demo_home_no_server_needed_bc58247,,Try the demo home — no server needed,Isprobajte demo početnu stranicu — poslužitelj nije potreban,
ui_turn_off_all_3a7a2b0,,Turn off all,Isključi sve,
ui_turn_on_a5aa418,,Turn On,Uključi,
ui_turn_the_light_on_to_access_controls_25f4ad6,,Turn the light on to access controls,Uključite svjetlo za pristup kontrolama,
ui_turn_the_notification_connection_channel_off_on_the_next_cdddec0,,"Turn the ""Notification connection"" channel off on the next screen — the connection keeps working, only its notification disappears.","Isključite kanal ""Veza obavijesti"" na sljedećem ekranu — veza nastavlja raditi, samo njezina obavijest nestaje.",
ui_two_rows_1b1737f,,Two rows,Dva reda,
ui_type_3deb745,,Type,Tip,
ui_type_icon_839142a,,Type icon,Ikona tipa,
ui_unable_to_connect_8207f1b,,Unable to connect,Povezivanje nije moguće,
ui_unit_f6b935a,,Unit,Jedinica,
ui_unknown_bc7819b,,Unknown,Nepoznato,
ui_unknown_energy_card_b8e46de,,Unknown energy card: %1$s,Nepoznata energetska kartica: %1$s,app fills in %1$s — keep them
ui_unlock_1526a17,,Unlock,Otključati,
ui_unlock_button_ad521c4,,Unlock button,Gumb za otključavanje,
ui_unlock_method_dff380e,,Unlock method,Metoda otključavanja,
ui_unlocked_b3da702,,Unlocked,Otključan,
ui_unrestricted_background_cebdb1e,,Unrestricted background,Neograničena pozadina,
ui_untitled_621521f,,Untitled,Bez naslova,
ui_untitled_event_ef8d264,,Untitled event,Događaj bez naziva,
ui_upcoming_523baab,,Upcoming,Nadolazeće,
ui_update_fb91e24,,Update,Ažurirati,
ui_update_location_now_d338c2c,,Update Location Now,Ažurirajte lokaciju sada,
ui_updated_62d2331,,Updated %1$s,Ažurirano %1$s,app fills in %1$s — keep them
ui_url_https_a1a19ec,,URL (https://…),URL (https://…),
ui_usage_overview_fc2eefc,,Usage overview,Pregled korištenja,
ui_use_1d4d43c,,Use,Koristiti,
ui_use_a_dashboard_an_admin_has_shared_with_you_8b1cfdb,,Use a dashboard an admin has shared with you.,Koristite nadzornu ploču koju je administrator podijelio s vama.,
ui_use_a_family_shared_dashboard_9b8ab51,,Use a family shared dashboard,Koristite nadzornu ploču koju dijeli obitelj,
ui_use_a_recognizable_name_such_as_kitchen_tablet_or_ca9f431,,"Use a recognizable name, such as ‘Kitchen tablet’ or ‘Jimmy’s phone’.","Upotrijebite prepoznatljivo ime, poput ""Kuhinjski tablet"" ili ""Jimmyjev telefon"".",
ui_use_family_shared_dashboard_28e06c2,,Use family shared dashboard,Koristite nadzornu ploču koju dijeli obitelj,
ui_used_6a4ebbf,,Used %1$s,Korišteno %1$s,app fills in %1$s — keep them
ui_uses_hki_7_s_private_google_drive_storage_enable_0559ced,,Uses HKI 7's private Google Drive storage. Enable it once to create an immediate backup and then back up automatically every day.,"Koristi HKI 7 privatnu pohranu Google Drive. Omogućite ga jednom kako biste trenutno izradili sigurnosnu kopiju, a zatim je svaki dan automatski izradili sigurnosnu kopiju.","don't translate Google Drive, HKI 7"
ui_uses_the_sun_entity_configured_in_weather_settings_e580a39,,Uses the Sun entity configured in Weather settings.,Koristi entitet Sunce konfiguriran u postavkama vremena.,
ui_using_a_shared_dashboard_applies_the_permissions_the_admin_a337a76,,Using a shared dashboard applies the permissions the admin set for it.,Korištenje zajedničke nadzorne ploče primjenjuje dopuštenja koja je administrator postavio za nju.,
ui_using_the_climate_view_s_entities_8befb0f,,Using the Climate view's entities,Korištenje entiteta pogleda Climate,
ui_using_the_energy_view_s_entities_7ca9bed,,Using the Energy view's entities,Korištenje entiteta energetskog pogleda,
ui_vacuum_5fe15df,,Vacuum,Vakuum,
ui_vacuum_device_3deae52,,Vacuum device,Vakuumski uređaj,
ui_vacuum_entities_c7da1d7,,Vacuum entities,Vakuumski entiteti,
ui_vacuum_map_8236541,,Vacuum map,Karta vakuuma,
ui_vacuum_stack_b93d3b7,,Vacuum Stack,Vakuumski snop,
ui_vertical_slider_e09cef1,,Vertical slider,Okomiti klizač,
ui_view_on_github_0c77991,,View on GitHub,Pogledajte na GitHubu,
ui_visibility_7d9ff4f,,Visibility,Vidljivost,
ui_visibility_alignment_and_overflow_behavior_467f44f,,"Visibility, alignment, and overflow behavior","Vidljivost, poravnanje i ponašanje prelijevanja",
ui_visibility_and_ordering_in_the_page_header_0f9e3d8,,Visibility and ordering in the page header,Vidljivost i poredak u zaglavlju stranice,
ui_visible_during_791f42c,,Visible during,Vidljivo tijekom,
ui_visible_persons_4b7ae6c,,Visible persons,Vidljive osobe,
ui_visual_style_bc567f3,,Visual style,Vizualni stil,
ui_w_e2415cb,,W,W,
ui_waiting_for_home_assistant_af224aa,,Waiting for Home Assistant,Čeka se Home Assistant,don't translate Home Assistant
ui_wallpaper_and_an_optional_custom_color_f4f12f1,,Wallpaper and an optional custom color,Pozadina i izborna prilagođena boja,
ui_wallpaper_and_optional_custom_color_0dc6738,,Wallpaper and optional custom color,Pozadina i izborna prilagođena boja,
ui_wallpaper_url_or_path_e208631,,Wallpaper URL or path,URL pozadine ili put,
ui_waste_collection_7cdf205,,Waste Collection,Skupljanje otpada,
ui_waste_sensors_8bfd3ec,,Waste sensors,Senzori za otpad,
ui_watch_d91ebf5,,Watch,Gledati,
ui_water_5480538,,Water: %1$s,Voda: %1$s,app fills in %1$s — keep them
ui_water_de9b1be,,Water,Voda,
ui_water_level_optional_fallback_61b2be5,,Water level (optional fallback),Razina vode (opcionalna zamjena),
ui_water_meters_imported_from_home_assistant_s_energy_dashboa_b1ac157,,Water meters imported from Home Assistant's Energy dashboard.,Vodomjeri uvezeni s nadzorne ploče Energy Home Assistant.,don't translate Home Assistant
ui_we_ll_check_your_home_network_first_you_can_c7ca0f0,,We'll check your home network first; you can also enter an address,Prvo ćemo provjeriti vašu kućnu mrežu; možete unijeti i adresu,
ui_weather_284af3e,,Weather,Vrijeme,
ui_weather_card_0c6594c,,Weather Card,Vremenska kartica,
ui_weather_details_bc94175,,Weather details,Podaci o vremenu,
ui_weather_entities_0a2c547,,Weather entities,Vremenski entiteti,
ui_weather_entity_402cbd9,,Weather entity,Vremenski entitet,
ui_weather_source_778baeb,,Weather source,Izvor vremenske prognoze,
ui_weather_stack_4d4f763,,Weather Stack,Vremenska prognoza,
ui_weather_type_fe0b7cc,,Weather Type,Vrsta vremena,
ui_web_address_url_55052c9,,Web address (URL),Web adresa (URL),
ui_week_calendar_shown_in_the_dialog_6d4f28b,,Week calendar (shown in the dialog),Tjedni kalendar (prikazan u dijaloškom okviru),
ui_welcome_to_hki_7_9e317bb,,Welcome to HKI 7,Dobrodošli u HKI 7,don't translate HKI 7
ui_what_hki_7_is_and_how_it_is_built_247bace,,What HKI 7 is and how it is built,Što je HKI 7 i kako je izgrađen,don't translate HKI 7
ui_what_it_does_ca032b5,,What it does,Što radi,
ui_what_s_new_4d8dc5f,,What's new,Što je novo,
ui_when_769bb19,,When,Kada,
ui_when_and_if_then_dd86ebe,,When · And if · Then,Kada · I ako · Onda,
ui_when_reporting_a_problem_include_your_android_version_home_784a4e6,,"When reporting a problem, include your Android version, Home Assistant version, the affected entity or integration, and clear steps to reproduce it. Removing private URLs, tokens, names, and location data first helps keep support safe.","Kada prijavljujete problem, uključite svoju verziju Androida, verziju Home Assistant, pogođeni entitet ili integraciju i jasne korake za njegovu reprodukciju. Prvo uklanjanje privatnih URL-ova, tokena, imena i podataka o lokaciji pomaže u održavanju sigurnosti podrške.",don't translate Home Assistant
ui_when_the_value_is_a_completion_time_e_g_7dce367,,"When the value is a completion time (e.g. a washer/dryer finish time), show a descending timer. The button reads active while counting and turns off at zero.","Kada je vrijednost vrijeme završetka (npr. vrijeme završetka perilice/sušilice), prikažite silazni mjerač vremena. Gumb očitava da je aktivan tijekom brojanja i isključuje se na nuli.",
ui_widget_height_b26de24,,Widget height,Visina widgeta,
ui_widget_name_55e5340,,Widget name,Naziv widgeta,
ui_widget_presentation_a3a8cdc,,Widget presentation,Widget prezentacija,
ui_widget_width_1d89599,,Widget width,Širina widgeta,
ui_width_a58ddf5,,Width,Širina,
ui_width_and_height_6ed6746,,Width and height,Širina i visina,
ui_width_and_optional_icon_671e2ef,,Width and optional icon,Širina i dodatna ikona,
ui_width_columns_and_container_shape_984a191,,"Width, columns, and container shape","Širina, stupci i oblik spremnika",
ui_width_shape_and_collapse_behavior_7abc6f4,,"Width, shape, and collapse behavior","Ponašanje širine, oblika i sažimanja",
ui_wind_142b575,,Wind,Vjetar,
ui_worth_watching_a3d46c7,,Worth watching,Vrijedi pogledati,
ui_would_you_like_to_add_an_existing_camera_entity_00d5bc3,,Would you like to add an existing camera entity or a custom URL?,Želite li dodati postojeći entitet kamere ili prilagođeni URL?,
ui_write_the_information_shown_on_this_card_4ca5db7,,Write the information shown on this card,Napišite podatke prikazane na ovoj kartici,
ui_you_can_help_by_testing_new_builds_reporting_reproducible_5310461,,"You can help by testing new builds, reporting reproducible bugs, suggesting thoughtful improvements, helping with translations or documentation, sharing HKI 7 with other Home Assistant users, and giving constructive feedback.","Možete pomoći testiranjem novih verzija, prijavljivanjem ponovljivih grešaka, predlaganjem promišljenih poboljšanja, pomaganjem s prijevodima ili dokumentacijom, dijeljenjem HKI 7 s drugim Home Assistant korisnicima i davanjem konstruktivnih povratnih informacija.","don't translate Home Assistant, HKI 7"
ui_you_re_exploring_the_built_in_sample_home_63c2ad1,,You're exploring the built-in sample home,Istražujete ugrađeni ogledni dom,
ui_your_automations_and_devices_will_be_unavailable_briefly_h_8a8572e,,Your automations and devices will be unavailable briefly. HKI7 will reconnect automatically when Home Assistant is ready.,Vaša automatizacija i uređaji nakratko će biti nedostupni. HKI7 će se automatski ponovno povezati kada Home Assistant bude spreman.,"don't translate Home Assistant, HKI7"
ui_your_dashboard_is_ready_0719f75,,Your dashboard is ready,Vaša nadzorna ploča je spremna,
ui_your_home_72412fa,,Your home,Vaš dom,
ui_your_location_is_shared_only_with_your_own_home_c75bd6d,,Your location is shared only with your own Home Assistant server. It is ,Vaša lokacija se dijeli samo s vašim vlastitim Home Assistant poslužiteljem. jeste,don't translate Home Assistant; keep the space at the start/end
logs_title,,Connection log,Dnevnik povezivanja,
logs_subtitle,,What the app's connection to Home Assistant has been doing,Što je radila veza aplikacije s Home Assistant,don't translate Home Assistant
logs_empty,,Connection log,Dnevnik povezivanja,
logs_empty_hint,,"Nothing logged yet. Connection attempts, reconnects, sync and subscriptions appear here as they happen.","Još ništa nije zapisano. Pokušaji povezivanja, ponovno povezivanje, sinkronizacija i pretplate pojavljuju se ovdje kako se dogode.",
logs_count,,Connection log (%1$d),Dnevnik veze (%1$d),app fills in %1$d — keep them
logs_copy,,Copy the log,Kopiraj dnevnik,
logs_clear,,Clear the log,Očisti zapisnik,
logs_show_all,,Show all %1$d,Prikaži sve %1$d,app fills in %1$d — keep them
logs_show_less,,Show less,Prikaži manje,
parcel_letter_count,one,%1$d letter,%1$d pismo,app fills in %1$d — keep them
parcel_letter_count,other,%1$d letters,%1$d slova,app fills in %1$d — keep them
parcel_letter_count,few,,%1$d slova,
spacer_empty_button,,Empty button,Prazan gumb,
spacer_empty_button_description,,Transparent placeholder that only reserves space,Prozirno mjesto koje samo rezervira prostor,
spacer_add_empty_button,,Add empty button,Dodaj prazan gumb,
popup_custom_popup,,Custom popup,Prilagođeni skočni prozor,
popup_choose,,Choose a popup,Odaberite skočni prozor,
popup_none_yet,,No popups yet,Još nema skočnih prozora,
popup_new,,New popup,Novi skočni prozor,
popup_default_name,,New popup,Novi skočni prozor,
popup_name,,Popup name,Naziv skočnog prozora,
popup_edit_contents,,Edit contents,Uredite sadržaj,
popup_delete,,Delete popup,Izbriši skočni prozor,
popup_status_entity,,Status entity,Statusni entitet,
popup_status_entity_hint,,Optional. Its state fills the dialog's status line and adds the history view.,Neobavezno. Njegovo stanje ispunjava redak statusa dijaloga i dodaje prikaz povijesti.,
popup_settings_subtitle,,"Name, icon, and status entity","Naziv, ikona i entitet statusa",
popup_shared_hint,,Popups are shared: other buttons can open this same popup.,Skočni prozori se dijele: drugi gumbi mogu otvoriti isti skočni prozor.,
popup_empty,,This popup is empty. Tap Edit to add widgets.,Ovaj skočni prozor je prazan. Dodirnite Uredi za dodavanje widgeta.,
popup_settings_title,,Popups,Skočni prozori,
popup_settings_subtitle_section,,Build and edit your custom popups,Izradite i uredite svoje prilagođene skočne prozore,
popup_settings_hint,,"Popups open from a button, badge, or dialog button set to the Custom popup action. Edit contents opens the popup itself so you can arrange its widgets.","Skočni prozori otvaraju se pomoću gumba, značke ili gumba dijaloškog okvira postavljenog na prilagođenu akciju skočnog prozora. Uredi sadržaj otvara sam skočni prozor tako da možete rasporediti njegove widgete.",
button_icon_only,,Icon only,Samo ikona,
button_icon_size,,Icon size,Veličina ikone,
button_icon_size_description,,"Auto shrinks the icon as the stack gains columns, so it still fits a narrow button.","Automatski smanjuje ikonu kako hrpa dobiva stupce, tako da i dalje stane na uski gumb.",
button_icon_size_auto,,Auto,Auto,
button_icon_size_value,,%1$d dp,%1$d dp,app fills in %1$d — keep them
stack_child_icon_only,,Icon only for every button,Ikona samo za svaki gumb,
stack_child_icon_only_description,,"Applies to all buttons in this stack, so you don't have to set it on each one.","Primjenjuje se na sve gumbe u ovom nizu, tako da ga ne morate postavljati na svaki od njih.",
stack_child_icon_size,,Icon size for every button,Veličina ikone za svaki gumb,
button_icon_only_description,,"Hide the name and state, centering the icon on the button","Sakrijte ime i stanje, centrirajte ikonu na gumb",
action_button,,Action button,Akcijski gumb,
action_button_description,,"A button without an entity: give it a name, an icon, and any action","Gumb bez entiteta: dajte mu naziv, ikonu i bilo koju radnju",
action_button_add,,Add action button,Dodaj akcijski gumb,
action_badge_add,,Add action badge,Dodajte značku radnje,
security_entity_count,one,%1$d entity,%1$d entitet,app fills in %1$d — keep them
security_entity_count,other,%1$d entities,%1$d entiteta,app fills in %1$d — keep them
security_entity_count,few,,%1$d entiteta,
family_permission_switch_dashboards,,Allow switching dashboards,Dopusti promjenu nadzornih ploča,
family_permission_switch_dashboards_subtitle,,Let this person load another existing dashboard,Neka ova osoba učita drugu postojeću nadzornu ploču,
family_permission_create_dashboards,,Allow creating dashboards,Dopusti stvaranje nadzornih ploča,
family_permission_create_dashboards_subtitle,,Let this person create or duplicate dashboards,Neka ova osoba izradi ili duplicira nadzorne ploče,
family_dashboard_tab_locked,,Locked by family permissions,Zaključano dopuštenjima obitelji,
family_dashboard_access_lost_title,,Family access removed,Pristup obitelji uklonjen,
family_dashboard_access_lost_message,,"You no longer have access to HKI 7 through this family dashboard. Choose another dashboard shared with you, or use any other option your family permissions allow.",Više nemate pristup HKI 7 putem ove obiteljske nadzorne ploče. Odaberite drugu nadzornu ploču koja se dijeli s vama ili upotrijebite bilo koju drugu opciju koju dopuštaju vaša obiteljska dopuštenja.,don't translate HKI 7
family_access_manage,,Manage access,Upravljanje pristupom,
family_access_title,,Who can see %1$s,Tko može vidjeti %1$s,app fills in %1$s — keep them
family_access_description,,Add or remove people. Everyone you remove loses this dashboard the next time their app syncs.,Dodajte ili uklonite osobe. Svatko koga uklonite gubi ovu nadzornu ploču sljedeći put kada se njihova aplikacija sinkronizira.,
family_access_shared_everyone,,Shared with everyone,Podijeljeno sa svima,
family_access_shared_nobody,,Shared with no one,Podijeljeno ni s kim,
family_access_shared_with,,Shared with %1$s,Podijeljeno s %1$s,app fills in %1$s — keep them
family_access_unknown_user,,Unknown user,Nepoznati korisnik,
family_access_revoke_warning,,"Losing access deletes their copy of this dashboard, along with any colours, icons, and names they changed on it.","Gubitak pristupa briše njihovu kopiju ove nadzorne ploče, zajedno sa svim bojama, ikonama i nazivima koje su promijenili na njoj.",
family_versions_title,,HKI versions,HKI verzije,
family_versions_description,,Which HKI build each family device is running. This device is on %1$s. A device appears once it has opened HKI 7 1.0.0-beta.18 or newer at least once.,Koju HKI verziju pokreće svaki obiteljski uređaj. Ovaj uređaj je na %1$s. Uređaj se pojavljuje nakon što barem jednom otvori HKI 7 1.0.0-beta.18 ili noviji.,app fills in %1$s — keep them; don't translate HKI 7
family_versions_empty,,No family devices have reported a version yet.,Nijedan obiteljski uređaj još nije prijavio verziju.,
family_versions_loading,,Loading family devices…,Učitavanje obiteljskih uređaja…,
family_versions_unavailable,,Home Assistant could not return the family device list. Check that HKI 7 Cloud is up to date.,Home Assistant nije mogao vratiti popis obiteljskih uređaja. Provjerite je li HKI 7 Cloud ažuran.,"don't translate HKI 7 Cloud, Home Assistant"
family_versions_outdated,,Older than yours,Starija od tvoje,
family_versions_android,,Android %1$s,Android %1$s,app fills in %1$s — keep them
family_versions_reported,,reported %1$s,prijavio %1$s,app fills in %1$s — keep them
family_versions_forget,,Forget this device,Zaboravite ovaj uređaj,
family_versions_forget_hint,,Forgetting a device only clears it from this list. One that is still in use reappears the next time its app opens.,Zaboravljanje uređaja briše ga samo s ovog popisa. Onaj koji se još uvijek koristi ponovno se pojavljuje sljedeći put kada se njegova aplikacija otvori.,
family_versions_nudge,,Ask to update to %1$s,Traži ažuriranje na %1$s,app fills in %1$s — keep them
family_versions_nudge_clear,,Cancel update request,Otkaži zahtjev za ažuriranje,
family_versions_nudge_pending,,Waiting for this device to update to %1$s. The request clears itself once it does.,Čeka se da se ovaj uređaj ažurira na %1$s. Zahtjev se briše sam od sebe kada to učini.,app fills in %1$s — keep them
family_require_title,,Require an HKI version,Zahtijeva HKI verziju,
family_require_description,,"Everyone below the version you require is asked to update before they can keep using HKI. Nothing here installs anything — Google Play does the update, so people are only ever held up when Play actually has it ready for them.","Od svih ispod verzije koja vam je potrebna traži se ažuriranje prije nego što mogu nastaviti koristiti HKI. Ništa ovdje ništa ne instalira — Google Play vrši ažuriranje, tako da se ljudi uvijek zadržavaju samo kada Play stvarno ima spremno za njih.",
family_require_current,,Currently required: %1$s,Trenutno potrebno: %1$s,app fills in %1$s — keep them
family_require_set,,Require everyone to be on %1$s,Zahtijevaj da svi budu na %1$s,app fills in %1$s — keep them
family_require_clear,,Clear the requirement,Obrišite zahtjev,
family_require_hint,,"You can only require a version some device already runs, so a requirement can never be one nobody is able to install.","Možete zahtijevati samo verziju koju neki uređaj već izvodi, tako da zahtjev nikada ne može biti onaj koji nitko ne može instalirati.",
settings_extra_family_require_failed,,Could not change the required version. It has to be one a family device already runs.,Nije moguće promijeniti potrebnu verziju. To mora biti jedan obiteljski uređaj koji već radi.,
settings_extra_family_nudge_failed,,Could not ask “%1$s” to update.,Nije moguće zatražiti ažuriranje od “%1$s”.,app fills in %1$s — keep them
app_update_required_title,,Time to update HKI,Vrijeme je za ažuriranje HKI-ja,
app_update_required_title_device,,This device needs an HKI update,Ovaj uređaj treba ažurirati HKI,
app_update_required_message,,Your family is on HKI %1$s. This device is on %2$s.,Vaša obitelj je na HKI %1$s. Ovaj uređaj je na %2$s.,app fills in %1$s %2$s — keep them
app_update_required_checking,,Checking Google Play…,Provjera Google Playa…,
app_update_required_update,,Update now,Ažurirajte sada,
app_update_required_open_store,,Open HKI in the Play Store,Otvorite HKI u Trgovini Play,
app_update_required_opened_store,,"Google Play could not take over here, so its store page was opened instead.",Google Play ovdje nije mogao preuzeti pa je umjesto toga otvorena njegova prodajna stranica.,
app_update_required_unavailable,,"Google Play has no update ready for this device yet. That usually means the release hasn't reached you, or this copy of HKI didn't come from the Play Store.",Google Play još nema spremno ažuriranje za ovaj uređaj. To obično znači da izdanje nije stiglo do vas ili ova kopija HKI-ja nije došla iz Trgovine Play.,
app_update_required_continue,,Continue without updating,Nastavi bez ažuriranja,
settings_extra_active_instance,,Active instance,Aktivna instanca,
settings_extra_automatic_cloud_backup_enabled,,Automatic cloud backup enabled.,Automatsko sigurnosno kopiranje u oblaku omogućeno.,
settings_extra_background_restricted_warning,,Restricted — background sync will not work,Ograničeno — sinkronizacija u pozadini neće raditi,
settings_extra_backup_failed,,Backup failed: %1$s,Sigurnosno kopiranje nije uspjelo: %1$s,app fills in %1$s — keep them
settings_extra_backup_unreadable,,The backup could not be read,Sigurnosna kopija se ne može pročitati,
settings_extra_battery_optimized_warning,,Optimized — may interrupt background sync,Optimizirano — može prekinuti sinkronizaciju u pozadini,
settings_extra_buy_me_a_coffee_logo,,Buy Me a Coffee logo,Logotip Buy Me a Coffee,
settings_extra_cloud_backup_created,,Cloud backup created.,Izrađena je sigurnosna kopija u oblaku.,
settings_extra_cloud_backup_failed,,Cloud backup failed: %1$s,Sigurnosno kopiranje u oblaku nije uspjelo: %1$s,app fills in %1$s — keep them
settings_extra_cloud_component_missing,,"The HKI 7 Cloud component was not found on your Home Assistant. Install it through HACS, then try again.","Komponenta HKI 7 Cloud nije pronađena na vašem Home Assistant. Instalirajte ga putem HACS-a, a zatim pokušajte ponovno.","don't translate HKI 7 Cloud, Home Assistant"
settings_extra_copy_dashboard,,Copy %1$s,Kopiraj %1$s,app fills in %1$s — keep them
settings_extra_corner_modern,,Modern,Moderno,
settings_extra_corner_round,,Round,Krug,
settings_extra_corner_sharp,,Sharp,Oštar,
settings_extra_create_custom_page,,Create custom page,Stvorite prilagođenu stranicu,
settings_extra_custom_page_identity_subtitle,,Identity and navigation appearance,Identitet i izgled navigacije,
settings_extra_dashboard_backup_saved,,Dashboard backup saved.,Sigurnosna kopija nadzorne ploče je spremljena.,
settings_extra_dashboard_copy_name,,%1$s copy,%1$s kopija,app fills in %1$s — keep them
settings_extra_dashboard_default_name,,Dashboard %1$d,Nadzorna ploča %1$d,app fills in %1$d — keep them
settings_extra_new_dashboard_confirm_body,,This adds a dashboard alongside the one you are using. Your current dashboard is kept exactly as it is and is never overwritten — you can switch between them at any time.,Ovo dodaje nadzornu ploču uz onu koju koristite. Vaša trenutna nadzorna ploča ostaje točno takva kakva jest i nikada se ne briše — možete se prebacivati s jedne na drugu u bilo kojem trenutku.,
settings_extra_new_dashboard_confirm_action,,Continue,Nastaviti,
settings_extra_new_dashboard_created,,Created “%1$s”,Stvoreno “%1$s”,app fills in %1$s — keep them
uif_onboarding_shared_already_added,,Already added,Već dodano,
settings_extra_dashboard_shared_badge,,Shared,Podijeljeno,
settings_extra_dashboard_shared_subtitle,,Shared with you by your family. Tap to load,S vama dijeli vaša obitelj. Dodirnite za učitavanje,
settings_extra_dashboard_shared_loaded,,Shared with you by your family. Currently loaded,S vama dijeli vaša obitelj. Trenutno učitano,
settings_extra_dashboard_generating,,Your new dashboard is being generated automatically.,Vaša nova nadzorna ploča generira se automatski.,
settings_extra_dashboard_mode_auto,,Automatic,Automatski,
settings_extra_dashboard_mode_manual,,Manual,Priručnik,
settings_extra_dashboard_restored,,Dashboard configuration restored.,Konfiguracija nadzorne ploče vraćena.,
settings_extra_dashboard_shared,,“%1$s” shared.,“%1$s” podijeljeno.,app fills in %1$s — keep them
settings_extra_dashboard_sharing_failed,,Could not share the dashboard.,Nije moguće dijeliti nadzornu ploču.,
settings_extra_default_user_name,,User,Korisnik,
settings_extra_delete_dashboard,,Delete %1$s,Izbriši %1$s,app fills in %1$s — keep them
settings_extra_device_tracker,,Device tracker,Uređaj za praćenje,
settings_extra_device_tracker_subtitle,,"Name used for location, geocoded location, battery, and charging entities","Naziv koji se koristi za lokaciju, geokodiranu lokaciju, bateriju i entitete za punjenje",
settings_extra_drive_access_token_missing,,Google Drive authorization did not return an access token.,Google Drive autorizacija nije vratila pristupni token.,don't translate Google Drive
settings_extra_drive_authorization_cancelled,,Google Drive authorization was cancelled.,Google Drive autorizacija je otkazana.,don't translate Google Drive
settings_extra_drive_authorization_failed,,Google Drive authorization failed: %1$s,Google Drive autorizacija nije uspjela: %1$s,app fills in %1$s — keep them; don't translate Google Drive
settings_extra_drive_authorization_open_failed,,Google Drive authorization could not be opened.,Google Drive autorizacija nije mogla biti otvorena.,don't translate Google Drive
settings_extra_drive_backups_load_failed,,Could not load Google Drive backups: %1$s,Nije moguće učitati sigurnosne kopije Google Drive: %1$s,app fills in %1$s — keep them; don't translate Google Drive
settings_extra_edit_custom_page,,Edit custom page,Uredi prilagođenu stranicu,
settings_extra_effect_glow,,Glow,Sjaj,
settings_extra_effect_group_alerts,,Sensors and alarms,Senzori i alarmi,
settings_extra_effect_group_climate,,Climate and humidity,Klima i vlaga,
settings_extra_effect_group_fans,,Fans and vacuums,Ventilatori i usisavači,
settings_extra_effect_group_lights,,Lights and switches,Svjetla i prekidači,
settings_extra_effect_group_media,,Media players,Media playeri,
settings_extra_effect_group_other,,Everything else,Sve ostalo,
settings_extra_effect_none,,None,Nijedan,
settings_extra_effect_pulse,,Pulse,Puls,
settings_extra_effect_spin,,Spin,Spin,
settings_extra_empty_dashboard_created,,An empty dashboard was created.,Stvorena je prazna nadzorna ploča.,
settings_extra_font_atkinson,,Atkinson Hyperlegible,Atkinsonova hiperčitljivost,
settings_extra_font_bree_serif,,Bree Serif,Bree Serif,
settings_extra_font_comfortaa,,Comfortaa,Comfortaa,
settings_extra_font_cursive,,Cursive,Rukopisni,
settings_extra_font_default,,Default,Zadano,
settings_extra_font_monospace,,Monospace,Monospace,
settings_extra_font_nunito,,Nunito,Nunito,
settings_extra_font_patrick_hand,,Patrick Hand,Patrick Hand,
settings_extra_font_sans_serif,,Sans serif,Sans serif,
settings_extra_font_serif,,Serif,Serif,
settings_extra_font_space_grotesk,,Space Grotesk,Prostor Grotesk,
settings_extra_ha_backup_created,,Home Assistant backup created.,Home Assistant sigurnosna kopija stvorena.,don't translate Home Assistant
settings_extra_ha_backup_enabled,,Home Assistant backup enabled.,Home Assistant sigurnosno kopiranje omogućeno.,don't translate Home Assistant
settings_extra_ha_backup_failed,,Home Assistant backup failed. Is the HKI 7 Cloud component reachable?,Sigurnosno kopiranje Home Assistant nije uspjelo. Je li komponenta HKI 7 Cloud dostupna?,"don't translate HKI 7 Cloud, Home Assistant"
settings_extra_ha_backups_load_failed,,Could not load Home Assistant backups: %1$s,Nije moguće učitati sigurnosne kopije Home Assistant: %1$s,app fills in %1$s — keep them; don't translate Home Assistant
settings_extra_hide_tab,,Hide tab,Sakrij karticu,
settings_extra_hki_cloud_step_add_integration,,"Go to Settings → Devices & Services → Add Integration, choose “HKI 7 Cloud,” and confirm.","Idite na Postavke → Uređaji i usluge → Dodaj integraciju, odaberite “HKI 7 Cloud” i potvrdite.",don't translate HKI 7 Cloud
settings_extra_hki_cloud_step_add_repository,,"Paste %1$s, choose the “Integration” category, and add it.","Zalijepite %1$s, odaberite kategoriju ""Integracija"" i dodajte je.",app fills in %1$s — keep them
settings_extra_hki_cloud_step_install,,"Open the new “HKI 7 Cloud” entry, install it, and restart Home Assistant.","Otvorite novi unos “HKI 7 Cloud”, instalirajte ga i ponovno pokrenite Home Assistant.","don't translate HKI 7 Cloud, Home Assistant"
settings_extra_hki_cloud_step_open_custom_repositories,,"In Home Assistant, open HACS → the ⋮ menu in the top-right → Custom repositories.",U Home Assistant otvorite HACS → izbornik ⋮ u gornjem desnom kutu → Prilagođena spremišta.,don't translate Home Assistant
settings_extra_hki_cloud_step_reopen,,Reopen this screen. The features will appear automatically.,Ponovno otvori ovaj zaslon. Značajke će se pojaviti automatski.,
settings_extra_hki_cloud_version,,HKI 7 Cloud v%1$s installed,HKI 7 Cloud v%1$s instaliran,app fills in %1$s — keep them; don't translate HKI 7 Cloud
settings_extra_hki_cloud_version_unknown,,HKI 7 Cloud installed (update to see its version),HKI 7 Cloud instaliran (ažurirajte da vidite njegovu verziju),don't translate HKI 7 Cloud
settings_extra_hki_cloud_update_to_unlock,,Update to unlock:,Ažurirajte za otključavanje:,
settings_extra_hki_cloud_feature_requires,,%1$s (needs v%2$s+),%1$s (potrebno je v%2$s+),app fills in %1$s %2$s — keep them
settings_extra_hki_cloud_feature_reimport,,Manually re-importing or clearing dashboard view data,Ručni ponovni uvoz ili brisanje podataka prikaza nadzorne ploče,
settings_extra_hki_cloud_feature_search_lists,,Per-person Visible/Invisible global search lists,Vidljivi/nevidljivi globalni popisi pretraživanja po osobi,
settings_extra_hki_cloud_feature_room_follow,,Room following,Praćenje sobe,
settings_extra_hki_cloud_feature_room_follow_launch_only,,"Room following: only place someone on launch, without tracking further moves","Praćenje sobe: samo postavite nekoga na lansiranje, bez praćenja daljnjih poteza",
settings_extra_hki_cloud_feature_devices,,Seeing which HKI version each family device runs,Vidjeti koju HKI verziju pokreće svaki obiteljski uređaj,
settings_extra_hki_cloud_feature_required_version,,Requiring the family to update to a given HKI version,Zahtijevanje da se obitelj ažurira na danu HKI verziju,
settings_extra_hki_cloud_feature_events,,"The event timeline, and hiding parts of it from individual people",Vremenska traka događaja i skrivanje njezinih dijelova od pojedinih ljudi,
settings_extra_hki_cloud_tab_requires,,"Needs HKI 7 Cloud v%1$s or newer. Update the component in HACS — until then, what you set here won't take effect.",Potreban je HKI 7 Cloud v%1$s ili noviji. Ažurirajte komponentu u HACS-u — do tada ono što ovdje postavite neće stupiti na snagu.,app fills in %1$s — keep them; don't translate HKI 7 Cloud
settings_extra_location_allowed_always,,Allowed all the time,Dopušteno cijelo vrijeme,
settings_extra_location_allowed_foreground,,Allowed only while using the app,Dopušteno samo tijekom korištenja aplikacije,
settings_extra_location_not_allowed,,Not allowed,Nije dopušteno,
language_search_placeholder,,Search languages,Traži jezike,
language_search_no_matches,,No language matches “%1$s”,Nijedan jezik ne odgovara “%1$s”,app fills in %1$s — keep them
settings_extra_language_dutch,,Nederlands,nizozemski,
settings_extra_language_english,,English,engleski,
settings_extra_language_french,,Français,Français,
settings_extra_language_german,,Deutsch,Deutsch,
settings_extra_language_italian,,Italiano,talijanski,
settings_extra_language_spanish,,Español,španjolski,
settings_extra_language_turkish,,Türkçe,turski,
settings_extra_language_portuguese,,Português,português,
settings_extra_language_portuguese_brazil,,Português (Brasil),português (Brazil),
settings_extra_language_spanish_latam,,Español (Latinoamérica),Španjolski (Latinoamerika),
settings_extra_language_japanese,,日本語,日本語,
settings_extra_language_korean,,한국어,한국어,
settings_extra_language_chinese_simplified,,中文（简体）,中文（简体）,
settings_extra_language_chinese_traditional,,中文（繁體）,中文（繁體）,
settings_extra_no_drive_backups,,No Google Drive backups were found.,Nisu pronađene sigurnosne kopije Google Drive.,don't translate Google Drive
settings_extra_no_ha_backups,,No Home Assistant backups were found. Is the HKI 7 Cloud component installed?,Nisu pronađene sigurnosne kopije Home Assistant. Je li instalirana komponenta HKI 7 Cloud?,"don't translate HKI 7 Cloud, Home Assistant"
settings_extra_notifications_multi_home_required,,Required while multiple homes receive notifications. Manage each home under Connection.,Obavezno dok više domova prima obavijesti. Upravljajte svakim domom pod Connection.,
settings_extra_notifications_persistent_connection,,Keeps a persistent connection to Home Assistant while the app is closed. This uses more battery.,Održava stalnu vezu s Home Assistant dok je aplikacija zatvorena. Ovo troši više baterije.,don't translate Home Assistant
settings_extra_paypal_logo,,PayPal logo,PayPal logo,
settings_extra_policy_update_failed,,Could not update the policy.,Nije moguće ažurirati pravilo.,
settings_extra_policy_needs_component_update,,Permissions saved. Update HKI 7 Cloud to also store the Visible and Invisible lists.,Dopuštenja su spremljena. Ažurirajte HKI 7 Cloud za pohranjivanje popisa vidljivih i nevidljivih.,don't translate HKI 7 Cloud
settings_extra_policy_needs_component_update_room_follow,,Permissions saved. Update HKI 7 Cloud to also store the room following settings.,Dopuštenja su spremljena. Ažurirajte HKI 7 Cloud da također pohranite sljedeće postavke sobe.,don't translate HKI 7 Cloud
settings_extra_policy_needs_component_update_events,,"Permissions saved, but this HKI 7 Cloud is too old to hide events from this person — they would see the whole timeline. Update it to apply the restriction.","Dopuštenja su spremljena, ali ovaj HKI 7 Cloud je prestar da bi sakrio događaje od ove osobe - vidjela bi cijelu vremensku traku. Ažurirajte ga da biste primijenili ograničenje.",don't translate HKI 7 Cloud
settings_extra_tab_presence,,Presence,Prisutnost,
settings_extra_tab_events,,Events,Događaji,
settings_extra_events_title,,Event timeline,Vremenska traka događaja,
settings_extra_events_description,,"Choose which entities the family sees recent activity for, in the Events tab of the notification drawer. Set once here rather than on each phone. This hides the timeline, not the entities — anyone signed in to Home Assistant can still read them there.","Na kartici Događaji u ladici obavijesti odaberite za koje će entitete obitelj vidjeti nedavne aktivnosti. Postavite jednom ovdje umjesto na svakom telefonu. Time se skriva vremenska traka, a ne entiteti — svatko tko je prijavljen na Home Assistant još uvijek ih tamo može pročitati.",don't translate Home Assistant
settings_extra_events_loading,,Loading the roster…,Učitavanje popisa…,
settings_extra_events_unavailable,,Could not read the roster from HKI 7 Cloud.,Nije moguće pročitati popis iz HKI 7 Cloud.,don't translate HKI 7 Cloud
settings_extra_events_empty,,No entities are being tracked yet.,Još se ne prate nijedan entitet.,
settings_extra_events_choose,,Choose entities,Odaberite entitete,
settings_extra_events_edit,,Edit entities,Uređivanje entiteta,
settings_extra_events_pick_title,,Entities to show events for,Entiteti za koje se prikazuju događaji,
settings_extra_events_save_failed,,Could not save the event roster.,Nije moguće spremiti popis događaja.,
settings_extra_events_capped,,Saved %1$d entities and %2$d domains. The timeline roster is capped.,Spremljeno %1$d entiteta i %2$d domena. Popis vremenske trake je ograničen.,app fills in %1$d %2$d — keep them
settings_extra_events_whole_domain,,All %1$s (%2$d entities),Svi %1$s (%2$d entiteta),app fills in %1$s %2$d — keep them
settings_extra_events_resolved_capped,,"This roster covers %2$d entities, but a timeline subscribes to at most %1$d. Remove a domain, or add entities by name instead.","Ovaj popis pokriva %2$d entiteta, ali vremenska linija pretplaćuje se na najviše %1$d. Uklonite domenu ili dodajte entitete po nazivu.",app fills in %2$d %1$d — keep them
settings_extra_events_per_person_title,,Who sees what,Tko što vidi,
settings_extra_events_per_person_description,,Everyone sees the whole timeline unless you take something out of it for them.,Svatko vidi cijelu vremensku traku osim ako ne izvadite nešto iz nje za njih.,
settings_extra_events_sees_everything,,Sees the whole timeline,Vidi cijelu vremensku traku,
settings_extra_events_hidden_count,,%1$d hidden,%1$d skriveno,app fills in %1$d — keep them
settings_extra_events_manage,,Manage,Upravljati,
settings_extra_events_hidden_title,,Hide from this person,Sakrij se od ove osobe,
settings_extra_events_notifications_hint,,"The Events tab in the notification drawer shows recent activity for the entities your family admin chose. It is set for the whole family in Family Sharing, not per device.","Kartica Događaji u ladici s obavijestima prikazuje nedavne aktivnosti za entitete koje je odabrao vaš obiteljski administrator. Postavlja se za cijelu obitelj u Family Sharingu, a ne po uređaju.",
settings_extra_events_open_family_sharing,,Open Family Sharing,Otvorite dijeljenje s obitelji,
settings_extra_room_follow_title,,Room following,Praćenje sobe,
settings_extra_room_follow_description,,"Pick the room-presence sensor that tracks each person's phone, such as an ESPresense sensor. The app opens the room they are in and offers to follow them as they move.","Odaberite senzor prisutnosti u prostoriji koji prati telefon svake osobe, kao što je ESPresense senzor. Aplikacija otvara sobu u kojoj se nalaze i nudi im da ih prati dok se kreću.",
settings_extra_room_follow_sensor,,Presence sensor,Senzor prisutnosti,
settings_extra_room_follow_none,,No sensor,Nema senzora,
settings_extra_room_follow_enabled,,Follow this person between rooms,Slijedite ovu osobu između soba,
settings_extra_room_follow_open_on_launch,,Open their room when the app starts,Otvorite njihovu sobu kada se aplikacija pokrene,
settings_extra_room_follow_continue_after_launch,,Keep following while the app is open,Nastavite pratiti dok je aplikacija otvorena,
settings_extra_room_follow_continue_after_launch_hint,,"Turn off to only place them in the right room when the app starts, without switching rooms again while they're using it.","Isključite da biste ih smjestili u pravu sobu samo kada se aplikacija pokrene, bez ponovnog mijenjanja sobe dok je koriste.",
settings_extra_room_follow_prompt_on_move,,Ask before switching rooms,Pitajte prije promjene sobe,
settings_extra_room_follow_dwell,,Wait before a move counts,Pričekajte prije nego što se potez računa,
settings_extra_room_follow_dwell_value,,%1$d s,%1$d s,app fills in %1$d — keep them
settings_extra_room_follow_dwell_hint,,Room-presence sensors drift between nearby rooms. A longer wait means fewer false moves.,Senzori prisutnosti u prostoriji lutaju između obližnjih prostorija. Duže čekanje znači manje lažnih poteza.,
settings_extra_room_follow_rooms,,Sensor states,Stanja senzora,
settings_extra_room_follow_rooms_matched,,Matched automatically,Uparuje se automatski,
settings_extra_room_follow_rooms_unmatched,,Pick a room,Odaberite sobu,
settings_extra_room_follow_no_states,,No states seen yet. States appear here once the sensor reports them.,Još nisu viđena stanja. Stanja se pojavljuju ovdje nakon što ih senzor prijavi.,
room_follow_moved_title,,You moved to %1$s,Preselili ste se u %1$s,app fills in %1$s — keep them
room_follow_moved_message,,"Switch to that room, or stay where you are?",Preći u tu sobu ili ostati gdje jesi?,
room_follow_moved_switch,,Switch,Prekidač,
room_follow_moved_stay,,Stay,Boravak,
room_follow_moved_silence,,Don't ask again until I restart the app,Ne pitaj više dok ponovno ne pokrenem aplikaciju,
settings_extra_rename_dashboard,,Rename %1$s,Preimenuj %1$s,app fills in %1$s — keep them
settings_extra_rename_instance,,Rename %1$s,Preimenuj %1$s,app fills in %1$s — keep them
settings_extra_restart_home_assistant_failed,,Could not restart Home Assistant.,Nije moguće ponovno pokrenuti Home Assistant.,don't translate Home Assistant
settings_extra_restore_failed,,Restore failed: %1$s,Vraćanje nije uspjelo: %1$s,app fills in %1$s — keep them
settings_extra_selected_file_open_failed,,Could not open the selected file,Nije moguće otvoriti odabranu datoteku,
settings_extra_set_dashboard_default,,Set %1$s as the default dashboard,Postavite %1$s kao zadanu nadzornu ploču,app fills in %1$s — keep them
settings_extra_family_device_forget_failed,,Could not forget “%1$s.”,"Nisam mogao zaboraviti ""%1$s.""",app fills in %1$s — keep them
settings_extra_shared_dashboard_access_failed,,Could not change who can see “%1$s.”,Nije moguće promijeniti tko može vidjeti “%1$s.”,app fills in %1$s — keep them
settings_extra_shared_dashboard_access_updated,,Updated who can see “%1$s.”,Ažurirano tko može vidjeti “%1$s.”,app fills in %1$s — keep them
settings_extra_shared_dashboard_delete_failed,,Could not delete “%1$s.”,Nije moguće izbrisati “%1$s.”,app fills in %1$s — keep them
settings_extra_shared_dashboard_deleted,,“%1$s” was deleted from the cloud.,“%1$s” je izbrisan iz oblaka.,app fills in %1$s — keep them
settings_extra_shared_dashboard_import_failed,,Could not import “%1$s.”,Nije moguće uvesti “%1$s.”,app fills in %1$s — keep them
settings_extra_shared_dashboard_imported,,“%1$s” was imported into your dashboards.,“%1$s” je uvezen u vaše nadzorne ploče.,app fills in %1$s — keep them
settings_extra_shared_dashboard_now_using,,Now using “%1$s.”,Sada se koristi “%1$s.”,app fills in %1$s — keep them
settings_extra_shared_dashboard_use_failed,,Could not use “%1$s.”,"Nije moguće koristiti ""%1$s.""",app fills in %1$s — keep them
settings_extra_shared_dashboards_up_to_date,,Shared dashboards are already up to date.,Zajedničke nadzorne ploče već su ažurirane.,
settings_extra_show_tab,,Show tab,Prikaži karticu,
settings_extra_tab_dashboards,,Dashboards,Nadzorne ploče,
settings_extra_tab_devices,,Devices,Uređaji,
settings_extra_tab_parental_controls,,Parental controls,Roditeljski nadzor,
settings_extra_tab_permissions,,Permissions,Dozvole,
settings_extra_technology_kotlin,,Kotlin,Kotlin,
settings_extra_technology_xml_kotlin_dsl,,XML and Kotlin DSL,XML i Kotlin DSL,
settings_extra_theme_amber,,Amber,Jantar,
settings_extra_theme_auto,,Auto,Auto,
settings_extra_theme_blue,,Blue,Plava,
settings_extra_theme_custom,,Custom,Običaj,
settings_extra_theme_dark,,Dark,tamno,
settings_extra_theme_green,,Green,zelena,
settings_extra_theme_light,,Light,Svjetlo,
settings_extra_theme_rose,,Rose,Ruža,
settings_extra_theme_system,,System,sustav,
settings_extra_unknown_error,,Unknown error,Nepoznata greška,
settings_extra_unrestricted_recommended,,Unrestricted (recommended),Neograničeno (preporučeno),
settings_extra_view_battery,,Battery,Baterija,
settings_extra_view_climate,,Climate,Klima,
settings_extra_view_energy,,Energy,energija,
settings_extra_view_rooms,,Rooms,Sobe,
settings_extra_view_security,,Security,Sigurnost,
settings_extra_minutes_ago,one,%1$d minute ago,prije %1$d minute,app fills in %1$d — keep them
settings_extra_minutes_ago,other,%1$d minutes ago,prije %1$d minuta,app fills in %1$d — keep them
settings_extra_minutes_ago,few,,prije %1$d minuta,
settings_extra_hours_ago,one,%1$d hour ago,prije %1$d sat,app fills in %1$d — keep them
settings_extra_hours_ago,other,%1$d hours ago,prije %1$d sati,app fills in %1$d — keep them
settings_extra_hours_ago,few,,prije %1$d sati,
settings_extra_days_ago,one,%1$d day ago,prije %1$d dan,app fills in %1$d — keep them
settings_extra_days_ago,other,%1$d days ago,prije %1$d dana,app fills in %1$d — keep them
settings_extra_days_ago,few,,prije %1$d dana,
settings_extra_shared_dashboards_pushed,one,Pushed changes to %1$d shared dashboard.,Unesene promjene na %1$d dijeljenu nadzornu ploču.,app fills in %1$d — keep them
settings_extra_shared_dashboards_pushed,other,Pushed changes to %1$d shared dashboards.,Unesene promjene na %1$d dijeljenih nadzornih ploča.,app fills in %1$d — keep them
settings_extra_shared_dashboards_pushed,few,,Unesene promjene na %1$d dijeljenih nadzornih ploča.,
family_permission_reimport,,Allow re-importing,Dopusti ponovni uvoz,
family_permission_reimport_subtitle,,"Let this person manually re-import or clear Rooms, Climate, Security, Energy, and Battery data","Neka ova osoba ručno ponovno uveze ili izbriše podatke o sobama, klimi, sigurnosti, energiji i bateriji",
family_dashboard_create_disabled_reason,,Your family administrator has disabled dashboard creation. This account can only use family-shared dashboards.,Administrator vaše obitelji onemogućio je izradu nadzorne ploče. Ovaj račun može koristiti samo nadzorne ploče koje dijeli obitelj.,
family_dashboard_restore_disabled_reason,,"Your family administrator has disabled dashboard switching. Restoring a backup could replace the family dashboard, so this account can only select a shared dashboard.","Administrator vaše obitelji onemogućio je promjenu nadzorne ploče. Vraćanje sigurnosne kopije moglo bi zamijeniti obiteljsku nadzornu ploču, tako da ovaj račun može odabrati samo zajedničku nadzornu ploču.",
family_settings_admin_only,,Locked — only a Home Assistant administrator can manage family sharing,Zaključano — samo Home Assistant administrator može upravljati dijeljenjem s obitelji,don't translate Home Assistant
family_aesthetics_only_explanation,,"Aesthetics-only access allows local names, icons, colors, backgrounds, card styles, shapes, sizes, and layout. Entities, actions, visibility rules, content, controls, and other behavior remain managed by the dashboard owner.","Pristup samo za estetiku omogućuje lokalne nazive, ikone, boje, pozadine, stilove kartica, oblike, veličine i izgled. Entitetima, radnjama, pravilima vidljivosti, sadržajem, kontrolama i drugim ponašanjem i dalje upravlja vlasnik nadzorne ploče.",
parental_search_access_title,,Entity search access,Pristup pretrazi entiteta,
parental_search_access_hint,,Choose which Home Assistant domains or individual entities this person can find in global search. Invisible selections always take precedence.,Odaberite koje Home Assistant domene ili pojedinačne entitete ova osoba može pronaći u globalnom pretraživanju. Nevidljivi odabiri uvijek imaju prednost.,don't translate Home Assistant
parental_search_visible_title,,Visible,Vidljivo,
parental_search_invisible_title,,Invisible,Nevidljivi,
parental_search_visible_empty,,All entities are visible unless they appear in the Invisible list.,Svi entiteti su vidljivi osim ako se ne pojave na popisu Nevidljivi.,
parental_search_invisible_empty,,No entities are explicitly hidden.,Nijedan entitet nije eksplicitno skriven.,
parental_search_picker_subtitle,,Select entire domains or individual entities,Odaberite cijele domene ili pojedinačne entitete,
parental_search_domains,,Domains,Domene,
parental_search_entire_domain,,Entire domain,Cijela domena,
parental_search_domain_chip,,Domain: %1$s,Domena: %1$s,app fills in %1$s — keep them
ha_page_category,,Home Assistant,Home Assistant,don't translate Home Assistant
ha_page_category_subtitle,,Open your server's own pages without leaving HKI 7,Otvorite stranice svog poslužitelja bez napuštanja HKI 7,don't translate HKI 7
ha_page_settings,,Home Assistant settings,Home Assistant postavke,don't translate Home Assistant
ha_page_settings_subtitle,,"Integrations, devices, areas and automations","Integracije, uređaji, područja i automatizacija",
ha_page_dev_tools,,Developer tools,Alati za programere,
ha_page_dev_tools_subtitle,,"States, services, templates and events","Stanja, usluge, predlošci i događaji",
ha_page_hacs,,HACS,HACS,
ha_page_hacs_subtitle,,Community integrations and frontend add-ons,Integracije zajednice i sučelja dodaci,
ha_page_no_server,,Connect to a Home Assistant server first.,Prvo se povežite s poslužiteljem Home Assistant.,don't translate Home Assistant
ha_page_reload,,Reload,Ponovno učitaj,
ha_page_open_browser,,Open in browser,Otvori u pregledniku,
ha_page_session_failed,,Could not start the embedded Home Assistant session. Reload the page or open it in your browser.,Nije moguće pokrenuti ugrađenu Home Assistant sesiju. Ponovno učitajte stranicu ili je otvorite u pregledniku.,don't translate Home Assistant
update_channel_name,,App updates,Ažuriranja aplikacije,
update_channel_description,,Tells you when a newer version of HKI 7 has been released,Obavještava vas kada je objavljena novija verzija HKI 7,don't translate HKI 7
update_available_title,,HKI 7 %1$s is available,HKI 7 %1$s je dostupan,app fills in %1$s — keep them; don't translate HKI 7
update_available_body,,Tap to see what changed and update,Dodirnite da biste vidjeli što se promijenilo i ažurirali,
update_title,,App updates,Ažuriranja aplikacije,
update_subtitle_checking,,Checking for a newer version…,Traženje novije verzije…,
update_subtitle_current,,You are on the latest version,Nalazite se na najnovijoj verziji,
update_subtitle_available,,Version %1$s is available,Dostupna je verzija %1$s,app fills in %1$s — keep them
update_check_now,,Check for updates,Provjerite ima li ažuriranja,
update_now,,Update now,Ažurirajte sada,
update_see_changes,,See what changed,Pogledajte što se promijenilo,
update_watch_releases,,Tell me about new releases,Pričaj mi o novim izdanjima,
update_watch_releases_subtitle,,Checks GitHub once a day and notifies you when a newer version is published,Provjerava GitHub jednom dnevno i obavještava vas kada se objavi novija verzija,
uif_a_state,,a state,država,
uif_a_time,,a time,vrijeme,
uif_actions,,Actions,Radnje,
uif_active,,Active,Aktivan,
uif_adaptive,,Adaptive,Prilagodljiv,
uif_advanced,,Advanced,Napredno,
uif_air_quality,,Air quality,Kvaliteta zraka,
uif_alarm,,Alarm,Alarm,
uif_alarms,,Alarms,Alarmi,
uif_allow,,Allow,Dopusti,
uif_allow_all_the_time,,Allow all the time,Dopustite cijelo vrijeme,
uif_and_separator,,\u0020and\u0020,\\u0020i\\u0020,
uif_appearance,,Appearance,Izgled,
uif_aqi,,AQI,AQI,
uif_auto,,Auto,Auto,
uif_back,,Back,Nazad,
uif_beep,,Beep,Bip,
uif_brightness,,Brightness,Svjetlina,
uif_bucket,,Bucket,Kanta,
uif_choose_action,,Choose action,Odaberite akciju,
uif_choose_entity,,Choose entity,Odaberite entitet,
uif_choose_target,,Choose target,Odaberite cilj,
uif_circle,,Circle,Krug,
uif_color,,Color,Boja,
uif_date,,Date,Datum,
uif_date_and_time,,Date and time,Datum i vrijeme,
uif_defrost,,Defrost,Odmrzavanje,
uif_devices_on,,Devices on,Uređaji uključeni,
uif_direction_east_short,,E,E,
uif_direction_north_short,,N,N,
uif_direction_northeast_short,,NE,NE,
uif_direction_northwest_short,,NW,NW,
uif_direction_south_short,,S,S,
uif_direction_southeast_short,,SE,SE,
uif_direction_southwest_short,,SW,SW,
uif_direction_west_short,,W,W,
uif_display,,Display,Prikaz,
uif_edit,,Edit,Uredi,
uif_enable,,Enable,Omogućiti,
uif_enable_location,,Enable location,Omogući lokaciju,
uif_enabled,,Enabled,Omogućeno,
uif_entities,,Entities,Entiteti,
uif_error,,Error,Greška,
uif_fan_speed,,Fan speed,Brzina ventilatora,
uif_feels_like_temperature,,Feels like %1$d°,Osjećaj je %1$d°,app fills in %1$d — keep them
uif_filter,,Filter,Filter,
uif_fire,,Fire,Vatra,
uif_flow_actions_available,,Actions available in Home Assistant,Radnje dostupne u Home Assistant,don't translate Home Assistant
uif_flow_actions_load_failed,,Could not load Home Assistant actions,Nije moguće učitati radnje Home Assistant,don't translate Home Assistant
uif_flow_advanced_block_unchanged,,Advanced block (kept unchanged),Napredni blok (zadržano nepromijenjeno),
uif_flow_after_format,,After (HH:MM:SS),Nakon (HH:MM:SS),
uif_flow_after_time,,after %1$s,nakon %1$s,app fills in %1$s — keep them
uif_flow_at_time,,At %1$s,U %1$s,app fills in %1$s — keep them
uif_flow_automation_delete_failed,,Could not delete this automation,Nije moguće izbrisati ovu automatizaciju,
uif_flow_automation_deleted,,Deleted from Home Assistant,Izbrisano iz Home Assistant,don't translate Home Assistant
uif_flow_automation_load_failed,,Could not load this automation,Nije moguće učitati ovu automatizaciju,
uif_flow_automation_save_failed,,Could not save this automation,Nije moguće spremiti ovu automatizaciju,
uif_flow_automation_saved,,Saved and loaded in Home Assistant,Spremljeno i učitano u Home Assistant,don't translate Home Assistant
uif_flow_before_format,,Before (HH:MM:SS),Prije (HH:MM:SS),
uif_flow_before_time,,before %1$s,prije %1$s,app fills in %1$s — keep them
uif_flow_domain_actions_first,,%1$s actions are shown first,Prvo se prikazuju radnje %1$s,app fills in %1$s — keep them
uif_flow_entity_becomes_state,,%1$s becomes %2$s,%1$s postaje %2$s,app fills in %1$s %2$s — keep them
uif_flow_entity_is_state,,%1$s is %2$s,%1$s je %2$s,app fills in %1$s %2$s — keep them
uif_flow_entity_state,,Entity state,Država entiteta,
uif_flow_ha_action,,Home Assistant action,Home Assistant akcija,don't translate Home Assistant
uif_flow_mode_parallel,,Parallel,Paralelno,
uif_flow_mode_parallel_description,,Start every trigger as a separate run at the same time.,Pokrenite svaki okidač kao zasebno pokretanje u isto vrijeme.,
uif_flow_mode_queued,,Queued,U redu čekanja,
uif_flow_mode_queued_description,,"Wait, then run each trigger in the order it arrived.","Pričekajte, a zatim pokrenite svaki okidač redoslijedom kojim je stigao.",
uif_flow_mode_restart,,Restart,Ponovno pokretanje,
uif_flow_mode_restart_description,,Stop the current run and start again when conditions still pass.,Zaustavite trenutni rad i počnite ponovno kada uvjeti još prođu.,
uif_flow_mode_single,,Single,Singl,
uif_flow_mode_single_description,,Ignore a new trigger while this flow is still running.,Zanemarite novi okidač dok ovaj tijek još traje.,
uif_flow_perform_ha_action,,Perform a Home Assistant action,Izvršite radnju Home Assistant,don't translate Home Assistant
uif_flow_section_and_if,,And if,I ako,
uif_flow_section_then,,Then,Zatim,
uif_flow_section_when,,When,Kada,
uif_flow_sun_event,,Sun event,Sunčev događaj,
uif_flow_sunrise_or_sunset,,Sunrise or sunset,Izlazak ili zalazak sunca,
uif_flow_time_format,,Time (HH:MM:SS),Vrijeme (HH:MM:SS),
uif_flow_time_window,,Time window,Vremenski prozor,
uif_flow_group_any,,Any of these,Bilo koji od ovih,
uif_flow_group_all,,All of these,Sve ove,
uif_flow_group_none,,None of these,Ništa od ovoga,
uif_flow_group_empty,,Empty — open it to add conditions,Prazno — otvorite ga za dodavanje uvjeta,
uif_flow_group_open,,Open group,Otvorena grupa,
uif_flow_group_back,,Back,Nazad,
uif_flow_group_count,one,%1$d condition inside,%1$d stanje unutra,app fills in %1$d — keep them
uif_flow_group_count,other,%1$d conditions inside,%1$d uvjeti unutra,app fills in %1$d — keep them
uif_flow_group_count,few,,%1$d uvjeti unutra,
uif_flow_within_time_window,,Within a time window,Unutar vremenskog prozora,
uif_full,,Full,puna,
uif_gas,,Gas,Plin,
uif_glow,,Glow,Sjaj,
uif_half,,Half,Pola,
uif_header_pill,,Header pill,Pilula za glavu,
uif_hold,,Hold,Stani,
uif_humidity,,Humidity,Vlažnost,
uif_ionizer,,Ionizer,Ionizator,
uif_lights_on,,Lights on,Svjetla uključena,
uif_local_network_access,,Local network access,Pristup lokalnoj mreži,
uif_local_network_access_description,,Allows HKI 7 to find and connect directly to Home Assistant on your Wi-Fi network.,Omogućuje HKI 7 pronalaženje i izravno povezivanje s Home Assistant na vašoj Wi-Fi mreži.,"don't translate Home Assistant, HKI 7"
uif_mode_auto,,Auto,Auto,
uif_mode_away,,Away,Daleko,
uif_mode_baby,,Baby,Dijete,
uif_mode_boost,,Boost,pojačati,
uif_mode_clothes,,Clothes,Odjeća,
uif_mode_comfort,,Comfort,Udobnost,
uif_mode_continuous,,Continuous,Stalan,
uif_mode_dry,,Dry,Suha,
uif_mode_eco,,Eco,Eko,
uif_mode_high,,High,visoko,
uif_mode_home,,Home,Dom,
uif_mode_laundry,,Laundry,Praonica,
uif_mode_low,,Low,Niska,
uif_mode_manual,,Manual,Priručnik,
uif_mode_medium,,Medium,srednje,
uif_mode_normal,,Normal,Normalan,
uif_mode_purify,,Purify,Pročistiti,
uif_mode_quiet,,Quiet,Miran,
uif_mode_sleep,,Sleep,Spavati,
uif_moon,,Moon,Mjesec,
uif_moon_phase_first_quarter,,First quarter,Prva četvrtina,
uif_moon_phase_full,,Full moon,Pun mjesec,
uif_moon_phase_last_quarter,,Last quarter,Zadnja četvrtina,
uif_moon_phase_new,,New moon,Mladi mjesec,
uif_moon_phase_waning_crescent,,Waning crescent,Opadajući polumjesec,
uif_moon_phase_waning_gibbous,,Waning gibbous,Opadajući gibbous,
uif_moon_phase_waxing_crescent,,Waxing crescent,Rastući polumjesec,
uif_moon_phase_waxing_gibbous,,Waxing gibbous,Voštanje gluposti,
uif_motion,,Motion,Prijedlog,
uif_mute,,Mute,Isključi zvuk,
uif_next,,Next,Sljedeći,
uif_none,,None,Nijedan,
uif_off,,Off,Isključeno,
uif_onboarding_add_in_edit_mode,,Add everything yourself in Edit mode,Dodajte sve sami u načinu uređivanja,
uif_onboarding_add_internal_url_later,,"For a faster direct connection at home, you can add an internal URL and your home Wi-Fi networks later in Settings > Connection.",Za bržu izravnu vezu kod kuće možete dodati interni URL i svoje kućne Wi-Fi mreže kasnije u Postavke > Veza.,
uif_onboarding_add_remote_url_later,,"To connect while you're away from home, add a Nabu Casa or external URL later in Settings > Connection.","Za povezivanje dok niste kod kuće, dodajte Nabu Casa ili vanjski URL kasnije u Postavke > Veza.",don't translate Nabu Casa
uif_onboarding_auto_entities,,"Finds suitable Climate, Security, Energy and Battery entities","Pronalazi odgovarajuće entitete za klimu, sigurnost, energiju i bateriju",
uif_onboarding_auto_generate,,Auto generate,Automatski generiraj,
uif_onboarding_auto_rooms_floors,,Creates rooms and floors from Home Assistant areas,Stvara sobe i podove od Home Assistant područja,don't translate Home Assistant
uif_onboarding_building_dashboard,,Building dashboard…,Izrada nadzorne ploče…,
uif_onboarding_connection_failed,,Connection failed,Povezivanje nije uspjelo,
uif_onboarding_everything_editable,,Everything can be changed afterward in Edit mode,Sve se kasnije može promijeniti u modu za uređivanje,
uif_onboarding_external_access_explanation,,HKI 7 can reach your smart home both at home and while you're away through the external URL you entered.,HKI 7 može doći do vašeg pametnog doma i kod kuće i dok ste odsutni putem vanjskog URL-a koji ste unijeli.,don't translate HKI 7
uif_onboarding_local_access_explanation,,Your smart home is currently available to HKI 7 only while this device can reach your local Home Assistant network.,Vaš pametni dom trenutačno je dostupan HKI 7 samo dok ovaj uređaj može doseći vašu lokalnu Home Assistant mrežu.,"don't translate Home Assistant, HKI 7"
uif_onboarding_login_failed,,Login failed: %1$s,Prijava nije uspjela: %1$s,app fills in %1$s — keep them
uif_onboarding_nabu_casa_access_explanation,,HKI 7 can reach your smart home both at home and while you're away through your Nabu Casa URL.,HKI 7 može doći do vašeg pametnog doma i kod kuće i dok ste odsutni putem vašeg Nabu Casa URL-a.,"don't translate Nabu Casa, HKI 7"
uif_onboarding_no_authorization_code,,Login failed: Home Assistant returned no authorization code.,Prijava nije uspjela: Home Assistant nije vratio autorizacijski kod.,don't translate Home Assistant
uif_onboarding_preparing_dashboard,,Preparing dashboard…,Priprema nadzorne ploče…,
uif_onboarding_server_http_error,,The server answered with HTTP %1$d,Poslužitelj je odgovorio s HTTP %1$d,app fills in %1$d — keep them
uif_onboarding_shared_import_failed,,Could not import “%1$s”. Try again.,Nije moguće uvesti “%1$s”. Pokušajte ponovno.,app fills in %1$s — keep them
uif_onboarding_start_empty,,Start empty,Početak prazan,
uif_onboarding_starts_empty,,"Starts without imported rooms, widgets or view entities","Počinje bez uvezenih soba, widgeta ili entiteta prikaza",
uif_open,,Open,Otvoriti,
uif_open_doors,,Open doors,Otvorena vrata,
uif_open_settings,,Open settings,Otvori postavke,
uif_open_windows,,Open windows,Otvoreni prozori,
uif_of_enabled,,%1$d of %2$d enabled,%1$d od %2$d omogućeno,app fills in %1$d %2$d — keep them
uif_pause,,Pause,Pauza,
uif_percentage,,Percentage,Postotak,
uif_permissions_can_be_changed_later,,You can change these permissions later in Android Settings.,Ta dopuštenja možete promijeniti kasnije u postavkama Androida.,
uif_pick_to_auto_fill,,Pick to auto-fill,Odaberite za automatsko popunjavanje,
uif_pill,,Pill,Pilula,
uif_play,,Play,Igrati,
uif_playlists,,Playlists,Popisi pjesama,
uif_pm25,,PM2.5,"PM2,5",
uif_presence,,Presence,Prisutnost,
uif_pressure,,Pressure,Pritisak,
uif_pressure_hpa,,%1$d hPa,%1$d hPa,app fills in %1$d — keep them
uif_previous,,Previous,Prethodno,
uif_pulse,,Pulse,Puls,
uif_pump,,Pump,Pumpa,
uif_rain,,Rain,Kiša,
uif_rain_map_camera,,Rain map camera,Kamera s kartom kiše,
uif_recipe_arrive_home_description,,Activate a scene when someone arrives home,Aktivirajte scenu kada netko dođe kući,
uif_recipe_arrive_home_title,,Welcome home,dobro došao kući,
uif_recipe_bedtime_description,,Turn off a light at a chosen bedtime,Ugasite svjetlo u odabrano vrijeme spavanja,
uif_recipe_bedtime_title,,Bedtime lights,Svjetla za spavanje,
uif_recipe_blank_description,,Build an automation from an empty canvas,Izgradite automatizaciju od praznog platna,
uif_recipe_blank_title,,Start empty,Početak prazan,
uif_recipe_close_covers_description,,Close a cover when the sun sets,Zatvorite poklopac kad sunce zađe,
uif_recipe_close_covers_title,,Close covers at sunset,Zatvorite poklopce pri zalasku sunca,
uif_recipe_entity_state_description,,Run an action when an entity reaches a state,Pokreni radnju kada entitet dosegne stanje,
uif_recipe_entity_state_title,,Entity changes,Promjene entiteta,
uif_recipe_leave_home_description,,Turn off a light when someone leaves home,Ugasite svjetlo kada netko izlazi iz kuće,
uif_recipe_leave_home_title,,Leaving home,Odlazeći od kuće,
uif_recipe_lock_at_night_description,,Lock a door at a chosen time,Zaključajte vrata u odabrano vrijeme,
uif_recipe_lock_at_night_title,,Lock up at night,Zaključaj noću,
uif_recipe_morning_scene_description,,Activate a scene at a chosen morning time,Aktivirajte scenu u odabrano jutarnje vrijeme,
uif_recipe_morning_scene_title,,Morning scene,Jutarnja scena,
uif_recipe_motion_lights_description,,Turn on a light when motion is detected,Uključite svjetlo kada se otkrije kretanje,
uif_recipe_motion_lights_title,,Motion lighting,Osvjetljenje pokreta,
uif_recipe_open_covers_description,,Open a cover when the sun rises,Otvori poklopac kad sunce izađe,
uif_recipe_open_covers_title,,Open covers at sunrise,Otvorite korice u izlasku sunca,
uif_recipe_schedule_description,,Run an action at a fixed time every day,Pokrenite radnju u određeno vrijeme svaki dan,
uif_recipe_schedule_title,,At a time,U jednom trenutku,
uif_recipe_sunrise_lights_off_description,,Turn off a light when the sun rises,Ugasi svjetlo kad sunce izađe,
uif_recipe_sunrise_lights_off_title,,Lights off at sunrise,Svjetla se gase u izlasku sunca,
uif_recipe_sunset_description,,Run an action at sunset,Pokrenite akciju na zalasku sunca,
uif_recipe_sunset_title,,Around sunset,Oko zalaska sunca,
uif_refresh,,Refresh,Osvježiti,
uif_remove,,Remove,Ukloniti,
uif_repeat,,Repeat,Ponoviti,
uif_run,,Run,Trčanje,
uif_season,,Season,Sezona,
uif_season_autumn,,Autumn,Jesen,
uif_season_spring,,Spring,Proljeće,
uif_season_summer,,Summer,Ljeto,
uif_season_winter,,Winter,Zimski,
uif_shuffle,,Shuffle,Promiješaj,
uif_sleep,,Sleep,Spavati,
uif_smoke,,Smoke,Dim,
uif_source,,Source,Izvor,
uif_source_device,,Source device,Izvorni uređaj,
uif_speed,,Speed,Ubrzati,
uif_speed_kmh,,%1$d km/h,%1$d km/h,app fills in %1$d — keep them
uif_spin,,Spin,Spin,
uif_state_active,,Active,Aktivan,
uif_state_away,,Away,Daleko,
uif_state_buffering,,Buffering,Spremanje u međuspremnik,
uif_state_cleaning,,Cleaning,Čišćenje,
uif_state_closed,,Closed,Zatvoreno,
uif_state_docked,,Docked,Usidren,
uif_state_error,,Error,Greška,
uif_state_home,,Home,Dom,
uif_state_idle,,Idle,besposlen,
uif_state_locked,,Locked,Zaključan,
uif_state_off,,Off,Isključeno,
uif_state_on,,On,Na,
uif_state_open,,Open,Otvoriti,
uif_state_paused,,Paused,Pauzirano,
uif_state_playing,,Playing,Igranje,
uif_state_returning,,Returning,Vraćajući se,
uif_state_standby,,Standby,Stanje pripravnosti,
uif_state_unavailable,,Unavailable,Nedostupan,
uif_state_unknown,,Unknown,Nepoznato,
uif_state_unlocked,,Unlocked,Otključan,
uif_sun,,Sun,Sunce,
uif_sunrise,,Sunrise,Izlazak sunca,
uif_sunset,,Sunset,Zalazak sunca,
uif_tank,,Tank,Tenk,
uif_tap,,Tap,Dodirnite,
uif_third,,Third,Treći,
uif_time,,Time,Vrijeme,
uif_unknown,,Unknown,Nepoznato,
uif_update_failed,,Could not update %1$s,Nije moguće ažurirati %1$s,app fills in %1$s — keep them
uif_updated,,%1$s updated,%1$s ažuriran,app fills in %1$s — keep them
uif_weather,,Weather,Vrijeme,
uif_wind,,Wind,Vjetar,
uif_active_device_count,one,%1$d active device,%1$d aktivni uređaj,app fills in %1$d — keep them
uif_active_device_count,other,%1$d active devices,%1$d aktivnih uređaja,app fills in %1$d — keep them
uif_active_device_count,few,,%1$d aktivnih uređaja,
uif_adaptive_group_paused_count,one,%1$d group light is paused for manual control.,%1$d grupno svjetlo je pauzirano za ručnu kontrolu.,app fills in %1$d — keep them
uif_adaptive_group_paused_count,other,%1$d group lights are paused for manual control.,Grupna svjetla %1$d su pauzirana za ručnu kontrolu.,app fills in %1$d — keep them
uif_adaptive_group_paused_count,few,,Grupna svjetla %1$d su pauzirana za ručnu kontrolu.,
uif_adaptive_profile_light_count,one,Controls %1$d light in this profile.,Kontrolira svjetlo %1$d u ovom profilu.,app fills in %1$d — keep them
uif_adaptive_profile_light_count,other,Controls %1$d lights in this profile.,Kontrolira %1$d svjetla u ovom profilu.,app fills in %1$d — keep them
uif_adaptive_profile_light_count,few,,Kontrolira %1$d svjetla u ovom profilu.,
uif_days_to_season,one,%1$d day to %2$s,%1$d dana do %2$s,app fills in %1$d %2$s — keep them
uif_days_to_season,other,%1$d days to %2$s,%1$d dana do %2$s,app fills in %1$d %2$s — keep them
uif_days_to_season,few,,%1$d dana do %2$s,
uif_device_on_count,one,%1$d device on,%1$d uređaj uključen,app fills in %1$d — keep them
uif_device_on_count,other,%1$d devices on,%1$d uređaja uključeno,app fills in %1$d — keep them
uif_device_on_count,few,,%1$d uređaja uključeno,
uif_fire_detector_count,one,%1$d fire detector active,%1$d detektor požara aktivan,app fills in %1$d — keep them
uif_fire_detector_count,other,%1$d fire detectors active,%1$d aktivni detektori požara,app fills in %1$d — keep them
uif_fire_detector_count,few,,%1$d aktivni detektori požara,
uif_flow_advanced_block_count,one,%1$d advanced shorthand block (kept unchanged),%1$d napredni stenografski blok (zadržano nepromijenjeno),app fills in %1$d — keep them
uif_flow_advanced_block_count,other,%1$d advanced shorthand blocks (kept unchanged),%1$d napredni stenografski blokovi (zadržano nepromijenjeno),app fills in %1$d — keep them
uif_flow_advanced_block_count,few,,%1$d napredni stenografski blokovi (zadržano nepromijenjeno),
uif_gas_detector_count,one,%1$d gas detector active,%1$d detektor plina aktivan,app fills in %1$d — keep them
uif_gas_detector_count,other,%1$d gas detectors active,%1$d aktivni detektori plina,app fills in %1$d — keep them
uif_gas_detector_count,few,,%1$d aktivni detektori plina,
uif_light_on_count,one,%1$d light on,%1$d svijetli,app fills in %1$d — keep them
uif_light_on_count,other,%1$d lights on,%1$d svijetli,app fills in %1$d — keep them
uif_light_on_count,few,,%1$d svijetli,
uif_media_item_count,one,%1$d item,%1$d stavka,app fills in %1$d — keep them
uif_media_item_count,other,%1$d items,%1$d stavke,app fills in %1$d — keep them
uif_media_item_count,few,,%1$d stavke,
uif_motion_sensor_count,one,%1$d motion sensor active,%1$d senzor pokreta aktivan,app fills in %1$d — keep them
uif_motion_sensor_count,other,%1$d motion sensors active,%1$d senzori pokreta aktivni,app fills in %1$d — keep them
uif_motion_sensor_count,few,,%1$d senzori pokreta aktivni,
uif_open_door_count,one,%1$d open door,%1$d otvorena vrata,app fills in %1$d — keep them
uif_open_door_count,other,%1$d open doors,%1$d otvorena vrata,app fills in %1$d — keep them
uif_open_door_count,few,,%1$d otvorena vrata,
uif_open_window_count,one,%1$d open window,%1$d otvoreni prozor,app fills in %1$d — keep them
uif_open_window_count,other,%1$d open windows,%1$d otvoreni prozori,app fills in %1$d — keep them
uif_open_window_count,few,,%1$d otvoreni prozori,
uif_presence_sensor_count,one,%1$d presence sensor active,%1$d senzor prisutnosti aktivan,app fills in %1$d — keep them
uif_presence_sensor_count,other,%1$d presence sensors active,%1$d aktivni senzori prisutnosti,app fills in %1$d — keep them
uif_presence_sensor_count,few,,%1$d aktivni senzori prisutnosti,
uif_smoke_detector_count,one,%1$d smoke detector active,%1$d detektor dima aktivan,app fills in %1$d — keep them
uif_smoke_detector_count,other,%1$d smoke detectors active,%1$d aktivni detektori dima,app fills in %1$d — keep them
uif_smoke_detector_count,few,,%1$d aktivni detektori dima,
weather_animate_title,,Animated weather,Animirano vrijeme,
weather_animate_description,,"Where the full-colour weather artwork plays. Turn a surface off to show its still artwork instead — the forecast strips are the ones that cost the most, since they animate a dozen icons side by side.","Gdje se vrti slika vremenskih prilika u punoj boji. Isključite površinu kako biste umjesto toga prikazali njezino nepokretno umjetničko djelo — prognozne trake su one koje koštaju najviše, budući da animiraju desetak ikona jednu do druge.",
weather_animate_applies_everywhere,,"These apply to this device everywhere weather is shown, not just to this pill. The same switches are in Settings › Appearance › Icons.","Ovo se odnosi na ovaj uređaj svugdje gdje se prikazuje vrijeme, ne samo na ovu tabletu. Isti prekidači nalaze se u Postavkama › Izgled › Ikone.",
weather_animate_pill,,Header pill,Pilula za glavu,
weather_animate_pill_description,,The small weather icon beside the dashboard title.,Mala vremenska ikona pored naslova nadzorne ploče.,
weather_animate_dialog,,Weather dialog,Dijalog vremena,
weather_animate_dialog_description,,The large icon on the current-weather card when you open the weather.,Velika ikona na kartici trenutne vremenske prognoze kada otvorite vremensku prognozu.,
weather_animate_forecast,,Forecast strips,Trake prognoze,
weather_animate_forecast_description,,"The daily and hourly rows, in the dialog and on the dashboard.","Dnevni redovi i redovi po satu, u dijaloškom okviru i na nadzornoj ploči.",
weather_animate_widget,,Weather widget,Widget za vremensku prognozu,
weather_animate_widget_description,,The weather card on the dashboard itself.,Vremenska kartica na samoj ploči s instrumentima.,
widgets_tab_content,,Content,Sadržaj,
widgets_tab_appearance,,Appearance,Izgled,
widgets_tab_data,,Data,Podaci,
widgets_tab_chart,,Chart,Grafikon,
widgets_tab_graphs,,Graphs,Grafikoni,
widgets_tab_layout,,Layout,Izgled,
widgets_tab_data_sources,,Data sources,Izvori podataka,
widgets_remove,,Remove,Ukloniti,
widgets_reimport,,Re-import,Ponovni uvoz,
widgets_unavailable,,Unavailable,Nedostupan,
widgets_today,,Today,Danas,
widgets_tomorrow,,Tomorrow,Sutra,
widgets_yesterday,,Yesterday,Jučer,
widgets_today_initial,,T,T,
widgets_iframe_title,,iFrame,iFrame,
widgets_iframe_subtitle,,Embed a web page on your dashboard,Ugradite web stranicu na nadzornu ploču,
widgets_ratio_square,,Square,Kvadrat,
widgets_ratio_wide,,Wide,Širok,
widgets_ratio_tall,,Tall,Visok,
widgets_markdown_title,,Markdown,Smanjenje,
widgets_markdown_subtitle,,Content and card appearance,Sadržaj i izgled kartice,
widgets_media_player_title,,Media player,Media player,
widgets_media_player_subtitle,,"Source, layout, and artwork","Izvor, izgled i umjetničko djelo",
widgets_stat_min,,Min,Min,
widgets_stat_average,,Avg,Prosj,
widgets_stat_max,,Max,Maks,
widgets_sensor_graph_title,,Sensor graph,Grafikon senzora,
widgets_sensor_graph_subtitle,,"Entities, chart style, and appearance","Entiteti, stil grafikona i izgled",
widgets_sensor_graph_stack_title,,Sensor graph stack,Stog senzorskog grafikona,
widgets_sensor_graph_stack_subtitle,,Grouped charts and stack layout,Grupirani grafikoni i raspored hrpe,
widgets_graph_sensor_count,one,Graph %1$d · %2$d sensor,Grafikon %1$d · %2$d senzor,app fills in %1$d %2$d — keep them
widgets_graph_sensor_count,other,Graph %1$d · %2$d sensors,Grafikon %1$d · %2$d senzora,app fills in %1$d %2$d — keep them
widgets_graph_sensor_count,few,,Grafikon %1$d · %2$d senzora,
widgets_calendar_title,,Calendar,Kalendar,
widgets_calendar_subtitle,,"Calendars, default view, and appearance","Kalendari, zadani prikaz i izgled",
widgets_calendar_agenda,,Agenda,Dnevni red,
widgets_calendar_week,,Week,Tjedan,
widgets_calendar_month,,Month,Mjesec,
widgets_calendar_no_entity,,No calendar entity available,Nijedan kalendarski entitet nije dostupan,
widgets_calendar_no_upcoming_events,,No events in the coming days,Nema događanja u narednim danima,
widgets_calendar_no_events_for,,No events for %1$s,Nema događaja za %1$s,app fills in %1$s — keep them
widgets_calendar_all_day,,All day,Cijeli dan,
widgets_calendar_time_unknown,,Time unknown,Vrijeme nepoznato,
widgets_vacuum_state_cleaning,,Cleaning,Čišćenje,
widgets_vacuum_state_docked,,Docked,Usidren,
widgets_vacuum_state_paused,,Paused,Pauzirano,
widgets_vacuum_state_error,,Error,Greška,
widgets_vacuum_state_returning,,Returning to dock,Vraćajući se na dok,
widgets_vacuum_dock,,Dock,Pristanište,
widgets_vacuum_start,,Start,Start,
widgets_vacuum_pause,,Pause,Pauza,
widgets_vacuum_stop,,Stop,Stop,
widgets_vacuum_locate,,Locate,Pronaći,
widgets_vacuum_fan_speed,,Fan speed,Brzina ventilatora,
widgets_vacuum_water_level,,Water level,Razina vode,
widgets_vacuum_map,,Vacuum map,Karta vakuuma,
widgets_vacuum_room_number,,Room %1$d,Soba %1$d,app fills in %1$d — keep them
widgets_vacuum_room_label,,Room %1$s,Soba %1$s,app fills in %1$s — keep them
widgets_vacuum_valetudo_decode_failed,,No Valetudo map data in this camera entity,Nema podataka karte Valetudo u ovom entitetu kamere,don't translate Valetudo
widgets_vacuum_valetudo_tap_hint,,Tap a room to clean it,Dodirnite sobu da je očistite,
widgets_vacuum_valetudo_unmapped,,Map this robot's segments to areas in Home Assistant to clean a room by tapping it,Mapirajte segmente ovog robota na područja u Home Assistant da biste očistili sobu tako da ga dodirnete,don't translate Home Assistant
widgets_vacuum_valetudo_cleaning,,Cleaning %1$s,Čišćenje %1$s,app fills in %1$s — keep them
widgets_waste_collection_title,,Waste collection,Skupljanje otpada,
widgets_waste_collection_subtitle,,"Sensors, calendar, and appearance","Senzori, kalendar i izgled",
widgets_waste_sensor_picture_help,,Shows the sensor’s entity_picture (falls back to the type icon when no picture is available).,Prikazuje sliku entiteta senzora (vraća se na ikonu tipa kada slika nije dostupna).,
ui_people_dialog_title,,People,Ljudi,
widgets_f1_title,,Formula 1,Formula 1,
widgets_f1_subtitle,,"Race weekend, standings, and results","Trkaći vikend, poredak i rezultati",
widgets_f1_sources_subtitle,,Read from the F1 Sensor integration,Očitajte iz integracije senzora F1,
widgets_f1_tab_next,,Next race,Sljedeća utrka,
widgets_f1_tab_calendar,,Calendar,Kalendar,
widgets_f1_tab_standings,,Standings,Poredak,
widgets_f1_tab_grid,,Grid,Mreža,
widgets_f1_tab_results,,Results,Rezultati,
widgets_f1_tab_live,,Live,Živjeti,
widgets_f1_drivers,,Drivers,Vozači,
widgets_f1_constructors,,Constructors,Konstruktori,
widgets_f1_prediction,,Prediction,Predviđanje,
widgets_f1_schedule,,Session schedule,Raspored sjednica,
widgets_f1_race_control,,Race control,Kontrola utrke,
widgets_f1_timing,,Timing,Vrijeme,
widgets_f1_round,,Round %1$s,Krug %1$s,app fills in %1$s — keep them
widgets_f1_lap_short,,Lap %1$s,Krug %1$s,app fills in %1$s — keep them
widgets_f1_lap_of,,Lap %1$d / %2$d,Krug %1$d / %2$d,app fills in %1$d %2$d — keep them
widgets_f1_wins_short,,%1$s wins,%1$s pobjeđuje,app fills in %1$s — keep them
widgets_f1_points_wins_legend,,Right-hand column shows championship points.,Desni stupac prikazuje bodove prvenstva.,
widgets_f1_prediction_now,,Now: %1$s pts,Sada: %1$s bodova,app fills in %1$s — keep them
widgets_f1_prediction_legend,,Right-hand column shows predicted final points. Needs F1TV Auth in F1 Sensor.,Desni stupac prikazuje predviđene konačne točke. Potrebna je F1TV autentifikacija u F1 senzoru.,
widgets_f1_status_pit,,In pit,U jami,
widgets_f1_status_out,,Retired,U mirovini,
widgets_f1_no_calendar,,No season schedule available yet,Još nije dostupan raspored sezone,
widgets_f1_no_grid,,No starting grid available yet,Još nije dostupan startni raspored,
widgets_f1_no_prediction,,No championship prediction available. Needs F1TV Auth in F1 Sensor.,Nema dostupnih predviđanja prvenstva. Potrebna je F1TV autentifikacija u F1 senzoru.,
widgets_f1_lights_out_in,,Lights out in %1$s,Svjetla se gase u %1$s,app fills in %1$s — keep them
widgets_f1_in_days_hours,,in %1$dd %2$dh,u %1$dd %2$dh,app fills in %1$d %2$d — keep them
widgets_f1_in_hours_minutes,,in %1$dh %2$dm,u %1$dh %2$dm,app fills in %1$d %2$d — keep them
widgets_f1_in_minutes,,in %1$dm,u %1$dm,app fills in %1$d — keep them
widgets_f1_no_upcoming,,No upcoming race,Nema nadolazeće utrke,
widgets_f1_today_at,,Today %1$s,Danas %1$s,app fills in %1$s — keep them
widgets_f1_tomorrow_at,,Tomorrow %1$s,Sutra %1$s,app fills in %1$s — keep them
widgets_f1_time_unknown,,Time to be confirmed,Vrijeme za potvrdu,
widgets_f1_sensors_used,,"This widget uses the next race, season calendar, starting grid, driver and constructor standings, last race results, weather, and — during a session — track status, session status, race control, driver positions, and current tyres. It also shows a championship prediction when F1 Sensor's optional F1TV Auth is set up. Other F1 Sensor options are not needed for it.","Ovaj widget koristi sljedeću utrku, kalendar sezone, startnu mrežu, poredak vozača i konstruktora, rezultate zadnje utrke, vremensku prognozu i — tijekom sesije — status staze, status sesije, kontrolu utrke, pozicije vozača i trenutne gume. Također prikazuje predviđanje prvenstva kada je F1 Sensor F1TV Auth postavljen po izboru. Za njega nisu potrebne druge opcije senzora F1.",
widgets_f1_no_standings,,No standings available yet,Još nema dostupnih poretka,
widgets_f1_no_results,,No race results available yet,Još nema dostupnih rezultata utrke,
widgets_f1_no_race_control,,No race control messages,Nema poruka kontrole utrke,
widgets_f1_not_found,,F1 Sensor not found,F1 senzor nije pronađen,
widgets_f1_not_found_long,,The F1 Sensor integration was not found. Install it in Home Assistant (HACS: Nicxe/f1_sensor) and its sensors are picked up automatically.,Integracija F1 senzora nije pronađena. Instalirajte ga u Home Assistant (HACS: Nicxe/f1_sensor) i njegovi se senzori automatski preuzimaju.,don't translate Home Assistant
widgets_f1_found,,Found %1$d F1 sensors.,Pronađeni %1$d F1 senzori.,app fills in %1$d — keep them
widgets_f1_default_tab,,Opening tab,Otvaranje kartice,
widgets_f1_background_help,,"With no background image the card shows the upcoming race, with the circuit outline as a faint watermark behind it.","Bez pozadinske slike, kartica prikazuje nadolazeću utrku, s obrisom staze kao slabim vodenim žigom iza nje.",
widgets_f1_session_fp1,,Practice 1,Vježbajte 1,
widgets_f1_session_fp2,,Practice 2,Vježbajte 2,
widgets_f1_session_fp3,,Practice 3,Vježbajte 3,
widgets_f1_session_sprint_quali,,Sprint qualifying,Sprint kvalifikacije,
widgets_f1_session_sprint,,Sprint,Sprint,
widgets_f1_session_qualifying,,Qualifying,Kvalifikacije,
widgets_f1_session_race,,Race,utrka,
widgets_f1_flag_green,,Track clear,Staza čista,
widgets_f1_flag_yellow,,Yellow flag,Žuta zastava,
widgets_f1_flag_red,,Red flag,Crvena zastava,
widgets_f1_flag_safety_car,,Safety car,Sigurnosni auto,
widgets_f1_flag_vsc,,Virtual safety car,Virtualni sigurnosni automobil,
widgets_f1_flag_chequered,,Chequered flag,Kockasta zastava,
widgets_f1_flag_unknown,,Not running,Ne trči,
cr_widget_f1,,Formula 1,Formula 1,
cr_widget_f1_description,,"Race weekend, standings, and results","Trkaći vikend, poredak i rezultati",
widgets_todo_title,,To-Do List,Popis obveza,
widgets_todo_shopping_title,,Shopping List,Popis za kupovinu,
widgets_todo_subtitle,,A shared checklist your family can add to and check off,Dijeljeni kontrolni popis kojem vaša obitelj može dodati i označiti ga,
widgets_todo_empty,,No items yet,Još nema stavki,
widgets_todo_all_done,,All done,Gotovo,
widgets_todo_remaining,,%1$d of %2$d left,%1$d od %2$d preostalo,app fills in %1$d %2$d — keep them
widgets_todo_add_placeholder,,Add an item…,Dodajte stavku…,
widgets_todo_read_only,,You don't have permission to edit this list.,Nemate dozvolu za uređivanje ovog popisa.,
widgets_todo_filter_active,,To do,učiniti,
widgets_todo_filter_all,,All,Sve,
widgets_todo_filter_done,,Done,Gotovo,
widgets_todo_clear_completed,,Clear completed,Brisanje dovršeno,
widgets_todo_completed_section,,Completed (%1$d),Završeno (%1$d),app fills in %1$d — keep them
widgets_todo_new_category,,New tab,Nova kartica,
widgets_todo_manage_categories,,Manage tabs,Upravljanje karticama,
widgets_todo_edit_item,,Edit item,Uredi stavku,
widgets_todo_item_text,,Item,Artikal,
widgets_todo_quantity,,Quantity,Količina,
widgets_todo_category,,Category,Kategorija,
widgets_todo_note,,Note,Bilješka,
widgets_todo_priority,,Priority,Prioritet,
widgets_todo_priority_low,,Low,Niska,
widgets_todo_priority_normal,,Normal,Normalan,
widgets_todo_priority_high,,High,visoko,
widgets_todo_due_date,,Due date,Datum dospijeća,
widgets_todo_clear_due_date,,Clear due date,Jasan datum dospijeća,
widgets_todo_delete_item,,Delete,Izbrisati,
widgets_todo_checked_by,,Checked by %1$s,Provjerio %1$s,app fills in %1$s — keep them
widgets_todo_added_by,,Added by %1$s,Dodao %1$s,app fills in %1$s — keep them
widgets_todo_tab_general,,General,General,
widgets_todo_tab_permissions,,Permissions,Dozvole,
widgets_todo_list_type,,List type,Vrsta popisa,
widgets_todo_type_todo,,To-do,Obaveza,
widgets_todo_type_shopping,,Shopping,Kupovina,
widgets_todo_sort_mode,,Sort order,Redoslijed sortiranja,
widgets_todo_sort_manual,,Manual,Priručnik,
widgets_todo_sort_alphabetical,,A–Z,A–Z,
widgets_todo_sort_priority,,Priority,Prioritet,
widgets_todo_sort_newest,,Newest first,Prvo najnoviji,
widgets_todo_show_completed,,Show completed items by default,Prikaži dovršene stavke prema zadanim postavkama,
widgets_todo_hero_list,,Hero list,Popis heroja,
widgets_todo_hero_list_hint,,Show this list's open items on the square card.,Prikaži otvorene stavke ovog popisa na kvadratnoj kartici.,
widgets_todo_permissions_subtitle,,"Choose who can add, check off, or remove items","Odaberite tko može dodavati, označavati ili uklanjati stavke",
widgets_todo_perm_everyone,,Everyone,svi,
widgets_todo_perm_specific,,Specific family members,Konkretni članovi obitelji,
widgets_todo_perm_admin_only,,Admins only,Samo za administratore,
widgets_todo_permissions_admin_required,,Only an admin can choose specific members,Samo administrator može odabrati određene članove,
widgets_todo_no_users_found,,No Home Assistant users found,Nisu pronađeni Home Assistant korisnici,don't translate Home Assistant
cr_widget_todo,,To-Do List,Popis obveza,
cr_widget_todo_description,,"Shared checklist or shopping list, editable by everyone, chosen members, or admins only","Zajednički kontrolni popis ili popis za kupnju, koji mogu uređivati svi, odabrani članovi ili samo administratori",
widgets_find_devices_title,,Find my devices,Pronađi moje uređaje,
widgets_find_devices_subtitle,,"Devices, map, and appearance","Uređaji, karta i izgled",
widgets_find_devices_label,,Devices,Uređaji,
widgets_find_select_devices,,Select devices,Odaberite uređaje,
widgets_find_sources_subtitle,,Trackers to show on the map,Pratioci za prikaz na karti,
widgets_find_gps_help,,Any device_tracker or person entity can be added. Those reporting GPS coordinates appear on the map; the rest are still listed with their state.,Može se dodati bilo koji device_tracker ili entitet osobe. Oni koji prijavljuju GPS koordinate pojavljuju se na karti; ostali su još uvijek navedeni sa svojim stanjem.,
widgets_find_my_devices,,My devices,Moji uređaji,
widgets_find_filter_all,,All,Sve,
widgets_find_filter_devices,,Devices,Uređaji,
widgets_find_filter_persons,,People,Ljudi,
widgets_find_showing_selected,,Showing %1$d selected,Prikaz odabranog %1$d,app fills in %1$d — keep them
widgets_find_show_all,,Show all,Prikaži sve,
widgets_find_none_in_filter,,Nothing of this kind in this widget,Ništa slično u ovom widgetu,
widgets_find_refresh,,Refresh,Osvježiti,
widgets_find_summary,,%1$d of %2$d home,%1$d od %2$d doma,app fills in %1$d %2$d — keep them
widgets_find_no_devices_selected,,No devices selected,Nema odabranih uređaja,
widgets_find_no_location,,None of these devices report a location yet,Nijedan od ovih uređaja još ne prijavljuje lokaciju,
widgets_find_no_gps,,No location,Nema lokacije,
widgets_find_state_home,,Home,Dom,
widgets_find_state_away,,Away,Daleko,
widgets_find_state_unknown,,Unknown,Nepoznato,
cr_widget_find_devices,,Find my devices,Pronađi moje uređaje,
cr_widget_find_devices_description,,"Map of your phones, tags, and trackers","Karta vaših telefona, oznaka i uređaja za praćenje",
widgets_waste_calendar_range,,Calendar range,Raspon kalendara,
widgets_waste_calendar_days,,%1$d days,%1$d dana,app fills in %1$d — keep them
widgets_waste_calendar_range_help,,"How far ahead the dialog's calendar looks. It is shown as a week grid, rounded out to whole weeks.","Koliko unaprijed izgleda kalendar dijaloškog okvira. Prikazuje se kao mreža tjedana, zaokružena na cijele tjedne.",
widgets_waste_no_collection_on,,No collection on %1$s,Nema prikupljanja na %1$s,app fills in %1$s — keep them
widgets_waste_organic,,Organic waste,Organski otpad,
widgets_waste_packaging,,Packaging,Pakiranje,
widgets_waste_paper,,Paper,Papir,
widgets_waste_residual,,Residual waste,Preostali otpad,
widgets_waste_glass,,Glass,Staklo,
widgets_waste_textiles,,Textiles,Tekstil,
widgets_waste_plastic,,Plastic,Plastični,
widgets_waste_christmas_trees,,Christmas trees,Božićna drvca,
widgets_waste_bulky,,Bulky waste,Krupni otpad,
widgets_waste_duo_bin,,Duo bin,Duo spremnik,
widgets_weather_title,,Weather,Vrijeme,
widgets_weather_subtitle,,"Entity, card type, and appearance","Entitet, vrsta kartice i izgled",
widgets_weather_style_current,,Current weather,Trenutno vrijeme,
widgets_weather_style_daily,,Daily forecast,Dnevna prognoza,
widgets_weather_style_hourly,,Hourly forecast,Prognoza po satu,
widgets_weather_style_horizon,,Sunrise & sunset horizon,Horizont izlaska i zalaska sunca,
widgets_weather_style_wind,,Wind compass,Kompas za vjetar,
widgets_weather_style_rain_map,,Rain map (image URL),Karta kiše (URL slike),
widgets_compass_directions,1,N,,needs translation
widgets_compass_directions,2,NNE,,needs translation
widgets_compass_directions,3,NE,,needs translation
widgets_compass_directions,4,ENE,,needs translation
widgets_compass_directions,5,E,,needs translation
widgets_compass_directions,6,ESE,,needs translation
widgets_compass_directions,7,SE,,needs translation
widgets_compass_directions,8,SSE,,needs translation
widgets_compass_directions,9,S,,needs translation
widgets_compass_directions,10,SSW,,needs translation
widgets_compass_directions,11,SW,,needs translation
widgets_compass_directions,12,WSW,,needs translation
widgets_compass_directions,13,W,,needs translation
widgets_compass_directions,14,WNW,,needs translation
widgets_compass_directions,15,NW,,needs translation
widgets_compass_directions,16,NNW,,needs translation
widgets_battery_entities,,Battery entities,Entiteti baterije,
widgets_battery_settings,,Battery settings,Postavke baterije,
widgets_battery_empty_view_hint,,This battery view is empty. Swipe down on the header and open Battery settings to add entities manually.,Ovaj prikaz baterije je prazan. Prijeđite prstom prema dolje na zaglavlju i otvorite postavke baterije za ručno dodavanje entiteta.,
widgets_battery_levels_title,,Battery levels,Razine baterije,
widgets_battery_levels_subtitle,,"Thresholds, sources, and appearance","Pragovi, izvori i izgled",
widgets_battery_rules,,Battery rules,Pravila za baterije,
widgets_battery_all,,All,Sve,
widgets_battery_critical,,Critical,Kritično,
widgets_battery_low,,Low,Niska,
widgets_battery_watch,,Watch,Gledati,
widgets_battery_good,,Good,Dobro,
widgets_battery_unknown,,Unknown,Nepoznato,
widgets_battery_range_good,,Above 50%,Iznad 50%,
widgets_battery_range_unknown,,Unavailable or unknown,Nedostupan ili nepoznat,
widgets_battery_no_data,,No battery data,Nema podataka o bateriji,
widgets_battery_levels_unavailable,,Battery levels unavailable,Razine baterije nedostupne,
widgets_battery_levels_healthy,,Battery levels look healthy,Razina baterije izgleda zdravo,
widgets_battery_lowest_detail,,Lowest: %1$s at %2$d%%,Najniže: %1$s na %2$d%%,app fills in %1$s %2$d — keep them
widgets_battery_showing_plus,,Showing Battery+ devices,Prikaz Battery+ uređaja,
widgets_battery_waiting_levels,,Waiting for reported levels,Čekaju se prijavljene razine,
widgets_battery_lowest,,Lowest,Najniža,
widgets_battery_attention,,Attention,Pažnja,
widgets_battery_tracked,,Tracked,Prati se,
widgets_battery_level,,Level,Razina,
widgets_battery_name,,Name,Ime,
widgets_battery_type,,Battery type,Vrsta baterije,
widgets_battery_entity,,Entity,Entitet,
widgets_battery_quantity,,Quantity,Količina,
widgets_battery_quantity_short,,Qty %1$s,Količina %1$s,app fills in %1$s — keep them
widgets_battery_device_id,,Device ID,ID uređaja,
widgets_battery_unknown_type,,Unknown type,Nepoznata vrsta,
widgets_battery_sort_summary,,Sort: %1$s,Poredaj: %1$s,app fills in %1$s — keep them
widgets_battery_no_filters,,No filters active,Nema aktivnih filtara,
widgets_battery_collapse_filters,,Collapse filters,Sažmi filtre,
widgets_battery_expand_filters,,Expand filters,Proširi filtre,
widgets_battery_low_count,one,%1$d low battery,%1$d slaba baterija,app fills in %1$d — keep them
widgets_battery_low_count,other,%1$d low batteries,%1$d niske baterije,app fills in %1$d — keep them
widgets_battery_low_count,few,,%1$d niske baterije,
widgets_battery_critical_count,one,%1$d critical battery,%1$d kritična baterija,app fills in %1$d — keep them
widgets_battery_critical_count,other,%1$d critical batteries,%1$d kritične baterije,app fills in %1$d — keep them
widgets_battery_critical_count,few,,%1$d kritične baterije,
widgets_battery_attention_count,one,%1$d battery needs attention,%1$d baterija zahtijeva pozornost,app fills in %1$d — keep them
widgets_battery_attention_count,other,%1$d batteries need attention,%1$d baterije zahtijevaju pozornost,app fills in %1$d — keep them
widgets_battery_attention_count,few,,%1$d baterije zahtijevaju pozornost,
widgets_energy_day,,Day,Dan,
widgets_energy_week,,Week,Tjedan,
widgets_energy_month,,Month,Mjesec,
widgets_energy_year,,Year,Godina,
widgets_energy_this_week,,This week,Ovaj tjedan,
widgets_energy_this_month,,This month,Ovaj mjesec,
widgets_energy_this_year,,This year,Ove godine,
widgets_energy_today_lower,,today,danas,
widgets_energy_this_week_lower,,this week,ovaj tjedan,
widgets_energy_this_month_lower,,this month,ovaj mjesec,
widgets_energy_this_year_lower,,this year,ove godine,
widgets_energy_yesterday_lower,,yesterday,jučer,
widgets_energy_consumed_solar,,Consumed solar,Potrošeno solarno,
widgets_energy_imported,,Imported,Uvozni,
widgets_energy_exported,,Exported,Izvezeno,
widgets_energy_phase_number,,Phase %1$d,Faza %1$d,app fills in %1$d — keep them
widgets_energy_forecast_number,,Forecast %1$d,Prognoza %1$d,app fills in %1$d — keep them
widgets_energy_ha_forecast,,Home Assistant forecast,Home Assistant prognoza,don't translate Home Assistant
widgets_battery_search,,Search devices,Pretražite uređaje,
widgets_battery_none,,No batteries match that search.,Nijedna baterija ne odgovara toj pretrazi.,
widgets_battery_open_page,,Open battery page,Otvaranje stranice baterije,
cr_widget_clock,,Clock,Sat,
cr_widget_clock_description,,"An analog or digital clock, in the style you pick, with the date and your next alarm.","Analogni ili digitalni sat, u stilu koji odaberete, s datumom i vašim sljedećim alarmom.",
clock_widget_title,,Clock,Sat,
clock_widget_subtitle,,"Face, styling and what it shows","Lice, stajling i ono što pokazuje",
clock_title_label,,Title (optional),naslov (neobavezno),
clock_face_section,,Face,Lice,
clock_face_section_subtitle,,"Analog or digital, and which design","Analogni ili digitalni, i koji dizajn",
clock_shows_section,,Shows,emisije,
clock_shows_section_subtitle,,Choose what appears alongside the time,Odaberite ono što se pojavljuje uz vrijeme,
clock_mode_analog,,Analog,Analog,
clock_mode_digital,,Digital,Digitalni,
clock_style,,Style,Stil,
clock_24_hour,,24-hour clock,24-satni sat,
clock_seconds,,Seconds,sekundi,
clock_date,,Date,Datum,
clock_day_name,,Day of the week,Dan u tjednu,
clock_year,,Year,Godina,
clock_style_classic,,Classic,klasična,
clock_style_minimal,,Minimal,Minimalno,
clock_style_roman,,Roman,rimski,
clock_style_railway,,Railway,Željeznička pruga,
clock_style_bauhaus,,Bauhaus,Bauhaus,
clock_style_neon,,Neon,Neon,
clock_style_skeleton,,Skeleton,Kostur,
clock_style_plain,,Plain,Običan,
clock_style_segment,,Segment,Segment,
clock_style_mono,,Monospace,Monospace,
clock_style_flip,,Flip,Preokreni,
clock_style_outline,,Outline,Obris,
clock_style_stacked,,Stacked,Složeno,
clock_style_dots,,Dots,Točkice,
clock_alarms_title,,Next alarm,Sljedeći alarm,
clock_no_alarm,,No alarm is set.,Alarm nije postavljen.,
clock_alarm_set_by,,Set by %1$s,Postavio %1$s,app fills in %1$s — keep them
clock_alarms_platform_note,,"Android only tells other apps about the next alarm, so alarms cannot be listed or switched on and off from here.","Android samo govori drugim aplikacijama o sljedećem alarmu, tako da se alarmi ne mogu navesti ili uključiti i isključiti odavde.",
clock_open_clock_app,,Open Clock app,Otvorite aplikaciju Sat,
clock_open_failed,,No clock app could be opened. Pick one in this widget's settings.,Nije moguće otvoriti nijednu aplikaciju sata. Odaberite jedan u postavkama ovog widgeta.,
clock_app_section,,Clock app,Aplikacija za sat,
clock_app_section_subtitle,,Which app the alarm dialog opens,Koju aplikaciju otvara dijaloški okvir alarma,
clock_app_automatic,,Automatic,Automatski,
clock_app_none_found,,No clock app was found on this device.,Na ovom uređaju nije pronađena aplikacija za sat.,
