key,item,english,translation,notes
language_title,,Language,Lingua,
language_display_title,,Display language,Lingua di visualizzazione,
language_display_subtitle,,Follows your device by default; choose one to override it,Segue il tuo dispositivo per impostazione predefinita; sceglierne uno per sovrascriverlo,
language_system,,System default,Predefinito del sistema,
language_selected,,Selected,Selezionato,
nav_home,,Home,Casa,
nav_rooms,,Rooms,Camere,
nav_security,,Security,Sicurezza,
nav_energy,,Energy,Energia,
nav_climate,,Climate,Clima,
nav_battery,,Battery,Batteria,
nav_settings,,Settings,Impostazioni,
nav_room_detail,,Room Detail,Particolare della stanza,
settings_title_connection,,Connection,Connessione,
settings_title_profile,,Profile,Profilo,
settings_title_location,,Location,Posizione,
settings_title_notifications,,Notifications,Notifiche,
settings_title_appearance,,Appearance,Aspetto,
settings_title_header,,Header,Intestazione,
settings_title_theme,,Theme,Tema,
settings_title_fonts,,Fonts,Caratteri,
settings_title_corners,,Corners,Angoli,
settings_title_icons,,Icons,Icone,
settings_title_nav_bar,,Navigation Bar,Barra di navigazione,
settings_title_media_players,,Media Players,Lettori multimediali,
settings_title_dashboard,,Dashboard,Pannello di controllo,
settings_title_family_sharing,,Family Sharing,Condivisione in famiglia,
settings_title_backup_restore,,Backup and Restore,Backup e ripristino,
settings_title_account,,Account,Account,
settings_title_about,,About HKI 7,Informazioni sull'HKI 7,don't translate HKI 7
settings_title_license,,License,Licenza,
settings_title_support,,Support,Supporto,
settings_subtitle_menu,,Everything that shapes your HKI 7 experience,Tutto ciò che dà forma alla tua esperienza HKI 7,don't translate HKI 7
settings_subtitle_account,,Your profile and this app installation,Il tuo profilo e l'installazione di questa app,
settings_subtitle_profile,,Personal details used throughout your dashboard,Dettagli personali utilizzati nella dashboard,
settings_subtitle_connection,,Server routes and local-network preferences,Percorsi del server e preferenze della rete locale,
settings_subtitle_location,,Presence updates and background access,Aggiornamenti sulla presenza e accesso in background,
settings_subtitle_dashboard,,"Dashboards, tabs, media players, and popups","Dashboard, schede, lettori multimediali e popup",
settings_subtitle_appearance,,Make the dashboard feel like yours,Rendi la dashboard come la tua,
settings_subtitle_corners,,"Roundness of buttons, cards, and widgets","Rotondità di pulsanti, schede e widget",
settings_subtitle_icons,,Icon animations and per-domain effects,Animazioni delle icone ed effetti per dominio,
settings_subtitle_header,,Choose whether the dashboard header is shown,Scegli se visualizzare l'intestazione della dashboard,
settings_subtitle_theme,,"Color, contrast, mode, and corner styling","Colore, contrasto, modalità e stile degli angoli",
settings_subtitle_fonts,,"Size, weight, and typeface readability","Dimensioni, peso e leggibilità dei caratteri",
settings_subtitle_nav_bar,,Choose which destinations are always within reach,Scegli quali destinazioni sono sempre a portata di mano,
settings_subtitle_media_players,,Names and mini-player visibility,Nomi e visibilità del mini-player,
settings_subtitle_notifications,,"Push delivery, history, and service behavior","Consegna push, cronologia e comportamento del servizio",
settings_subtitle_backup_restore,,Protect or move your dashboard configuration,Proteggi o sposta la configurazione della dashboard,
settings_subtitle_family_sharing,,"Parental controls, dashboard sharing, and recipient permissions","Controllo genitori, condivisione della dashboard e autorizzazioni dei destinatari",
settings_subtitle_about,,"The project, technology, and people behind HKI 7","Il progetto, la tecnologia e le persone dietro HKI 7",don't translate HKI 7
settings_subtitle_license,,Open-source community core and optional premium materials,Nucleo della community open source e materiali premium opzionali,
settings_subtitle_support,,Ways to help HKI 7 grow without buying Premium,Modi per aiutare HKI 7 a crescere senza acquistare Premium,don't translate HKI 7
notification_channel_general,,General,Generale,
location_channel_name,,Location sharing,Condivisione della posizione,
location_notification_title,,Home Assistant location,Posizione Home Assistant,don't translate Home Assistant
location_notification_text,,Sharing your location with Home Assistant,Condivisione della posizione con Home Assistant,don't translate Home Assistant
push_connection_channel_name,,Notification connection,Connessione notifiche,
push_connection_notification_title,,Connected to Home Assistant,Connesso a Home Assistant,don't translate Home Assistant
push_connection_notification_text,,Listening for notifications,In attesa di notifiche,
parcel_title,,Parcels,Pacchi,
parcel_generic_carrier,,Carrier,Corriere,
parcel_incoming,,Incoming,In arrivo,
parcel_delivered,,Delivered,Consegnati,
parcel_outgoing,,Outgoing,In uscita,
parcel_letters,,Letters,Lettere,
parcel_mail,,Mail,Posta,
parcel_summary,,%1$d incoming · %2$d outgoing,%1$d in arrivo · %2$d in uscita,app fills in %1$d %2$d — keep them
parcel_summary_with_letters,,%1$d incoming · %2$d outgoing · %3$d letters,%1$d in arrivo · %2$d in uscita · %3$d lettere,app fills in %1$d %2$d %3$d — keep them
parcel_carrier_summary_with_letters,,%1$d incoming · %2$d outgoing · %3$d letters,%1$d in arrivo · %2$d in uscita · %3$d lettere,app fills in %1$d %2$d %3$d — keep them
parcel_summary_with_letter_count,,%1$d incoming · %2$d outgoing · %3$s,%1$d in arrivo · %2$d in uscita · %3$s,app fills in %1$d %2$d %3$s — keep them
parcel_tracking_history,,Tracking history,Cronologia spedizione,
parcel_tracking_history_subtitle,,Parcel journey and status updates,Cronologia e aggiornamenti di stato della spedizione,
parcel_choose_carrier_account,,Choose a carrier account,Scegli un account del corriere,
parcel_empty_tab,,No %1$s parcels.,Nessun pacco %1$s.,app fills in %1$s — keep them
parcel_no_incoming,,No incoming parcels.,Nessun pacco in arrivo.,
parcel_no_delivered,,No delivered parcels.,Nessun pacco consegnato.,
parcel_no_outgoing,,No outgoing parcels.,Nessun pacco in uscita.,
parcel_stage_registered,,Registered,Registrato,
parcel_stage_sorting,,Sorting,In smistamento,
parcel_stage_on_the_way,,On the way,In viaggio,
parcel_unknown_status,,Unknown status,Stato sconosciuto,
parcel_status_in_transit,,In transit,In transito,
parcel_status_out_for_delivery,,Out for delivery,In consegna,
parcel_status_at_pickup_point,,Ready at pickup point,Pronto per il ritiro,
parcel_status_ready_to_send,,Ready to send,Pronto per la spedizione,
parcel_letter_preview,,Letter preview,Anteprima lettera,
parcel_carriers,,Carriers,Corrieri,
parcel_track_new,,Track a new %1$s parcel by number,Traccia un nuovo pacco %1$s tramite il codice di spedizione,app fills in %1$s — keep them
parcel_choose_carrier,,Choose a carrier,Scegli un corriere,
parcel_settings_subtitle,,"Carrier accounts, aggregation, and appearance","Account dei corrieri, riepilogo e aspetto",
parcel_settings_accounts,,Accounts,Account,
parcel_settings_organization,,Organization,Organizzazione,
parcel_settings_appearance,,Appearance,Aspetto,
action_remove,,Remove,Rimuovi,
notification_delete,,Delete notification,Elimina notifica,
notification_mark_all_read,,Mark all as read,Segna tutte come lette,
notification_mark_all_unread,,Mark all as unread,Segna tutte come da leggere,
notification_delete_all,,Delete all,Elimina tutto,
notification_delete_all_archived,,Delete all archived,Elimina tutte le archiviate,
notification_unread,,Unread,Da leggere,
notification_history,,History,Cronologia,
notification_mark_unread,,Mark as unread,Segna come da leggere,
notification_mark_read,,Mark as read,Segna come letta,
notification_archive,,Archive,Archivia,
notification_unarchive,,Unarchive,Rimuovi dall'archivio,
notification_delete_action,,Delete,Elimina,
entity_search_select_items,,Select items,Seleziona elementi,
entity_search_choose_one,,Search and choose one entity,Cerca e seleziona un'entità,
entity_search_choose_multiple,,Search and select one or more entities,Cerca e seleziona una o più entità,
global_search_title,,Search,Ricerca,
global_search_subtitle,,Find and control any Home Assistant device or entity,Cerca e controlla qualsiasi dispositivo o entità in Home Assistant,don't translate Home Assistant
global_search_clear,,Clear search,Cancella ricerca,
global_search_no_devices,,No matching devices.,Nessun dispositivo corrispondente.,
global_search_no_entities,,No matching entities.,Nessuna entità corrispondente.,
security_title,,Security,Sicurezza,
security_subtitle,,Home status and activity,Stato e attività in casa,
security_settings,,Security settings,Impostazioni di sicurezza,
security_entities,,Security entities,Entità di sicurezza,
security_reimport,,Re-import,Importa di nuovo,
security_group_doors,,Doors,Porte,
security_group_doors_subtitle,,Door contacts,Sensori delle porte,
security_group_windows,,Windows,Finestre,
security_group_windows_subtitle,,Window contacts,Sensori delle finestre,
security_group_openings,,Openings,Aperture,
security_group_openings_subtitle,,Garage doors and other openings,Porte del garage e altre aperture,
security_group_garage_doors,,Garage doors,Porte del garage,
security_group_garage_doors_subtitle,,Garage door covers,Comandi delle porte del garage,
security_group_covers,,Covers,Coperture,
security_group_covers_subtitle,,"Blinds, shutters, and gates","Tende, tapparelle e cancelli",
security_group_locks,,Locks,Serrature,
security_group_locks_subtitle,,Door and gate locks,Serrature di porte e cancelli,
security_group_motion,,Motion,Movimento,
security_group_motion_subtitle,,Motion detection,Rilevamento del movimento,
security_group_presence,,Presence,Presenza,
security_group_presence_subtitle,,Occupancy sensors,Sensori di presenza,
security_group_fire,,Fire and temperature,Incendio e temperatura,
security_group_fire_subtitle,,"Fire, heat, cold, and safety alarms","Allarmi antincendio, caldo, freddo e sicurezza",
security_group_smoke,,Smoke,Fumo,
security_group_smoke_subtitle,,Smoke detectors,Rilevatori di fumo,
security_group_gas,,Gas,Gas,
security_group_gas_subtitle,,Combustible gas sensors,Sensori di gas combustibili,
security_group_co2,,CO / CO₂,CO / CO₂,
security_group_co2_subtitle,,Carbon monoxide and carbon dioxide sensors,Sensori di monossido e anidride carbonica,
security_group_moisture,,Leaks,Perdite,
security_group_moisture_subtitle,,Moisture and water leaks,Sensori di umidità e acqua,
security_group_sound,,Sound,Suoni,
security_group_sound_subtitle,,Sound and glass-break sensors,Sensori di rumore e rottura vetri,
security_group_light,,Light detection,Rilevamento luce,
security_group_light_subtitle,,Light and beam sensors,Sensori di luce e barriere fotoelettriche,
security_group_alarms,,Alarm systems,Sistemi di allarme,
security_group_alarms_subtitle,,Alarm control panels,Centrali di allarme,
security_group_cameras,,Cameras,Telecamere,
security_group_cameras_subtitle,,Camera feeds,Immagini delle telecamere,
security_no_search_active,,No search active · %1$s,Nessuna ricerca attiva · %1$s,app fills in %1$s — keep them
security_status_alert,,Security alert,Avviso di sicurezza,
security_status_alarm_pending,,Alarm pending,Attivazione dell'allarme,
security_status_changing_alarm,,Changing alarm mode,Cambio della modalità di allarme,
security_status_needs_attention,,Needs attention,Richiede attenzione,
security_status_motion,,Motion detected,Movimento rilevato,
security_status_sensor_activity,,Sensor activity,Attività dei sensori,
security_status_alarm_unavailable,,Alarm unavailable,Allarme non disponibile,
security_status_devices_unavailable,,Devices unavailable,Dispositivi non disponibili,
security_status_cameras_offline,,Cameras offline,Telecamere offline,
security_status_all_secure,,All secure,Tutto protetto,
security_status_alarm_disarmed,,Alarm disarmed,Allarme disattivato,
security_status_all_clear,,All clear,Nessun problema,
security_status_no_data,,No security data,Nessun dato di sicurezza,
security_metric_openings,,Openings,Aperture,
security_metric_locked,,Locked,Bloccate,
security_metric_cameras_online,,Cameras online,Telecamere online,
security_card_title,,Security card,Scheda sicurezza,
security_card_subtitle,,"Name, layout, and card appearance","Nome, disposizione e aspetto della scheda",
security_stat_total,,Total,Totale,
security_stat_active,,Active,Attivi,
security_stat_clear,,Clear,Nessun problema,
security_cover_open,,Open,Apri,
security_cover_stop,,Stop,Ferma,
security_cover_close,,Close,Chiudi,
security_restore,,Restore,Ripristina,
security_empty,,This is an empty security view. Swipe down on the header and open Security settings to add entities manually.,Questa vista Sicurezza è vuota. Scorri verso il basso nell'intestazione e apri le impostazioni di sicurezza per aggiungere manualmente le entità.,
connection_stopping_for_restart,,Stopping for restart…,Arresto per il riavvio…,
connection_starting,,Home Assistant is starting…,Avvio di Home Assistant…,don't translate Home Assistant
connection_restoring_dashboard,,Restoring your dashboard…,Ripristino della dashboard…,
connection_restarting,,Home Assistant is restarting…,Riavvio di Home Assistant…,don't translate Home Assistant
connection_auto_generating,,Auto-generating rooms and widgets…,Creazione automatica di stanze e widget…,
connection_reconnecting,,Reconnecting to Home Assistant…,Riconnessione a Home Assistant…,don't translate Home Assistant
connection_unavailable_retrying,,Unavailable · Retrying…,Non disponibile · Nuovo tentativo…,
connection_paused,,Connection paused,Connessione in pausa,
connection_connected,,Connected,Connesso,
connection_server_not_found,,Server address could not be found,Impossibile trovare l'indirizzo del server,
connection_timed_out,,Connection timed out,Tempo di connessione scaduto,
connection_no_route,,No network route to Home Assistant,Nessun percorso di rete verso Home Assistant,don't translate Home Assistant
connection_could_not_connect,,Could not connect to Home Assistant,Impossibile connettersi a Home Assistant,don't translate Home Assistant
connection_secure_failed,,Secure connection failed,Connessione sicura non riuscita,
connection_session_expired_refreshing,,Session expired · Refreshing login…,Sessione scaduta · Rinnovo dell'accesso…,
connection_interrupted,,Connection was interrupted,La connessione è stata interrotta,
connection_error_title,,Connection error,Errore di connessione,
connection_all_systems_normal,,All systems normal,Tutti i sistemi funzionano normalmente,
action_undo,,Undo,Annulla,
action_redo,,Redo,Ripeti,
connection_route_local,,Local,Locale,
connection_route_nabu_casa,,Nabu Casa,Nabu Casa,don't translate Nabu Casa
connection_route_external,,External,Esterna,
settings_connection_via,,Connected via %1$s,Connesso tramite %1$s,app fills in %1$s — keep them
settings_connection_unknown,,Unknown,Sconosciuta,
settings_connection_connecting,,Connecting…,Connessione…,
settings_this_home,,this home,questa casa,
settings_local_network_allowed,,Allowed,Consentito,
settings_local_network_not_allowed,,Not allowed — Home Assistant cannot be reached directly on your Wi-Fi,Non consentito: Home Assistant non è raggiungibile direttamente tramite Wi-Fi,don't translate Home Assistant
settings_current_wifi,,Current Wi-Fi,Wi-Fi attuale,
settings_wifi_unavailable,,Not connected or location permission is missing,Non connesso oppure manca il permesso di localizzazione,
settings_just_now,,just now,proprio ora,
settings_primary_app_language,,Primary application language,Lingua principale dell'app,
settings_android_build_configuration,,Android resources and build configuration,Risorse Android e configurazione della build,
page_settings_default_title,,Page settings,Impostazioni pagina,
page_settings_choose_area,,Choose an area to configure,Scegli l'area da configurare,
page_settings_focused_options,,Focused options for this page area,Opzioni specifiche per quest'area della pagina,
page_settings_header_description,,Wallpaper and custom header color,Sfondo e colore personalizzato dell'intestazione,
page_settings_custom_page_description,,"Name, subtitle, and navigation icon","Nome, sottotitolo e icona di navigazione",
page_settings_badge_bar,,Badge bar,Barra badge,
page_settings_badge_description,,"Visibility, alignment, and display options","Visibilità, allineamento e opzioni di visualizzazione",
page_settings_persons,,Persons,Persone,
page_settings_persons_description,,Visibility and ordering,Visibilità e ordine,
page_settings_configure,,Configure,Configura,
room_config_title,,Room configuration,Configurazione stanza,
header_pill_left,,Left header pill,Pulsante sinistro dell'intestazione,
header_pill_right,,Right header pill,Pulsante destro dell'intestazione,
alignment_split,,Split,Diviso,
alignment_center,,Center,Centrato,
weather_cloudy,,Cloudy,Nuvoloso,
home_default_markdown_content,,# Markdown\nOpen this widget's settings in **edit mode** to write your own content.,# Markdown\nApri le impostazioni di questo widget in **modalità di modifica** per scrivere il tuo contenuto.,\n = line break
home_settings_title,,Home settings,Impostazioni della pagina iniziale,
custom_page_settings_title,,%1$s settings,Impostazioni di %1$s,app fills in %1$s — keep them
home_empty,,This is the homepage. Add widgets by swiping down on the header and enabling edit mode.,Questa è la pagina iniziale. Scorri verso il basso nell'intestazione e attiva la modalità di modifica per aggiungere widget.,
custom_page_empty,,This page is empty. Add widgets by swiping down on the header and enabling edit mode.,Questa pagina è vuota. Scorri verso il basso nell'intestazione e attiva la modalità di modifica per aggiungere widget.,
select_camera_title,,Select camera,Seleziona telecamera,
select_entity_title,,Select entity,Seleziona entità,
custom_camera_default_name,,Custom camera,Telecamera personalizzata,
rooms_settings_title,,Rooms settings,Impostazioni stanze,
rooms_empty,,The rooms view is empty. Swipe down on the header and enable edit mode to add floors and rooms.,La vista Stanze è vuota. Scorri verso il basso nell'intestazione e attiva la modalità di modifica per aggiungere piani e stanze.,
floor_expand,,Expand floor,Espandi piano,
floor_collapse,,Collapse floor,Comprimi piano,
floor_settings_title,,Floor,Piano,
floor_settings_subtitle,,"Identity, layout, and card style","Identità, disposizione e stile delle schede",
universal_effects,,Effects,Effetti,
universal_open_door,,Open door,Apri porta,
universal_vacuum_dock,,Dock,Base di ricarica,
universal_start,,Start,Avvia,
universal_pause,,Pause,Pausa,
universal_stop,,Stop,Ferma,
universal_locate,,Locate,Localizza,
universal_room_number,,Room %1$d,Stanza %1$d,app fills in %1$d — keep them
core_optional_display_name,,Optional display name override,Nome visualizzato personalizzato facoltativo,
core_media_paused_track,,Paused: %1$s,In pausa: %1$s,app fills in %1$s — keep them
core_percent_value,,%1$d percent,%1$d percento,app fills in %1$d — keep them
core_current_humidity,,Current humidity,Umidità attuale,
core_tank_water_level,,Tank / water level,Livello serbatoio/acqua,
core_pm25,,PM2.5,"PM2,5",
core_error_code,,Error code,Codice errore,
core_bucket_full,,Bucket full,Serbatoio pieno,
core_clean_filter,,Clean filter,Pulire il filtro,
core_ionizer,,Ionizer,Ionizzatore,
core_pump,,Pump,Pompa,
core_beep_on_command,,Beep on command,Segnale acustico al comando,
core_dawn,,Dawn,Alba,
core_solar_noon,,Solar noon,Mezzogiorno solare,
core_dusk,,Dusk,Crepuscolo,
core_icon_category_common,,Common,Comuni,
core_icon_category_home,,Home,Casa,
core_icon_category_weather,,Weather,Meteo,
core_icon_category_lock,,Lock,Serrature,
core_icon_category_people,,People,Persone,
core_icon_category_auto,,Automotive,Automobili,
core_icon_category_music,,Music,Musica,
core_icon_category_battery,,Battery,Batteria,
core_icon_category_nature,,Nature,Natura,
core_icon_category_places,,Places,Luoghi,
core_icon_category_food,,Food,Cibo,
core_icon_category_navigation,,Navigation,Navigazione,
core_icon_category_devices,,Devices,Dispositivi,
core_icon_category_map,,Map,Mappa,
core_icon_category_media,,Media,Multimedia,
core_icon_category_communication,,Communication,Comunicazione,
core_icon_category_health,,Health,Salute,
core_icon_category_vehicles,,Vehicles,Veicoli,
core_icon_category_buildings,,Buildings,Edifici,
core_icon_category_electrical,,Electrical,Elettricità,
core_icon_category_sport,,Sport,Sport,
core_icon_category_objects,,Objects,Oggetti,
core_icon_category_commerce,,Commerce,Commercio,
core_icon_category_games,,Games,Giochi,
core_icon_category_finance,,Finance,Finanza,
background_notification_channel_general,,General,Generale,
background_location_channel_name,,Location sharing,Condivisione della posizione,
background_location_channel_description,,Keeps your device location up to date in Home Assistant,Mantiene aggiornata in Home Assistant la posizione del tuo dispositivo,don't translate Home Assistant
background_location_notification_title,,Home Assistant location sharing,Condivisione della posizione con Home Assistant,don't translate Home Assistant
background_location_notification_text,,Sharing your location with Home Assistant,La tua posizione viene condivisa con Home Assistant,don't translate Home Assistant
background_push_channel_name,,Notification connection,Connessione notifiche,
background_push_channel_description,,Keeps a background connection to Home Assistant for instant notifications,Mantiene una connessione in background con Home Assistant per ricevere subito le notifiche,don't translate Home Assistant
background_push_notification_title,,Connected to Home Assistant,Connesso a Home Assistant,don't translate Home Assistant
background_push_notification_text,,Waiting for notifications,In attesa di notifiche,
background_push_hide_action,,Hide this notification,Nascondi questa notifica,
button_style_centered,,Centered,Centrato,
button_elements,,Elements,Elementi,
button_elements_description,,What appears on this button. Hide the name and state for an icon on its own.,Cosa appare su questo pulsante. Nascondi solo il nome e lo stato di un'icona.,
stack_elements_title,,Elements on every button in this stack,Elementi su ogni pulsante in questo stack,
stack_elements_description,,"These apply to the whole stack, not to one button. Turning something off here hides it on every button in the stack; leaving it on lets each button decide for itself in its own settings.","Questi si applicano all'intero stack, non a un pulsante. Disattivare qualcosa qui lo nasconde su ogni pulsante nello stack; lasciandolo attivo consente a ciascun pulsante di decidere da solo nelle proprie impostazioni.",
button_element_icon,,Icon,Icona,
button_element_name,,Name,Nome,
button_element_state,,State,Stato,
stack_show_title,,Show name,Mostra nome,
stack_show_title_description,,Turn off for a stack with no heading at all.,Disattiva per uno stack senza alcuna intestazione.,
stack_show_icon,,Show icon,Mostra icona,
stack_show_icon_description,,The icon beside the heading.,L'icona accanto all'intestazione.,
stack_center_title,,Center the heading,Centrare l'intestazione,
stack_center_title_description,,Puts the icon and name in the middle instead of against the left edge.,Posiziona l'icona e il nome al centro invece che contro il bordo sinistro.,
cr_state_on,,On,Acceso,
cr_state_off,,Off,Spento,
cr_open,,Open,Apri,
cr_close,,Close,Chiudi,
cr_stop,,Stop,Arresta,
cr_closed,,Closed,Chiuso,
cr_opening,,Opening,Apertura,
cr_closing,,Closing,Chiusura,
cr_locked,,Locked,Bloccato,
cr_unlocked,,Unlocked,Sbloccato,
cr_unavailable,,Unavailable,Non disponibile,
cr_unknown,,Unknown,Sconosciuto,
cr_idle,,Idle,Inattivo,
cr_home,,Home,A casa,
cr_away,,Away,Fuori casa,
cr_cleaning,,Cleaning,Pulizia,
cr_returning,,Returning,Ritorno alla base,
cr_paused,,Paused,In pausa,
cr_error,,Error,Errore,
cr_playing,,Playing,Riproduzione,
cr_buffering,,Buffering,Caricamento,
cr_standby,,Standby,In standby,
cr_humidifying,,Humidifying,Umidificazione,
cr_drying,,Drying,Asciugatura,
cr_detected,,Detected,Rilevato,
cr_clear,,Clear,Libero,
cr_problem,,Problem,Problema,
cr_ok,,OK,OK,
cr_low,,Low,Basso,
cr_normal,,Normal,Normale,
cr_connected,,Connected,Connesso,
cr_disconnected,,Disconnected,Disconnesso,
cr_plugged_in,,Plugged in,Collegato,
cr_unplugged,,Unplugged,Scollegato,
cr_wet,,Wet,Bagnato,
cr_dry,,Dry,Asciutto,
cr_none,,None,Nessuno,
cr_any,,Any,Senza limite,
cr_remove,,Remove,Rimuovi,
cr_restore,,Restore,Ripristina,
cr_general,,General,Generale,
cr_identity,,Identity,Identità,
cr_appearance,,Appearance,Aspetto,
cr_layout,,Layout,Layout,
cr_behavior,,Behavior,Comportamento,
cr_profiles,,Profiles,Profili,
cr_playback,,Playback,Riproduzione,
cr_content,,Content,Contenuto,
cr_actions,,Actions,Azioni,
cr_protection,,Protection,Protezione,
cr_power,,Power,Alimentazione,
cr_brightness,,Brightness,Luminosità,
cr_temperature,,Temperature,Temperatura,
cr_color,,Color,Colore,
cr_min,,Min,Min,
cr_avg,,Avg,Media,
cr_max,,Max,Max,
cr_now,,Now,Ora,
cr_lowest,,Lowest,Minima,
cr_average,,Average,Media,
cr_highest,,Highest,Massima,
cr_live,,Live,In diretta,
cr_once,,Once,Una volta,
cr_daily,,Daily,Ogni giorno,
cr_weekly,,Weekly,Ogni settimana,
cr_monthly,,Monthly,Ogni mese,
cr_yearly,,Yearly,Ogni anno,
cr_action_tap,,Tap,Tocco,
cr_action_double_tap,,Double tap,Doppio tocco,
cr_action_hold,,Hold,Pressione prolungata,
cr_mode,,Mode,Modalità,
cr_mode_auto,,Auto,Automatica,
cr_mode_heat,,Heat,Riscaldamento,
cr_mode_cool,,Cool,Raffrescamento,
cr_mode_heat_cool,,Heat/cool,Riscaldamento/raffrescamento,
cr_mode_dry,,Dry,Deumidificazione,
cr_mode_fan_only,,Fan only,Solo ventola,
cr_mode_low,,Low,Bassa,
cr_mode_medium,,Medium,Media,
cr_mode_high,,High,Alta,
cr_mode_quiet,,Quiet,Silenziosa,
cr_mode_boost,,Boost,Turbo,
cr_mode_eco,,Eco,Eco,
cr_mode_sleep,,Sleep,Notte,
cr_mode_manual,,Manual,Manuale,
cr_mode_vertical,,Vertical,Verticale,
cr_mode_horizontal,,Horizontal,Orizzontale,
cr_mode_both,,Both,Entrambi,
cr_mode_up,,Up,Su,
cr_mode_down,,Down,Giù,
cr_mode_center,,Center,Centro,
cr_mode_left,,Left,Sinistra,
cr_mode_right,,Right,Destra,
cr_climate_fan,,Fan,Ventola,
cr_climate_vertical_airflow,,Vertical airflow,Flusso d’aria verticale,
cr_climate_horizontal_airflow,,Horizontal airflow,Flusso d’aria orizzontale,
cr_climate_preset,,Preset,Preimpostazione,
cr_fan_speed,,Fan speed,Velocità della ventola,
cr_speed,,Speed,Velocità,
cr_lower_target,,Lower target,Riduci la temperatura desiderata,
cr_raise_target,,Raise target,Aumenta la temperatura desiderata,
cr_climate_temperature,,Temperature,Temperatura,
cr_climate_all_temperature_sensors,,All temperature sensors,Tutti i sensori di temperatura,
cr_climate_outside,,Outside,Esterno,
cr_climate_outside_summary,,"Outdoor temperature, humidity, and pressure","Temperatura, umidità e pressione esterne",
cr_climate_humidity,,Humidity,Umidità,
cr_climate_all_humidity_sensors,,All humidity sensors,Tutti i sensori di umidità,
cr_climate_air_pressure,,Air pressure,Pressione atmosferica,
cr_climate_all_pressure_sensors,,All air-pressure sensors,Tutti i sensori di pressione atmosferica,
cr_climate_co2,,CO₂,CO₂,
cr_climate_carbon_dioxide_sensors,,Carbon-dioxide sensors,Sensori di anidride carbonica,
cr_climate_air_quality,,Air quality,Qualità dell’aria,
cr_climate_air_quality_summary,,"Particulates, AQI, VOCs, and gases","Particolato, IQA, COV e gas",
cr_climate_entities,,Climate entities,Entità climatiche,
cr_climate_settings,,Climate settings,Impostazioni climatiche,
cr_empty_climate_view,,No climate data is available yet.,Non sono ancora disponibili dati climatici.,
cr_climate_fans,,Fans,Ventole,
cr_climate_air_purifiers,,Air purifiers,Purificatori d’aria,
cr_climate_humidifiers,,Humidifiers,Umidificatori,
cr_temperature_sensors,,Temperature sensors,Sensori di temperatura,
cr_devices_active,,Devices active,Dispositivi attivi,
cr_active_of_total,,%1$d of %2$d active,%1$d di %2$d attivi,app fills in %1$d %2$d — keep them
cr_no_search_active,,No active search · %1$s,Nessuna ricerca attiva · %1$s,app fills in %1$s — keep them
cr_collapse_search,,Collapse search,Comprimi ricerca,
cr_expand_search,,Expand search,Espandi ricerca,
cr_custom_order,,Custom order,Ordine personalizzato,
cr_name_a_z,,Name A–Z,Nome A–Z,
cr_name_z_a,,Name Z–A,Nome Z–A,
cr_climate_device,,Climate device,Dispositivo climatico,
cr_climate_device_subtitle,,"Name, icon, card style, and width","Nome, icona, stile della scheda e larghezza",
cr_widget_requires_f1,,"Needs the F1 Sensor integration, which was not found on your Home Assistant","Richiede l'integrazione del sensore F1, che non è stata trovata sul tuo Home Assistant",don't translate Home Assistant
cr_widget_requires_parcels,,"Needs a parcel integration, and none was found on your Home Assistant",È necessaria l'integrazione dei pacchi e non ne è stato trovato nessuno sul tuo Home Assistant,don't translate Home Assistant
cr_widget_requires_waste,,"Needs a waste collection integration, and none was found on your Home Assistant",Richiede un'integrazione per la raccolta dei rifiuti e non ne è stata trovata nessuna sul tuo Home Assistant,don't translate Home Assistant
cr_people_here_title,,Who is here,Chi è qui,
cr_people_here_empty,,Nobody is being tracked in this room right now.,Nessuno viene rintracciato in questa stanza in questo momento.,
cr_people_here_unknown_room,,Room unknown,Stanza sconosciuta,
cr_button_exclude_counters,,Leave out of counters,Lasciare fuori dai banconi,
cr_button_exclude_counters_hint,,"Keep the button, but stop it counting towards this room’s Lights and Devices totals","Tieni il pulsante, ma smetti di contarlo per il totale di luci e dispositivi di questa stanza",
cr_count_with_average,,%1$s · avg %2$s%3$s,%1$s · media %2$s%3$s,app fills in %1$s %2$s %3$s — keep them
cr_outside_temperature,,Outside temperature,Temperatura esterna,
cr_outside_humidity,,Outside humidity,Umidità esterna,
cr_outside_pressure,,Outside pressure,Pressione esterna,
cr_outside_air_pressure,,Outside air pressure,Pressione atmosferica esterna,
cr_no_sensors_found_for,,No %1$s sensors found.,Nessun sensore %1$s trovato.,app fills in %1$s — keep them
cr_climate_control,,Climate control,Controllo climatico,
cr_thermostat_dial,,Thermostat dial,Manopola del termostato,
cr_width_third,,Third,Un terzo,
cr_width_half,,Half,Metà,
cr_width_full,,Full,Larghezza intera,
cr_select_item,,Select %1$s,Seleziona %1$s,app fills in %1$s — keep them
cr_set_outdoor_sensors,,"Set outdoor temperature, humidity, and pressure","Imposta temperatura, umidità e pressione esterne",
cr_auto_discovered_device_class,,Discovered automatically by device class,Rilevati automaticamente in base alla classe del dispositivo,
cr_auto_discovered_climate_devices,,Climate devices discovered automatically,Dispositivi climatici rilevati automaticamente,
cr_pick_fan_entities_as_purifiers,,Choose fan entities to use as air purifiers,Scegli le entità ventola da usare come purificatori d’aria,
cr_auto_discovered_humidifier_devices,,Humidifier devices discovered automatically,Umidificatori rilevati automaticamente,
cr_removed_entities,,Removed entities,Entità rimosse,
cr_entities_removed_edit_mode,,Entities removed in edit mode,Entità rimosse in modalità modifica,
cr_card_indoor_climate_overview,,Indoor climate overview,Panoramica del clima interno,
cr_card_sensor_device_tiles,,Sensor and device tiles,Riquadri di sensori e dispositivi,
cr_card_thermostats_ac,,Thermostats and AC,Termostati e climatizzatori,
cr_card_temperature_summary,,Temperature summary,Riepilogo della temperatura,
cr_card_humidity_summary,,Humidity summary,Riepilogo dell’umidità,
cr_card_air_pressure_summary,,Air-pressure summary,Riepilogo della pressione atmosferica,
cr_card_co2_summary,,CO₂ summary,Riepilogo della CO₂,
cr_card_air_quality_summary,,Air-quality summary,Riepilogo della qualità dell’aria,
cr_category_overview,,Overview,Panoramica,
cr_category_devices,,Devices,Dispositivi,
cr_category_sensors,,Sensors,Sensori,
cr_no_climate_sensors_devices,,No climate sensors or devices found.,Nessun sensore o dispositivo climatico trovato.,
cr_no_climate_devices,,No climate devices found. Thermostats and AC units from Home Assistant appear here automatically.,Nessun dispositivo climatico trovato. I termostati e i climatizzatori di Home Assistant compaiono qui automaticamente.,don't translate Home Assistant
cr_no_fans,,No fans found. Fan entities from Home Assistant appear here automatically.,Nessuna ventola trovata. Le entità ventola di Home Assistant compaiono qui automaticamente.,don't translate Home Assistant
cr_no_air_purifiers,,No air purifiers configured. Choose fan entities under Climate settings → Climate entities → Air purifiers.,Nessun purificatore d’aria configurato. Scegli le entità ventola in Impostazioni climatiche → Entità climatiche → Purificatori d’aria.,
cr_no_humidifiers,,No humidifiers found. Humidifier entities from Home Assistant appear here automatically.,Nessun umidificatore trovato. Le entità umidificatore di Home Assistant compaiono qui automaticamente.,don't translate Home Assistant
cr_unknown_climate_card,,Unknown climate card: %1$s,Scheda climatica sconosciuta: %1$s,app fills in %1$s — keep them
cr_select_climate_cards,,Select climate cards,Seleziona schede climatiche,
cr_entities_for,,%1$s entities,Entità di %1$s,app fills in %1$s — keep them
cr_climate_card,,Climate card,Scheda climatica,
cr_climate_card_dialog_subtitle,,Data sources and card appearance,Origini dati e aspetto della scheda,
cr_card_and_data,,Card and data,Scheda e dati,
cr_climate_stack,,Climate stack,Raccolta clima,
cr_climate_stack_dialog_subtitle,,"Cards, data sources, and layout","Schede, origini dati e layout",
cr_cards_and_data,,Cards and data,Schede e dati,
cr_sensor_count,one,%d sensor,%d sensore,app fills in %d — keep them
cr_sensor_count,other,%d sensors,%d sensori,app fills in %d — keep them
cr_device_count_on,one,%1$d device · %2$d on,%1$d dispositivo · %2$d acceso,app fills in %1$d %2$d — keep them
cr_device_count_on,other,%1$d devices · %2$d on,%1$d dispositivi · %2$d accesi,app fills in %1$d %2$d — keep them
cr_outside_sensors_set,one,%d outside sensor set,%d sensore esterno impostato,app fills in %d — keep them
cr_outside_sensors_set,other,%d outside sensors set,%d sensori esterni impostati,app fills in %d — keep them
cr_auto_plus_manual,one,Automatic + %d manual,Automatico + %d manuale,app fills in %d — keep them
cr_auto_plus_manual,other,Automatic + %d manual,Automatico + %d manuali,app fills in %d — keep them
cr_selected_count,one,%d selected,%d selezionato,app fills in %d — keep them
cr_selected_count,other,%d selected,%d selezionati,app fills in %d — keep them
cr_removed_count,one,%d removed,%d rimosso,app fills in %d — keep them
cr_removed_count,other,%d removed,%d rimossi,app fills in %d — keep them
cr_room,,Room,Stanza,
cr_room_details,,Room details,Dettagli della stanza,
cr_empty_room,,"This room is empty. Swipe down on the header, enable edit mode, and add widgets, buttons, or tiles.","Questa stanza è vuota. Scorri verso il basso sull’intestazione, attiva la modalità modifica e aggiungi widget, pulsanti o riquadri.",
cr_default_markdown_content,,# Markdown\nOpen this widget in **edit mode** to write your own content.,# Markdown\nApri questo widget in **modalità modifica** per scrivere i tuoi contenuti.,\n = line break
cr_select_camera,,Select camera,Seleziona telecamera,
cr_select_entity,,Select entity,Seleziona entità,
cr_custom_camera,,Custom camera,Telecamera personalizzata,
cr_configure_widget,,Configure widget,Configura widget,
cr_configure_widget_subtitle,,Set the essentials before adding it,Imposta gli elementi essenziali prima di aggiungerlo,
cr_widget_options,,Widget options,Opzioni del widget,
cr_widget_options_subtitle,,Choose what this widget should display,Scegli cosa deve mostrare questo widget,
cr_add_widget,,Add widget,Aggiungi widget,
cr_add_widget_subtitle,,Browse by purpose or search every widget,Sfoglia per funzione o cerca tra tutti i widget,
cr_widget_category_controls,,Controls,Controlli,
cr_widget_category_controls_description,,"Buttons, vacuums, and grouped controls","Pulsanti, aspirapolvere e controlli raggruppati",
cr_widget_category_cameras,,Cameras,Telecamere,
cr_widget_category_cameras_description,,Live camera tiles and multi-camera views,Riquadri in diretta e viste con più telecamere,
cr_widget_category_climate,,Climate and weather,Clima e meteo,
cr_widget_category_climate_description,,"Temperature, comfort, forecasts, and conditions","Temperatura, comfort, previsioni e condizioni",
cr_widget_category_energy,,Energy and batteries,Energia e batterie,
cr_widget_category_energy_description,,"Consumption, production, and device health","Consumo, produzione e stato dei dispositivi",
cr_widget_category_information,,Information and media,Informazioni e contenuti multimediali,
cr_widget_category_information_description,,"Calendars, deliveries, graphs, notes, and playback","Calendari, consegne, grafici, note e riproduzione",
cr_widget_category_layout,,Layout and structure,Layout e struttura,
cr_widget_category_layout_description,,Headings and flexible widget containers,Intestazioni e contenitori flessibili per widget,
cr_widget_adaptive_lighting,,Adaptive Lighting,Illuminazione adattiva,
cr_widget_adaptive_lighting_description,,Control any installed Adaptive Lighting profile,Controlla qualsiasi profilo di Illuminazione adattiva installato,
cr_widget_button,,Button,Pulsante,
cr_widget_button_description,,A single configurable entity control,Un controllo configurabile per una singola entità,
cr_widget_buttons,,Buttons,Pulsanti,
cr_widget_calendar,,Calendar,Calendario,
cr_widget_calendar_description,,"Agenda, week, and month views from Home Assistant calendars","Viste agenda, settimana e mese dai calendari di Home Assistant",don't translate Home Assistant
cr_widget_waste_collection,,Waste collection,Raccolta rifiuti,
cr_widget_waste_collection_description,,Upcoming collections from waste sensors,Prossime raccolte dai sensori dei rifiuti,
cr_widget_parcels,,Parcels,Pacchi,
cr_widget_parcels_description,,Incoming and outgoing parcels from supported carriers,Pacchi in arrivo e in uscita dai corrieri supportati,
cr_widget_camera,,Camera,Telecamera,
cr_widget_camera_description,,A single live camera tile or stream URL,Un riquadro in diretta o un URL di streaming,
cr_widget_cameras,,Cameras,Telecamere,
cr_widget_climate_card,,Climate card,Scheda climatica,
cr_widget_climate_card_description,,Any card from the Climate view,Qualsiasi scheda della vista Clima,
cr_widget_energy_card,,Energy card,Scheda Energia,
cr_widget_energy_card_description,,Any card from the Energy view,Qualsiasi scheda della vista Energia,
cr_widget_battery_levels,,Battery levels,Livelli batteria,
cr_widget_battery_levels_description,,"Low batteries, or Battery+ only with type details",Batterie scariche oppure solo Battery+ con dettagli sul tipo,
cr_widget_header_text,,Header text,Testo dell’intestazione,
cr_widget_header_text_description,,Add a section heading,Aggiungi un titolo di sezione,
cr_widget_markdown,,Markdown,Markdown,
cr_widget_markdown_description,,A free-form card written in Markdown,Una scheda libera scritta in Markdown,
cr_widget_iframe,,iFrame,iFrame,
cr_widget_iframe_description,,Embed any web page on your dashboard,Incorpora una pagina web nella dashboard,
cr_widget_media_player,,Media player,Lettore multimediale,
cr_widget_media_player_description,,Now-playing tile with album art as the background,Riquadro del contenuto in riproduzione con la copertina sullo sfondo,
cr_widget_sensor_graph,,Sensor graph,Grafico sensori,
cr_widget_sensor_graph_description,,"History graph for one or more sensors, as lines or bars","Grafico storico di uno o più sensori, a linee o barre",
cr_widget_vacuum,,Vacuum,Aspirapolvere,
cr_widget_vacuum_description,,A single robot-vacuum control,Controllo per un singolo robot aspirapolvere,
cr_widget_weather,,Weather,Meteo,
cr_widget_weather_description,,A single weather card,Una singola scheda meteo,
cr_widget_empty_stack,,Empty stack,Raccolta vuota,
cr_widget_empty_stack_description,,Place widgets inside a configurable stack,Inserisci widget in una raccolta configurabile,
cr_widget_button_stack,,Button stack,Raccolta di pulsanti,
cr_widget_button_stack_description,,Group entities into configurable controls,Raggruppa le entità in controlli configurabili,
cr_widget_camera_stack,,Camera stack,Raccolta di telecamere,
cr_widget_camera_stack_description,,Show live camera tiles or a custom stream URL,Mostra riquadri in diretta o un URL di streaming personalizzato,
cr_widget_climate_stack,,Climate stack,Raccolta clima,
cr_widget_climate_stack_description,,"Group climate cards such as overview, thermostats, and sensors","Raggruppa schede come panoramica, termostati e sensori",
cr_widget_energy_stack,,Energy stack,Raccolta Energia,
cr_widget_energy_stack_description,,"Group energy cards such as usage, solar, gas, and water","Raggruppa schede come consumi, solare, gas e acqua",
cr_widget_sensor_graph_stack,,Sensor graph stack,Raccolta di grafici sensori,
cr_widget_sensor_graph_stack_description,,Group several sensor-history graphs,Raggruppa più grafici della cronologia dei sensori,
cr_widget_swiping_stack,,Swiping stack,Raccolta scorrevole,
cr_widget_swiping_stack_description,,Swipe horizontally through nested widgets,Scorri orizzontalmente tra i widget nidificati,
cr_widget_vacuum_stack,,Vacuum stack,Raccolta di aspirapolvere,
cr_widget_vacuum_stack_description,,Control robot vacuums with a map and battery status,Controlla i robot aspirapolvere con mappa e stato della batteria,
cr_widget_weather_stack,,Weather stack,Raccolta meteo,
cr_widget_weather_stack_description,,"Group conditions, forecast, wind, or rain-map cards","Raggruppa condizioni, previsioni, vento o mappe della pioggia",
cr_camera_settings,,Camera settings,Impostazioni telecamera,
cr_vacuum_settings,,Vacuum settings,Impostazioni aspirapolvere,
cr_button_settings,,Button settings,Impostazioni pulsante,
cr_robot_image,,Robot image,Immagine del robot,
cr_map_camera,,Map camera,Telecamera della mappa,
cr_external_url,,External URL,URL esterno,
cr_valetudo_map,,Valetudo map,Mappa Valetudo,don't translate Valetudo
cr_valetudo_map_hint,,Draws the map from a Valetudo robot and lets you tap a room to clean it. Pick the robot's map camera below.,Disegna la mappa di un robot Valetudo e consente di toccare una stanza per pulirla. Scegli sotto la camera mappa del robot.,don't translate Valetudo
cr_valetudo_camera_mode_note,,Using Map camera with a Valetudo map entity shows a blank tile. Valetudo does not render the map on the robot — its PNG is only a container for the map data. Choose Valetudo map instead to have HKI draw it.,Camera mappa mostra un riquadro vuoto con un'entità mappa Valetudo. Valetudo non disegna la mappa sul robot: il PNG è solo un contenitore per i dati. Scegli invece Mappa Valetudo per farla disegnare a HKI.,don't translate Valetudo
cr_animation_glow,,Glow,Bagliore,
cr_animation_spin,,Spin,Rotazione,
cr_animation_pulse,,Pulse,Pulsazione,
cr_adaptive_lighting_widget,,Adaptive Lighting widget,Widget Illuminazione adattiva,
cr_adaptive_lighting_widget_subtitle,,"Profiles, size, and appearance","Profili, dimensioni e aspetto",
cr_button_stack_dialog_subtitle,,"Layout, appearance, and entity order","Layout, aspetto e ordine delle entità",
cr_expand_stack,,Expand stack,Espandi raccolta,
cr_collapse_stack,,Collapse stack,Comprimi raccolta,
cr_hide_stack,,Hide stack,Nascondi raccolta,
cr_unhide_stack,,Unhide stack,Mostra raccolta,
cr_swiping_stack_dialog_subtitle,,"Pages, height, and card appearance","Pagine, altezza e aspetto della scheda",
cr_empty_stack_dialog_subtitle,,Container layout and appearance,Layout e aspetto del contenitore,
cr_header_text_dialog_subtitle,,Heading content and visual style,Contenuto dell’intestazione e stile visivo,
cr_animation_swipe,,Swipe,Scorrimento,
cr_animation_fade,,Fade,Dissolvenza,
cr_animation_zoom,,Zoom,Zoom,
cr_animation_slide_fade,,Slide + fade,Scorrimento + dissolvenza,
cr_animation_cube,,Cube,Cubo,
cr_animation_instant,,Instant,Istantanea,
cr_widget_option_count,one,%d option,%d opzione,app fills in %d — keep them
cr_widget_option_count,other,%d options,%d opzioni,app fills in %d — keep them
cr_configured_lights,one,%d configured light,%d luce configurata,app fills in %d — keep them
cr_configured_lights,other,%d configured lights,%d luci configurate,app fills in %d — keep them
cr_quick_notifications,,Notifications,Notifiche,
cr_quick_notifications_instruction,,Swipe right from the upper-left edge.,Scorri verso destra dall’angolo superiore sinistro.,
cr_quick_switch_homes,,Switch homes,Cambia casa,
cr_quick_switch_homes_instruction,,Swipe left from the upper-right edge of the header.,Scorri verso sinistra dall’angolo superiore destro dell’intestazione.,
cr_quick_actions,,Quick actions,Azioni rapide,
cr_quick_actions_instruction,,"Pull down on any page header for Search, Flows, Edit, and Settings.","Trascina verso il basso l’intestazione di una pagina per aprire Ricerca, Flussi, Modifica e Impostazioni.",
cr_quick_media_player,,Media player,Lettore multimediale,
cr_quick_media_player_instruction,,"When the handle appears, swipe up on the bottom bar to restore the player.","Quando appare la maniglia, scorri verso l’alto sulla barra inferiore per ripristinare il lettore.",
cr_quick_make_it_yours,,Make it yours,Rendila tua,
cr_quick_make_it_yours_instruction,,"In edit mode, add and reorder rooms, floors, and widgets. Tap an item to configure it.","In modalità modifica, aggiungi e riordina stanze, piani e widget. Tocca un elemento per configurarlo.",
cr_whats_new_1_1_2,1,"Returning from Home Assistant Settings, Developer tools or HACS now restores the same position in HKI 7 Settings instead of reopening at the top.","Il ritorno da Home Assistant Impostazioni, Strumenti per sviluppatori o HACS ora ripristina la stessa posizione in HKI 7 Impostazioni invece di riaprire in alto.","don't translate Home Assistant, HKI 7"
cr_whats_new_1_1_2,2,"Android 17 now asks for Local network access before finding or connecting directly to Home Assistant, so local servers keep working with API 37. Settings › Connection shows whether it is allowed and can ask again, for when the Android 17 upgrade arrives long after setup.","Android 17 ora richiede l'accesso alla rete locale prima di trovare o connettersi direttamente a Home Assistant, quindi i server locali continuano a funzionare con l'API 37. Impostazioni › La connessione mostra se è consentita e può chiedere di nuovo, per quando l'aggiornamento di Android 17 arriva molto tempo dopo la configurazione.",don't translate Home Assistant
cr_whats_new_1_1_2,3,"Update notifications now also appear in HKI 7's own notification panel, with a “See what changed” link to the release notes. The system notification is gone once you swipe it away; this one stays, and checking for updates under Settings › About brings it back.","Le notifiche di aggiornamento ora appaiono anche nel pannello delle notifiche di HKI 7, con un collegamento ""Vedi cosa è cambiato"" alle note di rilascio. La notifica di sistema scompare una volta che la fai scorrere via; questo rimane e il controllo degli aggiornamenti in Impostazioni › Informazioni lo ripristina.",don't translate HKI 7
cr_whats_new_1_1_2,4,"Permission tiles in Settings now update as soon as you come back from granting one. Location, battery optimization and background usage kept showing the old state until Settings was closed and reopened.","I riquadri di autorizzazione nelle Impostazioni ora si aggiornano non appena torni dopo averne concesso uno. La posizione, l'ottimizzazione della batteria e l'utilizzo in background hanno continuato a mostrare lo stato precedente fino alla chiusura e riapertura delle Impostazioni.",
cr_whats_new_1_1_1,1,"New Clock widget. Analog or digital, seven designs each, 12 or 24-hour time, and the day, date and year if you want them. Tap it to see your next alarm.","Nuovo widget Orologio. Analogico o digitale, sette design ciascuno, formato 12 o 24 ore e, se lo desideri, giorno, data e anno. Toccalo per vedere la sveglia successiva.",
cr_whats_new_1_1_1,2,"Reach Home Assistant itself from Settings. Admins get its Settings, Developer tools and HACS full screen inside HKI 7, already signed in.","Raggiungi Home Assistant stesso dalle Impostazioni. Gli amministratori ottengono le impostazioni, gli strumenti per sviluppatori e lo schermo intero HACS all'interno di HKI 7, già effettuato l'accesso.","don't translate Home Assistant, HKI 7"
cr_whats_new_1_1_1,3,HKI 7 tells you when a new version is out — useful if you installed it from GitHub rather than the Play Store. Turn it off in Settings › About.,HKI 7 ti dice quando è disponibile una nuova versione: utile se l'hai installata da GitHub anziché dal Play Store. Disattivalo in Impostazioni › Informazioni.,don't translate HKI 7
cr_whats_new_1_1_1,4,"Home Assistant can now see your phone's next alarm, the same sensor the official app provides.","Home Assistant ora può vedere la prossima sveglia del tuo telefono, lo stesso sensore fornito dall'app ufficiale.",don't translate Home Assistant
cr_whats_new_1_1_1,5,"Media players show what is playing, not just which app is open. An Android TV streaming a series shows the programme, season and episode.","I lettori multimediali mostrano cosa si sta riproducendo, non solo quale app è aperta. Una TV Android che trasmette in streaming una serie mostra il programma, la stagione e l'episodio.",
cr_whats_new_1_1_1,6,"Back goes to the page you were on before, every time, until you reach Home. It no longer skips pages or leaves the app early.","Indietro torna alla pagina in cui ti trovavi prima, ogni volta, fino a raggiungere Home. Non salta più le pagine né abbandona l'app in anticipo.",
cr_whats_new_1_1_1,7,"Fixed temperature and energy readings in Czech, Slovak, Greek, Norwegian, Swedish and Danish, where numbers showed wrongly or could crash the screen.","Risolti i problemi relativi alle letture di temperatura ed energia in ceco, slovacco, greco, norvegese, svedese e danese, in cui i numeri venivano visualizzati in modo errato o potevano mandare in crash lo schermo.",
cr_whats_new_1_1_1,8,"Something worded badly in your language? Each language is now a single file you can correct on GitHub, no code needed.","Qualcosa espresso male nella tua lingua? Ogni lingua ora è un singolo file che puoi correggere su GitHub, senza bisogno di codice.",
cr_whats_new_1_1_0,1,"Eighteen more languages, taking HKI 7 to 36. Polish, Russian, Czech, Slovak, Hungarian, Romanian, Bulgarian, Croatian, Greek, Lithuanian, Latvian, Estonian, Danish, Thai and Hebrew join the list, along with Austrian German, Swiss German and Mexican Spanish. Hebrew lays the interface out right to left, as Arabic does.","Altre diciotto lingue, portando HKI 7 a 36. Polacco, russo, ceco, slovacco, ungherese, rumeno, bulgaro, croato, greco, lituano, lettone, estone, danese, tailandese ed ebraico si aggiungono alla lista, insieme al tedesco austriaco, tedesco svizzero e spagnolo messicano. L'ebraico dispone l'interfaccia da destra a sinistra, come fa l'arabo.",don't translate HKI 7
cr_whats_new_1_1_0,2,"HKI 7 now runs on Android 12 and later. It previously needed Android 14, which ruled out a lot of perfectly capable phones and tablets.","HKI 7 ora funziona su Android 12 e versioni successive. In precedenza aveva bisogno di Android 14, il che escludeva molti telefoni e tablet perfettamente funzionanti.",don't translate HKI 7
cr_whats_new_1_1_0,3,"Energy costs are shown in your own currency instead of always in euros. HKI 7 follows what your cost sensors report, and there is a Currency setting in Energy settings if you would rather choose one yourself.",I costi energetici sono indicati nella tua valuta invece che sempre in euro. HKI 7 segue ciò che riportano i tuoi sensori di costo e c'è un'impostazione di valuta nelle impostazioni di energia se preferisci sceglierne una tu stesso.,don't translate HKI 7
cr_whats_new_1_1_0,4,"The language picker has a search box and is sorted, which it needed at 36 entries. If you ever land in a language you cannot read, the way back is still the first thing on screen.","Il selettore della lingua ha una casella di ricerca ed è ordinato, come necessario, in 36 voci. Se mai ti trovi in una lingua che non puoi leggere, la via del ritorno è ancora la prima cosa sullo schermo.",
cr_whats_new_1_1_0,5,"Views remember where you had scrolled to, and tapping the tab you are already on takes you back to the top.",Le visualizzazioni ricordano il punto in cui hai effettuato lo scorrimento e toccando la scheda in cui ti trovi già torni all'inizio.,
cr_whats_new_1_1_0,6,"Swiping sideways no longer carries you out of a page you have opened, such as Solar inside Energy. Back now returns you to the view you came from rather than jumping to the home page.","Lo scorrimento laterale non ti porta più fuori da una pagina che hai aperto, come Solar inside Energy. Indietro ora ti riporta alla visualizzazione da cui provieni invece di passare alla home page.",
cr_whats_new_1_1_0,7,"Scrollable rows say so. The pull-down menu, the navigation bar and the settings tabs all show an arrow at the edge when there is more to reach.","Lo dicono le righe scorrevoli. Il menu a discesa, la barra di navigazione e le schede delle impostazioni mostrano tutti una freccia sul bordo quando c'è altro da raggiungere.",
cr_whats_new_1_1_0,8,"Dialogs look and behave the same throughout. Six of them were plain Android dialogs with no close button in the corner, and buttons across the app now agree on what Close, Save and Done mean.","Le finestre di dialogo appaiono e si comportano allo stesso modo ovunque. Sei di essi erano semplici finestre di dialogo Android senza pulsante di chiusura nell'angolo e i pulsanti nell'app ora concordano sul significato di Chiudi, Salva e Fine.",
cr_whats_new_1_1_0,9,"Creating a dashboard asks first and then offers the same choices as first-time setup — so a new dashboard can start from a backup or from one your family has shared, as well as being generated or left empty. Your current dashboard is never overwritten, and shared dashboards are now marked as shared in the list.","La creazione di una dashboard richiede innanzitutto e poi offre le stesse scelte della configurazione iniziale, quindi una nuova dashboard può iniziare da un backup o da una condivisa dalla tua famiglia, oltre a essere generata o lasciata vuota. La tua dashboard attuale non verrà mai sovrascritta e le dashboard condivise ora sono contrassegnate come condivise nell'elenco.",
cr_whats_new_1_1_0,10,"The battery widget opens a list in place instead of taking you to a separate page, grouped by how urgent each one is and showing the battery type where Home Assistant knows it. There is a search box, and a button to open the full Battery view if you want it.","Il widget della batteria apre un elenco invece di portarti in una pagina separata, raggruppata in base all'urgenza di ciascuna e mostrando il tipo di batteria dove Home Assistant lo sa. C'è una casella di ricerca e un pulsante per aprire la visualizzazione completa della batteria, se lo desideri.",don't translate Home Assistant
cr_whats_new_1_1_0,11,"Tapping the people counter in a room shows who is there, with each person's picture. The Rooms header now has a household counter too, showing where everyone is without opening every room.","Toccando il contatore delle persone in una stanza viene mostrato chi è presente, con la foto di ogni persona. L'intestazione Stanze ora ha anche un contatore delle famiglie, che mostra dove si trovano tutti senza aprire ogni stanza.",
cr_whats_new_1_1_0,12,"A button can be left out of a room's Lights and Devices counters, for the ones that are in the room but not really part of it.","Un pulsante può essere lasciato fuori dai contatori Luci e Dispositivi di una stanza, per quelli che sono nella stanza ma non ne fanno realmente parte.",
cr_whats_new_1_1_0,13,"Widgets that need an integration you do not have — Formula 1, Parcels, Waste Collection — are greyed out and say what is missing, instead of being added and then sitting empty.","I widget che necessitano di un'integrazione che non hai - Formula 1, Pacchi, Raccolta rifiuti - sono disattivati e dicono cosa manca, invece di essere aggiunti e poi rimanere vuoti.",
cr_whats_new_1_1_0,14,"Parcel tracking covers fifteen more carriers, including PostNord, InPost, Swiss Post, An Post, Budbee, Sameday and Nova Post, each with its own logo.","Il tracciamento dei pacchi copre altri quindici corrieri, tra cui PostNord, InPost, Swiss Post, An Post, Budbee, Sameday e Nova Post, ciascuno con il proprio logo.",
cr_whats_new_1_1_0,15,"A Valetudo robot vacuum picks up its live map automatically when your rooms are imported, rather than needing the camera chosen by hand.","Un robot aspirapolvere Valetudo rileva automaticamente la mappa live quando le stanze vengono importate, invece di dover scegliere manualmente la telecamera.",don't translate Valetudo
cr_whats_new_1_0_1,1,"Swiping between tabs now follows your finger. The pages move as you drag, you can change your mind mid-swipe and pull them back, and they settle where you let go. Previously the change was decided the moment you had dragged far enough and could not be taken back, while the animation that played afterwards was on its own timer and unrelated to the gesture — so the app committed to a page before your finger had finished asking for one.","Lo scorrimento tra le schede ora segue il dito. Le pagine si muovono mentre le trascini, puoi cambiare idea mentre scorri e tirarle indietro, e si stabilizzeranno dove le lasci andare. In precedenza, la modifica veniva decisa nel momento in cui trascinavi abbastanza lontano e non potevi tornare indietro, mentre l'animazione riprodotta in seguito era basata sul proprio timer e non era correlata al gesto, quindi l'app si impegnava su una pagina prima che il tuo dito finisse di richiederne una.",
cr_whats_new_1_0_1,2,"The bottom bar now keeps the selected tab in view. On a phone too narrow for every tab it scrolls the active one to the centre, so the tab you are on is always visible along with its neighbours — which is also the hint that there are more pages to swipe to. Reaching the last tab used to leave the indicator somewhere off the end of the bar.","La barra inferiore ora mantiene in vista la scheda selezionata. Su un telefono troppo stretto per ogni scheda, fa scorrere quella attiva al centro, quindi la scheda su cui ti trovi è sempre visibile insieme a quelle vicine, il che è anche un suggerimento che ci sono più pagine su cui scorrere. Raggiungere l'ultima scheda lasciava l'indicatore da qualche parte fuori dall'estremità della barra.",
cr_whats_new_1_0_1,3,"Swiping between rooms shows how many rooms there are and which one you are on, as dots above the navigation bar — or as a count once there are more than eight. Room swiping also stops at the last room instead of wrapping around to the first, matching how the tabs behave. Rooms an admin has hidden are now skipped by the swipe rather than only blocked when opened.","Scorrere tra le stanze mostra quante stanze ci sono e in quale ti trovi, come punti sopra la barra di navigazione o come conteggio quando ce ne sono più di otto. Anche lo scorrimento delle stanze si ferma all'ultima stanza invece di tornare alla prima, corrispondendo al comportamento delle schede. Le stanze nascoste da un amministratore ora vengono saltate dallo scorrimento anziché bloccate solo quando vengono aperte.",
cr_whats_new_1_0_1,4,"The pull-down header menu animates to wherever you let it go, instead of jumping open or shut in a single frame. It settles by which half you released it in, a quick flick opens it without a full-length drag, and it can be caught and dragged again mid-animation. It also no longer stops dead partway when pulled a long way but not quite far enough.","Il menu dell'intestazione a discesa si anima ovunque lo lasci andare, invece di aprirsi o chiudersi in un singolo fotogramma. Si stabilisce in quale metà lo hai rilasciato, un rapido tocco lo apre senza trascinarlo a tutta lunghezza e può essere catturato e trascinato di nuovo nel mezzo dell'animazione. Inoltre, non si ferma più a metà quando viene tirato a lungo ma non abbastanza lontano.",
cr_whats_new_1_0_1,5,"Settings remembers where you were. Coming back from a sub-menu returns to the place in the list you left rather than to the top, which was most noticeable on the long way down to About and Licenses. The page settings dialog had the opposite problem — one scroll position carried across unrelated sub-menus — and that is fixed too.","Le impostazioni ricordano dove ti trovavi. Tornando da un sottomenu si ritorna al punto dell'elenco che hai lasciato anziché all'inizio, il che era più evidente nel lungo percorso verso Informazioni e Licenze. La finestra di dialogo delle impostazioni della pagina presentava il problema opposto: una posizione di scorrimento trasportata attraverso sottomenu non correlati, e anche questo è stato risolto.",
cr_whats_new_1_0_1,6,"The notification panel now has a button in the pull-down header menu, so the left-edge swipe is no longer the only way to reach it. That let the strip of screen edge reserved for the swipe shrink from 200dp to 88dp: the reserved strip is where Android's own back gesture stops working, and it had been covering the exact corner where the back arrow sits.","Il pannello delle notifiche ora ha un pulsante nel menu dell'intestazione a discesa, quindi lo scorrimento dal bordo sinistro non è più l'unico modo per raggiungerlo. Ciò ha consentito alla striscia del bordo dello schermo riservata allo scorrimento di ridursi da 200 dp a 88 dp: la striscia riservata è il punto in cui il gesto indietro di Android smette di funzionare e copre l'angolo esatto in cui si trova la freccia indietro.",
cr_whats_new_1_0_1,7,"Fixed the app closing instead of the notification panel when back was pressed during the panel's opening animation. Back is also defined for the tabs now — it returns to the first tab before leaving the app, rather than exiting from wherever you happened to have swiped to.","Risolto il problema con la chiusura dell'app anziché del pannello delle notifiche quando veniva premuto Indietro durante l'animazione di apertura del pannello. Ora è definito anche Indietro per le schede: ritorna alla prima scheda prima di lasciare l'app, anziché uscire dal punto in cui ti è capitato di scorrere.",
cr_whats_new_1_0_1,8,"The home switcher panel follows Android's predictive back gesture, sliding out with your finger and springing back if you change your mind.","Il pannello di commutazione home segue il gesto predittivo del ritorno di Android, scivolando fuori con il dito e tornando indietro se cambi idea.",
cr_whats_new_1_0_1,9,"Four more languages: Norwegian, Swedish, Finnish and Arabic. Arabic lays the whole app out right to left — the navigation bar, the panels that slide in from the screen edge, and the swipe that moves between tabs all mirror, rather than only the text changing direction. Product names such as Home Assistant stay in Latin script wherever they appear.","Altre quattro lingue: norvegese, svedese, finlandese e arabo. L'arabo dispone l'intera app da destra a sinistra: la barra di navigazione, i pannelli che scorrono dal bordo dello schermo e lo scorrimento che si sposta tra le schede sono tutti speculari, anziché solo il testo che cambia direzione. I nomi dei prodotti come Home Assistant rimangono in caratteri latini ovunque appaiano.",don't translate Home Assistant
cr_whats_new_1_0_1,10,"Swiping between rooms is much smoother. A room screen is by far the heaviest page in the app, and the next one was being built during the first frames of the swipe — precisely when there was no time for it. It is now prepared while nothing is moving, and live sensor updates wait for the swipe to finish instead of redrawing every open page mid-gesture.","Lo scorrimento tra le stanze è molto più fluido. La schermata di una stanza è di gran lunga la pagina più pesante dell'app e quella successiva veniva creata durante i primi fotogrammi dello scorrimento, proprio quando non c'era tempo per farlo. Ora è pronto mentre nulla si muove e gli aggiornamenti del sensore in tempo reale attendono il completamento dello scorrimento invece di ridisegnare ogni pagina aperta durante il gesto.",
cr_whats_new_1_0_1,11,"The notification panel and the home switcher are dragged rather than flicked open, following your finger and settling where you let go. They close the same way: push them back towards the edge they came from. Tapping the panel itself no longer closes it, which it used to do anywhere you touched that was not a button.","Il pannello delle notifiche e il commutatore di casa vengono trascinati anziché aperti, seguendo il dito e sistemandosi dove hai lasciato andare. Si chiudono allo stesso modo: spingeteli indietro verso il bordo da cui sono venuti. Toccando il pannello stesso non lo si chiude più, cosa che faceva ovunque tu toccassi che non fosse un pulsante.",
cr_whats_new_1_0_1,12,"A horizontal row inside a page — a mode selector, a swipe row, a swiping stack — no longer hands the rest of the gesture to the page once it reaches its end. Picking the first or last item in such a row used to flip the whole page instead.","Una riga orizzontale all'interno di una pagina (un selettore di modalità, una riga di scorrimento, una pila di scorrimento) non trasmette più il resto del gesto alla pagina una volta raggiunta la fine. Scegliere il primo o l'ultimo elemento di una riga veniva invece utilizzato per girare l'intera pagina.",
cr_whats_new_1_0_1,13,"Dialogs with tabs show how many there are and which one you are on, and a sideways swipe anywhere on the dialog changes tab. The swipe used to be written off as a scroll whenever it set off with the slight downward arc a thumb naturally makes, which made it feel like it worked only sometimes.","Le finestre di dialogo con schede mostrano quante ce ne sono e su quale ti trovi, e uno scorrimento laterale in qualsiasi punto della finestra di dialogo cambia la scheda. Lo scorrimento veniva considerato come una pergamena ogni volta che iniziava con il leggero arco verso il basso che un pollice forma naturalmente, il che faceva sembrare che funzionasse solo a volte.",
cr_whats_new_1_0_1,14,"Demo mode no longer talks to the network. Twenty-six requests — the whole HKI 7 Cloud surface plus the event timeline, camera snapshots and vacuum maps — were still being attempted against a server that does not exist, and one of them retried every three seconds for the entire session, filling the connection log with failures. Restarting Home Assistant in the demo is now simulated in a few seconds rather than showing ""restarting"" for two minutes and giving up.","La modalità demo non comunica più con la rete. Ventisei richieste - l'intera superficie HKI 7 Cloud più la cronologia degli eventi, le istantanee delle telecamere e le mappe del vuoto - venivano ancora tentate contro un server che non esiste, e uno di loro ritentava ogni tre secondi per l'intera sessione, riempiendo il registro di connessione di errori. Il riavvio di Home Assistant nella demo ora viene simulato in pochi secondi invece di mostrare ""riavvio"" per due minuti e poi arrendersi.","don't translate HKI 7 Cloud, Home Assistant"
cr_whats_new_1_0_0,1,"New Events tab in the notification drawer: a timeline of what your home has actually been doing. The front door opening, a light going off, someone arriving home — each with the time and, where Home Assistant knows, who did it. An admin picks which entities appear under Settings › Family Sharing › Events, once for the whole family rather than on every phone. It reads Home Assistant's own logbook rather than recording anything on the device, so it still shows what happened overnight while the app was closed, and it opens on the last 3 hours — a timeline answers what just happened — with 6h to 72h a tap away. Events never touch the notification bell's unread count: a timeline of doors opening would leave that badge permanently lit and mean nothing. Requires HKI 7 Cloud 0.9.0.*","Nuova scheda Eventi nel riquadro delle notifiche: una sequenza temporale di ciò che è stato effettivamente fatto nella tua casa. La porta d'ingresso che si apre, una luce che si spegne, qualcuno che arriva a casa: ognuno con l'ora e, dove Home Assistant lo sa, chi è stato. Un amministratore sceglie quali entità vengono visualizzate in Impostazioni > Condivisione in famiglia > Eventi, una volta per tutta la famiglia anziché su ogni telefono. Legge il diario di bordo di Home Assistant invece di registrare qualsiasi cosa sul dispositivo, quindi mostra comunque cosa è successo durante la notte mentre l'app era chiusa e si apre nelle ultime 3 ore - una sequenza temporale risponde a quello che è appena successo - con un tocco da 6 a 72 ore. Gli eventi non toccano mai il conteggio dei non letti del campanello delle notifiche: una sequenza temporale di porte aperte lascerebbe quel badge permanentemente acceso e non significherebbe nulla. Richiede HKI 7 Cloud 0.9.0.*","don't translate HKI 7 Cloud, Home Assistant"
cr_whats_new_1_0_0,2,"An admin can take parts of the timeline away from individual family members — a whole domain, or named entities — from the same Events tab. Everyone sees the full timeline unless something is taken out for them, so adding a person to the family does not mean building their timeline from scratch. The filtering happens in the HKI 7 Cloud component rather than in the app, so a restricted device is never even told which entities it is being kept away from. As with hidden views and rooms, this hides the timeline rather than the entities: Home Assistant has no per-entity read permission for non-admin accounts, so anyone signed in can still read those entities through Home Assistant itself.*","Un amministratore può sottrarre parti della sequenza temporale ai singoli membri della famiglia (un intero dominio o entità denominate) dalla stessa scheda Eventi. Tutti vedono la cronologia completa a meno che non venga eliminato qualcosa per loro, quindi aggiungere una persona alla famiglia non significa costruire la propria cronologia da zero. Il filtraggio avviene nel componente HKI 7 Cloud anziché nell'app, quindi a un dispositivo limitato non viene mai nemmeno detto da quali entità viene tenuto lontano. Come con le viste e le stanze nascoste, questo nasconde la sequenza temporale anziché le entità: Home Assistant non dispone dell'autorizzazione di lettura per entità per gli account non amministratori, quindi chiunque abbia effettuato l'accesso può comunque leggere tali entità tramite Home Assistant stesso.*","don't translate HKI 7 Cloud, Home Assistant"
cr_whats_new_1_0_0,3,"The event roster takes whole domains as well as named entities, so ""every lock"" is one choice rather than eleven. Domains are resolved fresh each time the timeline opens, so a lock added next month joins on its own instead of the roster meaning whatever existed the day it was set. The editor shows what each domain currently covers, since one domain can be hundreds of entities. Requires HKI 7 Cloud 0.10.0.*","L'elenco degli eventi prende in considerazione interi domini e entità denominate, quindi ""ogni blocco"" è una scelta anziché undici. I domini vengono risolti di nuovo ogni volta che si apre la sequenza temporale, quindi un blocco aggiunto il mese successivo si unisce da solo invece del roster, il che significa qualunque cosa esistesse il giorno in cui è stato impostato. L'editor mostra ciò che attualmente copre ciascun dominio, poiché un dominio può contenere centinaia di entità. Requires HKI 7 Cloud 0.10.0.*",don't translate HKI 7 Cloud
cr_whats_new_1_0_0,4,"Events are labelled and filterable by what kind of thing they happened to — Doors, Windows, Motion, Lights, Locks. The filter row is built from what your timeline actually contains, so you are never offered a filter that can only come back empty. Days stay as the list headings: a timeline that reorders itself by category stops being a timeline.","Gli eventi sono etichettati e filtrabili in base al tipo di cosa a cui sono accaduti: porte, finestre, movimento, luci, serrature. La riga del filtro è costruita in base a ciò che contiene effettivamente la sequenza temporale, quindi non ti viene mai offerto un filtro che può solo tornare vuoto. I giorni rimangono come intestazioni dell'elenco: una sequenza temporale che si riordina per categoria smette di essere una sequenza temporale.",
cr_whats_new_1_0_0,5,"Weather artwork now animates in the daily forecast, the hourly strip and the header pill, not only on the hero card. Animation was previously switched off below a fixed size, which caught all three.","La grafica meteorologica ora si anima nelle previsioni giornaliere, nella fascia oraria e nella pillola di intestazione, non solo sulla carta eroe. L'animazione era precedentemente disattivata al di sotto di una dimensione fissa, cosa che li ha catturati tutti e tre.",
cr_whats_new_1_0_0,6,"Where weather artwork animates is now four separate switches — header pill, weather dialog, forecast strips, weather widget — instead of riding on the entity icon animation setting. The forecast strips animate a dozen icons side by side and are the only ones that ever cost anything noticeable, so turning those off need not mean losing the single small icon in the header pill. All four are on by default, and appear both in Settings › Appearance › Icons and in the header pill's own settings.","Il punto in cui si anima la grafica meteorologica è ora costituito da quattro interruttori separati: pillola di intestazione, finestra di dialogo del meteo, strisce di previsione, widget meteo, invece di utilizzare l'impostazione di animazione dell'icona dell'entità. Le strisce di previsione animano una dozzina di icone affiancate e sono le uniche che costano qualcosa di evidente, quindi disattivarle non significa necessariamente perdere la singola piccola icona nella pillola dell'intestazione. Tutti e quattro sono attivi per impostazione predefinita e compaiono sia in Impostazioni › Aspetto › Icone sia nelle impostazioni della pillola dell'intestazione.",
cr_whats_new_1_0_0,7,"The 6h/12h/24h/48h/72h range selector is centred rather than left-aligned everywhere it appears, and gains a 3h option.",Il selettore dell'intervallo 6h/12h/24h/48h/72h è centrato anziché allineato a sinistra ovunque appaia e ottiene un'opzione 3h.,
cr_whats_new_1_0_0,8,"New Connection log at the bottom of Settings › Connection: what the app's connection has actually been doing — connection attempts, reconnects, sync and subscriptions — with buttons to copy or clear it. All of this was already being recorded; nothing displayed it. It holds the last 300 lines and starts empty each launch.","Nuovo registro della connessione nella parte inferiore di Impostazioni › Connessione: cosa ha effettivamente fatto la connessione dell'app (tentativi di connessione, riconnessioni, sincronizzazione e abbonamenti) con pulsanti per copiarlo o cancellarlo. Tutto questo era già stato registrato; niente lo ha mostrato. Contiene le ultime 300 linee e inizia vuoto ad ogni lancio.",
cr_whats_new_1_0_0,9,"A button stack's layout options are now named the same as a single button's. The same shape was called Tile on a button and Compact on a stack, which made them look like different features.","Le opzioni di layout di una pila di pulsanti ora hanno lo stesso nome di quelle di un singolo pulsante. La stessa forma era chiamata Tile on a button e Compact on a stack, il che le faceva sembrare caratteristiche diverse.",
cr_whats_new_1_0_0,10,"New Centered button layout beside Standard, Square and Tile: a square card whose icon sits in the middle of the space above the text, with the name and state centred beneath it. The icon is pushed upward rather than crowded as the text grows. A grid of these reads as a keypad, which is what makes a remote control possible.","Nuovo layout del pulsante centrato accanto a Standard, Quadrato e Tessera: una carta quadrata la cui icona si trova al centro dello spazio sopra il testo, con il nome e lo stato centrati sotto di essa. L'icona viene spinta verso l'alto anziché affollata man mano che il testo cresce. Una griglia di questi si legge come una tastiera, che è ciò che rende possibile un controllo remoto.",
cr_whats_new_1_0_0,11,"A button's icon, name and state are each shown or hidden on their own, under a new Elements section in its settings. The old Icon only switch is gone — hiding both the name and state is what it did, and these also let you keep one of them. Existing icon-only buttons keep working.","L'icona, il nome e lo stato di un pulsante vengono mostrati o nascosti singolarmente, nella nuova sezione Elementi nelle sue impostazioni. Il vecchio interruttore Solo icona è scomparso: nascondere sia il nome che lo stato è ciò che ha fatto, e questi ti consentono anche di mantenerne uno. I pulsanti esistenti di sole icone continuano a funzionare.",
cr_whats_new_1_0_0,12,"A button stack carries the same three switches for all of its children, so a stack of twenty buttons need not be set twenty times. Turning one off on the stack hides it on every button; leaving it on lets each button decide.","Una pila di pulsanti porta gli stessi tre interruttori per tutti i suoi figli, quindi non è necessario impostare una pila di venti pulsanti venti volte. Disattivarne uno nello stack lo nasconde su ogni pulsante; lasciandolo acceso, lascia decidere ogni pulsante.",
cr_whats_new_1_0_0,13,"Fixed the button stack settings dialog stopping about two thirds of the way down with empty space below it, leaving the rest unreachable on a tall phone or a tablet.","Risolto il problema con la finestra di dialogo delle impostazioni della pila di pulsanti che si fermava a circa due terzi della profondità con spazio vuoto sotto di essa, lasciando il resto irraggiungibile su un telefono alto o un tablet.",
cr_whats_new_1_0_0,14,"Navigation bar, media players and popups moved from Settings › Appearance to Settings › Dashboard, below the dashboards themselves. They are parts of what the dashboard is made of rather than how it is styled.","Barra di navigazione, lettori multimediali e popup spostati da Impostazioni › Aspetto a Impostazioni › Dashboard, sotto le dashboard stesse. Sono parti di ciò di cui è fatta la dashboard piuttosto che del suo stile.",
cr_whats_new_1_0_0,15,"Settings › Connection ends with the connection log, and Restart Home Assistant now sits below it rather than above — it is the most disruptive thing on the screen and the least often wanted.",Impostazioni › La connessione termina con il registro della connessione e Riavvia Home Assistant ora si trova sotto di esso anziché sopra: è l'elemento più fastidioso sullo schermo e quello meno desiderato.,don't translate Home Assistant
cr_whats_new_1_0_0,16,"The Events tab gives an admin a button straight to Settings › Family Sharing › Events when nothing is being tracked yet, instead of only naming where to go.","La scheda Eventi fornisce all'amministratore un pulsante direttamente su Impostazioni > Condivisione in famiglia > Eventi quando non viene ancora monitorato nulla, invece di nominare solo dove andare.",
cr_whats_new_1_0_0,17,"Entity and domain pickers list what is already selected first, so undoing a choice does not mean hunting for it alphabetically. The order is fixed when the picker opens, so ticking something does not make it jump away from your finger.","I selettori di entità e dominio elencano per primi ciò che è già selezionato, quindi annullare una scelta non significa cercarla in ordine alfabetico. L'ordine viene fissato all'apertura del selettore, quindi spuntare qualcosa non lo fa saltare via dal tuo dito.",
cr_whats_new_1_0_0,18,"A button stack's heading now has explicit Show name and Show icon switches, plus an option to centre them. Clearing the text field used to be the only way to get a stack with no heading, which hid that it was possible and meant losing the name to hide it.","L'intestazione di una pila di pulsanti ora ha opzioni esplicite Mostra nome e Mostra icona, oltre a un'opzione per centrarli. Cancellare il campo di testo era l'unico modo per ottenere uno stack senza intestazione, il che nascondeva che ciò fosse possibile e significava perdere il nome per nasconderlo.",
cr_whats_new_beta_18,1,"An admin can now change who a published family dashboard is shared with, instead of only being able to choose at the moment of publishing. Settings › Family Sharing › Dashboards lists who each published dashboard reaches, with a Manage access button to add or remove people. Until now the only way to take a dashboard away from one person was to delete it for everybody.*","Un amministratore ora può cambiare con chi viene condivisa una dashboard di famiglia pubblicata, invece di poter scegliere solo al momento della pubblicazione. Impostazioni › Condivisione in famiglia › Dashboard elenca i destinatari di ciascuna dashboard pubblicata, con un pulsante Gestisci accesso per aggiungere o rimuovere persone. Finora l’unico modo per togliere una dashboard a una persona era eliminarla per tutti.*",
cr_whats_new_beta_18,2,"Losing access to a family dashboard now clears what was layered on top of it. The dashboard itself was already removed, but the rooms, widgets, pages, nav bar, header pill and theme it left behind on the device stayed — so the next dashboard an admin shared arrived on top of the previous one's leftovers and looked like it had failed to import in full. Everything that belonged to the revoked dashboard is now removed with it. Home Assistant connections, profiles and notification settings are untouched: losing a dashboard is not being signed out.*","La perdita dell'accesso al dashboard della famiglia ora cancella ciò che vi era sovrapposto. La dashboard stessa era già stata rimossa, ma le stanze, i widget, le pagine, la barra di navigazione, la pillola di intestazione e il tema che aveva lasciato sul dispositivo sono rimasti, quindi la dashboard successiva condivisa da un amministratore arrivava sopra gli avanzi di quella precedente e sembrava che non fosse stata importata completamente. Tutto ciò che apparteneva alla dashboard revocata viene ora rimosso con essa. Le connessioni, i profili e le impostazioni di notifica di Home Assistant rimangono intatti: perdere una dashboard non significa uscire.*",don't translate Home Assistant
cr_whats_new_beta_18,3,"New Devices tab under Settings › Family Sharing, showing which HKI version each family device is running and flagging the ones older than yours, with the Home Assistant account, device name, Android version and when it last reported. Each install records this through the HKI 7 Cloud component over the connection the app already uses, so every signed-in device is covered — including one with Location and Notifications both switched off — and nothing is added to Home Assistant's entity list. A device can only ever report itself. An admin can forget a phone that has been replaced; one still in use reappears the next time its app opens. Requires HKI 7 Cloud 0.7.0.*","La scheda Nuovi dispositivi in Impostazioni > Condivisione in famiglia, che mostra quale versione HKI è in esecuzione su ciascun dispositivo della famiglia e segnala quelli più vecchi del tuo, con l'account Home Assistant, il nome del dispositivo, la versione Android e quando è stato segnalato l'ultima volta. Ogni installazione lo registra tramite il componente HKI 7 Cloud sulla connessione già utilizzata dall'app, quindi ogni dispositivo su cui è stato effettuato l'accesso è coperto, incluso uno con Posizione e Notifiche entrambi disattivati, e nulla viene aggiunto all'elenco delle entità di Home Assistant. Un dispositivo può segnalare solo se stesso. Un amministratore può dimenticare un telefono che è stato sostituito; quello ancora in uso riappare alla successiva apertura dell'app. Richiede HKI 7 Cloud 0.7.0.*","don't translate HKI 7 Cloud, Home Assistant"
cr_whats_new_beta_18,4,"An admin can now require the family to update. ""Require everyone to be on this version"" in the Devices tab sets a household minimum; anyone below it gets a full-screen prompt on their next launch instead of the dashboard, with Google Play's in-app update doing the install. There is also a per-device ""Ask to update"" for when one phone is behind rather than everyone, which clears itself once that device updates. No app can install a newer version of itself, so Play does the actual work — which also means the prompt can only insist when Play genuinely has the update ready. When it does not, the prompt explains why and lets you past for that session, rather than locking someone out of their own locks and alarms over an update they cannot get. You can only require a version some family device already runs. Requires HKI 7 Cloud 0.8.0.*","Un amministratore può ora richiedere l'aggiornamento della famiglia. ""Richiedi a tutti di utilizzare questa versione"" nella scheda Dispositivi imposta un minimo familiare; chiunque al di sotto riceve un messaggio a schermo intero al prossimo avvio invece della dashboard, con l'aggiornamento in-app di Google Play che esegue l'installazione. Esiste anche una funzione ""Richiedi aggiornamento"" per dispositivo per quando un telefono è dietro anziché tutti, che si cancella automaticamente una volta aggiornato il dispositivo. Nessuna app può installare una versione più recente di se stessa, quindi Play fa il lavoro vero e proprio, il che significa anche che il messaggio può insistere solo quando Play ha davvero l'aggiornamento pronto. In caso contrario, il messaggio spiega il motivo e ti consente di passare per quella sessione, invece di bloccare qualcuno fuori dai propri blocchi e allarmi per un aggiornamento che non può ottenere. Puoi richiedere solo una versione già eseguita su alcuni dispositivi della famiglia. Richiede HKI 7 Cloud 0.8.0.*",don't translate HKI 7 Cloud
cr_whats_new_beta_18,5,"Each Family Sharing tab now says for itself when it needs a newer HKI 7 Cloud than the one installed, instead of that only appearing in the summary at the top of the screen. Parental controls, Permissions, Presence and Devices each carry the version they need, so it is clear before you configure a tab whose settings the installed component cannot store yet.","Ogni scheda Family Sharing ora dice da sola quando è necessario un HKI 7 Cloud più recente di quello installato, invece di apparire solo nel riepilogo nella parte superiore dello schermo. Controllo genitori, autorizzazioni, presenza e dispositivi portano ciascuno la versione di cui hanno bisogno, quindi è chiaro prima di configurare una scheda le cui impostazioni il componente installato non può ancora memorizzare.",don't translate HKI 7 Cloud
cr_whats_new_beta_17,1,"Fixed a crash that could take the whole app down during the very first connection attempt after opening it, which read as ""the app won't even open"". The setup that runs on every launch had no error handling of its own, so a failure there — usually an expired session being refreshed on a flaky network — escaped as an unhandled error instead of surfacing as a connection error you could retry. As a backstop, an unexpected error on a background task can no longer terminate the app at all.","Risolto un crash che poteva far crollare l'intera app durante il primo tentativo di connessione dopo l'apertura, che diceva ""l'app non si aprirà nemmeno"". La configurazione eseguita a ogni avvio non prevedeva una propria gestione degli errori, quindi un errore in quel caso (di solito una sessione scaduta aggiornata su una rete instabile) veniva fuori come un errore non gestito invece di emergere come un errore di connessione che potevi riprovare. Come backstop, un errore imprevisto su un'attività in background non può più terminare l'app.",
cr_whats_new_beta_17,2,"The dashboard no longer rebuilds itself every time Home Assistant reports a state change. The home screen tracked the complete entity list, so a single motion sensor tripping or a power meter ticking — several times a second on a busy install — invalidated the whole screen and every widget on it, even when nothing visible had changed. It now watches only what it actually draws.","La dashboard non si ricostruisce più ogni volta che Home Assistant segnala un cambiamento di stato. La schermata iniziale monitorava l'elenco completo delle entità, quindi un singolo intervento del sensore di movimento o il ticchettio di un misuratore di potenza, più volte al secondo su un'installazione occupata, invalidavano l'intero schermo e ogni widget su di esso, anche quando nulla di visibile era cambiato. Ora guarda solo ciò che effettivamente disegna.",don't translate Home Assistant
cr_whats_new_beta_17,3,"Entity icon animations no longer redo layout work on every frame they animate. The spin, pulse and glow effects re-ran the surrounding widget's composition on each animation frame instead of just redrawing the icon, so any dashboard with an active light, an open door or a recording camera paid that cost continuously. The animations look exactly the same.","Le animazioni delle icone delle entità non ripetono più il funzionamento del layout su ogni fotogramma che animano. Gli effetti di rotazione, impulso e bagliore rieseguivano la composizione del widget circostante su ciascun fotogramma di animazione invece di ridisegnare semplicemente l'icona, quindi qualsiasi dashboard con una luce attiva, una porta aperta o una telecamera di registrazione pagava quel costo continuamente. Le animazioni sembrano esattamente le stesse.",
cr_whats_new_beta_17,4,"Fixed the app becoming unresponsive — and eventually killed by Android — when opening the history of a busy entity, such as a motion sensor that logs thousands of state changes a day. Matching each history entry to its actor re-scanned and re-parsed the entire logbook's timestamps from scratch for every single entry, work that scaled with history size squared; a quiet entity never noticed, but a busy one could peg the CPU for ten seconds straight. The logbook is now parsed once instead of once per entry, and the whole fetch runs off the main thread.","Risolto il problema con l'app che non rispondeva (e alla fine veniva uccisa da Android) quando si apriva la cronologia di un'entità occupata, come un sensore di movimento che registra migliaia di cambiamenti di stato al giorno. Facendo corrispondere ogni voce della cronologia al suo attore, sono stati nuovamente scansionati e analizzati da zero i timestamp dell'intero registro per ogni singola voce, lavoro che si è adattato con la dimensione della cronologia al quadrato; un'entità silenziosa non se ne accorgerebbe mai, ma una indaffarata potrebbe tenere agganciata la CPU per dieci secondi di fila. Il registro viene ora analizzato una volta anziché una volta per voce e l'intero recupero viene eseguito dal thread principale.",
cr_whats_new_beta_17,5,"Hardened how the app reads attributes Home Assistant sends for an entity: a value present but shaped unexpectedly (an object or array where a plain number or piece of text was expected) used to throw and crash whatever screen read it, instead of just being treated as missing.","Rafforzato il modo in cui l'app legge gli attributi che Home Assistant invia per un'entità: un valore presente ma modellato in modo imprevisto (un oggetto o un array in cui era previsto un numero semplice o una parte di testo) utilizzato per lanciare e bloccare qualsiasi schermata lo leggesse, invece di essere semplicemente trattato come mancante.",don't translate Home Assistant
cr_whats_new_beta_17,6,"Fixed ""Push to family dashboard"" reporting a dashboard as already up to date no matter what had changed. A dashboard re-imported after a reinstall is stored locally under a different id than the one the cloud copy is published under, and the push check was still looking up the local export by the cloud id, finding nothing, and silently skipping that dashboard on every push.","Risolto il problema con ""Push to family dashboard"" che segnalava una dashboard come già aggiornata, indipendentemente da cosa fosse cambiato. Un dashboard reimportato dopo una reinstallazione viene archiviato localmente con un ID diverso da quello con cui è pubblicata la copia cloud e il controllo push cercava ancora l'esportazione locale in base all'ID cloud, senza trovare nulla e saltando silenziosamente quel dashboard a ogni push.",
cr_whats_new_beta_15,1,"The Formula 1 widget gains two new tabs and expands two existing ones. Calendar lists the season's races in order, with each circuit and the host country's flag. Grid shows the starting grid, with each driver's move up or down from where they qualified. Standings can now show a championship prediction alongside the points table — current and predicted final points, for drivers or constructors — when F1 Sensor's optional F1TV Auth is set up. Live gains a proper timing list: gap to the leader, interval to the car ahead, tyre compound and stint length, and pit/retired status for every driver, plus which lap the leader is on.","Il widget Formula 1 ottiene due nuove schede ed espande due esistenti. Il calendario elenca le gare della stagione in ordine, con ciascun circuito e la bandiera del paese ospitante. Griglia mostra la griglia di partenza, con il movimento di ogni pilota verso l'alto o verso il basso rispetto al punto in cui si è qualificato. Le classifiche ora possono mostrare una previsione del campionato accanto alla tabella dei punti (punti finali attuali e previsti, per piloti o costruttori) quando è impostata l'autenticazione F1TV opzionale di F1 Sensor. Live ottiene un elenco dei tempi corretto: distacco dal leader, intervallo rispetto alla vettura che precede, mescola degli pneumatici e lunghezza dello stint, stato di pit/ritiro per ogni pilota, oltre al giro in cui si trova il leader.",
cr_whats_new_beta_15,2,"Fixed shared family dashboards failing to update at all once the owner added a widget type introduced in a newer app version, such as the To-Do List or Formula 1 widgets. A single unrecognized widget used to fail the whole dashboard, so a family member on an older build stopped receiving any of that dashboard's changes instead of just missing the new widget. Unrecognized widgets are now skipped individually, so the rest of a shared dashboard keeps working across app versions.","Risolto il problema con i dashboard familiari condivisi che non si aggiornavano affatto una volta che il proprietario aggiungeva un tipo di widget introdotto in una versione più recente dell'app, come l'elenco delle cose da fare o i widget di Formula 1. Un singolo widget non riconosciuto faceva fallire l'intero dashboard, quindi un membro della famiglia su una build precedente smetteva di ricevere le modifiche di quel dashboard invece di perdere semplicemente il nuovo widget. I widget non riconosciuti ora vengono saltati individualmente, quindi il resto di una dashboard condivisa continua a funzionare tra le versioni dell'app.",
cr_whats_new_beta_15,3,"The To-Do widget's square card can now feature one whole list instead of items individually flagged high priority. A new Hero list picker in the widget's General tab — shown once it has at least one tab — chooses which list's open items appear on the card, labelled with that list's name, so what you see at a glance is a specific list like Chores rather than a scattered mix pulled from every tab. Deleting a tab that's currently the hero list clears the setting automatically.","La scheda quadrata del widget Cose da fare ora può contenere un intero elenco anziché elementi contrassegnati individualmente con priorità alta. Un nuovo selettore dell'elenco degli eroi nella scheda Generale del widget, mostrato quando ha almeno una scheda, sceglie quali elementi aperti dell'elenco appaiono sulla carta, etichettati con il nome di quell'elenco, quindi quello che vedi a colpo d'occhio è un elenco specifico come Lavori domestici piuttosto che un mix sparso estratto da ogni scheda. L'eliminazione di una scheda che attualmente è l'elenco degli eroi cancella automaticamente l'impostazione.",
cr_whats_new_beta_15,4,"Fixed the app crashing whenever it needed to reconnect to Home Assistant or the connection failed. The in-app push-notification channel ran its subscription in a way that let a dropped connection's error skip past the surrounding error handling entirely and crash the app outright. A separate mismatch also meant every single reconnect immediately tore the whole sync stack down and rebuilt it a second time, racing its own freshly made connection. Both are fixed.","Risolto il problema con l'arresto anomalo dell'app ogni volta che era necessario riconnettersi a Home Assistant o la connessione non riusciva. Il canale di notifica push in-app ha eseguito il suo abbonamento in modo tale da consentire all'errore di una connessione interrotta di ignorare completamente la gestione degli errori circostanti e di bloccare completamente l'app. Una mancata corrispondenza separata significava anche che ogni singola riconnessione distruggeva immediatamente l'intero stack di sincronizzazione e lo ricostruiva una seconda volta, correndo con la propria connessione appena creata. Entrambi sono fissi.",don't translate Home Assistant
cr_whats_new_beta_14,1,"Settings › Family Sharing now shows which HKI 7 Cloud version is installed, and — if it's behind — exactly which family features that leaves unavailable, each labelled with the version that unlocks it. Previously the only way to find out a component was out of date was to hit a save that silently dropped part of what you configured.*","Impostazioni › Family Sharing ora mostra quale versione di HKI 7 Cloud è installata e, se è indietro, esattamente quali funzionalità familiari non sono disponibili, ciascuna etichettata con la versione che la sblocca. In precedenza, l'unico modo per scoprire che un componente non era aggiornato era eseguire un salvataggio che eliminava silenziosamente parte di ciò che era stato configurato.*",don't translate HKI 7 Cloud
cr_whats_new_beta_14,2,"New To-Do List widget: a shared checklist or shopping list the whole family can add to. Items support an optional quantity, category, priority (low, normal or high, shown as a flag) and due date, with Added by and Checked by attribution when more than one person edits the list. Choose Manual, A–Z, Priority, or Newest-first ordering, and filter between To do, All, and Done from the dialog. Editing can be limited to everyone, specific family members picked from the real Home Assistant user list, or admins only, enforced the same way the rest of the app's family permissions are. It follows the same design as every other widget, with the usual General, Permissions, Appearance and Visibility settings tabs.","Nuovo widget Elenco cose da fare: una lista di controllo condivisa o una lista della spesa a cui tutta la famiglia può aggiungere. Gli elementi supportano una quantità, una categoria, una priorità (bassa, normale o alta, mostrata come flag) e una data di scadenza opzionali, con attribuzione Aggiunto da e Controllato da quando più di una persona modifica l'elenco. Scegli Manuale, A–Z, Priorità o Ordinamento dal più recente e filtra tra Da fare, Tutto e Fine dalla finestra di dialogo. La modifica può essere limitata a tutti, a membri specifici della famiglia selezionati dall'elenco degli utenti reali di Home Assistant o solo agli amministratori, applicati allo stesso modo del resto delle autorizzazioni familiari dell'app. Segue lo stesso design di ogni altro widget, con le solite schede delle impostazioni Generale, Autorizzazioni, Aspetto e Visibilità.",don't translate Home Assistant
cr_whats_new_beta_14,3,"Room following can now be set to only place someone in the right room when the app starts, without tracking them for the rest of the session. The existing Ask before switching rooms switch only chose between asking and switching silently; there was no way to get the one-time placement without the app continuing to follow every move afterward. A new Keep following while the app is open switch under each person's room-following settings turns that continued tracking off on its own, leaving Open their room when the app starts to do the one placement it always did.*","Ora è possibile impostare il seguito della stanza per posizionare qualcuno solo nella stanza giusta all'avvio dell'app, senza monitorarlo per il resto della sessione. L'attuale interruttore Chiedi prima di cambiare stanza sceglieva solo tra chiedere e cambiare silenziosamente; non c'era modo di ottenere il posizionamento una tantum senza che l'app continuasse a seguire ogni mossa successiva. Un nuovo interruttore Continua a seguire mentre l'app è aperta nelle impostazioni di follow-up della stanza di ogni persona attiva il monitoraggio continuo da solo, lasciando Apri la stanza quando l'app inizia a eseguire l'unico posizionamento che ha sempre fatto.*",
cr_whats_new_beta_14,4,"New Formula 1 widget, for the F1 Sensor integration. The card shows the next race with a countdown and the circuit outline; opening it gives four tabs — Next race with the full session schedule and trackside weather, Standings for drivers and constructors, Results for the last grand prix with places gained or lost, and a Live tab that appears only while a session is running, showing the flag and race control messages. It finds its sensors on its own: F1 Sensor lets you rename its entities and pick a language, so the widget matches on the integration's stable internal keys rather than entity ids.","Nuovo widget Formula 1 per l'integrazione F1 Sensor. La card mostra la prossima gara con conto alla rovescia e il profilo del circuito; aprendola ci sono quattro schede — Prossima gara con il programma completo delle sessioni e il meteo in pista, Classifica piloti e costruttori, Risultati dell'ultimo gran premio con le posizioni guadagnate o perse, e una scheda Live che compare solo durante una sessione, con la bandiera e i messaggi della direzione gara. Trova i sensori da sé: F1 Sensor consente di rinominare le entità e scegliere una lingua, quindi il widget cerca tramite le chiavi interne stabili dell'integrazione anziché gli id delle entità.",
cr_whats_new_beta_14,5,"New Find my devices widget: a map of your phones, watches, tags and trackers. Add any device_tracker or person entity; the ones reporting GPS appear as pins on the map, the rest are still listed with their state. Tick as many as you like to show them together, or leave nothing ticked to see everything. Three filters narrow the list: All, Devices, and People. The card follows the same design as the other widgets, so background image, icon, width, shape and corner radius all work as you would expect.","Nuovo widget Trova i miei dispositivi: una mappa di telefoni, orologi, tag e localizzatori. Aggiungi qualsiasi entità device_tracker o person; quelle che riportano il GPS compaiono come segnaposto, le altre restano in elenco con il loro stato. Selezionane quanti vuoi per vederli insieme, oppure non selezionarne nessuno per vederli tutti. Tre filtri restringono l'elenco: Tutti, Dispositivi e Persone. La card segue lo stesso design degli altri widget, quindi immagine di sfondo, icona, larghezza, forma e raggio degli angoli funzionano come previsto.",
cr_whats_new_beta_14,6,"The maps in the app no longer look like a printed atlas. HKI now uses the same muted CARTO basemap that Home Assistant's own map card uses, instead of the standard OpenStreetMap rendering, which was designed as a mapper's reference render rather than a background for an app. It also has a proper dark variant, so the map finally follows your theme instead of glowing white inside a dark dialog.","Le mappe dell'app non sembrano più un atlante stampato. HKI usa ora la stessa mappa base CARTO sobria della card mappa di Home Assistant, al posto del rendering standard di OpenStreetMap, pensato come riferimento per cartografi e non come sfondo di un'app. C'è anche una vera variante scura, così la mappa segue finalmente il tema invece di illuminarsi di bianco in una finestra scura.",don't translate Home Assistant
cr_whats_new_beta_14,7,"Fixed room following doing nothing at all once Ask before switching rooms was turned off. That switch was being treated as a master off-switch for the whole feature, so with prompting disabled the app neither asked nor moved. It now does what it says: with prompting on you get the prompt, with it off the room simply opens. Don't ask again until I restart still stops both, since trading a prompt for a surprise jump would be worse.","Corretto il fatto che il seguire le stanze non facesse assolutamente nulla una volta disattivato Chiedi prima di cambiare stanza. Quell'interruttore veniva trattato come uno spegnimento generale della funzione, quindi senza richiesta l'app non chiedeva né cambiava. Ora fa quello che dice: con la richiesta attiva ti chiede, con essa disattivata la stanza si apre e basta. Non chiedere più fino al riavvio continua a fermare entrambe le cose, perché un salto a sorpresa sarebbe peggio di una domanda.",
cr_whats_new_beta_14,8,"Fixed the waste widget's settings dialog being cut off around two thirds of the way down while empty space sat below it. The dialog reserves a tall card but its contents were capped at a fixed height, so the scroll area stopped short of the space available. Both the settings dialog and the waste dialog itself now use the full height.","Corretta la finestra impostazioni del widget rifiuti che veniva tagliata a due terzi lasciando spazio vuoto sotto. La finestra riserva una card alta, ma il contenuto era limitato a un'altezza fissa, quindi l'area scorrevole non arrivava allo spazio disponibile. Entrambe le finestre usano ora tutta l'altezza.",
cr_whats_new_beta_14,9,"The waste dialog's calendar can now look 7, 14 or 28 days ahead, and is drawn as a week grid like the calendar widget rather than a flat list: weekday columns, one row per week, and a coloured dot per collection in its fraction's colour. Tap a day to see what is collected then; it opens on the next day with a collection.","Il calendario della finestra rifiuti può ora guardare 7, 14 o 28 giorni avanti ed è disegnato come griglia settimanale, come il widget calendario, invece che come elenco piatto: colonne per giorno, una riga per settimana e un pallino colorato per ogni raccolta nel colore della sua frazione. Tocca un giorno per vedere cosa viene raccolto; si apre sulla prossima raccolta.",
cr_whats_new_beta_14,10,"Parcel dialogs now say Today or Tomorrow instead of naming the weekday. The whole question a delivery date answers is how soon, and “Wednesday” on a Wednesday made you work that out yourself.","Le finestre dei pacchi ora dicono Oggi o Domani invece del nome del giorno. La domanda a cui risponde una data di consegna è fra quanto, e “mercoledì” di mercoledì te lo faceva calcolare da solo.",
cr_whats_new_beta_14,11,"The +2 bubble in the header, shown when there are more people than fit, now opens. Tapping it lists everyone with their name and state, and picking someone opens their detail dialog as usual. Previously those people were simply unreachable on a narrow header.","La bolla “+2” nell'intestazione, mostrata quando ci sono più persone di quante ne stiano, ora risponde. Toccandola vengono elencate tutte con nome e stato, e sceglierne una apre la sua finestra di dettaglio come sempre. Prima quelle persone erano semplicemente irraggiungibili con un'intestazione stretta.",
cr_whats_new_beta_14,12,"Fixed the map in the person dialog overflowing the dialog on a tablet or unfolded foldable. The map was drawn as a square as wide as the dialog, so on a 620dp-wide card it became 620dp tall and pushed the address off the bottom. It now takes the height left over instead.","Corretto il fatto che la mappa nella finestra della persona uscisse dalla finestra su tablet e pieghevoli aperti. La mappa veniva disegnata come quadrato largo quanto la finestra, quindi su una card larga 620dp diventava alta 620dp e spingeva fuori l'indirizzo. Ora occupa l'altezza rimanente.",
cr_whats_new_beta_14,13,"Fixed notifications going undelivered while Home Assistant reported the device as not connected to local push notifications, even with the app open. The app stood aside for its background connection whenever the settings said that connection should be running — but when Android refused to start it, such as after a reboot, nothing was listening at all. The app now checks whether that connection is really running rather than whether it is meant to be, takes over when it is not, and hands the channel back the moment it does come up.","Corretto il mancato arrivo delle notifiche mentre Home Assistant segnalava il dispositivo come non connesso alle notifiche push locali, anche con l'app aperta. L'app si faceva da parte per la sua connessione in background non appena le impostazioni dicevano che doveva essere attiva, ma se Android si rifiutava di avviarla — dopo un riavvio, ad esempio — non ascoltava nessuno. Ora controlla se quella connessione è davvero attiva anziché se dovrebbe esserlo, subentra quando non lo è e restituisce il canale appena parte.",don't translate Home Assistant
cr_whats_new_beta_14,14,"Fixed room-following settings not taking effect on the device you changed them from. Turning following off, or changing how long a room must hold before it counts as a move, was written to the companion component but not to the device's own cached copy — so it kept following, and kept using the old dwell time, until the app was next started. Changes now apply immediately. The dwell slider also no longer offers zero seconds, which made the very first sensor reading count as a move.","Corretto il fatto che le impostazioni del seguire le stanze non avessero effetto sul dispositivo da cui venivano cambiate. Disattivare il seguimento, o cambiare quanto a lungo una stanza deve reggere prima di contare come spostamento, veniva scritto nel componente companion ma non nella copia locale del dispositivo, quindi continuava a seguire e a usare il vecchio tempo fino al riavvio dell'app. Le modifiche ora valgono subito. Il cursore inoltre non offre più zero secondi, cosa che faceva contare come spostamento la primissima lettura del sensore.",
cr_whats_new_beta_14,15,"The Formula 1 card now says one thing: the next grand prix and when it is — “Today 15:00” on the day, otherwise the date and time, in your own timezone. Track status is gone from it, because outside a session that read “Not running”, which is not what anyone glances at the card for. The status sits in the same dark pill the camera, vacuum and waste cards use, so it lines up with the rest of your dashboard again. The circuit outline stays as a faint watermark and the host country flag in the corner. The widget also no longer asks which F1 instance to use — it reads everything the integration publishes, so the dialog always has the full picture.","La card Formula 1 ora dice una cosa sola: il prossimo gran premio e quando è — “Oggi 15:00” il giorno stesso, altrimenti data e ora, nel tuo fuso. Lo stato pista sparisce: fuori da una sessione riportava “Non in corso”, e non è per questo che si guarda la card. Lo stato sta nella stessa pillola scura delle card camera, aspirapolvere e rifiuti, quindi torna in linea con il resto della dashboard. Il profilo del circuito resta come filigrana tenue e la bandiera del paese ospitante nell'angolo. Il widget inoltre non chiede più quale istanza F1 usare: legge tutto ciò che l'integrazione pubblica, così la finestra ha sempre il quadro completo.",
cr_whats_new_beta_14,16,"The To-Do List dialog's undo/redo and Close buttons moved from the title row to the bottom action bar, matching every other dialog in the app.","I pulsanti Annulla/Ripeti e Chiudi della finestra di dialogo Elenco cose da fare sono stati spostati dalla riga del titolo alla barra delle azioni inferiore, corrispondendo a tutte le altre finestre di dialogo nell'app.",
cr_whats_new_beta_14,17,* HKI 7 Cloud Component integration required.,* È richiesta l’integrazione HKI 7 Cloud Component.,don't translate HKI 7 Cloud
cr_whats_new_beta_13,1,"HKI can now follow you from room to room. Point it at a room-presence sensor such as ESPresense and it opens the room you are in when the app starts, then offers to switch views when you move somewhere else. Rooms also gain a purple counter showing how many people are in them, beside the motion and presence counters. An admin sets this up for the whole family under Settings › Family Sharing › Presence: pick each person's sensor and how long a new room must hold before it counts as a move. Sensor rooms named after your Home Assistant areas are matched automatically.*","HKI può ora seguirti di stanza in stanza. Indicagli un sensore di presenza come ESPresense: all'avvio l'app apre la stanza in cui ti trovi e propone di cambiare vista quando ti sposti. Le stanze ottengono anche un contatore viola con il numero di persone presenti, accanto ai contatori di movimento e presenza. Un amministratore lo configura per tutta la famiglia in Impostazioni › Condivisione famiglia › Presenza: il sensore di ogni persona e quanto deve durare una nuova stanza prima di valere come spostamento. Le stanze del sensore chiamate come le tue aree di Home Assistant vengono abbinate automaticamente.*",don't translate Home Assistant
cr_whats_new_beta_13,2,"Notifications from Home Assistant can now carry action buttons. Add actions to a notify.mobile_app_… message and each one appears on the notification; tapping it sends the action back to Home Assistant, where an automation can respond. The buttons also appear on the in-app banner and in the notification drawer, because HKI hides system notifications while it is open. A URI action opens its link, a REPLY action takes a typed answer, and an action tapped while offline is delivered once the connection returns. Each notification can be actioned once.","Le notifiche di Home Assistant possono ora contenere pulsanti di azione. Aggiungendo actions a un messaggio notify.mobile_app_…, ognuna compare sulla notifica; toccandola l'azione viene inviata a Home Assistant, dove un'automazione può reagire. I pulsanti compaiono anche nel banner nell'app e nel pannello delle notifiche, perché HKI nasconde le notifiche di sistema mentre è aperta. Un'azione URI apre il suo link, un'azione REPLY accetta una risposta scritta e un'azione toccata offline viene consegnata al ritorno della connessione. Ogni notifica può essere usata una volta.",don't translate Home Assistant
cr_whats_new_beta_13,3,"New Action button: a button that needs no entity at all. Give it a name, an icon, and whatever tap, hold, or double-tap action you like — navigate to a view or room, call a Home Assistant action, open a URL or a custom popup. Add one from the widget picker, from a button stack, or as an action badge in the badge area beside the header.","Novità: il pulsante azione, un pulsante che non richiede alcuna entità. Dagli un nome, un’icona e l’azione che preferisci per tocco, pressione prolungata o doppio tocco: passare a una vista o a una stanza, chiamare un’azione di Home Assistant, aprire un URL o una finestra personalizzata. Si aggiunge dal selettore dei widget, da una pila di pulsanti o come badge azione nell’area badge accanto all’intestazione.",don't translate Home Assistant
cr_whats_new_beta_13,4,"Icon-only buttons can now be sized. Auto shrinks the icon as a stack gains columns, which is what makes icon-only usable in the four-, five-, and six-column custom popups where a fixed-size icon used to overflow the button. A button can also be given its own size.","I pulsanti con sola icona ora si possono dimensionare. Automatico riduce l'icona man mano che la pila guadagna colonne, il che rende la sola icona utilizzabile nelle finestre a quattro, cinque e sei colonne dove una dimensione fissa straripava. Un pulsante può anche avere la propria dimensione.",
cr_whats_new_beta_13,5,"Button stacks can push their appearance onto every button they hold: one Icon only for every button switch instead of the same switch on twenty buttons, plus an icon size they all inherit. A single button can still override the size.","Le pile di pulsanti possono imporre il proprio aspetto a tutti i pulsanti contenuti: un solo interruttore Solo icona per ogni pulsante invece dello stesso su venti pulsanti, più una dimensione icona ereditata da tutti. Un singolo pulsante può ancora sovrascriverla.",
cr_whats_new_beta_13,6,"The quick start guide can be browsed by hand. Swipe the gesture preview, tap a dot, or tap any tip to jump to it. It still plays on its own until you take over.","La guida rapida ora si sfoglia a mano. Scorri l'anteprima del gesto, tocca un puntino o un suggerimento per saltarci. Continua a scorrere da sola finché non prendi il controllo.",
cr_whats_new_beta_13,7,"Fixed the waste widget showing the wrong icon and colour for every collection type outside Dutch: the type was matched against the translated label, so PMD shown as Packaging fell through to a generic grey-blue bin. PMD is orange with a recycling symbol again.","Risolto il widget rifiuti che mostrava icona e colore sbagliati fuori dall'olandese: il tipo veniva confrontato con l'etichetta tradotta, così PMD mostrato come Packaging finiva in un bidone grigio-azzurro generico. PMD è di nuovo arancione con il simbolo del riciclo.",
cr_whats_new_beta_13,8,"Fixed the room-following prompt appearing after Ask before switching rooms was turned off, and for the room already on screen. It now also offers Don't ask again until I restart the app, and the wait time can be set whether or not prompting is on.","Risolto il messaggio di cambio stanza che compariva dopo aver disattivato Chiedi prima di cambiare stanza, e per la stanza già a schermo. Ora offre anche Non chiedere più fino al prossimo avvio, e l'attesa si imposta comunque.",
cr_whats_new_beta_13,9,"Flows can express Any of these and nested logic, not just a flat list of ANDs. A group opens into its own list with a breadcrumb, and groups can hold groups, so motion detected AND (after sunset OR guest mode on) is buildable. It is the same structure Home Assistant's own editor writes, so a flow made in HA that used OR is no longer an untouchable advanced block.","I flussi ora esprimono « Una qualsiasi » e la logica annidata, non solo un elenco piatto di E. Un gruppo si apre in un proprio elenco con percorso di navigazione, e i gruppi possono contenere gruppi: « movimento rilevato E (dopo il tramonto O modalità ospite attiva) » diventa costruibile. È la stessa struttura scritta dall'editor di automazioni di Home Assistant, quindi un flusso creato in HA con OR non è più un blocco avanzato intoccabile.",don't translate Home Assistant
cr_whats_new_beta_13,10,"Thermostat dials on the Climate view no longer squeeze six across a landscape foldable. Dials hold at four per row until the window is genuinely desktop-wide, so each keeps enough width to read.","I quadranti del termostato nella vista Clima non si stringono più in sei su un pieghevole in orizzontale. Restano quattro per riga finché la finestra non è davvero molto larga, così ognuno mantiene la larghezza per essere letto.",
cr_whats_new_beta_13,11,"The Waiting for notifications message now has a Hide this notification button that jumps straight to its Android channel settings, where switching the channel off hides it for good while the connection keeps working. Android will not let a background connection run without a visible notification, so this is as far as muting can go. It also switches itself on when you have more than one Home Assistant server.","Il messaggio « In attesa di notifiche » ha ora un pulsante « Nascondi questa notifica » che porta direttamente alle impostazioni del suo canale Android. Disattivandolo lì sparisce per sempre, mentre la connessione continua. Android non consente una connessione in background senza notifica visibile, oltre non si può silenziare. Si attiva anche da sola se hai più di un server Home Assistant.",don't translate Home Assistant
cr_whats_new_beta_13,12,"The vacuum widget can now draw a Valetudo map itself. Choose Valetudo map as the button image and point it at your robot's map camera: HKI reads the map data Valetudo hides inside that camera's PNG and draws the floor, walls, rooms, the robot, its dock and the path it has taken. No add-on, custom component or extra Home Assistant integration is involved, and the map refreshes on its own while the robot is cleaning.","Il widget aspirapolvere ora può disegnare da sé una mappa Valetudo. Scegli Mappa Valetudo come immagine del pulsante e puntala alla camera mappa del robot: HKI legge i dati che Valetudo nasconde nel PNG di quella camera e disegna pavimento, muri, stanze, il robot, la base e il percorso seguito. Non servono add-on, componenti personalizzati o integrazioni Home Assistant aggiuntive, e la mappa si aggiorna da sola mentre il robot pulisce.","don't translate Home Assistant, Valetudo"
cr_whats_new_beta_13,13,"Tap a room on the Valetudo map to send the robot to clean it. Rooms use the names you gave them in Valetudo. Cleaning a single room goes through Home Assistant's clean_area action, so first map the robot's segments to your areas in Home Assistant — until you do, the map says so instead of leaving the tap doing nothing.","Tocca una stanza sulla mappa Valetudo per mandarci il robot. Le stanze usano i nomi che hai dato loro in Valetudo. Pulire una singola stanza passa dall'azione clean_area di Home Assistant, quindi associa prima i segmenti del robot alle tue aree — finché non lo fai, la mappa lo segnala invece di ignorare il tocco.","don't translate Home Assistant, Valetudo"
cr_whats_new_beta_13,14,"The vacuum settings now warn that plain Map camera on a Valetudo map entity shows a blank tile. Valetudo deliberately does not render the map on the robot, so its PNG is only a container for the data — Valetudo map is the mode that shows something.","Le impostazioni dell'aspirapolvere ora avvisano che Camera mappa mostra un riquadro vuoto su un'entità mappa Valetudo. Valetudo di proposito non disegna la mappa sul robot, quindi il PNG è solo un contenitore di dati: Mappa Valetudo è la modalità che mostra davvero qualcosa.",don't translate Valetudo
cr_whats_new_beta_13,15,"The vacuum dialog now shows a Valetudo map whenever the map camera you picked actually carries one, whatever the button image is set to — the button image only decides how the tile on the dashboard looks. Cameras that turn out not to be Valetudo maps still show their picture, and HKI stops re-checking once it knows.","La finestra dell'aspirapolvere ora mostra una mappa Valetudo ogni volta che la camera mappa scelta ne contiene una, qualunque sia l'immagine del pulsante: quella decide solo l'aspetto del riquadro sulla dashboard. Le camere che non sono mappe Valetudo continuano a mostrare la loro immagine, e HKI smette di ricontrollare una volta che lo sa.",don't translate Valetudo
cr_whats_new_beta_13,16,"The robot image now spins while the vacuum is cleaning or returning to its dock, using the same icon animation settings as the rest of the app. A button's own animation setting still overrides it, and Off keeps it still.","L'immagine del robot ora ruota mentre l'aspirapolvere pulisce o torna alla base, con le stesse impostazioni di animazione delle icone del resto dell'app. L'impostazione propria di un pulsante ha ancora la precedenza, e Off la lascia ferma.",
cr_whats_new_beta_13,17,* HKI 7 Cloud Component integration required.,* È richiesta l’integrazione HKI 7 Cloud Component.,don't translate HKI 7 Cloud
cr_whats_new_beta_12,1,"Button widgets and button stacks can now hold an empty, fully transparent button. It takes up a grid cell without drawing anything, so the buttons around it line up exactly where you want them.","I widget e le pile di pulsanti possono ora contenere un pulsante vuoto, del tutto trasparente. Occupa una cella della griglia senza disegnare nulla, così i pulsanti vicini si allineano esattamente dove vuoi.",
cr_whats_new_beta_12,2,Buttons can show just their icon. The new Icon only switch under a button's Appearance settings drops the name and state and centers a larger icon on the button.,I pulsanti possono mostrare solo la propria icona. Il nuovo interruttore «Solo icona» nell’aspetto di un pulsante nasconde nome e stato e centra un’icona più grande.,
cr_whats_new_beta_12,3,"New Custom popup action for buttons, badges, and dialog buttons. Point any tap, hold, or double tap at a popup you build yourself: it opens with the usual dialog title, status, history, and close controls, and you fill it with any widget the app offers. Popups are listed under Settings › Appearance › Popups, where Edit contents opens one ready to arrange. Popups are shared, so several buttons can open the same one, and stacks inside a popup can use up to six columns instead of three. While a popup is being arranged, a Done button sits beside Add widget to leave edit mode without closing it.","Nuova azione Finestra personalizzata per pulsanti, badge e pulsanti delle finestre di dialogo. Collega tocco, pressione prolungata o doppio tocco a una finestra creata da te: si apre con titolo, stato, cronologia e chiusura consueti e la riempi con qualsiasi widget dell’app. Le finestre sono elencate in Impostazioni › Aspetto › Finestre, dove «Modifica contenuto» ne apre una pronta da disporre. Sono condivise, quindi più pulsanti possono aprire la stessa, e le pile al loro interno possono usare fino a sei colonne invece di tre. Mentre disponi una finestra, un pulsante Fine appare accanto ad Aggiungi widget per uscire dalla modalità modifica senza chiuderla.",
cr_whats_new_beta_12,4,"Fixed the Energy detail views (Solar, Electricity, Gas, Water, City heating, Battery) drawing their cards flush against each other with their headings missing. Production, Forecast, Inverters and the rest were hidden behind the card below them; the cards now keep their headings and the usual spacing.","Risolte le viste di dettaglio Energia (Solare, Elettricità, Gas, Acqua, Teleriscaldamento, Batteria) che disegnavano le schede attaccate e senza titoli. «Produzione», «Previsione», «Inverter» e le altre finivano dietro la scheda successiva; ora le schede mantengono i titoli e la consueta spaziatura.",
cr_whats_new_beta_12,5,"Fixed Parental Controls refusing to save. An out-of-date HKI 7 Cloud component rejects the Visible and Invisible lists, which used to fail the whole policy; the permissions now save regardless and the message says the component needs updating. Those lists only filter entity lists such as global search — a button on a family dashboard stays visible unless it is hidden for that person explicitly.*","Risolto il mancato salvataggio dei Controlli parentali. Un componente HKI 7 Cloud non aggiornato rifiuta gli elenchi Visibile e Invisibile, facendo fallire l’intero criterio; ora le autorizzazioni vengono comunque salvate e il messaggio segnala che il componente va aggiornato. Quegli elenchi filtrano solo gli elenchi di entità come la ricerca globale: un pulsante su una dashboard di famiglia resta visibile a meno che non sia nascosto esplicitamente per quella persona.*",don't translate HKI 7 Cloud
cr_whats_new_beta_12,6,* HKI 7 Cloud Component integration required.,* È richiesta l’integrazione HKI 7 Cloud Component.,don't translate HKI 7 Cloud
cr_whats_new_beta_11,1,"Rooms, Climate, Security, Energy, and Battery dashboards now make better use of tablets and foldables. Large cards follow the Home and individual-room 1/2/3-column layout, while compact tiles auto-fit without becoming cramped. Climate, Security, and Energy cards use a height-aware masonry layout on wider displays, eliminating large gaps below shorter cards.","Le dashboard Stanze, Clima, Sicurezza, Energia e Batteria sfruttano meglio tablet e dispositivi pieghevoli. Le schede grandi seguono il layout a una, due o tre colonne di Home e delle singole stanze, mentre i riquadri compatti si adattano automaticamente senza diventare troppo stretti. Su schermi ampi, le schede Clima, Sicurezza ed Energia usano un layout masonry basato sull’altezza, eliminando i grandi spazi sotto le schede più corte.",
cr_whats_new_beta_11,2,State-colored icons on entity buttons and header/status pills now preserve their semantic hue while automatically shifting lighter or darker when they would blend into the current theme.,"Le icone colorate in base allo stato sui pulsanti delle entità e sugli indicatori di intestazione o stato mantengono la tonalità riconoscibile, ma diventano automaticamente più chiare o più scure se rischiano di confondersi con il tema corrente.",
cr_whats_new_beta_11,3,"Selecting a family dashboard during onboarding now subscribes that installation to it. Owner edits are published when Save or Done is tapped, active clients refresh immediately, and offline clients reconcile when reopened. Non-admin subscribers cannot create or duplicate dashboards unless the app is fully reset.*","Selezionando una dashboard familiare durante la configurazione, questa installazione viene ora iscritta. Le modifiche del proprietario vengono pubblicate con Salva o Fine, i client attivi si aggiornano subito e quelli offline si sincronizzano alla riapertura. Gli utenti non amministratori non possono creare o duplicare dashboard fino al ripristino completo dell’app.*",
cr_whats_new_beta_11,4,"Dashboard setup during onboarding can now restore a local, Google Drive, or Home Assistant backup. New Google Drive and Home Assistant backups use consistent, informative names containing the app version and creation date.*","La configurazione iniziale della dashboard ora può ripristinare un backup locale, di Google Drive o di Home Assistant. I nuovi backup di Google Drive e Home Assistant usano nomi coerenti e informativi con la versione dell’app e la data di creazione.*","don't translate Home Assistant, Google Drive"
cr_whats_new_beta_11,5,"Calendar widgets become vertically scrollable when their height is too small for every event, and hidden Home widgets are removed from the layout instead of leaving an empty space.","I widget Calendario diventano scorrevoli verticalmente quando non sono abbastanza alti per tutti gli eventi, mentre i widget Home nascosti vengono rimossi dal layout senza lasciare spazi vuoti.",
cr_whats_new_beta_11,6,"Parcel carrier cards now show the earliest expected delivery date and time for active incoming or outgoing shipments, including integrations that expose a separate next-delivery sensor.","Le schede dei corrieri ora mostrano la prima data e ora di consegna prevista per le spedizioni attive in entrata o in uscita, incluse le integrazioni con un sensore separato per la prossima consegna.",
cr_whats_new_beta_11,7,"Family permissions can now independently allow dashboard switching and creation. Fully restricted subscribers see a locked Dashboard settings tab; onboarding removes its placeholder dashboard when switching is denied, and a deleted family dashboard opens a permission-aware recovery screen instead of silently creating a replacement.*",I permessi famiglia possono ora consentire separatamente il cambio e la creazione delle dashboard. Gli utenti completamente limitati vedono la sezione Dashboard bloccata; la configurazione rimuove la dashboard provvisoria se il cambio non è consentito e una dashboard familiare eliminata apre un ripristino basato sui permessi invece di creare silenziosamente una sostituzione.*,
cr_whats_new_beta_11,8,"Family permissions now also control manual re-importing. Non-admins cannot open Family Sharing settings, disabled onboarding choices explain why they are unavailable, and aesthetics-only editors see only visual controls. Their local names, icons, colors, backgrounds, styles, sizes, and layouts take priority when owner updates arrive.*","I permessi familiari ora controllano anche la reimportazione manuale. Gli utenti non amministratori non possono aprire Condivisione famiglia, le opzioni disattivate della configurazione spiegano perché non sono disponibili e chi dispone di sole modifiche estetiche vede esclusivamente i controlli visivi. Nomi, icone, colori, sfondi, stili, dimensioni e layout locali hanno la precedenza quando arrivano aggiornamenti dal proprietario.*",
cr_whats_new_beta_11,9,"Climate sensor/device tabs, Security groups, and every Energy detail tab now follow the same responsive one-, two-, or three-column masonry rules, including their edit and reorder layouts.","Le schede di sensori e dispositivi Clima, i gruppi Sicurezza e tutte le schede di dettaglio Energia seguono ora le stesse regole masonry adattive a una, due o tre colonne, anche durante modifica e riordino.",
cr_whats_new_beta_11,10,Aesthetics-only family editors can no longer change header-pill configuration or the dashboard's people; those functional settings remain controlled by the owner.*,Gli editor familiari limitati all’estetica non possono più modificare la configurazione degli indicatori dell’intestazione né le persone della dashboard; queste impostazioni funzionali restano sotto il controllo del proprietario.*,
cr_whats_new_beta_11,11,"Parental Controls now replaces manual entity-ID entry with Visible and Invisible lists. Admins can select complete Home Assistant domains or individual entities, and global search hides restricted entities and devices. Invisible entries always take precedence.*",I Controlli parentali sostituiscono l’inserimento manuale degli ID entità con elenchi Visibile e Invisibile. Gli amministratori possono selezionare interi domini Home Assistant o singole entità; la ricerca globale nasconde entità e dispositivi limitati. Invisibile ha sempre la precedenza.*,don't translate Home Assistant
cr_whats_new_beta_11,12,"Energy setup now imports SmartGateways and DSMR Reader P1 meters even when the Home Assistant Energy dashboard has not been configured and the sensors are not attached to a device. Tariff 1 and tariff 2 readings are recognised separately, and usage charts and period totals add both tariffs together when no single grid import or export sensor is set.",La configurazione Energia ora importa i contatori P1 di SmartGateways e DSMR Reader anche quando la dashboard Energia di Home Assistant non è configurata e i sensori non appartengono a un dispositivo. Le fasce tariffarie 1 e 2 vengono riconosciute separatamente e i grafici dei consumi e i totali del periodo sommano entrambe le fasce quando non è impostato un singolo sensore di prelievo o immissione.,don't translate Home Assistant
cr_whats_new_beta_11,13,* HKI 7 Cloud Component integration required.,* È richiesta l’integrazione HKI 7 Cloud Component.,don't translate HKI 7 Cloud
cr_whats_new_beta_10,1,"Visibility rules now work across all widgets and individual items, with time, entity, person, and mixed AND/OR conditions. Admins using a family-shared dashboard can choose whether an item is Visible or Hidden for a selected user. Person conditions use HKI 7 Cloud, whose requirement is shown when it is unavailable. New rules start empty so you choose Time, Entity, or Person.","Le regole di visibilità funzionano per tutti i widget e gli elementi, con condizioni Ora, Entità, Persona e combinazioni AND/OR. Gli amministratori di una dashboard familiare condivisa possono rendere un elemento Visibile o Nascosto per un utente scelto. Le condizioni Persona usano HKI 7 Cloud e ne mostrano il requisito se l’integrazione manca. Le nuove regole partono vuote: Ora, Entità o Persona.",don't translate HKI 7 Cloud
cr_whats_new_beta_10,2,"Room-status counter badges keep a stable two-digit width. Headers responsively fit one, two, or three counters per row like the home-page and person badges, without pushing the title down.","I badge contatore dello stato delle stanze mantengono una larghezza stabile per due cifre. Le intestazioni si adattano a una, due o tre colonne come i badge Home e Persona, senza spingere il titolo verso il basso.",
cr_whats_new_beta_10,3,"Energy setup now recognises SmartGateways and DSMR Reader MQTT sensor names, and choosing a source device refills its separate sensor roles. City heating has dedicated settings, a source tile and detail tab, plus an estimated natural-gas equivalent for J/GJ heat readings.","La configurazione Energia riconosce ora i sensori MQTT di SmartGateways e DSMR Reader. La scelta di un dispositivo sorgente compila nuovamente i sensori separati. Il teleriscaldamento dispone di impostazioni, riquadro, scheda dettagli e stima del gas equivalente per valori J/GJ.",
cr_whats_new_beta_10,4,"Calendar widget dialogs now use the available height correctly, fixing content that previously occupied only half the settings dialog or was cut off.",Le finestre del widget Calendario usano correttamente tutta l’altezza disponibile: il contenuto non occupa più solo metà finestra e non viene tagliato.,
cr_whats_new_beta_10,5,"Re-import settings now use one consistently spelled and localized label across Rooms, Climate, Security, Energy, and Battery. Conditional visibility wording was also corrected in every supported language.","Le impostazioni di reimportazione usano ora la stessa etichetta corretta e localizzata in Stanze, Clima, Sicurezza, Energia e Batteria. Anche la terminologia della visibilità condizionale è stata corretta in tutte le lingue supportate.",
cr_whats_new_beta_10,6,"Fixed PostNL and the current parcel-integration parser, so incoming shipments once again show their complete tracking details and delivered state. Carrier support has also been brought up to date.",La rotazione dello schermo segue ora l’impostazione di rotazione automatica del dispositivo invece di restare bloccata in verticale.,
cr_whats_new_beta_10,7,"Added an in-app language selector with full coverage in 13 languages: Dutch, German, French, Spanish (plus Latin American Spanish), Italian, Turkish, Portuguese (plus Brazilian Portuguese), Japanese, Korean, and Chinese (Simplified and Traditional). Each language shows its native name with an English hint beneath it.","Il riquadro Esterno di Clima appare con un dispositivo meteo anche senza sensori dedicati, include nel riepilogo gli attributi di temperatura, umidità e pressione e li rappresenta con i colori dei sensori corrispondenti.",
cr_whats_new_beta_10,8,"The reconnect status now shows the actual connection error, making Wi-Fi, mobile-data, and VPN handovers much easier to diagnose.","I codici di stato dei pacchi diventano frasi normali. Date e orari seguono lingua e formato 12/24 ore, le consegne vicine usano i giorni della settimana, l’anno corrente viene omesso e la stessa data non viene ripetuta.",
cr_whats_new_beta_10,9,Screen rotation now follows your device’s auto-rotate setting instead of staying locked to portrait.,Corretti PostNL e l’attuale parser delle integrazioni per i pacchi: le spedizioni in arrivo mostrano di nuovo tutti i dettagli di tracciamento e lo stato di consegna. È stato aggiornato anche il supporto ai corrieri.,
cr_whats_new_beta_10,10,"The Climate ""Outside"" tile now appears as soon as a weather device is linked, even without dedicated sensors, counts its temperature, humidity and pressure attributes in the summary, and graphs them with matching sensor colors.",Il selettore della lingua nell’app offre ora copertura completa per tutte le 13 lingue supportate. Ogni lingua mostra il proprio nome nativo con un’indicazione in inglese sotto.,
cr_whats_new_beta_10,11,"Parcel status codes are now normal sentences. Dates and times follow the selected language and 12/24-hour preference, nearby deliveries use weekday names, the current year is omitted, and same-day windows no longer repeat the date.","Lo stato di riconnessione mostra ora l’errore di connessione effettivo, rendendo più semplice diagnosticare i passaggi tra Wi-Fi, rete mobile e VPN.",
cr_whats_new_beta_9,1,"Drag to reorder cameras, thermostats, and energy cards. In edit mode the Security, Climate, and Energy views each get a Reorder button for their relevant cards.","Trascina per riordinare telecamere, termostati e schede Energia. In modalità modifica, le viste Sicurezza, Clima ed Energia dispongono di un pulsante Riordina per le relative schede.",
cr_whats_new_beta_9,2,"New Climate Outside tile. Link a weather entity or outdoor temperature, humidity, and air-pressure sensors, then open the tile for individual history graphs.","Nuovo riquadro Esterno in Clima. Collega un’entità meteo o sensori esterni di temperatura, umidità e pressione, quindi apri il riquadro per i singoli grafici storici.",
cr_whats_new_beta_9,3,"Visibility now belongs to each button and header badge. Hide an item or schedule it once or on a daily, weekly, monthly, or yearly recurrence.","La visibilità appartiene ora a ogni pulsante e badge dell’intestazione. Nascondi un elemento o pianificalo una volta oppure con ricorrenza giornaliera, settimanale, mensile o annuale.",
cr_whats_new_beta_9,4,Header badges can be renamed from Appearance settings.,I badge dell’intestazione possono essere rinominati dalle impostazioni dell’aspetto.,
cr_whats_new_beta_9,5,Swiping cards autoplay every three seconds by default.,Le schede scorrevoli avanzano automaticamente ogni tre secondi per impostazione predefinita.,
cr_whats_new_beta_9,6,"The Weather dialog adds autoplay for Season, a windrose card, and an optional rain-map card from a camera or embedded web page.","La finestra Meteo aggiunge la riproduzione automatica per Stagione, una rosa dei venti e una mappa della pioggia facoltativa da una telecamera o pagina web incorporata.",
cr_whats_new_beta_9,7,"The Parcels widget was rebuilt around carriers, with logos, account totals, shipment sections, estimates, tracking history, and add-by-tracking support where available.","Il widget Pacchi è stato ricostruito attorno ai corrieri, con loghi, totali degli account, sezioni delle spedizioni, stime, cronologia di tracciamento e aggiunta tramite codice quando disponibile.",
cr_whats_new_beta_9,8,"Humidifiers and dehumidifiers now have native power, humidity, mode, speed, and helper controls throughout the app.","Umidificatori e deumidificatori dispongono ora di controlli nativi per alimentazione, umidità, modalità, velocità e funzioni ausiliarie in tutta l’app.",
cr_whats_new_beta_9,9,Room status counters are interactive and open the entities behind each count.,I contatori di stato della stanza sono interattivi e aprono le entità relative a ciascun conteggio.,
cr_whats_new_beta_9,10,Buttons and badges can show a live countdown from a completion-time entity.,Pulsanti e badge possono mostrare un conto alla rovescia in diretta da un’entità con ora di completamento.,
cr_whats_new_beta_9,11,Shared dashboards publish owner edits automatically and recipients receive them on their next sync.,Le dashboard condivise pubblicano automaticamente le modifiche del proprietario e i destinatari le ricevono alla sincronizzazione successiva.,
cr_whats_new_beta_9,12,Header display settings now belong to each dashboard and travel through backups and family sharing.,Le impostazioni di visualizzazione dell’intestazione appartengono a ciascuna dashboard e sono incluse nei backup e nella condivisione familiare.,
cr_whats_new_beta_9,13,Camera widgets fill the entire tile and follow the configured corner radius.,I widget Telecamera riempiono l’intero riquadro e rispettano il raggio degli angoli configurato.,
cr_whats_new_beta_9,14,"Waste collections on the same day now overlap visibly, and the larger dialog can be dismissed by tapping outside.",Le raccolte rifiuti dello stesso giorno ora si sovrappongono in modo visibile e la finestra grande può essere chiusa toccando all’esterno.,
cr_whats_new_beta_9,15,"Battery, Waste, camera, weather, and About visuals are now more consistent.","La grafica di batterie, rifiuti, telecamere, meteo e Informazioni è ora più coerente.",
cr_whats_new_beta_9,16,"Binary sensors use Home Assistant-style Open/Closed, Wet/Dry, Detected/Clear, and Connected/Disconnected labels.","I sensori binari usano le etichette in stile Home Assistant: Aperto/Chiuso, Bagnato/Asciutto, Rilevato/Libero e Connesso/Disconnesso.",don't translate Home Assistant
cr_whats_new_beta_9,17,"Aesthetic-only editors can change existing badge visuals but cannot add, remove, or reconfigure badges.","Gli editor limitati all’estetica possono modificare l’aspetto dei badge esistenti, ma non aggiungerli, rimuoverli o riconfigurarli.",
cr_whats_new_beta_9,18,Fixed network handovers: sockets tied to the old Android network are discarded and the saved Home Assistant session reconnects without an unnecessary login. Reconnect status also shows the failure reason.,Corretti i cambi di rete: i socket legati alla vecchia rete Android vengono eliminati e la sessione Home Assistant salvata si riconnette senza un accesso superfluo. Lo stato di riconnessione mostra anche il motivo dell’errore.,don't translate Home Assistant
cr_whats_new_beta_8,1,Child locks are no longer imported automatically as room controls.,I blocchi bambini non vengono più importati automaticamente come controlli della stanza.,
cr_whats_new_beta_8,2,Every button and badge now honours Home Assistant entity-icon overrides.,Ogni pulsante e badge rispetta ora le icone entità personalizzate di Home Assistant.,don't translate Home Assistant
cr_whats_new_beta_8,3,Vacuums now appear in the room badge bar and open their controls when tapped.,Gli aspirapolvere compaiono nella barra dei badge della stanza e aprono i relativi controlli al tocco.,
cr_whats_new_beta_8,4,"Individual buttons in multi-item widgets can be hidden or scheduled, including recurring annual date ranges.","I singoli pulsanti nei widget con più elementi possono essere nascosti o pianificati, inclusi intervalli di date annuali ricorrenti.",
cr_whats_new_beta_8,5,Multiple camera badges now open one swipeable dialog with fullscreen paging.,Più badge telecamera aprono ora un’unica finestra scorrevole con pagine a schermo intero.,
cr_whats_new_beta_8,6,"Family Sharing now lists cloud-published dashboards so they can be imported, reshared, or deleted after a reinstall.","Condivisione familiare elenca ora le dashboard pubblicate nel cloud, così da poterle importare, ricondividere o eliminare dopo una reinstallazione.",
cr_whats_new_beta_7,1,Automatic room import now skips built-in helper controls while retaining genuine extra controls.,L’importazione automatica delle stanze ignora ora i controlli ausiliari integrati mantenendo quelli aggiuntivi effettivi.,
cr_whats_new_beta_7,2,Climate devices from different integrations are no longer merged into one control.,I dispositivi climatici di integrazioni diverse non vengono più uniti in un solo controllo.,
cr_whats_new_beta_7,3,"Climate-device icons now match air conditioners, humidifiers, dehumidifiers, and air purifiers.","Le icone dei dispositivi climatici corrispondono ora a climatizzatori, umidificatori, deumidificatori e purificatori d’aria.",
cr_whats_new_beta_7,4,Air-purifier and humidifier icons pulse gently instead of spinning.,Le icone di purificatori d’aria e umidificatori pulsano delicatamente invece di ruotare.,
cr_whats_new_beta_7,5,Door locks now use closed-door and open-door icons.,Le serrature usano ora icone di porta chiusa e aperta.,
cr_whats_new_beta_7,6,Multi-device header badges can be reordered to choose their leading entity.,I badge dell’intestazione con più dispositivi possono essere riordinati per scegliere l’entità principale.,
cr_whats_new_beta_7,7,Animated icon effects are enabled by default on new installations.,Gli effetti animati delle icone sono attivi per impostazione predefinita nelle nuove installazioni.,
cr_whats_new_beta_7,8,Buttons and badges can display an entity attribute and optional unit instead of its state.,Pulsanti e badge possono mostrare un attributo dell’entità e un’unità facoltativa al posto dello stato.,
cr_whats_new_beta_7,9,"Dashboards can now be copied with all rooms, widgets, and page settings.","Le dashboard possono essere copiate con tutte le stanze, i widget e le impostazioni delle pagine.",
cr_whats_new_beta_7,10,"Family Sharing now combines parental controls, dashboard sharing, and per-user permissions.","Condivisione familiare combina ora controllo genitori, condivisione delle dashboard e autorizzazioni per utente.",
cr_whats_new_beta_7,11,Shared dashboards update automatically while keeping allowed local visual changes.,Le dashboard condivise si aggiornano automaticamente mantenendo le modifiche visive locali consentite.,
cr_whats_new_beta_7,12,Non-admin family members can use automatic per-room Adaptive Lighting controls when the HKI 7 Cloud component is installed.,I familiari non amministratori possono usare i controlli automatici di Illuminazione adattiva per stanza quando è installato HKI 7 Cloud Component.,don't translate HKI 7 Cloud
cr_whats_new_beta_7,13,Fixed unreadable header and pull-down labels in light mode and with custom appearances.,Corrette le etichette illeggibili dell’intestazione e del pannello a discesa in modalità chiara e con aspetti personalizzati.,
cr_whats_new_beta_7,14,About now provides What’s new and Full changelog buttons.,Informazioni offre ora i pulsanti Novità e Registro modifiche completo.,
cr_whats_new_beta_7,15,Fixed the Unable to connect screen so it appears reliably when Home Assistant cannot be reached.,Corretta la schermata Impossibile connettersi affinché appaia in modo affidabile quando Home Assistant non è raggiungibile.,don't translate Home Assistant
cr_whats_new_beta_6,1,Fixed edit-mode action bars overlapping Android three-button navigation.,Corrette le barre delle azioni della modalità modifica sovrapposte alla navigazione Android a tre pulsanti.,
cr_whats_new_beta_6,2,The Backup and Restore screen now shows when each automatic cloud backup last ran.,La schermata Backup e ripristino mostra ora quando è stato eseguito l’ultimo backup automatico nel cloud.,
cr_whats_new_beta_6,3,Each cloud backup now has a Back up now button.,Ogni backup cloud dispone ora del pulsante Esegui backup ora.,
cr_whats_new_beta_6,4,Fixed the oversized app icon after the themed-icon update.,Corretta l’icona dell’app troppo grande dopo l’aggiornamento delle icone a tema.,
cr_whats_new_beta_4_to_5,1,The Backup and Restore screen now shows when each automatic cloud backup last ran.,La schermata Backup e ripristino mostra ora quando è stato eseguito l’ultimo backup automatico nel cloud.,
cr_whats_new_beta_4_to_5,2,Each cloud backup now has a Back up now button.,Ogni backup cloud dispone ora del pulsante Esegui backup ora.,
cr_whats_new_beta_4_to_5,3,Fixed the oversized app icon after the themed-icon update.,Corretta l’icona dell’app troppo grande dopo l’aggiornamento delle icone a tema.,
cr_whats_new_beta_3,1,"Added Simple Icons, Tabler, and Phosphor icon packs alongside Material Design Icons.","Aggiunti i pacchetti di icone Simple Icons, Tabler e Phosphor insieme a Material Design Icons.",
cr_whats_new_beta_3,2,"Added animated entity icons that glow, spin, or pulse while active.","Aggiunte icone entità animate che brillano, ruotano o pulsano quando sono attive.",
cr_whats_new_beta_3,3,Added family dashboard sharing for admins.*,Aggiunta la condivisione familiare delle dashboard per gli amministratori.*,
cr_whats_new_beta_3,4,Added parental controls that can hide selected views and rooms for specific people.*,Aggiunto il controllo genitori per nascondere determinate viste e stanze a persone specifiche.*,
cr_whats_new_beta_3,5,Added automatic daily backup to your own Home Assistant.*,Aggiunto un backup giornaliero automatico sul proprio Home Assistant.*,don't translate Home Assistant
cr_whats_new_beta_3,6,Media-source icons are colored and can open the installed source app.,Le icone delle sorgenti multimediali sono colorate e possono aprire l’app sorgente installata.,
cr_whats_new_beta_3,7,New iFrame widget for embedding web pages.,Nuovo widget iFrame per incorporare pagine web.,
cr_whats_new_beta_3,8,Energy views now show negative values while exporting power.,Le viste Energia mostrano ora valori negativi durante l’esportazione di energia.,
cr_whats_new_beta_3,9,Fixed onboarding completing when switching away before finishing.,Corretta la configurazione iniziale che si completava passando altrove prima del termine.,
cr_whats_new_beta_3,10,Fixed the thermostat-dial mode button overlapping nearby items.,Corretto il pulsante modalità della manopola del termostato sovrapposto agli elementi vicini.,
cr_whats_new_beta_3,11,Many smaller bug fixes.,Molte correzioni minori.,
cr_whats_new_beta_3,12,* HKI 7 Cloud Component integration required.,* È richiesta l’integrazione HKI 7 Cloud Component.,don't translate HKI 7 Cloud
cr_whats_new_beta_2,1,"Improved layouts on short and narrow displays, with a single-column fallback throughout the app.","Migliorati i layout sugli schermi bassi e stretti, con una disposizione a colonna singola in tutta l’app.",
cr_whats_new_beta_2,2,Dialog headers use two rows on narrow screens so titles are no longer cut off.,Le intestazioni delle finestre usano due righe sugli schermi stretti per evitare titoli tagliati.,
cr_whats_new_beta_2,3,Fixed Adaptive Lighting sliders overlapping other elements.,Corretti i cursori di Illuminazione adattiva sovrapposti ad altri elementi.,
cr_whats_new_beta_2,4,Navigation bars now indicate when more items are available off-screen.,Le barre di navigazione indicano ora quando sono disponibili altri elementi fuori schermo.,
cr_whats_new_beta_2,5,Fixed cameras ignoring the screen-orientation lock.,Corrette le telecamere che ignoravano il blocco dell’orientamento dello schermo.,
cr_whats_new_beta_2,6,Fixed zoom in camera dialogs and fullscreen cameras.,Corretto lo zoom nelle finestre delle telecamere e nelle telecamere a schermo intero.,
global_search_browse_entities,one,Browse %1$d entity on this device,Sfoglia %1$d entità su questo dispositivo,app fills in %1$d — keep them
global_search_browse_entities,other,Browse %1$d entities on this device,Sfoglia %1$d entità su questo dispositivo,app fills in %1$d — keep them
global_search_entity_count,one,%1$d entity,%1$d entità,app fills in %1$d — keep them
global_search_entity_count,other,%1$d entities,%1$d entità,app fills in %1$d — keep them
rooms_count,one,%1$d room,%1$d stanza,app fills in %1$d — keep them
rooms_count,other,%1$d rooms,%1$d stanze,app fills in %1$d — keep them
core_system,,System,Sistema,
core_greeting_morning,,Good Morning,Buongiorno,
core_greeting_afternoon,,Good Afternoon,Buon pomeriggio,
core_greeting_evening,,Good Evening,Buonasera,
core_greeting_night,,Good Night,Buonanotte,
core_last_seen_just_now,,Last seen just now,Visto l’ultima volta proprio ora,
core_no_media_playing,,No media is playing,Nessun contenuto multimediale in riproduzione,
core_media_players_playing,one,%1$d media player is playing,%1$d lettore multimediale è in riproduzione,app fills in %1$d — keep them
core_media_players_playing,other,%1$d media players are playing,%1$d lettori multimediali sono in riproduzione,app fills in %1$d — keep them
core_last_seen_minutes,one,Last seen %1$d minute ago,Visto %1$d minuto fa,app fills in %1$d — keep them
core_last_seen_minutes,other,Last seen %1$d minutes ago,Visto %1$d minuti fa,app fills in %1$d — keep them
core_last_seen_hours,one,Last seen %1$d hour ago,Visto %1$d ora fa,app fills in %1$d — keep them
core_last_seen_hours,other,Last seen %1$d hours ago,Visto %1$d ore fa,app fills in %1$d — keep them
core_last_seen_days,one,Last seen %1$d day ago,Visto %1$d giorno fa,app fills in %1$d — keep them
core_last_seen_days,other,Last seen %1$d days ago,Visto %1$d giorni fa,app fills in %1$d — keep them
core_last_seen_weeks,one,Last seen %1$d week ago,Visto %1$d settimana fa,app fills in %1$d — keep them
core_last_seen_weeks,other,Last seen %1$d weeks ago,Visto %1$d settimane fa,app fills in %1$d — keep them
dlg_1_advanced_shorthand_block_kept_unchanged,,1 advanced shorthand block (kept unchanged),1 blocco abbreviato avanzato (mantenuto invariato),
dlg_24_hour_format,,24-Hour Format,Formato 24 ore,
dlg_action_count,,%1$s action,%1$s azione,app fills in %1$s — keep them
dlg_action,,Action,Azione,
dlg_action_data,,Action data,Dati sull'azione,
dlg_action_data_object,,Action data object,Oggetto dati azione,
dlg_action_details,,Action details,Dettagli dell'azione,
dlg_adapt_now,,Adapt now,Adattati adesso,
dlg_adaptive_lighting,,Adaptive Lighting,Illuminazione adattiva,
dlg_adaptive_lighting_is_unavailable,,Adaptive Lighting is unavailable,L'illuminazione adattiva non è disponibile,
dlg_add_4_10_entity_buttons_to_this_dialog_s,,Add 4–10 entity buttons to this dialog's nav bar.,Aggiungi 4-10 pulsanti di entità alla barra di navigazione di questa finestra di dialogo.,
dlg_add,,Add,Aggiungere,
dlg_add_at_least_one_step,,Add at least one step,Aggiungi almeno un passaggio,
dlg_add_button,,Add button,Aggiungi pulsante,
dlg_add_custom_buttons,,Add Custom Buttons,Aggiungi pulsanti personalizzati,
dlg_add_more_for_a_full_row,,Add %1$s more for a full row.,Aggiungi %1$s altro per una riga completa.,app fills in %1$s — keep them
dlg_add_to,,Add to %1$s,Aggiungi a %1$s,app fills in %1$s — keep them
dlg_advanced,,Advanced,Avanzato,
dlg_advanced_action_data_json,,Advanced action data (JSON),Dati di azione avanzati (JSON),
dlg_advanced_shorthand_blocks_kept_unchanged,,%1$s advanced shorthand blocks (kept unchanged),%1$s blocchi abbreviati avanzati (mantenuti invariati),app fills in %1$s — keep them
dlg_alarm_entities,,Alarm entities,Entità di allarme,
dlg_alarm_pending,,Alarm pending,Allarme in sospeso,
dlg_alignment,,Alignment,Allineamento,
dlg_always,,Always,Sempre,
dlg_any_state,,Any state,Qualsiasi stato,
dlg_appearance,,Appearance,Aspetto,
dlg_apply,,Apply,Fare domanda a,
dlg_aspect_ratio,,Aspect ratio,Proporzioni,
dlg_astronomical_tap_or_swipe,,Astronomical · tap or swipe,Astronomico · tocca o scorri,
dlg_auto,,Auto,Auto,
dlg_auto_none,,Auto / none,Automatico/nessuno,
dlg_auto_scan,,Auto-scan,Scansione automatica,
dlg_automation,,Automation,Automazione,
dlg_back,,Back,Indietro,
dlg_backspace,,Backspace,Indietro,
dlg_badge_bar_layout,,Badge bar layout,Disposizione della barra dei badge,
dlg_batt,,Batt,Batt,
dlg_battery_value,,Battery: %1$s,Batteria: %1$s,app fills in %1$s — keep them
dlg_built_in,,Built-in,Integrato,
dlg_cancel,,Cancel,Cancellare,
dlg_cancel_arming,,Cancel arming,Annulla l'inserimento,
dlg_change,,Change,Modifica,
dlg_choose_a_side_when_the_badge_bar_is_split,,Choose a side when the badge bar is split,Scegli un lato quando la barra del badge è divisa,
dlg_choose_a_state,,Choose a state,Scegli uno stato,
dlg_condition,,Condition,Condizione,
dlg_condition_is,,Is,È,
dlg_condition_is_not,,Is not,Non lo è,
dlg_condition_state,,State,Stato,
dlg_vis_and,,AND,E,
dlg_vis_conditional,,Conditional,Condizionale,
dlg_vis_entity_state,,Entity state,Stato entità,
dlg_vis_person,,Person,Persona,
dlg_visible,,Visible,Visibile,
dlg_choose_person,,Choose person,Scegli persona,
dlg_person_condition_hint,,Matches the signed-in Home Assistant user. This rule travels with a shared dashboard.,Corrisponde all’utente Home Assistant connesso. Questa regola viene trasferita con una dashboard condivisa.,don't translate Home Assistant
dlg_person_requires_hki7_cloud,,Person visibility requires the HKI 7 Cloud component. Install it to select Home Assistant users here.,La visibilità per persona richiede il componente HKI 7 Cloud. Installalo per scegliere qui gli utenti Home Assistant.,"don't translate HKI 7 Cloud, Home Assistant"
dlg_vis_match,,Match,Incontro,
dlg_vis_match_all,,All rules,Tutte le regole,
dlg_vis_match_any,,Any rule,Qualsiasi regola,
dlg_vis_or,,OR,O,
dlg_vis_time_schedule,,Time schedule,Orario,
dlg_choose_a_visual_home_assistant_block,,Choose a visual Home Assistant block,Scegli un blocco visivo di Home Assistant,don't translate Home Assistant
dlg_choose_action,,Choose action,Scegli l'azione,
dlg_choose_an_action,,Choose an action,Scegli un'azione,
dlg_choose_an_entity,,Choose an entity,Scegli un'entità,
dlg_choose_an_entity_first,,Choose an entity first,Scegli prima un'entità,
dlg_choose_entity,,Choose entity,Scegli entità,
dlg_choose_the_home_assistant_entities_that_drive_this_room,,Choose the Home Assistant entities that drive this room's live indicators. Indicators only appear while they are active.,Scegli le entità dell'Assistente domestico che guidano gli indicatori live di questa stanza. Gli indicatori vengono visualizzati solo mentre sono attivi.,don't translate Home Assistant
dlg_choose_the_profile_for_this_light,,Choose the profile for this light,Scegli il profilo per questa luce,
dlg_choose_what_this_action_should_control,,Choose what this action should control,Scegli cosa dovrebbe controllare questa azione,
dlg_choose_what_this_badge_summarizes,,Choose what this badge summarizes,Scegli cosa riassume questo badge,
dlg_choose_what_this_header_pill_shows,,Choose what this header pill shows,Scegli cosa mostra questa pillola di intestazione,
dlg_clear,,Clear,Chiaro,
dlg_clear_rooms_view,,Clear rooms view?,Vista libera delle camere?,
dlg_climate_dialog_control,,Climate dialog control,Controllo del dialogo climatico,
dlg_climate_sources_take_priority_and_use_their_current_temper,,Climate sources take priority and use their current_temperature and current_humidity values. ,Le fonti climatiche hanno la priorità e utilizzano i valori di temperatura_corrente e umidità_corrente.,keep the space at the start/end
dlg_climate_summary,,Climate summary,Sintesi del clima,
dlg_close,,Close,Vicino,
dlg_confirm,,Confirm,Confermare,
dlg_controls_light_in_this_profile,,Controls %1$s light%2$s in this profile.,Controlla %1$s light%2$s in questo profilo.,app fills in %1$s %2$s — keep them
dlg_countdown_timer,,Countdown timer,Conto alla rovescia,
dlg_create_a_flow,,Create a flow,Crea un flusso,
dlg_current,,Current %1$s%%,Attuale %1$s%%,app fills in %1$s — keep them
dlg_current_weather,,Current weather,Tempo attuale,
dlg_custom,,Custom,Costume,
dlg_custom_buttons,,Custom buttons,Pulsanti personalizzati,
dlg_custom_value,,Custom %1$s,Personalizzato %1$s,app fills in %1$s — keep them
dlg_custom_name,,Custom name,Nome personalizzato,
dlg_custom_seconds,,Custom seconds,Secondi personalizzati,
dlg_custom_state,,Custom state...,Stato personalizzato...,
dlg_date,,Date,Data,
dlg_day_to,,%1$s day%2$s to %3$s,%1$s giorno%2$s a %3$s,app fills in %1$s %2$s %3$s — keep them
dlg_delete_automation,,Delete automation?,Eliminare l'automazione?,
dlg_delete,,Delete,Eliminare,
dlg_description,,Description,Descrizione,
dlg_details,,Details,Dettagli,
dlg_device_value,,Device: %1$s,Dispositivo: %1$s,app fills in %1$s — keep them
dlg_device,,Device,Dispositivo,
dlg_direction,,Direction —,Direzione —,
dlg_display,,Display,Display,
dlg_display_linked_entities_and_dialog_layout,,"Display, linked entities, and dialog layout","Visualizzazione, entità collegate e layout della finestra di dialogo",
dlg_display_mode,,Display mode,Modalità di visualizzazione,
dlg_display_order,,Display order,Ordine di visualizzazione,
dlg_done,,Done,Fatto,
dlg_door_sensors,,Door sensors,Sensori delle porte,
dlg_edit,,Edit,Modificare,
dlg_empty_bin,,Empty bin: %1$s,Contenitore vuoto: %1$s,app fills in %1$s — keep them
dlg_end,,End: %1$s,Fine: %1$s,app fills in %1$s — keep them
dlg_enter_a_valid_json_object,,Enter a valid JSON object,Inserisci un oggetto JSON valido,
dlg_enter_code,,Enter code,Inserisci il codice,
dlg_enter_the_same_data_object_home_assistant_shows_in,,Enter the same data object Home Assistant shows in YAML. JSON is used here so values keep their exact type.,Inserisci lo stesso oggetto dati mostrato da Home Assistant in YAML. Qui viene utilizzato JSON in modo che i valori mantengano il tipo esatto.,don't translate Home Assistant
dlg_entities_count,,Entities (%1$s),Entità (%1$s),app fills in %1$s — keep them
dlg_entities_appearance_and_interactions,,"Entities, appearance, and interactions","Entità, aspetto e interazioni",
dlg_entities,,Entities,Entità,
dlg_entities_that_signal_activity_or_safety_states,,Entities that signal activity or safety states,Entità che segnalano attività o stati di sicurezza,
dlg_entity_integrations,,Entity integrations,Integrazioni di entità,
dlg_entity_name,,Entity name,Nome dell'entità,
dlg_entity_picture,,Entity picture,Immagine dell'entità,
dlg_event,,Event,Evento,
dlg_exact_text_or_number_reported_by_home_assistant,,Exact text or number reported by Home Assistant,Testo esatto o numero riportato da Home Assistant,don't translate Home Assistant
dlg_exit_full_screen,,Exit full screen,Esci dallo schermo intero,
dlg_floor,,Floor,Pavimento,
dlg_floor_assignment,,Floor assignment,Assegnazione del piano,
dlg_flows,,Flows,Flussi,
dlg_forecast,,Forecast,Previsione,
dlg_forget_selection,,Forget selection,Dimentica la selezione,
dlg_forward,,Forward,Inoltrare,
dlg_from,,From %1$s,Da %1$s,app fills in %1$s — keep them
dlg_from_state,,From state,Dallo stato,
dlg_full_day_name,,Full Day Name,Nome del giorno completo,
dlg_group_light_paused_for_manual_control,,%1$s group light%2$s paused for manual control.,%1$s luce di gruppo%2$s in pausa per il controllo manuale.,app fills in %1$s %2$s — keep them
dlg_header_appearance,,Header appearance,Aspetto dell'intestazione,
dlg_header_custom_color_rrggbb,,Header custom color (#RRGGBB),Colore personalizzato dell'intestazione (#RRGGBB),
dlg_header_pill,,Header pill,Pillola di testa,
dlg_hidden,,Hidden,Nascosto,
dlg_hidden_during,,Hidden during,Nascosto durante,
dlg_hide_this_badge_or_schedule_when_it_appears,,"Hide this badge, or schedule when it appears",Nascondi questo badge o pianifica la sua visualizzazione,
dlg_https,,https://…,https://…,
dlg_humidity,,Humidity,Umidità,
dlg_icon,,Icon,Icona,
dlg_icon_animation,,Icon animation,Animazione delle icone,
dlg_icon_value,,Icon: %1$s,Icona: %1$s,app fills in %1$s — keep them
dlg_identity,,Identity,Identità,
dlg_identity_presentation_indicators_and_maintenance,,"Identity, presentation, indicators, and maintenance","Identità, presentazione, indicatori e manutenzione",
dlg_import_only_rooms_that_have_not_been_edited_or,,"Import only rooms that have not been edited, or rebuild everything. Rebuilding removes all edited rooms and floors before importing them from scratch.",Importa solo le stanze che non sono state modificate o ricostruisci tutto. La ricostruzione rimuove tutte le stanze e i piani modificati prima di importarli da zero.,
dlg_import_unedited,,Import unedited,Importazione inedita,
dlg_interactions,,Interactions,Interazioni,
dlg_is,, is,È,keep the space at the start/end
dlg_items,,%1$s items,%1$s elementi,app fills in %1$s — keep them
dlg_last_run,,Last run %1$s,Ultima esecuzione %1$s,app fills in %1$s — keep them
dlg_left,,Left,Sinistra,
dlg_left_side_overflows_right,,Left side overflows right,Il lato sinistro trabocca a destra,
dlg_live,,Live,Vivere,
dlg_live_uppercase,,LIVE,VIVERE,
dlg_live_indicators,,Live indicators,Indicatori in tempo reale,
dlg_loading_actions,,Loading actions…,Caricamento azioni…,
dlg_lunar_phase,,Lunar phase,Fase lunare,
dlg_map,,Map,Mappa,
dlg_map_value,,Map: %1$s,Mappa: %1$s,app fills in %1$s — keep them
dlg_media,,Media,Media,
dlg_media_browsing_isn_t_available_for_this_player,,Media browsing isn't available for this player.,La navigazione multimediale non è disponibile per questo lettore.,
dlg_media_library,,Media library,Biblioteca multimediale,
dlg_media_players,,Media players,Lettori multimediali,
dlg_meteorological_tap_or_swipe,,Meteorological · tap or swipe,Meteorologico · toccare o scorrere,
dlg_mm,,%1$s mm,%1$smm,app fills in %1$s — keep them
dlg_modes,,Modes,Modalità,
dlg_moon,,Moon,Luna,
dlg_move_down,,Move down,Spostati giù,
dlg_move_up,,Move up,Vai su,
dlg_multiple_climate_values_are_averaged_separate_sensor_value,,Multiple climate values are averaged. Separate sensor values are averaged only when no climate source is selected.,Viene calcolata la media di più valori climatici. Viene calcolata la media dei valori dei sensori separati solo quando non viene selezionata alcuna fonte climatica.,
dlg_name,,Name,Nome,
dlg_name_and_icon_used_throughout_the_app,,Name and icon used throughout the app,Nome e icona utilizzati in tutta l'app,
dlg_name_optional,,Name (optional),Nome (facoltativo),
dlg_native_home_assistant_automations_always_in_sync,,"Native Home Assistant automations, always in sync","Automazioni native di Home Assistant, sempre sincronizzate",don't translate Home Assistant
dlg_never_triggered,,Never triggered,Mai attivato,
dlg_new_flow,,New flow,Nuovo flusso,
dlg_next_camera,,Next camera,Prossima fotocamera,
dlg_no_conditions_this_flow_always_continues,,No conditions — this flow always continues,Nessuna condizione: questo flusso continua sempre,
dlg_no_door_sensor,,No door sensor,Nessun sensore della porta,
dlg_no_forecast_available,,No forecast available,Nessuna previsione disponibile,
dlg_no_matching_automations,,No matching automations,Nessuna automazione corrispondente,
dlg_no_native_home_assistant_automations_found,,No native Home Assistant automations found,Nessuna automazione nativa di Home Assistant trovata,don't translate Home Assistant
dlg_no_profile_available,,No profile available,Nessun profilo disponibile,
dlg_no_stream_available,,No stream available,Nessun flusso disponibile,
dlg_no_supported_alarm_modes_reported_by_this_entity,,No supported alarm modes reported by this entity,Nessuna modalità di allarme supportata segnalata da questa entità,
dlg_no_target,,No target,Nessun obiettivo,
dlg_none,,None,Nessuno,
dlg_none_timer_follows_the_completion_time_only,,None — timer follows the completion time only,Nessuno: il timer segue solo il tempo di completamento,
dlg_not_loaded_by_home_assistant,,Not loaded by Home Assistant,Non caricato da Home Assistant,don't translate Home Assistant
dlg_nothing_here,,Nothing here.,Niente qui.,
dlg_off_uppercase,,OFF,SPENTO,
dlg_off,,Off,Spento,
dlg_on_uppercase,,ON,SU,
dlg_on,,On,SU,
dlg_percent_on,,%1$s%% • ON,%1$s%% • ATTIVO,app fills in %1$s — keep them
dlg_open_camera_full_screen,,Open camera full screen,Apri la fotocamera a schermo intero,
dlg_open,,Open,Aprire,
dlg_optional_controls_and_sensors_for_richer_dialogs,,Optional controls and sensors for richer dialogs,Controlli e sensori opzionali per dialoghi più ricchi,
dlg_optional_fields_passed_to_home_assistant,,Optional fields passed to Home Assistant,Campi facoltativi passati a Home Assistant,don't translate Home Assistant
dlg_optional_label_shown_when_name_is_enabled_above,,"Optional label shown when ""Name"" is enabled above","Etichetta facoltativa mostrata quando ""Nome"" è abilitato sopra",
dlg_oscillate,,Oscillate,Oscillare,
dlg_pause,,Pause,Pausa,
dlg_pause_adaptation,,Pause adaptation,Mettere in pausa l'adattamento,
dlg_pending_timer,,Pending timer,Temporizzatore in sospeso,
dlg_pick_a_source_device_or_fine_tune_individual_roles,,Pick a source device or fine-tune individual roles,Scegli un dispositivo di origine o ottimizza i singoli ruoli,
dlg_place_this_room_in_the_correct_floor_group,,Place this room in the correct floor group,Posiziona questa stanza nel gruppo del piano corretto,
dlg_placement,,Placement,Posizionamento,
dlg_players_summarized_by_the_room_header_and_card,,Players summarized by the room header and card,Giocatori riepilogati dall'intestazione della stanza e dalla scheda,
dlg_please_wait,,Please wait…,Attendere prego…,
dlg_precipitation,,Precipitation,Precipitazione,
dlg_presets_uppercase,,PRESETS,PRESET,
dlg_presets,,Presets,Preimpostazioni,
dlg_previous_camera,,Previous camera,Fotocamera precedente,
dlg_profile,,Profile,Profilo,
dlg_profile_switches_affect_every_light_assigned_to,,Profile switches affect every light assigned to %1$s.,Gli interruttori del profilo influiscono su ogni luce assegnata a %1$s.,app fills in %1$s — keep them
dlg_rain,,Rain,Piovere,
dlg_rain_map,,Rain map,Mappa della pioggia,
dlg_rain_map_url_iframe,,Rain map URL (iframe),URL della mappa della pioggia (iframe),
dlg_re_import_rooms,,Re-import rooms,Reimportare le stanze,
dlg_read_only_home_assistant_automation,,Read-only Home Assistant automation,Automazione Home Assistant di sola lettura,don't translate Home Assistant
dlg_recipes_create_regular_home_assistant_automations_you_can,,Recipes create regular Home Assistant automations. You can continue editing them in either HKI7 or Home Assistant.,Le ricette creano normali automazioni di Home Assistant. Puoi continuare a modificarli in HKI7 o Home Assistant.,"don't translate Home Assistant, HKI7"
dlg_remove,,Remove,Rimuovere,
dlg_remove_edits_and_import_all,,Remove edits and import all,Rimuovi le modifiche e importa tutto,
dlg_repeat,,Repeat,Ripetere,
dlg_repeats_every_day_only_the_time_of_day_is,,Repeats every day — only the time of day is used.,Si ripete ogni giorno: viene utilizzata solo l'ora del giorno.,
dlg_repeats_every_month_only_the_day_of_the_month,,Repeats every month — only the day of the month and time are used.,Si ripete ogni mese: vengono utilizzati solo il giorno del mese e l'ora.,
dlg_repeats_every_week_only_the_weekday_and_time_are,,Repeats every week — only the weekday and time are used.,Si ripete ogni settimana: vengono utilizzati solo il giorno della settimana e l'ora.,
dlg_repeats_every_year_the_year_is_ignored_so_e,,"Repeats every year — the year is ignored, so e.g. 24–26 Dec recurs each Christmas.","Si ripete ogni anno: l'anno viene ignorato, quindi ad es. Il 24-26 dicembre ricorre ogni Natale.",
dlg_required,, (required),(necessario),keep the space at the start/end
dlg_required_state,,Required state,Stato richiesto,
dlg_resume_adaptation,,Resume adaptation,Riprendere l'adattamento,
dlg_resume,,Resume,Riprendere,
dlg_reverse,,Reverse,Inversione,
dlg_right,,Right,Giusto,
dlg_right_side_overflows_left,,Right side overflows left,Il lato destro trabocca a sinistra,
dlg_room_areas,,Room areas,Aree della stanza,
dlg_room_climate,,Room climate,Clima della stanza,
dlg_room_name,,Room name,Nome della stanza,
dlg_run_mode,,Run mode,Modalità di esecuzione,
dlg_running_state_entity,,Running-state entity,Entità dello stato corrente,
dlg_s_are,,s are,lo sono,
dlg_save,,Save,Salva,
dlg_save_in_home_assistant,,Save in Home Assistant,Salva nell'Assistente domestico,don't translate Home Assistant
dlg_saved_directly_in_the_native_automation,,Saved directly in the native automation,Salvato direttamente nell'automazione nativa,
dlg_scheduled,,Scheduled,Programmato,
dlg_search_actions,,Search actions,Azioni di ricerca,
dlg_search_automations,,Search automations,Cerca automazioni,
dlg_season,,Season,Stagione,
dlg_select,,Select %1$s,Seleziona %1$s,app fills in %1$s — keep them
dlg_select_a_mode_to_continue,,Select a mode to continue,Seleziona una modalità per continuare,
dlg_select_battery_sensor,,Select Battery Sensor,Seleziona Sensore batteria,
dlg_select_door_sensor,,Select Door Sensor,Seleziona Sensore porta,
dlg_select_empty_bin_control,,Select Empty Bin Control,Selezionare Controllo contenitore vuoto,
dlg_select_entities,,Select Entities,Seleziona Entità,
dlg_select_entity,,Select Entity,Seleziona Entità,
dlg_select_map_camera,,Select Map Camera,Seleziona Mappa fotocamera,
dlg_select_media_players,,Select Media Players,Seleziona Lettori multimediali,
dlg_select_running_state_entity,,Select running-state entity,Seleziona l'entità dello stato corrente,
dlg_select_target_entity,,Select Target Entity,Seleziona Entità di destinazione,
dlg_select_the_alarm_panels_summarized_by_this_pill,,Select the alarm panels summarized by this pill,Seleziona i pannelli di allarme riepilogati da questa pillola,
dlg_select_vacuum_entity,,Select Vacuum Entity,Seleziona Entità vuoto,
dlg_select_water_level,,Select Water Level,Seleziona Livello dell'acqua,
dlg_selected,,%1$s · Selected,%1$s · Selezionato,app fills in %1$s — keep them
dlg_set,,Set,Impostato,
dlg_shape,,Shape,Forma,
dlg_shape_visible_information_and_icon_behavior,,"Shape, visible information, and icon behavior","Forma, informazioni visibili e comportamento delle icone",
dlg_show_a_descending_timer_when_the_value_is_a,,"Show a descending timer when the value is a completion time (e.g. a washer/dryer finish time). Active while counting, off at zero.","Mostra un timer decrescente quando il valore è un tempo di completamento (ad esempio, il tempo di fine della lavatrice/asciugatrice). Attivo durante il conteggio, spento a zero.",
dlg_show_a_live_radar_rain_map_card_a_camera,,Show a live radar/rain map card — a camera entity or an embedded web page (iframe),Mostra una scheda della mappa radar/pioggia in tempo reale: l'entità di una telecamera o una pagina Web incorporata (iframe),
dlg_show_badge_bar,,Show badge bar,Mostra la barra dei badge,
dlg_show_the_entity_s_state_or_one_of_its,,"Show the entity's state, or one of its attributes instead.",Mostra invece lo stato dell'entità o uno dei suoi attributi.,
dlg_side_split_alignment,,Side (split alignment),Lato (allineamento diviso),
dlg_snapshot,,Snapshot,Istantanea,
dlg_span_badges,,Span badges,Distintivi di portata,
dlg_speed,,SPEED,VELOCITÀ,
dlg_start,,Start: %1$s,Inizio: %1$s,app fills in %1$s — keep them
dlg_start_with_a_useful_recipe_then_adjust_each_step,,"Start with a useful recipe, then adjust each step","Inizia con una ricetta utile, quindi modifica ogni passaggio",
dlg_state,,State,Stato,
dlg_state_text,,State text,Testo dello Stato,
dlg_switch,,SWITCH,INTERRUTTORE,
dlg_tap_hold_and_dialog_quick_actions,,"Tap, hold, and dialog quick actions","Tocca, tieni premuto e dialoga con azioni rapide",
dlg_target_range_percent,,TARGET (%1$s–%2$s%%),OBIETTIVO (%1$s–%2$s%%),app fills in %1$s %2$s — keep them
dlg_target,,Target,Bersaglio,
dlg_target_entity_optional,,Target entity (optional),Entità target (facoltativo),
dlg_temperature,,Temperature,Temperatura,
dlg_temperature_and_humidity_sources_for_the_room,,Temperature and humidity sources for the room,Fonti di temperatura e umidità per la stanza,
dlg_that_profile,,that profile,quel profilo,
dlg_the_exact_dates_you_pick_leave_a_bound_as,,"The exact dates you pick. Leave a bound as ""Any"" for an open-ended range.","Le date esatte che scegli tu. Lasciare un limite come ""Qualsiasi"" per un intervallo aperto.",
dlg_the_room_header_and_card_show_a_single_player,,"The room header and card show a single player's media, or an active-player count when multiple players are selected.",L'intestazione della stanza e la scheda mostrano i contenuti multimediali di un singolo giocatore o il conteggio dei giocatori attivi quando vengono selezionati più giocatori.,
dlg_thermostat_dial,,Thermostat dial,Quadrante del termostato,
dlg_this_action_does_not_use_an_entity_target,,This action does not use an entity target.,Questa azione non utilizza una destinazione entità.,
dlg_this_action_has_no_required_target_or_additional_fields,,This action has no required target or additional fields.,Questa azione non ha obiettivi obbligatori o campi aggiuntivi.,
dlg_this_automation_is_managed_outside_home_assistant_s_ui,,"This automation is managed outside Home Assistant's UI (usually YAML). HKI7 can show it, but will not overwrite it.","Questa automazione è gestita all'esterno dell'interfaccia utente di Home Assistant (solitamente YAML). HKI7 può mostrarlo, ma non lo sovrascriverà.","don't translate Home Assistant, HKI7"
dlg_this_entity,,This entity,Questa entità,
dlg_this_light_is_paused_for_manual_control,,This light is paused for manual control.,Questa luce è in pausa per il controllo manuale.,
dlg_this_removes_all_imported_rooms_and_floors_from_this,,This removes all imported rooms and floors from this view.,Verranno rimosse tutte le stanze e i piani importati da questa vista.,
dlg_this_removes_the_native_automation_from_home_assistant_thi,,This removes the native automation from Home Assistant. This cannot be undone from HKI7.,Ciò rimuove l'automazione nativa da Home Assistant. Questa operazione non può essere annullata da HKI7.,"don't translate Home Assistant, HKI7"
dlg_time,,Time,Tempo,
dlg_to_state,,To state,Per dichiarare,
dlg_turn_on,,Turn On,Accendi,
dlg_unit,,Unit,Unità,
dlg_untitled,,Untitled,Senza titolo,
dlg_url_https,,URL (https://…),URL (https://…),
dlg_vacuum_entities,,Vacuum entities,Entità del vuoto,
dlg_vertical_slider,,Vertical slider,Cursore verticale,
dlg_visibility,,Visibility,Visibilità,
dlg_visibility_alignment_and_overflow_behavior,,"Visibility, alignment, and overflow behavior","Visibilità, allineamento e comportamento di overflow",
dlg_visible_during,,Visible during,Visibile durante,
dlg_waiting_for_home_assistant,,Waiting for Home Assistant,In attesa dell'Assistente Domestico,don't translate Home Assistant
dlg_wallpaper_and_optional_custom_color,,Wallpaper and optional custom color,Carta da parati e colore personalizzato opzionale,
dlg_wallpaper_url_or_path,,Wallpaper URL or path,URL o percorso dello sfondo,
dlg_water_value,,Water: %1$s,Acqua: %1$s,app fills in %1$s — keep them
dlg_water,,Water,Acqua,
dlg_weather_details,,Weather details,Dettagli meteo,
dlg_weather_entities,,Weather entities,Entità meteorologiche,
dlg_when,,When,Quando,
dlg_when_and_if_then,,When · And if · Then,Quando · E se · Allora,
dlg_widget_width,,Widget width,Larghezza del widget,
dlg_wind,,Wind,Vento,
dlg_any,,Any,Qualsiasi,
dlg_once,,Once,Una volta,
dlg_daily,,Daily,Ogni giorno,
dlg_weekly,,Weekly,Ogni settimana,
dlg_monthly,,Monthly,Ogni mese,
dlg_yearly,,Yearly,Ogni anno,
dlg_default,,Default,Predefinita,
dlg_toggle,,Toggle,Commuta,
dlg_more_information,,More information,Altre informazioni,
dlg_navigate,,Navigate,Naviga,
dlg_url,,URL,URL,
dlg_home,,Home,Home,
dlg_rooms,,Rooms,Stanze,
dlg_energy,,Energy,Energia,
dlg_climate,,Climate,Clima,
dlg_security,,Security,Sicurezza,
dlg_battery,,Battery,Batteria,
dlg_settings,,Settings,Impostazioni,
dlg_room_value,,Room · %1$s,Stanza · %1$s,app fills in %1$s — keep them
dlg_could_not_load_home_assistant_actions,,Could not load Home Assistant actions,Impossibile caricare le azioni di Home Assistant,don't translate Home Assistant
dlg_show_entity_default_this_one,,Show entity (default: this one),Mostra entità (predefinita: questa),
dlg_target_entity_default_this_one,,Target entity (default: this one),Entità di destinazione (predefinita: questa),
dlg_select_destination,,Select destination,Seleziona destinazione,
dlg_choose_target,,Choose target,Scegli destinazione,
dlg_target_and_action_data,,Target and action data,Destinazione e dati dell’azione,
dlg_tap,,Tap,Tocco,
dlg_hold,,Hold,Pressione prolungata,
dlg_double_tap,,Double tap,Doppio tocco,
dlg_alarm_disarmed,,Disarmed,Disinserito,
dlg_alarm_armed_home,,Armed home,Inserito: casa,
dlg_alarm_armed_away,,Armed away,Inserito: fuori casa,
dlg_alarm_armed_night,,Armed night,Inserito: notte,
dlg_alarm_armed_vacation,,Armed vacation,Inserito: vacanza,
dlg_alarm_armed_custom,,Armed (custom),Inserito (personalizzato),
dlg_alarm_arming,,Arming…,Inserimento…,
dlg_alarm_disarming,,Disarming…,Disinserimento…,
dlg_alarm_triggered,,TRIGGERED,ATTIVATO,
dlg_alarm_disarmed_message,,Alarm disarmed,Allarme disinserito,
dlg_alarm_command,,Alarm command,Comando allarme,
dlg_alarm_command_accepted,,%1$s accepted,%1$s accettato,app fills in %1$s — keep them
dlg_alarm_command_failed,,Command failed. Check the code and try again.,Comando non riuscito. Controlla il codice e riprova.,
dlg_alarm_arming_cancelled,,Arming cancelled,Inserimento annullato,
dlg_alarm_cancel_failed,,Cancellation failed. Check the code and try again.,Annullamento non riuscito. Controlla il codice e riprova.,
dlg_alarm_arm_home,,Arm home,Inserisci a casa,
dlg_alarm_arm_away,,Arm away,Inserisci fuori casa,
dlg_alarm_arm_night,,Arm night,Inserisci modalità notte,
dlg_alarm_arm_custom,,Arm custom,Inserisci modalità personalizzata,
dlg_alarm_arm_vacation,,Arm vacation,Inserisci modalità vacanza,
dlg_alarm_disarm,,Disarm,Disinserisci,
dlg_room_configuration,,Room configuration,Configurazione stanza,
dlg_choose_room_area_to_configure,,Choose a room area to configure,Scegli una stanza da configurare,
dlg_focused_room_options,,Options for this room area,Opzioni per questa stanza,
dlg_general,,General,Generali,
dlg_name_and_icon,,Name and icon,Nome e icona,
dlg_header,,Header,Intestazione,
dlg_wallpaper_and_custom_color,,Wallpaper and custom color,Sfondo e colore personalizzato,
dlg_badge_bar,,Badge bar,Barra badge,
dlg_alignment_and_display_options,,Alignment and display options,Allineamento e opzioni di visualizzazione,
dlg_assign_room_to_floor,,Assign this room to a floor,Assegna questa stanza a un piano,
dlg_room_status,,Room status,Stato della stanza,
dlg_room_status_summary,,"Media, activity, safety, and climate indicators","Indicatori multimediali, di attività, sicurezza e clima",
dlg_reimport_from_home_assistant,,Re-import from Home Assistant,Reimporta da Home Assistant,don't translate Home Assistant
dlg_import_or_rebuild_rooms,,Import new rooms or rebuild every room,Importa nuove stanze o ricostruiscile tutte,
dlg_clear_rooms_view_action,,Clear rooms view,Svuota vista stanze,
dlg_remove_imported_rooms_and_floors,,Remove imported rooms and floors,Rimuovi stanze e piani importati,
dlg_room,,Room,Stanza,
dlg_split,,Split,Diviso,
dlg_center,,Center,Centro,
dlg_doors,,Doors,Porte,
dlg_windows,,Windows,Finestre,
dlg_motion,,Motion,Movimento,
dlg_presence,,Presence,Presenza,
dlg_lights,,Lights,Luci,
dlg_devices,,Devices,Dispositivi,
dlg_smoke,,Smoke,Fumo,
dlg_gas,,Gas,Gas,
dlg_fire,,Fire,Incendio,
dlg_full,,Full,Intera,
dlg_half,,Half,Metà,
dlg_third,,Third,Un terzo,
dlg_choose_vacuum_entity_instead,,Choose a vacuum entity instead,Scegli invece un’entità aspirapolvere,
dlg_camera_live_page,,%1$d/%2$d · Live,%1$d/%2$d · In diretta,app fills in %1$d %2$d — keep them
dlg_weather,,Weather,Meteo,
dlg_weather_state_clear_night,,Clear night,Notte serena,
dlg_weather_state_cloudy,,Cloudy,Nuvoloso,
dlg_weather_state_exceptional,,Exceptional,Eccezionale,
dlg_weather_state_fog,,Fog,Nebbia,
dlg_weather_state_hail,,Hail,Grandine,
dlg_weather_state_lightning,,Lightning,Temporale,
dlg_weather_state_lightning_rainy,,Thunderstorms,Temporale con pioggia,
dlg_weather_state_partly_cloudy,,Partly cloudy,Parzialmente nuvoloso,
dlg_weather_state_pouring,,Pouring rain,Pioggia intensa,
dlg_weather_state_rainy,,Rainy,Piovoso,
dlg_weather_state_snowy,,Snowy,Nevoso,
dlg_weather_state_snowy_rainy,,Sleet,Nevischio,
dlg_weather_state_sunny,,Sunny,Soleggiato,
dlg_weather_state_windy,,Windy,Ventoso,
dlg_weather_state_windy_variant,,Windy and cloudy,Ventoso e nuvoloso,
dlg_selected_entities_summary,one,%1$d selected · %2$s,%1$d selezionata · %2$s,app fills in %1$d %2$s — keep them
dlg_selected_entities_summary,other,%1$d selected · %2$s,%1$d selezionate · %2$s,app fills in %1$d %2$s — keep them
dlg_action_data_value_summary,one,%1$s · %2$d data value,%1$s · %2$d valore dati,app fills in %1$s %2$d — keep them
dlg_action_data_value_summary,other,%1$s · %2$d data values,%1$s · %2$d valori dati,app fills in %1$s %2$d — keep them
dlg_seconds_short,one,%d sec,%d s,app fills in %d — keep them
dlg_seconds_short,other,%d sec,%d s,app fills in %d — keep them
dlg_arming_in_seconds,one,Arming in %d second,Inserimento tra %d secondo,app fills in %d — keep them
dlg_arming_in_seconds,other,Arming in %d seconds,Inserimento tra %d secondi,app fills in %d — keep them
energy_extra_sensors,,Energy sensors,Sensori di energia,
energy_extra_settings,,Energy settings,Impostazioni energia,
energy_extra_previous_period,,Previous period,Periodo precedente,
energy_extra_next_period,,Next period,Periodo successivo,
energy_extra_empty_view_hint,,This energy view is empty. Swipe down on the header and open Energy settings to add entities manually.,Questa vista energia è vuota. Scorri verso il basso sull’intestazione e apri le impostazioni energia per aggiungere manualmente le entità.,
energy_extra_electricity,,Electricity,Elettricità,
energy_extra_solar,,Solar,Solare,
energy_extra_home,,Home,Casa,
energy_extra_battery,,Battery,Batteria,
energy_extra_gas,,Gas,Gas,
energy_extra_city_heating,,City heating,Riscaldamento cittadino,
energy_extra_water,,Water,Acqua,
energy_extra_energy,,Energy,Energia,
energy_extra_power,,Power,Potenza,
energy_extra_carbon,,Carbon,Carbonio,
energy_extra_devices,,Devices,Dispositivi,
energy_extra_device,,Device,Dispositivo,
energy_extra_importing,,Importing,Prelievo,
energy_extra_exporting,,Exporting,Immissione,
energy_extra_idle,,Idle,Inattivo,
energy_extra_charging,,Charging,Carica,
energy_extra_discharging,,Discharging,Scarica,
energy_extra_producing,,Producing,Produzione,
energy_extra_consuming,,Consuming,Consumo,
energy_extra_grid_idle,,Grid idle,Rete inattiva,
energy_extra_importing_power,,Importing power,Prelievo dalla rete,
energy_extra_exporting_power,,Exporting power,Immissione in rete,
energy_extra_battery_supporting,,Battery supplying power,La batteria alimenta la casa,
energy_extra_battery_charging,,Battery charging,Batteria in carica,
energy_extra_solar_producing,,Solar producing,Produzione solare,
energy_extra_home_consuming,,Home consuming,Consumo della casa,
energy_extra_energy_idle,,Energy idle,Nessun flusso di energia,
energy_extra_today_value,,%1$s today,%1$s oggi,app fills in %1$s — keep them
energy_extra_used_period,,Used %1$s,Consumo %1$s,app fills in %1$s — keep them
energy_extra_produced_period,,Produced %1$s,Produzione %1$s,app fills in %1$s — keep them
energy_extra_fossil_percentage,,%1$s%% fossil,%1$s%% fossile,app fills in %1$s — keep them
energy_extra_self_used_percentage,,Self-used · %1$d%%,Autoconsumo · %1$d%%,app fills in %1$d — keep them
energy_extra_electricity_total,,Electricity total,Elettricità totale,
energy_extra_top_consumers,,Top consumers,Principali consumatori,
energy_extra_device_energy,,Device energy,Energia per dispositivo,
energy_extra_individual_water_usage,,Individual water usage,Acqua per dispositivo,
energy_extra_production,,Production,Produzione,
energy_extra_forecast,,Forecast,Previsione,
energy_extra_inverters,,Inverters,Inverter,
energy_extra_now,,Now,Ora,
energy_extra_usage,,Usage,Consumo,
energy_extra_total,,Total,Totale,
energy_extra_cost,,Cost,Costo,
energy_extra_charge,,Charge,Livello di carica,
energy_extra_grid_flow,,Grid flow,Flusso di rete,
energy_extra_self_sufficient,,Self-sufficient,Autosufficienza,
energy_extra_carbon_footprint,,Carbon footprint,Impronta di carbonio,
energy_extra_self_used,,Self-used,Autoconsumo,
energy_extra_last_seven_days,,Last 7 days,Ultimi 7 giorni,
energy_extra_lifetime,,Lifetime,Dalla messa in servizio,
energy_extra_power_per_phase,,Power per phase,Potenza per fase,
energy_extra_tariff_meter_readings,,Tariff meter readings,Letture per tariffa,
energy_extra_tariff_one,,Tariff 1,Tariffa 1,
energy_extra_tariff_two,,Tariff 2,Tariffa 2,
energy_extra_solar_production,,Solar production,Produzione solare,
energy_extra_category_overview,,Overview,Panoramica,
energy_extra_category_electricity_subtitle,,"Grid power, phases, import/export, tariffs, and cost","Potenza di rete, fasi, prelievo, immissione, tariffe e costo",
energy_extra_category_solar_subtitle,,"Production, forecast, and inverter device","Produzione, previsione e inverter",
energy_extra_category_battery_subtitle,,Charge level and battery power,Livello di carica e potenza della batteria,
energy_extra_category_carbon_subtitle,,Grid carbon-footprint device,Dispositivo per l’impronta di carbonio della rete,
energy_extra_category_usage_cost_subtitle,,Usage and cost,Consumo e costo,
energy_extra_category_devices_subtitle,,"Power, energy, and individual water devices","Potenza, energia e contatori dell’acqua individuali",
energy_extra_category_city_heating_subtitle,,"Heat energy, current output, and cost","Energia termica, produzione di corrente e costi",
energy_extra_card_live_source_tiles,,Live source tiles,Riquadri sorgente in tempo reale,
energy_extra_card_electricity_totals_usage,,Electricity totals and usage,Totali e consumo elettrico,
energy_extra_card_home_battery,,Home battery,Batteria domestica,
energy_extra_card_gas_usage,,Gas usage,Consumo di gas,
energy_extra_card_city_heating_usage,,City-heating usage,Utilizzo del riscaldamento urbano,
energy_extra_card_water_usage,,Water usage,Consumo d’acqua,
energy_extra_card_device_energy_bars,,Device energy bars,Energia per dispositivo,
energy_extra_select_energy_cards,,Select energy cards,Seleziona schede energia,
energy_extra_role_grid_power,,Grid power (W),Potenza di rete (W),
energy_extra_role_home_power,,Home power (W),Potenza della casa (W),
energy_extra_role_solar_power,,Solar power (W),Potenza solare (W),
energy_extra_role_battery_power,,Battery power (W),Potenza della batteria (W),
energy_extra_role_battery_level,,Battery level (%),Livello batteria (%),
energy_extra_role_grid_import,,Grid import (kWh),Prelievo dalla rete (kWh),
energy_extra_role_grid_export,,Grid export (kWh),Immissione in rete (kWh),
energy_extra_role_solar_production,,Solar production (kWh),Produzione solare (kWh),
energy_extra_role_phase_one_power,,Phase 1 power,Potenza fase 1,
energy_extra_role_phase_two_power,,Phase 2 power,Potenza fase 2,
energy_extra_role_phase_three_power,,Phase 3 power,Potenza fase 3,
energy_extra_role_import_meter_tariff_one,,Import meter tariff 1,Contatore prelievo tariffa 1,
energy_extra_role_import_meter_tariff_two,,Import meter tariff 2,Contatore prelievo tariffa 2,
energy_extra_role_export_meter_tariff_one,,Export meter tariff 1,Contatore immissione tariffa 1,
energy_extra_role_export_meter_tariff_two,,Export meter tariff 2,Contatore immissione tariffa 2,
energy_extra_role_energy_cost,,Energy cost,Costo dell’energia,
energy_extra_role_gas_total,,Gas total (m³),Gas totale (m³),
energy_extra_role_gas_flow_now,,Gas flow (now),Flusso gas (ora),
energy_extra_role_gas_cost,,Gas cost,Costo del gas,
energy_extra_role_water_total,,Water total,Acqua totale,
energy_extra_role_water_flow_now,,Water flow (now),Flusso acqua (ora),
energy_extra_role_water_cost,,Water cost,Costo dell’acqua,
energy_extra_role_individual_water_devices,,Individual water devices,Contatori dell’acqua individuali,
energy_extra_role_power_devices,,Power devices,Dispositivi di potenza,
energy_extra_role_energy_devices,,Energy devices,Dispositivi di energia,
energy_extra_sensor_current_power_import,,"Current power (W, + = import)","Potenza attuale (W, + = prelievo)",
energy_extra_sensor_power_phase_one,,Power phase 1 (W),Potenza fase 1 (W),
energy_extra_sensor_power_phase_two,,Power phase 2 (W),Potenza fase 2 (W),
energy_extra_sensor_power_phase_three,,Power phase 3 (W),Potenza fase 3 (W),
energy_extra_sensor_current_phase_one,,Current phase 1 (A),Corrente fase 1 (A),
energy_extra_sensor_current_phase_two,,Current phase 2 (A),Corrente fase 2 (A),
energy_extra_sensor_current_phase_three,,Current phase 3 (A),Corrente fase 3 (A),
energy_extra_sensor_voltage_phase_one,,Voltage phase 1 (V),Tensione fase 1 (V),
energy_extra_sensor_voltage_phase_two,,Voltage phase 2 (V),Tensione fase 2 (V),
energy_extra_sensor_voltage_phase_three,,Voltage phase 3 (V),Tensione fase 3 (V),
energy_extra_sensor_home_consumption_power,,Home consumption power (W),Potenza consumata dalla casa (W),
energy_extra_sensor_energy_import,,Energy import (kWh),Energia prelevata (kWh),
energy_extra_sensor_energy_import_tariff_one,,Energy import tariff 1 (kWh),Energia prelevata tariffa 1 (kWh),
energy_extra_sensor_energy_import_tariff_two,,Energy import tariff 2 (kWh),Energia prelevata tariffa 2 (kWh),
energy_extra_sensor_energy_export,,Energy export (kWh),Energia immessa (kWh),
energy_extra_sensor_energy_export_tariff_one,,Energy export tariff 1 (kWh),Energia immessa tariffa 1 (kWh),
energy_extra_sensor_energy_export_tariff_two,,Energy export tariff 2 (kWh),Energia immessa tariffa 2 (kWh),
energy_extra_sensor_energy_cost_today,,Energy cost today,Costo dell’energia oggi,
energy_extra_sensor_current_power_production,,Current power production (W),Produzione elettrica attuale (W),
energy_extra_sensor_energy_production_today,,Energy production today (kWh),Energia prodotta oggi (kWh),
energy_extra_sensor_energy_production_seven_days,,Energy production over the last 7 days,Energia prodotta negli ultimi 7 giorni,
energy_extra_sensor_lifetime_energy_production,,Lifetime energy production,Energia totale prodotta,
energy_extra_sensor_battery_power_charging,,"Battery power (W, + = charging)","Potenza della batteria (W, + = carica)",
energy_extra_sensor_gas_used_today,,Gas used today (m³),Gas consumato oggi (m³),
energy_extra_sensor_current_gas_flow,,"Current gas flow (m³/h, optional)","Flusso gas attuale (m³/h, facoltativo)",
energy_extra_sensor_gas_cost_today,,Gas cost today,Costo del gas oggi,
energy_extra_sensor_city_heating_total,,Heat energy total (J/MJ/GJ/kWh),Totale energia termica (J/MJ/GJ/kWh),
energy_extra_sensor_city_heating_current,,Current heat output (optional),Potenza termica attuale (opzionale),
energy_extra_sensor_city_heating_cost,,City-heating cost,Costo del riscaldamento cittadino,
energy_extra_estimated_gas_equivalent,,Estimated gas equivalent,Equivalente di gas stimato,
energy_extra_estimated_gas_note,,Based on 35.17 MJ per m³ of natural gas,"Basato su 35,17 MJ per m³ di gas naturale",
energy_extra_sensor_water_used_today,,Water used today (L/m³),Acqua consumata oggi (L/m³),
energy_extra_sensor_current_water_flow,,"Current water flow (L/min, optional)","Flusso acqua attuale (L/min, facoltativo)",
energy_extra_sensor_water_cost_today,,Water cost today,Costo dell’acqua oggi,
energy_extra_picker_top_consumer_devices,,Top-consumer devices,Dispositivi con il consumo più alto,
energy_extra_picker_device_energy_counters,,Device energy counters,Contatori di energia per dispositivo,
energy_extra_auto_power_sensors_help,,All sensors with device_class power are included automatically. Remove a device to create your own list.,Tutti i sensori con device_class power vengono inclusi automaticamente. Rimuovi un dispositivo per creare il tuo elenco.,
energy_extra_auto_energy_sensors_help,,All sensors with device_class energy are included automatically. Their counter changes are used for the selected period.,Tutti i sensori con device_class energy vengono inclusi automaticamente. Le variazioni dei contatori vengono usate per il periodo selezionato.,
energy_extra_currency,,Currency,Valuta,
energy_extra_currency_subtitle,,Which currency the cost stats are shown in,In quale valuta vengono visualizzate le statistiche sui costi,
energy_extra_currency_search,,Search currencies,Cerca valute,
energy_extra_currency_automatic,,Automatic,Automatico,
energy_extra_currency_automatic_subtitle,,"Follow your cost sensors, then your device region","Segui i sensori di costo, quindi la regione del tuo dispositivo",
energy_extra_currency_automatic_value,,Automatic (%1$s),Automatico (%1$s),app fills in %1$s — keep them
energy_extra_energy_card,,Energy card,Scheda energia,
energy_extra_energy_card_subtitle,,Data sources and card appearance,Sorgenti dati e aspetto della scheda,
energy_extra_card_and_data,,Card and data,Scheda e dati,
energy_extra_energy_stack,,Energy stack,Raccolta energia,
energy_extra_energy_stack_subtitle,,"Cards, data sources, and layout","Schede, sorgenti dati e disposizione",
energy_extra_cards_and_data,,Cards and data,Schede e dati,
events_tab,,Events,Eventi,
events_empty,,No events yet,Nessun evento ancora,
events_empty_hint,,Recent activity for the entities your family admin added to the timeline appears here.,L'attività recente per le entità aggiunte dall'amministratore della famiglia alla sequenza temporale viene visualizzata qui.,
events_not_configured,,No events are being tracked,Nessun evento viene monitorato,
events_not_configured_admin,,Choose which entities appear here in Settings › Family Sharing › Events.,Scegli quali entità vengono visualizzate qui in Impostazioni › Condivisione in famiglia › Eventi.,
events_not_configured_member,,Your family admin decides which entities appear here.,L'amministratore della tua famiglia decide quali entità vengono visualizzate qui.,
events_unavailable,,The event timeline needs HKI 7 Cloud %1$s.,La sequenza temporale dell'evento richiede HKI 7 Cloud %1$s.,app fills in %1$s — keep them; don't translate HKI 7 Cloud
events_set_up_button,,Choose entities,Scegli le entità,
events_no_matches,,No matching events,Nessun evento corrispondente,
events_loading,,Loading events…,Caricamento eventi…,
events_today,,Today,Oggi,
events_yesterday,,Yesterday,Ieri,
events_by,,by %1$s,di %1$s,app fills in %1$s — keep them
events_filter_all,,All,Tutto,
event_category_door,,Doors,Porte,
event_category_window,,Windows,Finestre,
event_category_motion,,Motion,Movimento,
event_category_moisture,,Water,Acqua,
event_category_safety,,Smoke & gas,Fumo e gas,
event_category_problem,,Problems,Problemi,
event_category_battery,,Batteries,Batterie,
event_category_connectivity,,Connectivity,Connettività,
event_category_light,,Lights,Luci,
event_category_switch,,Switches,Interruttori,
event_category_lock,,Locks,Serrature,
event_category_cover,,Covers,Coperture,
event_category_climate,,Climate,Clima,
event_category_presence,,People,Persone,
event_category_alarm,,Alarm,Allarme,
event_category_media,,Media,Multimedia,
event_category_vacuum,,Vacuum,Aspirapolvere,
event_category_automation,,Automations,Automazioni,
event_category_sensor,,Sensors,Sensori,
event_verb_opened,,was opened,è stato aperto,
event_verb_closed,,was closed,era chiuso,
event_verb_opening,,is opening,si sta aprendo,
event_verb_closing,,is closing,sta chiudendo,
event_verb_locked,,was locked,era bloccato,
event_verb_unlocked,,was unlocked,è stato sbloccato,
event_verb_motion_detected,,detected motion,movimento rilevato,
event_verb_motion_cleared,,stopped detecting motion,ha smesso di rilevare il movimento,
event_verb_moisture_detected,,detected moisture,umidità rilevata,
event_verb_moisture_cleared,,is dry again,è di nuovo asciutto,
event_verb_alarm_detected,,raised an alarm,ha lanciato l'allarme,
event_verb_alarm_cleared,,cleared,cancellato,
event_verb_problem_detected,,reported a problem,segnalato un problema,
event_verb_problem_cleared,,is back to normal,è tornato alla normalità,
event_verb_battery_low,,reported a low battery,segnalato una batteria scarica,
event_verb_battery_normal,,has a healthy battery again,ha di nuovo una batteria sana,
event_verb_connected,,came online,è venuto online,
event_verb_disconnected,,went offline,è andato offline,
event_verb_turned_on,,was turned on,era acceso,
event_verb_turned_off,,was turned off,è stato spento,
event_verb_detected,,was triggered,è stato attivato,
event_verb_cleared,,cleared,cancellato,
event_verb_arrived_home,,arrived home,arrivato a casa,
event_verb_left_home,,left home,lasciato casa,
event_verb_arrived_at,,arrived at %1$s,arrivato a %1$s,app fills in %1$s — keep them
event_verb_disarmed,,was disarmed,era disarmato,
event_verb_armed,,was armed,era armato,
event_verb_arming,,is arming,si sta armando,
event_verb_pending,,is counting down,sta facendo il conto alla rovescia,
event_verb_triggered,,was triggered,è stato attivato,
event_verb_set_to,,was set to %1$s,era impostato su %1$s,app fills in %1$s — keep them
event_verb_started_cleaning,,started cleaning,iniziato a pulire,
event_verb_returning_to_dock,,is returning to its dock,sta tornando al suo molo,
event_verb_docked,,docked,ancorato,
event_verb_started_playing,,started playing,iniziato a giocare,
event_verb_paused,,was paused,è stato messo in pausa,
event_verb_stopped,,stopped,fermato,
event_verb_generic,,changed to %1$s,cambiato in %1$s,app fills in %1$s — keep them
ui_1_advanced_shorthand_block_kept_unchanged_d4dcbd7,,1 advanced shorthand block (kept unchanged),1 blocco abbreviato avanzato (mantenuto invariato),
ui_1f_kwh_self_used_b4798a5,, · %%.1f kWh self-used (%1$s%%%%),· %%.1f kWh autoutilizzato (%1$s%%%%),app fills in %1$s — keep them; keep the space at the start/end
ui_1f_of_1f_kwh_d_00c25f6,,%.1f of %.1f kWh · %d%%,%.1f di %.1f kWh · %d%%,app fills in %.1f %d — keep them
ui_24_hour_format_b195a8f,,24-Hour Format,Formato 24 ore,
ui_a_fast_auto_generating_dashboard_for_home_assistant_let_0fad4a9,,"A fast, auto-generating dashboard for Home Assistant\nLet's connect to your server.",Una dashboard veloce e con generazione automatica per Home Assistant\nConnettiamoci al tuo server.,don't translate Home Assistant; \n = line break
ui_a_modern_touch_first_android_dashboard_and_companion_for_814cbdb,,"A modern, touch-first Android dashboard and companion for Home Assistant.","Una dashboard Android moderna e touch-first, nonché complemento per Home Assistant.",don't translate Home Assistant
ui_about_6b21fb7,,About,Di,
ui_accidental_touch_protection_e2683f4,,Accidental-touch protection,Protezione dal tocco accidentale,
ui_account_85dfa32,,Account,Account,
ui_action_49924bc,,%1$s action,%1$s azione,app fills in %1$s — keep them
ui_action_97c89a4,,Action,Azione,
ui_action_data_e5a7704,,Action data,Dati sull'azione,
ui_action_data_object_8850c05,,Action data object,Oggetto dati azione,
ui_action_details_d623b1c,,Action details,Dettagli dell'azione,
ui_active_0af2854,,%1$s · %2$s active,%1$s · %2$s attivo,app fills in %1$s %2$s — keep them
ui_active_25ff32f,,%1$s/%2$s active,%1$s/%2$s attivo,app fills in %1$s %2$s — keep them
ui_active_a733b80,,Active,Attivi,
ui_active_c7260b5,,%1$s%% • ACTIVE,%1$s%% • ATTIVO,app fills in %1$s — keep them
ui_active_connection_54db7a1,,Active connection,Connessione attiva,
ui_activity_81c0d91,,Activity,Attività,
ui_activity_indication_and_collapsing_0764a94,,Activity indication and collapsing,Indicazione dell'attività e collasso,
ui_adapt_now_c30eb08,,Adapt now,Adattati adesso,
ui_adaptive_lighting_7587880,,Adaptive lighting,Illuminazione adattiva,
ui_adaptive_lighting_e2cffbd,,Adaptive Lighting,Illuminazione adattiva,
ui_adaptive_lighting_is_unavailable_6b9ada3,,Adaptive Lighting is unavailable,L'illuminazione adattiva non è disponibile,
ui_add_016df71,,Add (%1$s),Aggiungi (%1$s),app fills in %1$s — keep them
ui_add_4_10_entity_buttons_to_this_dialog_s_cdedf23,,Add 4–10 entity buttons to this dialog's nav bar.,Aggiungi 4-10 pulsanti di entità alla barra di navigazione di questa finestra di dialogo.,
ui_add_61cc55a,,Add,Aggiungere,
ui_add_and_edit_each_chart_in_this_stack_0c0cb11,,Add and edit each chart in this stack,Aggiungi e modifica ogni grafico in questa pila,
ui_add_at_least_one_step_3620909,,Add at least one step,Aggiungi almeno un passaggio,
ui_add_button_3d7db43,,Add button,Aggiungi pulsante,
ui_add_camera_cf03528,,Add Camera,Aggiungi fotocamera,
ui_add_carrier_device_7945283,,Add carrier device,Aggiungi il dispositivo dell'operatore,
ui_add_current_network_64cabf3,,"Add current network ""%1$s""","Aggiungi la rete corrente ""%1$s""",app fills in %1$s — keep them
ui_add_custom_buttons_83a0768,,Add Custom Buttons,Aggiungi pulsanti personalizzati,
ui_add_custom_camera_url_aab29ef,,Add Custom Camera URL,Aggiungi l'URL personalizzato della fotocamera,
ui_add_entities_333152e,,Add entities,Aggiungi entità,
ui_add_entity_f99dc1d,,Add entity,Aggiungi entità,
ui_add_every_integration_account_that_should_contribute_parce_ce58afb,,Add every integration account that should contribute parcels,Aggiungi tutti gli account di integrazione che dovrebbero contribuire con i pacchi,
ui_add_floor_63c715d,,Add Floor,Aggiungi piano,
ui_add_graph_079e4ca,,Add graph,Aggiungi grafico,
ui_add_home_assistant_a6ccea8,,Add Home Assistant,Aggiungi l'assistente domestico,don't translate Home Assistant
ui_add_home_assistant_instance_625838a,,Add Home Assistant instance,Aggiungi l'istanza di Home Assistant,don't translate Home Assistant
ui_add_individual_water_meters_to_compare_their_usage_daec0de,,Add individual water meters to compare their usage.,Aggiungi contatori dell'acqua individuali per confrontare il loro utilizzo.,
ui_add_instance_step_df337b3,,add_instance_step,aggiungi_passo_istanza,
ui_add_more_for_a_full_row_ed977e3,,Add %1$s more for a full row.,Aggiungi %1$s altro per una riga completa.,app fills in %1$s — keep them
ui_add_one_focused_card_c2f2ed8,,Add one focused card,Aggiungi una carta focalizzata,
ui_add_or_edit_entities_b59919b,,Add or edit entities,Aggiungi o modifica entità,
ui_add_parcel_82c0bf8,,Add parcel,Aggiungi pacco,
ui_add_parcel_bde8afb,,Add Parcel,Aggiungi pacco,
ui_add_room_5a95991,,Add Room,Aggiungi stanza,
ui_add_sensors_d6df16f,,Add sensors,Aggiungi sensori,
ui_add_to_cd52e85,,Add to %1$s,Aggiungi a %1$s,app fills in %1$s — keep them
ui_add_widget_a9df350,,Add Widget,Aggiungi widget,
ui_add_widget_dd4416e,,Add widget,Aggiungi widget,
ui_adding_ffb2e62,,Adding…,Aggiunta…,
ui_admin_b38222e,,%1$s (admin),%1$s (amministratore),app fills in %1$s — keep them
ui_administrative_controls_for_your_home_assistant_server_e56ebd9,,Administrative controls for your Home Assistant server,Controlli amministrativi per il tuo server Home Assistant,don't translate Home Assistant
ui_advanced_4d06472,,Advanced,Avanzato,
ui_advanced_action_data_json_622e363,,Advanced action data (JSON),Dati di azione avanzati (JSON),
ui_advanced_shorthand_blocks_kept_unchanged_aa253ae,,%1$s advanced shorthand blocks (kept unchanged),%1$s blocchi abbreviati avanzati (mantenuti invariati),app fills in %1$s — keep them
ui_aesthetic_changes_only_f31f444,,Aesthetic changes only,Solo modifiche estetiche,
ui_aggregate_carriers_eae26c7,,Aggregate carriers,Portatori aggregati,
ui_agree_ee68d34,,Agree,Essere d'accordo,
ui_air_circulating_273e82b,,Air circulating,Circolazione dell'aria,
ui_air_circulation_devices_a14e95d,,Air circulation devices,Dispositivi per la circolazione dell'aria,
ui_air_cleaning_devices_4364277,,Air cleaning devices,Dispositivi per la pulizia dell'aria,
ui_air_purifiers_476147b,,Air purifiers,Purificatori d’aria,
ui_air_purifiers_are_fan_entities_in_home_assistant_so_3fa4fdb,,"Air purifiers are fan entities in Home Assistant, so they can't be auto-detected. Select yours here.","I purificatori d'aria sono entità ventole in Home Assistant, quindi non possono essere rilevati automaticamente. Seleziona il tuo qui.",don't translate Home Assistant
ui_airphase_1f2d2b6,,airPhase,airPhase,
ui_alarm_25f8c55,,Alarm,Allarme,
ui_alarm_entities_b462ba5,,Alarm entities,Entità di allarme,
ui_alarm_pending_e2c04aa,,Alarm pending,Attivazione dell'allarme,
ui_alarm_triggered_641ff6f,,Alarm triggered,Allarme attivato,
ui_alarm_unavailable_867909b,,Alarm unavailable,Allarme non disponibile,
ui_alignment_7f8c517,,Alignment,Allineamento,
ui_all_6a72085,,All,Tutto,
ui_all_batteries_ok_9676f73,,All batteries OK,Tutte le batterie sono OK,
ui_all_calendar_entities_bffb01d,,All calendar entities,Tutte le entità del calendario,
ui_all_levels_6b4fde3,,All levels,Tutti i livelli,
ui_all_off_97b7833,,All off,Tutto spento,
ui_all_thermostats_59c8297,,All thermostats,Tutti i termostati,
ui_all_types_30c8a0f,,All types,Tutti i tipi,
ui_allow_all_the_time_d91ab85,,Allow All The Time,Consenti tutto il tempo,
ui_allow_editing_24f2b54,,Allow editing,Consenti modifica,
ui_allow_theme_colors_icons_names_and_wallpaper_but_not_efc8a97,,"Allow theme, colors, icons, names and wallpaper — but not adding or removing widgets, buttons or rooms","Consenti temi, colori, icone, nomi e sfondi, ma non aggiungi o rimuovi widget, pulsanti o stanze",
ui_always_a91bcce,,Always,Sempre,
ui_an_admin_can_share_one_dashboard_with_the_whole_5a5434d,,"An admin can share one dashboard with the whole family so everyone gets the same layout. To use it, an admin needs to install the HKI 7 Cloud component and share a dashboard first.","Un amministratore può condividere una dashboard con tutta la famiglia in modo che tutti abbiano lo stesso layout. Per utilizzarlo, un amministratore deve prima installare il componente HKI 7 Cloud e condividere prima una dashboard.",don't translate HKI 7 Cloud
ui_an_admin_needs_to_install_the_hki_7_cloud_0e9241b,,An admin needs to install the HKI 7 Cloud component and share a dashboard first.,Un amministratore deve prima installare il componente HKI 7 Cloud e condividere un dashboard.,don't translate HKI 7 Cloud
ui_android_location_permission_2ff3839,,Android Location Permission,Autorizzazione alla posizione Android,
ui_animated_icons_aa39cfe,,Animated icons,Icone animate,
ui_animation_62afd21,,Animation,Animazione,
ui_announced_letter_3a7ac05,,Announced letter,Lettera annunciata,
ui_any_state_c7274cb,,Any state,Qualsiasi stato,
ui_appearance_41def7a,,Appearance,Aspetto,
ui_applies_to_all_dashboard_buttons_widgets_stacks_rooms_and_9715deb,,"Applies to all dashboard buttons, widgets, stacks, rooms, and cards.","Si applica a tutti i pulsanti, widget, pile, stanze e schede del dashboard.",
ui_apply_cfea419,,Apply,Fare domanda a,
ui_archived_eddc813,,Archived,Archiviato,
ui_are_you_sure_you_want_to_clear_battery_config_3e19f24,,Are you sure you want to clear battery config?,Sei sicuro di voler cancellare la configurazione della batteria?,
ui_armed_32caa31,,Armed,Armato,
ui_armed_away_6834abf,,Armed away,Inserito: fuori casa,
ui_armed_home_c8d0b44,,Armed home,Inserito: casa,
ui_armed_night_80659bd,,Armed night,Inserito: notte,
ui_arming_in_seconds_b9e07a8,,Arming in %1$s seconds,Inserimento tra %1$s secondi,app fills in %1$s — keep them
ui_aspect_ratio_4e077cf,,Aspect ratio,Proporzioni,
ui_aspect_ratio_used_by_every_stream_275bb52,,Aspect ratio used by every stream,Proporzioni utilizzate da ogni flusso,
ui_astronomical_tap_or_swipe_683fe28,,Astronomical · tap or swipe,Astronomico · tocca o scorri,
ui_at_target_6a8dbb5,,At target,Al bersaglio,
ui_auto_c614ba7,,Auto,Automatica,
ui_auto_dashboard_c7a509a,,Auto dashboard,Cruscotto automatico,
ui_auto_discovered_e0643da,,Auto-discovered,Rilevato automaticamente,
ui_auto_generate_0f86c24,,Auto Generate,Generazione automatica,
ui_auto_generate_1502534,,Auto generate,Generazione automatica,
ui_auto_generation_is_a_one_time_starting_point_the_6b317fe,,"Auto generation is a one-time starting point. The Home page starts empty in either mode, and you can re-import Home Assistant data later from individual views.",La generazione automatica è un punto di partenza una tantum. La pagina Home inizia vuota in entrambe le modalità ed è possibile reimportare i dati dell'Home Assistant in un secondo momento dalle singole visualizzazioni.,don't translate Home Assistant
ui_auto_manual_342b68e,,Auto + %1$s manual,Automatico + %1$s manuale,app fills in %1$s — keep them
ui_auto_none_f606e9b,,Auto / none,Automatico/nessuno,
ui_auto_scan_150eb4b,,Auto-scan,Scansione automatica,
ui_auto_unavailable_33737ba,,Auto / unavailable,Automatico/non disponibile,
ui_automatic_cloud_backup_494d882,,Automatic cloud backup,Backup automatico nel cloud,
ui_automatic_configuration_only_battery_class_percentage_sens_ce9ab03,,Automatic configuration: only battery-class percentage sensors are included.,Configurazione automatica: sono inclusi solo sensori percentuali della classe batteria.,
ui_automatic_local_cloud_backup_7aef407,,Automatic local cloud backup,Backup automatico sul cloud locale,
ui_automatic_paging_and_transition_style_792709a,,Automatic paging and transition style,Impaginazione automatica e stile di transizione,
ui_automatically_backs_up_your_dashboard_and_appearance_setti_cd89812,,"Automatically backs up your dashboard and appearance settings to your own Home Assistant every day, so you can restore them any time. Requires the HKI 7 Cloud custom component (install it via HACS).","Esegue automaticamente ogni giorno il backup della dashboard e delle impostazioni dell'aspetto sul tuo Home Assistant, così puoi ripristinarle in qualsiasi momento. Richiede il componente personalizzato HKI 7 Cloud (installarlo tramite HACS).","don't translate HKI 7 Cloud, Home Assistant"
ui_automation_a15fde5,,Automation,Automazione,
ui_automations_even_when_the_app_is_closed_or_not_d27e5b1,,"automations, even when the app is closed or not in use.\n\n","automazioni, anche quando l'app è chiusa o non in uso.",\n = line break
ui_autoplay_95619b5,,Autoplay,Riproduzione automatica,
ui_average_93a8018,,average,media,
ui_azimuth_d2fbdb3,,Azimuth,Azimut,
ui_back_b52b36b,,Back,Indietro,
ui_back_up_now_527bf1a,,Back up now,Esegui il backup adesso,
ui_background_image_url_or_path_dfc4908,,Background image (URL or path),Immagine di sfondo (URL o percorso),
ui_background_location_5f56f21,,Background location,Posizione dello sfondo,
ui_background_notifications_563a463,,Background notifications,Notifiche in background,
ui_background_usage_fd8ed73,,Background Usage,Utilizzo dello sfondo,
ui_backing_up_f600558,,Backing up…,Backup…,
ui_backspace_88d130a,,Backspace,Indietro,
ui_backup_and_restore_a593246,,Backup and Restore,Backup e ripristino,
ui_backup_dd96994,,Backup,Backup,
ui_backups_contain_dashboard_and_appearance_configuration_onl_d5856be,,"Backups contain dashboard and appearance configuration only. Connection details, app permissions, location state, and notification history are not included.","I backup contengono solo la dashboard e la configurazione dell'aspetto. I dettagli di connessione, le autorizzazioni delle app, lo stato della posizione e la cronologia delle notifiche non sono inclusi.",
ui_badge_bar_layout_4b4dfdd,,Badge bar layout,Disposizione della barra dei badge,
ui_bars_ad5fb3b,,Bars,Barre,
ui_batt_679d0aa,,Batt,Batt,
ui_batteries_0970f9d,,Batteries,Batterie,
ui_battery_4a9be04,,Battery,Batteria,
ui_battery_74dff99,,Battery: %1$s,Batteria: %1$s,app fills in %1$s — keep them
ui_battery_attention_0feaa08,,battery-attention,attenzione alla batteria,
ui_battery_battery_notes_only_14e5936,,Battery+ / Battery Notes only,Solo batteria+/Note sulla batteria,
ui_battery_energy_25638f8,,battery-energy,energia della batteria,
ui_battery_entities_visible_9299588,,%1$s battery entities visible,%1$s entità batteria visibili,app fills in %1$s — keep them
ui_battery_fill_8b6793e,,battery-fill,riempimento della batteria,
ui_battery_health_12c0ce4,,BATTERY HEALTH,SALUTE DELLA BATTERIA,
ui_battery_health_8cc8e64,,BATTERY+ HEALTH,BATTERIA+ SALUTE,
ui_battery_level_is_healthy_1de4c4f,,Battery level is healthy,Il livello della batteria è buono,
ui_battery_levels_7c61b65,,Battery Levels,Livelli della batteria,
ui_battery_optimization_7676ca5,,Battery Optimization,Ottimizzazione della batteria,
ui_battery_orbit_9aa5d8c,,battery-orbit,orbita della batteria,
ui_battery_rules_be75b3c,,Battery rules,Regole sulla batteria,
ui_battery_sensor_optional_0e261e6,,Battery sensor (optional),Sensore batteria (opzionale),
ui_behavior_70cb647,,Behavior,Comportamento,
ui_birthday_yyyy_mm_dd_d1a9b03,,Birthday (YYYY-MM-DD),Compleanno (AAAA-MM-GG),
ui_bold_100_1b94255,,Bold (+100),Grassetto (+100),
ui_bolder_200_9cc5d65,,Bolder (+200),Più audace (+200),
ui_boldest_300_c5a490d,,Boldest (+300),Il più audace (+300),
ui_boldness_10b6938,,Boldness · %1$s,Audacia · %1$s,app fills in %1$s — keep them
ui_brand_and_third_party_work_8d6d517,,Brand and third-party work,Lavoro di marca e conto terzi,
ui_brightness_222d6d5,,%1$s brightness,%1$s luminosità,app fills in %1$s — keep them
ui_brightness_8e06ad0,,BRIGHTNESS,LUMINOSITÀ,
ui_brightness_slider_a427c80,,Brightness slider,Cursore della luminosità,
ui_build_the_interface_entirely_your_way_e94582f,,Build the interface entirely your way.,Costruisci l'interfaccia interamente a modo tuo.,
ui_building_your_dashboard_2943961,,Building your dashboard,Costruisci la tua dashboard,
ui_built_in_20f409c,,Built-in,Integrato,
ui_button_794145f,,Button,Pulsante,
ui_button_image_2483e32,,Button image,Immagine del pulsante,
ui_button_lock_28d87b1,,Button lock,Blocco dei pulsanti,
ui_button_stack_ee9e7f8,,Button Stack,Pila di pulsanti,
ui_button_type_890a578,,Button type,Tipo di pulsante,
ui_buttons_available_from_this_person_s_detail_dialog_ab3f9f9,,Buttons available from this person's detail dialog,Pulsanti disponibili nella finestra di dialogo dei dettagli di questa persona,
ui_calendar_content_1f185c8,,Calendar content,Contenuto del calendario,
ui_calendars_9444501,,Calendars,Calendari,
ui_camera_4da9c9a,,Camera,Telecamera,
ui_camera_aspect_ratio_928bf09,,Camera aspect ratio,Proporzioni della fotocamera,
ui_camera_display_20a9c82,,Camera display,Visualizzazione della fotocamera,
ui_camera_feed_cc1f19e,,Camera Feed,Alimentazione della fotocamera,
ui_camera_page_6b1987b,,camera_page,fotocamera_pagina,
ui_camera_stack_645ea0f,,Camera Stack,Pila di fotocamere,
ui_camera_url_0eebe87,,Camera URL,URL della fotocamera,
ui_cameras_d3daff3,,Cameras,Telecamere,
ui_camerascan_00bd2cb,,cameraScan,cameraScan,
ui_can_t_reach_the_server_73079bd,,Can't reach the server,Impossibile raggiungere il server,
ui_cancel_77dfd21,,Cancel,Cancellare,
ui_cancel_arming_5d383c8,,Cancel arming,Annulla l'inserimento,
ui_card_4d4ce73,,Card,Carta,
ui_card_data_4a42176,,Card & data,Carta e dati,
ui_card_entities_e548a55,,Card & entities,Carta ed entità,
ui_card_layout_f83b655,,Card layout,Disposizione della carta,
ui_card_settings_1a3b62a,,Card settings,Impostazioni della carta,
ui_card_shape_and_width_0d513f7,,Card shape and width,Forma e larghezza della carta,
ui_card_shape_width_and_background_e4aff1c,,"Card shape, width, and background","Forma, larghezza e sfondo della carta",
ui_card_size_shape_and_background_df75707,,"Card size, shape, and background","Dimensioni, forma e sfondo della carta",
ui_card_width_icon_and_styling_de70fd8,,"Card width, icon, and styling","Larghezza, icona e stile della carta",
ui_card_width_shape_icon_and_background_c3695b5,,"Card width, shape, icon, and background","Larghezza, forma, icona e sfondo della carta",
ui_cards_0f830bc,,Cards,Carte,
ui_cards_data_a33e044,,Cards & data,Carte e dati,
ui_cards_entities_be4393a,,Cards & entities,Carte ed entità,
ui_carrier_accounts_20ad36c,,Carrier accounts,Conti operatore,
ui_carrier_devices_9927ae1,,Carrier devices,Dispositivi portanti,
ui_carrier_display_name_optional_5ca06fc,,Carrier display name (optional),Nome visualizzato del corriere (facoltativo),
ui_center_adapt_now_and_pause_buttons_81074b2,,Center Adapt now and Pause buttons,Centrare i pulsanti Adatta ora e Pausa,
ui_change_64fbd99,,Change,Modifica,
ui_change_avatar_image_217fbce,,Change avatar image,Cambia l'immagine dell'avatar,
ui_changing_mode_3da68b4,,Changing mode,Cambiare modalità,
ui_charge_flow_ceb6c62,,Charge & flow,Carica e flusso,
ui_chart_66c7734,,Chart,Grafico,
ui_checking_for_shared_dashboards_5f2f823,,Checking for shared dashboards…,Verifica delle dashboard condivise…,
ui_checking_for_the_hki_7_cloud_component_c76112a,,Checking for the HKI 7 Cloud component…,Verifica del componente HKI 7 Cloud…,don't translate HKI 7 Cloud
ui_choose_78b7c9f,,Choose,Scegliere,
ui_choose_a_different_server_47e6ce6,,Choose a different server,Scegli un server diverso,
ui_choose_a_side_when_the_badge_bar_is_split_6e3c73d,,Choose a side when the badge bar is split,Scegli un lato quando la barra del badge è divisa,
ui_choose_a_state_7ab7191,,Choose a state,Scegli uno stato,
ui_choose_a_visual_home_assistant_block_e7c8652,,Choose a visual Home Assistant block,Scegli un blocco visivo di Home Assistant,don't translate Home Assistant
ui_choose_action_cf9c80e,,Choose action,Scegli l'azione,
ui_choose_an_action_e82323b,,Choose an action,Scegli un'azione,
ui_choose_an_entity_00fd1cc,,Choose an entity,Scegli un'entità,
ui_choose_an_entity_first_d59e681,,Choose an entity first,Scegli prima un'entità,
ui_choose_an_expanded_or_compact_dashboard_header_815902d,,Choose an expanded or compact dashboard header,Scegli un'intestazione della dashboard espansa o compatta,
ui_choose_avatar_image_bcd5b00,,Choose avatar image,Scegli l'immagine dell'avatar,
ui_choose_between_the_full_header_and_a_compact_navigation_90ec55e,,Choose between the full header and a compact navigation bar,Scegli tra l'intestazione completa e una barra di navigazione compatta,
ui_choose_entity_31b0424,,Choose entity,Scegli entità,
ui_choose_how_this_phone_or_tablet_appears_in_home_419da67,,Choose how this phone or tablet appears in Home Assistant,Scegli come verrà visualizzato questo telefono o tablet nell'Assistente Domestico,don't translate Home Assistant
ui_choose_icon_b0047ce,,Choose icon,Scegli l'icona,
ui_choose_included_cards_and_shared_entity_overrides_a507343,,Choose included cards and shared entity overrides,Scegli le carte incluse e le sostituzioni di entità condivise,
ui_choose_included_views_and_shared_entity_overrides_41f2e64,,Choose included views and shared entity overrides,Scegli le visualizzazioni incluse e le sostituzioni di entità condivise,
ui_choose_one_or_more_carrier_devices_in_widget_settings_100a4ca,,Choose one or more carrier devices in widget settings.,Scegli uno o più dispositivi dell'operatore nelle impostazioni del widget.,
ui_choose_person_entity_977db64,,Choose person entity,Scegli l'entità persona,
ui_choose_the_climate_view_and_optional_entity_overrides_a69cbbc,,Choose the climate view and optional entity overrides,Scegli la visualizzazione climatica e le sostituzioni facoltative dell'entità,
ui_choose_the_energy_view_and_override_its_entities_if_523c3be,,Choose the energy view and override its entities if needed,"Scegli la vista energetica e sovrascrivi le sue entità, se necessario",
ui_choose_the_entity_and_card_content_8bde89a,,Choose the entity and card content,Scegli l'entità e il contenuto della carta,
ui_choose_the_home_assistant_entities_that_drive_this_room_53a4061,,Choose the Home Assistant entities that drive this room's live indicators. Indicators only appear while they are active.,Scegli le entità dell'Assistente domestico che guidano gli indicatori live di questa stanza. Gli indicatori vengono visualizzati solo mentre sono attivi.,don't translate Home Assistant
ui_choose_the_home_assistant_shown_in_hki_7_b29bc26,,Choose the Home Assistant shown in HKI 7,Scegli l'Home Assistant mostrato in HKI 7,"don't translate Home Assistant, HKI 7"
ui_choose_the_player_and_dashboard_label_7fa88ba,,Choose the player and dashboard label,Scegli l'etichetta del player e della dashboard,
ui_choose_the_profile_for_this_light_d8c7bae,,Choose the profile for this light,Scegli il profilo per questa luce,
ui_choose_the_sensors_plotted_together_3bc1663,,Choose the sensors plotted together,Scegli i sensori tracciati insieme,
ui_choose_the_source_and_when_a_battery_is_considered_0b993df,,Choose the source and when a battery is considered low,Scegli la fonte e quando la batteria è considerata scarica,
ui_choose_what_tap_double_tap_and_hold_should_do_0bbe9c8,,"Choose what tap, double tap, and hold should do","Scegli cosa dovrebbero fare il tocco, il doppio tocco e la pressione",
ui_choose_what_this_action_should_control_7ebe4ab,,Choose what this action should control,Scegli cosa dovrebbe controllare questa azione,
ui_choose_what_this_badge_summarizes_a7af7e6,,Choose what this badge summarizes,Scegli cosa riassume questo badge,
ui_choose_what_this_header_pill_shows_0bbdbc2,,Choose what this header pill shows,Scegli cosa mostra questa pillola di intestazione,
ui_choose_where_to_restore_the_dashboard_configuration_from_bb40b34,,Choose where to restore the dashboard configuration from.,Scegli da dove ripristinare la configurazione della dashboard.,
ui_choose_whether_this_person_appears_in_the_home_header_49f0ec2,,Choose whether this person appears in the Home header,Scegli se questa persona deve apparire nell'intestazione Home,
ui_choose_which_profiles_this_widget_can_control_2cd9b2b,,Choose which profiles this widget can control,Scegli quali profili può controllare questo widget,
ui_choose_who_can_see_this_dashboard_they_can_import_2f5e49d,,Choose who can see this dashboard. They can import it into their own app.,Scegli chi può vedere questa dashboard. Possono importarlo nella propria app.,
ui_choose_your_dashboard_1ec85e9,,Choose your dashboard,Scegli la tua dashboard,
ui_clean_rooms_4dc67ab,,Clean rooms,Camere pulite,
ui_clean_selected_43d8dd5,,Clean selected,Pulito selezionato,
ui_clear_719ea39,,Clear,Nessun problema,
ui_clear_battery_config_d8854f7,,Clear battery config?,Cancellare la configurazione della batteria?,
ui_clear_battery_view_1952347,,Clear battery view?,Visualizzazione chiara della batteria?,
ui_clear_battery_view_5ef09bf,,Clear Battery View,Cancella visualizzazione batteria,
ui_clear_climate_view_48e8a5e,,Clear Climate View,Chiara visione del clima,
ui_clear_climate_view_9a1339c,,Clear climate view?,Visione chiara del clima?,
ui_clear_config_51f6330,,Clear config,Cancella configurazione,
ui_clear_energy_view_401c166,,Clear Energy View,Chiara visione energetica,
ui_clear_energy_view_d577bb7,,Clear energy view?,Visione energetica chiara?,
ui_clear_filters_4122267,,Clear filters,Cancella filtri,
ui_clear_rooms_view_87a43ca,,Clear Rooms View,Vista chiara delle camere,
ui_clear_rooms_view_f1d0d72,,Clear rooms view?,Vista libera delle camere?,
ui_clear_search_67300d0,,Clear search,Cancella ricerca,
ui_clear_security_view_219e25b,,Clear Security View,Cancella visualizzazione sicurezza,
ui_clear_security_view_48790f7,,Clear security view?,Chiara visualizzazione della sicurezza?,
ui_clear_selection_247fd63,,Clear selection,Cancella selezione,
ui_climate_4857860,,Climate,Clima,
ui_climate_cards_f4996fd,,Climate Cards,Carte sul clima,
ui_climate_devices_are_found_automatically_add_extra_entities_5ebd8b7,,Climate devices are found automatically; add extra entities here if any are missing.,I dispositivi climatici vengono trovati automaticamente; aggiungi qui altre entità se mancano.,
ui_climate_dialog_control_add9f2b,,Climate dialog control,Controllo del dialogo climatico,
ui_climate_sources_take_priority_and_use_their_current_temper_5dbcde3,,Climate sources take priority and use their current_temperature and current_humidity values. ,Le fonti climatiche hanno la priorità e utilizzano i valori di temperatura_corrente e umidità_corrente.,keep the space at the start/end
ui_climate_stack_cards_dcff178,,Climate Stack Cards,Carte Stack Clima,
ui_climate_summary_4686577,,Climate summary,Sintesi del clima,
ui_climatedooropen_026f1c8,,climateDoorOpen,climaPortaAperta,
ui_climatehouse_9c0637a,,climateHouse,casaclima,
ui_climatewindowopen_9b0794a,,climateWindowOpen,climaFinestraAperta,
ui_close_bbfa773,,Close,Chiudi,
ui_cloud_backup_is_off_71dfae1,,Cloud backup is off,Il backup sul cloud è disattivato,
ui_collapsed_by_default_65a57c6,,Collapsed by default,Collassato per impostazione predefinita,
ui_collapsible_c932fac,,Collapsible,Pieghevole,
ui_collection_30c54a9,,Collection,Collezione,
ui_color_1d0c830,,Color,Colore,
ui_color_typography_and_component_shape_b82e582,,"Color, typography, and component shape","Colore, tipografia e forma dei componenti",
ui_colors_and_light_dark_mode_37de9d5,,Colors and light/dark mode,Colori e modalità chiaro/scuro,
ui_columns_cf723c5,,Columns,Colonne,
ui_combine_multiple_accounts_from_the_same_carrier_into_one_0006a49,,Combine multiple accounts from the same carrier into one tab and parcel list.,Combina più account dello stesso corriere in un'unica scheda ed elenco di pacchi.,
ui_comfortpulse_100b63b,,comfortPulse,comfortPulse,
ui_community_source_716abd9,,Community source,Fonte comunitaria,
ui_compact_1df39aa,,Compact,Compatto,
ui_compact_header_50275e8,,Compact header,Testata compatta,
ui_compact_mode_hides_the_left_header_pill_persons_subtitle_da84968,,"Compact mode hides the left header pill, persons, subtitle/status information, and room counters. Swipe down on the compact bar to open Search, Flows, Edit, and Settings.","La modalità compatta nasconde la pillola dell'intestazione sinistra, le persone, le informazioni sui sottotitoli/stato e i contatori delle stanze. Scorri verso il basso sulla barra compatta per aprire Ricerca, Flussi, Modifica e Impostazioni.",
ui_compact_tile_height_78b57a3,,Compact tile height,Altezza piastrella compatta,
ui_configured_light_65a3aad,,%1$s configured light%2$s,%1$s luce configurata%2$s,app fills in %1$s %2$s — keep them
ui_confirm_04a2122,,Confirm,Confermare,
ui_connect_b65463c,,Connect,Collegare,
ui_connected_through_home_assistant_cloud_47a54c0,,Connected through Home Assistant Cloud,Connesso tramite Home Assistant Cloud,don't translate Home Assistant
ui_connected_through_your_external_home_assistant_address_966b0e6,,Connected through your external Home Assistant address,Connesso tramite l'indirizzo esterno dell'assistente domestico,don't translate Home Assistant
ui_connected_through_your_home_network_cdf4e0f,,Connected through your home network,Connesso tramite la rete domestica,
ui_connecting_fd3e796,,Connecting…,Connessione…,
ui_connection_6512ee1,,Connection,Connessione,
ui_connection_switched_to_8f04753,,Connection switched to %1$s,Connessione passata a %1$s,app fills in %1$s — keep them
ui_contacting_your_home_assistant_server_e0a53d1,,Contacting your Home Assistant server…,Contatto con il server Home Assistant...,don't translate Home Assistant
ui_content_4f9be05,,Content,Contenuto,
ui_continue_2e02623,,Continue,Continuare,
ui_continuous_gps_for_live_tracking_uses_much_more_battery_fdcd80d,,Continuous GPS for live tracking — uses much more battery. Leave off for official-app-like behavior.,GPS continuo per il monitoraggio in tempo reale: utilizza molta più batteria. Lascia perdere per comportamenti simili a quelli di un'app ufficiale.,
ui_control_ea1d3df,,Control,Controllare,
ui_control_how_accounts_become_tabs_and_lists_f100249,,Control how accounts become tabs and lists,Controlla il modo in cui gli account diventano schede ed elenchi,
ui_control_layout_4c3b047,,Control layout,Disposizione di controllo,
ui_controls_and_history_sensors_used_by_the_dialog_f71675d,,Controls and history sensors used by the dialog,Controlli e sensori di cronologia utilizzati dalla finestra di dialogo,
ui_controls_light_in_this_profile_cd11089,,Controls %1$s light%2$s in this profile.,Controlla %1$s light%2$s in questo profilo.,app fills in %1$s %2$s — keep them
ui_cooling_5569ac4,,Cooling,Raffreddamento,
ui_copy_af74f7c,,Copy,Copia,
ui_copy_dashboard_2ea354e,,Copy dashboard,Copia dashboard,
ui_copyright_2026_jimz011_b8f2c24,,Copyright © 2026 Jimz011,Copyright © 2026 Jimz011,
ui_corners_f1fb139,,Corners,Angoli,
ui_could_not_add_the_parcel_check_the_number_and_fd157b4,,Could not add the parcel. Check the number and try again.,Impossibile aggiungere il pacco. Controlla il numero e riprova.,
ui_couldn_t_reach_a30cc1b,,Couldn't reach %1$s,Impossibile raggiungere %1$s,app fills in %1$s — keep them
ui_couldn_t_reach_your_home_assistant_server_2a17c09,,Couldn't reach your Home Assistant server.,Impossibile raggiungere il server Home Assistant.,don't translate Home Assistant
ui_countdown_timer_282cb17,,Countdown timer,Conto alla rovescia,
ui_create_6e157c5,,Create,Creare,
ui_create_a_flow_11b4415,,Create a flow,Crea un flusso,
ui_create_a_separate_dashboard_auto_generate_imports_once_and_a5f0ef1,,Create a separate dashboard. Auto Generate imports once and then becomes editable; Start Empty only keeps persons available.,Crea una dashboard separata. Genera automaticamente le importazioni una volta e poi diventa modificabile; Avvia vuoto mantiene disponibili solo le persone.,
ui_create_custom_page_d1f53e7,,Create custom page,Crea una pagina personalizzata,
ui_created_by_jimz011_2026_hki_7_v_20cbca0,,Created by Jimz011 - 2026 • HKI 7 v%1$s,Creato da Jimz011 - 2026 • HKI 7 v%1$s,app fills in %1$s — keep them; don't translate HKI 7
ui_created_by_jimz011_with_help_from_ai_assisted_development_47c9a41,,"Created by Jimz011 with help from AI-assisted development tools. Product direction, design choices, testing, and responsibility for the released app remain with the project creator.","Creato da Jimz011 con l'aiuto di strumenti di sviluppo assistiti dall'intelligenza artificiale. La direzione del prodotto, le scelte progettuali, i test e la responsabilità per l'app rilasciata rimangono dell'autore del progetto.",
ui_created_openly_1cc16d4,,Created openly,Creato apertamente,
ui_creates_a_full_duplicate_of_including_all_rooms_widgets_b96bbb1,,"Creates a full duplicate of ""%1$s"", including all rooms, widgets, and page settings. The copy is added to your dashboards without switching to it.","Crea un duplicato completo di ""%1$s"", incluse tutte le stanze virtuali, i widget e le impostazioni della pagina. La copia viene aggiunta ai dashboard senza passare ad essa.",app fills in %1$s — keep them
ui_critical_04b7b26,,Critical,Critico,
ui_critical_low_5852b16,,%1$s critical · %2$s low,%1$s critico · %2$s basso,app fills in %1$s %2$s — keep them
ui_critical_replace_soon_dbd946d,,Critical — replace soon,Critico: sostituiscilo presto,
ui_current_4fc0e2b,,Current,Attuale,
ui_current_88a0a02,,%1$s° current,%1$s° corrente,app fills in %1$s — keep them
ui_current_charge_b6b0b3d,,Current charge,Carica corrente,
ui_current_e4ef83d,,Current %1$s%%,Attuale %1$s%%,app fills in %1$s — keep them
ui_current_weather_0fc6239,,Current weather,Tempo attuale,
ui_currently_loaded_69ef6fb,,Currently loaded,Attualmente caricato,
ui_custom_081ae3f,,Custom,Costume,
ui_custom_buttons_c580449,,Custom buttons,Pulsanti personalizzati,
ui_custom_camera_ada9096,,Custom Camera,Fotocamera personalizzata,
ui_custom_camera_url_8191b15,,Custom camera URL,URL della fotocamera personalizzata,
ui_custom_ed17691,,Custom %1$s,Personalizzato %1$s,app fills in %1$s — keep them
ui_custom_entities_d6e76ae,,Custom entities,Entità personalizzate,
ui_custom_name_6af17c2,,Custom name,Nome personalizzato,
ui_custom_order_a7a5984,,Custom order,Ordine personalizzato,
ui_custom_seconds_7467e28,,Custom seconds,Secondi personalizzati,
ui_custom_state_378153b,,Custom state...,Stato personalizzato...,
ui_custom_url_9c155e9,,Custom URL,URL personalizzato,
ui_customize_device_energy_b754bb5,,Customize device energy,Personalizza l'energia del dispositivo,
ui_customize_top_consumers_eb249c5,,Customize top consumers,Personalizza i consumatori principali,
ui_customize_water_devices_81ce5f6,,Customize water devices,Personalizza i dispositivi idrici,
ui_d_6388bb3,,"%1$s d, %2$s","%1$s d, %2$s",app fills in %1$s %2$s — keep them
ui_daily_backup_is_active_111a631,,Daily backup is active,Il backup giornaliero è attivo,
ui_dashboard_d87f47b,,Dashboard,Pannello di controllo,
ui_dashboard_header_36d8656,,Dashboard header,Intestazione del dashboard,
ui_dashboard_name_466f3af,,Dashboard name,Nome della dashboard,
ui_dashboard_width_and_card_shape_3fcad11,,Dashboard width and card shape,Larghezza del dashboard e forma della carta,
ui_dashboards_197565b,,Dashboards,Cruscotti,
ui_dashboards_shared_by_your_family_import_to_add_a_8a6d06e,,Dashboards shared by your family. Import to add a copy to your dashboards; import again later to pull updates.,Dashboard condivise dalla tua famiglia. Importa per aggiungere una copia alle tue dashboard; importare di nuovo più tardi per estrarre gli aggiornamenti.,
ui_dashboards_visual_style_and_everyday_navigation_17f3ac2,,"Dashboards, visual style, and everyday navigation","Dashboard, stile visivo e navigazione quotidiana",
ui_data_series_e5977fb,,Data series,Serie di dati,
ui_data_sources_dadd6ac,,Data sources,Origini dei dati,
ui_date_eb9a4bc,,Date,Data,
ui_datetime_f1e5baf,,DateTime,DateTime,
ui_day_to_839bf92,,%1$s day%2$s to %3$s,%1$s giorno%2$s a %3$s,app fills in %1$s %2$s %3$s — keep them
ui_decrease_67e19d8,,Decrease,Diminuire,
ui_default_808d7dc,,Default,Predefinita,
ui_default_effect_per_type_a4ce3c4,,Default effect per type,Effetto predefinito per tipo,
ui_default_view_343256a,,Default view,Visualizzazione predefinita,
ui_default_weather_entity_588d455,,Default weather entity,Entità meteorologica predefinita,
ui_defrosting_c3b2817,,Defrosting,Sbrinamento,
ui_delete_0c6013a,,"Delete ""%1$s""?","Eliminare ""%1$s""?",app fills in %1$s — keep them
ui_delete_137cdc2,,Delete %1$s?,Eliminare %1$s?,app fills in %1$s — keep them
ui_delete_automation_442d61c,,Delete automation?,Eliminare l'automazione?,
ui_delete_f6fdbe4,,Delete,Elimina,
ui_delete_floor_07c4a91,,Delete floor,Elimina piano,
ui_delivered_eea956c,,Delivered,Consegnati,
ui_demo_mode_a85b728,,Demo mode,Modalità dimostrativa,
ui_description_55f8ebc,,Description,Descrizione,
ui_details_dc3decb,,Details,Dettagli,
ui_detected_carbon_intensity_9983458,,Detected carbon intensity,Intensità di carbonio rilevata,
ui_device_8c01559,,Device: %1$s,Dispositivo: %1$s,app fills in %1$s — keep them
ui_device_a5a74a6,,Device,Dispositivo,
ui_device_details_39c277d,,Device details,Dettagli del dispositivo,
ui_device_details_eb36018,,DEVICE DETAILS,DETTAGLI DEL DISPOSITIVO,
ui_device_energy_79de3d8,,Device energy,Energia per dispositivo,
ui_device_helpers_6a8b199,,Device & helpers,Dispositivo e aiutanti,
ui_device_name_79d7a15,,Device name,Nome del dispositivo,
ui_device_tracker_and_geocoded_location_f9e2d34,,Device tracker and geocoded location,Localizzatore del dispositivo e posizione geocodificata,
ui_devices_728190e,,devices,dispositivi,
ui_devices_df485c8,,Devices,Dispositivi,
ui_dialog_control_63e18cf,,Dialog control,Controllo della finestra di dialogo,
ui_direction_5a47d4d,,Direction —,Direzione —,
ui_disable_battery_optimization_d3201bf,,Disable Battery Optimization,Disabilita l'ottimizzazione della batteria,
ui_disarmed_aaa4d9e,,Disarmed,Disinserito,
ui_discovered_acbb9e0,,Discovered,Scoperto,
ui_dismiss_70afe9e,,Dismiss,Congedare,
ui_display_574ff9b,,Display,Display,
ui_display_linked_entities_and_dialog_layout_e6987f9,,"Display, linked entities, and dialog layout","Visualizzazione, entità collegate e layout della finestra di dialogo",
ui_display_mode_627bc30,,Display mode,Modalità di visualizzazione,
ui_display_order_5f1293a,,Display order,Ordine di visualizzazione,
ui_done_e9b450d,,Done,Fatto,
ui_door_locked_4b46012,,Door\nLocked,Porta\nBloccato,\n = line break
ui_door_open_74899a4,,Door\nOpen,Porta\nAperto,\n = line break
ui_door_sensor_turns_lock_card_red_when_open_9bc1372,,Door sensor (turns lock card red when open),Sensore porta (la scheda della serratura diventa rossa quando è aperta),
ui_door_sensors_a7bb309,,Door sensors,Sensori delle porte,
ui_double_tap_a268e89,,Double tap,Doppio tocco,
ui_drag_horizontally_across_the_full_button_547ea8c,,Drag horizontally across the full button,Trascina orizzontalmente lungo l'intero pulsante,
ui_drag_to_reorder_use_the_eye_button_to_hide_cd28b4c,,Drag to reorder. Use the eye button to hide an item or schedule when it shows.,Trascina per riordinare. Utilizza il pulsante a forma di occhio per nascondere un elemento o una pianificazione quando viene visualizzato.,
ui_drag_to_set_the_order_cameras_appear_on_the_7bcb4f5,,Drag to set the order cameras appear on the Security view.,Trascina per impostare l'ordine in cui le telecamere appaiono nella vista Sicurezza.,
ui_drag_to_set_the_order_the_cards_appear_below_b6a92e4,,Drag to set the order the cards appear below the house on the Energy view.,Trascina per impostare l'ordine in cui le carte appaiono sotto la casa nella vista Energia.,
ui_drag_to_set_the_order_thermostats_and_ac_units_62d49e7,,Drag to set the order thermostats and AC units appear on the Climate view.,Trascina per impostare l'ordine in cui i termostati e le unità AC appaiono nella vista Clima.,
ui_drying_7ea61a9,,Drying,Asciugatura,
ui_e_e0184ad,,E,E,
ui_each_group_controls_one_part_of_this_page_286a40b,,Each group controls one part of this page,Ogni gruppo controlla una parte di questa pagina,
ui_each_home_keeps_its_own_login_dashboard_notification_conne_c261f94,,"Each home keeps its own login, dashboard, notification connection, and location registration","Ogni casa mantiene il proprio login, dashboard, connessione di notifica e registrazione della posizione",
ui_edit_5301648,,Edit,Modificare,
ui_edit_entities_485ee65,,Edit entities,Modifica entità,
ui_edit_page_17e45f8,,Edit page,Modifica pagina,
ui_edit_sensors_6c38d51,,Edit sensors,Modifica sensori,
ui_effects_8f25a85,,Effects,Effetti,
ui_electricity_925cf7f,,Electricity,Elettricità,
ui_electricity_total_c81c63f,,Electricity Total,Totale elettricità,
ui_elevation_a514da1,,Elevation,Elevazione,
ui_empty_3159fe4,,Empty,Vuoto,
ui_empty_bin_0cbe2d7,,Empty bin,Cestino vuoto,
ui_empty_bin_bcf05c4,,Empty bin: %1$s,Contenitore vuoto: %1$s,app fills in %1$s — keep them
ui_empty_bin_optional_fallback_e40b857,,Empty bin (optional fallback),Contenitore vuoto (fallback opzionale),
ui_empty_iframe_open_its_settings_in_edit_mode_and_c17ba2f,,Empty iFrame — open its settings in edit mode and enter a web address.,Svuota iFrame: apri le sue impostazioni in modalità modifica e inserisci un indirizzo web.,
ui_empty_markdown_widget_open_its_settings_in_edit_mode_b65072d,,Empty markdown widget — open its settings in edit mode to write content.,Widget di markdown vuoto: apri le sue impostazioni in modalità di modifica per scrivere contenuti.,
ui_empty_stack_79d38d5,,Empty Stack,Pila vuota,
ui_enable_cloud_backup_32fe82b,,Enable cloud backup,Abilita il backup sul cloud,
ui_enable_home_assistant_backup_bd7cf62,,Enable Home Assistant backup,Abilita il backup dell'assistente domestico,don't translate Home Assistant
ui_enable_the_features_hki_7_may_use_in_the_52e596d,,Enable the features HKI 7 may use in the background,Abilita le funzionalità che HKI 7 può utilizzare in background,don't translate HKI 7
ui_enabled_e22fb09,,ENABLED,ABILITATO,
ui_end_2a002eb,,End: %1$s,Fine: %1$s,app fills in %1$s — keep them
ui_energy_437bcb1,,Energy,Energia,
ui_energy_cards_c84abda,,Energy Cards,Carte Energia,
ui_energy_counters_imported_from_home_assistant_s_energy_dash_9dd23f9,,Energy counters imported from Home Assistant's Energy dashboard.,Contatori di energia importati dalla dashboard Energia di Home Assistant.,don't translate Home Assistant
ui_energy_stack_cards_5ac4b4c,,Energy Stack Cards,Carte Pila Energia,
ui_energyscene_374cbbb,,energyScene,scena energetica,
ui_enter_a_pin_4e6a960,,Enter a PIN,Inserisci un PIN,
ui_enter_a_valid_json_object_00d1e89,,Enter a valid JSON object,Inserisci un oggetto JSON valido,
ui_enter_an_address_manually_5eda99d,,Enter an address manually,Inserisci un indirizzo manualmente,
ui_enter_code_ab45ae5,,Enter code,Inserisci il codice,
ui_enter_http_url_relative_path_or_webrtc_id_e_bb736eb,,"Enter HTTP URL, relative path, or WebRTC ID (e.g., poort_hd)","Inserisci l'URL HTTP, il percorso relativo o l'ID WebRTC (ad esempio, poverot_hd)",
ui_enter_http_url_relative_path_or_webrtc_path_e_41da8c2,,"Enter HTTP URL, relative path, or WebRTC path (e.g., url: poort_hd)","Inserisci l'URL HTTP, il percorso relativo o il percorso WebRTC (ad esempio, URL: poverot_hd)",
ui_enter_the_same_data_object_home_assistant_shows_in_f7e27af,,Enter the same data object Home Assistant shows in YAML. JSON is used here so values keep their exact type.,Inserisci lo stesso oggetto dati mostrato da Home Assistant in YAML. Qui viene utilizzato JSON in modo che i valori mantengano il tipo esatto.,don't translate Home Assistant
ui_entities_390082d,,Entities · %1$s,Entità · %1$s,app fills in %1$s — keep them
ui_entities_6510c2f,,Entities (%1$s),Entità (%1$s),app fills in %1$s — keep them
ui_entities_9d88f3c,,entities,entità,
ui_entities_appearance_and_interactions_b90b013,,"Entities, appearance, and interactions","Entità, aspetto e interazioni",
ui_entities_f7638a2,,Entities,Entità,
ui_entities_that_signal_activity_or_safety_states_769b862,,Entities that signal activity or safety states,Entità che segnalano attività o stati di sicurezza,
ui_entity_icons_gently_glow_spin_or_pulse_while_the_b3a8910,,"Entity icons gently glow, spin, or pulse while the device is on. Only active devices animate.","Le icone delle entità si illuminano, ruotano o pulsano delicatamente mentre il dispositivo è acceso. Si animano solo i dispositivi attivi.",
ui_entity_integrations_852a3e0,,Entity integrations,Integrazioni di entità,
ui_entity_name_9543eb8,,Entity name,Nome dell'entità,
ui_entity_picture_0569c68,,Entity picture,Immagine dell'entità,
ui_entity_unavailable_3974ddb,,Entity unavailable,Entità non disponibile,
ui_event_ad8919a,,Event,Evento,
ui_every_contribution_helps_and_payment_is_never_required_1bc44f2,,"Every contribution helps, and payment is never required",Ogni contributo aiuta e il pagamento non è mai richiesto,
ui_everyday_navigation_e2f1711,,Everyday navigation,Navigazione quotidiana,
ui_everyone_c756f6a,,Everyone,Tutti,
ui_exact_text_or_number_reported_by_home_assistant_00e5cc6,,Exact text or number reported by Home Assistant,Testo esatto o numero riportato da Home Assistant,don't translate Home Assistant
ui_example_com_or_https_8381ca6,,example.com or https://…,esempio.com o https://…,
ui_existing_camera_5fb3653,,Existing Camera,Fotocamera esistente,
ui_exit_demo_mode_ab94122,,Exit Demo Mode,Uscire dalla modalità demo,
ui_exit_full_screen_3d9afda,,Exit full screen,Esci dallo schermo intero,
ui_exiting_removes_the_sample_home_and_returns_to_the_05548e1,,"Exiting removes the sample home and returns to the welcome screen, where you can connect a real Home Assistant server.","Uscendo si rimuove la home di esempio e si ritorna alla schermata di benvenuto, dove è possibile connettere un vero server Home Assistant.",don't translate Home Assistant
ui_expected_delivery_78d54b2,,Expected delivery,Consegna prevista,
ui_expected_today_4af5600,,Expected today,Atteso oggi,
ui_external_url_or_nabu_casa_url_d2e1eed,,External URL or Nabu Casa URL,URL esterno o URL Nabu Casa,don't translate Nabu Casa
ui_family_sharing_160fddb,,Family Sharing,Condivisione in famiglia,
ui_family_sharing_settings_are_controlled_by_a_home_assistant_cdb35a2,,Family Sharing settings are controlled by a Home Assistant admin. You can use a dashboard shared with you below.,Le impostazioni di Condivisione familiare sono controllate da un amministratore dell'Assistente domestico. Puoi utilizzare una dashboard condivisa con te di seguito.,don't translate Home Assistant
ui_fan_ec38406,,Fan,Ventola,
ui_fan_modes_fbaa3df,,Fan & modes,Ventola e modalità,
ui_fans_73d38db,,Fans,Ventole,
ui_fetch_climate_entities_from_home_assistant_again_a65f837,,Fetch climate entities from Home Assistant again.,Recupera nuovamente le entità climatiche da Home Assistant.,don't translate Home Assistant
ui_fetch_rooms_floors_and_their_entities_from_home_assistant_0d84305,,"Fetch rooms, floors, and their entities from Home Assistant again.","Recupera nuovamente stanze, piani e le relative entità da Home Assistant.",don't translate Home Assistant
ui_fetch_security_entities_from_home_assistant_again_577b666,,Fetch security entities from Home Assistant again.,Recupera nuovamente le entità di sicurezza da Home Assistant.,don't translate Home Assistant
ui_fetch_the_home_assistant_energy_dashboard_configuration_ag_9180e9b,,Fetch the Home Assistant energy dashboard configuration again.,Recupera nuovamente la configurazione del dashboard energetico di Home Assistant.,don't translate Home Assistant
ui_find_home_assistant_locally_c992bdf,,Find Home Assistant locally,Trova Home Assistant localmente,don't translate Home Assistant
ui_firmware_94fe490,,Firmware %1$s,Firmware %1$s,app fills in %1$s — keep them
ui_five_simple_gestures_are_all_you_need_to_get_d4c2675,,Five simple gestures are all you need to get around HKI 7.,Cinque semplici gesti sono tutto ciò che ti serve per aggirare l'HKI 7.,don't translate HKI 7
ui_fixed_tab_10fe998,,Fixed tab,Scheda fissa,
ui_floor_7db82f7,,Floor,Piano,
ui_floor_assignment_288a740,,Floor assignment,Assegnazione del piano,
ui_floor_name_e9d98d6,,Floor name,Nome del piano,
ui_floor_settings_640cb8e,,Floor settings,Impostazioni del pavimento,
ui_flowphase_101d9f0,,flowPhase,flussoFase,
ui_flows_1242655,,Flows,Flussi,
ui_focused_groups_keep_advanced_options_easy_to_find_44ac86e,,Focused groups keep advanced options easy to find,I gruppi mirati mantengono le opzioni avanzate facili da trovare,
ui_font_family_54a1848,,Font family,Famiglia di caratteri,
ui_font_size_ef89fc7,,Font size · %1$s%%,Dimensione carattere · %1$s%%,app fills in %1$s — keep them
ui_fonts_ffe688a,,Fonts,Caratteri,
ui_force_high_refresh_rate_214de79,,Force high refresh rate,Forza una frequenza di aggiornamento elevata,
ui_forecast_528bc4b,,Forecast,Previsione,
ui_forecast_entities_c950412,,Forecast entities,Entità di previsione,
ui_forget_selection_7864f34,,Forget selection,Dimentica la selezione,
ui_forward_ba4e722,,Forward,Inoltrare,
ui_from_ad3b521,,From %1$s,Da %1$s,app fills in %1$s — keep them
ui_from_state_6c7eaef,,From state,Dallo stato,
ui_full_changelog_ae838e7,,Full changelog,Registro delle modifiche completo,
ui_full_controls_68749a5,,Full controls,Controlli completi,
ui_full_day_name_25ab7ee,,Full Day Name,Nome del giorno completo,
ui_full_url_or_a_path_on_your_home_assistant_66f9c59,,Full URL or a path on your Home Assistant server (e.g. /local/vacuum.png),URL completo o percorso sul server Home Assistant (ad esempio /local/vacuum.png),don't translate Home Assistant
ui_gas_ead9650,,Gas,Gas,
ui_generating_your_rooms_01654a1,,Generating your rooms,Generare le tue stanze,
ui_get_started_bd2cb05,,Get Started,Inizia,
ui_give_a_humidifier_a_fan_select_input_select_to_860be4d,,"Give a humidifier a fan / select / input_select to control its speed; its options replace the humidifier's mode chips, and modes move to the dialog's nav bar.",Dai a un umidificatore una ventola / select / input_select per controllarne la velocità; le sue opzioni sostituiscono i chip della modalità dell'umidificatore e le modalità si spostano nella barra di navigazione della finestra di dialogo.,
ui_glow_6ae5a62,,glow,incandescenza,
ui_glowphase_748e6d6,,glowPhase,GlowPhase,
ui_glowpulse_9269294,,glowPulse,GlowPulse,
ui_good_61dedcf,,Good,Bene,
ui_google_drive_07c2964,,Google Drive,Google Drive,don't translate Google Drive
ui_got_it_5b8027f,,Got it,Fatto,
ui_got_it_let_s_explore_107038f,,Got it — let's explore,Capito: esploriamo,
ui_graph_sensor_c63cbb6,,Graph %1$s · %2$s sensor%3$s,Grafico %1$s · %2$s sensore%3$s,app fills in %1$s %2$s %3$s — keep them
ui_graph_style_6acd980,,Graph Style,Stile grafico,
ui_graphs_7839947,,Graphs,Grafici,
ui_grid_density_and_button_presentation_b7907e5,,Grid density and button presentation,Densità della griglia e presentazione dei pulsanti,
ui_grid_density_width_and_tile_shape_267ad9a,,"Grid density, width, and tile shape","Densità della griglia, larghezza e forma delle piastrelle",
ui_grid_phases_0a5eae5,,Grid & phases,Griglia e fasi,
ui_group_light_paused_for_manual_control_78d6b74,,%1$s group light%2$s paused for manual control.,%1$s luce di gruppo%2$s in pausa per il controllo manuale.,app fills in %1$s %2$s — keep them
ui_group_related_cards_in_one_section_f978d2b,,Group related cards in one section,Raggruppa le carte correlate in una sezione,
ui_guide_motion_579dcaf,,guide_motion,guida_movimento,
ui_guide_progress_6138614,,guide_progress,guide_progress,
ui_gust_53f5da4,, (gust %1$s),(raffica %1$s),app fills in %1$s — keep them; keep the space at the start/end
ui_h_0be1674,,%1$sh,%1$sh,app fills in %1$s — keep them
ui_header_31341c6,,Header,Intestazione,
ui_header_appearance_40327c9,,Header appearance,Aspetto dell'intestazione,
ui_header_custom_color_rrggbb_1887d0a,,Header custom color (#RRGGBB),Colore personalizzato dell'intestazione (#RRGGBB),
ui_header_pill_d7520cf,,Header pill,Pillola di testa,
ui_header_text_7f71314,,Header text,Testo dell’intestazione,
ui_header_text_f7593e7,,Header Text,Testo dell'intestazione,
ui_header_wallpaper_url_or_path_25cf2b6,,Header wallpaper URL or path,URL o percorso dello sfondo dell'intestazione,
ui_heading_some_bold_text_a_list_item_one_item_b7f049b,,"# Heading\nSome **bold** text, a list:\n- item one\n- item two","# Intestazione\nDel testo in **grassetto**, un elenco:\n- punto uno\n- punto due",\n = line break
ui_healthy_80ea156,,Healthy,Salutare,
ui_heating_f2a3e6e,,Heating,Riscaldamento,
ui_height_3f608b4,,Height,Altezza,
ui_help_the_project_without_buying_premium_e960d10,,Help the project without buying Premium,Aiuta il progetto senza acquistare Premium,
ui_hidden_1364716,,%1$s hidden,%1$s nascosto,app fills in %1$s — keep them
ui_hidden_d4c2792,,Hidden,Nascosto,
ui_hidden_during_c0afbbc,,Hidden during,Nascosto durante,
ui_hidden_rooms_f621ba4,,Hidden rooms,Stanze nascoste,
ui_hidden_items_advanced_title,,Hidden items (advanced),Oggetti nascosti (avanzati),
ui_hidden_items_advanced_hint,,Comma-separated list of button entity ids or badge/widget ids to hide from this person specifically. A button's id is its entity id; a badge or widget's id is shown in its own Appearance settings.,Elenco separato da virgole di ID entità pulsante o ID badge/widget da nascondere specificatamente a questa persona. L'ID di un pulsante è il suo ID entità; l'ID di un badge o di un widget viene mostrato nelle relative impostazioni di Aspetto.,
ui_hidden_views_3e16d85,,Hidden views,Viste nascoste,
ui_hide_certain_views_or_rooms_from_specific_people_to_f10458c,,Hide certain views or rooms from specific people to keep their dashboard simple. This is UX-level hiding — it does not restrict what they can do in Home Assistant itself.,Nascondi determinate viste o stanze a persone specifiche per mantenere semplice la loro dashboard. Questo è un nascondiglio a livello UX: non limita ciò che possono fare nello stesso Home Assistant.,don't translate Home Assistant
ui_hide_connection_notification_dcee06a,,Hide Connection Notification,Nascondi notifica di connessione,
ui_hide_this_badge_or_schedule_when_it_appears_e149fbf,,"Hide this badge, or schedule when it appears",Nascondi questo badge o pianifica la sua visualizzazione,
ui_hide_this_button_or_schedule_when_it_appears_a28bf66,,"Hide this button, or schedule when it appears",Nascondi questo pulsante o pianifica quando viene visualizzato,
ui_high_accuracy_mode_954d2c5,,High accuracy mode,Modalità ad alta precisione,
ui_history_90ccd64,,History,Cronologia,
ui_hki_7_68a9e17,,HKI 7,HKI7,don't translate HKI 7
ui_hki_7_collects_location_data_to_enable_presence_detection_2dda033,,HKI 7 collects location data to enable presence detection and zone-based ,HKI 7 raccoglie dati sulla posizione per consentire il rilevamento della presenza e basato sulla zona,don't translate HKI 7; keep the space at the start/end
ui_hki_7_logo_a445c44,,HKI 7 logo,Logo HKI7,don't translate HKI 7
ui_hki_7_turns_your_native_home_assistant_entities_rooms_c95b345,,"HKI 7 turns your native Home Assistant entities, rooms, automations, media, energy data, and services into a configurable mobile dashboard. It is designed to stay connected to Home Assistant as the source of truth while offering a distinct HKI interface.","HKI 7 trasforma le entità, le stanze, le automazioni, i media, i dati energetici e i servizi nativi di Home Assistant in una dashboard mobile configurabile. È progettato per rimanere connesso a Home Assistant come fonte di verità offrendo allo stesso tempo un'interfaccia HKI distinta.","don't translate Home Assistant, HKI 7"
ui_hki_7_v_d5594a7,,HKI 7 v%1$s,HKI7 v%1$s,app fills in %1$s — keep them; don't translate HKI 7
ui_home_and_rooms_are_always_shown_reorder_the_other_bea984a,,Home and Rooms are always shown. Reorder the other tabs with the arrows and toggle each on or off.,La Casa e le Stanze vengono sempre visualizzate. Riordina le altre schede con le frecce e attiva o disattiva ciascuna.,
ui_home_assistant_backup_is_off_4524f2e,,Home Assistant backup is off,Il backup di Home Assistant è disattivato,don't translate Home Assistant
ui_home_assistant_c8fd3bb,,Home Assistant,Assistente domestico,don't translate Home Assistant
ui_home_assistant_instances_b0de2f3,,Home Assistant instances,Istanze di Home Assistant,don't translate Home Assistant
ui_home_assistant_will_be_unavailable_briefly_while_it_restar_df30b45,,Home Assistant will be unavailable briefly while it restarts. Administrator access is required.,Home Assistant non sarà disponibile per un breve periodo durante il riavvio. È richiesto l'accesso come amministratore.,don't translate Home Assistant
ui_home_security_aa534f2,,HOME SECURITY,SICUREZZA DOMESTICA,
ui_home_wi_fi_names_comma_separated_b71c6ab,,Home Wi-Fi names (comma separated),Nomi Wi-Fi domestici (separati da virgole),
ui_hourly_forecast_50f6c9c,,Hourly forecast,Previsioni orarie,
ui_how_this_control_communicates_state_ad17a3d,,How this control communicates state,Come questo controllo comunica lo stato,
ui_how_this_icon_animates_while_the_device_is_active_dffdaf5,,"How this icon animates while the device is active. ""Auto"" follows the global setting; the rest override it for this icon.","Come si anima questa icona mentre il dispositivo è attivo. ""Auto"" segue l'impostazione globale; il resto lo sovrascrive per questa icona.",
ui_http_homeassistant_local_8123_67b2235,,http://homeassistant.local:8123,http://homeassistant.local:8123,
ui_http_url_relative_path_or_webrtc_name_e_g_dfc56c4,,"HTTP URL, relative path, or WebRTC name (e.g., url: poort_hd)","URL HTTP, percorso relativo o nome WebRTC (ad esempio, URL: poverot_hd)",
ui_https_1a66279,,https://…,https://…,
ui_https_example_ui_nabu_casa_4d97501,,https://example.ui.nabu.casa,https://esempio.ui.nabu.casa,
ui_humidifiers_aa38e2a,,Humidifiers,Umidificatori,
ui_humidifiers_are_found_automatically_from_the_humidifier_do_0717429,,Humidifiers are found automatically from the humidifier domain; add extra entities here if any are missing.,Gli umidificatori vengono trovati automaticamente dal dominio umidificatore; aggiungi qui altre entità se mancano.,
ui_humidifying_5d5f6c5,,Humidifying,Umidificazione,
ui_humidity_65adb9c,,Humidity,Umidità,
ui_humidity_control_devices_c7e4846,,Humidity control devices,Dispositivi per il controllo dell'umidità,
ui_humidity_sensor_graphed_in_activity_5b792e1,,Humidity sensor (graphed in Activity),Sensore di umidità (rappresentato in Attività),
ui_icon_716f63b,,Icon,Icona,
ui_icon_animation_5b1faae,,Icon animation,Animazione delle icone,
ui_icon_animations_and_effects_db0dea4,,Icon animations and effects,Animazioni ed effetti delle icone,
ui_icon_eeaa97d,,Icon: %1$s,Icona: %1$s,app fills in %1$s — keep them
ui_icon_feedback_180b871,,Icon & feedback,Icona e feedback,
ui_icons_edb8f6c,,Icons,Icone,
ui_identity_7e5a975,,Identity,Identità,
ui_identity_and_connection_bee53f8,,Identity and connection,Identità e connessione,
ui_identity_presentation_indicators_and_maintenance_d46fbf4,,"Identity, presentation, indicators, and maintenance","Identità, presentazione, indicatori e manutenzione",
ui_idle_cc1ebdd,,Idle,Inattivo,
ui_image_50e19fd,,Image,Immagine,
ui_image_style_size_shape_and_background_40c17b6,,"Image style, size, shape, and background","Stile, dimensione, forma e sfondo dell'immagine",
ui_image_url_or_path_ddd8d74,,Image URL or path,URL o percorso dell'immagine,
ui_import_d6fbc9d,,Import,Importare,
ui_import_entities_that_have_not_been_edited_or_remove_6edde59,,"Import entities that have not been edited, or remove all climate edits and import from scratch.",Importa entità che non sono state modificate oppure rimuovi tutte le modifiche climatiche e importale da zero.,
ui_import_entities_that_have_not_been_edited_or_remove_9851b28,,"Import entities that have not been edited, or remove all security edits and import from scratch.",Importa entità che non sono state modificate oppure rimuovi tutte le modifiche di sicurezza e importa da zero.,
ui_import_from_family_f9eb88d,,Import from family,Importazione dalla famiglia,
ui_import_only_rooms_and_entities_that_have_not_been_478d449,,"Import only rooms and entities that have not been edited, or remove all edited rooms and floors and import everything from scratch.",Importa solo stanze ed entità che non sono state modificate oppure rimuovi tutte le stanze e i piani modificati e importa tutto da zero.,
ui_import_only_rooms_that_have_not_been_edited_or_d59bee5,,"Import only rooms that have not been edited, or rebuild everything. Rebuilding removes all edited rooms and floors before importing them from scratch.",Importa solo le stanze che non sono state modificate o ricostruisci tutto. La ricostruzione rimuove tutte le stanze e i piani modificati prima di importarli da zero.,
ui_import_sensors_with_device_class_battery_and_unit_of_dfaced9,,Import sensors with device_class battery and unit_of_measurement %.,Importa sensori con batteria device_class e unit_of_measurement %.,
ui_import_settings_that_have_not_been_edited_or_remove_2fc3850,,"Import settings that have not been edited, or remove all energy edits and import from scratch.",Importa le impostazioni che non sono state modificate oppure rimuovi tutte le modifiche energetiche e importale da zero.,
ui_import_unedited_4a58143,,Import unedited,Importazione inedita,
ui_imported_stacks_cannot_be_removed_in_auto_mode_hide_608f9ed,,"Imported stacks cannot be removed in auto mode. Hide the stack instead, or take over / switch to manual mode to delete it permanently.",Gli stack importati non possono essere rimossi in modalità automatica. Nascondi invece lo stack o prendi il controllo / passa alla modalità manuale per eliminarlo definitivamente.,
ui_importing_820599d,,Importing…,Importazione…,
ui_importing_areas_and_entities_from_home_assistant_0e50b82,,Importing areas and entities from Home Assistant…,Importazione di aree ed entità da Home Assistant…,don't translate Home Assistant
ui_incoming_outgoing_1815915,,%1$s incoming · %2$s outgoing%3$s,%1$s entrante · %2$s uscente%3$s,app fills in %1$s %2$s %3$s — keep them
ui_incoming_outgoing_49b9c0b,,%1$s incoming · %2$s outgoing,%1$s entrante · %2$s uscente,app fills in %1$s %2$s — keep them
ui_incorrect_pin_2de1d18,,Incorrect PIN,PIN errato,
ui_increase_5a7fecf,,Increase,Aumento,
ui_individual_water_usage_21dd78c,,Individual water usage,Acqua per dispositivo,
ui_individual_widgets_ff1526f,,Individual widgets,Widget individuali,
ui_indoor_average_53abf03,,INDOOR AVERAGE,MEDIA INTERNA,
ui_indoor_comfort_7060319,,Indoor comfort,Comfort interno,
ui_instance_name_e98a2eb,,Instance name,Nome dell'istanza,
ui_interactions_0b3583e,,Interactions,Interazioni,
ui_internal_url_acab9b2,,Internal URL,URL interno,
ui_interval_seconds_eaeeb46,,Interval seconds,Secondi di intervallo,
ui_is_c24d775,, is,È,keep the space at the start/end
ui_item_corner_roundness_5032003,,Item corner roundness,Rotondità degli angoli dell'articolo,
ui_items_cabff0b,,%1$s items,%1$s elementi,app fills in %1$s — keep them
ui_k_df46805,,%1$sK,%1$sK,app fills in %1$s — keep them
ui_keep_existing_edits_or_remove_all_battery_edits_and_acc0236,,"Keep existing edits, or remove all battery edits and import from scratch.",Mantieni le modifiche esistenti o rimuovi tutte le modifiche alla batteria e importa da zero.,
ui_keep_only_the_title_right_header_pill_and_back_7777651,,"Keep only the title, right header pill, and back button when a page has one.","Mantieni solo il titolo, la pillola dell'intestazione destra e il pulsante Indietro quando una pagina ne ha uno.",
ui_keeps_a_connection_to_home_assistant_for_instant_notificat_ecaee7d,,Keeps a connection to Home Assistant for instant notifications,Mantiene la connessione a Home Assistant per notifiche istantanee,don't translate Home Assistant
ui_keeps_presence_detection_and_zone_automations_working_andr_c48598a,,Keeps presence detection and zone automations working. Android should show ‘Allow all the time’.,"Mantiene funzionante la rilevazione di presenza e le automazioni di zona. Android dovrebbe mostrare ""Consenti sempre"".",
ui_keeps_your_device_location_updated_in_home_assistant_e295875,,Keeps your device location updated in Home Assistant,Mantiene aggiornata la posizione del tuo dispositivo in Home Assistant,don't translate Home Assistant
ui_km_h_ede7178,,%1$s km/h,%1$s km/h,app fills in %1$s — keep them
ui_languages_and_frameworks_used_by_the_android_app_fb4ac97,,Languages and frameworks used by the Android app,Linguaggi e framework utilizzati dall'app Android,
ui_last_backup_05509f8,,Last backup %1$s,Ultimo backup %1$s,app fills in %1$s — keep them
ui_last_h_3faaee1,,Last %1$sh,Ultime %1$sh,app fills in %1$s — keep them
ui_last_run_b27f32a,,Last run %1$s,Ultima esecuzione %1$s,app fills in %1$s — keep them
ui_layout_972ad8d,,Layout,Layout,
ui_leave_a_tip_5f90f10,,Leave a tip,Lascia una mancia,
ui_leave_empty_to_use_the_home_assistant_name_f769e92,,Leave empty to use the Home Assistant name,Lascia vuoto per utilizzare il nome dell'assistente domestico,don't translate Home Assistant
ui_leave_this_empty_for_local_only_access_add_an_cc6bf85,,Leave this empty for local-only access. Add an external or Nabu Casa URL to use HKI 7 away from home.,Lascialo vuoto per l'accesso solo locale. Aggiungi un URL esterno o Nabu Casa per utilizzare HKI 7 lontano da casa.,"don't translate Nabu Casa, HKI 7"
ui_left_8ae1c34,,Left,Sinistra,
ui_left_side_overflows_right_fc8533c,,Left side overflows right,Il lato sinistro trabocca a destra,
ui_less_526cb74,,Less,Meno,
ui_let_hki_7_create_the_first_version_for_you_dc36439,,Let HKI 7 create the first version for you.,Lascia che HKI 7 crei la prima versione per te.,don't translate HKI 7
ui_let_this_person_enter_edit_mode_667df39,,Let this person enter edit mode,Consenti a questa persona di accedere alla modalità di modifica,
ui_level_7c7f5d0,,Level,Livello,
ui_level_unavailable_a442183,,Level unavailable,Livello non disponibile,
ui_license_3229609,,License,Licenza,
ui_light_is_turned_off_ebc0cf1,,Light is turned off,La luce è spenta,
ui_lines_c6fd387,,Lines,Linee,
ui_link_a_device_to_auto_fill_the_humidifier_s_6f65010,,"Link a device to auto-fill the humidifier's helper entities, or set them by hand",Collega un dispositivo per riempire automaticamente le entità ausiliarie dell'umidificatore o impostarle manualmente,
ui_link_a_speed_control_197d75a,,Link a speed control,Collegare un controllo della velocità,
ui_linked_speed_control_optional_95fd680,,Linked speed control (optional),Controllo della velocità collegato (opzionale),
ui_live_65c821a,,Live,In diretta,
ui_live_6990f01,,LIVE,VIVERE,
ui_live_indicators_11ef687,,Live indicators,Indicatori in tempo reale,
ui_live_power_sensors_imported_from_home_assistant_s_configur_1b926f2,,Live power sensors imported from Home Assistant's configured Energy devices.,Sensori di potenza in tempo reale importati dai dispositivi Energy configurati di Home Assistant.,don't translate Home Assistant
ui_loading_actions_260b0c0,,Loading actions…,Caricamento azioni…,
ui_loading_actions_877bfd9,,Loading actions...,Caricamento azioni...,
ui_loading_camera_50a8065,,Loading camera…,Caricamento fotocamera...,
ui_loading_device_a3fda88,,Loading device...,Caricamento dispositivo...,
ui_local_file_576d5ac,,Local file,Archivio locale,
ui_local_network_optional_42aba01,,Local network (optional),Rete locale (opzionale),
ui_local_only_05ed059,,Local Only,Solo locale,
ui_locating_e46bab0,,Locating…,Individuazione...,
ui_location_access_3b68001,,Location access,Accesso alla posizione,
ui_location_d219c68,,Location,Posizione,
ui_location_unavailable_3a57dda,,Location Unavailable,Posizione non disponibile,
ui_lock_c37eb4c,,LOCK,SERRATURA,
ui_locked_a798882,,Locked,Bloccate,
ui_locks_the_screen_to_its_highest_refresh_rate_while_585256f,,Locks the screen to its highest refresh rate while the app is open (uses more battery).,Blocca lo schermo alla frequenza di aggiornamento più alta mentre l'app è aperta (consuma più batteria).,
ui_log_in_again_1ee6e18,,Log in again,Accedi di nuovo,
ui_logging_in_again_keeps_your_dashboard_and_settings_9a8ed6f,,Logging in again keeps your dashboard and settings.,Effettuando nuovamente l'accesso si mantengono la dashboard e le impostazioni.,
ui_logo_url_or_ha_local_path_optional_e795f06,,Logo URL or HA/local path (optional),URL del logo o HA/percorso locale (facoltativo),
ui_logout_keep_config_32a0cfb,,Logout (Keep Config),Esci (mantieni configurazione),
ui_low_a124947,,Low,Basso,
ui_low_ba7cae2,,%1$s low,%1$s basso,app fills in %1$s — keep them
ui_low_batteries_41d22d9,,%1$s low batteries,%1$s batterie scariche,app fills in %1$s — keep them
ui_low_plan_a_replacement_34435da,,Low — plan a replacement,Basso: pianifica una sostituzione,
ui_low_threshold_1ecfd8b,,Low threshold (%),Soglia bassa (%),
ui_lunar_phase_301b75e,,Lunar phase,Fase lunare,
ui_mail_92379cb,,Mail,Posta,
ui_maintenance_94de303,,Maintenance,Manutenzione,
ui_manage_items_d854c4b,,Manage items,Gestisci gli articoli,
ui_manage_order_411f2d9,,Manage order,Gestisci l'ordine,
ui_managed_by_an_admin_805ae65,,Managed by an admin,Gestito da un amministratore,
ui_manual_configuration_only_selected_entities_and_devices_ar_10e150b,,Manual configuration: only selected entities and devices are shown.,Configurazione manuale: vengono mostrate solo le entità e i dispositivi selezionati.,
ui_map_ab478f3,,Map,Mappa,
ui_map_c5cc79f,,Map: %1$s,Mappa: %1$s,app fills in %1$s — keep them
ui_map_camera_for_dialog_2bc4344,,Map camera (for dialog),Telecamera della mappa (per la finestra di dialogo),
ui_map_status_sensors_and_control_bindings_8cc2dbd,,"Map, status sensors, and control bindings","Mappa, sensori di stato e associazioni di controllo",
ui_map_unavailable_0ccd149,,Map unavailable,Mappa non disponibile,
ui_markdown_23e67fc,,Markdown,Markdown,
ui_matching_entities_are_added_automatically_by_home_assistan_07ebdac,,Matching entities are added automatically by Home Assistant device class. Add any missing or custom entities here.,Le entità corrispondenti vengono aggiunte automaticamente dalla classe del dispositivo Home Assistant. Aggiungi qui eventuali entità mancanti o personalizzate.,don't translate Home Assistant
ui_media_0c77aee,,Media,Multimedia,
ui_media_browsing_isn_t_available_for_this_player_e068417,,Media browsing isn't available for this player.,La navigazione multimediale non è disponibile per questo lettore.,
ui_media_library_b9c5845,,Media library,Biblioteca multimediale,
ui_media_players_a4b8cf2,,Media players,Lettori multimediali,
ui_media_players_ec25525,,Media Players,Lettori multimediali,
ui_messages_safety_and_portability_ee58dfe,,"Messages, safety, and portability","Messaggi, sicurezza e portabilità",
ui_messages_sent_to_this_device_via_home_assistant_s_87e4a32,,Messages sent to this device via\nHome Assistant's notify service appear here.,Messaggi inviati a questo dispositivo tramite\nIl servizio di notifica di Home Assistant viene visualizzato qui.,don't translate Home Assistant; \n = line break
ui_meteorological_tap_or_swipe_3f3d67e,,Meteorological · tap or swipe,Meteorologico · toccare o scorrere,
ui_meter_readings_a3c12c4,,Meter readings,Letture del contatore,
ui_mixed_climate_5d22eb9,,Mixed climate,Clima misto,
ui_mm_ce9b88b,,%1$s mm,%1$smm,app fills in %1$s — keep them
ui_mmm_d_9367bcf,,"%1$s, MMM d","%1$s, MMM d",app fills in %1$s — keep them
ui_mode_a7b93d2,,Mode,Modalità,
ui_modes_6fc3ca8,,MODES,MODALITÀ,
ui_modes_79f5b22,,Modes,Modalità,
ui_monitoring_a814345,,Monitoring,Monitoraggio,
ui_moon_846b902,,Moon,Luna,
ui_move_down_260ff8a,,Move down,Spostati giù,
ui_move_up_b4f57cd,,Move up,Vai su,
ui_mozilla_public_license_2_0_mpl_2_0_4ec8335,,Mozilla Public License 2.0 (MPL-2.0),Licenza pubblica Mozilla 2.0 (MPL-2.0),
ui_multiple_climate_values_are_averaged_separate_sensor_value_cfccbf4,,Multiple climate values are averaged. Separate sensor values are averaged only when no climate source is selected.,Viene calcolata la media di più valori climatici. Viene calcolata la media dei valori dei sensori separati solo quando non viene selezionata alcuna fonte climatica.,
ui_mywifi_mywifi_5g_2a163c1,,"MyWiFi, MyWiFi-5G","MyWiFi, MyWiFi-5G",
ui_n_b51a607,,N,N,
ui_name_709a232,,Name,Nome,
ui_name_a_z_257c1c4,,Name A-Z,Nome dalla A alla Z,
ui_name_and_icon_shown_above_this_container_9076bde,,Name and icon shown above this container,Nome e icona mostrati sopra questo contenitore,
ui_name_and_icon_shown_above_this_floor_3755eda,,Name and icon shown above this floor,Nome e icona mostrati sopra questo piano,
ui_name_and_icon_used_throughout_the_app_bed8e83,,Name and icon used throughout the app,Nome e icona utilizzati in tutta l'app,
ui_name_optional_9c9f03a,,Name (optional),Nome (facoltativo),
ui_name_subtitle_and_navigation_icon_3f2e8c4,,"Name, subtitle, and navigation icon","Nome, sottotitolo e icona di navigazione",
ui_name_this_device_4d603e2,,Name this device,Assegna un nome a questo dispositivo,
ui_name_width_and_icon_a4d694b,,"Name, width, and icon","Nome, larghezza e icona",
ui_name_z_a_daabfb6,,Name Z-A,Nome ZA,
ui_native_home_assistant_automations_always_in_sync_ae8941e,,"Native Home Assistant automations, always in sync","Automazioni native di Home Assistant, sempre sincronizzate",don't translate Home Assistant
ui_navigation_bar_e90e3de,,Navigation Bar,Barra di navigazione,
ui_network_routes_for_1d18efd,,Network routes for %1$s,Percorsi di rete per %1$s,app fills in %1$s — keep them
ui_never_sent_to_the_developer_or_to_any_third_f0479e9,,"never sent to the developer or to any third party, and you can turn this ",mai inviato allo sviluppatore o a terze parti e puoi trasformarlo,keep the space at the start/end
ui_never_triggered_c91b347,,Never triggered,Mai attivato,
ui_new_dashboard_4d3c071,,New Dashboard,Nuovo cruscotto,
ui_new_floor_1389094,,New floor,Nuovo pavimento,
ui_new_flow_d4cef94,,New flow,Nuovo flusso,
ui_next_camera_14994be,,Next camera,Prossima fotocamera,
ui_no_active_parcels_or_mail_6c9d49c,,No active parcels or mail.,Nessun pacco o posta attiva.,
ui_no_activity_in_this_period_5cb3978,,No activity in this period,Nessuna attività in questo periodo,
ui_no_adaptive_lighting_profiles_are_currently_available_6d29642,,No Adaptive Lighting profiles are currently available.,Al momento non sono disponibili profili di illuminazione adattiva.,
ui_no_air_purifiers_configured_add_fan_entities_under_climate_fd229a8,,No air purifiers configured. Add fan entities under Climate Settings → Climate Entities → Air purifiers.,Nessun purificatore d'aria configurato. Aggiungi entità ventilatore in Impostazioni climatiche → Entità climatiche → Purificatori d'aria.,
ui_no_alarm_585ad82,,No alarm,Nessun allarme,
ui_no_announced_letters_4382408,,No announced letters.,Nessuna lettera annunciata.,
ui_no_archived_notifications_ed5604b,,No archived notifications,Nessuna notifica archiviata,
ui_no_battery_entities_found_turn_off_battery_filtering_to_dfbc403,,No Battery+ entities found. Turn off Battery+ filtering to show all battery sensors.,Nessuna entità Battery+ trovata. Disattiva il filtro Batteria+ per mostrare tutti i sensori della batteria.,
ui_no_battery_sensors_found_7cc0962,,No battery sensors found.,Nessun sensore della batteria trovato.,
ui_no_camera_selected_717ad35,,No camera selected,Nessuna telecamera selezionata,
ui_no_carbon_intensity_sensor_found_on_this_device_140bf09,,No carbon intensity sensor found on this device,Nessun sensore di intensità di carbonio trovato su questo dispositivo,
ui_no_cards_yet_open_the_stack_settings_to_pick_021dada,,No cards yet — open the stack settings to pick energy cards.,Ancora nessuna carta: apri le impostazioni dello stack per scegliere le carte energia.,
ui_no_cards_yet_open_the_stack_settings_to_pick_ca8008f,,No cards yet — open the stack settings to pick climate cards.,Ancora nessuna carta: apri le impostazioni dello stack per scegliere le carte clima.,
ui_no_climate_data_37d45e0,,No climate data,Nessun dato climatico,
ui_no_climate_devices_found_thermostats_and_ac_units_from_2e47541,,No climate devices found. Thermostats and AC units from Home Assistant appear here automatically.,Nessun dispositivo climatico trovato. I termostati e i climatizzatori di Home Assistant compaiono qui automaticamente.,don't translate Home Assistant
ui_no_collections_in_the_next_7_days_6d48bf4,,No collections in the next 7 days.,Nessuna raccolta nei prossimi 7 giorni.,
ui_no_conditions_this_flow_always_continues_c95e76f,,No conditions — this flow always continues,Nessuna condizione: questo flusso continua sempre,
ui_no_dashboards_have_been_shared_with_you_yet_ask_38b2c0d,,"No dashboards have been shared with you yet. Ask an admin to share one, or pick another option above.",Nessuna dashboard è stata ancora condivisa con te. Chiedi a un amministratore di condividerne uno o scegli un'altra opzione sopra.,
ui_no_dashboards_have_been_shared_with_you_yet_ask_877080a,,No dashboards have been shared with you yet. Ask an admin to share one.,Nessuna dashboard è stata ancora condivisa con te. Chiedi a un amministratore di condividerne uno.,
ui_no_data_d802d23,,No data,Nessun dato,
ui_no_door_sensor_f6b60c8,,No door sensor,Nessun sensore della porta,
ui_no_energy_sensors_found_eeecdec,,No energy sensors found.,Nessun sensore di energia trovato.,
ui_no_events_e339ba7,,No events,Nessun evento,
ui_no_fans_found_fan_entities_from_home_assistant_appear_279dab7,,No fans found. Fan entities from Home Assistant appear here automatically.,Nessuna ventola trovata. Le entità ventola di Home Assistant compaiono qui automaticamente.,don't translate Home Assistant
ui_no_forecast_available_ed48809,,No forecast available,Nessuna previsione disponibile,
ui_no_graphs_yet_open_the_stack_settings_to_add_87f742f,,No graphs yet — open the stack settings to add sensor graphs.,Ancora nessun grafico: apri le impostazioni dello stack per aggiungere i grafici dei sensori.,
ui_no_heading_162947f,,No heading,Nessuna intestazione,
ui_no_hourly_forecast_available_9ef5a5f,,No hourly forecast available,Nessuna previsione oraria disponibile,
ui_no_humidifiers_found_humidifier_entities_from_home_assista_eeadbd7,,No humidifiers found. Humidifier entities from Home Assistant appear here automatically; extras can be added in Climate Settings.,Nessun umidificatore trovato. Le entità umidificatore di Home Assistant vengono visualizzate qui automaticamente; è possibile aggiungere extra in Impostazioni climatiche.,don't translate Home Assistant
ui_no_individual_water_devices_configured_d0060ba,,No individual water devices configured.,Nessun dispositivo idrico individuale configurato.,
ui_no_letter_image_available_eeb42c0,,No letter image available,Nessuna immagine della lettera disponibile,
ui_no_map_camera_configured_d72057b,,No map camera\nconfigured,Nessuna telecamera cartografica\nconfigurato,\n = line break
ui_no_map_camera_set_configure_in_button_settings_b54466c,,No map camera set.\nConfigure in button settings.,Nessuna telecamera della mappa impostata.\nConfigura nelle impostazioni dei pulsanti.,\n = line break
ui_no_matches_cd0af6c,,No matches,Nessuna corrispondenza,
ui_no_matching_automations_4489522,,No matching automations,Nessuna automazione corrispondente,
ui_no_media_players_found_1248a89,,No media players found.,Nessun lettore multimediale trovato.,
ui_no_native_home_assistant_automations_found_725a043,,No native Home Assistant automations found,Nessuna automazione nativa di Home Assistant trovata,don't translate Home Assistant
ui_no_non_admin_users_found_on_this_home_assistant_e9e665d,,No non-admin users found on this Home Assistant.,Nessun utente non amministratore trovato su questo Assistente domestico.,don't translate Home Assistant
ui_no_notifications_a72159d,,No Notifications,Nessuna notifica,
ui_no_notifications_b08626f,,No notifications,Nessuna notifica,
ui_no_options_available_7a19b6d,,No options available,Nessuna opzione disponibile,
ui_no_other_entities_on_this_device_fbc481b,,No other entities on this device.,Nessun'altra entità su questo dispositivo.,
ui_no_other_users_found_on_this_home_assistant_cb89d3d,,No other users found on this Home Assistant.,Nessun altro utente trovato su questo Home Assistant.,don't translate Home Assistant
ui_no_parcel_selected_922a402,,No parcel selected,Nessun pacco selezionato,
ui_no_parcels_cf4c0a0,,No %1$s parcels.,Nessun pacco %1$s.,app fills in %1$s — keep them
ui_no_phase_sensors_configured_in_energy_settings_b88c1dc,,No phase sensors configured in Energy Settings.,Nessun sensore di fase configurato in Impostazioni energetiche.,
ui_no_power_sensors_found_caf2e07,,No power sensors found.,Nessun sensore di potenza trovato.,
ui_no_power_sensors_found_on_this_device_or_its_942e9be,,No power sensors found on this device (or its sub-devices) yet.,Nessun sensore di potenza ancora trovato su questo dispositivo (o sui suoi sottodispositivi).,
ui_no_profile_available_98d6e00,,No profile available,Nessun profilo disponibile,
ui_no_sensors_found_edacf22,,No %1$s sensors found.,Nessun sensore %1$s trovato.,app fills in %1$s — keep them
ui_no_sensors_selected_open_the_widget_settings_in_edit_cd87a2e,,No sensors selected — open the widget settings in edit mode.,Nessun sensore selezionato: apri le impostazioni del widget in modalità di modifica.,
ui_no_servers_found_yet_make_sure_you_re_on_7e6832d,,"No servers found yet. Make sure you're on the same Wi-Fi, or enter the address below.",Nessun server ancora trovato. Assicurati di essere connesso alla stessa rete Wi-Fi o inserisci l'indirizzo di seguito.,
ui_no_speed_control_linked_cb0e9ad,,No speed control linked,Nessun controllo della velocità collegato,
ui_no_status_history_enable_parcel_history_in_the_integration_302ca4a,,No status history (enable parcel history in the integration options),Nessuna cronologia degli stati (abilita la cronologia dei pacchi nelle opzioni di integrazione),
ui_no_stream_available_0535c4e,,No stream available,Nessun flusso disponibile,
ui_no_stream_available_6bfd14a,,No Stream Available,Nessun flusso disponibile,
ui_no_supported_alarm_modes_reported_by_this_entity_588b22a,,No supported alarm modes reported by this entity,Nessuna modalità di allarme supportata segnalata da questa entità,
ui_no_target_f919b89,,No target,Nessun obiettivo,
ui_no_tariff_sensors_configured_in_energy_settings_2ad6a3c,,No tariff sensors configured in Energy Settings.,Nessun sensore tariffa configurato in Impostazioni energetiche.,
ui_no_thanks_6d745b3,,No thanks,No grazie,
ui_no_upcoming_collections_feff2a6,,No upcoming collections,Nessuna prossima collezione,
ui_no_waste_sensors_selected_68b51ce,,No waste sensors selected,Nessun sensore rifiuti selezionato,
ui_no_waste_sensors_selected_add_them_via_the_widget_554ff3d,,No waste sensors selected. Add them via the widget settings in edit mode.,Nessun sensore rifiuti selezionato. Aggiungili tramite le impostazioni del widget in modalità di modifica.,
ui_no_weather_cards_ce32255,,No weather cards,Nessuna scheda meteo,
ui_no_weather_entity_available_7476bcb,,No weather entity available,Nessuna entità meteorologica disponibile,
ui_no_widgets_match_73a3c20,,"No widgets match ""%1$s""","Nessun widget corrisponde a ""%1$s""",app fills in %1$s — keep them
ui_none_6eef664,,None,Nessuno,
ui_none_auto_cc8786f,,None / Auto,Nessuno / Automatico,
ui_none_modes_stay_as_the_only_control_b62bff7,,None — modes stay as the only control,Nessuno: le modalità rimangono l'unico controllo,
ui_none_of_your_configured_carriers_support_adding_a_parcel_21dc0a4,,"None of your configured carriers support adding a parcel by tracking number. Account-based carriers (PostNL, DPD, DHL) only track what's already in your account.","Nessuno dei corrieri configurati supporta l'aggiunta di un pacco tramite il numero di tracciamento. I corrieri basati su account (PostNL, DPD, DHL) tengono traccia solo di ciò che è già presente nel tuo account.",
ui_none_selected_5798946,,None selected,Nessuno selezionato,
ui_none_timer_follows_the_completion_time_only_09d470a,,None — timer follows the completion time only,Nessuno: il timer segue solo il tempo di completamento,
ui_not_enough_data_cdb9d58,,Not enough data,Dati insufficienti,
ui_not_enough_data_in_this_period_48188c4,,Not enough data in this period,Dati insufficienti in questo periodo,
ui_not_loaded_by_home_assistant_95f811a,,Not loaded by Home Assistant,Non caricato da Home Assistant,don't translate Home Assistant
ui_not_set_93039e6,,Not set,Non impostato,
ui_nothing_here_7f42022,,Nothing here.,Niente qui.,
ui_nothing_hidden_fd1cdd3,,Nothing hidden,Niente di nascosto,
ui_nothing_is_shared_yet_fca61d0,,Nothing is shared yet.,Non è ancora stato condiviso nulla.,
ui_nothing_removed_d67902f,,Nothing removed.,Niente rimosso.,
ui_nothing_removed_use_edit_mode_on_the_climate_page_dd07910,,Nothing removed. Use edit mode on the Climate page to remove cards; they land here and can be restored.,Niente rimosso. Utilizza la modalità modifica nella pagina Clima per rimuovere le carte; atterrano qui e possono essere ripristinati.,
ui_nothing_to_reorder_yet_cdcbb36,,Nothing to reorder yet.,Niente da riordinare ancora.,
ui_notification_c18f8f2,,Notification,Notifica,
ui_notifications_753a22b,,Notifications,Notifiche,
ui_notifications_are_delivered_over_the_app_s_live_connection_d2aa965,,Notifications are delivered over the app's live connection whenever it is open — send them from Home Assistant with the notify service for this device. Swipe in from the left edge to see the history.,Le notifiche vengono inviate tramite la connessione live dell'app ogni volta che è aperta: inviale da Home Assistant con il servizio di notifica per questo dispositivo. Scorri rapidamente dal bordo sinistro per visualizzare la cronologia.,don't translate Home Assistant
ui_now_e3b8204,,Now,Ora,
ui_of_3_enabled_5cdedd4,,%1$s of 3 enabled,%1$s di 3 abilitato,app fills in %1$s — keep them
ui_of_home_fdfd824,,%1$s%% of home,%1$s%% di casa,app fills in %1$s — keep them
ui_off_ad50489,,OFF,SPENTO,
ui_off_at_any_time_in_android_settings_4607e2c,,off at any time in Android settings.,disattivato in qualsiasi momento nelle impostazioni Android.,
ui_off_e3de5ab,,Off,Spento,
ui_ok_9ce3bd4,,OK,OK,
ui_on_12469c7,,On - %1$s%%,Attivo - %1$s%%,app fills in %1$s — keep them
ui_on_387d7a5,,ON,SU,
ui_on_e0049a6,,On,Acceso,
ui_on_f9ca2fe,,%1$s%% • ON,%1$s%% • ATTIVO,app fills in %1$s — keep them
ui_on_these_wi_fi_networks_the_app_connects_via_82d3f1f,,On these Wi-Fi networks the app connects via the internal URL; everywhere else it uses the main server URL above.,Su queste reti Wi-Fi l'app si connette tramite l'URL interno; ovunque utilizzi l'URL del server principale sopra.,
ui_on_this_device_a7f9620,,On this device,Su questo dispositivo,
ui_onboard_step_fefaac1,,onboard_step,onboard_step,
ui_only_percentage_sensors_classified_by_home_assistant_as_ba_0d94a2a,,Only percentage sensors classified by Home Assistant as batteries are imported. ,Vengono importati solo i sensori percentuali classificati da Home Assistant come batterie.,don't translate Home Assistant; keep the space at the start/end
ui_only_show_battery_entities_and_include_battery_type_detail_b216867,,Only show Battery+ entities and include battery type details,Mostra solo le entità Battery+ e includi i dettagli del tipo di batteria,
ui_only_show_battery_entities_and_include_type_quantity_and_0d8ce40,,"Only show Battery+ entities and include type, quantity, and related battery info.","Mostra solo le entità Battery+ e includi tipo, quantità e informazioni relative alla batteria.",
ui_open_camera_full_screen_afc186b,,Open camera full screen,Apri la fotocamera a schermo intero,
ui_open_cf9b770,,Open,Apri,
ui_open_history_for_graph_ae801d5,,Open history for graph,Apri la cronologia per il grafico,
ui_open_link_d2de1a2,,Open link,Apri collegamento,
ui_open_source_and_premium_licensing_0328125,,Open-source and premium licensing,Licenze open source e premium,
ui_open_the_component_on_github_c1e5ee5,,Open the component on GitHub,Apri il componente su GitHub,
ui_open_this_panel_by_swiping_left_from_the_upper_671e63c,,Open this panel by swiping left from the upper-right edge of any page header.,Apri questo pannello scorrendo verso sinistra dal bordo superiore destro di qualsiasi intestazione di pagina.,
ui_opening_dashboard_8e99930,,Opening dashboard…,Apertura del dashboard…,
ui_openstreetmap_fa78a33,,OpenStreetMap,OpenStreetMap,
ui_optional_context_shown_by_the_lock_card_03f6814,,Optional context shown by the lock card,Contesto facoltativo mostrato dalla scheda di blocco,
ui_optional_controls_and_sensors_for_richer_dialogs_7a80e7b,,Optional controls and sensors for richer dialogs,Controlli e sensori opzionali per dialoghi più ricchi,
ui_optional_display_name_and_icon_override_f7a6cda,,Optional display name and icon override,Nome visualizzato facoltativo e sostituzione dell'icona,
ui_optional_fields_passed_to_home_assistant_54dffc6,,Optional fields passed to Home Assistant,Campi facoltativi passati a Home Assistant,don't translate Home Assistant
ui_optional_label_shown_when_name_is_enabled_above_8229e92,,"Optional label shown when ""Name"" is enabled above","Etichetta facoltativa mostrata quando ""Nome"" è abilitato sopra",
ui_optional_name_and_icon_overrides_5dfd062,,Optional name and icon overrides,Sostituzioni facoltative di nome e icona,
ui_optional_name_and_icon_shown_above_this_stack_272f237,,Optional name and icon shown above this stack,Nome e icona facoltativi mostrati sopra questa pila,
ui_optional_premium_5ae8183,,Optional Premium,Premio opzionale,
ui_optional_support_for_development_and_testing_costs_5d6af95,,Optional support for development and testing costs,Supporto facoltativo per i costi di sviluppo e test,
ui_optional_title_and_dashboard_width_e04c6e8,,Optional title and dashboard width,Titolo facoltativo e larghezza del dashboard,
ui_optional_title_width_and_supported_shape_8b2e456,,"Optional title, width, and supported shape","Titolo, larghezza e forma supportata facoltativi",
ui_options_6bf5da9,,Options,Opzioni,
ui_organization_519255a,,Organization,Organizzazione,
ui_oscillate_3d3c9bd,,Oscillate,Oscillare,
ui_outside_cbbef8c,,OUTSIDE,AL DI FUORI,
ui_outside_is_never_auto_detected_either_link_a_weather_eb8cc14,,"Outside is never auto-detected. Either link a weather entity (it usually carries temperature, humidity and pressure) or pick individual outdoor sensors below. The temperature feeds the Outside tile and the hero's outside reading.","L'esterno non viene mai rilevato automaticamente. Collega un'entità meteorologica (solitamente trasporta temperatura, umidità e pressione) o scegli i singoli sensori esterni di seguito. La temperatura alimenta la tessera Esterno e la lettura esterna dell'eroe.",
ui_outside_weather_entity_98e8465,,Outside weather entity,Entità meteorologica esterna,
ui_page_areas_1068b64,,Page areas,Aree della pagina,
ui_page_icon_b58a288,,Page icon,Icona della pagina,
ui_page_identity_dafa8dd,,Page identity,Identità della pagina,
ui_page_name_c99f51a,,Page name,Nome della pagina,
ui_page_settings_0a44afc,,Page settings,Impostazioni pagina,
ui_page_subtitle_8a04084,,Page subtitle,Sottotitolo della pagina,
ui_parcel_9ddaaee,,Parcel,Pacco,
ui_parcels_16129ec,,Parcels,Pacchi,
ui_parental_controls_c4f61d0,,Parental controls,Controlli parentali,
ui_parental_controls_dashboard_sharing_and_permissions_b74e0c0,,"Parental controls, dashboard sharing, and permissions","Controllo genitori, condivisione dashboard e autorizzazioni",
ui_parental_controls_sharing_needs_the_hki_7_cloud_component_7929459,,Parental controls & sharing — needs the HKI 7 Cloud component,Controllo genitori e condivisione: necessita del componente HKI 7 Cloud,don't translate HKI 7 Cloud
ui_pause_781961b,,Pause,Pausa,
ui_pause_adaptation_821b33e,,Pause adaptation,Mettere in pausa l'adattamento,
ui_pending_timer_dbf15fa,,Pending timer,Temporizzatore in sospeso,
ui_people_b37554f,,People,Persone,
ui_permission_needed_7c7a8e5,,Permission needed,È necessaria l'autorizzazione,
ui_permissions_d06d555,,Permissions,Autorizzazioni,
ui_person_settings_977e009,,Person settings,Impostazioni della persona,
ui_personal_information_used_throughout_hki_7_b7d1b08,,Personal information used throughout HKI 7,Informazioni personali utilizzate nell'HKI 7,don't translate HKI 7
ui_personalize_7602b35,,Personalize,Personalizzare,
ui_persons_order_9fe91dc,,Persons order,Ordine delle persone,
ui_phase_17619b8,,Phase %1$s,Fase %1$s,app fills in %1$s — keep them
ui_pick_a_carbon_footprint_device_ea1fe94,,Pick a carbon footprint device,Scegli un dispositivo per l'impronta di carbonio,
ui_pick_a_device_to_auto_fill_the_sensors_below_f396326,,Pick a device to auto-fill the sensors below,Scegli un dispositivo per riempire automaticamente i sensori di seguito,
ui_pick_a_source_device_or_fine_tune_individual_roles_beb54f5,,Pick a source device or fine-tune individual roles,Scegli un dispositivo di origine o ottimizza i singoli ruoli,
ui_pick_a_starting_point_everything_remains_editable_340924e,,Pick a starting point; everything remains editable,Scegli un punto di partenza; everything remains editable,
ui_pickup_b6da461,,Pickup: %1$s,Ritiro: %1$s,app fills in %1$s — keep them
ui_pin_3adadd3,,PIN,SPILLO,
ui_place_this_room_in_the_correct_floor_group_52c044a,,Place this room in the correct floor group,Posiziona questa stanza nel gruppo del piano corretto,
ui_placement_ab89d05,,Placement,Posizionamento,
ui_playback_c8e3087,,Playback,Riproduzione,
ui_player_e53407c,,Player,Giocatore,
ui_players_summarized_by_the_room_header_and_card_729ea70,,Players summarized by the room header and card,Giocatori riepilogati dall'intestazione della stanza e dalla scheda,
ui_please_wait_5afeca7,,Please wait…,Attendere prego…,
ui_position_d0b0314,,POSITION,POSIZIONE,
ui_postal_code_optional_b86b6a2,,Postal code (optional),Codice postale (facoltativo),
ui_power_c2b6b52,,POWER,ENERGIA,
ui_power_overview_a204dd7,,Power overview,Panoramica della potenza,
ui_power_per_phase_1f38fb0,,Power per phase,Potenza per fase,
ui_precipitation_60d5e73,,Precipitation,Precipitazione,
ui_premium_icon_packs_animated_icons_and_artwork_premium_them_6363fef,,"Premium icon packs, animated icons and artwork, premium themes, entitlement services, and any separately marked premium modules are not covered by MPL-2.0. They remain proprietary and are licensed for personal use through a valid Premium entitlement.","I pacchetti di icone premium, le icone animate e le opere d'arte, i temi premium, i servizi di autorizzazione e qualsiasi modulo premium contrassegnato separatamente non sono coperti da MPL-2.0. Rimangono proprietari e vengono concessi in licenza per uso personale tramite un diritto Premium valido.",
ui_presets_6891289,,PRESETS,PRESET,
ui_presets_e709e76,,Presets,Preimpostazioni,
ui_press_ea683ad,,Press,Premere,
ui_prevents_android_from_delaying_battery_charging_and_presen_623b898,,"Prevents Android from delaying battery, charging, and presence updates while the device is idle.","Impedisce ad Android di ritardare gli aggiornamenti della batteria, della ricarica e della presenza mentre il dispositivo è inattivo.",
ui_previous_camera_5014da7,,Previous camera,Fotocamera precedente,
ui_produced_5028c07,,Produced %1$s,Produzione %1$s,app fills in %1$s — keep them
ui_production_overview_fbbfc38,,Production overview,Panoramica della produzione,
ui_profile_ff4fc02,,Profile,Profilo,
ui_profile_switches_affect_every_light_assigned_to_19ba9ec,,Profile switches affect every light assigned to %1$s.,Gli interruttori del profilo influiscono su ogni luce assegnata a %1$s.,app fills in %1$s — keep them
ui_profiles_0c2a930,,Profiles,Profili,
ui_project_information_licensing_and_community_support_9fc47d6,,"Project information, licensing, and community support","Informazioni sul progetto, licenze e supporto della comunità",
ui_publish_one_of_your_dashboards_to_your_family_recipients_88c1d49,,Publish one of your dashboards to your family. Recipients import it from Settings › Dashboard and can pull updates later. Set what they may change under Permissions.,Pubblica una delle tue dashboard per la tua famiglia. I destinatari lo importano da Impostazioni › Dashboard e possono estrarre gli aggiornamenti in un secondo momento. Imposta cosa possono modificare in Autorizzazioni.,
ui_published_to_your_family_33fc8da,,Published to your family,Pubblicato per la tua famiglia,
ui_pulse_8439fc4,,pulse,impulso,
ui_pulsescale_939f5c2,,pulseScale,pulsaScale,
ui_push_delivery_and_history_aa3e29d,,Push delivery and history,Consegna push e cronologia,
ui_push_my_changes_now_ddff3f6,,Push my changes now,Invia le mie modifiche adesso,
ui_pushing_3c52088,,Pushing…,Spingendo…,
ui_quick_actions_e47e804,,Quick actions,Azioni rapide,
ui_quick_start_gesture_23ee6fe,,quick_start_gesture,gesto_avvio_veloce,
ui_rain_0a858c9,,Rain,Piovere,
ui_rain_map_7c1862a,,Rain map,Mappa della pioggia,
ui_rain_map_image_url_0c47012,,Rain map image URL,URL dell'immagine della mappa della pioggia,
ui_rain_map_url_iframe_3f22653,,Rain map URL (iframe),URL della mappa della pioggia (iframe),
ui_re_import_batteries_9473d07,,Re-import batteries,Reimportare le batterie,
ui_re_import_batteries_f3b8458,,Re-import Batteries,Reimportare le batterie,
ui_re_import_climate_3ed098c,,Re-import climate,Reimportare il clima,
ui_re_import_climate_f7f5678,,Re-import Climate,Reimportare il clima,
ui_re_import_energy_9e66bbb,,Re-import Energy,Reimportare energia,
ui_re_import_energy_c0b0fcc,,Re-import energy,Reimportare energia,
ui_re_import_rooms_6cc58f9,,Re-import rooms,Reimportare le stanze,
ui_re_import_rooms_b49077d,,Re-import Rooms,Reimportare le stanze,
ui_re_import_security_411e76d,,Re-import Security,Reimportare la sicurezza,
ui_re_import_security_fcf0ad8,,Re-import security,Reimportare la sicurezza,
ui_read_only_home_assistant_automation_46d25b7,,Read-only Home Assistant automation,Automazione Home Assistant di sola lettura,don't translate Home Assistant
ui_read_the_full_mpl_2_0_4d68c7d,,Read the full MPL 2.0,Leggi l'intero MPL 2.0,
ui_ready_20c7c55,,Ready,Pronto,
ui_receive_home_assistant_alerts_and_actionable_notifications_386435f,,Receive Home Assistant alerts and actionable notifications on this device.,Ricevi avvisi di Home Assistant e notifiche utilizzabili su questo dispositivo.,don't translate Home Assistant
ui_recipes_create_regular_home_assistant_automations_you_can_a81bf72,,Recipes create regular Home Assistant automations. You can continue editing them in either HKI7 or Home Assistant.,Le ricette creano normali automazioni di Home Assistant. Puoi continuare a modificarli in HKI7 o Home Assistant.,"don't translate Home Assistant, HKI7"
ui_recommended_e37d21e,,RECOMMENDED,RACCOMANDATO,
ui_recording_09b5b61,,Recording · ,Registrazione ·,keep the space at the start/end
ui_refresh_56e3bad,,Refresh,Aggiorna,
ui_refresh_connection_46966aa,,Refresh Connection,Aggiorna connessione,
ui_refresh_interval_f086d9d,,Refresh interval,Intervallo di aggiornamento,
ui_relock_after_4db5c55,,Relock after,Richiudere dopo,
ui_remote_access_is_ready_0e26b5a,,Remote access is ready.,L'accesso remoto è pronto.,
ui_remote_access_optional_75dd54d,,Remote access (optional),Accesso remoto (facoltativo),
ui_remove_436e1a0,,Remove %1$s?,Rimuovere %1$s?,app fills in %1$s — keep them
ui_remove_avatar_58e0c56,,Remove avatar,Rimuovi l'avatar,
ui_remove_e963907,,Remove,Rimuovi,
ui_remove_edits_and_import_all_7f0b4a1,,Remove edits and import all,Rimuovi le modifiche e importa tutto,
ui_removed_entities_559c584,,Removed entities (%1$s),Entità rimosse (%1$s),app fills in %1$s — keep them
ui_removed_entities_6dbeb2d,,Removed entities,Entità rimosse,
ui_removed_entities_are_excluded_from_cards_graphs_tiles_and_628e91a,,"Removed entities are excluded from cards, graphs, tiles and averages. Tap ✕ to restore.","Le entità rimosse vengono escluse da schede, grafici, riquadri e medie. Tocca ✕ per ripristinare.",
ui_rename_d3f4cb8,,Rename,Rinominare,
ui_rename_dashboard_ceb1d6d,,Rename dashboard,Rinomina dashboard,
ui_rename_home_assistant_f1a0d6f,,Rename Home Assistant,Rinomina Assistente domestico,don't translate Home Assistant
ui_rename_players_and_choose_which_ones_may_show_the_212864f,,Rename players and choose which ones may show the mini player above the navigation bar while playing.,Rinomina i giocatori e scegli quali possono mostrare il mini player sopra la barra di navigazione durante il gioco.,
ui_rename_players_and_mini_player_visibility_8d0e1f7,,Rename players and mini player visibility,Rinomina giocatori e visibilità mini player,
ui_rendering_style_and_history_range_be872e9,,Rendering style and history range,Stile di rendering e intervallo di cronologia,
ui_reorder_and_hide_tabs_39de701,,Reorder and hide tabs,Riordina e nascondi le schede,
ui_reorder_cameras_b226c47,,Reorder cameras,Riordina le fotocamere,
ui_reorder_cards_147ed64,,Reorder cards,Riordina le carte,
ui_reorder_devices_8bcc061,,Reorder devices,Riordina i dispositivi,
ui_repeat_659eba1,,Repeat,Ripetere,
ui_repeats_every_day_only_the_time_of_day_is_a71f502,,Repeats every day — only the time of day is used.,Si ripete ogni giorno: viene utilizzata solo l'ora del giorno.,
ui_repeats_every_month_only_the_day_of_the_month_93ca445,,Repeats every month — only the day of the month and time are used.,Si ripete ogni mese: vengono utilizzati solo il giorno del mese e l'ora.,
ui_repeats_every_week_only_the_weekday_and_time_are_8f36757,,Repeats every week — only the weekday and time are used.,Si ripete ogni settimana: vengono utilizzati solo il giorno della settimana e l'ora.,
ui_repeats_every_year_the_year_is_ignored_so_e_a661f32,,"Repeats every year — the year is ignored, so e.g. 24–26 Dec recurs each Christmas.","Si ripete ogni anno: l'anno viene ignorato, quindi ad es. Il 24-26 dicembre ricorre ogni Natale.",
ui_require_an_extra_gesture_or_pin_before_actions_run_19ae393,,Require an extra gesture or PIN before actions run,Richiedi un gesto o un PIN aggiuntivo prima dell'esecuzione delle azioni,
ui_required_9100e2e,, (required),(necessario),keep the space at the start/end
ui_required_state_bdc9c95,,Required state,Stato richiesto,
ui_reset_44c57ab,,Reset,Reset,
ui_reset_everything_2d6cd07,,Reset Everything,Ripristina tutto,
ui_restart_b134bd5,,Restart,Ricomincia,
ui_restart_home_assistant_0206bf0,,Restart Home Assistant?,Riavviare l'Assistente Domestico?,don't translate Home Assistant
ui_restart_home_assistant_551322c,,Restart Home Assistant,Riavvia l'assistente domestico,don't translate Home Assistant
ui_restarting_b86eee1,,Restarting…,Riavvio…,
ui_restore_3cbe6d6,,Restore,Ripristina,
ui_restore_backup_a65eaa8,,Restore backup,Ripristina il backup,
ui_restore_from_cloud_52b6663,,Restore from cloud,Ripristina dal cloud,
ui_restore_from_home_assistant_13aec1d,,Restore from Home Assistant,Ripristina da Home Assistant,don't translate Home Assistant
ui_resume_adaptation_ac73b12,,Resume adaptation,Riprendere l'adattamento,
ui_resume_b3bd0b5,,Resume,Riprendere,
ui_reverse_57f9933,,Reverse,Inversione,
ui_right_954daa8,,Right,Destra,
ui_right_side_overflows_left_d75893d,,Right side overflows left,Il lato destro trabocca a sinistra,
ui_room_areas_584c8ee,,Room areas,Aree della stanza,
ui_room_climate_c57811d,,Room climate,Clima della stanza,
ui_room_name_8605e33,,Room name,Nome della stanza,
ui_room_scale_6602c22,,room-scale,scala della stanza,
ui_rooms_3a28d6f,,Rooms,Camere,
ui_rooms_are_imported_2ef3415,,Rooms are imported,Le stanze vengono importate,
ui_rooms_in_auto_mode_are_imported_from_home_assistant_c583d84,,Rooms in auto mode are imported from Home Assistant. Switch to manual or take over the current dashboard to add widgets by hand.,Le stanze in modalità automatica vengono importate da Home Assistant. Passa alla modalità manuale o prendi il controllo della dashboard corrente per aggiungere manualmente i widget.,don't translate Home Assistant
ui_rotation_acaf322,,rotation,rotazione,
ui_roundness_of_buttons_cards_and_widgets_3573fff,,"Roundness of buttons, cards and widgets","Rotondità di pulsanti, schede e widget",
ui_run_b1b3926,,Run,Correre,
ui_run_mode_12ce660,,Run mode,Modalità di esecuzione,
ui_running_state_entity_3c8ffde,,Running-state entity,Entità dello stato corrente,
ui_s_02aa629,,S,S,
ui_s_are_81c69ca,,s are,lo sono,
ui_s_refresh_10a9b0b,,%1$ss refresh,%1$ss aggiorna,app fills in %1$s — keep them
ui_save_efc007a,,Save,Salva,
ui_save_in_home_assistant_eacb2ce,,Save in Home Assistant,Salva nell'Assistente domestico,don't translate Home Assistant
ui_save_local_network_7f0247d,,Save Local Network,Salva rete locale,
ui_save_or_restore_dashboard_configuration_be8f39f,,Save or restore dashboard configuration,Salva o ripristina la configurazione della dashboard,
ui_save_profile_f597c0e,,Save profile,Salva profilo,
ui_save_remote_access_05740bc,,Save Remote Access,Salva accesso remoto,
ui_saved_directly_in_the_native_automation_734f9ba,,Saved directly in the native automation,Salvato direttamente nell'automazione nativa,
ui_saving_56a2285,,Saving…,Risparmio…,
ui_scanning_36c4a06,,Scanning…,Scansione…,
ui_scheduled_1cd1bda,,Scheduled,Programmato,
ui_search_actions_9313854,,Search actions,Azioni di ricerca,
ui_search_automations_9172ba9,,Search automations,Cerca automazioni,
ui_search_batteries_a63e58b,,Search batteries,Cerca batterie,
ui_search_bce0641,,Search,Ricerca,
ui_search_by_name_28abc03,,Search by name,Cerca per nome,
ui_search_devices_2ce0b70,,Search devices,Cerca dispositivi,
ui_search_entities_7c70008,,Search entities,Cerca entità,
ui_search_f54fbca,,Search…,Ricerca…,
ui_search_filters_3d10e32,,Search & filters,Cerca e filtri,
ui_search_sort_9fe6cb4,,Search & sort,Cerca e ordina,
ui_search_the_material_design_icon_library_2a2aa8d,,Search the Material Design icon library,Cerca nella libreria di icone di Material Design,
ui_search_widgets_9525879,,Search widgets,Widget di ricerca,
ui_season_62255f5,,Season,Stagione,
ui_season_card_flip_6683142,,season-card-flip,capovolgimento delle carte stagionali,
ui_secondary_line_ca81690,,Secondary line,Linea secondaria,
ui_seconds_5fb1db5,,Seconds,Secondi,
ui_securitydoor_929c4fc,,securityDoor,securityDoor,
ui_securitygarage_499e9f7,,securityGarage,sicurezzaGarage,
ui_securitygate_0743480,,securityGate,securityGate,
ui_securityhouse_08bd121,,securityHouse,securityHouse,
ui_securityphase_f4739f6,,securityPhase,securityPhase,
ui_securitypulse_5340cf8,,securityPulse,securityPulse,
ui_securitywindow_4619bf3,,securityWindow,securityWindow,
ui_select_0fc8ec5,,Select %1$s,Seleziona %1$s,app fills in %1$s — keep them
ui_select_a_mode_to_continue_0426fc8,,Select a mode to continue,Seleziona una modalità per continuare,
ui_select_an_effect_to_turn_it_on_75d9bec,,Select an effect to turn it on,Seleziona un effetto per attivarlo,
ui_select_an_inverter_device_in_energy_settings_solar_to_4a0aade,,Select an inverter device in Energy Settings → Solar to list its inverters here.,Selezionare un dispositivo inverter in Impostazioni energetiche → Solare per elencare qui i suoi inverter.,
ui_select_an_option_08d7aa3,,Select an option,Seleziona un'opzione,
ui_select_battery_devices_bfc9841,,Select Battery Devices,Seleziona Dispositivi a batteria,
ui_select_battery_entities_b08b299,,Select Battery Entities,Seleziona Entità batteria,
ui_select_battery_sensor_51f1222,,Select Battery Sensor,Seleziona Sensore batteria,
ui_select_calendars_and_the_view_shown_first_d5c38b5,,Select calendars and the view shown first,Seleziona i calendari e la vista mostrata per prima,
ui_select_calendars_e26b0da,,Select Calendars,Seleziona Calendari,
ui_select_camera_70cf6fb,,Select Camera,Seleziona Fotocamera,
ui_select_climate_card_18f3b6e,,Select Climate Card,Seleziona Carta climatica,
ui_select_device_87a4751,,Select Device,Seleziona Dispositivo,
ui_select_door_sensor_f345fbf,,Select Door Sensor,Seleziona Sensore porta,
ui_select_empty_bin_control_d992252,,Select Empty Bin Control,Selezionare Controllo contenitore vuoto,
ui_select_energy_card_9b5bf0c,,Select Energy Card,Seleziona Carta Energetica,
ui_select_entities_affed45,,Select Entities,Seleziona Entità,
ui_select_entity_4b3713e,,Select Entity,Seleziona Entità,
ui_select_forecast_entities_f0ec511,,Select Forecast Entities,Seleziona Entità di previsione,
ui_select_humidity_sensor_8192d0e,,Select Humidity Sensor,Seleziona Sensore di umidità,
ui_select_map_camera_d5ae262,,Select Map Camera,Seleziona Mappa fotocamera,
ui_select_media_player_73f4f5b,,Select Media Player,Seleziona Lettore multimediale,
ui_select_media_players_e0da90e,,Select Media Players,Seleziona Lettori multimediali,
ui_select_outside_3593063,,Select outside %1$s,Seleziona esterno %1$s,app fills in %1$s — keep them
ui_select_running_state_entity_136482a,,Select running-state entity,Seleziona l'entità dello stato corrente,
ui_select_sensor_2564e1a,,Select Sensor,Seleziona Sensore,
ui_select_sensors_5141d75,,Select Sensors,Seleziona Sensori,
ui_select_speed_control_20f7efa,,Select speed control,Seleziona il controllo della velocità,
ui_select_target_entity_654e6ac,,Select Target Entity,Seleziona Entità di destinazione,
ui_select_temperature_sensor_821f54c,,Select Temperature Sensor,Seleziona Sensore di temperatura,
ui_select_the_alarm_panels_summarized_by_this_pill_f9b23e6,,Select the alarm panels summarized by this pill,Seleziona i pannelli di allarme riepilogati da questa pillola,
ui_select_to_auto_detect_map_battery_and_controls_72bc9d7,,"Select to auto-detect map, battery and controls","Seleziona per rilevare automaticamente mappa, batteria e controlli",
ui_select_to_auto_fill_helper_entities_below_84a8833,,Select to auto-fill helper entities below,Seleziona per compilare automaticamente le entità helper di seguito,
ui_select_vacuum_4663021,,Select Vacuum,Selezionare Aspirapolvere,
ui_select_vacuum_entity_dbda6f4,,Select Vacuum Entity,Seleziona Entità vuoto,
ui_select_vacuums_7c2d22a,,Select Vacuums,Seleziona Aspirapolvere,
ui_select_waste_sensors_6006d5f,,Select Waste Sensors,Seleziona Sensori rifiuti,
ui_select_water_level_562845a,,Select Water Level,Seleziona Livello dell'acqua,
ui_select_weather_2357e9d,,Select Weather,Seleziona Meteo,
ui_select_weather_entity_d489986,,Select Weather Entity,Seleziona Entità meteorologica,
ui_select_week_calendar_640f382,,Select Week Calendar,Seleziona Calendario settimanale,
ui_selected_61ed328,,%1$s selected,%1$s selezionato,app fills in %1$s — keep them
ui_selected_b82aaa5,,%1$s · Selected,%1$s · Selezionato,app fills in %1$s — keep them
ui_selected_for_this_card_3c4a588,,%1$s selected for this card,%1$s selezionato per questa carta,app fills in %1$s — keep them
ui_sensor_620ec21,,%1$s sensor%2$s,%1$s sensore%2$s,app fills in %1$s %2$s — keep them
ui_sensor_efb9fbf,,SENSOR,SENSORE,
ui_sensor_graphs_5eb3573,,Sensor Graphs,Grafici dei sensori,
ui_sensor_picture_c3a0ed2,,Sensor picture,Immagine del sensore,
ui_sensors_711bf35,,Sensors,Sensori,
ui_sensors_and_an_optional_week_calendar_399bad3,,Sensors and an optional week calendar,Sensori e calendario settimanale opzionale,
ui_sensors_are_found_automatically_by_device_class_add_sensor_150bab5,,%1$s sensors are found automatically by device class; add sensors missing that class here.,I sensori %1$s vengono trovati automaticamente per classe di dispositivo; aggiungi qui i sensori mancanti di quella classe.,app fills in %1$s — keep them
ui_separate_commercial_content_0408620,,Separate commercial content,Contenuti commerciali separati,
ui_server_url_1d5d1ef,,Server URL,URL del server,
ui_services_data_7864c0a,,Services & data,Servizi e dati,
ui_session_f7f1997,,Session,Sessione,
ui_set_448ab73,,Set,Impostato,
ui_set_a_rain_map_image_url_in_this_widget_03729b8,,Set a rain map image URL in this widget's settings,Imposta l'URL dell'immagine della mappa della pioggia nelle impostazioni di questo widget,
ui_set_the_control_style_for_every_thermostat_on_this_de5cd1e,,Set the control style for every thermostat on this Climate page. Standalone climate widgets keep their own layout settings.,Imposta lo stile di controllo per ogni termostato in questa pagina Clima. I widget climatici autonomi mantengono le proprie impostazioni di layout.,
ui_set_what_each_person_may_do_per_user_like_aa86ea2,,"Set what each person may do — per user, like the hidden views above. These apply when they use a dashboard you shared.","Imposta ciò che ogni persona può fare, per utente, come le visualizzazioni nascoste sopra. Questi si applicano quando utilizzano una dashboard che hai condiviso.",
ui_settings_c7f73bb,,Settings,Impostazioni,
ui_setup_changed_b184bf0,,Setup changed,L'impostazione è cambiata,
ui_setup_progress_1a8adef,,Setup progress,Avanzamento della configurazione,
ui_shape_and_width_on_the_dashboard_c89fefa,,Shape and width on the dashboard,Forma e larghezza sul cruscotto,
ui_shape_ea5c1a2,,Shape,Forma,
ui_shape_visible_information_and_icon_behavior_63dec1c,,"Shape, visible information, and icon behavior","Forma, informazioni visibili e comportamento delle icone",
ui_share_09ca55c,,Share,Condividere,
ui_share_b300e5f,,"Share ""%1$s""","Condividi ""%1$s""",app fills in %1$s — keep them
ui_share_dashboards_0917ff1,,Share dashboards,Condividi dashboard,
ui_shared_dashboard_86876c0,,Shared dashboard,Cruscotto condiviso,
ui_shared_with_me_f40ca84,,Shared with me,Condiviso con me,
ui_sharing_ad00590,,Sharing…,Condivisione…,
ui_show_a_descending_timer_when_the_value_is_a_1ae7350,,"Show a descending timer when the value is a completion time (e.g. a washer/dryer finish time). Active while counting, off at zero.","Mostra un timer decrescente quando il valore è un tempo di completamento (ad esempio, il tempo di fine della lavatrice/asciugatrice). Attivo durante il conteggio, spento a zero.",
ui_show_a_live_radar_rain_map_card_a_camera_a0e11c8,,Show a live radar/rain map card — a camera entity or an embedded web page (iframe),Mostra una scheda della mappa radar/pioggia in tempo reale: l'entità di una telecamera o una pagina Web incorporata (iframe),
ui_show_activity_badge_f5d56bb,,Show activity badge,Mostra badge attività,
ui_show_badge_bar_827499b,,Show badge bar,Mostra la barra dei badge,
ui_show_flows_button_9e888be,,Show flows button,Pulsante Mostra flussi,
ui_show_global_search_e7aefbe,,Show global search,Mostra la ricerca globale,
ui_show_group_380c43e,,Show group,Mostra gruppo,
ui_show_in_header_43f0dfd,,Show in header,Mostra nell'intestazione,
ui_show_persons_c4e81a0,,Show persons,Mostra persone,
ui_show_the_automations_flows_button_16254ce,,Show the automations (flows) button,Mostra il pulsante delle automazioni (flussi).,
ui_show_the_entity_s_state_or_one_of_its_1008a4d,,"Show the entity's state, or one of its attributes instead",Mostra invece lo stato dell'entità o uno dei suoi attributi,
ui_show_the_entity_s_state_or_one_of_its_e721168,,"Show the entity's state, or one of its attributes instead.",Mostra invece lo stato dell'entità o uno dei suoi attributi.,
ui_show_the_global_search_button_0517d8b,,Show the global search button,Mostra il pulsante di ricerca globale,
ui_show_widget_name_5ad7fc9,,Show widget name,Mostra il nome del widget,
ui_shown_b1015a1,,%1$s shown,%1$s mostrato,app fills in %1$s — keep them
ui_shows_an_icon_matching_the_waste_type_gft_pmd_1966fe0,,"Shows an icon matching the waste type (GFT, PMD, paper, …).","Mostra un'icona corrispondente al tipo di rifiuto (GFT, PMD, carta, ...).",
ui_side_split_alignment_b9c5399,,Side (split alignment),Lato (allineamento diviso),
ui_sign_out_safely_or_reset_this_installation_681fac2,,Sign out safely or reset this installation,Esci in sicurezza o ripristina l'installazione,
ui_signing_you_in_10d0636,,Signing you in…,Accesso in corso...,
ui_size_shape_and_artwork_4bb38bb,,"Size, shape, and artwork","Dimensioni, forma e grafica",
ui_size_shape_and_background_24dd9b6,,"Size, shape, and background","Dimensioni, forma e sfondo",
ui_snapshot_b08ae37,,Snapshot,Istantanea,
ui_solar_0e26539,,Solar,Solare,
ui_solar_noon_599372c,,Solar noon %1$s,Mezzogiorno solare %1$s,app fills in %1$s — keep them
ui_sort_d5f73d6,,Sort: %1$s,Ordina: %1$s,app fills in %1$s — keep them
ui_source_and_card_refresh_behavior_0a26324,,Source and card refresh behavior,Comportamento di aggiornamento della sorgente e della scheda,
ui_source_device_4ddad2a,,Source device,Dispositivo di origine,
ui_span_badges_58c73f2,,Span badges,Distintivi di portata,
ui_speed_265ffc5,,SPEED,VELOCITÀ,
ui_speed_control_89a2786,,Speed control,Controllo della velocità,
ui_spin_a801301,,spin,rotazione,
ui_square_82810cb,,Square,Piazza,
ui_stack_cards_8bdc343,,Stack Cards,Impilare le carte,
ui_stack_layout_1623679,,Stack layout,Disposizione della pila,
ui_stack_name_7507e93,,Stack name,Nome dello stack,
ui_stack_page_3d91ce9,,stack_page,stack_pagina,
ui_stack_title_46ccc2d,,Stack title,Titolo della pila,
ui_stack_title_cc2f1ed,,Stack Title,Titolo della pila,
ui_stacks_249f056,,Stacks,Pile,
ui_standard_2dfa660,,Standard,Standard,
ui_start_24758a5,,Start: %1$s,Inizio: %1$s,app fills in %1$s — keep them
ui_start_empty_25336ee,,Start empty,Inizia vuoto,
ui_start_empty_888db50,,Start Empty,Inizia vuoto,
ui_start_new_dashboard_8c71127,,Start new dashboard?,Avviare una nuova dashboard?,
ui_start_with_a_useful_recipe_then_adjust_each_step_d560a2a,,"Start with a useful recipe, then adjust each step","Inizia con una ricetta utile, quindi modifica ogni passaggio",
ui_state_a725020,,State,Stato,
ui_state_bef84bb,,STATE,STATO,
ui_state_text_6749c0a,,State text,Testo dello Stato,
ui_stream_df06386,,Stream,Flusso,
ui_style_99a0efc,,Style,Stile,
ui_sunrise_and_sunset_data_unavailable_3295324,,Sunrise and sunset data unavailable,Dati di alba e tramonto non disponibili,
ui_sunrise_fadf71c,,Sunrise,Alba,
ui_sunset_181bcd5,,Sunset,Tramonto,
ui_support_f32d5a3,,Support,Supporto,
ui_support_via_buy_me_a_coffee_d7dadd1,,Support via Buy Me a Coffee,Supporto tramite Comprami un caffè,
ui_support_via_paypal_7184a5d,,Support via PayPal,Supporto tramite PayPal,
ui_support_without_premium_0a4aebd,,Support without Premium,Supporto senza Premium,
ui_supports_headings_lists_quotes_code_bold_italic_code_strik_e295744,,"Supports # headings, lists, > quotes, ``` code, **bold**, *italic*, `code`, ~~strike~~ and [links](https://…).","Supporta # intestazioni, elenchi, > virgolette, codice ```, **grassetto**, *corsivo*, `code`, ~~strike~~ e [link](https://…).",
ui_swing_65d8d45,,Swing,Oscillazione,
ui_swing_horizontal_c166cda,,Swing (horizontal),Altalena (orizzontale),
ui_swipe_left_from_the_upper_right_edge_of_a_416c467,,Swipe left from the upper-right edge of a page header to switch homes at any time.,Scorri verso sinistra dal bordo superiore destro dell'intestazione di una pagina per cambiare home in qualsiasi momento.,
ui_switch_b02cbd9,,SWITCH,INTERRUTTORE,
ui_switch_home_e6ceda2,,Switch home,Cambia casa,
ui_system_dark_theme_c7e4ff9,,System Dark Theme,Tema scuro del sistema,
ui_system_light_theme_5bc7623,,System Light Theme,Tema della luce di sistema,
ui_systems_idle_584a6f0,,Systems idle,Sistemi inattivi,
ui_t_c2c53d6,,T,T,
ui_tabs_and_media_controls_shown_throughout_the_app_5d9c1ff,,Tabs and media controls shown throughout the app,Schede e controlli multimediali mostrati in tutta l'app,
ui_tap_here_or_use_the_button_while_edit_mode_8baf490,,Tap here or use the + button while edit mode is active to add widgets to this stack.,Tocca qui o utilizza il pulsante + mentre la modalità di modifica è attiva per aggiungere widget a questo stack.,
ui_tap_here_or_use_the_button_while_edit_mode_b06aac5,,Tap here or use the + button while edit mode is active to add entities to this stack.,Tocca qui o utilizza il pulsante + mentre la modalità di modifica è attiva per aggiungere entità a questo stack.,
ui_tap_hold_and_dialog_quick_actions_2052817,,"Tap, hold, and dialog quick actions","Tocca, tieni premuto e dialoga con azioni rapide",
ui_tap_share_to_publish_or_update_d185341,,Tap Share to publish or update,Tocca Condividi per pubblicare o aggiornare,
ui_tap_to_add_a_weather_card_a3508a9,,Tap + to add a weather card,Tocca + per aggiungere una scheda meteo,
ui_tap_to_load_0c49cab,,Tap to load,Tocca per caricare,
ui_tap_x_to_restore_an_entity_to_the_battery_ad0eb75,,Tap X to restore an entity to the battery page.,Tocca X per ripristinare un'entità nella pagina della batteria.,
ui_target_49d76ad,,TARGET (%1$s–%2$s%%),OBIETTIVO (%1$s–%2$s%%),app fills in %1$s %2$s — keep them
ui_target_61ad50a,,Target,Bersaglio,
ui_target_entity_optional_cdb68af,,Target entity (optional),Entità target (facoltativo),
ui_target_f762108,,TARGET,BERSAGLIO,
ui_technology_d018b08,,Technology,Tecnologia,
ui_temperature_0a9062a,,Temperature,Temperatura,
ui_temperature_and_humidity_sources_for_the_room_8960580,,Temperature and humidity sources for the room,Fonti di temperatura e umidità per la stanza,
ui_temperature_cc6906a,,TEMPERATURE,TEMPERATURA,
ui_temperature_sensor_graphed_in_activity_1088c3d,,Temperature sensor (graphed in Activity),Sensore di temperatura (rappresentato in Attività),
ui_text_c3328c3,,Text,Testo,
ui_text_size_boldness_and_font_family_365f489,,"Text size, boldness and font family","Dimensioni del testo, grassetto e famiglia di caratteri",
ui_that_profile_35adbf0,,that profile,quel profilo,
ui_the_effect_used_when_a_button_s_animation_is_7cce891,,"The effect used when a button's animation is set to ""Auto"". You can still override any individual button.","L'effetto utilizzato quando l'animazione di un pulsante è impostata su ""Auto"". Puoi comunque sovrascrivere qualsiasi singolo pulsante.",
ui_the_exact_dates_you_pick_leave_a_bound_as_19357e8,,"The exact dates you pick. Leave a bound as ""Any"" for an open-ended range.","Le date esatte che scegli tu. Lasciare un limite come ""Qualsiasi"" per un intervallo aperto.",
ui_the_heading_shown_between_dashboard_sections_b03805f,,The heading shown between dashboard sections,L'intestazione mostrata tra le sezioni del dashboard,
ui_the_hki_7_community_source_code_is_free_and_f4f3f51,,"The HKI 7 community source code is free and open source under the Mozilla Public License 2.0. You may use, study, modify, and redistribute it. When you distribute modified MPL-covered files, those files and their source must remain available under MPL-2.0.","Il codice sorgente della community HKI 7 è gratuito e open source sotto la Mozilla Public License 2.0. Puoi usarlo, studiarlo, modificarlo e ridistribuirlo. Quando distribuisci file modificati coperti da MPL, tali file e la loro fonte devono rimanere disponibili sotto MPL-2.0.",don't translate HKI 7
ui_the_hki_7_name_and_logos_are_project_trademarks_985ffec,,"The HKI 7 name and logos are project trademarks and are not granted for misleading redistribution. Home Assistant and other third-party names, libraries, fonts, and artwork remain subject to their respective licenses and trademarks. The software is provided without warranty, as described by MPL-2.0.","Il nome e i loghi HKI 7 sono marchi del progetto e non sono concessi per ridistribuzione fuorviante. Home Assistant e altri nomi, librerie, caratteri e opere d'arte di terze parti rimangono soggetti alle rispettive licenze e marchi. Il software viene fornito senza garanzia, come descritto da MPL-2.0.","don't translate Home Assistant, HKI 7"
ui_the_interface_is_built_with_jetpack_compose_coroutines_and_fe7f52d,,"The interface is built with Jetpack Compose. Coroutines and Flow handle live state, while JSON and YAML-compatible data keep HKI 7 connected with Home Assistant.","L'interfaccia è costruita con Jetpack Compose. Coroutine e Flow gestiscono lo stato live, mentre i dati compatibili con JSON e YAML mantengono HKI 7 connesso con Home Assistant.","don't translate Home Assistant, HKI 7"
ui_the_open_source_community_core_remains_usable_without_prem_d83ff8a,,The open-source community core remains usable without Premium. Premium purchases fund extra visual content and continued development; they do not remove the freedoms granted for MPL-covered files.,Il nucleo della community open source rimane utilizzabile senza Premium. Gli acquisti premium finanziano contenuti visivi extra e uno sviluppo continuo; non rimuovono le libertà concesse per i file coperti da MPL.,
ui_the_page_starts_empty_with_its_own_header_and_5a325c0,,"The page starts empty with its own header and page settings, while keeping the Home widget catalogue.","La pagina inizia vuota con la propria intestazione e impostazioni di pagina, mantenendo il catalogo dei widget Home.",
ui_the_quick_brown_fox_jumps_over_the_lazy_dog_2204ad2,,The quick brown fox jumps over the lazy dog — 0123456789,La veloce volpe marrone salta sopra il cane pigro — 0123456789,
ui_the_room_header_and_card_show_a_single_player_3e24a17,,"The room header and card show a single player's media, or an active-player count when multiple players are selected.",L'intestazione della stanza e la scheda mostrano i contenuti multimediali di un singolo giocatore o il conteggio dei giocatori attivi quando vengono selezionati più giocatori.,
ui_the_text_shown_on_the_dashboard_fff5c98,,The text shown on the dashboard,Il testo mostrato sul dashboard,
ui_the_web_page_shown_on_this_card_ce97bfd,,The web page shown on this card,La pagina web mostrata su questa scheda,
ui_theme_a797e30,,Theme,Tema,
ui_theme_and_navigation_bar_474ee6b,,Theme and navigation bar,Tema e barra di navigazione,
ui_thermostat_dial_e6af91b,,Thermostat dial,Manopola del termostato,
ui_thermostats_601da0c,,Thermostats,Termostati,
ui_thermostats_ac_7d2ace4,,Thermostats & AC,Termostati e aria condizionata,
ui_these_are_stored_in_the_cloud_import_one_to_558c62d,,"These are stored in the cloud. Import one to edit or re-share it, or delete it to remove it from everyone. Your edits are also pushed automatically when you open the app.",Questi sono archiviati nel cloud. Importarne uno per modificarlo o ricondividerlo oppure eliminarlo per rimuoverlo da tutti. Le tue modifiche vengono inviate automaticamente anche quando apri l'app.,
ui_these_links_open_in_your_browser_tips_do_not_049b881,,These links open in your browser. Tips do not unlock Premium features and do not create an obligation to provide individual support.,Questi collegamenti si aprono nel tuo browser. I suggerimenti non sbloccano le funzionalità Premium e non creano l'obbligo di fornire supporto individuale.,
ui_these_permissions_are_optional_and_can_be_changed_later_aa7a106,,These permissions are optional and can be changed later in Android Settings.,Queste autorizzazioni sono facoltative e possono essere modificate successivamente nelle Impostazioni Android.,
ui_thin_100_9e7a443,,Thin (-100),Sottile (-100),
ui_thinner_200_6ae7a6f,,Thinner (-200),Diluente (-200),
ui_this_action_does_not_use_an_entity_target_5952444,,This action does not use an entity target.,Questa azione non utilizza una destinazione entità.,
ui_this_action_has_no_required_target_or_additional_fields_987a410,,This action has no required target or additional fields.,Questa azione non ha obiettivi obbligatori o campi aggiuntivi.,
ui_this_automation_is_managed_outside_home_assistant_s_ui_89d26f5,,"This automation is managed outside Home Assistant's UI (usually YAML). HKI7 can show it, but will not overwrite it.","Questa automazione è gestita all'esterno dell'interfaccia utente di Home Assistant (solitamente YAML). HKI7 può mostrarlo, ma non lo sovrascriverà.","don't translate Home Assistant, HKI7"
ui_this_card_uses_its_own_entities_e572388,,This card uses its own entities,Questa carta utilizza le proprie entità,
ui_this_dashboard_is_currently_being_generated_from_home_assi_470200d,,This dashboard is currently being generated from Home Assistant. You can edit rooms as soon as the one-time import finishes.,Questa dashboard è attualmente generata da Home Assistant. Puoi modificare le stanze non appena termina l'importazione una tantum.,don't translate Home Assistant
ui_this_entity_2ddd36d,,This entity,Questa entità,
ui_this_entity_has_no_attributes_to_show_b09f4c9,,This entity has no attributes to show.,Questa entità non ha attributi da mostrare.,
ui_this_light_is_paused_for_manual_control_706bffa,,This light is paused for manual control.,Questa luce è in pausa per il controllo manuale.,
ui_this_name_is_used_when_the_device_registers_with_8aba2f2,,This name is used when the device registers with Home Assistant.,Questo nome viene utilizzato quando il dispositivo si registra con Home Assistant.,don't translate Home Assistant
ui_this_permanently_removes_this_dashboard_and_its_room_and_8087734,,This permanently removes this dashboard and its room and page configuration.,Ciò rimuove permanentemente questa dashboard e la relativa configurazione della stanza e della pagina.,
ui_this_removes_all_imported_battery_entities_from_this_view_7a74283,,This removes all imported battery entities from this view.,Verranno rimosse tutte le entità batteria importate da questa visualizzazione.,
ui_this_removes_all_imported_climate_entities_from_this_view_713f511,,This removes all imported climate entities from this view.,Ciò rimuove tutte le entità climatiche importate da questa vista.,
ui_this_removes_all_imported_energy_entities_from_this_view_7397917,,This removes all imported energy entities from this view.,Ciò rimuove tutte le entità energetiche importate da questa visualizzazione.,
ui_this_removes_all_imported_rooms_and_floors_from_this_d1cbbff,,This removes all imported rooms and floors from this view.,Verranno rimosse tutte le stanze e i piani importati da questa vista.,
ui_this_removes_all_imported_security_entities_from_this_view_6443e5c,,This removes all imported security entities from this view.,Ciò rimuove tutte le entità di sicurezza importate da questa vista.,
ui_this_removes_its_login_mobile_app_registration_details_and_69afc19,,"This removes its login, mobile-app registration details, and HKI dashboards from this device. The Home Assistant server itself is not changed.","Verranno rimossi i dati di accesso, i dettagli di registrazione dell'app mobile e i dashboard HKI da questo dispositivo. Il server Home Assistant in sé non viene modificato.",don't translate Home Assistant
ui_this_removes_the_native_automation_from_home_assistant_thi_2a48e1a,,This removes the native automation from Home Assistant. This cannot be undone from HKI7.,Ciò rimuove l'automazione nativa da Home Assistant. Questa operazione non può essere annullata da HKI7.,"don't translate Home Assistant, HKI7"
ui_this_removes_the_shared_dashboard_from_the_cloud_for_4bab01c,,This removes the shared dashboard from the cloud for everyone. People currently using it fall back to an auto-generated dashboard. Their local copies aren't touched until they next open the app.,Ciò rimuove la dashboard condivisa dal cloud per tutti. Le persone che attualmente lo utilizzano utilizzano una dashboard generata automaticamente. Le loro copie locali non vengono toccate fino alla successiva apertura dell'app.,
ui_this_runs_on_a_small_free_home_assistant_add_f46f2e3,,"This runs on a small, free Home Assistant add-on (the HKI 7 Cloud component). It isn't on HACS by default yet, so add it as a custom repository — the app then handles everything else.","Funziona su un piccolo componente aggiuntivo gratuito di Home Assistant (il componente HKI 7 Cloud). Non è ancora su HACS per impostazione predefinita, quindi aggiungilo come repository personalizzato: l'app gestirà quindi tutto il resto.","don't translate HKI 7 Cloud, Home Assistant"
ui_this_source_code_form_is_subject_to_the_terms_c8e4e24,,"This Source Code Form is subject to the terms of the Mozilla Public License, v. 2.0. If a copy of the MPL was not distributed with this file, you can obtain one at mozilla.org/MPL/2.0/.","Questo modulo del codice sorgente è soggetto ai termini della licenza pubblica Mozilla, v. 2.0. Se una copia della MPL non è stata distribuita con questo file, puoi ottenerne una su mozilla.org/MPL/2.0/.",
ui_this_stack_has_no_items_0f92c8d,,This stack has no items.,Questo stack non ha elementi.,
ui_this_travels_with_the_dashboard_so_cloud_backups_and_1dd603d,," This travels with the dashboard, so cloud backups and family sharing keep it.","Questo viaggia con la dashboard, quindi i backup sul cloud e la condivisione con la famiglia lo mantengono.",keep the space at the start/end
ui_tile_2dd2c66,,Tile,Piastrella,
ui_tilt_aceae6f,,TILT,INCLINARE,
ui_time_6c82e6d,,Time,Tempo,
ui_time_range_9257117,,Time Range,Intervallo di tempo,
ui_title_768e0c1,,Title,Titolo,
ui_title_collapse_behavior_and_dashboard_width_a64a590,,"Title, collapse behavior, and dashboard width","Titolo, comportamento di compressione e larghezza della dashboard",
ui_title_collapse_behavior_and_width_dd2b475,,"Title, collapse behavior, and width","Titolo, comportamento di compressione e larghezza",
ui_title_optional_932fc13,,Title (optional),Titolo (facoltativo),
ui_title_width_and_icon_41ec073,,"Title, width, and icon","Titolo, larghezza e icona",
ui_to_state_2a995a1,,To state,Per dichiarare,
ui_today_24345a1,,Today,Oggi,
ui_tomorrow_1948bf2,,Tomorrow,Domani,
ui_top_consumers_0199dbf,,Top consumers,Principali consumatori,
ui_tracking_number_4e40c54,,Tracking number,Numero di identificazione,
ui_try_again_042c862,,Try again,Riprova,
ui_try_the_demo_home_no_server_needed_bc58247,,Try the demo home — no server needed,Prova la demo home: non è necessario alcun server,
ui_turn_off_all_3a7a2b0,,Turn off all,Spegni tutto,
ui_turn_on_a5aa418,,Turn On,Accendi,
ui_turn_the_light_on_to_access_controls_25f4ad6,,Turn the light on to access controls,Accendi la luce per accedere ai controlli,
ui_turn_the_notification_connection_channel_off_on_the_next_cdddec0,,"Turn the ""Notification connection"" channel off on the next screen — the connection keeps working, only its notification disappears.","Disattiva il canale ""Connessione di notifica"" nella schermata successiva: la connessione continua a funzionare, solo la notifica scompare.",
ui_two_rows_1b1737f,,Two rows,Due file,
ui_type_3deb745,,Type,Tipo,
ui_type_icon_839142a,,Type icon,Icona del tipo,
ui_unable_to_connect_8207f1b,,Unable to connect,Impossibile connettersi,
ui_unit_f6b935a,,Unit,Unità,
ui_unknown_bc7819b,,Unknown,Sconosciuta,
ui_unknown_energy_card_b8e46de,,Unknown energy card: %1$s,Carta energia sconosciuta: %1$s,app fills in %1$s — keep them
ui_unlock_1526a17,,Unlock,Sbloccare,
ui_unlock_button_ad521c4,,Unlock button,Pulsante di sblocco,
ui_unlock_method_dff380e,,Unlock method,Metodo di sblocco,
ui_unlocked_b3da702,,Unlocked,Sbloccato,
ui_unrestricted_background_cebdb1e,,Unrestricted background,Sfondo senza restrizioni,
ui_untitled_621521f,,Untitled,Senza titolo,
ui_untitled_event_ef8d264,,Untitled event,Evento senza titolo,
ui_upcoming_523baab,,Upcoming,Prossimamente,
ui_update_fb91e24,,Update,Aggiornamento,
ui_update_location_now_d338c2c,,Update Location Now,Aggiorna posizione adesso,
ui_updated_62d2331,,Updated %1$s,Aggiornato %1$s,app fills in %1$s — keep them
ui_url_https_a1a19ec,,URL (https://…),URL (https://…),
ui_usage_overview_fc2eefc,,Usage overview,Panoramica sull'utilizzo,
ui_use_1d4d43c,,Use,Utilizzo,
ui_use_a_dashboard_an_admin_has_shared_with_you_8b1cfdb,,Use a dashboard an admin has shared with you.,Utilizza una dashboard che un amministratore ha condiviso con te.,
ui_use_a_family_shared_dashboard_9b8ab51,,Use a family shared dashboard,Utilizza una dashboard condivisa dalla famiglia,
ui_use_a_recognizable_name_such_as_kitchen_tablet_or_ca9f431,,"Use a recognizable name, such as ‘Kitchen tablet’ or ‘Jimmy’s phone’.","Utilizza un nome riconoscibile, ad esempio ""Tablet da cucina"" o ""Telefono di Jimmy"".",
ui_use_family_shared_dashboard_28e06c2,,Use family shared dashboard,Utilizza la dashboard condivisa dalla famiglia,
ui_used_6a4ebbf,,Used %1$s,Consumo %1$s,app fills in %1$s — keep them
ui_uses_hki_7_s_private_google_drive_storage_enable_0559ced,,Uses HKI 7's private Google Drive storage. Enable it once to create an immediate backup and then back up automatically every day.,Utilizza lo spazio di archiviazione privato di Google Drive di HKI 7. Abilitalo una volta per creare un backup immediato e poi eseguirne il backup automaticamente ogni giorno.,"don't translate Google Drive, HKI 7"
ui_uses_the_sun_entity_configured_in_weather_settings_e580a39,,Uses the Sun entity configured in Weather settings.,Utilizza l'entità Sole configurata nelle impostazioni Meteo.,
ui_using_a_shared_dashboard_applies_the_permissions_the_admin_a337a76,,Using a shared dashboard applies the permissions the admin set for it.,L'utilizzo di una dashboard condivisa applica le autorizzazioni impostate dall'amministratore.,
ui_using_the_climate_view_s_entities_8befb0f,,Using the Climate view's entities,Utilizzando le entità della vista Clima,
ui_using_the_energy_view_s_entities_7ca9bed,,Using the Energy view's entities,Utilizzando le entità della vista Energia,
ui_vacuum_5fe15df,,Vacuum,Aspirapolvere,
ui_vacuum_device_3deae52,,Vacuum device,Dispositivo per il vuoto,
ui_vacuum_entities_c7da1d7,,Vacuum entities,Entità del vuoto,
ui_vacuum_map_8236541,,Vacuum map,Mappa del vuoto,
ui_vacuum_stack_b93d3b7,,Vacuum Stack,Pila a vuoto,
ui_vertical_slider_e09cef1,,Vertical slider,Cursore verticale,
ui_view_on_github_0c77991,,View on GitHub,Visualizza su GitHub,
ui_visibility_7d9ff4f,,Visibility,Visibilità,
ui_visibility_alignment_and_overflow_behavior_467f44f,,"Visibility, alignment, and overflow behavior","Visibilità, allineamento e comportamento di overflow",
ui_visibility_and_ordering_in_the_page_header_0f9e3d8,,Visibility and ordering in the page header,Visibilità e ordinamento nell'intestazione della pagina,
ui_visible_during_791f42c,,Visible during,Visibile durante,
ui_visible_persons_4b7ae6c,,Visible persons,Persone visibili,
ui_visual_style_bc567f3,,Visual style,Stile visivo,
ui_w_e2415cb,,W,W,
ui_waiting_for_home_assistant_af224aa,,Waiting for Home Assistant,In attesa dell'Assistente Domestico,don't translate Home Assistant
ui_wallpaper_and_an_optional_custom_color_f4f12f1,,Wallpaper and an optional custom color,Carta da parati e un colore personalizzato opzionale,
ui_wallpaper_and_optional_custom_color_0dc6738,,Wallpaper and optional custom color,Carta da parati e colore personalizzato opzionale,
ui_wallpaper_url_or_path_e208631,,Wallpaper URL or path,URL o percorso dello sfondo,
ui_waste_collection_7cdf205,,Waste Collection,Raccolta rifiuti,
ui_waste_sensors_8bfd3ec,,Waste sensors,Sensori dei rifiuti,
ui_watch_d91ebf5,,Watch,Orologio,
ui_water_5480538,,Water: %1$s,Acqua: %1$s,app fills in %1$s — keep them
ui_water_de9b1be,,Water,Acqua,
ui_water_level_optional_fallback_61b2be5,,Water level (optional fallback),Livello dell'acqua (fallback opzionale),
ui_water_meters_imported_from_home_assistant_s_energy_dashboa_b1ac157,,Water meters imported from Home Assistant's Energy dashboard.,Contatori dell'acqua importati dal dashboard Energia di Home Assistant.,don't translate Home Assistant
ui_we_ll_check_your_home_network_first_you_can_c7ca0f0,,We'll check your home network first; you can also enter an address,Controlleremo prima la tua rete domestica; puoi anche inserire un indirizzo,
ui_weather_284af3e,,Weather,Meteo,
ui_weather_card_0c6594c,,Weather Card,Carta meteorologica,
ui_weather_details_bc94175,,Weather details,Dettagli meteo,
ui_weather_entities_0a2c547,,Weather entities,Entità meteorologiche,
ui_weather_entity_402cbd9,,Weather entity,Entità meteorologica,
ui_weather_source_778baeb,,Weather source,Fonte meteo,
ui_weather_stack_4d4f763,,Weather Stack,Pila meteorologica,
ui_weather_type_fe0b7cc,,Weather Type,Tipo di tempo,
ui_web_address_url_55052c9,,Web address (URL),Indirizzo web (URL),
ui_week_calendar_shown_in_the_dialog_6d4f28b,,Week calendar (shown in the dialog),Calendario settimanale (mostrato nella finestra di dialogo),
ui_welcome_to_hki_7_9e317bb,,Welcome to HKI 7,Benvenuti all'HKI 7,don't translate HKI 7
ui_what_hki_7_is_and_how_it_is_built_247bace,,What HKI 7 is and how it is built,Cos'è l'HKI 7 e come è costruito,don't translate HKI 7
ui_what_it_does_ca032b5,,What it does,Cosa fa,
ui_what_s_new_4d8dc5f,,What's new,Cosa c'è di nuovo,
ui_when_769bb19,,When,Quando,
ui_when_and_if_then_dd86ebe,,When · And if · Then,Quando · E se · Allora,
ui_when_reporting_a_problem_include_your_android_version_home_784a4e6,,"When reporting a problem, include your Android version, Home Assistant version, the affected entity or integration, and clear steps to reproduce it. Removing private URLs, tokens, names, and location data first helps keep support safe.","Quando segnali un problema, includi la tua versione di Android, la versione di Home Assistant, l'entità o l'integrazione interessata e chiarisci i passaggi per riprodurlo. La rimozione preventiva di URL privati, token, nomi e dati sulla posizione aiuta a mantenere al sicuro il supporto.",don't translate Home Assistant
ui_when_the_value_is_a_completion_time_e_g_7dce367,,"When the value is a completion time (e.g. a washer/dryer finish time), show a descending timer. The button reads active while counting and turns off at zero.","Quando il valore è un tempo di completamento (ad esempio un tempo di fine della lavatrice/asciugatrice), mostra un timer decrescente. Il pulsante risulta attivo durante il conteggio e si spegne a zero.",
ui_widget_height_b26de24,,Widget height,Altezza del widget,
ui_widget_name_55e5340,,Widget name,Nome del widget,
ui_widget_presentation_a3a8cdc,,Widget presentation,Presentazione del widget,
ui_widget_width_1d89599,,Widget width,Larghezza del widget,
ui_width_a58ddf5,,Width,Larghezza,
ui_width_and_height_6ed6746,,Width and height,Larghezza e altezza,
ui_width_and_optional_icon_671e2ef,,Width and optional icon,Larghezza e icona opzionale,
ui_width_columns_and_container_shape_984a191,,"Width, columns, and container shape","Larghezza, colonne e forma del contenitore",
ui_width_shape_and_collapse_behavior_7abc6f4,,"Width, shape, and collapse behavior","Comportamento di larghezza, forma e compressione",
ui_wind_142b575,,Wind,Vento,
ui_worth_watching_a3d46c7,,Worth watching,Vale la pena guardare,
ui_would_you_like_to_add_an_existing_camera_entity_00d5bc3,,Would you like to add an existing camera entity or a custom URL?,Desideri aggiungere un'entità fotocamera esistente o un URL personalizzato?,
ui_write_the_information_shown_on_this_card_4ca5db7,,Write the information shown on this card,Scrivi le informazioni mostrate su questa carta,
ui_you_can_help_by_testing_new_builds_reporting_reproducible_5310461,,"You can help by testing new builds, reporting reproducible bugs, suggesting thoughtful improvements, helping with translations or documentation, sharing HKI 7 with other Home Assistant users, and giving constructive feedback.","Puoi aiutare testando nuove build, segnalando bug riproducibili, suggerendo miglioramenti ponderati, aiutando con traduzioni o documentazione, condividendo HKI 7 con altri utenti di Home Assistant e fornendo feedback costruttivi.","don't translate Home Assistant, HKI 7"
ui_you_re_exploring_the_built_in_sample_home_63c2ad1,,You're exploring the built-in sample home,Stai esplorando la casa campione integrata,
ui_your_automations_and_devices_will_be_unavailable_briefly_h_8a8572e,,Your automations and devices will be unavailable briefly. HKI7 will reconnect automatically when Home Assistant is ready.,Le tue automazioni e i tuoi dispositivi non saranno disponibili per breve tempo. HKI7 si ricollegherà automaticamente quando Home Assistant sarà pronto.,"don't translate Home Assistant, HKI7"
ui_your_dashboard_is_ready_0719f75,,Your dashboard is ready,La tua dashboard è pronta,
ui_your_home_72412fa,,Your home,La tua casa,
ui_your_location_is_shared_only_with_your_own_home_c75bd6d,,Your location is shared only with your own Home Assistant server. It is ,La tua posizione è condivisa solo con il tuo server Home Assistant. È,don't translate Home Assistant; keep the space at the start/end
logs_title,,Connection log,Registro delle connessioni,
logs_subtitle,,What the app's connection to Home Assistant has been doing,Cosa ha fatto la connessione dell'app a Home Assistant,don't translate Home Assistant
logs_empty,,Connection log,Registro delle connessioni,
logs_empty_hint,,"Nothing logged yet. Connection attempts, reconnects, sync and subscriptions appear here as they happen.","Non è stato ancora registrato nulla. I tentativi di connessione, le riconnessioni, la sincronizzazione e gli abbonamenti vengono visualizzati qui man mano che si verificano.",
logs_count,,Connection log (%1$d),Registro delle connessioni (%1$d),app fills in %1$d — keep them
logs_copy,,Copy the log,Copia il registro,
logs_clear,,Clear the log,Cancella il registro,
logs_show_all,,Show all %1$d,Mostra tutto %1$d,app fills in %1$d — keep them
logs_show_less,,Show less,Mostra meno,
parcel_letter_count,one,%1$d letter,%1$d lettera,app fills in %1$d — keep them
parcel_letter_count,other,%1$d letters,%1$d lettere,app fills in %1$d — keep them
spacer_empty_button,,Empty button,Pulsante vuoto,
spacer_empty_button_description,,Transparent placeholder that only reserves space,Segnaposto trasparente che occupa solo lo spazio,
spacer_add_empty_button,,Add empty button,Aggiungi pulsante vuoto,
popup_custom_popup,,Custom popup,Finestra personalizzata,
popup_choose,,Choose a popup,Scegli una finestra,
popup_none_yet,,No popups yet,Ancora nessuna finestra,
popup_new,,New popup,Nuova finestra,
popup_default_name,,New popup,Nuova finestra,
popup_name,,Popup name,Nome della finestra,
popup_edit_contents,,Edit contents,Modifica contenuto,
popup_delete,,Delete popup,Elimina finestra,
popup_status_entity,,Status entity,Entità di stato,
popup_status_entity_hint,,Optional. Its state fills the dialog's status line and adds the history view.,Facoltativa. Il suo stato riempie la riga di stato della finestra e aggiunge la cronologia.,
popup_settings_subtitle,,"Name, icon, and status entity","Nome, icona ed entità di stato",
popup_shared_hint,,Popups are shared: other buttons can open this same popup.,Le finestre sono condivise: altri pulsanti possono aprire la stessa finestra.,
popup_empty,,This popup is empty. Tap Edit to add widgets.,Questa finestra è vuota. Tocca Modifica per aggiungere widget.,
popup_settings_title,,Popups,Finestre,
popup_settings_subtitle_section,,Build and edit your custom popups,Crea e modifica le tue finestre personalizzate,
popup_settings_hint,,"Popups open from a button, badge, or dialog button set to the Custom popup action. Edit contents opens the popup itself so you can arrange its widgets.","Le finestre si aprono da un pulsante, un badge o un pulsante di dialogo impostato sull’azione Finestra personalizzata. «Modifica contenuto» apre la finestra stessa per disporne i widget.",
button_icon_only,,Icon only,Solo icona,
button_icon_size,,Icon size,Dimensione icona,
button_icon_size_description,,"Auto shrinks the icon as the stack gains columns, so it still fits a narrow button.","Automatico riduce l'icona man mano che la pila guadagna colonne, così sta in un pulsante stretto.",
button_icon_size_auto,,Auto,Automatico,
button_icon_size_value,,%1$d dp,%1$d dp,app fills in %1$d — keep them
stack_child_icon_only,,Icon only for every button,Solo icona per ogni pulsante,
stack_child_icon_only_description,,"Applies to all buttons in this stack, so you don't have to set it on each one.","Vale per tutti i pulsanti di questa pila, così non devi impostarlo su ognuno.",
stack_child_icon_size,,Icon size for every button,Dimensione icona per ogni pulsante,
button_icon_only_description,,"Hide the name and state, centering the icon on the button","Nasconde nome e stato, centrando l’icona sul pulsante",
action_button,,Action button,Pulsante azione,
action_button_description,,"A button without an entity: give it a name, an icon, and any action","Un pulsante senza entità: dagli un nome, un’icona e qualsiasi azione",
action_button_add,,Add action button,Aggiungi pulsante azione,
action_badge_add,,Add action badge,Aggiungi badge azione,
security_entity_count,one,%1$d entity,%1$d entità,app fills in %1$d — keep them
security_entity_count,other,%1$d entities,%1$d entità,app fills in %1$d — keep them
family_permission_switch_dashboards,,Allow switching dashboards,Consenti cambio dashboard,
family_permission_switch_dashboards_subtitle,,Let this person load another existing dashboard,Consenti a questa persona di caricare un’altra dashboard esistente,
family_permission_create_dashboards,,Allow creating dashboards,Consenti creazione dashboard,
family_permission_create_dashboards_subtitle,,Let this person create or duplicate dashboards,Consenti a questa persona di creare o duplicare dashboard,
family_dashboard_tab_locked,,Locked by family permissions,Bloccato dai permessi famiglia,
family_dashboard_access_lost_title,,Family access removed,Accesso famiglia rimosso,
family_dashboard_access_lost_message,,"You no longer have access to HKI 7 through this family dashboard. Choose another dashboard shared with you, or use any other option your family permissions allow.",Non hai più accesso a HKI 7 tramite questa dashboard familiare. Scegli un’altra dashboard condivisa con te o un’altra opzione consentita dai permessi famiglia.,don't translate HKI 7
family_access_manage,,Manage access,Gestisci l'accesso,
family_access_title,,Who can see %1$s,Chi può vedere %1$s,app fills in %1$s — keep them
family_access_description,,Add or remove people. Everyone you remove loses this dashboard the next time their app syncs.,Aggiungi o rimuovi persone. Tutti gli utenti che rimuovi perderanno questa dashboard la prossima volta che la loro app verrà sincronizzata.,
family_access_shared_everyone,,Shared with everyone,Condiviso con tutti,
family_access_shared_nobody,,Shared with no one,Condiviso con nessuno,
family_access_shared_with,,Shared with %1$s,Condiviso con %1$s,app fills in %1$s — keep them
family_access_unknown_user,,Unknown user,Utente sconosciuto,
family_access_revoke_warning,,"Losing access deletes their copy of this dashboard, along with any colours, icons, and names they changed on it.","La perdita dell'accesso comporta l'eliminazione della copia di questa dashboard, insieme a tutti i colori, le icone e i nomi modificati su di essa.",
family_versions_title,,HKI versions,Versioni HKI,
family_versions_description,,Which HKI build each family device is running. This device is on %1$s. A device appears once it has opened HKI 7 1.0.0-beta.18 or newer at least once.,Quale build HKI è in esecuzione su ciascun dispositivo della famiglia. Questo dispositivo è su %1$s. Un dispositivo viene visualizzato solo dopo aver eseguito HKI 7 1.0.0-beta.18 o versione successiva almeno una volta.,app fills in %1$s — keep them; don't translate HKI 7
family_versions_empty,,No family devices have reported a version yet.,Nessun dispositivo familiare ha ancora segnalato una versione.,
family_versions_loading,,Loading family devices…,Caricamento dei dispositivi della famiglia…,
family_versions_unavailable,,Home Assistant could not return the family device list. Check that HKI 7 Cloud is up to date.,Home Assistant non è riuscito a restituire l'elenco dei dispositivi della famiglia. Verifica che HKI 7 Cloud sia aggiornato.,"don't translate HKI 7 Cloud, Home Assistant"
family_versions_outdated,,Older than yours,Più vecchio del tuo,
family_versions_android,,Android %1$s,Android %1$s,app fills in %1$s — keep them
family_versions_reported,,reported %1$s,segnalato %1$s,app fills in %1$s — keep them
family_versions_forget,,Forget this device,Dimentica questo dispositivo,
family_versions_forget_hint,,Forgetting a device only clears it from this list. One that is still in use reappears the next time its app opens.,"Se si dimentica un dispositivo, lo si cancella solo da questo elenco. Uno ancora in uso riappare alla successiva apertura dell'app.",
family_versions_nudge,,Ask to update to %1$s,Chiedi di aggiornare a %1$s,app fills in %1$s — keep them
family_versions_nudge_clear,,Cancel update request,Annulla la richiesta di aggiornamento,
family_versions_nudge_pending,,Waiting for this device to update to %1$s. The request clears itself once it does.,In attesa dell'aggiornamento di questo dispositivo a %1$s. La richiesta si cancella automaticamente una volta fatto.,app fills in %1$s — keep them
family_require_title,,Require an HKI version,Richiede una versione HKI,
family_require_description,,"Everyone below the version you require is asked to update before they can keep using HKI. Nothing here installs anything — Google Play does the update, so people are only ever held up when Play actually has it ready for them.","A tutti coloro che hanno una versione inferiore alla versione richiesta viene chiesto di aggiornare prima di poter continuare a utilizzare HKI. Niente qui installa nulla: Google Play esegue l'aggiornamento, quindi le persone vengono trattenute solo quando Play lo ha effettivamente pronto per loro.",
family_require_current,,Currently required: %1$s,Attualmente richiesto: %1$s,app fills in %1$s — keep them
family_require_set,,Require everyone to be on %1$s,Richiedi a tutti di essere su %1$s,app fills in %1$s — keep them
family_require_clear,,Clear the requirement,Cancella il requisito,
family_require_hint,,"You can only require a version some device already runs, so a requirement can never be one nobody is able to install.","Puoi richiedere solo una versione già eseguita su alcuni dispositivi, quindi un requisito non può mai essere uno che nessuno sia in grado di installare.",
settings_extra_family_require_failed,,Could not change the required version. It has to be one a family device already runs.,Impossibile modificare la versione richiesta. Deve essere uno dei dispositivi di famiglia già in esecuzione.,
settings_extra_family_nudge_failed,,Could not ask “%1$s” to update.,"Impossibile chiedere a ""%1$s"" di aggiornarsi.",app fills in %1$s — keep them
app_update_required_title,,Time to update HKI,È ora di aggiornare l'HKI,
app_update_required_title_device,,This device needs an HKI update,Questo dispositivo necessita di un aggiornamento HKI,
app_update_required_message,,Your family is on HKI %1$s. This device is on %2$s.,La tua famiglia è su HKI %1$s. Questo dispositivo è su %2$s.,app fills in %1$s %2$s — keep them
app_update_required_checking,,Checking Google Play…,Controllo Google Play…,
app_update_required_update,,Update now,Aggiorna ora,
app_update_required_open_store,,Open HKI in the Play Store,Apri HKI nel Play Store,
app_update_required_opened_store,,"Google Play could not take over here, so its store page was opened instead.","Google Play non ha potuto prendere il sopravvento qui, quindi è stata aperta la sua pagina dello store.",
app_update_required_unavailable,,"Google Play has no update ready for this device yet. That usually means the release hasn't reached you, or this copy of HKI didn't come from the Play Store.",Google Play non ha ancora aggiornamenti pronti per questo dispositivo. Ciò di solito significa che la versione non ti è arrivata o che questa copia di HKI non proviene dal Play Store.,
app_update_required_continue,,Continue without updating,Continua senza aggiornare,
settings_extra_active_instance,,Active instance,Istanza attiva,
settings_extra_automatic_cloud_backup_enabled,,Automatic cloud backup enabled.,Backup automatico nel cloud attivato.,
settings_extra_background_restricted_warning,,Restricted — background sync will not work,Limitato — la sincronizzazione in background non funzionerà,
settings_extra_backup_failed,,Backup failed: %1$s,Backup non riuscito: %1$s,app fills in %1$s — keep them
settings_extra_backup_unreadable,,The backup could not be read,Impossibile leggere il backup,
settings_extra_battery_optimized_warning,,Optimized — may interrupt background sync,Ottimizzato — potrebbe interrompere la sincronizzazione in background,
settings_extra_buy_me_a_coffee_logo,,Buy Me a Coffee logo,Logo di Buy Me a Coffee,
settings_extra_cloud_backup_created,,Cloud backup created.,Backup nel cloud creato.,
settings_extra_cloud_backup_failed,,Cloud backup failed: %1$s,Backup nel cloud non riuscito: %1$s,app fills in %1$s — keep them
settings_extra_cloud_component_missing,,"The HKI 7 Cloud component was not found on your Home Assistant. Install it through HACS, then try again.",Il componente HKI 7 Cloud non è stato trovato in Home Assistant. Installalo tramite HACS e riprova.,"don't translate HKI 7 Cloud, Home Assistant"
settings_extra_copy_dashboard,,Copy %1$s,Copia %1$s,app fills in %1$s — keep them
settings_extra_corner_modern,,Modern,Moderno,
settings_extra_corner_round,,Round,Arrotondato,
settings_extra_corner_sharp,,Sharp,Squadrato,
settings_extra_create_custom_page,,Create custom page,Crea pagina personalizzata,
settings_extra_custom_page_identity_subtitle,,Identity and navigation appearance,Nome e aspetto nella navigazione,
settings_extra_dashboard_backup_saved,,Dashboard backup saved.,Backup della dashboard salvato.,
settings_extra_dashboard_copy_name,,%1$s copy,Copia di %1$s,app fills in %1$s — keep them
settings_extra_dashboard_default_name,,Dashboard %1$d,Dashboard %1$d,app fills in %1$d — keep them
settings_extra_new_dashboard_confirm_body,,This adds a dashboard alongside the one you are using. Your current dashboard is kept exactly as it is and is never overwritten — you can switch between them at any time.,Ciò aggiunge una dashboard accanto a quella che stai utilizzando. La tua dashboard attuale viene mantenuta esattamente com'è e non viene mai sovrascritta: puoi passare da una all'altra in qualsiasi momento.,
settings_extra_new_dashboard_confirm_action,,Continue,Continuare,
settings_extra_new_dashboard_created,,Created “%1$s”,Creato “%1$s”,app fills in %1$s — keep them
uif_onboarding_shared_already_added,,Already added,Già aggiunto,
settings_extra_dashboard_shared_badge,,Shared,Condiviso,
settings_extra_dashboard_shared_subtitle,,Shared with you by your family. Tap to load,Condiviso con te dalla tua famiglia. Tocca per caricare,
settings_extra_dashboard_shared_loaded,,Shared with you by your family. Currently loaded,Condiviso con te dalla tua famiglia. Attualmente caricato,
settings_extra_dashboard_generating,,Your new dashboard is being generated automatically.,La nuova dashboard viene generata automaticamente.,
settings_extra_dashboard_mode_auto,,Automatic,Automatico,
settings_extra_dashboard_mode_manual,,Manual,Manuale,
settings_extra_dashboard_restored,,Dashboard configuration restored.,Configurazione della dashboard ripristinata.,
settings_extra_dashboard_shared,,“%1$s” shared.,“%1$s” è stata condivisa.,app fills in %1$s — keep them
settings_extra_dashboard_sharing_failed,,Could not share the dashboard.,Impossibile condividere la dashboard.,
settings_extra_default_user_name,,User,Utente,
settings_extra_delete_dashboard,,Delete %1$s,Elimina %1$s,app fills in %1$s — keep them
settings_extra_device_tracker,,Device tracker,Localizzazione dispositivo,
settings_extra_device_tracker_subtitle,,"Name used for location, geocoded location, battery, and charging entities","Nome delle entità di posizione, posizione geocodificata, batteria e ricarica",
settings_extra_drive_access_token_missing,,Google Drive authorization did not return an access token.,L’autorizzazione di Google Drive non ha restituito un token di accesso.,don't translate Google Drive
settings_extra_drive_authorization_cancelled,,Google Drive authorization was cancelled.,L’autorizzazione di Google Drive è stata annullata.,don't translate Google Drive
settings_extra_drive_authorization_failed,,Google Drive authorization failed: %1$s,Autorizzazione di Google Drive non riuscita: %1$s,app fills in %1$s — keep them; don't translate Google Drive
settings_extra_drive_authorization_open_failed,,Google Drive authorization could not be opened.,Impossibile aprire l’autorizzazione di Google Drive.,don't translate Google Drive
settings_extra_drive_backups_load_failed,,Could not load Google Drive backups: %1$s,Impossibile caricare i backup di Google Drive: %1$s,app fills in %1$s — keep them; don't translate Google Drive
settings_extra_edit_custom_page,,Edit custom page,Modifica pagina personalizzata,
settings_extra_effect_glow,,Glow,Bagliore,
settings_extra_effect_group_alerts,,Sensors and alarms,Sensori e allarmi,
settings_extra_effect_group_climate,,Climate and humidity,Clima e umidità,
settings_extra_effect_group_fans,,Fans and vacuums,Ventilatori e aspirapolvere,
settings_extra_effect_group_lights,,Lights and switches,Luci e interruttori,
settings_extra_effect_group_media,,Media players,Lettori multimediali,
settings_extra_effect_group_other,,Everything else,Tutto il resto,
settings_extra_effect_none,,None,Nessuno,
settings_extra_effect_pulse,,Pulse,Pulsazione,
settings_extra_effect_spin,,Spin,Rotazione,
settings_extra_empty_dashboard_created,,An empty dashboard was created.,È stata creata una dashboard vuota.,
settings_extra_font_atkinson,,Atkinson Hyperlegible,Atkinson Hyperlegible,
settings_extra_font_bree_serif,,Bree Serif,Bree Serif,
settings_extra_font_comfortaa,,Comfortaa,Comfortaa,
settings_extra_font_cursive,,Cursive,Corsivo,
settings_extra_font_default,,Default,Predefinito,
settings_extra_font_monospace,,Monospace,A spaziatura fissa,
settings_extra_font_nunito,,Nunito,Nunito,
settings_extra_font_patrick_hand,,Patrick Hand,Patrick Hand,
settings_extra_font_sans_serif,,Sans serif,Senza grazie,
settings_extra_font_serif,,Serif,Con grazie,
settings_extra_font_space_grotesk,,Space Grotesk,Space Grotesk,
settings_extra_ha_backup_created,,Home Assistant backup created.,Backup di Home Assistant creato.,don't translate Home Assistant
settings_extra_ha_backup_enabled,,Home Assistant backup enabled.,Backup di Home Assistant attivato.,don't translate Home Assistant
settings_extra_ha_backup_failed,,Home Assistant backup failed. Is the HKI 7 Cloud component reachable?,Backup di Home Assistant non riuscito. Il componente HKI 7 Cloud è raggiungibile?,"don't translate HKI 7 Cloud, Home Assistant"
settings_extra_ha_backups_load_failed,,Could not load Home Assistant backups: %1$s,Impossibile caricare i backup di Home Assistant: %1$s,app fills in %1$s — keep them; don't translate Home Assistant
settings_extra_hide_tab,,Hide tab,Nascondi scheda,
settings_extra_hki_cloud_step_add_integration,,"Go to Settings → Devices & Services → Add Integration, choose “HKI 7 Cloud,” and confirm.","Vai a Impostazioni → Dispositivi e servizi → Aggiungi integrazione, scegli “HKI 7 Cloud” e conferma.",don't translate HKI 7 Cloud
settings_extra_hki_cloud_step_add_repository,,"Paste %1$s, choose the “Integration” category, and add it.","Incolla %1$s, scegli la categoria “Integrazione” e aggiungi il repository.",app fills in %1$s — keep them
settings_extra_hki_cloud_step_install,,"Open the new “HKI 7 Cloud” entry, install it, and restart Home Assistant.","Apri la nuova voce “HKI 7 Cloud”, installala e riavvia Home Assistant.","don't translate HKI 7 Cloud, Home Assistant"
settings_extra_hki_cloud_step_open_custom_repositories,,"In Home Assistant, open HACS → the ⋮ menu in the top-right → Custom repositories.","In Home Assistant, apri HACS → il menu ⋮ in alto a destra → Repository personalizzati.",don't translate Home Assistant
settings_extra_hki_cloud_step_reopen,,Reopen this screen. The features will appear automatically.,Riapri questa schermata. Le funzioni appariranno automaticamente.,
settings_extra_hki_cloud_version,,HKI 7 Cloud v%1$s installed,HKI 7 Cloud v%1$s installato,app fills in %1$s — keep them; don't translate HKI 7 Cloud
settings_extra_hki_cloud_version_unknown,,HKI 7 Cloud installed (update to see its version),HKI 7 Cloud installato (aggiornare per vedere la sua versione),don't translate HKI 7 Cloud
settings_extra_hki_cloud_update_to_unlock,,Update to unlock:,Aggiorna per sbloccare:,
settings_extra_hki_cloud_feature_requires,,%1$s (needs v%2$s+),%1$s (richiede v%2$s+),app fills in %1$s %2$s — keep them
settings_extra_hki_cloud_feature_reimport,,Manually re-importing or clearing dashboard view data,Reimportare o cancellare manualmente i dati della visualizzazione dashboard,
settings_extra_hki_cloud_feature_search_lists,,Per-person Visible/Invisible global search lists,Elenchi di ricerca globali visibili/invisibili per persona,
settings_extra_hki_cloud_feature_room_follow,,Room following,Inseguimento stanze,
settings_extra_hki_cloud_feature_room_follow_launch_only,,"Room following: only place someone on launch, without tracking further moves","Seguimento della stanza: posiziona qualcuno solo al momento del lancio, senza tracciare ulteriori mosse",
settings_extra_hki_cloud_feature_devices,,Seeing which HKI version each family device runs,Vedere quale versione HKI viene eseguita su ciascun dispositivo della famiglia,
settings_extra_hki_cloud_feature_required_version,,Requiring the family to update to a given HKI version,Richiedere alla famiglia di aggiornare a una determinata versione HKI,
settings_extra_hki_cloud_feature_events,,"The event timeline, and hiding parts of it from individual people",La sequenza temporale dell'evento e il nasconderne parti a singole persone,
settings_extra_hki_cloud_tab_requires,,"Needs HKI 7 Cloud v%1$s or newer. Update the component in HACS — until then, what you set here won't take effect.","Richiede HKI 7 Cloud v%1$s o versione successiva. Aggiorna il componente in HACS: fino ad allora, ciò che imposti qui non avrà effetto.",app fills in %1$s — keep them; don't translate HKI 7 Cloud
settings_extra_location_allowed_always,,Allowed all the time,Consentito sempre,
settings_extra_location_allowed_foreground,,Allowed only while using the app,Consentito solo mentre usi l’app,
settings_extra_location_not_allowed,,Not allowed,Non consentito,
language_search_placeholder,,Search languages,Cerca lingue,
language_search_no_matches,,No language matches “%1$s”,"Nessuna lingua corrisponde a ""%1$s""",app fills in %1$s — keep them
settings_extra_language_dutch,,Nederlands,Nederlands,
settings_extra_language_english,,English,English,
settings_extra_language_french,,Français,Français,
settings_extra_language_german,,Deutsch,Deutsch,
settings_extra_language_italian,,Italiano,Italiano,
settings_extra_language_spanish,,Español,Español,
settings_extra_language_turkish,,Türkçe,Türkçe,
settings_extra_language_portuguese,,Português,Português,
settings_extra_language_portuguese_brazil,,Português (Brasil),Português (Brasil),
settings_extra_language_spanish_latam,,Español (Latinoamérica),Español (Latinoamérica),
settings_extra_language_japanese,,日本語,日本語,
settings_extra_language_korean,,한국어,한국어,
settings_extra_language_chinese_simplified,,中文（简体）,中文（简体）,
settings_extra_language_chinese_traditional,,中文（繁體）,中文（繁體）,
settings_extra_no_drive_backups,,No Google Drive backups were found.,Nessun backup trovato in Google Drive.,don't translate Google Drive
settings_extra_no_ha_backups,,No Home Assistant backups were found. Is the HKI 7 Cloud component installed?,Nessun backup di Home Assistant trovato. Il componente HKI 7 Cloud è installato?,"don't translate HKI 7 Cloud, Home Assistant"
settings_extra_notifications_multi_home_required,,Required while multiple homes receive notifications. Manage each home under Connection.,Necessario quando più abitazioni ricevono notifiche. Gestisci ogni abitazione in Connessione.,
settings_extra_notifications_persistent_connection,,Keeps a persistent connection to Home Assistant while the app is closed. This uses more battery.,Mantiene una connessione a Home Assistant mentre l’app è chiusa. Consuma più batteria.,don't translate Home Assistant
settings_extra_paypal_logo,,PayPal logo,Logo PayPal,
settings_extra_policy_update_failed,,Could not update the policy.,Impossibile aggiornare la regola.,
settings_extra_policy_needs_component_update,,Permissions saved. Update HKI 7 Cloud to also store the Visible and Invisible lists.,Autorizzazioni salvate. Aggiorna HKI 7 Cloud per salvare anche gli elenchi Visibile e Invisibile.,don't translate HKI 7 Cloud
settings_extra_policy_needs_component_update_room_follow,,Permissions saved. Update HKI 7 Cloud to also store the room following settings.,Autorizzazioni salvate. Aggiorna HKI 7 Cloud per salvare anche le impostazioni di inseguimento delle stanze.,don't translate HKI 7 Cloud
settings_extra_policy_needs_component_update_events,,"Permissions saved, but this HKI 7 Cloud is too old to hide events from this person — they would see the whole timeline. Update it to apply the restriction.","Autorizzazioni salvate, ma questo HKI 7 Cloud è troppo vecchio per nascondere gli eventi a questa persona: vedrebbe l'intera sequenza temporale. Aggiornalo per applicare la restrizione.",don't translate HKI 7 Cloud
settings_extra_tab_presence,,Presence,Presenza,
settings_extra_tab_events,,Events,Eventi,
settings_extra_events_title,,Event timeline,Cronologia dell'evento,
settings_extra_events_description,,"Choose which entities the family sees recent activity for, in the Events tab of the notification drawer. Set once here rather than on each phone. This hides the timeline, not the entities — anyone signed in to Home Assistant can still read them there.","Scegli per quali entità la famiglia vede l'attività recente, nella scheda Eventi del cassetto delle notifiche. Impostalo una volta qui anziché su ciascun telefono. Ciò nasconde la sequenza temporale, non le entità: chiunque abbia effettuato l'accesso a Home Assistant può comunque leggerli lì.",don't translate Home Assistant
settings_extra_events_loading,,Loading the roster…,Caricamento elenco…,
settings_extra_events_unavailable,,Could not read the roster from HKI 7 Cloud.,Impossibile leggere l'elenco da HKI 7 Cloud.,don't translate HKI 7 Cloud
settings_extra_events_empty,,No entities are being tracked yet.,Nessuna entità viene ancora monitorata.,
settings_extra_events_choose,,Choose entities,Scegli le entità,
settings_extra_events_edit,,Edit entities,Modifica entità,
settings_extra_events_pick_title,,Entities to show events for,Entità per cui mostrare eventi,
settings_extra_events_save_failed,,Could not save the event roster.,Impossibile salvare l'elenco degli eventi.,
settings_extra_events_capped,,Saved %1$d entities and %2$d domains. The timeline roster is capped.,Entità %1$d e domini %2$d salvati. L'elenco della sequenza temporale è limitato.,app fills in %1$d %2$d — keep them
settings_extra_events_whole_domain,,All %1$s (%2$d entities),Tutte le %1$s (%2$d entità),app fills in %1$s %2$d — keep them
settings_extra_events_resolved_capped,,"This roster covers %2$d entities, but a timeline subscribes to at most %1$d. Remove a domain, or add entities by name instead.","Questo elenco copre le entità %2$d, ma una sequenza temporale si iscrive al massimo a %1$d. Rimuovi un dominio o aggiungi invece entità in base al nome.",app fills in %2$d %1$d — keep them
settings_extra_events_per_person_title,,Who sees what,Chi vede cosa,
settings_extra_events_per_person_description,,Everyone sees the whole timeline unless you take something out of it for them.,Tutti vedono l'intera sequenza temporale a meno che tu non ne tragga qualcosa per loro.,
settings_extra_events_sees_everything,,Sees the whole timeline,Vede l'intera sequenza temporale,
settings_extra_events_hidden_count,,%1$d hidden,%1$d nascosto,app fills in %1$d — keep them
settings_extra_events_manage,,Manage,Maneggio,
settings_extra_events_hidden_title,,Hide from this person,Nasconditi da questa persona,
settings_extra_events_notifications_hint,,"The Events tab in the notification drawer shows recent activity for the entities your family admin chose. It is set for the whole family in Family Sharing, not per device.","La scheda Eventi nel riquadro delle notifiche mostra l'attività recente per le entità scelte dall'amministratore della famiglia. È impostato per tutta la famiglia in “In famiglia”, non per dispositivo.",
settings_extra_events_open_family_sharing,,Open Family Sharing,Apri Condivisione famiglia,
settings_extra_room_follow_title,,Room following,Inseguimento stanze,
settings_extra_room_follow_description,,"Pick the room-presence sensor that tracks each person's phone, such as an ESPresense sensor. The app opens the room they are in and offers to follow them as they move.","Scegli il sensore di presenza che segue il telefono di ciascuna persona, ad esempio un sensore ESPresense. L'app apre la stanza in cui si trova e propone di seguirla quando si sposta.",
settings_extra_room_follow_sensor,,Presence sensor,Sensore di presenza,
settings_extra_room_follow_none,,No sensor,Nessun sensore,
settings_extra_room_follow_enabled,,Follow this person between rooms,Segui questa persona tra le stanze,
settings_extra_room_follow_open_on_launch,,Open their room when the app starts,Apri la sua stanza all'avvio dell'app,
settings_extra_room_follow_continue_after_launch,,Keep following while the app is open,Continua a seguire mentre l'app è aperta,
settings_extra_room_follow_continue_after_launch_hint,,"Turn off to only place them in the right room when the app starts, without switching rooms again while they're using it.","Disattiva per posizionarli solo nella stanza giusta all'avvio dell'app, senza cambiare nuovamente stanza mentre la utilizzano.",
settings_extra_room_follow_prompt_on_move,,Ask before switching rooms,Chiedi prima di cambiare stanza,
settings_extra_room_follow_dwell,,Wait before a move counts,Attesa prima che uno spostamento valga,
settings_extra_room_follow_dwell_value,,%1$d s,%1$d s,app fills in %1$d — keep them
settings_extra_room_follow_dwell_hint,,Room-presence sensors drift between nearby rooms. A longer wait means fewer false moves.,I sensori di presenza oscillano tra stanze vicine. Un'attesa più lunga riduce gli spostamenti falsi.,
settings_extra_room_follow_rooms,,Sensor states,Stati del sensore,
settings_extra_room_follow_rooms_matched,,Matched automatically,Abbinato automaticamente,
settings_extra_room_follow_rooms_unmatched,,Pick a room,Scegli una stanza,
settings_extra_room_follow_no_states,,No states seen yet. States appear here once the sensor reports them.,Nessuno stato rilevato finora. Compariranno qui appena il sensore li segnala.,
room_follow_moved_title,,You moved to %1$s,Ti sei spostato in %1$s,app fills in %1$s — keep them
room_follow_moved_message,,"Switch to that room, or stay where you are?",Passare a quella stanza o restare qui?,
room_follow_moved_switch,,Switch,Passa,
room_follow_moved_stay,,Stay,Resta,
room_follow_moved_silence,,Don't ask again until I restart the app,Non chiedere più fino al prossimo avvio dell'app,
settings_extra_rename_dashboard,,Rename %1$s,Rinomina %1$s,app fills in %1$s — keep them
settings_extra_rename_instance,,Rename %1$s,Rinomina %1$s,app fills in %1$s — keep them
settings_extra_restart_home_assistant_failed,,Could not restart Home Assistant.,Impossibile riavviare Home Assistant.,don't translate Home Assistant
settings_extra_restore_failed,,Restore failed: %1$s,Ripristino non riuscito: %1$s,app fills in %1$s — keep them
settings_extra_selected_file_open_failed,,Could not open the selected file,Impossibile aprire il file selezionato,
settings_extra_set_dashboard_default,,Set %1$s as the default dashboard,Imposta %1$s come dashboard predefinita,app fills in %1$s — keep them
settings_extra_family_device_forget_failed,,Could not forget “%1$s.”,"Non potevo dimenticare ""%1$s"".",app fills in %1$s — keep them
settings_extra_shared_dashboard_access_failed,,Could not change who can see “%1$s.”,"Impossibile modificare chi può vedere ""%1$s"".",app fills in %1$s — keep them
settings_extra_shared_dashboard_access_updated,,Updated who can see “%1$s.”,"Aggiornato chi può vedere ""%1$s"".",app fills in %1$s — keep them
settings_extra_shared_dashboard_delete_failed,,Could not delete “%1$s.”,Impossibile eliminare “%1$s”.,app fills in %1$s — keep them
settings_extra_shared_dashboard_deleted,,“%1$s” was deleted from the cloud.,“%1$s” è stata eliminata dal cloud.,app fills in %1$s — keep them
settings_extra_shared_dashboard_import_failed,,Could not import “%1$s.”,Impossibile importare “%1$s”.,app fills in %1$s — keep them
settings_extra_shared_dashboard_imported,,“%1$s” was imported into your dashboards.,“%1$s” è stata aggiunta alle tue dashboard.,app fills in %1$s — keep them
settings_extra_shared_dashboard_now_using,,Now using “%1$s.”,Ora stai usando “%1$s”.,app fills in %1$s — keep them
settings_extra_shared_dashboard_use_failed,,Could not use “%1$s.”,Impossibile usare “%1$s”.,app fills in %1$s — keep them
settings_extra_shared_dashboards_up_to_date,,Shared dashboards are already up to date.,Le dashboard condivise sono già aggiornate.,
settings_extra_show_tab,,Show tab,Mostra scheda,
settings_extra_tab_dashboards,,Dashboards,Dashboard,
settings_extra_tab_devices,,Devices,Dispositivi,
settings_extra_tab_parental_controls,,Parental controls,Controllo genitori,
settings_extra_tab_permissions,,Permissions,Autorizzazioni,
settings_extra_technology_kotlin,,Kotlin,Kotlin,
settings_extra_technology_xml_kotlin_dsl,,XML and Kotlin DSL,XML e Kotlin DSL,
settings_extra_theme_amber,,Amber,Ambra,
settings_extra_theme_auto,,Auto,Automatico,
settings_extra_theme_blue,,Blue,Blu,
settings_extra_theme_custom,,Custom,Personalizzato,
settings_extra_theme_dark,,Dark,Scuro,
settings_extra_theme_green,,Green,Verde,
settings_extra_theme_light,,Light,Chiaro,
settings_extra_theme_rose,,Rose,Rosa,
settings_extra_theme_system,,System,Sistema,
settings_extra_unknown_error,,Unknown error,Errore sconosciuto,
settings_extra_unrestricted_recommended,,Unrestricted (recommended),Senza restrizioni (consigliato),
settings_extra_view_battery,,Battery,Batteria,
settings_extra_view_climate,,Climate,Clima,
settings_extra_view_energy,,Energy,Energia,
settings_extra_view_rooms,,Rooms,Stanze,
settings_extra_view_security,,Security,Sicurezza,
settings_extra_minutes_ago,one,%1$d minute ago,%1$d minuto fa,app fills in %1$d — keep them
settings_extra_minutes_ago,other,%1$d minutes ago,%1$d minuti fa,app fills in %1$d — keep them
settings_extra_hours_ago,one,%1$d hour ago,%1$d ora fa,app fills in %1$d — keep them
settings_extra_hours_ago,other,%1$d hours ago,%1$d ore fa,app fills in %1$d — keep them
settings_extra_days_ago,one,%1$d day ago,%1$d giorno fa,app fills in %1$d — keep them
settings_extra_days_ago,other,%1$d days ago,%1$d giorni fa,app fills in %1$d — keep them
settings_extra_shared_dashboards_pushed,one,Pushed changes to %1$d shared dashboard.,Modifiche inviate a %1$d dashboard condivisa.,app fills in %1$d — keep them
settings_extra_shared_dashboards_pushed,other,Pushed changes to %1$d shared dashboards.,Modifiche inviate a %1$d dashboard condivise.,app fills in %1$d — keep them
family_permission_reimport,,Allow re-importing,Consenti reimportazione,
family_permission_reimport_subtitle,,"Let this person manually re-import or clear Rooms, Climate, Security, Energy, and Battery data","Consenti a questa persona di reimportare o cancellare manualmente i dati di Stanze, Clima, Sicurezza, Energia e Batteria",
family_dashboard_create_disabled_reason,,Your family administrator has disabled dashboard creation. This account can only use family-shared dashboards.,L’amministratore della famiglia ha disattivato la creazione di dashboard. Questo account può usare solo dashboard familiari condivise.,
family_dashboard_restore_disabled_reason,,"Your family administrator has disabled dashboard switching. Restoring a backup could replace the family dashboard, so this account can only select a shared dashboard.","L’amministratore della famiglia ha disattivato il cambio di dashboard. Il ripristino potrebbe sostituire la dashboard familiare, quindi questo account può scegliere solo una dashboard condivisa.",
family_settings_admin_only,,Locked — only a Home Assistant administrator can manage family sharing,Bloccato — solo un amministratore di Home Assistant può gestire la condivisione familiare,don't translate Home Assistant
family_aesthetics_only_explanation,,"Aesthetics-only access allows local names, icons, colors, backgrounds, card styles, shapes, sizes, and layout. Entities, actions, visibility rules, content, controls, and other behavior remain managed by the dashboard owner.","L’accesso solo estetico consente nomi, icone, colori, sfondi, stili delle schede, forme, dimensioni e layout locali. Entità, azioni, regole di visibilità, contenuti, controlli e altri comportamenti restano gestiti dal proprietario della dashboard.",
parental_search_access_title,,Entity search access,Accesso alla ricerca delle entità,
parental_search_access_hint,,Choose which Home Assistant domains or individual entities this person can find in global search. Invisible selections always take precedence.,Scegli quali domini Home Assistant o singole entità questa persona può trovare nella ricerca globale. Le selezioni invisibili hanno sempre la precedenza.,don't translate Home Assistant
parental_search_visible_title,,Visible,Visibile,
parental_search_invisible_title,,Invisible,Invisibile,
parental_search_visible_empty,,All entities are visible unless they appear in the Invisible list.,"Tutte le entità sono visibili, tranne quelle nell’elenco Invisibile.",
parental_search_invisible_empty,,No entities are explicitly hidden.,Nessuna entità è nascosta esplicitamente.,
parental_search_picker_subtitle,,Select entire domains or individual entities,Seleziona interi domini o singole entità,
parental_search_domains,,Domains,Domini,
parental_search_entire_domain,,Entire domain,Intero dominio,
parental_search_domain_chip,,Domain: %1$s,Dominio: %1$s,app fills in %1$s — keep them
ha_page_category,,Home Assistant,Assistente domestico,don't translate Home Assistant
ha_page_category_subtitle,,Open your server's own pages without leaving HKI 7,Apri le pagine del tuo server senza uscire da HKI 7,don't translate HKI 7
ha_page_settings,,Home Assistant settings,Home Assistant impostazioni,don't translate Home Assistant
ha_page_settings_subtitle,,"Integrations, devices, areas and automations","Integrazioni, dispositivi, aree e automazioni",
ha_page_dev_tools,,Developer tools,Strumenti per sviluppatori,
ha_page_dev_tools_subtitle,,"States, services, templates and events","Stati, servizi, modelli ed eventi",
ha_page_hacs,,HACS,HACS,
ha_page_hacs_subtitle,,Community integrations and frontend add-ons,Integrazioni della community e componenti aggiuntivi frontend,
ha_page_no_server,,Connect to a Home Assistant server first.,Connettiti prima a un server Home Assistant.,don't translate Home Assistant
ha_page_reload,,Reload,Ricaricare,
ha_page_open_browser,,Open in browser,Apri nel browser,
ha_page_session_failed,,Could not start the embedded Home Assistant session. Reload the page or open it in your browser.,Impossibile avviare la sessione Home Assistant incorporata. Ricarica la pagina o aprila nel tuo browser.,don't translate Home Assistant
update_channel_name,,App updates,Aggiornamenti dell'app,
update_channel_description,,Tells you when a newer version of HKI 7 has been released,Ti informa quando è stata rilasciata una versione più recente di HKI 7,don't translate HKI 7
update_available_title,,HKI 7 %1$s is available,HKI 7 %1$s è disponibile,app fills in %1$s — keep them; don't translate HKI 7
update_available_body,,Tap to see what changed and update,Tocca per vedere cosa è cambiato e aggiorna,
update_title,,App updates,Aggiornamenti dell'app,
update_subtitle_checking,,Checking for a newer version…,Ricerca di una versione più recente…,
update_subtitle_current,,You are on the latest version,Sei sull'ultima versione,
update_subtitle_available,,Version %1$s is available,La versione %1$s è disponibile,app fills in %1$s — keep them
update_check_now,,Check for updates,Controlla gli aggiornamenti,
update_now,,Update now,Aggiorna ora,
update_see_changes,,See what changed,Guarda cosa è cambiato,
update_watch_releases,,Tell me about new releases,Parlami delle nuove uscite,
update_watch_releases_subtitle,,Checks GitHub once a day and notifies you when a newer version is published,Controlla GitHub una volta al giorno e ti avvisa quando viene pubblicata una versione più recente,
uif_a_state,,a state,uno stato,
uif_a_time,,a time,un orario,
uif_actions,,Actions,Azioni,
uif_active,,Active,Attivo,
uif_adaptive,,Adaptive,Adattivo,
uif_advanced,,Advanced,Avanzate,
uif_air_quality,,Air quality,Qualità dell'aria,
uif_alarm,,Alarm,Allarme,
uif_alarms,,Alarms,Allarmi,
uif_allow,,Allow,Consenti,
uif_allow_all_the_time,,Allow all the time,Consenti sempre,
uif_and_separator,,\u0020and\u0020,\u0020e\u0020,
uif_appearance,,Appearance,Aspetto,
uif_aqi,,AQI,IQA,
uif_auto,,Auto,Automatico,
uif_back,,Back,Indietro,
uif_beep,,Beep,Segnale acustico,
uif_brightness,,Brightness,Luminosità,
uif_bucket,,Bucket,Vaschetta,
uif_choose_action,,Choose action,Scegli un'azione,
uif_choose_entity,,Choose entity,Scegli un'entità,
uif_choose_target,,Choose target,Scegli un obiettivo,
uif_circle,,Circle,Cerchio,
uif_color,,Color,Colore,
uif_date,,Date,Data,
uif_date_and_time,,Date and time,Data e ora,
uif_defrost,,Defrost,Sbrinamento,
uif_devices_on,,Devices on,Dispositivi accesi,
uif_direction_east_short,,E,E,
uif_direction_north_short,,N,N,
uif_direction_northeast_short,,NE,NE,
uif_direction_northwest_short,,NW,NO,
uif_direction_south_short,,S,S,
uif_direction_southeast_short,,SE,SE,
uif_direction_southwest_short,,SW,SO,
uif_direction_west_short,,W,O,
uif_display,,Display,Visualizzazione,
uif_edit,,Edit,Modifica,
uif_enable,,Enable,Attiva,
uif_enable_location,,Enable location,Attiva la posizione,
uif_enabled,,Enabled,Attivato,
uif_entities,,Entities,Entità,
uif_error,,Error,Errore,
uif_fan_speed,,Fan speed,Velocità ventola,
uif_feels_like_temperature,,Feels like %1$d°,Percepita %1$d°,app fills in %1$d — keep them
uif_filter,,Filter,Filtro,
uif_fire,,Fire,Incendio,
uif_flow_actions_available,,Actions available in Home Assistant,Azioni disponibili in Home Assistant,don't translate Home Assistant
uif_flow_actions_load_failed,,Could not load Home Assistant actions,Impossibile caricare le azioni di Home Assistant,don't translate Home Assistant
uif_flow_advanced_block_unchanged,,Advanced block (kept unchanged),Blocco avanzato (mantenuto invariato),
uif_flow_after_format,,After (HH:MM:SS),Dopo (HH:MM:SS),
uif_flow_after_time,,after %1$s,dopo %1$s,app fills in %1$s — keep them
uif_flow_at_time,,At %1$s,Alle %1$s,app fills in %1$s — keep them
uif_flow_automation_delete_failed,,Could not delete this automation,Impossibile eliminare questa automazione,
uif_flow_automation_deleted,,Deleted from Home Assistant,Eliminata da Home Assistant,don't translate Home Assistant
uif_flow_automation_load_failed,,Could not load this automation,Impossibile caricare questa automazione,
uif_flow_automation_save_failed,,Could not save this automation,Impossibile salvare questa automazione,
uif_flow_automation_saved,,Saved and loaded in Home Assistant,Salvata e caricata in Home Assistant,don't translate Home Assistant
uif_flow_before_format,,Before (HH:MM:SS),Prima (HH:MM:SS),
uif_flow_before_time,,before %1$s,prima di %1$s,app fills in %1$s — keep them
uif_flow_domain_actions_first,,%1$s actions are shown first,Le azioni %1$s vengono mostrate per prime,app fills in %1$s — keep them
uif_flow_entity_becomes_state,,%1$s becomes %2$s,%1$s diventa %2$s,app fills in %1$s %2$s — keep them
uif_flow_entity_is_state,,%1$s is %2$s,%1$s è %2$s,app fills in %1$s %2$s — keep them
uif_flow_entity_state,,Entity state,Stato entità,
uif_flow_ha_action,,Home Assistant action,Azione di Home Assistant,don't translate Home Assistant
uif_flow_mode_parallel,,Parallel,Parallela,
uif_flow_mode_parallel_description,,Start every trigger as a separate run at the same time.,Avvia contemporaneamente ogni attivazione come esecuzione separata.,
uif_flow_mode_queued,,Queued,In coda,
uif_flow_mode_queued_description,,"Wait, then run each trigger in the order it arrived.","Attende, quindi esegue ogni attivazione nell'ordine di arrivo.",
uif_flow_mode_restart,,Restart,Riavvio,
uif_flow_mode_restart_description,,Stop the current run and start again when conditions still pass.,Interrompe l'esecuzione attuale e riparte se le condizioni sono ancora soddisfatte.,
uif_flow_mode_single,,Single,Singola,
uif_flow_mode_single_description,,Ignore a new trigger while this flow is still running.,Ignora una nuova attivazione mentre questo flusso è ancora in esecuzione.,
uif_flow_perform_ha_action,,Perform a Home Assistant action,Esegui un'azione di Home Assistant,don't translate Home Assistant
uif_flow_section_and_if,,And if,E se,
uif_flow_section_then,,Then,Allora,
uif_flow_section_when,,When,Quando,
uif_flow_sun_event,,Sun event,Evento solare,
uif_flow_sunrise_or_sunset,,Sunrise or sunset,Alba o tramonto,
uif_flow_time_format,,Time (HH:MM:SS),Ora (HH:MM:SS),
uif_flow_time_window,,Time window,Intervallo orario,
uif_flow_group_any,,Any of these,Una qualsiasi,
uif_flow_group_all,,All of these,Tutte queste,
uif_flow_group_none,,None of these,Nessuna di queste,
uif_flow_group_empty,,Empty — open it to add conditions,Vuoto — apri il gruppo per aggiungere condizioni,
uif_flow_group_open,,Open group,Apri gruppo,
uif_flow_group_back,,Back,Indietro,
uif_flow_group_count,one,%1$d condition inside,%1$d condizione dentro,app fills in %1$d — keep them
uif_flow_group_count,other,%1$d conditions inside,%1$d condizioni dentro,app fills in %1$d — keep them
uif_flow_within_time_window,,Within a time window,In un intervallo orario,
uif_full,,Full,Intera,
uif_gas,,Gas,Gas,
uif_glow,,Glow,Bagliore,
uif_half,,Half,Metà,
uif_header_pill,,Header pill,Pulsante intestazione,
uif_hold,,Hold,Tieni premuto,
uif_humidity,,Humidity,Umidità,
uif_ionizer,,Ionizer,Ionizzatore,
uif_lights_on,,Lights on,Luci accese,
uif_local_network_access,,Local network access,Accesso alla rete locale,
uif_local_network_access_description,,Allows HKI 7 to find and connect directly to Home Assistant on your Wi-Fi network.,Consente a HKI 7 di trovare e connettersi direttamente a Home Assistant sulla tua rete Wi-Fi.,"don't translate Home Assistant, HKI 7"
uif_mode_auto,,Auto,Automatico,
uif_mode_away,,Away,Fuori casa,
uif_mode_baby,,Baby,Bambino,
uif_mode_boost,,Boost,Boost,
uif_mode_clothes,,Clothes,Indumenti,
uif_mode_comfort,,Comfort,Comfort,
uif_mode_continuous,,Continuous,Continuo,
uif_mode_dry,,Dry,Asciugatura,
uif_mode_eco,,Eco,Eco,
uif_mode_high,,High,Alta,
uif_mode_home,,Home,A casa,
uif_mode_laundry,,Laundry,Bucato,
uif_mode_low,,Low,Bassa,
uif_mode_manual,,Manual,Manuale,
uif_mode_medium,,Medium,Media,
uif_mode_normal,,Normal,Normale,
uif_mode_purify,,Purify,Purificazione,
uif_mode_quiet,,Quiet,Silenziosa,
uif_mode_sleep,,Sleep,Notte,
uif_moon,,Moon,Luna,
uif_moon_phase_first_quarter,,First quarter,Primo quarto,
uif_moon_phase_full,,Full moon,Luna piena,
uif_moon_phase_last_quarter,,Last quarter,Ultimo quarto,
uif_moon_phase_new,,New moon,Luna nuova,
uif_moon_phase_waning_crescent,,Waning crescent,Falce calante,
uif_moon_phase_waning_gibbous,,Waning gibbous,Gibbosa calante,
uif_moon_phase_waxing_crescent,,Waxing crescent,Falce crescente,
uif_moon_phase_waxing_gibbous,,Waxing gibbous,Gibbosa crescente,
uif_motion,,Motion,Movimento,
uif_mute,,Mute,Disattiva audio,
uif_next,,Next,Successivo,
uif_none,,None,Nessuno,
uif_off,,Off,Spento,
uif_onboarding_add_in_edit_mode,,Add everything yourself in Edit mode,Aggiungi tutto manualmente in modalità di modifica,
uif_onboarding_add_internal_url_later,,"For a faster direct connection at home, you can add an internal URL and your home Wi-Fi networks later in Settings > Connection.","Per una connessione diretta più rapida a casa, puoi aggiungere in seguito un URL interno e le reti Wi-Fi domestiche in Impostazioni > Connessione.",
uif_onboarding_add_remote_url_later,,"To connect while you're away from home, add a Nabu Casa or external URL later in Settings > Connection.","Per connetterti quando sei fuori casa, aggiungi in seguito un URL Nabu Casa o esterno in Impostazioni > Connessione.",don't translate Nabu Casa
uif_onboarding_auto_entities,,"Finds suitable Climate, Security, Energy and Battery entities","Trova entità adatte per Clima, Sicurezza, Energia e Batteria",
uif_onboarding_auto_generate,,Auto generate,Genera automaticamente,
uif_onboarding_auto_rooms_floors,,Creates rooms and floors from Home Assistant areas,Crea stanze e piani dalle aree di Home Assistant,don't translate Home Assistant
uif_onboarding_building_dashboard,,Building dashboard…,Creazione della dashboard…,
uif_onboarding_connection_failed,,Connection failed,Connessione non riuscita,
uif_onboarding_everything_editable,,Everything can be changed afterward in Edit mode,In seguito puoi modificare tutto in modalità di modifica,
uif_onboarding_external_access_explanation,,HKI 7 can reach your smart home both at home and while you're away through the external URL you entered.,HKI 7 può raggiungere la tua casa intelligente sia da casa sia quando sei fuori tramite l'URL esterno inserito.,don't translate HKI 7
uif_onboarding_local_access_explanation,,Your smart home is currently available to HKI 7 only while this device can reach your local Home Assistant network.,Al momento HKI 7 può raggiungere la tua casa intelligente solo quando questo dispositivo è connesso alla rete Home Assistant locale.,"don't translate Home Assistant, HKI 7"
uif_onboarding_login_failed,,Login failed: %1$s,Accesso non riuscito: %1$s,app fills in %1$s — keep them
uif_onboarding_nabu_casa_access_explanation,,HKI 7 can reach your smart home both at home and while you're away through your Nabu Casa URL.,HKI 7 può raggiungere la tua casa intelligente sia da casa sia quando sei fuori tramite l'URL Nabu Casa.,"don't translate Nabu Casa, HKI 7"
uif_onboarding_no_authorization_code,,Login failed: Home Assistant returned no authorization code.,Accesso non riuscito: Home Assistant non ha restituito alcun codice di autorizzazione.,don't translate Home Assistant
uif_onboarding_preparing_dashboard,,Preparing dashboard…,Preparazione della dashboard…,
uif_onboarding_server_http_error,,The server answered with HTTP %1$d,Il server ha risposto con HTTP %1$d,app fills in %1$d — keep them
uif_onboarding_shared_import_failed,,Could not import “%1$s”. Try again.,Impossibile importare “%1$s”. Riprova.,app fills in %1$s — keep them
uif_onboarding_start_empty,,Start empty,Inizia da zero,
uif_onboarding_starts_empty,,"Starts without imported rooms, widgets or view entities","Inizia senza stanze, widget o entità di vista importati",
uif_open,,Open,Apri,
uif_open_doors,,Open doors,Porte aperte,
uif_open_settings,,Open settings,Apri impostazioni,
uif_open_windows,,Open windows,Finestre aperte,
uif_of_enabled,,%1$d of %2$d enabled,%1$d di %2$d abilitato,app fills in %1$d %2$d — keep them
uif_pause,,Pause,Pausa,
uif_percentage,,Percentage,Percentuale,
uif_permissions_can_be_changed_later,,You can change these permissions later in Android Settings.,Puoi modificare queste autorizzazioni in un secondo momento nelle Impostazioni Android.,
uif_pick_to_auto_fill,,Pick to auto-fill,Scegli per compilare automaticamente,
uif_pill,,Pill,Pillola,
uif_play,,Play,Riproduci,
uif_playlists,,Playlists,Playlist,
uif_pm25,,PM2.5,"PM2,5",
uif_presence,,Presence,Presenza,
uif_pressure,,Pressure,Pressione,
uif_pressure_hpa,,%1$d hPa,%1$d hPa,app fills in %1$d — keep them
uif_previous,,Previous,Precedente,
uif_pulse,,Pulse,Pulsazione,
uif_pump,,Pump,Pompa,
uif_rain,,Rain,Pioggia,
uif_rain_map_camera,,Rain map camera,Telecamera mappa pioggia,
uif_recipe_arrive_home_description,,Activate a scene when someone arrives home,Attiva una scena quando qualcuno torna a casa,
uif_recipe_arrive_home_title,,Welcome home,Bentornato a casa,
uif_recipe_bedtime_description,,Turn off a light at a chosen bedtime,Spegni una luce all'ora scelta per andare a dormire,
uif_recipe_bedtime_title,,Bedtime lights,Luci della buonanotte,
uif_recipe_blank_description,,Build an automation from an empty canvas,Crea un'automazione partendo da un'area vuota,
uif_recipe_blank_title,,Start empty,Inizia da zero,
uif_recipe_close_covers_description,,Close a cover when the sun sets,Chiudi una copertura quando il sole tramonta,
uif_recipe_close_covers_title,,Close covers at sunset,Chiudi le coperture al tramonto,
uif_recipe_entity_state_description,,Run an action when an entity reaches a state,Esegui un'azione quando un'entità raggiunge uno stato,
uif_recipe_entity_state_title,,Entity changes,Cambio di un'entità,
uif_recipe_leave_home_description,,Turn off a light when someone leaves home,Spegni una luce quando qualcuno esce di casa,
uif_recipe_leave_home_title,,Leaving home,Uscita da casa,
uif_recipe_lock_at_night_description,,Lock a door at a chosen time,Blocca una porta all'ora scelta,
uif_recipe_lock_at_night_title,,Lock up at night,Chiudi a chiave di notte,
uif_recipe_morning_scene_description,,Activate a scene at a chosen morning time,Attiva una scena all'ora scelta del mattino,
uif_recipe_morning_scene_title,,Morning scene,Scena del mattino,
uif_recipe_motion_lights_description,,Turn on a light when motion is detected,Accendi una luce quando viene rilevato un movimento,
uif_recipe_motion_lights_title,,Motion lighting,Luci con movimento,
uif_recipe_open_covers_description,,Open a cover when the sun rises,Apri una copertura quando sorge il sole,
uif_recipe_open_covers_title,,Open covers at sunrise,Apri le coperture all'alba,
uif_recipe_schedule_description,,Run an action at a fixed time every day,Esegui un'azione ogni giorno a un orario fisso,
uif_recipe_schedule_title,,At a time,A un orario,
uif_recipe_sunrise_lights_off_description,,Turn off a light when the sun rises,Spegni una luce quando sorge il sole,
uif_recipe_sunrise_lights_off_title,,Lights off at sunrise,Luci spente all'alba,
uif_recipe_sunset_description,,Run an action at sunset,Esegui un'azione al tramonto,
uif_recipe_sunset_title,,Around sunset,Intorno al tramonto,
uif_refresh,,Refresh,Aggiorna,
uif_remove,,Remove,Rimuovi,
uif_repeat,,Repeat,Ripeti,
uif_run,,Run,Esegui,
uif_season,,Season,Stagione,
uif_season_autumn,,Autumn,Autunno,
uif_season_spring,,Spring,Primavera,
uif_season_summer,,Summer,Estate,
uif_season_winter,,Winter,Inverno,
uif_shuffle,,Shuffle,Riproduzione casuale,
uif_sleep,,Sleep,Notte,
uif_smoke,,Smoke,Fumo,
uif_source,,Source,Sorgente,
uif_source_device,,Source device,Dispositivo sorgente,
uif_speed,,Speed,Velocità,
uif_speed_kmh,,%1$d km/h,%1$d km/h,app fills in %1$d — keep them
uif_spin,,Spin,Rotazione,
uif_state_active,,Active,Attivo,
uif_state_away,,Away,Fuori casa,
uif_state_buffering,,Buffering,Buffering,
uif_state_cleaning,,Cleaning,Pulizia,
uif_state_closed,,Closed,Chiuso,
uif_state_docked,,Docked,Alla base,
uif_state_error,,Error,Errore,
uif_state_home,,Home,A casa,
uif_state_idle,,Idle,Inattivo,
uif_state_locked,,Locked,Bloccato,
uif_state_off,,Off,Spento,
uif_state_on,,On,Acceso,
uif_state_open,,Open,Aperto,
uif_state_paused,,Paused,In pausa,
uif_state_playing,,Playing,In riproduzione,
uif_state_returning,,Returning,Ritorno alla base,
uif_state_standby,,Standby,Standby,
uif_state_unavailable,,Unavailable,Non disponibile,
uif_state_unknown,,Unknown,Sconosciuto,
uif_state_unlocked,,Unlocked,Sbloccato,
uif_sun,,Sun,Sole,
uif_sunrise,,Sunrise,Alba,
uif_sunset,,Sunset,Tramonto,
uif_tank,,Tank,Serbatoio,
uif_tap,,Tap,Tocco,
uif_third,,Third,Un terzo,
uif_time,,Time,Ora,
uif_unknown,,Unknown,Sconosciuto,
uif_update_failed,,Could not update %1$s,Impossibile aggiornare %1$s,app fills in %1$s — keep them
uif_updated,,%1$s updated,%1$s aggiornato,app fills in %1$s — keep them
uif_weather,,Weather,Meteo,
uif_wind,,Wind,Vento,
uif_active_device_count,one,%1$d active device,%1$d dispositivo attivo,app fills in %1$d — keep them
uif_active_device_count,other,%1$d active devices,%1$d dispositivi attivi,app fills in %1$d — keep them
uif_adaptive_group_paused_count,one,%1$d group light is paused for manual control.,%1$d luce del gruppo è in pausa per il controllo manuale.,app fills in %1$d — keep them
uif_adaptive_group_paused_count,other,%1$d group lights are paused for manual control.,%1$d luci del gruppo sono in pausa per il controllo manuale.,app fills in %1$d — keep them
uif_adaptive_profile_light_count,one,Controls %1$d light in this profile.,Controlla %1$d luce in questo profilo.,app fills in %1$d — keep them
uif_adaptive_profile_light_count,other,Controls %1$d lights in this profile.,Controlla %1$d luci in questo profilo.,app fills in %1$d — keep them
uif_days_to_season,one,%1$d day to %2$s,Manca %1$d giorno a %2$s,app fills in %1$d %2$s — keep them
uif_days_to_season,other,%1$d days to %2$s,Mancano %1$d giorni a %2$s,app fills in %1$d %2$s — keep them
uif_device_on_count,one,%1$d device on,%1$d dispositivo acceso,app fills in %1$d — keep them
uif_device_on_count,other,%1$d devices on,%1$d dispositivi accesi,app fills in %1$d — keep them
uif_fire_detector_count,one,%1$d fire detector active,%1$d rilevatore di incendio attivo,app fills in %1$d — keep them
uif_fire_detector_count,other,%1$d fire detectors active,%1$d rilevatori di incendio attivi,app fills in %1$d — keep them
uif_flow_advanced_block_count,one,%1$d advanced shorthand block (kept unchanged),%1$d blocco abbreviato avanzato (mantenuto invariato),app fills in %1$d — keep them
uif_flow_advanced_block_count,other,%1$d advanced shorthand blocks (kept unchanged),%1$d blocchi abbreviati avanzati (mantenuti invariati),app fills in %1$d — keep them
uif_gas_detector_count,one,%1$d gas detector active,%1$d rilevatore di gas attivo,app fills in %1$d — keep them
uif_gas_detector_count,other,%1$d gas detectors active,%1$d rilevatori di gas attivi,app fills in %1$d — keep them
uif_light_on_count,one,%1$d light on,%1$d luce accesa,app fills in %1$d — keep them
uif_light_on_count,other,%1$d lights on,%1$d luci accese,app fills in %1$d — keep them
uif_media_item_count,one,%1$d item,%1$d elemento,app fills in %1$d — keep them
uif_media_item_count,other,%1$d items,%1$d elementi,app fills in %1$d — keep them
uif_motion_sensor_count,one,%1$d motion sensor active,%1$d sensore di movimento attivo,app fills in %1$d — keep them
uif_motion_sensor_count,other,%1$d motion sensors active,%1$d sensori di movimento attivi,app fills in %1$d — keep them
uif_open_door_count,one,%1$d open door,%1$d porta aperta,app fills in %1$d — keep them
uif_open_door_count,other,%1$d open doors,%1$d porte aperte,app fills in %1$d — keep them
uif_open_window_count,one,%1$d open window,%1$d finestra aperta,app fills in %1$d — keep them
uif_open_window_count,other,%1$d open windows,%1$d finestre aperte,app fills in %1$d — keep them
uif_presence_sensor_count,one,%1$d presence sensor active,%1$d sensore di presenza attivo,app fills in %1$d — keep them
uif_presence_sensor_count,other,%1$d presence sensors active,%1$d sensori di presenza attivi,app fills in %1$d — keep them
uif_smoke_detector_count,one,%1$d smoke detector active,%1$d rilevatore di fumo attivo,app fills in %1$d — keep them
uif_smoke_detector_count,other,%1$d smoke detectors active,%1$d rilevatori di fumo attivi,app fills in %1$d — keep them
weather_animate_title,,Animated weather,Meteo animato,
weather_animate_description,,"Where the full-colour weather artwork plays. Turn a surface off to show its still artwork instead — the forecast strips are the ones that cost the most, since they animate a dozen icons side by side.","Dove suona l'opera d'arte meteorologica a colori. Spegni una superficie per mostrare invece la sua grafica fissa: le strisce di previsione sono quelle che costano di più, poiché animano una dozzina di icone affiancate.",
weather_animate_applies_everywhere,,"These apply to this device everywhere weather is shown, not just to this pill. The same switches are in Settings › Appearance › Icons.","Questi si applicano a questo dispositivo ovunque venga mostrato il meteo, non solo a questa pillola. Gli stessi interruttori si trovano in Impostazioni > Aspetto > Icone.",
weather_animate_pill,,Header pill,Pillola di testa,
weather_animate_pill_description,,The small weather icon beside the dashboard title.,La piccola icona del meteo accanto al titolo della dashboard.,
weather_animate_dialog,,Weather dialog,Finestra di dialogo del meteo,
weather_animate_dialog_description,,The large icon on the current-weather card when you open the weather.,L'icona grande sulla scheda del meteo attuale quando apri il meteo.,
weather_animate_forecast,,Forecast strips,Strisce di previsione,
weather_animate_forecast_description,,"The daily and hourly rows, in the dialog and on the dashboard.","Le righe giornaliere e orarie, nella finestra di dialogo e nel dashboard.",
weather_animate_widget,,Weather widget,Widget meteo,
weather_animate_widget_description,,The weather card on the dashboard itself.,La scheda meteo sul cruscotto stesso.,
widgets_tab_content,,Content,Contenuto,
widgets_tab_appearance,,Appearance,Aspetto,
widgets_tab_data,,Data,Dati,
widgets_tab_chart,,Chart,Grafico,
widgets_tab_graphs,,Graphs,Grafici,
widgets_tab_layout,,Layout,Layout,
widgets_tab_data_sources,,Data sources,Origini dati,
widgets_remove,,Remove,Rimuovi,
widgets_reimport,,Re-import,Reimporta,
widgets_unavailable,,Unavailable,Non disponibile,
widgets_today,,Today,Oggi,
widgets_tomorrow,,Tomorrow,Domani,
widgets_yesterday,,Yesterday,Ieri,
widgets_today_initial,,T,O,
widgets_iframe_title,,iFrame,iFrame,
widgets_iframe_subtitle,,Embed a web page on your dashboard,Incorpora una pagina web nella dashboard,
widgets_ratio_square,,Square,Quadrato,
widgets_ratio_wide,,Wide,Largo,
widgets_ratio_tall,,Tall,Alto,
widgets_markdown_title,,Markdown,Markdown,
widgets_markdown_subtitle,,Content and card appearance,Contenuto e aspetto della scheda,
widgets_media_player_title,,Media player,Lettore multimediale,
widgets_media_player_subtitle,,"Source, layout, and artwork","Sorgente, layout e copertina",
widgets_stat_min,,Min,Min,
widgets_stat_average,,Avg,Media,
widgets_stat_max,,Max,Max,
widgets_sensor_graph_title,,Sensor graph,Grafico sensori,
widgets_sensor_graph_subtitle,,"Entities, chart style, and appearance","Entità, stile del grafico e aspetto",
widgets_sensor_graph_stack_title,,Sensor graph stack,Gruppo di grafici sensori,
widgets_sensor_graph_stack_subtitle,,Grouped charts and stack layout,Grafici raggruppati e layout del gruppo,
widgets_graph_sensor_count,one,Graph %1$d · %2$d sensor,Grafico %1$d · %2$d sensore,app fills in %1$d %2$d — keep them
widgets_graph_sensor_count,other,Graph %1$d · %2$d sensors,Grafico %1$d · %2$d sensori,app fills in %1$d %2$d — keep them
widgets_calendar_title,,Calendar,Calendario,
widgets_calendar_subtitle,,"Calendars, default view, and appearance","Calendari, vista predefinita e aspetto",
widgets_calendar_agenda,,Agenda,Agenda,
widgets_calendar_week,,Week,Settimana,
widgets_calendar_month,,Month,Mese,
widgets_calendar_no_entity,,No calendar entity available,Nessuna entità calendario disponibile,
widgets_calendar_no_upcoming_events,,No events in the coming days,Nessun evento nei prossimi giorni,
widgets_calendar_no_events_for,,No events for %1$s,Nessun evento per il %1$s,app fills in %1$s — keep them
widgets_calendar_all_day,,All day,Tutto il giorno,
widgets_calendar_time_unknown,,Time unknown,Orario sconosciuto,
widgets_vacuum_state_cleaning,,Cleaning,Pulizia in corso,
widgets_vacuum_state_docked,,Docked,Alla base,
widgets_vacuum_state_paused,,Paused,In pausa,
widgets_vacuum_state_error,,Error,Errore,
widgets_vacuum_state_returning,,Returning to dock,Ritorno alla base,
widgets_vacuum_dock,,Dock,Alla base,
widgets_vacuum_start,,Start,Avvia,
widgets_vacuum_pause,,Pause,Pausa,
widgets_vacuum_stop,,Stop,Arresta,
widgets_vacuum_locate,,Locate,Localizza,
widgets_vacuum_fan_speed,,Fan speed,Potenza di aspirazione,
widgets_vacuum_water_level,,Water level,Livello dell’acqua,
widgets_vacuum_map,,Vacuum map,Mappa dell’aspirapolvere,
widgets_vacuum_room_number,,Room %1$d,Stanza %1$d,app fills in %1$d — keep them
widgets_vacuum_room_label,,Room %1$s,Stanza %1$s,app fills in %1$s — keep them
widgets_vacuum_valetudo_decode_failed,,No Valetudo map data in this camera entity,Nessun dato mappa Valetudo in questa entità camera,don't translate Valetudo
widgets_vacuum_valetudo_tap_hint,,Tap a room to clean it,Tocca una stanza per pulirla,
widgets_vacuum_valetudo_unmapped,,Map this robot's segments to areas in Home Assistant to clean a room by tapping it,Associa i segmenti di questo robot alle aree in Home Assistant per pulire una stanza con un tocco,don't translate Home Assistant
widgets_vacuum_valetudo_cleaning,,Cleaning %1$s,Pulizia di %1$s,app fills in %1$s — keep them
widgets_waste_collection_title,,Waste collection,Raccolta rifiuti,
widgets_waste_collection_subtitle,,"Sensors, calendar, and appearance","Sensori, calendario e aspetto",
widgets_waste_sensor_picture_help,,Shows the sensor’s entity_picture (falls back to the type icon when no picture is available).,"Mostra l’entity_picture del sensore; se non è disponibile, usa l’icona del tipo di rifiuto.",
ui_people_dialog_title,,People,Persone,
widgets_f1_title,,Formula 1,Formula 1,
widgets_f1_subtitle,,"Race weekend, standings, and results","Fine settimana di gara, classifiche e risultati",
widgets_f1_sources_subtitle,,Read from the F1 Sensor integration,Leggi dall'integrazione del sensore F1,
widgets_f1_tab_next,,Next race,Prossima gara,
widgets_f1_tab_calendar,,Calendar,Calendario,
widgets_f1_tab_standings,,Standings,Classifiche,
widgets_f1_tab_grid,,Grid,Griglia,
widgets_f1_tab_results,,Results,Risultati,
widgets_f1_tab_live,,Live,In diretta,
widgets_f1_drivers,,Drivers,Driver,
widgets_f1_constructors,,Constructors,Costruttori,
widgets_f1_prediction,,Prediction,Previsione,
widgets_f1_schedule,,Session schedule,Programma della sessione,
widgets_f1_race_control,,Race control,Controllo della gara,
widgets_f1_timing,,Timing,Tempistica,
widgets_f1_round,,Round %1$s,Rotondo %1$s,app fills in %1$s — keep them
widgets_f1_lap_short,,Lap %1$s,Giro %1$s,app fills in %1$s — keep them
widgets_f1_lap_of,,Lap %1$d / %2$d,Giro %1$d / %2$d,app fills in %1$d %2$d — keep them
widgets_f1_wins_short,,%1$s wins,%1$s vince,app fills in %1$s — keep them
widgets_f1_points_wins_legend,,Right-hand column shows championship points.,La colonna di destra mostra i punti del campionato.,
widgets_f1_prediction_now,,Now: %1$s pts,Ora: %1$s punti,app fills in %1$s — keep them
widgets_f1_prediction_legend,,Right-hand column shows predicted final points. Needs F1TV Auth in F1 Sensor.,La colonna di destra mostra i punti finali previsti. Richiede l'autenticazione F1TV nel sensore F1.,
widgets_f1_status_pit,,In pit,Nella fossa,
widgets_f1_status_out,,Retired,Pensionato,
widgets_f1_no_calendar,,No season schedule available yet,Nessun programma stagionale ancora disponibile,
widgets_f1_no_grid,,No starting grid available yet,Nessuna griglia di partenza ancora disponibile,
widgets_f1_no_prediction,,No championship prediction available. Needs F1TV Auth in F1 Sensor.,Nessun pronostico campionato disponibile. Richiede l'autenticazione F1TV nel sensore F1.,
widgets_f1_lights_out_in,,Lights out in %1$s,Le luci si spengono tra %1$s,app fills in %1$s — keep them
widgets_f1_in_days_hours,,in %1$dd %2$dh,in %1$dd %2$dh,app fills in %1$d %2$d — keep them
widgets_f1_in_hours_minutes,,in %1$dh %2$dm,in %1$dh %2$dm,app fills in %1$d %2$d — keep them
widgets_f1_in_minutes,,in %1$dm,tra %1$dm,app fills in %1$d — keep them
widgets_f1_no_upcoming,,No upcoming race,Nessuna gara imminente,
widgets_f1_today_at,,Today %1$s,Oggi %1$s,app fills in %1$s — keep them
widgets_f1_tomorrow_at,,Tomorrow %1$s,Domani %1$s,app fills in %1$s — keep them
widgets_f1_time_unknown,,Time to be confirmed,Tempo da confermare,
widgets_f1_sensors_used,,"This widget uses the next race, season calendar, starting grid, driver and constructor standings, last race results, weather, and — during a session — track status, session status, race control, driver positions, and current tyres. It also shows a championship prediction when F1 Sensor's optional F1TV Auth is set up. Other F1 Sensor options are not needed for it.","Questo widget utilizza la gara successiva, la classifica piloti e costruttori, i risultati dell'ultima gara, il meteo, la stagione in corso e, durante una sessione, lo stato della pista, lo stato della sessione e il controllo della gara. Non sono necessarie altre opzioni del sensore F1.",
widgets_f1_no_standings,,No standings available yet,Nessuna classifica ancora disponibile,
widgets_f1_no_results,,No race results available yet,Nessun risultato di gara ancora disponibile,
widgets_f1_no_race_control,,No race control messages,Nessun messaggio di controllo della gara,
widgets_f1_not_found,,F1 Sensor not found,Sensore F1 non trovato,
widgets_f1_not_found_long,,The F1 Sensor integration was not found. Install it in Home Assistant (HACS: Nicxe/f1_sensor) and its sensors are picked up automatically.,Impossibile trovare l'integrazione del sensore F1. Installalo in Home Assistant (HACS: Nicxe/f1_sensor) e i suoi sensori verranno rilevati automaticamente.,don't translate Home Assistant
widgets_f1_found,,Found %1$d F1 sensors.,Trovato %1$d Sensori F1.,app fills in %1$d — keep them
widgets_f1_default_tab,,Opening tab,Scheda di apertura,
widgets_f1_background_help,,"With no background image the card shows the upcoming race, with the circuit outline as a faint watermark behind it.","Senza immagine di sfondo, la carta mostra la gara imminente, con il contorno del circuito come una debole filigrana dietro di essa.",
widgets_f1_session_fp1,,Practice 1,Pratica 1,
widgets_f1_session_fp2,,Practice 2,Pratica 2,
widgets_f1_session_fp3,,Practice 3,Pratica 3,
widgets_f1_session_sprint_quali,,Sprint qualifying,Qualifiche sprint,
widgets_f1_session_sprint,,Sprint,Sprint,
widgets_f1_session_qualifying,,Qualifying,Qualificazione,
widgets_f1_session_race,,Race,Gara,
widgets_f1_flag_green,,Track clear,Traccia libera,
widgets_f1_flag_yellow,,Yellow flag,Bandiera gialla,
widgets_f1_flag_red,,Red flag,Bandiera rossa,
widgets_f1_flag_safety_car,,Safety car,Auto di sicurezza,
widgets_f1_flag_vsc,,Virtual safety car,Auto di sicurezza virtuale,
widgets_f1_flag_chequered,,Chequered flag,Bandiera a scacchi,
widgets_f1_flag_unknown,,Not running,Non correre,
cr_widget_f1,,Formula 1,Formula 1,
cr_widget_f1_description,,"Race weekend, standings, and results","Fine settimana di gara, classifiche e risultati",
widgets_todo_title,,To-Do List,Lista delle cose da fare,
widgets_todo_shopping_title,,Shopping List,Lista della spesa,
widgets_todo_subtitle,,A shared checklist your family can add to and check off,Una lista di controllo condivisa che la tua famiglia può aggiungere e spuntare,
widgets_todo_empty,,No items yet,Nessun articolo ancora,
widgets_todo_all_done,,All done,Tutto fatto,
widgets_todo_remaining,,%1$d of %2$d left,%1$d di %2$d rimasto,app fills in %1$d %2$d — keep them
widgets_todo_add_placeholder,,Add an item…,Aggiungi un elemento...,
widgets_todo_read_only,,You don't have permission to edit this list.,Non hai l'autorizzazione per modificare questo elenco.,
widgets_todo_filter_active,,To do,Fare,
widgets_todo_filter_all,,All,Tutto,
widgets_todo_filter_done,,Done,Fatto,
widgets_todo_clear_completed,,Clear completed,Cancella completato,
widgets_todo_completed_section,,Completed (%1$d),Completato (%1$d),app fills in %1$d — keep them
widgets_todo_new_category,,New tab,Nuova scheda,
widgets_todo_manage_categories,,Manage tabs,Gestisci le schede,
widgets_todo_edit_item,,Edit item,Modifica elemento,
widgets_todo_item_text,,Item,Articolo,
widgets_todo_quantity,,Quantity,Quantità,
widgets_todo_category,,Category,Categoria,
widgets_todo_note,,Note,Nota,
widgets_todo_priority,,Priority,Priorità,
widgets_todo_priority_low,,Low,Basso,
widgets_todo_priority_normal,,Normal,Normale,
widgets_todo_priority_high,,High,Alta,
widgets_todo_due_date,,Due date,Scadenza,
widgets_todo_clear_due_date,,Clear due date,Data di scadenza chiara,
widgets_todo_delete_item,,Delete,Elimina,
widgets_todo_checked_by,,Checked by %1$s,Controllato da %1$s,app fills in %1$s — keep them
widgets_todo_added_by,,Added by %1$s,Aggiunto da %1$s,app fills in %1$s — keep them
widgets_todo_tab_general,,General,Generale,
widgets_todo_tab_permissions,,Permissions,Autorizzazioni,
widgets_todo_list_type,,List type,Tipo di elenco,
widgets_todo_type_todo,,To-do,Fare,
widgets_todo_type_shopping,,Shopping,Shopping,
widgets_todo_sort_mode,,Sort order,Ordinamento,
widgets_todo_sort_manual,,Manual,Manuale,
widgets_todo_sort_alphabetical,,A–Z,Dalla A alla Z,
widgets_todo_sort_priority,,Priority,Priorità,
widgets_todo_sort_newest,,Newest first,Prima il più recente,
widgets_todo_show_completed,,Show completed items by default,Mostra gli elementi completati per impostazione predefinita,
widgets_todo_hero_list,,Hero list,Elenco degli eroi,
widgets_todo_hero_list_hint,,Show this list's open items on the square card.,Mostra gli elementi aperti di questo elenco sulla scheda quadrata.,
widgets_todo_permissions_subtitle,,"Choose who can add, check off, or remove items","Scegli chi può aggiungere, spuntare o rimuovere elementi",
widgets_todo_perm_everyone,,Everyone,Tutti,
widgets_todo_perm_specific,,Specific family members,Membri specifici della famiglia,
widgets_todo_perm_admin_only,,Admins only,Solo amministratori,
widgets_todo_permissions_admin_required,,Only an admin can choose specific members,Solo un amministratore può scegliere membri specifici,
widgets_todo_no_users_found,,No Home Assistant users found,Nessun utente Home Assistant trovato,don't translate Home Assistant
cr_widget_todo,,To-Do List,Lista delle cose da fare,
cr_widget_todo_description,,"Shared checklist or shopping list, editable by everyone, chosen members, or admins only","Lista di controllo o lista della spesa condivisa, modificabile da tutti, membri selezionati o solo amministratori",
widgets_find_devices_title,,Find my devices,Trova i miei dispositivi,
widgets_find_devices_subtitle,,"Devices, map, and appearance","Dispositivi, mappa e aspetto",
widgets_find_devices_label,,Devices,Dispositivi,
widgets_find_select_devices,,Select devices,Seleziona i dispositivi,
widgets_find_sources_subtitle,,Trackers to show on the map,Tracker da mostrare sulla mappa,
widgets_find_gps_help,,Any device_tracker or person entity can be added. Those reporting GPS coordinates appear on the map; the rest are still listed with their state.,È possibile aggiungere qualsiasi dispositivo_tracker o entità persona. Quelli che riportano le coordinate GPS appaiono sulla mappa; il resto è ancora elencato con il suo stato.,
widgets_find_my_devices,,My devices,I miei dispositivi,
widgets_find_filter_all,,All,Tutto,
widgets_find_filter_devices,,Devices,Dispositivi,
widgets_find_filter_persons,,People,Persone,
widgets_find_showing_selected,,Showing %1$d selected,Mostra %1$d selezionato,app fills in %1$d — keep them
widgets_find_show_all,,Show all,Mostra tutto,
widgets_find_none_in_filter,,Nothing of this kind in this widget,Niente di tutto questo in questo widget,
widgets_find_refresh,,Refresh,Aggiorna,
widgets_find_summary,,%1$d of %2$d home,%1$d di %2$d casa,app fills in %1$d %2$d — keep them
widgets_find_no_devices_selected,,No devices selected,Nessun dispositivo selezionato,
widgets_find_no_location,,None of these devices report a location yet,Nessuno di questi dispositivi segnala ancora una posizione,
widgets_find_no_gps,,No location,Nessuna posizione,
widgets_find_state_home,,Home,Casa,
widgets_find_state_away,,Away,Fuori casa,
widgets_find_state_unknown,,Unknown,Sconosciuta,
cr_widget_find_devices,,Find my devices,Trova i miei dispositivi,
cr_widget_find_devices_description,,"Map of your phones, tags, and trackers","Mappa dei tuoi telefoni, tag e tracker",
widgets_waste_calendar_range,,Calendar range,Intervallo di calendario,
widgets_waste_calendar_days,,%1$d days,%1$d giorni,app fills in %1$d — keep them
widgets_waste_calendar_range_help,,"How far ahead the dialog's calendar looks. It is shown as a week grid, rounded out to whole weeks.","Quanto avanti appare il calendario della finestra di dialogo. Viene visualizzato come una griglia settimanale, arrotondata alle settimane intere.",
widgets_waste_no_collection_on,,No collection on %1$s,Nessuna raccolta su %1$s,app fills in %1$s — keep them
widgets_waste_organic,,Organic waste,Organico,
widgets_waste_packaging,,Packaging,Imballaggi,
widgets_waste_paper,,Paper,Carta,
widgets_waste_residual,,Residual waste,Indifferenziato,
widgets_waste_glass,,Glass,Vetro,
widgets_waste_textiles,,Textiles,Tessili,
widgets_waste_plastic,,Plastic,Plastica,
widgets_waste_christmas_trees,,Christmas trees,Alberi di Natale,
widgets_waste_bulky,,Bulky waste,Rifiuti ingombranti,
widgets_waste_duo_bin,,Duo bin,Bidone doppio,
widgets_weather_title,,Weather,Meteo,
widgets_weather_subtitle,,"Entity, card type, and appearance","Entità, tipo di scheda e aspetto",
widgets_weather_style_current,,Current weather,Meteo attuale,
widgets_weather_style_daily,,Daily forecast,Previsioni giornaliere,
widgets_weather_style_hourly,,Hourly forecast,Previsioni orarie,
widgets_weather_style_horizon,,Sunrise & sunset horizon,Alba e tramonto,
widgets_weather_style_wind,,Wind compass,Bussola del vento,
widgets_weather_style_rain_map,,Rain map (image URL),Mappa della pioggia (URL immagine),
widgets_compass_directions,1,N,N,
widgets_compass_directions,2,NNE,NNE,
widgets_compass_directions,3,NE,NE,
widgets_compass_directions,4,ENE,ENE,
widgets_compass_directions,5,E,E,
widgets_compass_directions,6,ESE,ESE,
widgets_compass_directions,7,SE,SE,
widgets_compass_directions,8,SSE,SSE,
widgets_compass_directions,9,S,S,
widgets_compass_directions,10,SSW,SSO,
widgets_compass_directions,11,SW,SO,
widgets_compass_directions,12,WSW,OSO,
widgets_compass_directions,13,W,O,
widgets_compass_directions,14,WNW,ONO,
widgets_compass_directions,15,NW,NO,
widgets_compass_directions,16,NNW,NNO,
widgets_battery_entities,,Battery entities,Entità batteria,
widgets_battery_settings,,Battery settings,Impostazioni batteria,
widgets_battery_empty_view_hint,,This battery view is empty. Swipe down on the header and open Battery settings to add entities manually.,Questa vista è vuota. Scorri verso il basso sull’intestazione e apri Impostazioni batteria per aggiungere manualmente le entità.,
widgets_battery_levels_title,,Battery levels,Livelli batteria,
widgets_battery_levels_subtitle,,"Thresholds, sources, and appearance","Soglie, sorgenti e aspetto",
widgets_battery_rules,,Battery rules,Regole batteria,
widgets_battery_all,,All,Tutte,
widgets_battery_critical,,Critical,Critica,
widgets_battery_low,,Low,Bassa,
widgets_battery_watch,,Watch,Da controllare,
widgets_battery_good,,Good,Buona,
widgets_battery_unknown,,Unknown,Sconosciuta,
widgets_battery_range_good,,Above 50%,Oltre il 50%,
widgets_battery_range_unknown,,Unavailable or unknown,Non disponibile o sconosciuta,
widgets_battery_no_data,,No battery data,Nessun dato batteria,
widgets_battery_levels_unavailable,,Battery levels unavailable,Livelli batteria non disponibili,
widgets_battery_levels_healthy,,Battery levels look healthy,I livelli delle batterie sono buoni,
widgets_battery_lowest_detail,,Lowest: %1$s at %2$d%%,Più bassa: %1$s al %2$d%%,app fills in %1$s %2$d — keep them
widgets_battery_showing_plus,,Showing Battery+ devices,Dispositivi Battery+ visualizzati,
widgets_battery_waiting_levels,,Waiting for reported levels,In attesa dei livelli segnalati,
widgets_battery_lowest,,Lowest,Più bassa,
widgets_battery_attention,,Attention,Attenzione,
widgets_battery_tracked,,Tracked,Monitorate,
widgets_battery_level,,Level,Livello,
widgets_battery_name,,Name,Nome,
widgets_battery_type,,Battery type,Tipo di batteria,
widgets_battery_entity,,Entity,Entità,
widgets_battery_quantity,,Quantity,Quantità,
widgets_battery_quantity_short,,Qty %1$s,Qtà %1$s,app fills in %1$s — keep them
widgets_battery_device_id,,Device ID,ID dispositivo,
widgets_battery_unknown_type,,Unknown type,Tipo sconosciuto,
widgets_battery_sort_summary,,Sort: %1$s,Ordina: %1$s,app fills in %1$s — keep them
widgets_battery_no_filters,,No filters active,Nessun filtro attivo,
widgets_battery_collapse_filters,,Collapse filters,Comprimi filtri,
widgets_battery_expand_filters,,Expand filters,Espandi filtri,
widgets_battery_low_count,one,%1$d low battery,%1$d batteria scarica,app fills in %1$d — keep them
widgets_battery_low_count,other,%1$d low batteries,%1$d batterie scariche,app fills in %1$d — keep them
widgets_battery_critical_count,one,%1$d critical battery,%1$d batteria critica,app fills in %1$d — keep them
widgets_battery_critical_count,other,%1$d critical batteries,%1$d batterie critiche,app fills in %1$d — keep them
widgets_battery_attention_count,one,%1$d battery needs attention,%1$d batteria richiede attenzione,app fills in %1$d — keep them
widgets_battery_attention_count,other,%1$d batteries need attention,%1$d batterie richiedono attenzione,app fills in %1$d — keep them
widgets_energy_day,,Day,Giorno,
widgets_energy_week,,Week,Settimana,
widgets_energy_month,,Month,Mese,
widgets_energy_year,,Year,Anno,
widgets_energy_this_week,,This week,Questa settimana,
widgets_energy_this_month,,This month,Questo mese,
widgets_energy_this_year,,This year,Quest’anno,
widgets_energy_today_lower,,today,oggi,
widgets_energy_this_week_lower,,this week,questa settimana,
widgets_energy_this_month_lower,,this month,questo mese,
widgets_energy_this_year_lower,,this year,quest’anno,
widgets_energy_yesterday_lower,,yesterday,ieri,
widgets_energy_consumed_solar,,Consumed solar,Solare autoconsumato,
widgets_energy_imported,,Imported,Importata,
widgets_energy_exported,,Exported,Esportata,
widgets_energy_phase_number,,Phase %1$d,Fase %1$d,app fills in %1$d — keep them
widgets_energy_forecast_number,,Forecast %1$d,Previsione %1$d,app fills in %1$d — keep them
widgets_energy_ha_forecast,,Home Assistant forecast,Previsione Home Assistant,don't translate Home Assistant
widgets_battery_search,,Search devices,Cerca dispositivi,
widgets_battery_none,,No batteries match that search.,Nessuna batteria corrisponde a quella ricerca.,
widgets_battery_open_page,,Open battery page,Apri la pagina della batteria,
cr_widget_clock,,Clock,Orologio,
cr_widget_clock_description,,"An analog or digital clock, in the style you pick, with the date and your next alarm.","Un orologio analogico o digitale, nello stile che preferisci, con la data e la prossima sveglia.",
clock_widget_title,,Clock,Orologio,
clock_widget_subtitle,,"Face, styling and what it shows","Viso, styling e cosa mostra",
clock_title_label,,Title (optional),Titolo (facoltativo),
clock_face_section,,Face,Viso,
clock_face_section_subtitle,,"Analog or digital, and which design",Analogico o digitale e quale design,
clock_shows_section,,Shows,Spettacoli,
clock_shows_section_subtitle,,Choose what appears alongside the time,Scegli cosa appare accanto all'ora,
clock_mode_analog,,Analog,Analogico,
clock_mode_digital,,Digital,Digitale,
clock_style,,Style,Stile,
clock_24_hour,,24-hour clock,Orologio a 24 ore,
clock_seconds,,Seconds,Secondi,
clock_date,,Date,Data,
clock_day_name,,Day of the week,Giorno della settimana,
clock_year,,Year,Anno,
clock_style_classic,,Classic,Classico,
clock_style_minimal,,Minimal,Minimo,
clock_style_roman,,Roman,romano,
clock_style_railway,,Railway,Ferrovia,
clock_style_bauhaus,,Bauhaus,Bauhaus,
clock_style_neon,,Neon,Neon,
clock_style_skeleton,,Skeleton,Scheletro,
clock_style_plain,,Plain,Pianura,
clock_style_segment,,Segment,Segmento,
clock_style_mono,,Monospace,A spaziatura fissa,
clock_style_flip,,Flip,Capovolgi,
clock_style_outline,,Outline,Contorno,
clock_style_stacked,,Stacked,Impilato,
clock_style_dots,,Dots,Punti,
clock_alarms_title,,Next alarm,Prossimo allarme,
clock_no_alarm,,No alarm is set.,Non è impostata alcuna sveglia.,
clock_alarm_set_by,,Set by %1$s,Impostato da %1$s,app fills in %1$s — keep them
clock_alarms_platform_note,,"Android only tells other apps about the next alarm, so alarms cannot be listed or switched on and off from here.","Android comunica alle altre app solo la prossima sveglia, quindi le sveglie non possono essere elencate o attivate e disattivate da qui.",
clock_open_clock_app,,Open Clock app,Apri l'app Orologio,
clock_open_failed,,No clock app could be opened. Pick one in this widget's settings.,Non è stato possibile aprire l'app dell'orologio. Scegline uno nelle impostazioni di questo widget.,
clock_app_section,,Clock app,Applicazione orologio,
clock_app_section_subtitle,,Which app the alarm dialog opens,Quale app si apre la finestra di dialogo dell'allarme,
clock_app_automatic,,Automatic,Automatico,
clock_app_none_found,,No clock app was found on this device.,Nessuna app orologio trovata su questo dispositivo.,
