key,item,english,translation,notes
language_title,,Language,Valoda,
language_display_title,,Display language,Displeja valoda,
language_display_subtitle,,Follows your device by default; choose one to override it,"Pēc noklusējuma seko jūsu ierīcei; izvēlieties vienu, lai to ignorētu",
language_system,,System default,Sistēmas noklusējums,
language_selected,,Selected,Atlasīts,
nav_home,,Home,Sākums,
nav_rooms,,Rooms,Istabas,
nav_security,,Security,Drošība,
nav_energy,,Energy,Enerģija,
nav_climate,,Climate,Klimats,
nav_battery,,Battery,Akumulators,
nav_settings,,Settings,Iestatījumi,
nav_room_detail,,Room Detail,Telpas detaļas,
settings_title_connection,,Connection,Savienojums,
settings_title_profile,,Profile,Profils,
settings_title_location,,Location,Atrašanās vieta,
settings_title_notifications,,Notifications,Paziņojumi,
settings_title_appearance,,Appearance,Izskats,
settings_title_header,,Header,Virsraksts,
settings_title_theme,,Theme,Tēma,
settings_title_fonts,,Fonts,Fonti,
settings_title_corners,,Corners,Stūri,
settings_title_icons,,Icons,Ikonas,
settings_title_nav_bar,,Navigation Bar,Navigācijas josla,
settings_title_media_players,,Media Players,Multivides atskaņotāji,
settings_title_dashboard,,Dashboard,Informācijas panelis,
settings_title_family_sharing,,Family Sharing,Ģimenes koplietošana,
settings_title_backup_restore,,Backup and Restore,Dublēšana un atjaunošana,
settings_title_account,,Account,Konts,
settings_title_about,,About HKI 7,Aptuveni HKI 7,don't translate HKI 7
settings_title_license,,License,Licence,
settings_title_support,,Support,Atbalsts,
settings_subtitle_menu,,Everything that shapes your HKI 7 experience,"Viss, kas veido jūsu HKI 7 pieredzi",don't translate HKI 7
settings_subtitle_account,,Your profile and this app installation,Jūsu profils un šī lietotnes instalēšana,
settings_subtitle_profile,,Personal details used throughout your dashboard,"Personiskā informācija, kas tiek izmantota visā informācijas panelī",
settings_subtitle_connection,,Server routes and local-network preferences,Servera maršruti un lokālā tīkla preferences,
settings_subtitle_location,,Presence updates and background access,Klātbūtnes atjauninājumi un piekļuve fonam,
settings_subtitle_dashboard,,"Dashboards, tabs, media players, and popups","Informācijas paneļi, cilnes, multivides atskaņotāji un uznirstošie logi",
settings_subtitle_appearance,,Make the dashboard feel like yours,Ļaujiet informācijas panelim justies kā savējam,
settings_subtitle_corners,,"Roundness of buttons, cards, and widgets","Pogu, kartīšu un logrīku apaļums",
settings_subtitle_icons,,Icon animations and per-domain effects,Ikonu animācijas un efekti katram domēnam,
settings_subtitle_header,,Choose whether the dashboard header is shown,"Izvēlieties, vai tiek rādīta informācijas paneļa galvene",
settings_subtitle_theme,,"Color, contrast, mode, and corner styling","Krāsa, kontrasts, režīms un stūra stils",
settings_subtitle_fonts,,"Size, weight, and typeface readability","Lielums, svars un burtu lasāmība",
settings_subtitle_nav_bar,,Choose which destinations are always within reach,"Izvēlieties, kuri galamērķi vienmēr ir sasniedzami",
settings_subtitle_media_players,,Names and mini-player visibility,Vārdi un mini spēlētāja redzamība,
settings_subtitle_notifications,,"Push delivery, history, and service behavior","Push piegāde, vēsture un pakalpojumu darbība",
settings_subtitle_backup_restore,,Protect or move your dashboard configuration,Aizsargājiet vai pārvietojiet informācijas paneļa konfigurāciju,
settings_subtitle_family_sharing,,"Parental controls, dashboard sharing, and recipient permissions","Vecāku kontrole, informācijas paneļa kopīgošana un adresātu atļaujas",
settings_subtitle_about,,"The project, technology, and people behind HKI 7","Projekts, tehnoloģija un cilvēki aiz HKI 7",don't translate HKI 7
settings_subtitle_license,,Open-source community core and optional premium materials,Atvērtā pirmkoda kopienas kodols un papildu augstākās kvalitātes materiāli,
settings_subtitle_support,,Ways to help HKI 7 grow without buying Premium,"Veidi, kā palīdzēt HKI 7 augt, nepērkot Premium",don't translate HKI 7
notification_channel_general,,General,Ģenerālis,
location_channel_name,,Location sharing,Atrašanās vietas kopīgošana,
location_notification_title,,Home Assistant location,Home Assistant atrašanās vieta,don't translate Home Assistant
location_notification_text,,Sharing your location with Home Assistant,Jūsu atrašanās vietas kopīgošana ar Home Assistant,don't translate Home Assistant
push_connection_channel_name,,Notification connection,Paziņojumu savienojums,
push_connection_notification_title,,Connected to Home Assistant,Savienots ar Home Assistant,don't translate Home Assistant
push_connection_notification_text,,Listening for notifications,Paziņojumu uzklausīšana,
parcel_title,,Parcels,Pakas,
parcel_generic_carrier,,Carrier,Pārvadātājs,
parcel_incoming,,Incoming,Ienākošie,
parcel_delivered,,Delivered,Piegādāts,
parcel_outgoing,,Outgoing,Izejošais,
parcel_letters,,Letters,Vēstules,
parcel_mail,,Mail,Pasts,
parcel_summary,,%1$d incoming · %2$d outgoing,%1$d ienākošais · %2$d izejošais,app fills in %1$d %2$d — keep them
parcel_summary_with_letters,,%1$d incoming · %2$d outgoing · %3$d letters,%1$d ienākošais · %2$d izejošais · %3$d burti,app fills in %1$d %2$d %3$d — keep them
parcel_carrier_summary_with_letters,,%1$d incoming · %2$d outgoing · %3$d letters,%1$d ienākošais · %2$d izejošais · %3$d burti,app fills in %1$d %2$d %3$d — keep them
parcel_summary_with_letter_count,,%1$d incoming · %2$d outgoing · %3$s,%1$d ienākošais · %2$d izejošais · %3$s,app fills in %1$d %2$d %3$s — keep them
parcel_tracking_history,,Tracking history,Izsekošanas vēsture,
parcel_tracking_history_subtitle,,Parcel journey and status updates,Pakas ceļojums un statusa atjauninājumi,
parcel_choose_carrier_account,,Choose a carrier account,Izvēlieties mobilo sakaru operatora kontu,
parcel_empty_tab,,No %1$s parcels.,Nav %1$s paku.,app fills in %1$s — keep them
parcel_no_incoming,,No incoming parcels.,Nav ienākošu paku.,
parcel_no_delivered,,No delivered parcels.,Nav piegādātu paku.,
parcel_no_outgoing,,No outgoing parcels.,Nav izejošo paku.,
parcel_stage_registered,,Registered,Reģistrēts,
parcel_stage_sorting,,Sorting,Šķirošana,
parcel_stage_on_the_way,,On the way,Pa ceļam,
parcel_unknown_status,,Unknown status,Nezināms statuss,
parcel_status_in_transit,,In transit,Tranzītā,
parcel_status_out_for_delivery,,Out for delivery,Iziet piegādei,
parcel_status_at_pickup_point,,Ready at pickup point,Gatavs saņemšanas punktā,
parcel_status_ready_to_send,,Ready to send,Gatavs sūtīšanai,
parcel_letter_preview,,Letter preview,Vēstules priekšskatījums,
parcel_carriers,,Carriers,Pārvadātāji,
parcel_track_new,,Track a new %1$s parcel by number,Izsekojiet jaunu %1$s paku pēc numura,app fills in %1$s — keep them
parcel_choose_carrier,,Choose a carrier,Izvēlieties mobilo sakaru operatoru,
parcel_settings_subtitle,,"Carrier accounts, aggregation, and appearance","Pārvadātāju konti, apkopošana un izskats",
parcel_settings_accounts,,Accounts,Konti,
parcel_settings_organization,,Organization,Organizācija,
parcel_settings_appearance,,Appearance,Izskats,
action_remove,,Remove,Noņemt,
notification_delete,,Delete notification,Dzēst paziņojumu,
notification_mark_all_read,,Mark all as read,Atzīmēt visu kā izlasītu,
notification_mark_all_unread,,Mark all as unread,Atzīmēt visu kā nelasītu,
notification_delete_all,,Delete all,Dzēst visu,
notification_delete_all_archived,,Delete all archived,Dzēst visu arhivēto,
notification_unread,,Unread,Nelasīts,
notification_history,,History,Vēsture,
notification_mark_unread,,Mark as unread,Atzīmēt kā nelasītu,
notification_mark_read,,Mark as read,Atzīmēt kā izlasītu,
notification_archive,,Archive,Arhīvs,
notification_unarchive,,Unarchive,Atarhivēt,
notification_delete_action,,Delete,Dzēst,
entity_search_select_items,,Select items,Atlasiet vienumus,
entity_search_choose_one,,Search and choose one entity,Meklējiet un izvēlieties vienu entītiju,
entity_search_choose_multiple,,Search and select one or more entities,Meklējiet un atlasiet vienu vai vairākas entītijas,
global_search_title,,Search,Meklēt,
global_search_subtitle,,Find and control any Home Assistant device or entity,Atrodiet un kontrolējiet jebkuru Home Assistant ierīci vai entītiju,don't translate Home Assistant
global_search_clear,,Clear search,Notīrīt meklēšanu,
global_search_no_devices,,No matching devices.,Nav atbilstošu ierīču.,
global_search_no_entities,,No matching entities.,Nav atbilstošu entītiju.,
security_title,,Security,Drošība,
security_subtitle,,Home status and activity,Mājas statuss un darbība,
security_settings,,Security settings,Drošības iestatījumi,
security_entities,,Security entities,Drošības vienības,
security_reimport,,Re-import,Atkārtoti importēt,
security_group_doors,,Doors,Durvis,
security_group_doors_subtitle,,Door contacts,Durvju kontakti,
security_group_windows,,Windows,Windows,
security_group_windows_subtitle,,Window contacts,Logu kontakti,
security_group_openings,,Openings,Atvērumi,
security_group_openings_subtitle,,Garage doors and other openings,Garāžu durvis un citas atveres,
security_group_garage_doors,,Garage doors,Garāžas durvis,
security_group_garage_doors_subtitle,,Garage door covers,Garāžas durvju pārsegi,
security_group_covers,,Covers,Vāki,
security_group_covers_subtitle,,"Blinds, shutters, and gates","Žalūzijas, žalūzijas un vārti",
security_group_locks,,Locks,Slēdzenes,
security_group_locks_subtitle,,Door and gate locks,Durvju un vārtu slēdzenes,
security_group_motion,,Motion,Kustība,
security_group_motion_subtitle,,Motion detection,Kustības noteikšana,
security_group_presence,,Presence,Klātbūtne,
security_group_presence_subtitle,,Occupancy sensors,Noslogotības sensori,
security_group_fire,,Fire and temperature,Uguns un temperatūra,
security_group_fire_subtitle,,"Fire, heat, cold, and safety alarms","Uguns, karstuma, aukstuma un drošības signalizācija",
security_group_smoke,,Smoke,Smēķēt,
security_group_smoke_subtitle,,Smoke detectors,Dūmu detektori,
security_group_gas,,Gas,Gāze,
security_group_gas_subtitle,,Combustible gas sensors,Deggāzes sensori,
security_group_co2,,CO / CO₂,CO / CO₂,
security_group_co2_subtitle,,Carbon monoxide and carbon dioxide sensors,Oglekļa monoksīda un oglekļa dioksīda sensori,
security_group_moisture,,Leaks,Noplūdes,
security_group_moisture_subtitle,,Moisture and water leaks,Mitruma un ūdens noplūde,
security_group_sound,,Sound,Skaņa,
security_group_sound_subtitle,,Sound and glass-break sensors,Skaņas un stikla plīšanas sensori,
security_group_light,,Light detection,Gaismas noteikšana,
security_group_light_subtitle,,Light and beam sensors,Gaismas un staru sensori,
security_group_alarms,,Alarm systems,Signalizācijas sistēmas,
security_group_alarms_subtitle,,Alarm control panels,Signalizācijas vadības paneļi,
security_group_cameras,,Cameras,Kameras,
security_group_cameras_subtitle,,Camera feeds,Kameras plūsmas,
security_no_search_active,,No search active · %1$s,Meklēšana nav aktīva · %1$s,app fills in %1$s — keep them
security_status_alert,,Security alert,Drošības brīdinājums,
security_status_alarm_pending,,Alarm pending,Gaidāma trauksme,
security_status_changing_alarm,,Changing alarm mode,Modinātāja režīma maiņa,
security_status_needs_attention,,Needs attention,Nepieciešama uzmanība,
security_status_motion,,Motion detected,Noteikta kustība,
security_status_sensor_activity,,Sensor activity,Sensoru darbība,
security_status_alarm_unavailable,,Alarm unavailable,Signalizācija nav pieejama,
security_status_devices_unavailable,,Devices unavailable,Ierīces nav pieejamas,
security_status_cameras_offline,,Cameras offline,Kameras bezsaistē,
security_status_all_secure,,All secure,Viss droši,
security_status_alarm_disarmed,,Alarm disarmed,Signalizācija ir atbruņota,
security_status_all_clear,,All clear,Viss skaidrs,
security_status_no_data,,No security data,Nav drošības datu,
security_metric_openings,,Openings,Atvērumi,
security_metric_locked,,Locked,Bloķēts,
security_metric_cameras_online,,Cameras online,Kameras tiešsaistē,
security_card_title,,Security card,Drošības karte,
security_card_subtitle,,"Name, layout, and card appearance","Nosaukums, izkārtojums un kartes izskats",
security_stat_total,,Total,Kopā,
security_stat_active,,Active,Aktīvs,
security_stat_clear,,Clear,Skaidrs,
security_cover_open,,Open,Atvērt,
security_cover_stop,,Stop,Stop,
security_cover_close,,Close,Aizvērt,
security_restore,,Restore,Atjaunot,
security_empty,,This is an empty security view. Swipe down on the header and open Security settings to add entities manually.,"Šis ir tukšs drošības skats. Velciet uz leju virs virsraksta un atveriet Drošības iestatījumus, lai manuāli pievienotu entītijas.",
connection_stopping_for_restart,,Stopping for restart…,Tiek apturēta restartēšanai…,
connection_starting,,Home Assistant is starting…,Home Assistant sākas…,don't translate Home Assistant
connection_restoring_dashboard,,Restoring your dashboard…,Notiek informācijas paneļa atjaunošana…,
connection_restarting,,Home Assistant is restarting…,Home Assistant tiek restartēts…,don't translate Home Assistant
connection_auto_generating,,Auto-generating rooms and widgets…,Telpu un logrīku automātiska ģenerēšana…,
connection_reconnecting,,Reconnecting to Home Assistant…,Notiek atkārtota savienojuma izveide ar Home Assistant…,don't translate Home Assistant
connection_unavailable_retrying,,Unavailable · Retrying…,Nav pieejams · Notiek atkārtots mēģinājums…,
connection_paused,,Connection paused,Savienojums apturēts,
connection_connected,,Connected,Savienots,
connection_server_not_found,,Server address could not be found,Servera adresi nevarēja atrast,
connection_timed_out,,Connection timed out,Savienojuma noildze,
connection_no_route,,No network route to Home Assistant,Nav tīkla maršruta uz Home Assistant,don't translate Home Assistant
connection_could_not_connect,,Could not connect to Home Assistant,Nevarēja izveidot savienojumu ar Home Assistant,don't translate Home Assistant
connection_secure_failed,,Secure connection failed,Neizdevās izveidot drošu savienojumu,
connection_session_expired_refreshing,,Session expired · Refreshing login…,Sesija beidzās · Notiek pieteikšanās atsvaidzināšana…,
connection_interrupted,,Connection was interrupted,Savienojums tika pārtraukts,
connection_error_title,,Connection error,Savienojuma kļūda,
connection_all_systems_normal,,All systems normal,Visas sistēmas ir normālas,
action_undo,,Undo,Atsaukt,
action_redo,,Redo,Atkārtoti,
connection_route_local,,Local,Vietējais,
connection_route_nabu_casa,,Nabu Casa,Nabu Casa,don't translate Nabu Casa
connection_route_external,,External,Ārējais,
settings_connection_via,,Connected via %1$s,"Savienots, izmantojot %1$s",app fills in %1$s — keep them
settings_connection_unknown,,Unknown,Nezināms,
settings_connection_connecting,,Connecting…,Notiek savienojuma izveide…,
settings_this_home,,this home,šīs mājas,
settings_local_network_allowed,,Allowed,Atļauts,
settings_local_network_not_allowed,,Not allowed — Home Assistant cannot be reached directly on your Wi-Fi,"Nav atļauts — Home Assistant nevar tieši sasniegt, izmantojot jūsu Wi-Fi",don't translate Home Assistant
settings_current_wifi,,Current Wi-Fi,Pašreizējais Wi-Fi,
settings_wifi_unavailable,,Not connected or location permission is missing,Nav izveidots savienojums vai trūkst atrašanās vietas atļaujas,
settings_just_now,,just now,tikai tagad,
settings_primary_app_language,,Primary application language,Galvenā lietojumprogrammas valoda,
settings_android_build_configuration,,Android resources and build configuration,Android resursi un būvējuma konfigurācija,
page_settings_default_title,,Page settings,Lapas iestatījumi,
page_settings_choose_area,,Choose an area to configure,"Izvēlieties apgabalu, ko konfigurēt",
page_settings_focused_options,,Focused options for this page area,Fokusētās opcijas šim lapas apgabalam,
page_settings_header_description,,Wallpaper and custom header color,Tapetes un pielāgota galvenes krāsa,
page_settings_custom_page_description,,"Name, subtitle, and navigation icon","Nosaukums, subtitri un navigācijas ikona",
page_settings_badge_bar,,Badge bar,Žetonu josla,
page_settings_badge_description,,"Visibility, alignment, and display options","Redzamības, izlīdzināšanas un displeja opcijas",
page_settings_persons,,Persons,Personas,
page_settings_persons_description,,Visibility and ordering,Redzamība un pasūtīšana,
page_settings_configure,,Configure,Konfigurēt,
room_config_title,,Room configuration,Telpas konfigurācija,
header_pill_left,,Left header pill,Kreisās galvenes tablete,
header_pill_right,,Right header pill,Labās galvenes tablete,
alignment_split,,Split,Sadalīt,
alignment_center,,Center,Centrs,
weather_cloudy,,Cloudy,Mākoņains,
home_default_markdown_content,,# Markdown\nOpen this widget's settings in **edit mode** to write your own content.,"# Markdown\nAtveriet šī logrīka iestatījumus **rediģēšanas režīmā**, lai rakstītu savu saturu.",\n = line break
home_settings_title,,Home settings,Mājas iestatījumi,
custom_page_settings_title,,%1$s settings,%1$s iestatījumi,app fills in %1$s — keep them
home_empty,,This is the homepage. Add widgets by swiping down on the header and enabling edit mode.,"Šī ir mājas lapa. Pievienojiet logrīkus, velkot lejup pa galveni un iespējojot rediģēšanas režīmu.",
custom_page_empty,,This page is empty. Add widgets by swiping down on the header and enabling edit mode.,"Šī lapa ir tukša. Pievienojiet logrīkus, velkot lejup pa galveni un iespējojot rediģēšanas režīmu.",
select_camera_title,,Select camera,Izvēlieties kameru,
select_entity_title,,Select entity,Izvēlieties entītiju,
custom_camera_default_name,,Custom camera,Pielāgota kamera,
rooms_settings_title,,Rooms settings,Telpu iestatījumi,
rooms_empty,,The rooms view is empty. Swipe down on the header and enable edit mode to add floors and rooms.,"Istabas skats ir tukšs. Velciet uz leju virs virsraksta un iespējojiet rediģēšanas režīmu, lai pievienotu stāvus un telpas.",
floor_expand,,Expand floor,Paplašināt grīdu,
floor_collapse,,Collapse floor,Sabrukt grīdu,
floor_settings_title,,Floor,Stāvs,
floor_settings_subtitle,,"Identity, layout, and card style","Identitāte, izkārtojums un kartes stils",
universal_effects,,Effects,Efekti,
universal_open_door,,Open door,Atvērt durvis,
universal_vacuum_dock,,Dock,Doks,
universal_start,,Start,Sākt,
universal_pause,,Pause,Pauze,
universal_stop,,Stop,Stop,
universal_locate,,Locate,Atrodiet,
universal_room_number,,Room %1$d,Telpa %1$d,app fills in %1$d — keep them
core_optional_display_name,,Optional display name override,Izvēles parādāmā nosaukuma ignorēšana,
core_media_paused_track,,Paused: %1$s,Pauzēts: %1$s,app fills in %1$s — keep them
core_percent_value,,%1$d percent,%1$d procenti,app fills in %1$d — keep them
core_current_humidity,,Current humidity,Pašreizējais mitrums,
core_tank_water_level,,Tank / water level,Tvertne / ūdens līmenis,
core_pm25,,PM2.5,"PM2,5",
core_error_code,,Error code,Kļūdas kods,
core_bucket_full,,Bucket full,Spainis pilns,
core_clean_filter,,Clean filter,Notīriet filtru,
core_ionizer,,Ionizer,Jonizators,
core_pump,,Pump,Sūknis,
core_beep_on_command,,Beep on command,Pīkstiens pēc komandas,
core_dawn,,Dawn,Rītausma,
core_solar_noon,,Solar noon,Saules pusdienlaiks,
core_dusk,,Dusk,Krēsla,
core_icon_category_common,,Common,Bieži,
core_icon_category_home,,Home,Sākums,
core_icon_category_weather,,Weather,Laikapstākļi,
core_icon_category_lock,,Lock,Slēdzene,
core_icon_category_people,,People,Cilvēki,
core_icon_category_auto,,Automotive,Automašīna,
core_icon_category_music,,Music,Mūzika,
core_icon_category_battery,,Battery,Akumulators,
core_icon_category_nature,,Nature,Daba,
core_icon_category_places,,Places,Vietas,
core_icon_category_food,,Food,Pārtika,
core_icon_category_navigation,,Navigation,Navigācija,
core_icon_category_devices,,Devices,Ierīces,
core_icon_category_map,,Map,Karte,
core_icon_category_media,,Media,Plašsaziņas līdzekļi,
core_icon_category_communication,,Communication,Komunikācija,
core_icon_category_health,,Health,Veselība,
core_icon_category_vehicles,,Vehicles,Transportlīdzekļi,
core_icon_category_buildings,,Buildings,Ēkas,
core_icon_category_electrical,,Electrical,Elektriskās,
core_icon_category_sport,,Sport,Sports,
core_icon_category_objects,,Objects,Objekti,
core_icon_category_commerce,,Commerce,Tirdzniecība,
core_icon_category_games,,Games,Spēles,
core_icon_category_finance,,Finance,Finanses,
background_notification_channel_general,,General,Ģenerālis,
background_location_channel_name,,Location sharing,Atrašanās vietas kopīgošana,
background_location_channel_description,,Keeps your device location up to date in Home Assistant,Jūsu ierīces atrašanās vieta tiek atjaunināta Home Assistant,don't translate Home Assistant
background_location_notification_title,,Home Assistant location sharing,Home Assistant atrašanās vietas kopīgošana,don't translate Home Assistant
background_location_notification_text,,Sharing your location with Home Assistant,Jūsu atrašanās vietas kopīgošana ar Home Assistant,don't translate Home Assistant
background_push_channel_name,,Notification connection,Paziņojumu savienojums,
background_push_channel_description,,Keeps a background connection to Home Assistant for instant notifications,Uztur fona savienojumu ar Home Assistant tūlītējiem paziņojumiem,don't translate Home Assistant
background_push_notification_title,,Connected to Home Assistant,Savienots ar Home Assistant,don't translate Home Assistant
background_push_notification_text,,Waiting for notifications,Gaida paziņojumus,
background_push_hide_action,,Hide this notification,Slēpt šo paziņojumu,
button_style_centered,,Centered,Centrēts,
button_elements,,Elements,Elementi,
button_elements_description,,What appears on this button. Hide the name and state for an icon on its own.,Kas parādās uz šīs pogas. Slēpt ikonas nosaukumu un stāvokli atsevišķi.,
stack_elements_title,,Elements on every button in this stack,Elementi uz katras pogas šajā kaudzē,
stack_elements_description,,"These apply to the whole stack, not to one button. Turning something off here hides it on every button in the stack; leaving it on lets each button decide for itself in its own settings.","Tie attiecas uz visu kaudzīti, nevis uz vienu pogu. Izslēdzot kaut ko šeit, tas tiek paslēpts uz katras kaudzes pogas; atstājot to ieslēgtu, katra poga pati izlemj savos iestatījumos.",
button_element_icon,,Icon,Ikona,
button_element_name,,Name,Vārds,
button_element_state,,State,valsts,
stack_show_title,,Show name,Parādīt vārdu,
stack_show_title_description,,Turn off for a stack with no heading at all.,"Izslēdziet, ja vēlaties izveidot skursteni bez virsraksta.",
stack_show_icon,,Show icon,Rādīt ikonu,
stack_show_icon_description,,The icon beside the heading.,Ikona blakus virsrakstam.,
stack_center_title,,Center the heading,Centrējiet virsrakstu,
stack_center_title_description,,Puts the icon and name in the middle instead of against the left edge.,"Novieto ikonu un nosaukumu vidū, nevis pret kreiso malu.",
cr_state_on,,On,Ieslēgts,
cr_state_off,,Off,Izslēgts,
cr_open,,Open,Atvērt,
cr_close,,Close,Aizvērt,
cr_stop,,Stop,Stop,
cr_closed,,Closed,Slēgts,
cr_opening,,Opening,Atvēršana,
cr_closing,,Closing,Noslēgšana,
cr_locked,,Locked,Bloķēts,
cr_unlocked,,Unlocked,Atbloķēts,
cr_unavailable,,Unavailable,Nav pieejams,
cr_unknown,,Unknown,Nezināms,
cr_idle,,Idle,Dīkstāvē,
cr_home,,Home,Sākums,
cr_away,,Away,Prom,
cr_cleaning,,Cleaning,Tīrīšana,
cr_returning,,Returning,Atgriežoties,
cr_paused,,Paused,Pauzēts,
cr_error,,Error,Kļūda,
cr_playing,,Playing,Spēlē,
cr_buffering,,Buffering,Buferizācija,
cr_standby,,Standby,Gaidīšanas režīms,
cr_humidifying,,Humidifying,Mitrinošs,
cr_drying,,Drying,Žāvēšana,
cr_detected,,Detected,Atklāts,
cr_clear,,Clear,Skaidrs,
cr_problem,,Problem,Problēma,
cr_ok,,OK,Labi,
cr_low,,Low,Zems,
cr_normal,,Normal,Normāls,
cr_connected,,Connected,Savienots,
cr_disconnected,,Disconnected,Atvienots,
cr_plugged_in,,Plugged in,Pieslēgts elektrotīklam,
cr_unplugged,,Unplugged,Atvienots,
cr_wet,,Wet,Slapjš,
cr_dry,,Dry,Sauss,
cr_none,,None,Nav,
cr_any,,Any,Jebkurš,
cr_remove,,Remove,Noņemt,
cr_restore,,Restore,Atjaunot,
cr_general,,General,Ģenerālis,
cr_identity,,Identity,Identitāte,
cr_appearance,,Appearance,Izskats,
cr_layout,,Layout,Izkārtojums,
cr_behavior,,Behavior,Uzvedība,
cr_profiles,,Profiles,Profili,
cr_playback,,Playback,Atskaņošana,
cr_content,,Content,Saturs,
cr_actions,,Actions,Darbības,
cr_protection,,Protection,Aizsardzība,
cr_power,,Power,Jauda,
cr_brightness,,Brightness,Spilgtums,
cr_temperature,,Temperature,Temperatūra,
cr_color,,Color,Krāsa,
cr_min,,Min,Min,
cr_avg,,Avg,Vid,
cr_max,,Max,Maks,
cr_now,,Now,Tagad,
cr_lowest,,Lowest,Zemākais,
cr_average,,Average,Vidēji,
cr_highest,,Highest,Augstākais,
cr_live,,Live,Tiešraidē,
cr_once,,Once,Vienreiz,
cr_daily,,Daily,Ikdienas,
cr_weekly,,Weekly,Iknedēļas,
cr_monthly,,Monthly,Ikmēneša,
cr_yearly,,Yearly,Ik gadu,
cr_action_tap,,Tap,Pieskarieties,
cr_action_double_tap,,Double tap,Veiciet dubultskārienu,
cr_action_hold,,Hold,Turiet,
cr_mode,,Mode,Režīms,
cr_mode_auto,,Auto,Auto,
cr_mode_heat,,Heat,Siltums,
cr_mode_cool,,Cool,Forši,
cr_mode_heat_cool,,Heat/cool,Sildiet/dzesējiet,
cr_mode_dry,,Dry,Sauss,
cr_mode_fan_only,,Fan only,Tikai ventilators,
cr_mode_low,,Low,Zems,
cr_mode_medium,,Medium,Vidēja,
cr_mode_high,,High,Augsts,
cr_mode_quiet,,Quiet,Kluss,
cr_mode_boost,,Boost,Pastiprināt,
cr_mode_eco,,Eco,Eko,
cr_mode_sleep,,Sleep,Gulēt,
cr_mode_manual,,Manual,Rokasgrāmata,
cr_mode_vertical,,Vertical,Vertikāli,
cr_mode_horizontal,,Horizontal,Horizontāli,
cr_mode_both,,Both,Abi,
cr_mode_up,,Up,Uz augšu,
cr_mode_down,,Down,Uz leju,
cr_mode_center,,Center,Centrs,
cr_mode_left,,Left,Pa kreisi,
cr_mode_right,,Right,Pareizi,
cr_climate_fan,,Fan,Ventilators,
cr_climate_vertical_airflow,,Vertical airflow,Vertikālā gaisa plūsma,
cr_climate_horizontal_airflow,,Horizontal airflow,Horizontālā gaisa plūsma,
cr_climate_preset,,Preset,Iepriekš iestatīts,
cr_fan_speed,,Fan speed,Ventilatora ātrums,
cr_speed,,Speed,Ātrums,
cr_lower_target,,Lower target,Apakšējais mērķis,
cr_raise_target,,Raise target,Paaugstināt mērķi,
cr_climate_temperature,,Temperature,Temperatūra,
cr_climate_all_temperature_sensors,,All temperature sensors,Visi temperatūras sensori,
cr_climate_outside,,Outside,Ārā,
cr_climate_outside_summary,,"Outdoor temperature, humidity, and pressure","Āra temperatūra, mitrums un spiediens",
cr_climate_humidity,,Humidity,Mitrums,
cr_climate_all_humidity_sensors,,All humidity sensors,Visi mitruma sensori,
cr_climate_air_pressure,,Air pressure,Gaisa spiediens,
cr_climate_all_pressure_sensors,,All air-pressure sensors,Visi gaisa spiediena sensori,
cr_climate_co2,,CO₂,CO₂,
cr_climate_carbon_dioxide_sensors,,Carbon-dioxide sensors,Oglekļa dioksīda sensori,
cr_climate_air_quality,,Air quality,Gaisa kvalitāte,
cr_climate_air_quality_summary,,"Particulates, AQI, VOCs, and gases","Daļiņas, AQI, GOS un gāzes",
cr_climate_entities,,Climate entities,Klimata entītijas,
cr_climate_settings,,Climate settings,Klimata iestatījumi,
cr_empty_climate_view,,No climate data is available yet.,Klimata dati vēl nav pieejami.,
cr_climate_fans,,Fans,Fani,
cr_climate_air_purifiers,,Air purifiers,Gaisa attīrītāji,
cr_climate_humidifiers,,Humidifiers,Mitrinātāji,
cr_temperature_sensors,,Temperature sensors,Temperatūras sensori,
cr_devices_active,,Devices active,Ierīces ir aktīvas,
cr_active_of_total,,%1$d of %2$d active,%1$d no %2$d aktīva,app fills in %1$d %2$d — keep them
cr_no_search_active,,No active search · %1$s,Nav aktīvas meklēšanas · %1$s,app fills in %1$s — keep them
cr_collapse_search,,Collapse search,Sakļaut meklēšanu,
cr_expand_search,,Expand search,Izvērst meklēšanu,
cr_custom_order,,Custom order,Pielāgots pasūtījums,
cr_name_a_z,,Name A–Z,Vārds A–Z,
cr_name_z_a,,Name Z–A,Vārds Z–A,
cr_climate_device,,Climate device,Klimata ierīce,
cr_climate_device_subtitle,,"Name, icon, card style, and width","Nosaukums, ikona, kartes stils un platums",
cr_widget_requires_f1,,"Needs the F1 Sensor integration, which was not found on your Home Assistant","Nepieciešama F1 sensora integrācija, kas netika atrasta jūsu Home Assistant",don't translate Home Assistant
cr_widget_requires_parcels,,"Needs a parcel integration, and none was found on your Home Assistant","Nepieciešama paku integrācija, un jūsu Home Assistant neviens netika atrasts",don't translate Home Assistant
cr_widget_requires_waste,,"Needs a waste collection integration, and none was found on your Home Assistant","Nepieciešama atkritumu savākšanas integrācija, un jūsu Home Assistant neviena netika atrasta",don't translate Home Assistant
cr_people_here_title,,Who is here,Kas ir šeit,
cr_people_here_empty,,Nobody is being tracked in this room right now.,Pašlaik šajā telpā neviens netiek izsekots.,
cr_people_here_unknown_room,,Room unknown,Istaba nezināma,
cr_button_exclude_counters,,Leave out of counters,Atstājiet ārpus skaitītājiem,
cr_button_exclude_counters_hint,,"Keep the button, but stop it counting towards this room’s Lights and Devices totals","Saglabājiet pogu, bet pārtrauciet to ieskaitīt šīs telpas apgaismojuma un ierīču kopējā skaitā",
cr_count_with_average,,%1$s · avg %2$s%3$s,%1$s · vid. %2$s%3$s,app fills in %1$s %2$s %3$s — keep them
cr_outside_temperature,,Outside temperature,Āra temperatūra,
cr_outside_humidity,,Outside humidity,Ārējais mitrums,
cr_outside_pressure,,Outside pressure,Ārējais spiediens,
cr_outside_air_pressure,,Outside air pressure,Ārējais gaisa spiediens,
cr_no_sensors_found_for,,No %1$s sensors found.,Nav atrasts neviens %1$s sensors.,app fills in %1$s — keep them
cr_climate_control,,Climate control,Klimata kontrole,
cr_thermostat_dial,,Thermostat dial,Termostata ciparnīca,
cr_width_third,,Third,Trešais,
cr_width_half,,Half,Puse,
cr_width_full,,Full,Pilns,
cr_select_item,,Select %1$s,Atlasiet %1$s,app fills in %1$s — keep them
cr_set_outdoor_sensors,,"Set outdoor temperature, humidity, and pressure","Iestatiet āra temperatūru, mitrumu un spiedienu",
cr_auto_discovered_device_class,,Discovered automatically by device class,Atklāts automātiski pēc ierīces klases,
cr_auto_discovered_climate_devices,,Climate devices discovered automatically,Klimata ierīces tiek atklātas automātiski,
cr_pick_fan_entities_as_purifiers,,Choose fan entities to use as air purifiers,"Izvēlieties ventilatora elementus, ko izmantot kā gaisa attīrītājus",
cr_auto_discovered_humidifier_devices,,Humidifier devices discovered automatically,Gaisa mitrinātāju ierīces tika atklātas automātiski,
cr_removed_entities,,Removed entities,Noņemtas entītijas,
cr_entities_removed_edit_mode,,Entities removed in edit mode,Entītijas ir noņemtas rediģēšanas režīmā,
cr_card_indoor_climate_overview,,Indoor climate overview,Iekštelpu klimata pārskats,
cr_card_sensor_device_tiles,,Sensor and device tiles,Sensoru un ierīču flīzes,
cr_card_thermostats_ac,,Thermostats and AC,Termostati un maiņstrāva,
cr_card_temperature_summary,,Temperature summary,Temperatūras kopsavilkums,
cr_card_humidity_summary,,Humidity summary,Mitruma kopsavilkums,
cr_card_air_pressure_summary,,Air-pressure summary,Gaisa spiediena kopsavilkums,
cr_card_co2_summary,,CO₂ summary,CO₂ kopsavilkums,
cr_card_air_quality_summary,,Air-quality summary,Gaisa kvalitātes kopsavilkums,
cr_category_overview,,Overview,Pārskats,
cr_category_devices,,Devices,Ierīces,
cr_category_sensors,,Sensors,Sensori,
cr_no_climate_sensors_devices,,No climate sensors or devices found.,Nav atrasts neviens klimata sensors vai ierīce.,
cr_no_climate_devices,,No climate devices found. Thermostats and AC units from Home Assistant appear here automatically.,Nav atrasta neviena klimata ierīce. Šeit automātiski tiek parādīti termostati un maiņstrāvas ierīces no Home Assistant.,don't translate Home Assistant
cr_no_fans,,No fans found. Fan entities from Home Assistant appear here automatically.,Nav atrasts neviens fans. Fanu entītijas no Home Assistant šeit parādās automātiski.,don't translate Home Assistant
cr_no_air_purifiers,,No air purifiers configured. Choose fan entities under Climate settings → Climate entities → Air purifiers.,Nav konfigurēts neviens gaisa attīrītājs. Izvēlieties ventilatora vienības sadaļā Klimata iestatījumi → Klimata entītijas → Gaisa attīrītāji.,
cr_no_humidifiers,,No humidifiers found. Humidifier entities from Home Assistant appear here automatically.,Nav atrasts neviens mitrinātājs. Šeit automātiski tiek parādīti gaisa mitrinātāju elementi no Home Assistant.,don't translate Home Assistant
cr_unknown_climate_card,,Unknown climate card: %1$s,Nezināma klimata karte: %1$s,app fills in %1$s — keep them
cr_select_climate_cards,,Select climate cards,Izvēlieties klimata kartes,
cr_entities_for,,%1$s entities,%1$s entītijām,app fills in %1$s — keep them
cr_climate_card,,Climate card,Klimata karte,
cr_climate_card_dialog_subtitle,,Data sources and card appearance,Datu avoti un karšu izskats,
cr_card_and_data,,Card and data,Karte un dati,
cr_climate_stack,,Climate stack,Klimata kaudze,
cr_climate_stack_dialog_subtitle,,"Cards, data sources, and layout","Kartes, datu avoti un izkārtojums",
cr_cards_and_data,,Cards and data,Kartes un dati,
cr_sensor_count,one,%d sensor,%d sensors,app fills in %d — keep them
cr_sensor_count,other,%d sensors,%d sensori,app fills in %d — keep them
cr_sensor_count,zero,,%d sensori,
cr_device_count_on,one,%1$d device · %2$d on,%1$d ierīce · %2$d ieslēgta,app fills in %1$d %2$d — keep them
cr_device_count_on,other,%1$d devices · %2$d on,%1$d ierīces · %2$d ieslēgts,app fills in %1$d %2$d — keep them
cr_device_count_on,zero,,%1$d ierīces · %2$d ieslēgts,
cr_outside_sensors_set,one,%d outside sensor set,%d ārējais sensors ir iestatīts,app fills in %d — keep them
cr_outside_sensors_set,other,%d outside sensors set,%d ārējie sensori ir iestatīti,app fills in %d — keep them
cr_outside_sensors_set,zero,,%d ārējie sensori ir iestatīti,
cr_auto_plus_manual,one,Automatic + %d manual,Automātiski + %d manuāli,app fills in %d — keep them
cr_auto_plus_manual,other,Automatic + %d manual,Automātiski + %d manuāli,app fills in %d — keep them
cr_auto_plus_manual,zero,,Automātiski + %d manuāli,
cr_selected_count,one,%d selected,Atlasīti %d,app fills in %d — keep them
cr_selected_count,other,%d selected,Atlasīti %d,app fills in %d — keep them
cr_selected_count,zero,,Atlasīti %d,
cr_removed_count,one,%d removed,%d noņemts,app fills in %d — keep them
cr_removed_count,other,%d removed,%d noņemts,app fills in %d — keep them
cr_removed_count,zero,,%d noņemts,
cr_room,,Room,Istaba,
cr_room_details,,Room details,Telpas detaļas,
cr_empty_room,,"This room is empty. Swipe down on the header, enable edit mode, and add widgets, buttons, or tiles.","Šī telpa ir tukša. Velciet uz leju pa galveni, iespējojiet rediģēšanas režīmu un pievienojiet logrīkus, pogas vai elementus.",
cr_default_markdown_content,,# Markdown\nOpen this widget in **edit mode** to write your own content.,"# Markdown\nAtveriet šo logrīku **rediģēšanas režīmā**, lai rakstītu savu saturu.",\n = line break
cr_select_camera,,Select camera,Izvēlieties kameru,
cr_select_entity,,Select entity,Izvēlieties entītiju,
cr_custom_camera,,Custom camera,Pielāgota kamera,
cr_configure_widget,,Configure widget,Konfigurēt logrīku,
cr_configure_widget_subtitle,,Set the essentials before adding it,Pirms pievienošanas iestatiet svarīgākos datus,
cr_widget_options,,Widget options,Logrīku opcijas,
cr_widget_options_subtitle,,Choose what this widget should display,"Izvēlieties, kas šim logrīkam jāparāda",
cr_add_widget,,Add widget,Pievienojiet logrīku,
cr_add_widget_subtitle,,Browse by purpose or search every widget,Pārlūkojiet pēc mērķa vai meklējiet katrā logrīkā,
cr_widget_category_controls,,Controls,Vadības ierīces,
cr_widget_category_controls_description,,"Buttons, vacuums, and grouped controls","Pogas, putekļsūcēji un grupētas vadības ierīces",
cr_widget_category_cameras,,Cameras,Kameras,
cr_widget_category_cameras_description,,Live camera tiles and multi-camera views,Tiešraides kameras flīzes un vairāku kameru skati,
cr_widget_category_climate,,Climate and weather,Klimats un laikapstākļi,
cr_widget_category_climate_description,,"Temperature, comfort, forecasts, and conditions","Temperatūra, komforts, prognozes un apstākļi",
cr_widget_category_energy,,Energy and batteries,Enerģija un baterijas,
cr_widget_category_energy_description,,"Consumption, production, and device health","Patēriņš, ražošana un ierīces veselība",
cr_widget_category_information,,Information and media,Informācija un mediji,
cr_widget_category_information_description,,"Calendars, deliveries, graphs, notes, and playback","Kalendāri, piegādes, grafiki, piezīmes un atskaņošana",
cr_widget_category_layout,,Layout and structure,Izkārtojums un struktūra,
cr_widget_category_layout_description,,Headings and flexible widget containers,Virsraksti un elastīgie logrīku konteineri,
cr_widget_adaptive_lighting,,Adaptive Lighting,Adaptīvais apgaismojums,
cr_widget_adaptive_lighting_description,,Control any installed Adaptive Lighting profile,Kontrolējiet jebkuru instalēto adaptīvā apgaismojuma profilu,
cr_widget_button,,Button,Poga,
cr_widget_button_description,,A single configurable entity control,Viena konfigurējama entītijas vadība,
cr_widget_buttons,,Buttons,Pogas,
cr_widget_calendar,,Calendar,Kalendārs,
cr_widget_calendar_description,,"Agenda, week, and month views from Home Assistant calendars","Dienas kārtības, nedēļas un mēneša skati no Home Assistant kalendāriem",don't translate Home Assistant
cr_widget_waste_collection,,Waste collection,Atkritumu savākšana,
cr_widget_waste_collection_description,,Upcoming collections from waste sensors,Gaidāmās kolekcijas no atkritumu sensoriem,
cr_widget_parcels,,Parcels,Pakas,
cr_widget_parcels_description,,Incoming and outgoing parcels from supported carriers,Ienākošās un izejošās pakas no atbalstītajiem pārvadātājiem,
cr_widget_camera,,Camera,Kamera,
cr_widget_camera_description,,A single live camera tile or stream URL,Viena tiešraides kameras flīze vai straumes URL,
cr_widget_cameras,,Cameras,Kameras,
cr_widget_climate_card,,Climate card,Klimata karte,
cr_widget_climate_card_description,,Any card from the Climate view,Jebkura karte no klimata skata,
cr_widget_energy_card,,Energy card,Enerģijas karte,
cr_widget_energy_card_description,,Any card from the Energy view,Jebkura karte no Enerģijas skata,
cr_widget_battery_levels,,Battery levels,Akumulatora līmenis,
cr_widget_battery_levels_description,,"Low batteries, or Battery+ only with type details",Zems bateriju līmenis vai tikai Battery+ ar informāciju par tipu,
cr_widget_header_text,,Header text,Virsraksta teksts,
cr_widget_header_text_description,,Add a section heading,Pievienojiet sadaļas virsrakstu,
cr_widget_markdown,,Markdown,Markdown,
cr_widget_markdown_description,,A free-form card written in Markdown,"Brīvas formas karte, kas rakstīta Markdown",
cr_widget_iframe,,iFrame,iFrame,
cr_widget_iframe_description,,Embed any web page on your dashboard,Iegult jebkuru tīmekļa lapu savā informācijas panelī,
cr_widget_media_player,,Media player,Multivides atskaņotājs,
cr_widget_media_player_description,,Now-playing tile with album art as the background,Pašlaik tiek atskaņota flīze ar albuma noformējumu kā fonu,
cr_widget_sensor_graph,,Sensor graph,Sensora grafiks,
cr_widget_sensor_graph_description,,"History graph for one or more sensors, as lines or bars",Vēstures grafiks vienam vai vairākiem sensoriem kā līnijas vai joslas,
cr_widget_vacuum,,Vacuum,Vakuums,
cr_widget_vacuum_description,,A single robot-vacuum control,Viena robota vakuuma vadība,
cr_widget_weather,,Weather,Laikapstākļi,
cr_widget_weather_description,,A single weather card,Viena laikapstākļu karte,
cr_widget_empty_stack,,Empty stack,Tukša kaudze,
cr_widget_empty_stack_description,,Place widgets inside a configurable stack,Novietojiet logrīkus konfigurējamā kaudzē,
cr_widget_button_stack,,Button stack,Pogu kaudze,
cr_widget_button_stack_description,,Group entities into configurable controls,Grupējiet entītijas konfigurējamās vadīklās,
cr_widget_camera_stack,,Camera stack,Kameras kaudze,
cr_widget_camera_stack_description,,Show live camera tiles or a custom stream URL,Rādīt tiešraides kameras elementus vai pielāgotu straumes URL,
cr_widget_climate_stack,,Climate stack,Klimata kaudze,
cr_widget_climate_stack_description,,"Group climate cards such as overview, thermostats, and sensors","Grupējiet klimata kartes, piemēram, pārskatu, termostatus un sensorus",
cr_widget_energy_stack,,Energy stack,Enerģijas kaudze,
cr_widget_energy_stack_description,,"Group energy cards such as usage, solar, gas, and water","Grupējiet enerģijas kartes, piemēram, lietojumu, sauli, gāzi un ūdeni",
cr_widget_sensor_graph_stack,,Sensor graph stack,Sensoru grafiku kaudze,
cr_widget_sensor_graph_stack_description,,Group several sensor-history graphs,Grupējiet vairākus sensoru vēstures grafikus,
cr_widget_swiping_stack,,Swiping stack,Vilkšanas kaudze,
cr_widget_swiping_stack_description,,Swipe horizontally through nested widgets,Pavelciet horizontāli cauri ligzdotajiem logrīkiem,
cr_widget_vacuum_stack,,Vacuum stack,Vakuuma kaudze,
cr_widget_vacuum_stack_description,,Control robot vacuums with a map and battery status,"Kontrolējiet robotu putekļsūcējus, izmantojot karti un akumulatora stāvokli",
cr_widget_weather_stack,,Weather stack,Laikapstākļu kaudze,
cr_widget_weather_stack_description,,"Group conditions, forecast, wind, or rain-map cards","Grupas apstākļu, prognožu, vēja vai lietus karšu kartes",
cr_camera_settings,,Camera settings,Kameras iestatījumi,
cr_vacuum_settings,,Vacuum settings,Vakuuma iestatījumi,
cr_button_settings,,Button settings,Pogu iestatījumi,
cr_robot_image,,Robot image,Robota attēls,
cr_map_camera,,Map camera,Kartes kamera,
cr_external_url,,External URL,Ārējais URL,
cr_valetudo_map,,Valetudo map,Valetudo karte,don't translate Valetudo
cr_valetudo_map_hint,,Draws the map from a Valetudo robot and lets you tap a room to clean it. Pick the robot's map camera below.,"Zīmē karti no robota Valetudo un ļauj pieskarties telpai, lai to iztīrītu. Tālāk izvēlieties robota kartes kameru.",don't translate Valetudo
cr_valetudo_camera_mode_note,,Using Map camera with a Valetudo map entity shows a blank tile. Valetudo does not render the map on the robot — its PNG is only a container for the map data. Choose Valetudo map instead to have HKI draw it.,"Izmantojot kartes kameru ar Valetudo kartes entītiju, tiek parādīta tukša flīze. Valetudo neatveido karti robotā — tā PNG ir tikai kartes datu konteiners. Tā vietā izvēlieties karti Valetudo, lai HKI to uzzīmētu.",don't translate Valetudo
cr_animation_glow,,Glow,Mirdzums,
cr_animation_spin,,Spin,Spin,
cr_animation_pulse,,Pulse,Pulss,
cr_adaptive_lighting_widget,,Adaptive Lighting widget,Adaptīvā apgaismojuma logrīks,
cr_adaptive_lighting_widget_subtitle,,"Profiles, size, and appearance","Profili, izmērs un izskats",
cr_button_stack_dialog_subtitle,,"Layout, appearance, and entity order","Izkārtojums, izskats un entītiju secība",
cr_expand_stack,,Expand stack,Izvērst kaudzi,
cr_collapse_stack,,Collapse stack,Sakļaut steku,
cr_hide_stack,,Hide stack,Paslēpt kaudzi,
cr_unhide_stack,,Unhide stack,Parādīt steku,
cr_swiping_stack_dialog_subtitle,,"Pages, height, and card appearance","Lapas, augstums un kartes izskats",
cr_empty_stack_dialog_subtitle,,Container layout and appearance,Konteinera izkārtojums un izskats,
cr_header_text_dialog_subtitle,,Heading content and visual style,Virsraksta saturs un vizuālais stils,
cr_animation_swipe,,Swipe,Pārvelciet,
cr_animation_fade,,Fade,Izbalināt,
cr_animation_zoom,,Zoom,Tālummaiņa,
cr_animation_slide_fade,,Slide + fade,Slaids + izbalināt,
cr_animation_cube,,Cube,Kubs,
cr_animation_instant,,Instant,Tūlītēja,
cr_widget_option_count,one,%d option,%d opcija,app fills in %d — keep them
cr_widget_option_count,other,%d options,%d opcijas,app fills in %d — keep them
cr_widget_option_count,zero,,%d opcijas,
cr_configured_lights,one,%d configured light,%d konfigurēta gaisma,app fills in %d — keep them
cr_configured_lights,other,%d configured lights,%d konfigurētas gaismas,app fills in %d — keep them
cr_configured_lights,zero,,%d konfigurētas gaismas,
cr_quick_notifications,,Notifications,Paziņojumi,
cr_quick_notifications_instruction,,Swipe right from the upper-left edge.,Velciet pa labi no augšējās kreisās malas.,
cr_quick_switch_homes,,Switch homes,Mainiet māju,
cr_quick_switch_homes_instruction,,Swipe left from the upper-right edge of the header.,Velciet pa kreisi no galvenes augšējās labās malas.,
cr_quick_actions,,Quick actions,Ātras darbības,
cr_quick_actions_instruction,,"Pull down on any page header for Search, Flows, Edit, and Settings.","Velciet uz leju jebkuras lapas galvenes sadaļā Meklēšana, Plūsmas, Rediģēt un Iestatījumi.",
cr_quick_media_player,,Media player,Multivides atskaņotājs,
cr_quick_media_player_instruction,,"When the handle appears, swipe up on the bottom bar to restore the player.","Kad parādās rokturis, velciet uz augšu apakšējā joslā, lai atjaunotu atskaņotāju.",
cr_quick_make_it_yours,,Make it yours,Padariet to par savu,
cr_quick_make_it_yours_instruction,,"In edit mode, add and reorder rooms, floors, and widgets. Tap an item to configure it.","Rediģēšanas režīmā pievienojiet un pārkārtojiet telpas, stāvus un logrīkus. Pieskarieties vienumam, lai to konfigurētu.",
cr_whats_new_1_1_2,1,"Returning from Home Assistant Settings, Developer tools or HACS now restores the same position in HKI 7 Settings instead of reopening at the top.","Atgriežoties no Home Assistant Iestatījumi, Izstrādātāju rīki vai HACS tagad atjauno to pašu pozīciju HKI 7 iestatījumos, nevis atkārtoti atver augšdaļā.","don't translate Home Assistant, HKI 7"
cr_whats_new_1_1_2,2,"Android 17 now asks for Local network access before finding or connecting directly to Home Assistant, so local servers keep working with API 37. Settings › Connection shows whether it is allowed and can ask again, for when the Android 17 upgrade arrives long after setup.","Android 17 tagad pieprasa piekļuvi vietējam tīklam, pirms tiek atrasts vai izveidots tiešs savienojums ar Home Assistant, tāpēc vietējie serveri turpina strādāt ar API 37. Iestatījumi › Savienojums parāda, vai tas ir atļauts, un var vēlreiz jautāt, kad Android 17 jauninājums būs pieejams ilgi pēc iestatīšanas.",don't translate Home Assistant
cr_whats_new_1_1_2,3,"Update notifications now also appear in HKI 7's own notification panel, with a “See what changed” link to the release notes. The system notification is gone once you swipe it away; this one stays, and checking for updates under Settings › About brings it back.","Paziņojumi par atjauninājumiem tagad tiek rādīti arī paša HKI 7 paziņojumu panelī ar saiti “Skatīt, kas mainījies” uz piezīmēm par laidienu. Sistēmas paziņojums ir pazudis, kad to pavelk prom; šis paliek, un, pārbaudot atjauninājumus sadaļā Iestatījumi › Par, tas tiek atjaunots.",don't translate HKI 7
cr_whats_new_1_1_2,4,"Permission tiles in Settings now update as soon as you come back from granting one. Location, battery optimization and background usage kept showing the old state until Settings was closed and reopened.","Atļauju elementi sadaļā Iestatījumi tagad tiek atjaunināti, tiklīdz atgriežaties pēc atļaujas piešķiršanas. Atrašanās vieta, akumulatora optimizācija un fona lietojums turpināja rādīt iepriekšējo stāvokli, līdz iestatījumi tika aizvērti un atkārtoti atvērti.",
cr_whats_new_1_1_1,1,"New Clock widget. Analog or digital, seven designs each, 12 or 24-hour time, and the day, date and year if you want them. Tap it to see your next alarm.","Jauns pulksteņa logrīks. Analogā vai digitālā, septiņi dizaini katrs, 12 vai 24 stundu laiks un diena, datums un gads, ja vēlaties. Pieskarieties tam, lai redzētu nākamo modinātāju.",
cr_whats_new_1_1_1,2,"Reach Home Assistant itself from Settings. Admins get its Settings, Developer tools and HACS full screen inside HKI 7, already signed in.","Sasniedziet Home Assistant, izmantojot iestatījumus. Administratori saņem iestatījumus, izstrādātāju rīkus un HACS pilnekrāna režīmā HKI 7, jau pierakstoties.","don't translate Home Assistant, HKI 7"
cr_whats_new_1_1_1,3,HKI 7 tells you when a new version is out — useful if you installed it from GitHub rather than the Play Store. Turn it off in Settings › About.,"HKI 7 informē, kad tiek izlaista jauna versija — tas ir noderīgi, ja instalējāt to no GitHub, nevis no Play veikala. Izslēdziet to sadaļā Iestatījumi › Par.",don't translate HKI 7
cr_whats_new_1_1_1,4,"Home Assistant can now see your phone's next alarm, the same sensor the official app provides.","Home Assistant tagad var redzēt jūsu tālruņa nākamo modinātāju — to pašu sensoru, ko nodrošina oficiālā lietotne.",don't translate Home Assistant
cr_whats_new_1_1_1,5,"Media players show what is playing, not just which app is open. An Android TV streaming a series shows the programme, season and episode.","Multivides atskaņotāji parāda, kas tiek atskaņots, nevis tikai to, kura lietotne ir atvērta. Android TV, kas straumē seriālu, rāda programmu, sezonu un sēriju.",
cr_whats_new_1_1_1,6,"Back goes to the page you were on before, every time, until you reach Home. It no longer skips pages or leaves the app early.","Katru reizi tiek atvērta lapa, kurā bijāt iepriekš, līdz sasniedzat sākumlapu. Tas vairs neizlaiž lapas vai priekšlaicīgi pamet lietotni.",
cr_whats_new_1_1_1,7,"Fixed temperature and energy readings in Czech, Slovak, Greek, Norwegian, Swedish and Danish, where numbers showed wrongly or could crash the screen.","Fiksēti temperatūras un enerģijas rādījumi čehu, slovāku, grieķu, norvēģu, zviedru un dāņu valodās, kur skaitļi tika rādīti nepareizi vai var izraisīt ekrāna avāriju.",
cr_whats_new_1_1_1,8,"Something worded badly in your language? Each language is now a single file you can correct on GitHub, no code needed.","Vai jūsu valodā ir kaut kas slikti formulēts? Katra valoda tagad ir viens fails, kuru varat labot GitHub — kods nav nepieciešams.",
cr_whats_new_1_1_0,1,"Eighteen more languages, taking HKI 7 to 36. Polish, Russian, Czech, Slovak, Hungarian, Romanian, Bulgarian, Croatian, Greek, Lithuanian, Latvian, Estonian, Danish, Thai and Hebrew join the list, along with Austrian German, Swiss German and Mexican Spanish. Hebrew lays the interface out right to left, as Arabic does.","Vēl astoņpadsmit valodas, sākot no HKI 7 līdz 36. Poļu, krievu, čehu, slovāku, ungāru, rumāņu, bulgāru, horvātu, grieķu, lietuviešu, latviešu, igauņu, dāņu, taju un ebreju valoda pievienojas sarakstam, kā arī Austrijas vācu, Šveices vācu un meksikāņu spāņu valoda. Ebreju valoda interfeisu veido no labās puses uz kreiso, tāpat kā arābu valodā.",don't translate HKI 7
cr_whats_new_1_1_0,2,"HKI 7 now runs on Android 12 and later. It previously needed Android 14, which ruled out a lot of perfectly capable phones and tablets.","HKI 7 tagad darbojas operētājsistēmā Android 12 un jaunākās versijās. Tam iepriekš bija nepieciešama operētājsistēma Android 14, kas izslēdza daudzus lieliski spējīgus tālruņus un planšetdatorus.",don't translate HKI 7
cr_whats_new_1_1_0,3,"Energy costs are shown in your own currency instead of always in euros. HKI 7 follows what your cost sensors report, and there is a Currency setting in Energy settings if you would rather choose one yourself.","Enerģijas izmaksas tiek rādītas jūsu valūtā, nevis vienmēr eiro. HKI 7 seko jūsu izmaksu sensoru ziņojumiem, un Enerģijas iestatījumos ir iestatījums Valūta, ja vēlaties to izvēlēties pats.",don't translate HKI 7
cr_whats_new_1_1_0,4,"The language picker has a search box and is sorted, which it needed at 36 entries. If you ever land in a language you cannot read, the way back is still the first thing on screen.","Valodas atlasītājam ir meklēšanas lodziņš, un tas ir sakārtots atbilstoši 36 ierakstiem. Ja kādreiz nonākat valodā, kuru neprotat lasīt, ceļš atpakaļ joprojām ir pirmais ekrānā.",
cr_whats_new_1_1_0,5,"Views remember where you had scrolled to, and tapping the tab you are already on takes you back to the top.","Skati atceras, kur bijāt ritinājis, un, pieskaroties jau atvērtajai cilnei, tiekat atpakaļ uz sākumu.",
cr_whats_new_1_1_0,6,"Swiping sideways no longer carries you out of a page you have opened, such as Solar inside Energy. Back now returns you to the view you came from rather than jumping to the home page.","Velkot uz sāniem, jūs vairs netiekat prom no atvērtās lapas, piemēram, Saules enerģija iekšienē. Atgriezties tagad atgriežas skatā, no kura nācāt, nevis pāriet uz sākumlapu.",
cr_whats_new_1_1_0,7,"Scrollable rows say so. The pull-down menu, the navigation bar and the settings tabs all show an arrow at the edge when there is more to reach.","Ritināmās rindas to saka. Nolaižamajā izvēlnē, navigācijas joslā un iestatījumu cilnēs malās ir redzama bultiņa, kad ir vēl vairāk.",
cr_whats_new_1_1_0,8,"Dialogs look and behave the same throughout. Six of them were plain Android dialogs with no close button in the corner, and buttons across the app now agree on what Close, Save and Done mean.","Dialogi izskatās un darbojas vienādi. Seši no tiem bija vienkārši Android dialoglodziņi bez aizvēršanas pogas stūrī, un pogas visā lietotnē tagad vienojas par to, ko nozīmē Aizvērt, Saglabāt un Gatavs.",
cr_whats_new_1_1_0,9,"Creating a dashboard asks first and then offers the same choices as first-time setup — so a new dashboard can start from a backup or from one your family has shared, as well as being generated or left empty. Your current dashboard is never overwritten, and shared dashboards are now marked as shared in the list.","Veidojot informācijas paneli, vispirms tiek uzdots jautājums un pēc tam tiek piedāvātas tādas pašas izvēles iespējas, kā iestatot pirmo reizi — lai jauns informācijas panelis varētu sākties no dublējuma vai no jūsu ģimenes koplietotā informācijas paneļa, kā arī tiek ģenerēts vai atstāts tukšs. Jūsu pašreizējais informācijas panelis nekad netiek pārrakstīts, un koplietotie informācijas paneļi tagad sarakstā ir atzīmēti kā koplietoti.",
cr_whats_new_1_1_0,10,"The battery widget opens a list in place instead of taking you to a separate page, grouped by how urgent each one is and showing the battery type where Home Assistant knows it. There is a search box, and a button to open the full Battery view if you want it.","Akumulatora logrīks atver sarakstu vietā, nevis novirza jūs uz atsevišķu lapu, kas ir sagrupēta pēc tā, cik steidzami katrs ir, un parāda akumulatora veidu, kur Home Assistant to zina. Ja vēlaties, ir meklēšanas lodziņš un poga, lai atvērtu pilnu akumulatora skatu.",don't translate Home Assistant
cr_whats_new_1_1_0,11,"Tapping the people counter in a room shows who is there, with each person's picture. The Rooms header now has a household counter too, showing where everyone is without opening every room.","Pieskaroties cilvēku skaitītājam telpā, tiek parādīts, kurš tur atrodas, ar katras personas attēlu. Istabu galvenē tagad ir arī mājsaimniecības skaitītājs, kas parāda, kur visi atrodas, neatverot katru istabu.",
cr_whats_new_1_1_0,12,"A button can be left out of a room's Lights and Devices counters, for the ones that are in the room but not really part of it.","Pogu var atstāt ārpus telpas apgaismojuma un ierīču skaitītājiem, kas atrodas telpā, bet patiesībā nav tās daļa.",
cr_whats_new_1_1_0,13,"Widgets that need an integration you do not have — Formula 1, Parcels, Waste Collection — are greyed out and say what is missing, instead of being added and then sitting empty.","Logrīki, kuriem nepieciešama integrācija, kuras jums nav — Formula 1, Pakas, Atkritumu savākšana — ir pelēkoti un norāda, kas trūkst, nevis tiek pievienots un pēc tam paliek tukšs.",
cr_whats_new_1_1_0,14,"Parcel tracking covers fifteen more carriers, including PostNord, InPost, Swiss Post, An Post, Budbee, Sameday and Nova Post, each with its own logo.","Sūtījumu izsekošana aptver vēl piecpadsmit pārvadātājus, tostarp PostNord, InPost, Swiss Post, An Post, Budbee, Sameday un Nova Post, katram ir savs logotips.",
cr_whats_new_1_1_0,15,"A Valetudo robot vacuum picks up its live map automatically when your rooms are imported, rather than needing the camera chosen by hand.","Valetudo robotu putekļsūcējs automātiski paņem savu reāllaika karti, kad tiek importētas jūsu telpas, nevis ar roku izvēlēta kamera.",don't translate Valetudo
cr_whats_new_1_0_1,1,"Swiping between tabs now follows your finger. The pages move as you drag, you can change your mind mid-swipe and pull them back, and they settle where you let go. Previously the change was decided the moment you had dragged far enough and could not be taken back, while the animation that played afterwards was on its own timer and unrelated to the gesture — so the app committed to a page before your finger had finished asking for one.",,needs translation
cr_whats_new_1_0_1,2,"The bottom bar now keeps the selected tab in view. On a phone too narrow for every tab it scrolls the active one to the centre, so the tab you are on is always visible along with its neighbours — which is also the hint that there are more pages to swipe to. Reaching the last tab used to leave the indicator somewhere off the end of the bar.",,needs translation
cr_whats_new_1_0_1,3,"Swiping between rooms shows how many rooms there are and which one you are on, as dots above the navigation bar — or as a count once there are more than eight. Room swiping also stops at the last room instead of wrapping around to the first, matching how the tabs behave. Rooms an admin has hidden are now skipped by the swipe rather than only blocked when opened.",,needs translation
cr_whats_new_1_0_1,4,"The pull-down header menu animates to wherever you let it go, instead of jumping open or shut in a single frame. It settles by which half you released it in, a quick flick opens it without a full-length drag, and it can be caught and dragged again mid-animation. It also no longer stops dead partway when pulled a long way but not quite far enough.",,needs translation
cr_whats_new_1_0_1,5,"Settings remembers where you were. Coming back from a sub-menu returns to the place in the list you left rather than to the top, which was most noticeable on the long way down to About and Licenses. The page settings dialog had the opposite problem — one scroll position carried across unrelated sub-menus — and that is fixed too.",,needs translation
cr_whats_new_1_0_1,6,"The notification panel now has a button in the pull-down header menu, so the left-edge swipe is no longer the only way to reach it. That let the strip of screen edge reserved for the swipe shrink from 200dp to 88dp: the reserved strip is where Android's own back gesture stops working, and it had been covering the exact corner where the back arrow sits.",,needs translation
cr_whats_new_1_0_1,7,"Fixed the app closing instead of the notification panel when back was pressed during the panel's opening animation. Back is also defined for the tabs now — it returns to the first tab before leaving the app, rather than exiting from wherever you happened to have swiped to.",,needs translation
cr_whats_new_1_0_1,8,"The home switcher panel follows Android's predictive back gesture, sliding out with your finger and springing back if you change your mind.",,needs translation
cr_whats_new_1_0_1,9,"Four more languages: Norwegian, Swedish, Finnish and Arabic. Arabic lays the whole app out right to left — the navigation bar, the panels that slide in from the screen edge, and the swipe that moves between tabs all mirror, rather than only the text changing direction. Product names such as Home Assistant stay in Latin script wherever they appear.",,needs translation; don't translate Home Assistant
cr_whats_new_1_0_1,10,"Swiping between rooms is much smoother. A room screen is by far the heaviest page in the app, and the next one was being built during the first frames of the swipe — precisely when there was no time for it. It is now prepared while nothing is moving, and live sensor updates wait for the swipe to finish instead of redrawing every open page mid-gesture.",,needs translation
cr_whats_new_1_0_1,11,"The notification panel and the home switcher are dragged rather than flicked open, following your finger and settling where you let go. They close the same way: push them back towards the edge they came from. Tapping the panel itself no longer closes it, which it used to do anywhere you touched that was not a button.",,needs translation
cr_whats_new_1_0_1,12,"A horizontal row inside a page — a mode selector, a swipe row, a swiping stack — no longer hands the rest of the gesture to the page once it reaches its end. Picking the first or last item in such a row used to flip the whole page instead.",,needs translation
cr_whats_new_1_0_1,13,"Dialogs with tabs show how many there are and which one you are on, and a sideways swipe anywhere on the dialog changes tab. The swipe used to be written off as a scroll whenever it set off with the slight downward arc a thumb naturally makes, which made it feel like it worked only sometimes.",,needs translation
cr_whats_new_1_0_1,14,"Demo mode no longer talks to the network. Twenty-six requests — the whole HKI 7 Cloud surface plus the event timeline, camera snapshots and vacuum maps — were still being attempted against a server that does not exist, and one of them retried every three seconds for the entire session, filling the connection log with failures. Restarting Home Assistant in the demo is now simulated in a few seconds rather than showing ""restarting"" for two minutes and giving up.",,"needs translation; don't translate HKI 7 Cloud, Home Assistant"
cr_whats_new_1_0_0,1,"New Events tab in the notification drawer: a timeline of what your home has actually been doing. The front door opening, a light going off, someone arriving home — each with the time and, where Home Assistant knows, who did it. An admin picks which entities appear under Settings › Family Sharing › Events, once for the whole family rather than on every phone. It reads Home Assistant's own logbook rather than recording anything on the device, so it still shows what happened overnight while the app was closed, and it opens on the last 3 hours — a timeline answers what just happened — with 6h to 72h a tap away. Events never touch the notification bell's unread count: a timeline of doors opening would leave that badge permanently lit and mean nothing. Requires HKI 7 Cloud 0.9.0.*",,"needs translation; don't translate HKI 7 Cloud, Home Assistant"
cr_whats_new_1_0_0,2,"An admin can take parts of the timeline away from individual family members — a whole domain, or named entities — from the same Events tab. Everyone sees the full timeline unless something is taken out for them, so adding a person to the family does not mean building their timeline from scratch. The filtering happens in the HKI 7 Cloud component rather than in the app, so a restricted device is never even told which entities it is being kept away from. As with hidden views and rooms, this hides the timeline rather than the entities: Home Assistant has no per-entity read permission for non-admin accounts, so anyone signed in can still read those entities through Home Assistant itself.*",,"needs translation; don't translate HKI 7 Cloud, Home Assistant"
cr_whats_new_1_0_0,3,"The event roster takes whole domains as well as named entities, so ""every lock"" is one choice rather than eleven. Domains are resolved fresh each time the timeline opens, so a lock added next month joins on its own instead of the roster meaning whatever existed the day it was set. The editor shows what each domain currently covers, since one domain can be hundreds of entities. Requires HKI 7 Cloud 0.10.0.*",,needs translation; don't translate HKI 7 Cloud
cr_whats_new_1_0_0,4,"Events are labelled and filterable by what kind of thing they happened to — Doors, Windows, Motion, Lights, Locks. The filter row is built from what your timeline actually contains, so you are never offered a filter that can only come back empty. Days stay as the list headings: a timeline that reorders itself by category stops being a timeline.",,needs translation
cr_whats_new_1_0_0,5,"Weather artwork now animates in the daily forecast, the hourly strip and the header pill, not only on the hero card. Animation was previously switched off below a fixed size, which caught all three.",,needs translation
cr_whats_new_1_0_0,6,"Where weather artwork animates is now four separate switches — header pill, weather dialog, forecast strips, weather widget — instead of riding on the entity icon animation setting. The forecast strips animate a dozen icons side by side and are the only ones that ever cost anything noticeable, so turning those off need not mean losing the single small icon in the header pill. All four are on by default, and appear both in Settings › Appearance › Icons and in the header pill's own settings.",,needs translation
cr_whats_new_1_0_0,7,"The 6h/12h/24h/48h/72h range selector is centred rather than left-aligned everywhere it appears, and gains a 3h option.",,needs translation
cr_whats_new_1_0_0,8,"New Connection log at the bottom of Settings › Connection: what the app's connection has actually been doing — connection attempts, reconnects, sync and subscriptions — with buttons to copy or clear it. All of this was already being recorded; nothing displayed it. It holds the last 300 lines and starts empty each launch.",,needs translation
cr_whats_new_1_0_0,9,"A button stack's layout options are now named the same as a single button's. The same shape was called Tile on a button and Compact on a stack, which made them look like different features.",,needs translation
cr_whats_new_1_0_0,10,"New Centered button layout beside Standard, Square and Tile: a square card whose icon sits in the middle of the space above the text, with the name and state centred beneath it. The icon is pushed upward rather than crowded as the text grows. A grid of these reads as a keypad, which is what makes a remote control possible.",,needs translation
cr_whats_new_1_0_0,11,"A button's icon, name and state are each shown or hidden on their own, under a new Elements section in its settings. The old Icon only switch is gone — hiding both the name and state is what it did, and these also let you keep one of them. Existing icon-only buttons keep working.",,needs translation
cr_whats_new_1_0_0,12,"A button stack carries the same three switches for all of its children, so a stack of twenty buttons need not be set twenty times. Turning one off on the stack hides it on every button; leaving it on lets each button decide.",,needs translation
cr_whats_new_1_0_0,13,"Fixed the button stack settings dialog stopping about two thirds of the way down with empty space below it, leaving the rest unreachable on a tall phone or a tablet.",,needs translation
cr_whats_new_1_0_0,14,"Navigation bar, media players and popups moved from Settings › Appearance to Settings › Dashboard, below the dashboards themselves. They are parts of what the dashboard is made of rather than how it is styled.",,needs translation
cr_whats_new_1_0_0,15,"Settings › Connection ends with the connection log, and Restart Home Assistant now sits below it rather than above — it is the most disruptive thing on the screen and the least often wanted.",,needs translation; don't translate Home Assistant
cr_whats_new_1_0_0,16,"The Events tab gives an admin a button straight to Settings › Family Sharing › Events when nothing is being tracked yet, instead of only naming where to go.",,needs translation
cr_whats_new_1_0_0,17,"Entity and domain pickers list what is already selected first, so undoing a choice does not mean hunting for it alphabetically. The order is fixed when the picker opens, so ticking something does not make it jump away from your finger.",,needs translation
cr_whats_new_1_0_0,18,"A button stack's heading now has explicit Show name and Show icon switches, plus an option to centre them. Clearing the text field used to be the only way to get a stack with no heading, which hid that it was possible and meant losing the name to hide it.",,needs translation
cr_whats_new_beta_18,1,"An admin can now change who a published family dashboard is shared with, instead of only being able to choose at the moment of publishing. Settings › Family Sharing › Dashboards lists who each published dashboard reaches, with a Manage access button to add or remove people. Until now the only way to take a dashboard away from one person was to delete it for everybody.*",,needs translation
cr_whats_new_beta_18,2,"Losing access to a family dashboard now clears what was layered on top of it. The dashboard itself was already removed, but the rooms, widgets, pages, nav bar, header pill and theme it left behind on the device stayed — so the next dashboard an admin shared arrived on top of the previous one's leftovers and looked like it had failed to import in full. Everything that belonged to the revoked dashboard is now removed with it. Home Assistant connections, profiles and notification settings are untouched: losing a dashboard is not being signed out.*",,needs translation; don't translate Home Assistant
cr_whats_new_beta_18,3,"New Devices tab under Settings › Family Sharing, showing which HKI version each family device is running and flagging the ones older than yours, with the Home Assistant account, device name, Android version and when it last reported. Each install records this through the HKI 7 Cloud component over the connection the app already uses, so every signed-in device is covered — including one with Location and Notifications both switched off — and nothing is added to Home Assistant's entity list. A device can only ever report itself. An admin can forget a phone that has been replaced; one still in use reappears the next time its app opens. Requires HKI 7 Cloud 0.7.0.*",,"needs translation; don't translate HKI 7 Cloud, Home Assistant"
cr_whats_new_beta_18,4,"An admin can now require the family to update. ""Require everyone to be on this version"" in the Devices tab sets a household minimum; anyone below it gets a full-screen prompt on their next launch instead of the dashboard, with Google Play's in-app update doing the install. There is also a per-device ""Ask to update"" for when one phone is behind rather than everyone, which clears itself once that device updates. No app can install a newer version of itself, so Play does the actual work — which also means the prompt can only insist when Play genuinely has the update ready. When it does not, the prompt explains why and lets you past for that session, rather than locking someone out of their own locks and alarms over an update they cannot get. You can only require a version some family device already runs. Requires HKI 7 Cloud 0.8.0.*",,needs translation; don't translate HKI 7 Cloud
cr_whats_new_beta_18,5,"Each Family Sharing tab now says for itself when it needs a newer HKI 7 Cloud than the one installed, instead of that only appearing in the summary at the top of the screen. Parental controls, Permissions, Presence and Devices each carry the version they need, so it is clear before you configure a tab whose settings the installed component cannot store yet.",,needs translation; don't translate HKI 7 Cloud
cr_whats_new_beta_17,1,"Fixed a crash that could take the whole app down during the very first connection attempt after opening it, which read as ""the app won't even open"". The setup that runs on every launch had no error handling of its own, so a failure there — usually an expired session being refreshed on a flaky network — escaped as an unhandled error instead of surfacing as a connection error you could retry. As a backstop, an unexpected error on a background task can no longer terminate the app at all.",,needs translation
cr_whats_new_beta_17,2,"The dashboard no longer rebuilds itself every time Home Assistant reports a state change. The home screen tracked the complete entity list, so a single motion sensor tripping or a power meter ticking — several times a second on a busy install — invalidated the whole screen and every widget on it, even when nothing visible had changed. It now watches only what it actually draws.",,needs translation; don't translate Home Assistant
cr_whats_new_beta_17,3,"Entity icon animations no longer redo layout work on every frame they animate. The spin, pulse and glow effects re-ran the surrounding widget's composition on each animation frame instead of just redrawing the icon, so any dashboard with an active light, an open door or a recording camera paid that cost continuously. The animations look exactly the same.",,needs translation
cr_whats_new_beta_17,4,"Fixed the app becoming unresponsive — and eventually killed by Android — when opening the history of a busy entity, such as a motion sensor that logs thousands of state changes a day. Matching each history entry to its actor re-scanned and re-parsed the entire logbook's timestamps from scratch for every single entry, work that scaled with history size squared; a quiet entity never noticed, but a busy one could peg the CPU for ten seconds straight. The logbook is now parsed once instead of once per entry, and the whole fetch runs off the main thread.",,needs translation
cr_whats_new_beta_17,5,"Hardened how the app reads attributes Home Assistant sends for an entity: a value present but shaped unexpectedly (an object or array where a plain number or piece of text was expected) used to throw and crash whatever screen read it, instead of just being treated as missing.",,needs translation; don't translate Home Assistant
cr_whats_new_beta_17,6,"Fixed ""Push to family dashboard"" reporting a dashboard as already up to date no matter what had changed. A dashboard re-imported after a reinstall is stored locally under a different id than the one the cloud copy is published under, and the push check was still looking up the local export by the cloud id, finding nothing, and silently skipping that dashboard on every push.",,needs translation
cr_whats_new_beta_15,1,"The Formula 1 widget gains two new tabs and expands two existing ones. Calendar lists the season's races in order, with each circuit and the host country's flag. Grid shows the starting grid, with each driver's move up or down from where they qualified. Standings can now show a championship prediction alongside the points table — current and predicted final points, for drivers or constructors — when F1 Sensor's optional F1TV Auth is set up. Live gains a proper timing list: gap to the leader, interval to the car ahead, tyre compound and stint length, and pit/retired status for every driver, plus which lap the leader is on.",,needs translation
cr_whats_new_beta_15,2,"Fixed shared family dashboards failing to update at all once the owner added a widget type introduced in a newer app version, such as the To-Do List or Formula 1 widgets. A single unrecognized widget used to fail the whole dashboard, so a family member on an older build stopped receiving any of that dashboard's changes instead of just missing the new widget. Unrecognized widgets are now skipped individually, so the rest of a shared dashboard keeps working across app versions.",,needs translation
cr_whats_new_beta_15,3,"The To-Do widget's square card can now feature one whole list instead of items individually flagged high priority. A new Hero list picker in the widget's General tab — shown once it has at least one tab — chooses which list's open items appear on the card, labelled with that list's name, so what you see at a glance is a specific list like Chores rather than a scattered mix pulled from every tab. Deleting a tab that's currently the hero list clears the setting automatically.",,needs translation
cr_whats_new_beta_15,4,"Fixed the app crashing whenever it needed to reconnect to Home Assistant or the connection failed. The in-app push-notification channel ran its subscription in a way that let a dropped connection's error skip past the surrounding error handling entirely and crash the app outright. A separate mismatch also meant every single reconnect immediately tore the whole sync stack down and rebuilt it a second time, racing its own freshly made connection. Both are fixed.",,needs translation; don't translate Home Assistant
cr_whats_new_beta_14,1,"Settings › Family Sharing now shows which HKI 7 Cloud version is installed, and — if it's behind — exactly which family features that leaves unavailable, each labelled with the version that unlocks it. Previously the only way to find out a component was out of date was to hit a save that silently dropped part of what you configured.*",,needs translation; don't translate HKI 7 Cloud
cr_whats_new_beta_14,2,"New To-Do List widget: a shared checklist or shopping list the whole family can add to. Items support an optional quantity, category, priority (low, normal or high, shown as a flag) and due date, with Added by and Checked by attribution when more than one person edits the list. Choose Manual, A–Z, Priority, or Newest-first ordering, and filter between To do, All, and Done from the dialog. Editing can be limited to everyone, specific family members picked from the real Home Assistant user list, or admins only, enforced the same way the rest of the app's family permissions are. It follows the same design as every other widget, with the usual General, Permissions, Appearance and Visibility settings tabs.",,needs translation; don't translate Home Assistant
cr_whats_new_beta_14,3,"Room following can now be set to only place someone in the right room when the app starts, without tracking them for the rest of the session. The existing Ask before switching rooms switch only chose between asking and switching silently; there was no way to get the one-time placement without the app continuing to follow every move afterward. A new Keep following while the app is open switch under each person's room-following settings turns that continued tracking off on its own, leaving Open their room when the app starts to do the one placement it always did.*",,needs translation
cr_whats_new_beta_14,4,"New Formula 1 widget, for the F1 Sensor integration. The card shows the next race with a countdown and the circuit outline; opening it gives four tabs — Next race with the full session schedule and trackside weather, Standings for drivers and constructors, Results for the last grand prix with places gained or lost, and a Live tab that appears only while a session is running, showing the flag and race control messages. It finds its sensors on its own: F1 Sensor lets you rename its entities and pick a language, so the widget matches on the integration's stable internal keys rather than entity ids.",,needs translation
cr_whats_new_beta_14,5,"New Find my devices widget: a map of your phones, watches, tags and trackers. Add any device_tracker or person entity; the ones reporting GPS appear as pins on the map, the rest are still listed with their state. Tick as many as you like to show them together, or leave nothing ticked to see everything. Three filters narrow the list: All, Devices, and People. The card follows the same design as the other widgets, so background image, icon, width, shape and corner radius all work as you would expect.",,needs translation
cr_whats_new_beta_14,6,"The maps in the app no longer look like a printed atlas. HKI now uses the same muted CARTO basemap that Home Assistant's own map card uses, instead of the standard OpenStreetMap rendering, which was designed as a mapper's reference render rather than a background for an app. It also has a proper dark variant, so the map finally follows your theme instead of glowing white inside a dark dialog.",,needs translation; don't translate Home Assistant
cr_whats_new_beta_14,7,"Fixed room following doing nothing at all once Ask before switching rooms was turned off. That switch was being treated as a master off-switch for the whole feature, so with prompting disabled the app neither asked nor moved. It now does what it says: with prompting on you get the prompt, with it off the room simply opens. Don't ask again until I restart still stops both, since trading a prompt for a surprise jump would be worse.",,needs translation
cr_whats_new_beta_14,8,"Fixed the waste widget's settings dialog being cut off around two thirds of the way down while empty space sat below it. The dialog reserves a tall card but its contents were capped at a fixed height, so the scroll area stopped short of the space available. Both the settings dialog and the waste dialog itself now use the full height.",,needs translation
cr_whats_new_beta_14,9,"The waste dialog's calendar can now look 7, 14 or 28 days ahead, and is drawn as a week grid like the calendar widget rather than a flat list: weekday columns, one row per week, and a coloured dot per collection in its fraction's colour. Tap a day to see what is collected then; it opens on the next day with a collection.",,needs translation
cr_whats_new_beta_14,10,"Parcel dialogs now say Today or Tomorrow instead of naming the weekday. The whole question a delivery date answers is how soon, and “Wednesday” on a Wednesday made you work that out yourself.",,needs translation
cr_whats_new_beta_14,11,"The +2 bubble in the header, shown when there are more people than fit, now opens. Tapping it lists everyone with their name and state, and picking someone opens their detail dialog as usual. Previously those people were simply unreachable on a narrow header.",,needs translation
cr_whats_new_beta_14,12,"Fixed the map in the person dialog overflowing the dialog on a tablet or unfolded foldable. The map was drawn as a square as wide as the dialog, so on a 620dp-wide card it became 620dp tall and pushed the address off the bottom. It now takes the height left over instead.",,needs translation
cr_whats_new_beta_14,13,"Fixed notifications going undelivered while Home Assistant reported the device as not connected to local push notifications, even with the app open. The app stood aside for its background connection whenever the settings said that connection should be running — but when Android refused to start it, such as after a reboot, nothing was listening at all. The app now checks whether that connection is really running rather than whether it is meant to be, takes over when it is not, and hands the channel back the moment it does come up.",,needs translation; don't translate Home Assistant
cr_whats_new_beta_14,14,"Fixed room-following settings not taking effect on the device you changed them from. Turning following off, or changing how long a room must hold before it counts as a move, was written to the companion component but not to the device's own cached copy — so it kept following, and kept using the old dwell time, until the app was next started. Changes now apply immediately. The dwell slider also no longer offers zero seconds, which made the very first sensor reading count as a move.",,needs translation
cr_whats_new_beta_14,15,"The Formula 1 card now says one thing: the next grand prix and when it is — “Today 15:00” on the day, otherwise the date and time, in your own timezone. Track status is gone from it, because outside a session that read “Not running”, which is not what anyone glances at the card for. The status sits in the same dark pill the camera, vacuum and waste cards use, so it lines up with the rest of your dashboard again. The circuit outline stays as a faint watermark and the host country flag in the corner. The widget also no longer asks which F1 instance to use — it reads everything the integration publishes, so the dialog always has the full picture.",,needs translation
cr_whats_new_beta_14,16,"The To-Do List dialog's undo/redo and Close buttons moved from the title row to the bottom action bar, matching every other dialog in the app.",,needs translation
cr_whats_new_beta_14,17,* HKI 7 Cloud Component integration required.,,needs translation; don't translate HKI 7 Cloud
cr_whats_new_beta_13,1,"HKI can now follow you from room to room. Point it at a room-presence sensor such as ESPresense and it opens the room you are in when the app starts, then offers to switch views when you move somewhere else. Rooms also gain a purple counter showing how many people are in them, beside the motion and presence counters. An admin sets this up for the whole family under Settings › Family Sharing › Presence: pick each person's sensor and how long a new room must hold before it counts as a move. Sensor rooms named after your Home Assistant areas are matched automatically.*",,needs translation; don't translate Home Assistant
cr_whats_new_beta_13,2,"Notifications from Home Assistant can now carry action buttons. Add actions to a notify.mobile_app_… message and each one appears on the notification; tapping it sends the action back to Home Assistant, where an automation can respond. The buttons also appear on the in-app banner and in the notification drawer, because HKI hides system notifications while it is open. A URI action opens its link, a REPLY action takes a typed answer, and an action tapped while offline is delivered once the connection returns. Each notification can be actioned once.",,needs translation; don't translate Home Assistant
cr_whats_new_beta_13,3,"New Action button: a button that needs no entity at all. Give it a name, an icon, and whatever tap, hold, or double-tap action you like — navigate to a view or room, call a Home Assistant action, open a URL or a custom popup. Add one from the widget picker, from a button stack, or as an action badge in the badge area beside the header.",,needs translation; don't translate Home Assistant
cr_whats_new_beta_13,4,"Icon-only buttons can now be sized. Auto shrinks the icon as a stack gains columns, which is what makes icon-only usable in the four-, five-, and six-column custom popups where a fixed-size icon used to overflow the button. A button can also be given its own size.",,needs translation
cr_whats_new_beta_13,5,"Button stacks can push their appearance onto every button they hold: one Icon only for every button switch instead of the same switch on twenty buttons, plus an icon size they all inherit. A single button can still override the size.",,needs translation
cr_whats_new_beta_13,6,"The quick start guide can be browsed by hand. Swipe the gesture preview, tap a dot, or tap any tip to jump to it. It still plays on its own until you take over.",,needs translation
cr_whats_new_beta_13,7,"Fixed the waste widget showing the wrong icon and colour for every collection type outside Dutch: the type was matched against the translated label, so PMD shown as Packaging fell through to a generic grey-blue bin. PMD is orange with a recycling symbol again.",,needs translation
cr_whats_new_beta_13,8,"Fixed the room-following prompt appearing after Ask before switching rooms was turned off, and for the room already on screen. It now also offers Don't ask again until I restart the app, and the wait time can be set whether or not prompting is on.",,needs translation
cr_whats_new_beta_13,9,"Flows can express Any of these and nested logic, not just a flat list of ANDs. A group opens into its own list with a breadcrumb, and groups can hold groups, so motion detected AND (after sunset OR guest mode on) is buildable. It is the same structure Home Assistant's own editor writes, so a flow made in HA that used OR is no longer an untouchable advanced block.",,needs translation; don't translate Home Assistant
cr_whats_new_beta_13,10,"Thermostat dials on the Climate view no longer squeeze six across a landscape foldable. Dials hold at four per row until the window is genuinely desktop-wide, so each keeps enough width to read.",,needs translation
cr_whats_new_beta_13,11,"The Waiting for notifications message now has a Hide this notification button that jumps straight to its Android channel settings, where switching the channel off hides it for good while the connection keeps working. Android will not let a background connection run without a visible notification, so this is as far as muting can go. It also switches itself on when you have more than one Home Assistant server.",,needs translation; don't translate Home Assistant
cr_whats_new_beta_13,12,"The vacuum widget can now draw a Valetudo map itself. Choose Valetudo map as the button image and point it at your robot's map camera: HKI reads the map data Valetudo hides inside that camera's PNG and draws the floor, walls, rooms, the robot, its dock and the path it has taken. No add-on, custom component or extra Home Assistant integration is involved, and the map refreshes on its own while the robot is cleaning.",,"needs translation; don't translate Home Assistant, Valetudo"
cr_whats_new_beta_13,13,"Tap a room on the Valetudo map to send the robot to clean it. Rooms use the names you gave them in Valetudo. Cleaning a single room goes through Home Assistant's clean_area action, so first map the robot's segments to your areas in Home Assistant — until you do, the map says so instead of leaving the tap doing nothing.",,"needs translation; don't translate Home Assistant, Valetudo"
cr_whats_new_beta_13,14,"The vacuum settings now warn that plain Map camera on a Valetudo map entity shows a blank tile. Valetudo deliberately does not render the map on the robot, so its PNG is only a container for the data — Valetudo map is the mode that shows something.",,needs translation; don't translate Valetudo
cr_whats_new_beta_13,15,"The vacuum dialog now shows a Valetudo map whenever the map camera you picked actually carries one, whatever the button image is set to — the button image only decides how the tile on the dashboard looks. Cameras that turn out not to be Valetudo maps still show their picture, and HKI stops re-checking once it knows.",,needs translation; don't translate Valetudo
cr_whats_new_beta_13,16,"The robot image now spins while the vacuum is cleaning or returning to its dock, using the same icon animation settings as the rest of the app. A button's own animation setting still overrides it, and Off keeps it still.",,needs translation
cr_whats_new_beta_13,17,* HKI 7 Cloud Component integration required.,,needs translation; don't translate HKI 7 Cloud
cr_whats_new_beta_12,1,"Button widgets and button stacks can now hold an empty, fully transparent button. It takes up a grid cell without drawing anything, so the buttons around it line up exactly where you want them.",,needs translation
cr_whats_new_beta_12,2,Buttons can show just their icon. The new Icon only switch under a button's Appearance settings drops the name and state and centers a larger icon on the button.,,needs translation
cr_whats_new_beta_12,3,"New Custom popup action for buttons, badges, and dialog buttons. Point any tap, hold, or double tap at a popup you build yourself: it opens with the usual dialog title, status, history, and close controls, and you fill it with any widget the app offers. Popups are listed under Settings › Appearance › Popups, where Edit contents opens one ready to arrange. Popups are shared, so several buttons can open the same one, and stacks inside a popup can use up to six columns instead of three. While a popup is being arranged, a Done button sits beside Add widget to leave edit mode without closing it.",,needs translation
cr_whats_new_beta_12,4,"Fixed the Energy detail views (Solar, Electricity, Gas, Water, City heating, Battery) drawing their cards flush against each other with their headings missing. Production, Forecast, Inverters and the rest were hidden behind the card below them; the cards now keep their headings and the usual spacing.",,needs translation
cr_whats_new_beta_12,5,"Fixed Parental Controls refusing to save. An out-of-date HKI 7 Cloud component rejects the Visible and Invisible lists, which used to fail the whole policy; the permissions now save regardless and the message says the component needs updating. Those lists only filter entity lists such as global search — a button on a family dashboard stays visible unless it is hidden for that person explicitly.*",,needs translation; don't translate HKI 7 Cloud
cr_whats_new_beta_12,6,* HKI 7 Cloud Component integration required.,,needs translation; don't translate HKI 7 Cloud
cr_whats_new_beta_11,1,"Rooms, Climate, Security, Energy, and Battery dashboards now make better use of tablets and foldables. Large cards follow the Home and individual-room 1/2/3-column layout, while compact tiles auto-fit without becoming cramped. Climate, Security, and Energy cards use a height-aware masonry layout on wider displays, eliminating large gaps below shorter cards.",,needs translation
cr_whats_new_beta_11,2,State-colored icons on entity buttons and header/status pills now preserve their semantic hue while automatically shifting lighter or darker when they would blend into the current theme.,,needs translation
cr_whats_new_beta_11,3,"Selecting a family dashboard during onboarding now subscribes that installation to it. Owner edits are published when Save or Done is tapped, active clients refresh immediately, and offline clients reconcile when reopened. Non-admin subscribers cannot create or duplicate dashboards unless the app is fully reset.*",,needs translation
cr_whats_new_beta_11,4,"Dashboard setup during onboarding can now restore a local, Google Drive, or Home Assistant backup. New Google Drive and Home Assistant backups use consistent, informative names containing the app version and creation date.*",,"needs translation; don't translate Home Assistant, Google Drive"
cr_whats_new_beta_11,5,"Calendar widgets become vertically scrollable when their height is too small for every event, and hidden Home widgets are removed from the layout instead of leaving an empty space.",,needs translation
cr_whats_new_beta_11,6,"Parcel carrier cards now show the earliest expected delivery date and time for active incoming or outgoing shipments, including integrations that expose a separate next-delivery sensor.",,needs translation
cr_whats_new_beta_11,7,"Family permissions can now independently allow dashboard switching and creation. Fully restricted subscribers see a locked Dashboard settings tab; onboarding removes its placeholder dashboard when switching is denied, and a deleted family dashboard opens a permission-aware recovery screen instead of silently creating a replacement.*",,needs translation
cr_whats_new_beta_11,8,"Family permissions now also control manual re-importing. Non-admins cannot open Family Sharing settings, disabled onboarding choices explain why they are unavailable, and aesthetics-only editors see only visual controls. Their local names, icons, colors, backgrounds, styles, sizes, and layouts take priority when owner updates arrive.*",,needs translation
cr_whats_new_beta_11,9,"Climate sensor/device tabs, Security groups, and every Energy detail tab now follow the same responsive one-, two-, or three-column masonry rules, including their edit and reorder layouts.",,needs translation
cr_whats_new_beta_11,10,Aesthetics-only family editors can no longer change header-pill configuration or the dashboard's people; those functional settings remain controlled by the owner.*,,needs translation
cr_whats_new_beta_11,11,"Parental Controls now replaces manual entity-ID entry with Visible and Invisible lists. Admins can select complete Home Assistant domains or individual entities, and global search hides restricted entities and devices. Invisible entries always take precedence.*",,needs translation; don't translate Home Assistant
cr_whats_new_beta_11,12,"Energy setup now imports SmartGateways and DSMR Reader P1 meters even when the Home Assistant Energy dashboard has not been configured and the sensors are not attached to a device. Tariff 1 and tariff 2 readings are recognised separately, and usage charts and period totals add both tariffs together when no single grid import or export sensor is set.",,needs translation; don't translate Home Assistant
cr_whats_new_beta_11,13,* HKI 7 Cloud Component integration required.,,needs translation; don't translate HKI 7 Cloud
cr_whats_new_beta_10,1,"Visibility rules now work across all widgets and individual items, with time, entity, person, and mixed AND/OR conditions. Admins using a family-shared dashboard can choose whether an item is Visible or Hidden for a selected user. Person conditions use HKI 7 Cloud, whose requirement is shown when it is unavailable. New rules start empty so you choose Time, Entity, or Person.",,needs translation; don't translate HKI 7 Cloud
cr_whats_new_beta_10,2,"Room-status counter badges keep a stable two-digit width. Headers responsively fit one, two, or three counters per row like the home-page and person badges, without pushing the title down.",,needs translation
cr_whats_new_beta_10,3,"Energy setup now recognises SmartGateways and DSMR Reader MQTT sensor names, and choosing a source device refills its separate sensor roles. City heating has dedicated settings, a source tile and detail tab, plus an estimated natural-gas equivalent for J/GJ heat readings.",,needs translation
cr_whats_new_beta_10,4,"Calendar widget dialogs now use the available height correctly, fixing content that previously occupied only half the settings dialog or was cut off.",,needs translation
cr_whats_new_beta_10,5,"Re-import settings now use one consistently spelled and localized label across Rooms, Climate, Security, Energy, and Battery. Conditional visibility wording was also corrected in every supported language.",,needs translation
cr_whats_new_beta_10,6,"Fixed PostNL and the current parcel-integration parser, so incoming shipments once again show their complete tracking details and delivered state. Carrier support has also been brought up to date.",,needs translation
cr_whats_new_beta_10,7,"Added an in-app language selector with full coverage in 13 languages: Dutch, German, French, Spanish (plus Latin American Spanish), Italian, Turkish, Portuguese (plus Brazilian Portuguese), Japanese, Korean, and Chinese (Simplified and Traditional). Each language shows its native name with an English hint beneath it.",,needs translation
cr_whats_new_beta_10,8,"The reconnect status now shows the actual connection error, making Wi-Fi, mobile-data, and VPN handovers much easier to diagnose.",,needs translation
cr_whats_new_beta_10,9,Screen rotation now follows your device’s auto-rotate setting instead of staying locked to portrait.,,needs translation
cr_whats_new_beta_10,10,"The Climate ""Outside"" tile now appears as soon as a weather device is linked, even without dedicated sensors, counts its temperature, humidity and pressure attributes in the summary, and graphs them with matching sensor colors.",,needs translation
cr_whats_new_beta_10,11,"Parcel status codes are now normal sentences. Dates and times follow the selected language and 12/24-hour preference, nearby deliveries use weekday names, the current year is omitted, and same-day windows no longer repeat the date.",,needs translation
cr_whats_new_beta_9,1,"Drag to reorder cameras, thermostats, and energy cards. In edit mode the Security, Climate, and Energy views each get a Reorder button for their relevant cards.",,needs translation
cr_whats_new_beta_9,2,"New Climate Outside tile. Link a weather entity or outdoor temperature, humidity, and air-pressure sensors, then open the tile for individual history graphs.",,needs translation
cr_whats_new_beta_9,3,"Visibility now belongs to each button and header badge. Hide an item or schedule it once or on a daily, weekly, monthly, or yearly recurrence.",,needs translation
cr_whats_new_beta_9,4,Header badges can be renamed from Appearance settings.,,needs translation
cr_whats_new_beta_9,5,Swiping cards autoplay every three seconds by default.,,needs translation
cr_whats_new_beta_9,6,"The Weather dialog adds autoplay for Season, a windrose card, and an optional rain-map card from a camera or embedded web page.",,needs translation
cr_whats_new_beta_9,7,"The Parcels widget was rebuilt around carriers, with logos, account totals, shipment sections, estimates, tracking history, and add-by-tracking support where available.",,needs translation
cr_whats_new_beta_9,8,"Humidifiers and dehumidifiers now have native power, humidity, mode, speed, and helper controls throughout the app.",,needs translation
cr_whats_new_beta_9,9,Room status counters are interactive and open the entities behind each count.,,needs translation
cr_whats_new_beta_9,10,Buttons and badges can show a live countdown from a completion-time entity.,,needs translation
cr_whats_new_beta_9,11,Shared dashboards publish owner edits automatically and recipients receive them on their next sync.,,needs translation
cr_whats_new_beta_9,12,Header display settings now belong to each dashboard and travel through backups and family sharing.,,needs translation
cr_whats_new_beta_9,13,Camera widgets fill the entire tile and follow the configured corner radius.,,needs translation
cr_whats_new_beta_9,14,"Waste collections on the same day now overlap visibly, and the larger dialog can be dismissed by tapping outside.",,needs translation
cr_whats_new_beta_9,15,"Battery, Waste, camera, weather, and About visuals are now more consistent.",,needs translation
cr_whats_new_beta_9,16,"Binary sensors use Home Assistant-style Open/Closed, Wet/Dry, Detected/Clear, and Connected/Disconnected labels.",,needs translation; don't translate Home Assistant
cr_whats_new_beta_9,17,"Aesthetic-only editors can change existing badge visuals but cannot add, remove, or reconfigure badges.",,needs translation
cr_whats_new_beta_9,18,Fixed network handovers: sockets tied to the old Android network are discarded and the saved Home Assistant session reconnects without an unnecessary login. Reconnect status also shows the failure reason.,,needs translation; don't translate Home Assistant
cr_whats_new_beta_8,1,Child locks are no longer imported automatically as room controls.,,needs translation
cr_whats_new_beta_8,2,Every button and badge now honours Home Assistant entity-icon overrides.,,needs translation; don't translate Home Assistant
cr_whats_new_beta_8,3,Vacuums now appear in the room badge bar and open their controls when tapped.,,needs translation
cr_whats_new_beta_8,4,"Individual buttons in multi-item widgets can be hidden or scheduled, including recurring annual date ranges.",,needs translation
cr_whats_new_beta_8,5,Multiple camera badges now open one swipeable dialog with fullscreen paging.,,needs translation
cr_whats_new_beta_8,6,"Family Sharing now lists cloud-published dashboards so they can be imported, reshared, or deleted after a reinstall.",,needs translation
cr_whats_new_beta_7,1,Automatic room import now skips built-in helper controls while retaining genuine extra controls.,,needs translation
cr_whats_new_beta_7,2,Climate devices from different integrations are no longer merged into one control.,,needs translation
cr_whats_new_beta_7,3,"Climate-device icons now match air conditioners, humidifiers, dehumidifiers, and air purifiers.",,needs translation
cr_whats_new_beta_7,4,Air-purifier and humidifier icons pulse gently instead of spinning.,,needs translation
cr_whats_new_beta_7,5,Door locks now use closed-door and open-door icons.,,needs translation
cr_whats_new_beta_7,6,Multi-device header badges can be reordered to choose their leading entity.,,needs translation
cr_whats_new_beta_7,7,Animated icon effects are enabled by default on new installations.,,needs translation
cr_whats_new_beta_7,8,Buttons and badges can display an entity attribute and optional unit instead of its state.,,needs translation
cr_whats_new_beta_7,9,"Dashboards can now be copied with all rooms, widgets, and page settings.",,needs translation
cr_whats_new_beta_7,10,"Family Sharing now combines parental controls, dashboard sharing, and per-user permissions.",,needs translation
cr_whats_new_beta_7,11,Shared dashboards update automatically while keeping allowed local visual changes.,,needs translation
cr_whats_new_beta_7,12,Non-admin family members can use automatic per-room Adaptive Lighting controls when the HKI 7 Cloud component is installed.,,needs translation; don't translate HKI 7 Cloud
cr_whats_new_beta_7,13,Fixed unreadable header and pull-down labels in light mode and with custom appearances.,,needs translation
cr_whats_new_beta_7,14,About now provides What’s new and Full changelog buttons.,,needs translation
cr_whats_new_beta_7,15,Fixed the Unable to connect screen so it appears reliably when Home Assistant cannot be reached.,,needs translation; don't translate Home Assistant
cr_whats_new_beta_6,1,Fixed edit-mode action bars overlapping Android three-button navigation.,,needs translation
cr_whats_new_beta_6,2,The Backup and Restore screen now shows when each automatic cloud backup last ran.,,needs translation
cr_whats_new_beta_6,3,Each cloud backup now has a Back up now button.,,needs translation
cr_whats_new_beta_6,4,Fixed the oversized app icon after the themed-icon update.,,needs translation
cr_whats_new_beta_4_to_5,1,The Backup and Restore screen now shows when each automatic cloud backup last ran.,,needs translation
cr_whats_new_beta_4_to_5,2,Each cloud backup now has a Back up now button.,,needs translation
cr_whats_new_beta_4_to_5,3,Fixed the oversized app icon after the themed-icon update.,,needs translation
cr_whats_new_beta_3,1,"Added Simple Icons, Tabler, and Phosphor icon packs alongside Material Design Icons.",,needs translation
cr_whats_new_beta_3,2,"Added animated entity icons that glow, spin, or pulse while active.",,needs translation
cr_whats_new_beta_3,3,Added family dashboard sharing for admins.*,,needs translation
cr_whats_new_beta_3,4,Added parental controls that can hide selected views and rooms for specific people.*,,needs translation
cr_whats_new_beta_3,5,Added automatic daily backup to your own Home Assistant.*,,needs translation; don't translate Home Assistant
cr_whats_new_beta_3,6,Media-source icons are colored and can open the installed source app.,,needs translation
cr_whats_new_beta_3,7,New iFrame widget for embedding web pages.,,needs translation
cr_whats_new_beta_3,8,Energy views now show negative values while exporting power.,,needs translation
cr_whats_new_beta_3,9,Fixed onboarding completing when switching away before finishing.,,needs translation
cr_whats_new_beta_3,10,Fixed the thermostat-dial mode button overlapping nearby items.,,needs translation
cr_whats_new_beta_3,11,Many smaller bug fixes.,,needs translation
cr_whats_new_beta_3,12,* HKI 7 Cloud Component integration required.,,needs translation; don't translate HKI 7 Cloud
cr_whats_new_beta_2,1,"Improved layouts on short and narrow displays, with a single-column fallback throughout the app.",,needs translation
cr_whats_new_beta_2,2,Dialog headers use two rows on narrow screens so titles are no longer cut off.,,needs translation
cr_whats_new_beta_2,3,Fixed Adaptive Lighting sliders overlapping other elements.,,needs translation
cr_whats_new_beta_2,4,Navigation bars now indicate when more items are available off-screen.,,needs translation
cr_whats_new_beta_2,5,Fixed cameras ignoring the screen-orientation lock.,,needs translation
cr_whats_new_beta_2,6,Fixed zoom in camera dialogs and fullscreen cameras.,,needs translation
global_search_browse_entities,one,Browse %1$d entity on this device,Pārlūkojiet %1$d entītiju šajā ierīcē,app fills in %1$d — keep them
global_search_browse_entities,other,Browse %1$d entities on this device,Pārlūkojiet %1$d entītijas šajā ierīcē,app fills in %1$d — keep them
global_search_browse_entities,zero,,Pārlūkojiet %1$d entītijas šajā ierīcē,
global_search_entity_count,one,%1$d entity,%1$d entītija,app fills in %1$d — keep them
global_search_entity_count,other,%1$d entities,%1$d entītijām,app fills in %1$d — keep them
global_search_entity_count,zero,,%1$d entītijām,
rooms_count,one,%1$d room,%1$d telpa,app fills in %1$d — keep them
rooms_count,other,%1$d rooms,%1$d istabas,app fills in %1$d — keep them
rooms_count,zero,,%1$d istabas,
core_system,,System,Sistēma,
core_greeting_morning,,Good Morning,Labrīt,
core_greeting_afternoon,,Good Afternoon,Laba pēcpusdiena,
core_greeting_evening,,Good Evening,Labvakar,
core_greeting_night,,Good Night,ar labu nakti,
core_last_seen_just_now,,Last seen just now,Pēdējo reizi redzēts tikko,
core_no_media_playing,,No media is playing,Netiek atskaņots neviens multivides līdzeklis,
core_media_players_playing,one,%1$d media player is playing,Tiek atskaņots %1$d multivides atskaņotājs,app fills in %1$d — keep them
core_media_players_playing,other,%1$d media players are playing,Tiek atskaņoti %1$d multivides atskaņotāji,app fills in %1$d — keep them
core_media_players_playing,zero,,Tiek atskaņoti %1$d multivides atskaņotāji,
core_last_seen_minutes,one,Last seen %1$d minute ago,Pēdējoreiz redzēts pirms %1$d minūtes,app fills in %1$d — keep them
core_last_seen_minutes,other,Last seen %1$d minutes ago,Pēdējoreiz redzēts pirms %1$d minūtēm,app fills in %1$d — keep them
core_last_seen_minutes,zero,,Pēdējoreiz redzēts pirms %1$d minūtēm,
core_last_seen_hours,one,Last seen %1$d hour ago,Pēdējoreiz redzēts pirms %1$d stundas,app fills in %1$d — keep them
core_last_seen_hours,other,Last seen %1$d hours ago,Pēdējoreiz redzēts pirms %1$d stundām,app fills in %1$d — keep them
core_last_seen_hours,zero,,Pēdējoreiz redzēts pirms %1$d stundām,
core_last_seen_days,one,Last seen %1$d day ago,Pēdējoreiz redzēts pirms %1$d dienas,app fills in %1$d — keep them
core_last_seen_days,other,Last seen %1$d days ago,Pēdējoreiz redzēts pirms %1$d dienām,app fills in %1$d — keep them
core_last_seen_days,zero,,Pēdējoreiz redzēts pirms %1$d dienām,
core_last_seen_weeks,one,Last seen %1$d week ago,Pēdējoreiz redzēts pirms %1$d nedēļas,app fills in %1$d — keep them
core_last_seen_weeks,other,Last seen %1$d weeks ago,Pēdējoreiz redzēts pirms %1$d nedēļām,app fills in %1$d — keep them
core_last_seen_weeks,zero,,Pēdējoreiz redzēts pirms %1$d nedēļām,
dlg_1_advanced_shorthand_block_kept_unchanged,,1 advanced shorthand block (kept unchanged),1 uzlabots stenogrāfijas bloks (saglabāts nemainīgs),
dlg_24_hour_format,,24-Hour Format,24 stundu formāts,
dlg_action_count,,%1$s action,%1$s darbība,app fills in %1$s — keep them
dlg_action,,Action,Darbība,
dlg_action_data,,Action data,Darbības dati,
dlg_action_data_object,,Action data object,Darbības datu objekts,
dlg_action_details,,Action details,Informācija par darbību,
dlg_adapt_now,,Adapt now,Pielāgojiet tagad,
dlg_adaptive_lighting,,Adaptive Lighting,Adaptīvais apgaismojums,
dlg_adaptive_lighting_is_unavailable,,Adaptive Lighting is unavailable,Adaptīvais apgaismojums nav pieejams,
dlg_add_4_10_entity_buttons_to_this_dialog_s,,Add 4–10 entity buttons to this dialog's nav bar.,Pievienojiet 4–10 entītiju pogas šī dialoga navigācijas joslai.,
dlg_add,,Add,Pievienot,
dlg_add_at_least_one_step,,Add at least one step,Pievienojiet vismaz vienu soli,
dlg_add_button,,Add button,Pievienošanas poga,
dlg_add_custom_buttons,,Add Custom Buttons,Pievienojiet pielāgotas pogas,
dlg_add_more_for_a_full_row,,Add %1$s more for a full row.,"Pievienojiet vēl %1$s, lai iegūtu pilnu rindu.",app fills in %1$s — keep them
dlg_add_to,,Add to %1$s,Pievienot %1$s,app fills in %1$s — keep them
dlg_advanced,,Advanced,Papildu,
dlg_advanced_action_data_json,,Advanced action data (JSON),Papildu darbību dati (JSON),
dlg_advanced_shorthand_blocks_kept_unchanged,,%1$s advanced shorthand blocks (kept unchanged),%1$s uzlaboti stenogrāfijas bloki (nemainīti),app fills in %1$s — keep them
dlg_alarm_entities,,Alarm entities,Trauksmes entītijas,
dlg_alarm_pending,,Alarm pending,Gaidāma trauksme,
dlg_alignment,,Alignment,Izlīdzināšana,
dlg_always,,Always,Vienmēr,
dlg_any_state,,Any state,Jebkura valsts,
dlg_appearance,,Appearance,Izskats,
dlg_apply,,Apply,Pieteikties,
dlg_aspect_ratio,,Aspect ratio,Malu attiecība,
dlg_astronomical_tap_or_swipe,,Astronomical · tap or swipe,Astronomiski · pieskarieties vai velciet,
dlg_auto,,Auto,Auto,
dlg_auto_none,,Auto / none,Automātiski / nav,
dlg_auto_scan,,Auto-scan,Automātiskā skenēšana,
dlg_automation,,Automation,Automatizācija,
dlg_back,,Back,Atpakaļ,
dlg_backspace,,Backspace,Backspace,
dlg_badge_bar_layout,,Badge bar layout,Žetonu joslas izkārtojums,
dlg_batt,,Batt,Batt,
dlg_battery_value,,Battery: %1$s,Akumulators: %1$s,app fills in %1$s — keep them
dlg_built_in,,Built-in,Iebūvēts,
dlg_cancel,,Cancel,Atcelt,
dlg_cancel_arming,,Cancel arming,Atcelt bruņojumu,
dlg_change,,Change,Mainīt,
dlg_choose_a_side_when_the_badge_bar_is_split,,Choose a side when the badge bar is split,"Izvēlieties malu, kad emblēmas josla ir sadalīta",
dlg_choose_a_state,,Choose a state,Izvēlieties valsti,
dlg_condition,,Condition,Stāvoklis,
dlg_condition_is,,Is,Ir,
dlg_condition_is_not,,Is not,Vai nav,
dlg_condition_state,,State,valsts,
dlg_vis_and,,AND,UN,
dlg_vis_conditional,,Conditional,Nosacīti,
dlg_vis_entity_state,,Entity state,Entītijas stāvoklis,
dlg_vis_person,,Person,Persona,
dlg_visible,,Visible,Redzams,
dlg_choose_person,,Choose person,Izvēlieties personu,
dlg_person_condition_hint,,Matches the signed-in Home Assistant user. This rule travels with a shared dashboard.,"Atbilst lietotājam, kas ir pierakstījies Home Assistant. Šis noteikums tiek izmantots koplietotā informācijas panelī.",don't translate Home Assistant
dlg_person_requires_hki7_cloud,,Person visibility requires the HKI 7 Cloud component. Install it to select Home Assistant users here.,"Personas redzamībai ir nepieciešams komponents HKI 7 Cloud. Instalējiet to, lai šeit atlasītu Home Assistant lietotājus.","don't translate HKI 7 Cloud, Home Assistant"
dlg_vis_match,,Match,Match,
dlg_vis_match_all,,All rules,Visi noteikumi,
dlg_vis_match_any,,Any rule,Jebkurš noteikums,
dlg_vis_or,,OR,VAI,
dlg_vis_time_schedule,,Time schedule,Laika grafiks,
dlg_choose_a_visual_home_assistant_block,,Choose a visual Home Assistant block,Izvēlieties vizuālu Home Assistant bloku,don't translate Home Assistant
dlg_choose_action,,Choose action,Izvēlieties darbību,
dlg_choose_an_action,,Choose an action,Izvēlieties darbību,
dlg_choose_an_entity,,Choose an entity,Izvēlieties entītiju,
dlg_choose_an_entity_first,,Choose an entity first,Vispirms izvēlieties entītiju,
dlg_choose_entity,,Choose entity,Izvēlieties entītiju,
dlg_choose_the_home_assistant_entities_that_drive_this_room,,Choose the Home Assistant entities that drive this room's live indicators. Indicators only appear while they are active.,"Izvēlieties Home Assistant entītijas, kas nosaka šīs telpas reāllaika rādītājus. Indikatori parādās tikai tad, kad tie ir aktīvi.",don't translate Home Assistant
dlg_choose_the_profile_for_this_light,,Choose the profile for this light,Izvēlieties profilu šim apgaismojumam,
dlg_choose_what_this_action_should_control,,Choose what this action should control,"Izvēlieties, kas ar šo darbību jākontrolē",
dlg_choose_what_this_badge_summarizes,,Choose what this badge summarizes,Izvēlieties šīs emblēmas kopsavilkumu,
dlg_choose_what_this_header_pill_shows,,Choose what this header pill shows,"Izvēlieties, kas tiek rādīts šajā galvenes tabletē",
dlg_clear,,Clear,Skaidrs,
dlg_clear_rooms_view,,Clear rooms view?,Vai ir skaidrs telpu skats?,
dlg_climate_dialog_control,,Climate dialog control,Klimata dialoga kontrole,
dlg_climate_sources_take_priority_and_use_their_current_temper,,Climate sources take priority and use their current_temperature and current_humidity values. ,Klimata avotiem ir prioritāte un tiek izmantotas to pašreizējās_temperatūras un pašreizējā_mitruma vērtības.,keep the space at the start/end
dlg_climate_summary,,Climate summary,Klimata kopsavilkums,
dlg_close,,Close,Aizvērt,
dlg_confirm,,Confirm,Apstiprināt,
dlg_controls_light_in_this_profile,,Controls %1$s light%2$s in this profile.,Vada %1$s light%2$s šajā profilā.,app fills in %1$s %2$s — keep them
dlg_countdown_timer,,Countdown timer,Atpakaļskaitīšanas taimeris,
dlg_create_a_flow,,Create a flow,Izveidojiet plūsmu,
dlg_current,,Current %1$s%%,Pašreizējais %1$s%%,app fills in %1$s — keep them
dlg_current_weather,,Current weather,Pašreizējie laikapstākļi,
dlg_custom,,Custom,Pielāgots,
dlg_custom_buttons,,Custom buttons,Pielāgotas pogas,
dlg_custom_value,,Custom %1$s,Pielāgots %1$s,app fills in %1$s — keep them
dlg_custom_name,,Custom name,Pielāgots nosaukums,
dlg_custom_seconds,,Custom seconds,Pielāgotas sekundes,
dlg_custom_state,,Custom state...,Pielāgots stāvoklis...,
dlg_date,,Date,Datums,
dlg_day_to,,%1$s day%2$s to %3$s,%1$s diena%2$s līdz %3$s,app fills in %1$s %2$s %3$s — keep them
dlg_delete_automation,,Delete automation?,Vai dzēst automatizāciju?,
dlg_delete,,Delete,Dzēst,
dlg_description,,Description,Apraksts,
dlg_details,,Details,Sīkāka informācija,
dlg_device_value,,Device: %1$s,Ierīce: %1$s,app fills in %1$s — keep them
dlg_device,,Device,Ierīce,
dlg_direction,,Direction —,Virziens —,
dlg_display,,Display,Displejs,
dlg_display_linked_entities_and_dialog_layout,,"Display, linked entities, and dialog layout","Displejs, saistītās entītijas un dialoga izkārtojums",
dlg_display_mode,,Display mode,Displeja režīms,
dlg_display_order,,Display order,Displeja secība,
dlg_done,,Done,Gatavs,
dlg_door_sensors,,Door sensors,Durvju sensori,
dlg_edit,,Edit,Rediģēt,
dlg_empty_bin,,Empty bin: %1$s,Tukša tvertne: %1$s,app fills in %1$s — keep them
dlg_end,,End: %1$s,Beigas: %1$s,app fills in %1$s — keep them
dlg_enter_a_valid_json_object,,Enter a valid JSON object,Ievadiet derīgu JSON objektu,
dlg_enter_code,,Enter code,Ievadiet kodu,
dlg_enter_the_same_data_object_home_assistant_shows_in,,Enter the same data object Home Assistant shows in YAML. JSON is used here so values keep their exact type.,"Ievadiet to pašu datu objektu Home Assistant, kas tiek rādīts YAML. Šeit tiek izmantots JSON, tāpēc vērtībām tiek saglabāts precīzs veids.",don't translate Home Assistant
dlg_entities_count,,Entities (%1$s),Entītijas (%1$s),app fills in %1$s — keep them
dlg_entities_appearance_and_interactions,,"Entities, appearance, and interactions","Entītijas, izskats un mijiedarbība",
dlg_entities,,Entities,Entītijas,
dlg_entities_that_signal_activity_or_safety_states,,Entities that signal activity or safety states,"Objekti, kas signalizē par darbību vai drošības stāvokli",
dlg_entity_integrations,,Entity integrations,Entītiju integrācijas,
dlg_entity_name,,Entity name,Entītijas nosaukums,
dlg_entity_picture,,Entity picture,Vienības attēls,
dlg_event,,Event,Pasākums,
dlg_exact_text_or_number_reported_by_home_assistant,,Exact text or number reported by Home Assistant,Precīzu tekstu vai numuru ziņoja Home Assistant,don't translate Home Assistant
dlg_exit_full_screen,,Exit full screen,Iziet pilnekrāna režīmā,
dlg_floor,,Floor,Stāvs,
dlg_floor_assignment,,Floor assignment,Stāvu uzdevums,
dlg_flows,,Flows,Plūsmas,
dlg_forecast,,Forecast,Prognoze,
dlg_forget_selection,,Forget selection,Aizmirstiet atlasi,
dlg_forward,,Forward,Uz priekšu,
dlg_from,,From %1$s,No %1$s,app fills in %1$s — keep them
dlg_from_state,,From state,No valsts,
dlg_full_day_name,,Full Day Name,Pilnas dienas nosaukums,
dlg_group_light_paused_for_manual_control,,%1$s group light%2$s paused for manual control.,%1$s grupas indikators%2$s ir apturēts manuālai vadībai.,app fills in %1$s %2$s — keep them
dlg_header_appearance,,Header appearance,Virsraksta izskats,
dlg_header_custom_color_rrggbb,,Header custom color (#RRGGBB),Pielāgota galvenes krāsa (#RRGGBB),
dlg_header_pill,,Header pill,Galvenes tablete,
dlg_hidden,,Hidden,Slēpts,
dlg_hidden_during,,Hidden during,Slēpts laikā,
dlg_hide_this_badge_or_schedule_when_it_appears,,"Hide this badge, or schedule when it appears","Paslēpiet šo emblēmu vai ieplānojiet, kad tā parādās",
dlg_https,,https://…,https://…,
dlg_humidity,,Humidity,Mitrums,
dlg_icon,,Icon,Ikona,
dlg_icon_animation,,Icon animation,Ikonu animācija,
dlg_icon_value,,Icon: %1$s,Ikona: %1$s,app fills in %1$s — keep them
dlg_identity,,Identity,Identitāte,
dlg_identity_presentation_indicators_and_maintenance,,"Identity, presentation, indicators, and maintenance","Identitāte, prezentācija, rādītāji un uzturēšana",
dlg_import_only_rooms_that_have_not_been_edited_or,,"Import only rooms that have not been edited, or rebuild everything. Rebuilding removes all edited rooms and floors before importing them from scratch.","Importējiet tikai telpas, kas nav rediģētas, vai pārbūvējiet visu. Veicot pārbūvi, tiek noņemtas visas rediģētās telpas un stāvi, pirms tie tiek importēti no jauna.",
dlg_import_unedited,,Import unedited,Importēt nerediģētu,
dlg_interactions,,Interactions,Mijiedarbība,
dlg_is,, is,ir,keep the space at the start/end
dlg_items,,%1$s items,%1$s vienumi,app fills in %1$s — keep them
dlg_last_run,,Last run %1$s,Pēdējais skrējiens %1$s,app fills in %1$s — keep them
dlg_left,,Left,Pa kreisi,
dlg_left_side_overflows_right,,Left side overflows right,Kreisā puse pārplūst pa labi,
dlg_live,,Live,Tiešraidē,
dlg_live_uppercase,,LIVE,LIVE,
dlg_live_indicators,,Live indicators,Dzīvie indikatori,
dlg_loading_actions,,Loading actions…,Notiek darbību ielāde…,
dlg_lunar_phase,,Lunar phase,Mēness fāze,
dlg_map,,Map,Karte,
dlg_map_value,,Map: %1$s,Karte: %1$s,app fills in %1$s — keep them
dlg_media,,Media,Plašsaziņas līdzekļi,
dlg_media_browsing_isn_t_available_for_this_player,,Media browsing isn't available for this player.,Multivides pārlūkošana šim atskaņotājam nav pieejama.,
dlg_media_library,,Media library,Multivides bibliotēka,
dlg_media_players,,Media players,Multivides atskaņotāji,
dlg_meteorological_tap_or_swipe,,Meteorological · tap or swipe,Meteoroloģiskie · pieskarieties vai velciet,
dlg_mm,,%1$s mm,%1$s mm,app fills in %1$s — keep them
dlg_modes,,Modes,Režīmi,
dlg_moon,,Moon,Mēness,
dlg_move_down,,Move down,Pārvietojieties uz leju,
dlg_move_up,,Move up,Pārvietojieties uz augšu,
dlg_multiple_climate_values_are_averaged_separate_sensor_value,,Multiple climate values are averaged. Separate sensor values are averaged only when no climate source is selected.,"Tiek aprēķinātas vairākas klimata vērtības. Atsevišķu sensoru vērtības tiek aprēķinātas vidējās tikai tad, ja nav atlasīts neviens klimata avots.",
dlg_name,,Name,Vārds,
dlg_name_and_icon_used_throughout_the_app,,Name and icon used throughout the app,Visā lietotnē izmantotais nosaukums un ikona,
dlg_name_optional,,Name (optional),Vārds (neobligāti),
dlg_native_home_assistant_automations_always_in_sync,,"Native Home Assistant automations, always in sync","Vietējā Home Assistant automatizācija, vienmēr sinhronizēta",don't translate Home Assistant
dlg_never_triggered,,Never triggered,Nekad nav aktivizēts,
dlg_new_flow,,New flow,Jauna plūsma,
dlg_next_camera,,Next camera,Nākamā kamera,
dlg_no_conditions_this_flow_always_continues,,No conditions — this flow always continues,Bez nosacījumiem — šī plūsma vienmēr turpinās,
dlg_no_door_sensor,,No door sensor,Nav durvju sensora,
dlg_no_forecast_available,,No forecast available,Prognoze nav pieejama,
dlg_no_matching_automations,,No matching automations,Nav atbilstošas automatizācijas,
dlg_no_native_home_assistant_automations_found,,No native Home Assistant automations found,Nav atrasta neviena vietējā Home Assistant automatizācija,don't translate Home Assistant
dlg_no_profile_available,,No profile available,Profils nav pieejams,
dlg_no_stream_available,,No stream available,Nav pieejama neviena straume,
dlg_no_supported_alarm_modes_reported_by_this_entity,,No supported alarm modes reported by this entity,Šī entītija nav ziņojusi par atbalstītiem trauksmes režīmiem,
dlg_no_target,,No target,Nav mērķa,
dlg_none,,None,Nav,
dlg_none_timer_follows_the_completion_time_only,,None — timer follows the completion time only,Nav — taimeris seko tikai pabeigšanas laikam,
dlg_not_loaded_by_home_assistant,,Not loaded by Home Assistant,Nav ielādējis Home Assistant,don't translate Home Assistant
dlg_nothing_here,,Nothing here.,Šeit nekas.,
dlg_off_uppercase,,OFF,IZSLĒGTS,
dlg_off,,Off,Izslēgts,
dlg_on_uppercase,,ON,IESL,
dlg_on,,On,Ieslēgts,
dlg_percent_on,,%1$s%% • ON,%1$s%% • IESL,app fills in %1$s — keep them
dlg_open_camera_full_screen,,Open camera full screen,Atveriet kameru pilnekrāna režīmā,
dlg_open,,Open,Atvērt,
dlg_optional_controls_and_sensors_for_richer_dialogs,,Optional controls and sensors for richer dialogs,Papildu vadīklas un sensori bagātākiem dialogiem,
dlg_optional_fields_passed_to_home_assistant,,Optional fields passed to Home Assistant,Neobligātie lauki nodoti Home Assistant,don't translate Home Assistant
dlg_optional_label_shown_when_name_is_enabled_above,,"Optional label shown when ""Name"" is enabled above","Ja iepriekš ir iespējota opcija “Vārds”, tiek rādīta izvēles iezīme",
dlg_oscillate,,Oscillate,Svārstīties,
dlg_pause,,Pause,Pauze,
dlg_pause_adaptation,,Pause adaptation,Pārtraukt adaptāciju,
dlg_pending_timer,,Pending timer,Gaidošais taimeris,
dlg_pick_a_source_device_or_fine_tune_individual_roles,,Pick a source device or fine-tune individual roles,Izvēlieties avota ierīci vai precizējiet atsevišķas lomas,
dlg_place_this_room_in_the_correct_floor_group,,Place this room in the correct floor group,Novietojiet šo telpu pareizajā stāvu grupā,
dlg_placement,,Placement,Izvietojums,
dlg_players_summarized_by_the_room_header_and_card,,Players summarized by the room header and card,Spēlētāji apkopoti pēc telpas galvenes un kartītes,
dlg_please_wait,,Please wait…,"Lūdzu, uzgaidiet…",
dlg_precipitation,,Precipitation,Nokrišņi,
dlg_presets_uppercase,,PRESETS,IEPRIEKŠIESTATĪJUMI,
dlg_presets,,Presets,Sākotnējie iestatījumi,
dlg_previous_camera,,Previous camera,Iepriekšējā kamera,
dlg_profile,,Profile,Profils,
dlg_profile_switches_affect_every_light_assigned_to,,Profile switches affect every light assigned to %1$s.,Profila slēdži ietekmē katru %1$s piešķirto gaismu.,app fills in %1$s — keep them
dlg_rain,,Rain,Lietus,
dlg_rain_map,,Rain map,Lietus karte,
dlg_rain_map_url_iframe,,Rain map URL (iframe),Lietus kartes URL (iframe),
dlg_re_import_rooms,,Re-import rooms,Reimportēt telpas,
dlg_read_only_home_assistant_automation,,Read-only Home Assistant automation,Tikai lasāma Home Assistant automatizācija,don't translate Home Assistant
dlg_recipes_create_regular_home_assistant_automations_you_can,,Recipes create regular Home Assistant automations. You can continue editing them in either HKI7 or Home Assistant.,Receptes rada regulāras Home Assistant automatizācijas. Varat turpināt to rediģēšanu HKI7 vai Home Assistant.,"don't translate Home Assistant, HKI7"
dlg_remove,,Remove,Noņemt,
dlg_remove_edits_and_import_all,,Remove edits and import all,Noņemiet labojumus un importējiet visus,
dlg_repeat,,Repeat,Atkārtojiet,
dlg_repeats_every_day_only_the_time_of_day_is,,Repeats every day — only the time of day is used.,Atkārtojas katru dienu — tiek izmantots tikai diennakts laiks.,
dlg_repeats_every_month_only_the_day_of_the_month,,Repeats every month — only the day of the month and time are used.,Atkārtojas katru mēnesi — tiek izmantota tikai mēneša diena un laiks.,
dlg_repeats_every_week_only_the_weekday_and_time_are,,Repeats every week — only the weekday and time are used.,Atkārtojas katru nedēļu — tiek izmantota tikai nedēļas diena un laiks.,
dlg_repeats_every_year_the_year_is_ignored_so_e,,"Repeats every year — the year is ignored, so e.g. 24–26 Dec recurs each Christmas.","Atkārtojas katru gadu — gads tiek ignorēts, tāpēc piem. 24.–26. decembris atkārtojas katros Ziemassvētkos.",
dlg_required,, (required),(obligāti),keep the space at the start/end
dlg_required_state,,Required state,Nepieciešamais stāvoklis,
dlg_resume_adaptation,,Resume adaptation,Atsākt adaptāciju,
dlg_resume,,Resume,Atsākt,
dlg_reverse,,Reverse,Reverss,
dlg_right,,Right,Pareizi,
dlg_right_side_overflows_left,,Right side overflows left,Labā puse pārplūst pa kreisi,
dlg_room_areas,,Room areas,Telpu zonas,
dlg_room_climate,,Room climate,Telpas klimats,
dlg_room_name,,Room name,Telpas nosaukums,
dlg_run_mode,,Run mode,Darbības režīms,
dlg_running_state_entity,,Running-state entity,Darbības stāvokļa vienība,
dlg_s_are,,s are,s ir,
dlg_save,,Save,Saglabāt,
dlg_save_in_home_assistant,,Save in Home Assistant,Saglabāt Home Assistant,don't translate Home Assistant
dlg_saved_directly_in_the_native_automation,,Saved directly in the native automation,Saglabāts tieši vietējā automatizācijā,
dlg_scheduled,,Scheduled,Plānots,
dlg_search_actions,,Search actions,Meklēšanas darbības,
dlg_search_automations,,Search automations,Meklēšanas automatizācija,
dlg_season,,Season,Sezona,
dlg_select,,Select %1$s,Atlasiet %1$s,app fills in %1$s — keep them
dlg_select_a_mode_to_continue,,Select a mode to continue,"Izvēlieties režīmu, lai turpinātu",
dlg_select_battery_sensor,,Select Battery Sensor,Izvēlieties Akumulatora sensors,
dlg_select_door_sensor,,Select Door Sensor,Izvēlieties Durvju sensors,
dlg_select_empty_bin_control,,Select Empty Bin Control,Atlasiet Empty Bin Control,
dlg_select_entities,,Select Entities,Atlasiet Entītijas,
dlg_select_entity,,Select Entity,Atlasiet entītija,
dlg_select_map_camera,,Select Map Camera,Atlasiet Kartes kamera,
dlg_select_media_players,,Select Media Players,Atlasiet Multivides atskaņotāji,
dlg_select_running_state_entity,,Select running-state entity,Atlasiet darbības stāvokļa entītiju,
dlg_select_target_entity,,Select Target Entity,Atlasiet Mērķa entītija,
dlg_select_the_alarm_panels_summarized_by_this_pill,,Select the alarm panels summarized by this pill,"Atlasiet trauksmes paneļus, ko apkopo šī tablete",
dlg_select_vacuum_entity,,Select Vacuum Entity,Atlasiet Vakuuma entītija,
dlg_select_water_level,,Select Water Level,Izvēlieties Ūdens līmenis,
dlg_selected,,%1$s · Selected,%1$s · Atlasīts,app fills in %1$s — keep them
dlg_set,,Set,Iestatīt,
dlg_shape,,Shape,Forma,
dlg_shape_visible_information_and_icon_behavior,,"Shape, visible information, and icon behavior","Forma, redzamā informācija un ikonu darbība",
dlg_show_a_descending_timer_when_the_value_is_a,,"Show a descending timer when the value is a completion time (e.g. a washer/dryer finish time). Active while counting, off at zero.","Rādīt dilstošu taimeri, ja vērtība ir pabeigšanas laiks (piem., veļas mazgājamās mašīnas/žāvētāja pabeigšanas laiks). Aktīvs skaitīšanas laikā, izslēgts uz nulles.",
dlg_show_a_live_radar_rain_map_card_a_camera,,Show a live radar/rain map card — a camera entity or an embedded web page (iframe),Rādīt tiešās radara/lietus kartes karti — kameras entītiju vai iegultu tīmekļa lapu (iframe),
dlg_show_badge_bar,,Show badge bar,Rādīt emblēmu joslu,
dlg_show_the_entity_s_state_or_one_of_its,,"Show the entity's state, or one of its attributes instead.",Parādiet entītijas stāvokli vai tā vietā kādu no tās atribūtiem.,
dlg_side_split_alignment,,Side (split alignment),Sānos (dalīts līdzinājums),
dlg_snapshot,,Snapshot,Momentuzņēmums,
dlg_span_badges,,Span badges,Spin emblēmas,
dlg_speed,,SPEED,ĀTRUMS,
dlg_start,,Start: %1$s,Sākums: %1$s,app fills in %1$s — keep them
dlg_start_with_a_useful_recipe_then_adjust_each_step,,"Start with a useful recipe, then adjust each step","Sāciet ar noderīgu recepti, pēc tam pielāgojiet katru soli",
dlg_state,,State,valsts,
dlg_state_text,,State text,Valsts teksts,
dlg_switch,,SWITCH,SLĒDZI,
dlg_tap_hold_and_dialog_quick_actions,,"Tap, hold, and dialog quick actions","Pieskarieties, turiet un dialoglodzējiet ātrās darbības",
dlg_target_range_percent,,TARGET (%1$s–%2$s%%),MĒRĶIS (%1$s–%2$s%%),app fills in %1$s %2$s — keep them
dlg_target,,Target,Mērķis,
dlg_target_entity_optional,,Target entity (optional),Mērķa entītija (neobligāti),
dlg_temperature,,Temperature,Temperatūra,
dlg_temperature_and_humidity_sources_for_the_room,,Temperature and humidity sources for the room,Temperatūras un mitruma avoti telpai,
dlg_that_profile,,that profile,tas profils,
dlg_the_exact_dates_you_pick_leave_a_bound_as,,"The exact dates you pick. Leave a bound as ""Any"" for an open-ended range.","Precīzi jūsu izvēlētie datumi. Atstājiet ierobežojumu kā ""Jebkurš"", lai atvērtu diapazonu.",
dlg_the_room_header_and_card_show_a_single_player,,"The room header and card show a single player's media, or an active-player count when multiple players are selected.","Telpas galvenē un kartītē tiek rādīts viena spēlētāja multivide vai aktīvo spēlētāju skaits, ja ir atlasīti vairāki spēlētāji.",
dlg_thermostat_dial,,Thermostat dial,Termostata ciparnīca,
dlg_this_action_does_not_use_an_entity_target,,This action does not use an entity target.,Šajā darbībā netiek izmantots entītijas mērķis.,
dlg_this_action_has_no_required_target_or_additional_fields,,This action has no required target or additional fields.,Šai darbībai nav obligāta mērķa vai papildu lauku.,
dlg_this_automation_is_managed_outside_home_assistant_s_ui,,"This automation is managed outside Home Assistant's UI (usually YAML). HKI7 can show it, but will not overwrite it.","Šī automatizācija tiek pārvaldīta ārpus Home Assistant lietotāja saskarnes (parasti YAML). HKI7 var to parādīt, bet nepārrakstīs.","don't translate Home Assistant, HKI7"
dlg_this_entity,,This entity,Šī vienība,
dlg_this_light_is_paused_for_manual_control,,This light is paused for manual control.,Šis indikators ir apturēts manuālai vadībai.,
dlg_this_removes_all_imported_rooms_and_floors_from_this,,This removes all imported rooms and floors from this view.,Tādējādi no šī skata tiek noņemtas visas importētās telpas un stāvi.,
dlg_this_removes_the_native_automation_from_home_assistant_thi,,This removes the native automation from Home Assistant. This cannot be undone from HKI7.,Tādējādi tiek noņemta vietējā automatizācija no Home Assistant. Šo darbību nevar atsaukt no HKI7.,"don't translate Home Assistant, HKI7"
dlg_time,,Time,Laiks,
dlg_to_state,,To state,Lai paziņotu,
dlg_turn_on,,Turn On,Ieslēgt,
dlg_unit,,Unit,Vienība,
dlg_untitled,,Untitled,Bez nosaukuma,
dlg_url_https,,URL (https://…),URL (https://…),
dlg_vacuum_entities,,Vacuum entities,Vakuuma entītijas,
dlg_vertical_slider,,Vertical slider,Vertikālais slīdnis,
dlg_visibility,,Visibility,Redzamība,
dlg_visibility_alignment_and_overflow_behavior,,"Visibility, alignment, and overflow behavior","Redzamība, izlīdzināšana un pārpildes darbība",
dlg_visible_during,,Visible during,Redzams laikā,
dlg_waiting_for_home_assistant,,Waiting for Home Assistant,Gaida Home Assistant,don't translate Home Assistant
dlg_wallpaper_and_optional_custom_color,,Wallpaper and optional custom color,Tapetes un pēc izvēles pielāgota krāsa,
dlg_wallpaper_url_or_path,,Wallpaper URL or path,Tapetes URL vai ceļš,
dlg_water_value,,Water: %1$s,Ūdens: %1$s,app fills in %1$s — keep them
dlg_water,,Water,Ūdens,
dlg_weather_details,,Weather details,Laika ziņas,
dlg_weather_entities,,Weather entities,Laikapstākļu entītijas,
dlg_when,,When,Kad,
dlg_when_and_if_then,,When · And if · Then,Kad · Un ja · Tad,
dlg_widget_width,,Widget width,Logrīka platums,
dlg_wind,,Wind,Vējš,
dlg_any,,Any,Jebkurš,
dlg_once,,Once,Vienreiz,
dlg_daily,,Daily,Ikdienas,
dlg_weekly,,Weekly,Iknedēļas,
dlg_monthly,,Monthly,Ikmēneša,
dlg_yearly,,Yearly,Ik gadu,
dlg_default,,Default,Noklusējums,
dlg_toggle,,Toggle,Pārslēgt,
dlg_more_information,,More information,Vairāk informācijas,
dlg_navigate,,Navigate,Naviģēt,
dlg_url,,URL,URL,
dlg_home,,Home,Sākums,
dlg_rooms,,Rooms,Istabas,
dlg_energy,,Energy,Enerģija,
dlg_climate,,Climate,Klimats,
dlg_security,,Security,Drošība,
dlg_battery,,Battery,Akumulators,
dlg_settings,,Settings,Iestatījumi,
dlg_room_value,,Room · %1$s,Istaba · %1$s,app fills in %1$s — keep them
dlg_could_not_load_home_assistant_actions,,Could not load Home Assistant actions,Nevarēja ielādēt Home Assistant darbības,don't translate Home Assistant
dlg_show_entity_default_this_one,,Show entity (default: this one),Rādīt entītiju (noklusējums: šī),
dlg_target_entity_default_this_one,,Target entity (default: this one),Mērķa entītija (noklusējums: šī),
dlg_select_destination,,Select destination,Izvēlieties galamērķi,
dlg_choose_target,,Choose target,Izvēlieties mērķi,
dlg_target_and_action_data,,Target and action data,Mērķa un darbības dati,
dlg_tap,,Tap,Pieskarieties,
dlg_hold,,Hold,Turiet,
dlg_double_tap,,Double tap,Veiciet dubultskārienu,
dlg_alarm_disarmed,,Disarmed,Atbruņots,
dlg_alarm_armed_home,,Armed home,Bruņota māja,
dlg_alarm_armed_away,,Armed away,Bruņots prom,
dlg_alarm_armed_night,,Armed night,Bruņota nakts,
dlg_alarm_armed_vacation,,Armed vacation,Bruņota brīvdiena,
dlg_alarm_armed_custom,,Armed (custom),Bruņots (pielāgots),
dlg_alarm_arming,,Arming…,Apbruņošana…,
dlg_alarm_disarming,,Disarming…,Notiek atbruņošana…,
dlg_alarm_triggered,,TRIGGERED,IZSTRĀDĀTAS,
dlg_alarm_disarmed_message,,Alarm disarmed,Signalizācija ir atbruņota,
dlg_alarm_command,,Alarm command,Trauksmes komanda,
dlg_alarm_command_accepted,,%1$s accepted,%1$s pieņemts,app fills in %1$s — keep them
dlg_alarm_command_failed,,Command failed. Check the code and try again.,Komanda neizdevās. Pārbaudiet kodu un mēģiniet vēlreiz.,
dlg_alarm_arming_cancelled,,Arming cancelled,Ieslēgšanās atcelta,
dlg_alarm_cancel_failed,,Cancellation failed. Check the code and try again.,Atcelšana neizdevās. Pārbaudiet kodu un mēģiniet vēlreiz.,
dlg_alarm_arm_home,,Arm home,Roku mājās,
dlg_alarm_arm_away,,Arm away,Roku prom,
dlg_alarm_arm_night,,Arm night,Roku nakts,
dlg_alarm_arm_custom,,Arm custom,Roku pasūtījums,
dlg_alarm_arm_vacation,,Arm vacation,Roku brīvdienas,
dlg_alarm_disarm,,Disarm,Atbruņot,
dlg_room_configuration,,Room configuration,Telpas konfigurācija,
dlg_choose_room_area_to_configure,,Choose a room area to configure,"Izvēlieties telpas zonu, ko konfigurēt",
dlg_focused_room_options,,Options for this room area,Iespējas šai telpas zonai,
dlg_general,,General,Ģenerālis,
dlg_name_and_icon,,Name and icon,Vārds un ikona,
dlg_header,,Header,Virsraksts,
dlg_wallpaper_and_custom_color,,Wallpaper and custom color,Tapetes un pielāgota krāsa,
dlg_badge_bar,,Badge bar,Žetonu josla,
dlg_alignment_and_display_options,,Alignment and display options,Izlīdzināšanas un displeja opcijas,
dlg_assign_room_to_floor,,Assign this room to a floor,Piešķiriet šo telpu stāvam,
dlg_room_status,,Room status,Telpas statuss,
dlg_room_status_summary,,"Media, activity, safety, and climate indicators","Plašsaziņas līdzekļu, aktivitātes, drošības un klimata rādītāji",
dlg_reimport_from_home_assistant,,Re-import from Home Assistant,Atkārtoti importēt no Home Assistant,don't translate Home Assistant
dlg_import_or_rebuild_rooms,,Import new rooms or rebuild every room,Importējiet jaunas telpas vai pārbūvējiet katru istabu,
dlg_clear_rooms_view_action,,Clear rooms view,Skaidrs skats uz numuriem,
dlg_remove_imported_rooms_and_floors,,Remove imported rooms and floors,Noņemiet importētās telpas un grīdas,
dlg_room,,Room,Istaba,
dlg_split,,Split,Sadalīt,
dlg_center,,Center,Centrs,
dlg_doors,,Doors,Durvis,
dlg_windows,,Windows,Windows,
dlg_motion,,Motion,Kustība,
dlg_presence,,Presence,Klātbūtne,
dlg_lights,,Lights,Gaismas,
dlg_devices,,Devices,Ierīces,
dlg_smoke,,Smoke,Smēķēt,
dlg_gas,,Gas,Gāze,
dlg_fire,,Fire,Ugunsgrēks,
dlg_full,,Full,Pilns,
dlg_half,,Half,Puse,
dlg_third,,Third,Trešais,
dlg_choose_vacuum_entity_instead,,Choose a vacuum entity instead,Tā vietā izvēlieties vakuuma entītiju,
dlg_camera_live_page,,%1$d/%2$d · Live,%1$d/%2$d · Tiešraide,app fills in %1$d %2$d — keep them
dlg_weather,,Weather,Laikapstākļi,
dlg_weather_state_clear_night,,Clear night,Skaidra nakts,
dlg_weather_state_cloudy,,Cloudy,Mākoņains,
dlg_weather_state_exceptional,,Exceptional,Izņēmuma,
dlg_weather_state_fog,,Fog,Migla,
dlg_weather_state_hail,,Hail,Sveiciens,
dlg_weather_state_lightning,,Lightning,Zibens,
dlg_weather_state_lightning_rainy,,Thunderstorms,Pērkona negaiss,
dlg_weather_state_partly_cloudy,,Partly cloudy,Daļēji mākoņains,
dlg_weather_state_pouring,,Pouring rain,Lietus līst,
dlg_weather_state_rainy,,Rainy,Lietains,
dlg_weather_state_snowy,,Snowy,Sniega,
dlg_weather_state_snowy_rainy,,Sleet,Slapjš slapjš,
dlg_weather_state_sunny,,Sunny,Saulains,
dlg_weather_state_windy,,Windy,Vējains,
dlg_weather_state_windy_variant,,Windy and cloudy,Vējains un apmācies,
dlg_selected_entities_summary,one,%1$d selected · %2$s,%1$d atlasīts · %2$s,app fills in %1$d %2$s — keep them
dlg_selected_entities_summary,other,%1$d selected · %2$s,%1$d atlasīts · %2$s,app fills in %1$d %2$s — keep them
dlg_selected_entities_summary,zero,,%1$d atlasīts · %2$s,
dlg_action_data_value_summary,one,%1$s · %2$d data value,%1$s · %2$d datu vērtība,app fills in %1$s %2$d — keep them
dlg_action_data_value_summary,other,%1$s · %2$d data values,%1$s · %2$d datu vērtības,app fills in %1$s %2$d — keep them
dlg_action_data_value_summary,zero,,%1$s · %2$d datu vērtības,
dlg_seconds_short,one,%d sec,%d sek,app fills in %d — keep them
dlg_seconds_short,other,%d sec,%d sek,app fills in %d — keep them
dlg_seconds_short,zero,,%d sek,
dlg_arming_in_seconds,one,Arming in %d second,Ieslēgšanās pēc %d sekundes,app fills in %d — keep them
dlg_arming_in_seconds,other,Arming in %d seconds,Ieslēgšanās notiek pēc %d sekundēm,app fills in %d — keep them
dlg_arming_in_seconds,zero,,Ieslēgšanās notiek pēc %d sekundēm,
energy_extra_sensors,,Energy sensors,Enerģijas sensori,
energy_extra_settings,,Energy settings,Enerģijas iestatījumi,
energy_extra_previous_period,,Previous period,Iepriekšējais periods,
energy_extra_next_period,,Next period,Nākamais periods,
energy_extra_empty_view_hint,,This energy view is empty. Swipe down on the header and open Energy settings to add entities manually.,"Šis enerģijas skats ir tukšs. Velciet uz leju virs galvenes un atveriet Enerģijas iestatījumus, lai manuāli pievienotu entītijas.",
energy_extra_electricity,,Electricity,Elektrība,
energy_extra_solar,,Solar,Saules enerģija,
energy_extra_home,,Home,Sākums,
energy_extra_battery,,Battery,Akumulators,
energy_extra_gas,,Gas,Gāze,
energy_extra_city_heating,,City heating,Pilsētas apkure,
energy_extra_water,,Water,Ūdens,
energy_extra_energy,,Energy,Enerģija,
energy_extra_power,,Power,Jauda,
energy_extra_carbon,,Carbon,Ogleklis,
energy_extra_devices,,Devices,Ierīces,
energy_extra_device,,Device,Ierīce,
energy_extra_importing,,Importing,Notiek importēšana,
energy_extra_exporting,,Exporting,Eksportē,
energy_extra_idle,,Idle,Dīkstāvē,
energy_extra_charging,,Charging,Uzlāde,
energy_extra_discharging,,Discharging,Izlāde,
energy_extra_producing,,Producing,Ražošana,
energy_extra_consuming,,Consuming,Patērējošs,
energy_extra_grid_idle,,Grid idle,Režģis dīkstāvē,
energy_extra_importing_power,,Importing power,Jaudas importēšana,
energy_extra_exporting_power,,Exporting power,Jaudas eksportēšana,
energy_extra_battery_supporting,,Battery supplying power,Akumulators nodrošina strāvu,
energy_extra_battery_charging,,Battery charging,Akumulatora uzlāde,
energy_extra_solar_producing,,Solar producing,Saules enerģijas ražošana,
energy_extra_home_consuming,,Home consuming,Mājas patēriņš,
energy_extra_energy_idle,,Energy idle,Enerģija dīkstāvē,
energy_extra_today_value,,%1$s today,%1$s šodien,app fills in %1$s — keep them
energy_extra_used_period,,Used %1$s,Lietots %1$s,app fills in %1$s — keep them
energy_extra_produced_period,,Produced %1$s,Ražots %1$s,app fills in %1$s — keep them
energy_extra_fossil_percentage,,%1$s%% fossil,%1$s%% fosilija,app fills in %1$s — keep them
energy_extra_self_used_percentage,,Self-used · %1$d%%,Pašizmantots · %1$d%%,app fills in %1$d — keep them
energy_extra_electricity_total,,Electricity total,Elektrība kopā,
energy_extra_top_consumers,,Top consumers,Labākie patērētāji,
energy_extra_device_energy,,Device energy,Ierīces enerģija,
energy_extra_individual_water_usage,,Individual water usage,Individuāls ūdens patēriņš,
energy_extra_production,,Production,Ražošana,
energy_extra_forecast,,Forecast,Prognoze,
energy_extra_inverters,,Inverters,Invertori,
energy_extra_now,,Now,Tagad,
energy_extra_usage,,Usage,Lietošana,
energy_extra_total,,Total,Kopā,
energy_extra_cost,,Cost,Izmaksas,
energy_extra_charge,,Charge,Uzlādē,
energy_extra_grid_flow,,Grid flow,Režģa plūsma,
energy_extra_self_sufficient,,Self-sufficient,Pašpietiekams,
energy_extra_carbon_footprint,,Carbon footprint,Oglekļa pēdas nospiedums,
energy_extra_self_used,,Self-used,Pašizmantots,
energy_extra_last_seven_days,,Last 7 days,Pēdējās 7 dienas,
energy_extra_lifetime,,Lifetime,Visu mūžu,
energy_extra_power_per_phase,,Power per phase,Jauda uz fāzi,
energy_extra_tariff_meter_readings,,Tariff meter readings,Tarifa skaitītāju rādījumi,
energy_extra_tariff_one,,Tariff 1,Tarifs 1,
energy_extra_tariff_two,,Tariff 2,Tarifs 2,
energy_extra_solar_production,,Solar production,Saules enerģijas ražošana,
energy_extra_category_overview,,Overview,Pārskats,
energy_extra_category_electricity_subtitle,,"Grid power, phases, import/export, tariffs, and cost","Tīkla jauda, fāzes, imports/eksports, tarifi un izmaksas",
energy_extra_category_solar_subtitle,,"Production, forecast, and inverter device","Ražošanas, prognozes un invertora ierīce",
energy_extra_category_battery_subtitle,,Charge level and battery power,Uzlādes līmenis un akumulatora jauda,
energy_extra_category_carbon_subtitle,,Grid carbon-footprint device,Režģa oglekļa pēdas nospieduma ierīce,
energy_extra_category_usage_cost_subtitle,,Usage and cost,Lietošana un izmaksas,
energy_extra_category_devices_subtitle,,"Power, energy, and individual water devices","Jaudas, enerģijas un individuālās ūdens ierīces",
energy_extra_category_city_heating_subtitle,,"Heat energy, current output, and cost","Siltumenerģija, strāvas jauda un izmaksas",
energy_extra_card_live_source_tiles,,Live source tiles,Tiešā avota flīzes,
energy_extra_card_electricity_totals_usage,,Electricity totals and usage,Elektrības kopsumma un patēriņš,
energy_extra_card_home_battery,,Home battery,Mājas akumulators,
energy_extra_card_gas_usage,,Gas usage,Gāzes patēriņš,
energy_extra_card_city_heating_usage,,City-heating usage,Pilsētas apkures izmantošana,
energy_extra_card_water_usage,,Water usage,Ūdens patēriņš,
energy_extra_card_device_energy_bars,,Device energy bars,Ierīces enerģijas stieņi,
energy_extra_select_energy_cards,,Select energy cards,Izvēlieties enerģijas kartes,
energy_extra_role_grid_power,,Grid power (W),Tīkla jauda (W),
energy_extra_role_home_power,,Home power (W),Mājas jauda (W),
energy_extra_role_solar_power,,Solar power (W),Saules enerģija (W),
energy_extra_role_battery_power,,Battery power (W),Akumulatora jauda (W),
energy_extra_role_battery_level,,Battery level (%),Akumulatora līmenis (%),
energy_extra_role_grid_import,,Grid import (kWh),Tīkla imports (kWh),
energy_extra_role_grid_export,,Grid export (kWh),Tīkla eksports (kWh),
energy_extra_role_solar_production,,Solar production (kWh),Saules enerģijas ražošana (kWh),
energy_extra_role_phase_one_power,,Phase 1 power,1. fāzes jauda,
energy_extra_role_phase_two_power,,Phase 2 power,2. fāzes jauda,
energy_extra_role_phase_three_power,,Phase 3 power,3. fāzes jauda,
energy_extra_role_import_meter_tariff_one,,Import meter tariff 1,Importa skaitītāja tarifs 1,
energy_extra_role_import_meter_tariff_two,,Import meter tariff 2,Importa skaitītāja tarifs 2,
energy_extra_role_export_meter_tariff_one,,Export meter tariff 1,Eksporta skaitītāja tarifs 1,
energy_extra_role_export_meter_tariff_two,,Export meter tariff 2,Eksporta skaitītāja tarifs 2,
energy_extra_role_energy_cost,,Energy cost,Enerģijas izmaksas,
energy_extra_role_gas_total,,Gas total (m³),Kopējā gāze (m³),
energy_extra_role_gas_flow_now,,Gas flow (now),Gāzes plūsma (tagad),
energy_extra_role_gas_cost,,Gas cost,Gāzes izmaksas,
energy_extra_role_water_total,,Water total,Ūdens kopā,
energy_extra_role_water_flow_now,,Water flow (now),Ūdens plūsma (tagad),
energy_extra_role_water_cost,,Water cost,Ūdens izmaksas,
energy_extra_role_individual_water_devices,,Individual water devices,Atsevišķas ūdens ierīces,
energy_extra_role_power_devices,,Power devices,Strāvas ierīces,
energy_extra_role_energy_devices,,Energy devices,Enerģijas ierīces,
energy_extra_sensor_current_power_import,,"Current power (W, + = import)","Pašreizējā jauda (W, + = imports)",
energy_extra_sensor_power_phase_one,,Power phase 1 (W),1. strāvas fāze (W),
energy_extra_sensor_power_phase_two,,Power phase 2 (W),2. strāvas fāze (W),
energy_extra_sensor_power_phase_three,,Power phase 3 (W),Jaudas fāze 3 (W),
energy_extra_sensor_current_phase_one,,Current phase 1 (A),Pašreizējā 1. fāze (A),
energy_extra_sensor_current_phase_two,,Current phase 2 (A),Pašreizējā 2. fāze (A),
energy_extra_sensor_current_phase_three,,Current phase 3 (A),Pašreizējā 3. fāze (A),
energy_extra_sensor_voltage_phase_one,,Voltage phase 1 (V),1. fāze (V),
energy_extra_sensor_voltage_phase_two,,Voltage phase 2 (V),2. fāze (V),
energy_extra_sensor_voltage_phase_three,,Voltage phase 3 (V),3. fāze (V),
energy_extra_sensor_home_consumption_power,,Home consumption power (W),Mājas patēriņa jauda (W),
energy_extra_sensor_energy_import,,Energy import (kWh),Enerģijas imports (kWh),
energy_extra_sensor_energy_import_tariff_one,,Energy import tariff 1 (kWh),Enerģijas importa tarifs 1 (kWh),
energy_extra_sensor_energy_import_tariff_two,,Energy import tariff 2 (kWh),Enerģijas importa tarifs 2 (kWh),
energy_extra_sensor_energy_export,,Energy export (kWh),Enerģijas eksports (kWh),
energy_extra_sensor_energy_export_tariff_one,,Energy export tariff 1 (kWh),Enerģijas eksporta tarifs 1 (kWh),
energy_extra_sensor_energy_export_tariff_two,,Energy export tariff 2 (kWh),Enerģijas eksporta tarifs 2 (kWh),
energy_extra_sensor_energy_cost_today,,Energy cost today,Enerģijas izmaksas šodien,
energy_extra_sensor_current_power_production,,Current power production (W),Pašreizējā elektroenerģijas ražošana (W),
energy_extra_sensor_energy_production_today,,Energy production today (kWh),Enerģijas ražošana šodien (kWh),
energy_extra_sensor_energy_production_seven_days,,Energy production over the last 7 days,Enerģijas ražošana pēdējo 7 dienu laikā,
energy_extra_sensor_lifetime_energy_production,,Lifetime energy production,Enerģijas ražošana mūža garumā,
energy_extra_sensor_battery_power_charging,,"Battery power (W, + = charging)","Akumulatora jauda (W, + = uzlāde)",
energy_extra_sensor_gas_used_today,,Gas used today (m³),Šodien izmantotā gāze (m³),
energy_extra_sensor_current_gas_flow,,"Current gas flow (m³/h, optional)","Pašreizējā gāzes plūsma (m³/h, pēc izvēles)",
energy_extra_sensor_gas_cost_today,,Gas cost today,Gāzes izmaksas šodien,
energy_extra_sensor_city_heating_total,,Heat energy total (J/MJ/GJ/kWh),Kopējā siltumenerģija (J/MJ/GJ/kWh),
energy_extra_sensor_city_heating_current,,Current heat output (optional),Pašreizējā siltuma jauda (pēc izvēles),
energy_extra_sensor_city_heating_cost,,City-heating cost,Pilsētas apkures izmaksas,
energy_extra_estimated_gas_equivalent,,Estimated gas equivalent,Paredzamais gāzes ekvivalents,
energy_extra_estimated_gas_note,,Based on 35.17 MJ per m³ of natural gas,"Pamatojoties uz 35,17 MJ uz m³ dabasgāzes",
energy_extra_sensor_water_used_today,,Water used today (L/m³),Šodien izmantotais ūdens (l/m³),
energy_extra_sensor_current_water_flow,,"Current water flow (L/min, optional)","Pašreizējā ūdens plūsma (l/min, pēc izvēles)",
energy_extra_sensor_water_cost_today,,Water cost today,Ūdens izmaksas šodien,
energy_extra_picker_top_consumer_devices,,Top-consumer devices,Populārākās ierīces,
energy_extra_picker_device_energy_counters,,Device energy counters,Ierīču enerģijas skaitītāji,
energy_extra_auto_power_sensors_help,,All sensors with device_class power are included automatically. Remove a device to create your own list.,"Visi sensori ar ierīces_klases jaudu tiek iekļauti automātiski. Noņemiet ierīci, lai izveidotu savu sarakstu.",
energy_extra_auto_energy_sensors_help,,All sensors with device_class energy are included automatically. Their counter changes are used for the selected period.,Visi sensori ar ierīces_klases enerģiju tiek iekļauti automātiski. To skaitītāju izmaiņas tiek izmantotas atlasītajam periodam.,
energy_extra_currency,,Currency,Valūta,
energy_extra_currency_subtitle,,Which currency the cost stats are shown in,Kurā valūtā tiek rādīta izmaksu statistika,
energy_extra_currency_search,,Search currencies,Meklēt valūtas,
energy_extra_currency_automatic,,Automatic,Automātiski,
energy_extra_currency_automatic_subtitle,,"Follow your cost sensors, then your device region",Sekojiet saviem izmaksu sensoriem un pēc tam ierīces reģionam,
energy_extra_currency_automatic_value,,Automatic (%1$s),Automātiski (%1$s),app fills in %1$s — keep them
energy_extra_energy_card,,Energy card,Enerģijas karte,
energy_extra_energy_card_subtitle,,Data sources and card appearance,Datu avoti un karšu izskats,
energy_extra_card_and_data,,Card and data,Karte un dati,
energy_extra_energy_stack,,Energy stack,Enerģijas kaudze,
energy_extra_energy_stack_subtitle,,"Cards, data sources, and layout","Kartes, datu avoti un izkārtojums",
energy_extra_cards_and_data,,Cards and data,Kartes un dati,
events_tab,,Events,Pasākumi,
events_empty,,No events yet,Vēl nav notikumu,
events_empty_hint,,Recent activity for the entities your family admin added to the timeline appears here.,"Šeit tiek rādītas nesenās darbības saistībā ar entītijām, kuras jūsu ģimenes administrators ir pievienojis laika skalai.",
events_not_configured,,No events are being tracked,Notikumi netiek izsekoti,
events_not_configured_admin,,Choose which entities appear here in Settings › Family Sharing › Events.,"Izvēlieties, kuras entītijas šeit ir redzamas sadaļā Iestatījumi › Ģimenes koplietošana › Notikumi.",
events_not_configured_member,,Your family admin decides which entities appear here.,"Jūsu ģimenes administrators izlemj, kuras entītijas tiek rādītas šeit.",
events_unavailable,,The event timeline needs HKI 7 Cloud %1$s.,Pasākuma laika skalai ir nepieciešams HKI 7 Cloud %1$s.,app fills in %1$s — keep them; don't translate HKI 7 Cloud
events_set_up_button,,Choose entities,Izvēlieties entītijas,
events_no_matches,,No matching events,Nav atbilstošu notikumu,
events_loading,,Loading events…,Notiek notikumu ielāde…,
events_today,,Today,Šodien,
events_yesterday,,Yesterday,vakar,
events_by,,by %1$s,autors %1$s,app fills in %1$s — keep them
events_filter_all,,All,Visi,
event_category_door,,Doors,Durvis,
event_category_window,,Windows,Windows,
event_category_motion,,Motion,Kustība,
event_category_moisture,,Water,Ūdens,
event_category_safety,,Smoke & gas,Dūmi un gāze,
event_category_problem,,Problems,Problēmas,
event_category_battery,,Batteries,Baterijas,
event_category_connectivity,,Connectivity,Savienojamība,
event_category_light,,Lights,Gaismas,
event_category_switch,,Switches,Slēdži,
event_category_lock,,Locks,Slēdzenes,
event_category_cover,,Covers,Vāki,
event_category_climate,,Climate,Klimats,
event_category_presence,,People,Cilvēki,
event_category_alarm,,Alarm,Signalizācija,
event_category_media,,Media,Plašsaziņas līdzekļi,
event_category_vacuum,,Vacuum,Vakuums,
event_category_automation,,Automations,Automatizācijas,
event_category_sensor,,Sensors,Sensori,
event_verb_opened,,was opened,tika atvērts,
event_verb_closed,,was closed,tika slēgts,
event_verb_opening,,is opening,tiek atvērts,
event_verb_closing,,is closing,tiek slēgts,
event_verb_locked,,was locked,bija bloķēta,
event_verb_unlocked,,was unlocked,bija atslēgts,
event_verb_motion_detected,,detected motion,konstatēta kustība,
event_verb_motion_cleared,,stopped detecting motion,pārstāja noteikt kustību,
event_verb_moisture_detected,,detected moisture,konstatēts mitrums,
event_verb_moisture_cleared,,is dry again,atkal ir sauss,
event_verb_alarm_detected,,raised an alarm,sacēla trauksmi,
event_verb_alarm_cleared,,cleared,notīrīts,
event_verb_problem_detected,,reported a problem,ziņoja par problēmu,
event_verb_problem_cleared,,is back to normal,ir atgriezies normālā stāvoklī,
event_verb_battery_low,,reported a low battery,ziņoja par zemu akumulatora uzlādes līmeni,
event_verb_battery_normal,,has a healthy battery again,atkal ir veselīgs akumulators,
event_verb_connected,,came online,ieradās tiešsaistē,
event_verb_disconnected,,went offline,aizgāja bezsaistē,
event_verb_turned_on,,was turned on,tika ieslēgts,
event_verb_turned_off,,was turned off,tika izslēgts,
event_verb_detected,,was triggered,tika iedarbināts,
event_verb_cleared,,cleared,notīrīts,
event_verb_arrived_home,,arrived home,ieradās mājās,
event_verb_left_home,,left home,izgāja no mājām,
event_verb_arrived_at,,arrived at %1$s,ieradās %1$s,app fills in %1$s — keep them
event_verb_disarmed,,was disarmed,bija atbruņots,
event_verb_armed,,was armed,bija bruņots,
event_verb_arming,,is arming,ir bruņošanās,
event_verb_pending,,is counting down,skaita uz leju,
event_verb_triggered,,was triggered,tika iedarbināts,
event_verb_set_to,,was set to %1$s,tika iestatīts uz %1$s,app fills in %1$s — keep them
event_verb_started_cleaning,,started cleaning,sāka tīrīt,
event_verb_returning_to_dock,,is returning to its dock,atgriežas savā dokā,
event_verb_docked,,docked,pieslēgts,
event_verb_started_playing,,started playing,sāka spēlēt,
event_verb_paused,,was paused,tika apturēta,
event_verb_stopped,,stopped,apstājās,
event_verb_generic,,changed to %1$s,mainīts uz %1$s,app fills in %1$s — keep them
ui_1_advanced_shorthand_block_kept_unchanged_d4dcbd7,,1 advanced shorthand block (kept unchanged),1 uzlabots stenogrāfijas bloks (saglabāts nemainīgs),
ui_1f_kwh_self_used_b4798a5,, · %%.1f kWh self-used (%1$s%%%%),· %%.1f kWh pašu lietots (%1$s%%%%),app fills in %1$s — keep them; keep the space at the start/end
ui_1f_of_1f_kwh_d_00c25f6,,%.1f of %.1f kWh · %d%%,%.1f no %.1f kWh · %d%%,app fills in %.1f %d — keep them
ui_24_hour_format_b195a8f,,24-Hour Format,24 stundu formāts,
ui_a_fast_auto_generating_dashboard_for_home_assistant_let_0fad4a9,,"A fast, auto-generating dashboard for Home Assistant\nLet's connect to your server.","Ātrs, automātiski ģenerējošs informācijas panelis priekš Home Assistant\nIzveidosim savienojumu ar jūsu serveri.",don't translate Home Assistant; \n = line break
ui_a_modern_touch_first_android_dashboard_and_companion_for_814cbdb,,"A modern, touch-first Android dashboard and companion for Home Assistant.","Mūsdienīgs, skārienjutīgs Android informācijas panelis un palīgs Home Assistant.",don't translate Home Assistant
ui_about_6b21fb7,,About,Par,
ui_accidental_touch_protection_e2683f4,,Accidental-touch protection,Aizsardzība pret nejaušu pieskārienu,
ui_account_85dfa32,,Account,Konts,
ui_action_49924bc,,%1$s action,%1$s darbība,app fills in %1$s — keep them
ui_action_97c89a4,,Action,Darbība,
ui_action_data_e5a7704,,Action data,Darbības dati,
ui_action_data_object_8850c05,,Action data object,Darbības datu objekts,
ui_action_details_d623b1c,,Action details,Informācija par darbību,
ui_active_0af2854,,%1$s · %2$s active,%1$s · %2$s ir aktīvs,app fills in %1$s %2$s — keep them
ui_active_25ff32f,,%1$s/%2$s active,%1$s/%2$s aktīvs,app fills in %1$s %2$s — keep them
ui_active_a733b80,,Active,Aktīvs,
ui_active_c7260b5,,%1$s%% • ACTIVE,%1$s%% • AKTĪVS,app fills in %1$s — keep them
ui_active_connection_54db7a1,,Active connection,Aktīvs savienojums,
ui_activity_81c0d91,,Activity,Aktivitāte,
ui_activity_indication_and_collapsing_0764a94,,Activity indication and collapsing,Aktivitātes indikācija un sabrukšana,
ui_adapt_now_c30eb08,,Adapt now,Pielāgojiet tagad,
ui_adaptive_lighting_7587880,,Adaptive lighting,Adaptīvs apgaismojums,
ui_adaptive_lighting_e2cffbd,,Adaptive Lighting,Adaptīvais apgaismojums,
ui_adaptive_lighting_is_unavailable_6b9ada3,,Adaptive Lighting is unavailable,Adaptīvais apgaismojums nav pieejams,
ui_add_016df71,,Add (%1$s),Pievienot (%1$s),app fills in %1$s — keep them
ui_add_4_10_entity_buttons_to_this_dialog_s_cdedf23,,Add 4–10 entity buttons to this dialog's nav bar.,Pievienojiet 4–10 entītiju pogas šī dialoga navigācijas joslai.,
ui_add_61cc55a,,Add,Pievienot,
ui_add_and_edit_each_chart_in_this_stack_0c0cb11,,Add and edit each chart in this stack,Pievienojiet un rediģējiet katru diagrammu šajā kaudzē,
ui_add_at_least_one_step_3620909,,Add at least one step,Pievienojiet vismaz vienu soli,
ui_add_button_3d7db43,,Add button,Pievienošanas poga,
ui_add_camera_cf03528,,Add Camera,Pievienot kameru,
ui_add_carrier_device_7945283,,Add carrier device,Pievienojiet mobilo sakaru operatora ierīci,
ui_add_current_network_64cabf3,,"Add current network ""%1$s""","Pievienot pašreizējo tīklu ""%1$s""",app fills in %1$s — keep them
ui_add_custom_buttons_83a0768,,Add Custom Buttons,Pievienojiet pielāgotas pogas,
ui_add_custom_camera_url_aab29ef,,Add Custom Camera URL,Pievienojiet pielāgotas kameras URL,
ui_add_entities_333152e,,Add entities,Pievienojiet entītijas,
ui_add_entity_f99dc1d,,Add entity,Pievienot entītiju,
ui_add_every_integration_account_that_should_contribute_parce_ce58afb,,Add every integration account that should contribute parcels,"Pievienojiet visus integrācijas kontus, kuriem ir jāsniedz pakas",
ui_add_floor_63c715d,,Add Floor,Pievienot grīdu,
ui_add_graph_079e4ca,,Add graph,Pievienojiet grafiku,
ui_add_home_assistant_a6ccea8,,Add Home Assistant,Pievienot Home Assistant,don't translate Home Assistant
ui_add_home_assistant_instance_625838a,,Add Home Assistant instance,Pievienojiet Home Assistant gadījumu,don't translate Home Assistant
ui_add_individual_water_meters_to_compare_their_usage_daec0de,,Add individual water meters to compare their usage.,"Pievienojiet atsevišķus ūdens skaitītājus, lai salīdzinātu to lietojumu.",
ui_add_instance_step_df337b3,,add_instance_step,add_instance_step,
ui_add_more_for_a_full_row_ed977e3,,Add %1$s more for a full row.,"Pievienojiet vēl %1$s, lai iegūtu pilnu rindu.",app fills in %1$s — keep them
ui_add_one_focused_card_c2f2ed8,,Add one focused card,Pievienojiet vienu fokusētu karti,
ui_add_or_edit_entities_b59919b,,Add or edit entities,Pievienojiet vai rediģējiet entītijas,
ui_add_parcel_82c0bf8,,Add parcel,Pievienot paku,
ui_add_parcel_bde8afb,,Add Parcel,Pievienot paku,
ui_add_room_5a95991,,Add Room,Pievienot istabu,
ui_add_sensors_d6df16f,,Add sensors,Pievienojiet sensorus,
ui_add_to_cd52e85,,Add to %1$s,Pievienot %1$s,app fills in %1$s — keep them
ui_add_widget_a9df350,,Add Widget,Pievienot logrīku,
ui_add_widget_dd4416e,,Add widget,Pievienojiet logrīku,
ui_adding_ffb2e62,,Adding…,Notiek pievienošana…,
ui_admin_b38222e,,%1$s (admin),%1$s (administrators),app fills in %1$s — keep them
ui_administrative_controls_for_your_home_assistant_server_e56ebd9,,Administrative controls for your Home Assistant server,Administratīvās vadīklas jūsu Home Assistant serverim,don't translate Home Assistant
ui_advanced_4d06472,,Advanced,Papildu,
ui_advanced_action_data_json_622e363,,Advanced action data (JSON),Papildu darbību dati (JSON),
ui_advanced_shorthand_blocks_kept_unchanged_aa253ae,,%1$s advanced shorthand blocks (kept unchanged),%1$s uzlaboti stenogrāfijas bloki (nemainīti),app fills in %1$s — keep them
ui_aesthetic_changes_only_f31f444,,Aesthetic changes only,Tikai estētiskas izmaiņas,
ui_aggregate_carriers_eae26c7,,Aggregate carriers,Agregātu nesēji,
ui_agree_ee68d34,,Agree,Piekrītu,
ui_air_circulating_273e82b,,Air circulating,Gaisa cirkulācija,
ui_air_circulation_devices_a14e95d,,Air circulation devices,Gaisa cirkulācijas ierīces,
ui_air_cleaning_devices_4364277,,Air cleaning devices,Gaisa attīrīšanas ierīces,
ui_air_purifiers_476147b,,Air purifiers,Gaisa attīrītāji,
ui_air_purifiers_are_fan_entities_in_home_assistant_so_3fa4fdb,,"Air purifiers are fan entities in Home Assistant, so they can't be auto-detected. Select yours here.","Gaisa attīrītāji ir ventilatora vienības Home Assistant, tāpēc tos nevar automātiski noteikt. Izvēlieties savu šeit.",don't translate Home Assistant
ui_airphase_1f2d2b6,,airPhase,airPhase,
ui_alarm_25f8c55,,Alarm,Signalizācija,
ui_alarm_entities_b462ba5,,Alarm entities,Trauksmes entītijas,
ui_alarm_pending_e2c04aa,,Alarm pending,Gaidāma trauksme,
ui_alarm_triggered_641ff6f,,Alarm triggered,Signalizācija tika aktivizēta,
ui_alarm_unavailable_867909b,,Alarm unavailable,Signalizācija nav pieejama,
ui_alignment_7f8c517,,Alignment,Izlīdzināšana,
ui_all_6a72085,,All,Visi,
ui_all_batteries_ok_9676f73,,All batteries OK,Visas baterijas ir kārtībā,
ui_all_calendar_entities_bffb01d,,All calendar entities,Visas kalendāra entītijas,
ui_all_levels_6b4fde3,,All levels,Visi līmeņi,
ui_all_off_97b7833,,All off,Viss izslēgts,
ui_all_thermostats_59c8297,,All thermostats,Visi termostati,
ui_all_types_30c8a0f,,All types,Visi veidi,
ui_allow_all_the_time_d91ab85,,Allow All The Time,Atļaut visu laiku,
ui_allow_editing_24f2b54,,Allow editing,Atļaut rediģēšanu,
ui_allow_theme_colors_icons_names_and_wallpaper_but_not_efc8a97,,"Allow theme, colors, icons, names and wallpaper — but not adding or removing widgets, buttons or rooms","Atļaut motīvu, krāsas, ikonas, nosaukumus un fona tapetes, bet ne pievienot vai noņemt logrīkus, pogas vai telpas",
ui_always_a91bcce,,Always,Vienmēr,
ui_an_admin_can_share_one_dashboard_with_the_whole_5a5434d,,"An admin can share one dashboard with the whole family so everyone gets the same layout. To use it, an admin needs to install the HKI 7 Cloud component and share a dashboard first.","Administrators var koplietot vienu informācijas paneli ar visu ģimeni, lai visi iegūtu vienādu izkārtojumu. Lai to izmantotu, administratoram vispirms jāinstalē komponents HKI 7 Cloud un jākopīgo informācijas panelis.",don't translate HKI 7 Cloud
ui_an_admin_needs_to_install_the_hki_7_cloud_0e9241b,,An admin needs to install the HKI 7 Cloud component and share a dashboard first.,Administratoram vispirms ir jāinstalē komponents HKI 7 Cloud un jākopīgo informācijas panelis.,don't translate HKI 7 Cloud
ui_android_location_permission_2ff3839,,Android Location Permission,Android atrašanās vietas atļauja,
ui_animated_icons_aa39cfe,,Animated icons,Animētas ikonas,
ui_animation_62afd21,,Animation,Animācija,
ui_announced_letter_3a7ac05,,Announced letter,Izziņota vēstule,
ui_any_state_c7274cb,,Any state,Jebkura valsts,
ui_appearance_41def7a,,Appearance,Izskats,
ui_applies_to_all_dashboard_buttons_widgets_stacks_rooms_and_9715deb,,"Applies to all dashboard buttons, widgets, stacks, rooms, and cards.","Attiecas uz visām informācijas paneļa pogām, logrīkiem, kaudzēm, telpām un kartēm.",
ui_apply_cfea419,,Apply,Pieteikties,
ui_archived_eddc813,,Archived,Arhivēts,
ui_are_you_sure_you_want_to_clear_battery_config_3e19f24,,Are you sure you want to clear battery config?,Vai tiešām vēlaties notīrīt akumulatora konfigurāciju?,
ui_armed_32caa31,,Armed,Bruņots,
ui_armed_away_6834abf,,Armed away,Bruņots prom,
ui_armed_home_c8d0b44,,Armed home,Bruņota māja,
ui_armed_night_80659bd,,Armed night,Bruņota nakts,
ui_arming_in_seconds_b9e07a8,,Arming in %1$s seconds,Ieslēgšanās notiek pēc %1$s sekundēm,app fills in %1$s — keep them
ui_aspect_ratio_4e077cf,,Aspect ratio,Malu attiecība,
ui_aspect_ratio_used_by_every_stream_275bb52,,Aspect ratio used by every stream,Katrai straumei izmantotā malu attiecība,
ui_astronomical_tap_or_swipe_683fe28,,Astronomical · tap or swipe,Astronomiski · pieskarieties vai velciet,
ui_at_target_6a8dbb5,,At target,Pie mērķa,
ui_auto_c614ba7,,Auto,Auto,
ui_auto_dashboard_c7a509a,,Auto dashboard,Automātiskais informācijas panelis,
ui_auto_discovered_e0643da,,Auto-discovered,Automātiski atklāts,
ui_auto_generate_0f86c24,,Auto Generate,Automātiski ģenerēt,
ui_auto_generate_1502534,,Auto generate,Automātiski ģenerēt,
ui_auto_generation_is_a_one_time_starting_point_the_6b317fe,,"Auto generation is a one-time starting point. The Home page starts empty in either mode, and you can re-import Home Assistant data later from individual views.","Automātiskā ģenerēšana ir vienreizējs sākumpunkts. Sākumlapa abos režīmos sākas tukša, un vēlāk varat atkārtoti importēt Home Assistant datus no atsevišķiem skatiem.",don't translate Home Assistant
ui_auto_manual_342b68e,,Auto + %1$s manual,Auto + %1$s rokasgrāmata,app fills in %1$s — keep them
ui_auto_none_f606e9b,,Auto / none,Automātiski / nav,
ui_auto_scan_150eb4b,,Auto-scan,Automātiskā skenēšana,
ui_auto_unavailable_33737ba,,Auto / unavailable,Automātisks / nav pieejams,
ui_automatic_cloud_backup_494d882,,Automatic cloud backup,Automātiska mākoņa dublēšana,
ui_automatic_configuration_only_battery_class_percentage_sens_ce9ab03,,Automatic configuration: only battery-class percentage sensors are included.,Automātiskā konfigurācija: ir iekļauti tikai akumulatora klases procentuālie sensori.,
ui_automatic_local_cloud_backup_7aef407,,Automatic local cloud backup,Automātiska vietējā mākoņa dublēšana,
ui_automatic_paging_and_transition_style_792709a,,Automatic paging and transition style,Automātiska lapošana un pārejas stils,
ui_automatically_backs_up_your_dashboard_and_appearance_setti_cd89812,,"Automatically backs up your dashboard and appearance settings to your own Home Assistant every day, so you can restore them any time. Requires the HKI 7 Cloud custom component (install it via HACS).","Katru dienu automātiski dublē jūsu informācijas paneļa un izskata iestatījumus jūsu Home Assistant, lai jūs varētu tos atjaunot jebkurā laikā. Nepieciešams pielāgotais komponents HKI 7 Cloud (instalējiet to, izmantojot HACS).","don't translate HKI 7 Cloud, Home Assistant"
ui_automation_a15fde5,,Automation,Automatizācija,
ui_automations_even_when_the_app_is_closed_or_not_d27e5b1,,"automations, even when the app is closed or not in use.\n\n","automatizācija, pat ja lietotne ir aizvērta vai netiek izmantota.",\n = line break
ui_autoplay_95619b5,,Autoplay,Automātiskā atskaņošana,
ui_average_93a8018,,average,vidēji,
ui_azimuth_d2fbdb3,,Azimuth,Azimuts,
ui_back_b52b36b,,Back,Atpakaļ,
ui_back_up_now_527bf1a,,Back up now,Dublējiet tūlīt,
ui_background_image_url_or_path_dfc4908,,Background image (URL or path),Fona attēls (URL vai ceļš),
ui_background_location_5f56f21,,Background location,Fona atrašanās vieta,
ui_background_notifications_563a463,,Background notifications,Fona paziņojumi,
ui_background_usage_fd8ed73,,Background Usage,Fona lietošana,
ui_backing_up_f600558,,Backing up…,Notiek dublēšana…,
ui_backspace_88d130a,,Backspace,Backspace,
ui_backup_and_restore_a593246,,Backup and Restore,Dublēšana un atjaunošana,
ui_backup_dd96994,,Backup,Dublējums,
ui_backups_contain_dashboard_and_appearance_configuration_onl_d5856be,,"Backups contain dashboard and appearance configuration only. Connection details, app permissions, location state, and notification history are not included.","Dublējumkopijās ir ietverta tikai informācijas paneļa un izskata konfigurācija. Savienojuma informācija, lietotņu atļaujas, atrašanās vietas stāvoklis un paziņojumu vēsture nav iekļauta.",
ui_badge_bar_layout_4b4dfdd,,Badge bar layout,Žetonu joslas izkārtojums,
ui_bars_ad5fb3b,,Bars,Bāri,
ui_batt_679d0aa,,Batt,Batt,
ui_batteries_0970f9d,,Batteries,Baterijas,
ui_battery_4a9be04,,Battery,Akumulators,
ui_battery_74dff99,,Battery: %1$s,Akumulators: %1$s,app fills in %1$s — keep them
ui_battery_attention_0feaa08,,battery-attention,akumulatora uzmanība,
ui_battery_battery_notes_only_14e5936,,Battery+ / Battery Notes only,Battery+ / Battery Piezīmes tikai,
ui_battery_energy_25638f8,,battery-energy,akumulatora enerģija,
ui_battery_entities_visible_9299588,,%1$s battery entities visible,Ir redzamas %1$s akumulatora vienības,app fills in %1$s — keep them
ui_battery_fill_8b6793e,,battery-fill,akumulatora uzpilde,
ui_battery_health_12c0ce4,,BATTERY HEALTH,AKUMULATORA VESELĪBA,
ui_battery_health_8cc8e64,,BATTERY+ HEALTH,AKUMULATORS+ VESELĪBA,
ui_battery_level_is_healthy_1de4c4f,,Battery level is healthy,Akumulatora līmenis ir veselīgs,
ui_battery_levels_7c61b65,,Battery Levels,Akumulatora līmenis,
ui_battery_optimization_7676ca5,,Battery Optimization,Akumulatora optimizācija,
ui_battery_orbit_9aa5d8c,,battery-orbit,akumulators-orbīta,
ui_battery_rules_be75b3c,,Battery rules,Akumulatora noteikumi,
ui_battery_sensor_optional_0e261e6,,Battery sensor (optional),Akumulatora sensors (pēc izvēles),
ui_behavior_70cb647,,Behavior,Uzvedība,
ui_birthday_yyyy_mm_dd_d1a9b03,,Birthday (YYYY-MM-DD),Dzimšanas diena (GGGG-MM-DD),
ui_bold_100_1b94255,,Bold (+100),Treknraksts (+100),
ui_bolder_200_9cc5d65,,Bolder (+200),Drosmīgāks (+200),
ui_boldest_300_c5a490d,,Boldest (+300),Drosmīgākais (+300),
ui_boldness_10b6938,,Boldness · %1$s,Uzdrīkstēšanās · %1$s,app fills in %1$s — keep them
ui_brand_and_third_party_work_8d6d517,,Brand and third-party work,Zīmolu un trešo pušu darbs,
ui_brightness_222d6d5,,%1$s brightness,%1$s spilgtums,app fills in %1$s — keep them
ui_brightness_8e06ad0,,BRIGHTNESS,SPilgtums,
ui_brightness_slider_a427c80,,Brightness slider,Spilgtuma slīdnis,
ui_build_the_interface_entirely_your_way_e94582f,,Build the interface entirely your way.,Izveidojiet interfeisu pilnībā savā veidā.,
ui_building_your_dashboard_2943961,,Building your dashboard,Informācijas paneļa izveide,
ui_built_in_20f409c,,Built-in,Iebūvēts,
ui_button_794145f,,Button,Poga,
ui_button_image_2483e32,,Button image,Pogas attēls,
ui_button_lock_28d87b1,,Button lock,Pogu bloķēšana,
ui_button_stack_ee9e7f8,,Button Stack,Pogu kaudze,
ui_button_type_890a578,,Button type,Pogas veids,
ui_buttons_available_from_this_person_s_detail_dialog_ab3f9f9,,Buttons available from this person's detail dialog,"Pogas, kas pieejamas šīs personas informācijas dialoglodziņā",
ui_calendar_content_1f185c8,,Calendar content,Kalendāra saturs,
ui_calendars_9444501,,Calendars,Kalendāri,
ui_camera_4da9c9a,,Camera,Kamera,
ui_camera_aspect_ratio_928bf09,,Camera aspect ratio,Kameras malu attiecība,
ui_camera_display_20a9c82,,Camera display,Kameras displejs,
ui_camera_feed_cc1f19e,,Camera Feed,Kameras plūsma,
ui_camera_page_6b1987b,,camera_page,kameras_lapa,
ui_camera_stack_645ea0f,,Camera Stack,Kameras kaudze,
ui_camera_url_0eebe87,,Camera URL,Kameras URL,
ui_cameras_d3daff3,,Cameras,Kameras,
ui_camerascan_00bd2cb,,cameraScan,kameras skenēšana,
ui_can_t_reach_the_server_73079bd,,Can't reach the server,Nevar sasniegt serveri,
ui_cancel_77dfd21,,Cancel,Atcelt,
ui_cancel_arming_5d383c8,,Cancel arming,Atcelt bruņojumu,
ui_card_4d4ce73,,Card,Kart,
ui_card_data_4a42176,,Card & data,Karte un dati,
ui_card_entities_e548a55,,Card & entities,Karte un entītijas,
ui_card_layout_f83b655,,Card layout,Kartes izkārtojums,
ui_card_settings_1a3b62a,,Card settings,Kartes iestatījumi,
ui_card_shape_and_width_0d513f7,,Card shape and width,Kartes forma un platums,
ui_card_shape_width_and_background_e4aff1c,,"Card shape, width, and background","Kartes forma, platums un fons",
ui_card_size_shape_and_background_df75707,,"Card size, shape, and background","Kartes izmērs, forma un fons",
ui_card_width_icon_and_styling_de70fd8,,"Card width, icon, and styling","Kartes platums, ikona un stils",
ui_card_width_shape_icon_and_background_c3695b5,,"Card width, shape, icon, and background","Kartes platums, forma, ikona un fons",
ui_cards_0f830bc,,Cards,Kartes,
ui_cards_data_a33e044,,Cards & data,Kartes un dati,
ui_cards_entities_be4393a,,Cards & entities,Kartes un entītijas,
ui_carrier_accounts_20ad36c,,Carrier accounts,Pārvadātāju konti,
ui_carrier_devices_9927ae1,,Carrier devices,Pārvadātāju ierīces,
ui_carrier_display_name_optional_5ca06fc,,Carrier display name (optional),Mobilo sakaru operatora parādāmais nosaukums (neobligāti),
ui_center_adapt_now_and_pause_buttons_81074b2,,Center Adapt now and Pause buttons,Centrā pogas Pielāgot tūlīt un Pauze,
ui_change_64fbd99,,Change,Mainīt,
ui_change_avatar_image_217fbce,,Change avatar image,Mainīt iemiesojuma attēlu,
ui_changing_mode_3da68b4,,Changing mode,Mainot režīmu,
ui_charge_flow_ceb6c62,,Charge & flow,Uzlāde un plūsma,
ui_chart_66c7734,,Chart,Diagramma,
ui_checking_for_shared_dashboards_5f2f823,,Checking for shared dashboards…,Notiek koplietotu informācijas paneļu pārbaude…,
ui_checking_for_the_hki_7_cloud_component_c76112a,,Checking for the HKI 7 Cloud component…,Notiek komponenta HKI 7 Cloud pārbaude…,don't translate HKI 7 Cloud
ui_choose_78b7c9f,,Choose,Izvēlieties,
ui_choose_a_different_server_47e6ce6,,Choose a different server,Izvēlieties citu serveri,
ui_choose_a_side_when_the_badge_bar_is_split_6e3c73d,,Choose a side when the badge bar is split,"Izvēlieties malu, kad emblēmas josla ir sadalīta",
ui_choose_a_state_7ab7191,,Choose a state,Izvēlieties valsti,
ui_choose_a_visual_home_assistant_block_e7c8652,,Choose a visual Home Assistant block,Izvēlieties vizuālu Home Assistant bloku,don't translate Home Assistant
ui_choose_action_cf9c80e,,Choose action,Izvēlieties darbību,
ui_choose_an_action_e82323b,,Choose an action,Izvēlieties darbību,
ui_choose_an_entity_00fd1cc,,Choose an entity,Izvēlieties entītiju,
ui_choose_an_entity_first_d59e681,,Choose an entity first,Vispirms izvēlieties entītiju,
ui_choose_an_expanded_or_compact_dashboard_header_815902d,,Choose an expanded or compact dashboard header,Izvēlieties izvērstu vai kompaktu informācijas paneļa galveni,
ui_choose_avatar_image_bcd5b00,,Choose avatar image,Izvēlieties iemiesojuma attēlu,
ui_choose_between_the_full_header_and_a_compact_navigation_90ec55e,,Choose between the full header and a compact navigation bar,Izvēlieties pilnu galveni vai kompakto navigācijas joslu,
ui_choose_entity_31b0424,,Choose entity,Izvēlieties entītiju,
ui_choose_how_this_phone_or_tablet_appears_in_home_419da67,,Choose how this phone or tablet appears in Home Assistant,"Izvēlieties, kā šis tālrunis vai planšetdators tiek rādīts Home Assistant",don't translate Home Assistant
ui_choose_icon_b0047ce,,Choose icon,Izvēlieties ikonu,
ui_choose_included_cards_and_shared_entity_overrides_a507343,,Choose included cards and shared entity overrides,Izvēlieties iekļautās kartes un koplietojamo entītiju ignorēšanu,
ui_choose_included_views_and_shared_entity_overrides_41f2e64,,Choose included views and shared entity overrides,Izvēlieties iekļautos skatus un koplietojamo entītiju ignorēšanu,
ui_choose_one_or_more_carrier_devices_in_widget_settings_100a4ca,,Choose one or more carrier devices in widget settings.,Logrīku iestatījumos izvēlieties vienu vai vairākas mobilo sakaru operatora ierīces.,
ui_choose_person_entity_977db64,,Choose person entity,Izvēlieties personas entītiju,
ui_choose_the_climate_view_and_optional_entity_overrides_a69cbbc,,Choose the climate view and optional entity overrides,Izvēlieties klimata skatu un izvēles entītiju ignorēšanu,
ui_choose_the_energy_view_and_override_its_entities_if_523c3be,,Choose the energy view and override its entities if needed,"Izvēlieties enerģijas skatu un, ja nepieciešams, ignorējiet tā entītijas",
ui_choose_the_entity_and_card_content_8bde89a,,Choose the entity and card content,Izvēlieties entītiju un kartes saturu,
ui_choose_the_home_assistant_entities_that_drive_this_room_53a4061,,Choose the Home Assistant entities that drive this room's live indicators. Indicators only appear while they are active.,"Izvēlieties Home Assistant entītijas, kas nosaka šīs telpas reāllaika rādītājus. Indikatori parādās tikai tad, kad tie ir aktīvi.",don't translate Home Assistant
ui_choose_the_home_assistant_shown_in_hki_7_b29bc26,,Choose the Home Assistant shown in HKI 7,"Izvēlieties Home Assistant, kas parādīta HKI 7","don't translate Home Assistant, HKI 7"
ui_choose_the_player_and_dashboard_label_7fa88ba,,Choose the player and dashboard label,Izvēlieties atskaņotāja un informācijas paneļa iezīmi,
ui_choose_the_profile_for_this_light_d8c7bae,,Choose the profile for this light,Izvēlieties profilu šim apgaismojumam,
ui_choose_the_sensors_plotted_together_3bc1663,,Choose the sensors plotted together,Izvēlieties kopā attēlotos sensorus,
ui_choose_the_source_and_when_a_battery_is_considered_0b993df,,Choose the source and when a battery is considered low,"Izvēlieties avotu un laiku, kad tiek uzskatīts, ka akumulators ir zems",
ui_choose_what_tap_double_tap_and_hold_should_do_0bbe9c8,,"Choose what tap, double tap, and hold should do","Izvēlieties pieskārienu, dubultskārienu un turiet, kas jādara",
ui_choose_what_this_action_should_control_7ebe4ab,,Choose what this action should control,"Izvēlieties, kas ar šo darbību jākontrolē",
ui_choose_what_this_badge_summarizes_a7af7e6,,Choose what this badge summarizes,Izvēlieties šīs emblēmas kopsavilkumu,
ui_choose_what_this_header_pill_shows_0bbdbc2,,Choose what this header pill shows,"Izvēlieties, kas tiek rādīts šajā galvenes tabletē",
ui_choose_where_to_restore_the_dashboard_configuration_from_bb40b34,,Choose where to restore the dashboard configuration from.,"Izvēlieties, no kurienes atjaunot informācijas paneļa konfigurāciju.",
ui_choose_whether_this_person_appears_in_the_home_header_49f0ec2,,Choose whether this person appears in the Home header,"Izvēlieties, vai šī persona tiek rādīta sākumlapas galvenē",
ui_choose_which_profiles_this_widget_can_control_2cd9b2b,,Choose which profiles this widget can control,"Izvēlieties, kurus profilus var kontrolēt šis logrīks",
ui_choose_who_can_see_this_dashboard_they_can_import_2f5e49d,,Choose who can see this dashboard. They can import it into their own app.,"Izvēlieties, kam ir redzams šis informācijas panelis. Viņi to var importēt savā lietotnē.",
ui_choose_your_dashboard_1ec85e9,,Choose your dashboard,Izvēlieties savu informācijas paneli,
ui_clean_rooms_4dc67ab,,Clean rooms,Tīras telpas,
ui_clean_selected_43d8dd5,,Clean selected,Atlasīts tīrs,
ui_clear_719ea39,,Clear,Skaidrs,
ui_clear_battery_config_d8854f7,,Clear battery config?,Vai dzēst akumulatora konfigurāciju?,
ui_clear_battery_view_1952347,,Clear battery view?,Vai notīrīt akumulatora skatu?,
ui_clear_battery_view_5ef09bf,,Clear Battery View,Notīrīt akumulatora skatu,
ui_clear_climate_view_48e8a5e,,Clear Climate View,Skaidrs klimata skats,
ui_clear_climate_view_9a1339c,,Clear climate view?,Skaidrs klimata skats?,
ui_clear_config_51f6330,,Clear config,Notīrīt konfigurāciju,
ui_clear_energy_view_401c166,,Clear Energy View,Skaidrs enerģijas skats,
ui_clear_energy_view_d577bb7,,Clear energy view?,Skaidrs enerģijas skatījums?,
ui_clear_filters_4122267,,Clear filters,Notīrīt filtrus,
ui_clear_rooms_view_87a43ca,,Clear Rooms View,Skaidrs skats uz numuriem,
ui_clear_rooms_view_f1d0d72,,Clear rooms view?,Vai ir skaidrs telpu skats?,
ui_clear_search_67300d0,,Clear search,Notīrīt meklēšanu,
ui_clear_security_view_219e25b,,Clear Security View,Notīrīt drošības skatu,
ui_clear_security_view_48790f7,,Clear security view?,Vai notīrīt drošības skatu?,
ui_clear_selection_247fd63,,Clear selection,Notīrīt atlasi,
ui_climate_4857860,,Climate,Klimats,
ui_climate_cards_f4996fd,,Climate Cards,Klimata kartes,
ui_climate_devices_are_found_automatically_add_extra_entities_5ebd8b7,,Climate devices are found automatically; add extra entities here if any are missing.,"Klimata ierīces tiek atrastas automātiski; pievienojiet šeit papildu entītijas, ja tādu trūkst.",
ui_climate_dialog_control_add9f2b,,Climate dialog control,Klimata dialoga kontrole,
ui_climate_sources_take_priority_and_use_their_current_temper_5dbcde3,,Climate sources take priority and use their current_temperature and current_humidity values. ,Klimata avotiem ir prioritāte un tiek izmantotas to pašreizējās_temperatūras un pašreizējā_mitruma vērtības.,keep the space at the start/end
ui_climate_stack_cards_dcff178,,Climate Stack Cards,Klimata kaudzes kartes,
ui_climate_summary_4686577,,Climate summary,Klimata kopsavilkums,
ui_climatedooropen_026f1c8,,climateDoorOpen,klimatsDurvisAtvērt,
ui_climatehouse_9c0637a,,climateHouse,klimatsMāja,
ui_climatewindowopen_9b0794a,,climateWindowOpen,klimatsWindowOpen,
ui_close_bbfa773,,Close,Aizvērt,
ui_cloud_backup_is_off_71dfae1,,Cloud backup is off,Dublēšana mākoņos ir izslēgta,
ui_collapsed_by_default_65a57c6,,Collapsed by default,Sakļauts pēc noklusējuma,
ui_collapsible_c932fac,,Collapsible,Saliekams,
ui_collection_30c54a9,,Collection,Kolekcija,
ui_color_1d0c830,,Color,Krāsa,
ui_color_typography_and_component_shape_b82e582,,"Color, typography, and component shape","Krāsa, tipogrāfija un komponentu forma",
ui_colors_and_light_dark_mode_37de9d5,,Colors and light/dark mode,Krāsas un gaišais/tumšais režīms,
ui_columns_cf723c5,,Columns,Kolonnas,
ui_combine_multiple_accounts_from_the_same_carrier_into_one_0006a49,,Combine multiple accounts from the same carrier into one tab and parcel list.,Apvienojiet vairākus viena pārvadātāja kontus vienā cilnē un paku sarakstā.,
ui_comfortpulse_100b63b,,comfortPulse,komfortsPulss,
ui_community_source_716abd9,,Community source,Kopienas avots,
ui_compact_1df39aa,,Compact,Kompakts,
ui_compact_header_50275e8,,Compact header,Kompakta galvene,
ui_compact_mode_hides_the_left_header_pill_persons_subtitle_da84968,,"Compact mode hides the left header pill, persons, subtitle/status information, and room counters. Swipe down on the compact bar to open Search, Flows, Edit, and Settings.","Kompaktajā režīmā tiek paslēpta kreisā galvene, personas, subtitru/statusa informācija un telpu skaitītāji. Pavelciet uz leju kompaktajā joslā, lai atvērtu Meklēšana, Plūsmas, Rediģēt un Iestatījumi.",
ui_compact_tile_height_78b57a3,,Compact tile height,Kompakts flīžu augstums,
ui_configured_light_65a3aad,,%1$s configured light%2$s,%1$s konfigurēta gaisma%2$s,app fills in %1$s %2$s — keep them
ui_confirm_04a2122,,Confirm,Apstiprināt,
ui_connect_b65463c,,Connect,Savienot,
ui_connected_through_home_assistant_cloud_47a54c0,,Connected through Home Assistant Cloud,"Savienots, izmantojot Home Assistant Cloud",don't translate Home Assistant
ui_connected_through_your_external_home_assistant_address_966b0e6,,Connected through your external Home Assistant address,"Savienots, izmantojot jūsu ārējo Home Assistant adresi",don't translate Home Assistant
ui_connected_through_your_home_network_cdf4e0f,,Connected through your home network,"Savienots, izmantojot jūsu mājas tīklu",
ui_connecting_fd3e796,,Connecting…,Notiek savienojuma izveide…,
ui_connection_6512ee1,,Connection,Savienojums,
ui_connection_switched_to_8f04753,,Connection switched to %1$s,Savienojums pārslēgts uz %1$s,app fills in %1$s — keep them
ui_contacting_your_home_assistant_server_e0a53d1,,Contacting your Home Assistant server…,Notiek saziņa ar jūsu Home Assistant serveri…,don't translate Home Assistant
ui_content_4f9be05,,Content,Saturs,
ui_continue_2e02623,,Continue,Turpināt,
ui_continuous_gps_for_live_tracking_uses_much_more_battery_fdcd80d,,Continuous GPS for live tracking — uses much more battery. Leave off for official-app-like behavior.,"Nepārtraukts GPS tiešraides izsekošanai — patērē daudz vairāk akumulatora. Atstājiet, lai rīkotos oficiālai lietotnei.",
ui_control_ea1d3df,,Control,Kontrole,
ui_control_how_accounts_become_tabs_and_lists_f100249,,Control how accounts become tabs and lists,"Kontrolējiet, kā konti kļūst par cilnēm un sarakstiem",
ui_control_layout_4c3b047,,Control layout,Vadības izkārtojums,
ui_controls_and_history_sensors_used_by_the_dialog_f71675d,,Controls and history sensors used by the dialog,Dialoglodziņā izmantotās vadīklas un vēstures sensori,
ui_controls_light_in_this_profile_cd11089,,Controls %1$s light%2$s in this profile.,Vada %1$s light%2$s šajā profilā.,app fills in %1$s %2$s — keep them
ui_cooling_5569ac4,,Cooling,Dzesēšana,
ui_copy_af74f7c,,Copy,Kopēt,
ui_copy_dashboard_2ea354e,,Copy dashboard,Kopēt informācijas paneli,
ui_copyright_2026_jimz011_b8f2c24,,Copyright © 2026 Jimz011,Autortiesības © 2026 Jimz011,
ui_corners_f1fb139,,Corners,Stūri,
ui_could_not_add_the_parcel_check_the_number_and_fd157b4,,Could not add the parcel. Check the number and try again.,Nevarēja pievienot paku. Pārbaudiet numuru un mēģiniet vēlreiz.,
ui_couldn_t_reach_a30cc1b,,Couldn't reach %1$s,Nevarēja sasniegt %1$s,app fills in %1$s — keep them
ui_couldn_t_reach_your_home_assistant_server_2a17c09,,Couldn't reach your Home Assistant server.,Nevarēja sasniegt jūsu Home Assistant serveri.,don't translate Home Assistant
ui_countdown_timer_282cb17,,Countdown timer,Atpakaļskaitīšanas taimeris,
ui_create_6e157c5,,Create,Izveidot,
ui_create_a_flow_11b4415,,Create a flow,Izveidojiet plūsmu,
ui_create_a_separate_dashboard_auto_generate_imports_once_and_a5f0ef1,,Create a separate dashboard. Auto Generate imports once and then becomes editable; Start Empty only keeps persons available.,"Izveidojiet atsevišķu informācijas paneli. Automātiski ģenerēt importēšanu vienreiz un pēc tam kļūst rediģējams; Sākt tukšu nodrošina tikai personas, kas ir pieejamas.",
ui_create_custom_page_d1f53e7,,Create custom page,Izveidojiet pielāgotu lapu,
ui_created_by_jimz011_2026_hki_7_v_20cbca0,,Created by Jimz011 - 2026 • HKI 7 v%1$s,Izveidoja Jimz011 — 2026 • HKI 7 v%1$s,app fills in %1$s — keep them; don't translate HKI 7
ui_created_by_jimz011_with_help_from_ai_assisted_development_47c9a41,,"Created by Jimz011 with help from AI-assisted development tools. Product direction, design choices, testing, and responsibility for the released app remain with the project creator.","Izveidoja Jimz011, izmantojot AI atbalstītus izstrādes rīkus. Produkta virziens, dizaina izvēle, testēšana un atbildība par izlaisto lietotni paliek projekta veidotāja ziņā.",
ui_created_openly_1cc16d4,,Created openly,Radīts atklāti,
ui_creates_a_full_duplicate_of_including_all_rooms_widgets_b96bbb1,,"Creates a full duplicate of ""%1$s"", including all rooms, widgets, and page settings. The copy is added to your dashboards without switching to it.","Izveido pilnu ""%1$s"" dublikātu, tostarp visas telpas, logrīkus un lapu iestatījumus. Kopija tiek pievienota jūsu informācijas paneļiem, nepārslēdzoties uz to.",app fills in %1$s — keep them
ui_critical_04b7b26,,Critical,Kritiski,
ui_critical_low_5852b16,,%1$s critical · %2$s low,%1$s kritisks · %2$s zems,app fills in %1$s %2$s — keep them
ui_critical_replace_soon_dbd946d,,Critical — replace soon,Kritiski — drīzumā nomainiet,
ui_current_4fc0e2b,,Current,Pašreizējais,
ui_current_88a0a02,,%1$s° current,%1$s° strāva,app fills in %1$s — keep them
ui_current_charge_b6b0b3d,,Current charge,Pašreizējā maksa,
ui_current_e4ef83d,,Current %1$s%%,Pašreizējais %1$s%%,app fills in %1$s — keep them
ui_current_weather_0fc6239,,Current weather,Pašreizējie laikapstākļi,
ui_currently_loaded_69ef6fb,,Currently loaded,Pašlaik ielādēts,
ui_custom_081ae3f,,Custom,Pielāgots,
ui_custom_buttons_c580449,,Custom buttons,Pielāgotas pogas,
ui_custom_camera_ada9096,,Custom Camera,Pielāgota kamera,
ui_custom_camera_url_8191b15,,Custom camera URL,Pielāgots kameras URL,
ui_custom_ed17691,,Custom %1$s,Pielāgots %1$s,app fills in %1$s — keep them
ui_custom_entities_d6e76ae,,Custom entities,Pielāgotas entītijas,
ui_custom_name_6af17c2,,Custom name,Pielāgots nosaukums,
ui_custom_order_a7a5984,,Custom order,Pielāgots pasūtījums,
ui_custom_seconds_7467e28,,Custom seconds,Pielāgotas sekundes,
ui_custom_state_378153b,,Custom state...,Pielāgots stāvoklis...,
ui_custom_url_9c155e9,,Custom URL,Pielāgots URL,
ui_customize_device_energy_b754bb5,,Customize device energy,Pielāgojiet ierīces enerģiju,
ui_customize_top_consumers_eb249c5,,Customize top consumers,Pielāgojiet labākos patērētājus,
ui_customize_water_devices_81ce5f6,,Customize water devices,Pielāgojiet ūdens ierīces,
ui_d_6388bb3,,"%1$s d, %2$s","%1$s d, %2$s",app fills in %1$s %2$s — keep them
ui_daily_backup_is_active_111a631,,Daily backup is active,Ikdienas dublēšana ir aktīva,
ui_dashboard_d87f47b,,Dashboard,Informācijas panelis,
ui_dashboard_header_36d8656,,Dashboard header,Informācijas paneļa galvene,
ui_dashboard_name_466f3af,,Dashboard name,Informācijas paneļa nosaukums,
ui_dashboard_width_and_card_shape_3fcad11,,Dashboard width and card shape,Informācijas paneļa platums un kartes forma,
ui_dashboards_197565b,,Dashboards,Informācijas paneļi,
ui_dashboards_shared_by_your_family_import_to_add_a_8a6d06e,,Dashboards shared by your family. Import to add a copy to your dashboards; import again later to pull updates.,"Jūsu ģimenes koplietotie informācijas paneļi. Importēt, lai informācijas paneļiem pievienotu kopiju; vēlāk importējiet vēlreiz, lai iegūtu atjauninājumus.",
ui_dashboards_visual_style_and_everyday_navigation_17f3ac2,,"Dashboards, visual style, and everyday navigation","Informācijas paneļi, vizuālais stils un ikdienas navigācija",
ui_data_series_e5977fb,,Data series,Datu sērijas,
ui_data_sources_dadd6ac,,Data sources,Datu avoti,
ui_date_eb9a4bc,,Date,Datums,
ui_datetime_f1e5baf,,DateTime,Datums un laiks,
ui_day_to_839bf92,,%1$s day%2$s to %3$s,%1$s diena%2$s līdz %3$s,app fills in %1$s %2$s %3$s — keep them
ui_decrease_67e19d8,,Decrease,Samazināt,
ui_default_808d7dc,,Default,Noklusējums,
ui_default_effect_per_type_a4ce3c4,,Default effect per type,Noklusējuma efekts katram veidam,
ui_default_view_343256a,,Default view,Noklusējuma skats,
ui_default_weather_entity_588d455,,Default weather entity,Noklusējuma laikapstākļu entītija,
ui_defrosting_c3b2817,,Defrosting,Atkausēšana,
ui_delete_0c6013a,,"Delete ""%1$s""?","Vai dzēst ""%1$s""?",app fills in %1$s — keep them
ui_delete_137cdc2,,Delete %1$s?,Vai dzēst %1$s?,app fills in %1$s — keep them
ui_delete_automation_442d61c,,Delete automation?,Vai dzēst automatizāciju?,
ui_delete_f6fdbe4,,Delete,Dzēst,
ui_delete_floor_07c4a91,,Delete floor,Dzēst stāvu,
ui_delivered_eea956c,,Delivered,Piegādāts,
ui_demo_mode_a85b728,,Demo mode,Demo režīms,
ui_description_55f8ebc,,Description,Apraksts,
ui_details_dc3decb,,Details,Sīkāka informācija,
ui_detected_carbon_intensity_9983458,,Detected carbon intensity,Noteiktā oglekļa intensitāte,
ui_device_8c01559,,Device: %1$s,Ierīce: %1$s,app fills in %1$s — keep them
ui_device_a5a74a6,,Device,Ierīce,
ui_device_details_39c277d,,Device details,Detaļas par ierīci,
ui_device_details_eb36018,,DEVICE DETAILS,IERĪCES INFORMĀCIJA,
ui_device_energy_79de3d8,,Device energy,Ierīces enerģija,
ui_device_helpers_6a8b199,,Device & helpers,Ierīce un palīgi,
ui_device_name_79d7a15,,Device name,Ierīces nosaukums,
ui_device_tracker_and_geocoded_location_f9e2d34,,Device tracker and geocoded location,Ierīces izsekotājs un ģeokodēta atrašanās vieta,
ui_devices_728190e,,devices,ierīces,
ui_devices_df485c8,,Devices,Ierīces,
ui_dialog_control_63e18cf,,Dialog control,Dialoga vadība,
ui_direction_5a47d4d,,Direction —,Virziens —,
ui_disable_battery_optimization_d3201bf,,Disable Battery Optimization,Atspējot akumulatora optimizāciju,
ui_disarmed_aaa4d9e,,Disarmed,Atbruņots,
ui_discovered_acbb9e0,,Discovered,Atklāts,
ui_dismiss_70afe9e,,Dismiss,Atlaist,
ui_display_574ff9b,,Display,Displejs,
ui_display_linked_entities_and_dialog_layout_e6987f9,,"Display, linked entities, and dialog layout","Displejs, saistītās entītijas un dialoga izkārtojums",
ui_display_mode_627bc30,,Display mode,Displeja režīms,
ui_display_order_5f1293a,,Display order,Displeja secība,
ui_done_e9b450d,,Done,Gatavs,
ui_door_locked_4b46012,,Door\nLocked,Durvis\nBloķēts,\n = line break
ui_door_open_74899a4,,Door\nOpen,Durvis\nAtvērt,\n = line break
ui_door_sensor_turns_lock_card_red_when_open_9bc1372,,Door sensor (turns lock card red when open),Durvju sensors (atverot slēdzenes karti kļūst sarkana),
ui_door_sensors_a7bb309,,Door sensors,Durvju sensori,
ui_double_tap_a268e89,,Double tap,Veiciet dubultskārienu,
ui_drag_horizontally_across_the_full_button_547ea8c,,Drag horizontally across the full button,Velciet horizontāli pāri pilnas pogas pogai,
ui_drag_to_reorder_use_the_eye_button_to_hide_cd28b4c,,Drag to reorder. Use the eye button to hide an item or schedule when it shows.,"Velciet, lai pārkārtotu. Izmantojiet acu pogu, lai paslēptu vienumu vai grafiku, kad tas tiek parādīts.",
ui_drag_to_set_the_order_cameras_appear_on_the_7bcb4f5,,Drag to set the order cameras appear on the Security view.,"Velciet, lai iestatītu secību, kādā kameras tiek parādītas drošības skatā.",
ui_drag_to_set_the_order_the_cards_appear_below_b6a92e4,,Drag to set the order the cards appear below the house on the Energy view.,"Velciet, lai iestatītu secību, kādā kartītes tiek rādītas zem mājas Enerģijas skatā.",
ui_drag_to_set_the_order_thermostats_and_ac_units_62d49e7,,Drag to set the order thermostats and AC units appear on the Climate view.,"Velciet, lai iestatītu secību, kādā termostati un maiņstrāvas vienības tiek parādītas skatā Klimats.",
ui_drying_7ea61a9,,Drying,Žāvēšana,
ui_e_e0184ad,,E,E,
ui_each_group_controls_one_part_of_this_page_286a40b,,Each group controls one part of this page,Katra grupa kontrolē vienu šīs lapas daļu,
ui_each_home_keeps_its_own_login_dashboard_notification_conne_c261f94,,"Each home keeps its own login, dashboard, notification connection, and location registration","Katrai mājai ir savs pieteikumvārds, informācijas panelis, paziņojumu savienojums un atrašanās vietas reģistrācija",
ui_edit_5301648,,Edit,Rediģēt,
ui_edit_entities_485ee65,,Edit entities,Rediģēt entītijas,
ui_edit_page_17e45f8,,Edit page,Rediģēt lapu,
ui_edit_sensors_6c38d51,,Edit sensors,Rediģēt sensorus,
ui_effects_8f25a85,,Effects,Efekti,
ui_electricity_925cf7f,,Electricity,Elektrība,
ui_electricity_total_c81c63f,,Electricity Total,Elektrība Kopā,
ui_elevation_a514da1,,Elevation,Pacēlums,
ui_empty_3159fe4,,Empty,Tukšs,
ui_empty_bin_0cbe2d7,,Empty bin,Tukša tvertne,
ui_empty_bin_bcf05c4,,Empty bin: %1$s,Tukša tvertne: %1$s,app fills in %1$s — keep them
ui_empty_bin_optional_fallback_e40b857,,Empty bin (optional fallback),Tukša tvertne (pēc izvēles rezerves),
ui_empty_iframe_open_its_settings_in_edit_mode_and_c17ba2f,,Empty iFrame — open its settings in edit mode and enter a web address.,Tukšs iFrame — atveriet tā iestatījumus rediģēšanas režīmā un ievadiet tīmekļa adresi.,
ui_empty_markdown_widget_open_its_settings_in_edit_mode_b65072d,,Empty markdown widget — open its settings in edit mode to write content.,"Tukšs iezīmēšanas logrīks — atveriet tā iestatījumus rediģēšanas režīmā, lai rakstītu saturu.",
ui_empty_stack_79d38d5,,Empty Stack,Tukša kaudze,
ui_enable_cloud_backup_32fe82b,,Enable cloud backup,Iespējot mākoņa dublēšanu,
ui_enable_home_assistant_backup_bd7cf62,,Enable Home Assistant backup,Iespējot Home Assistant dublēšanu,don't translate Home Assistant
ui_enable_the_features_hki_7_may_use_in_the_52e596d,,Enable the features HKI 7 may use in the background,"Iespējojiet funkcijas, ko HKI 7 var izmantot fonā",don't translate HKI 7
ui_enabled_e22fb09,,ENABLED,IESPĒJOTS,
ui_end_2a002eb,,End: %1$s,Beigas: %1$s,app fills in %1$s — keep them
ui_energy_437bcb1,,Energy,Enerģija,
ui_energy_cards_c84abda,,Energy Cards,Enerģijas kartes,
ui_energy_counters_imported_from_home_assistant_s_energy_dash_9dd23f9,,Energy counters imported from Home Assistant's Energy dashboard.,Enerģijas skaitītāji importēti no Home Assistant enerģijas informācijas paneļa.,don't translate Home Assistant
ui_energy_stack_cards_5ac4b4c,,Energy Stack Cards,Energy Stack kartes,
ui_energyscene_374cbbb,,energyScene,enerģijaAina,
ui_enter_a_pin_4e6a960,,Enter a PIN,Ievadiet PIN,
ui_enter_a_valid_json_object_00d1e89,,Enter a valid JSON object,Ievadiet derīgu JSON objektu,
ui_enter_an_address_manually_5eda99d,,Enter an address manually,Ievadiet adresi manuāli,
ui_enter_code_ab45ae5,,Enter code,Ievadiet kodu,
ui_enter_http_url_relative_path_or_webrtc_id_e_bb736eb,,"Enter HTTP URL, relative path, or WebRTC ID (e.g., poort_hd)","Ievadiet HTTP URL, relatīvo ceļu vai WebRTC ID (piem., poort_hd)",
ui_enter_http_url_relative_path_or_webrtc_path_e_41da8c2,,"Enter HTTP URL, relative path, or WebRTC path (e.g., url: poort_hd)","Ievadiet HTTP URL, relatīvo ceļu vai WebRTC ceļu (piemēram, URL: poort_hd)",
ui_enter_the_same_data_object_home_assistant_shows_in_f7e27af,,Enter the same data object Home Assistant shows in YAML. JSON is used here so values keep their exact type.,"Ievadiet to pašu datu objektu Home Assistant, kas tiek rādīts YAML. Šeit tiek izmantots JSON, tāpēc vērtībām tiek saglabāts precīzs veids.",don't translate Home Assistant
ui_entities_390082d,,Entities · %1$s,Vienības · %1$s,app fills in %1$s — keep them
ui_entities_6510c2f,,Entities (%1$s),Entītijas (%1$s),app fills in %1$s — keep them
ui_entities_9d88f3c,,entities,entītijām,
ui_entities_appearance_and_interactions_b90b013,,"Entities, appearance, and interactions","Entītijas, izskats un mijiedarbība",
ui_entities_f7638a2,,Entities,Entītijas,
ui_entities_that_signal_activity_or_safety_states_769b862,,Entities that signal activity or safety states,"Objekti, kas signalizē par darbību vai drošības stāvokli",
ui_entity_icons_gently_glow_spin_or_pulse_while_the_b3a8910,,"Entity icons gently glow, spin, or pulse while the device is on. Only active devices animate.","Objektu ikonas maigi spīd, griežas vai pulsē, kamēr ierīce ir ieslēgta. Animē tikai aktīvās ierīces.",
ui_entity_integrations_852a3e0,,Entity integrations,Entītiju integrācijas,
ui_entity_name_9543eb8,,Entity name,Entītijas nosaukums,
ui_entity_picture_0569c68,,Entity picture,Vienības attēls,
ui_entity_unavailable_3974ddb,,Entity unavailable,Entītija nav pieejama,
ui_event_ad8919a,,Event,Pasākums,
ui_every_contribution_helps_and_payment_is_never_required_1bc44f2,,"Every contribution helps, and payment is never required","Katrs ieguldījums palīdz, un maksājums nekad nav vajadzīgs",
ui_everyday_navigation_e2f1711,,Everyday navigation,Ikdienas navigācija,
ui_everyone_c756f6a,,Everyone,Visi,
ui_exact_text_or_number_reported_by_home_assistant_00e5cc6,,Exact text or number reported by Home Assistant,Precīzu tekstu vai numuru ziņoja Home Assistant,don't translate Home Assistant
ui_example_com_or_https_8381ca6,,example.com or https://…,example.com vai https://…,
ui_existing_camera_5fb3653,,Existing Camera,Esošā kamera,
ui_exit_demo_mode_ab94122,,Exit Demo Mode,Iziet no demonstrācijas režīma,
ui_exit_full_screen_3d9afda,,Exit full screen,Iziet pilnekrāna režīmā,
ui_exiting_removes_the_sample_home_and_returns_to_the_05548e1,,"Exiting removes the sample home and returns to the welcome screen, where you can connect a real Home Assistant server.","Izejot, parauga sākumlapa tiek noņemta un tiek atvērts sveiciena ekrāns, kurā varat izveidot savienojumu ar īstu Home Assistant serveri.",don't translate Home Assistant
ui_expected_delivery_78d54b2,,Expected delivery,Paredzamā piegāde,
ui_expected_today_4af5600,,Expected today,Paredzams šodien,
ui_external_url_or_nabu_casa_url_d2e1eed,,External URL or Nabu Casa URL,Ārējais URL vai Nabu Casa URL,don't translate Nabu Casa
ui_family_sharing_160fddb,,Family Sharing,Ģimenes koplietošana,
ui_family_sharing_settings_are_controlled_by_a_home_assistant_cdb35a2,,Family Sharing settings are controlled by a Home Assistant admin. You can use a dashboard shared with you below.,Ģimenes koplietošanas iestatījumus kontrolē Home Assistant administrators. Tālāk varat izmantot ar jums kopīgotu informācijas paneli.,don't translate Home Assistant
ui_fan_ec38406,,Fan,Ventilators,
ui_fan_modes_fbaa3df,,Fan & modes,Ventilators un režīmi,
ui_fans_73d38db,,Fans,Fani,
ui_fetch_climate_entities_from_home_assistant_again_a65f837,,Fetch climate entities from Home Assistant again.,Vēlreiz ienesiet klimata entītijas no Home Assistant.,don't translate Home Assistant
ui_fetch_rooms_floors_and_their_entities_from_home_assistant_0d84305,,"Fetch rooms, floors, and their entities from Home Assistant again.","Vēlreiz atnesiet telpas, stāvus un to vienības no Home Assistant.",don't translate Home Assistant
ui_fetch_security_entities_from_home_assistant_again_577b666,,Fetch security entities from Home Assistant again.,Vēlreiz ienesiet drošības entītijas no Home Assistant.,don't translate Home Assistant
ui_fetch_the_home_assistant_energy_dashboard_configuration_ag_9180e9b,,Fetch the Home Assistant energy dashboard configuration again.,Vēlreiz ienesiet Home Assistant enerģijas informācijas paneļa konfigurāciju.,don't translate Home Assistant
ui_find_home_assistant_locally_c992bdf,,Find Home Assistant locally,Atrodiet Home Assistant lokāli,don't translate Home Assistant
ui_firmware_94fe490,,Firmware %1$s,Programmaparatūra %1$s,app fills in %1$s — keep them
ui_five_simple_gestures_are_all_you_need_to_get_d4c2675,,Five simple gestures are all you need to get around HKI 7.,"Pieci vienkārši žesti ir viss, kas jums nepieciešams, lai apietu HKI 7.",don't translate HKI 7
ui_fixed_tab_10fe998,,Fixed tab,Fiksēta cilne,
ui_floor_7db82f7,,Floor,Stāvs,
ui_floor_assignment_288a740,,Floor assignment,Stāvu uzdevums,
ui_floor_name_e9d98d6,,Floor name,Stāvu nosaukums,
ui_floor_settings_640cb8e,,Floor settings,Grīdas iestatījumi,
ui_flowphase_101d9f0,,flowPhase,plūsmasPāze,
ui_flows_1242655,,Flows,Plūsmas,
ui_focused_groups_keep_advanced_options_easy_to_find_44ac86e,,Focused groups keep advanced options easy to find,Fokusētās grupas ļauj viegli atrast papildu opcijas,
ui_font_family_54a1848,,Font family,Fontu saime,
ui_font_size_ef89fc7,,Font size · %1$s%%,Fonta lielums · %1$s%%,app fills in %1$s — keep them
ui_fonts_ffe688a,,Fonts,Fonti,
ui_force_high_refresh_rate_214de79,,Force high refresh rate,Piespiediet lielu atsvaidzes intensitāti,
ui_forecast_528bc4b,,Forecast,Prognoze,
ui_forecast_entities_c950412,,Forecast entities,Prognozes entītijas,
ui_forget_selection_7864f34,,Forget selection,Aizmirstiet atlasi,
ui_forward_ba4e722,,Forward,Uz priekšu,
ui_from_ad3b521,,From %1$s,No %1$s,app fills in %1$s — keep them
ui_from_state_6c7eaef,,From state,No valsts,
ui_full_changelog_ae838e7,,Full changelog,Pilns izmaiņu žurnāls,
ui_full_controls_68749a5,,Full controls,Pilnas vadības ierīces,
ui_full_day_name_25ab7ee,,Full Day Name,Pilnas dienas nosaukums,
ui_full_url_or_a_path_on_your_home_assistant_66f9c59,,Full URL or a path on your Home Assistant server (e.g. /local/vacuum.png),"Pilns URL vai ceļš jūsu Home Assistant serverī (piem., /local/vacuum.png)",don't translate Home Assistant
ui_gas_ead9650,,Gas,Gāze,
ui_generating_your_rooms_01654a1,,Generating your rooms,Jūsu istabu ģenerēšana,
ui_get_started_bd2cb05,,Get Started,Sāciet darbu,
ui_give_a_humidifier_a_fan_select_input_select_to_860be4d,,"Give a humidifier a fan / select / input_select to control its speed; its options replace the humidifier's mode chips, and modes move to the dialog's nav bar.","Piešķiriet gaisa mitrinātājam ventilatoru / izvēlieties / input_select, lai kontrolētu tā ātrumu; tā opcijas aizstāj mitrinātāja režīma mikroshēmas, un režīmi tiek pārvietoti uz dialoga navigācijas joslu.",
ui_glow_6ae5a62,,glow,spīdēt,
ui_glowphase_748e6d6,,glowPhase,glowPhase,
ui_glowpulse_9269294,,glowPulse,glowPulse,
ui_good_61dedcf,,Good,Labi,
ui_google_drive_07c2964,,Google Drive,Google Drive,don't translate Google Drive
ui_got_it_5b8027f,,Got it,Sapratu,
ui_got_it_let_s_explore_107038f,,Got it — let's explore,Sapratu — izpētīsim,
ui_graph_sensor_c63cbb6,,Graph %1$s · %2$s sensor%3$s,Diagramma %1$s · %2$s sensors%3$s,app fills in %1$s %2$s %3$s — keep them
ui_graph_style_6acd980,,Graph Style,Grafika stils,
ui_graphs_7839947,,Graphs,Grafiki,
ui_grid_density_and_button_presentation_b7907e5,,Grid density and button presentation,Režģa blīvums un pogu prezentācija,
ui_grid_density_width_and_tile_shape_267ad9a,,"Grid density, width, and tile shape","Režģa blīvums, platums un flīžu forma",
ui_grid_phases_0a5eae5,,Grid & phases,Režģis un fāzes,
ui_group_light_paused_for_manual_control_78d6b74,,%1$s group light%2$s paused for manual control.,%1$s grupas indikators%2$s ir apturēts manuālai vadībai.,app fills in %1$s %2$s — keep them
ui_group_related_cards_in_one_section_f978d2b,,Group related cards in one section,Sagrupējiet saistītās kartes vienā sadaļā,
ui_guide_motion_579dcaf,,guide_motion,guide_motion,
ui_guide_progress_6138614,,guide_progress,guide_progress,
ui_gust_53f5da4,, (gust %1$s),(brāzma %1$s),app fills in %1$s — keep them; keep the space at the start/end
ui_h_0be1674,,%1$sh,%1$sh,app fills in %1$s — keep them
ui_header_31341c6,,Header,Virsraksts,
ui_header_appearance_40327c9,,Header appearance,Virsraksta izskats,
ui_header_custom_color_rrggbb_1887d0a,,Header custom color (#RRGGBB),Pielāgota galvenes krāsa (#RRGGBB),
ui_header_pill_d7520cf,,Header pill,Galvenes tablete,
ui_header_text_7f71314,,Header text,Virsraksta teksts,
ui_header_text_f7593e7,,Header Text,Virsraksta teksts,
ui_header_wallpaper_url_or_path_25cf2b6,,Header wallpaper URL or path,Galvenes tapetes URL vai ceļš,
ui_heading_some_bold_text_a_list_item_one_item_b7f049b,,"# Heading\nSome **bold** text, a list:\n- item one\n- item two","# Virsraksts\nDažs **treknrakstā** teksts, saraksts:\n- viens vienums\n- otrais punkts",\n = line break
ui_healthy_80ea156,,Healthy,Veselīgs,
ui_heating_f2a3e6e,,Heating,Apkure,
ui_height_3f608b4,,Height,Augstums,
ui_help_the_project_without_buying_premium_e960d10,,Help the project without buying Premium,"Palīdziet projektam, nepērkot Premium",
ui_hidden_1364716,,%1$s hidden,%1$s paslēpts,app fills in %1$s — keep them
ui_hidden_d4c2792,,Hidden,Slēpts,
ui_hidden_during_c0afbbc,,Hidden during,Slēpts laikā,
ui_hidden_rooms_f621ba4,,Hidden rooms,Slēptās telpas,
ui_hidden_items_advanced_title,,Hidden items (advanced),Slēptie vienumi (papildu),
ui_hidden_items_advanced_hint,,Comma-separated list of button entity ids or badge/widget ids to hide from this person specifically. A button's id is its entity id; a badge or widget's id is shown in its own Appearance settings.,"Komatatdalīts saraksts ar pogas entītiju ID vai emblēmu/logrīku ID, ko īpaši paslēpt no šīs personas. Pogas id ir tās entītijas ID; emblēmas vai logrīka ID tiek parādīts tā izskata iestatījumos.",
ui_hidden_views_3e16d85,,Hidden views,Slēptie skati,
ui_hide_certain_views_or_rooms_from_specific_people_to_f10458c,,Hide certain views or rooms from specific people to keep their dashboard simple. This is UX-level hiding — it does not restrict what they can do in Home Assistant itself.,"Paslēpiet noteiktus skatus vai telpas no konkrētiem cilvēkiem, lai viņu informācijas panelis būtu vienkāršs. Šī ir UX līmeņa slēpšana — tas neierobežo to, ko viņi var darīt pašā Home Assistant.",don't translate Home Assistant
ui_hide_connection_notification_dcee06a,,Hide Connection Notification,Slēpt savienojuma paziņojumu,
ui_hide_this_badge_or_schedule_when_it_appears_e149fbf,,"Hide this badge, or schedule when it appears","Paslēpiet šo emblēmu vai ieplānojiet, kad tā parādās",
ui_hide_this_button_or_schedule_when_it_appears_a28bf66,,"Hide this button, or schedule when it appears","Paslēpiet šo pogu vai ieplānojiet, kad tā parādās",
ui_high_accuracy_mode_954d2c5,,High accuracy mode,Augstas precizitātes režīms,
ui_history_90ccd64,,History,Vēsture,
ui_hki_7_68a9e17,,HKI 7,HKI 7,don't translate HKI 7
ui_hki_7_collects_location_data_to_enable_presence_detection_2dda033,,HKI 7 collects location data to enable presence detection and zone-based ,"HKI 7 apkopo atrašanās vietas datus, lai iespējotu klātbūtnes noteikšanu un zonu",don't translate HKI 7; keep the space at the start/end
ui_hki_7_logo_a445c44,,HKI 7 logo,HKI 7 logotips,don't translate HKI 7
ui_hki_7_turns_your_native_home_assistant_entities_rooms_c95b345,,"HKI 7 turns your native Home Assistant entities, rooms, automations, media, energy data, and services into a configurable mobile dashboard. It is designed to stay connected to Home Assistant as the source of truth while offering a distinct HKI interface.","HKI 7 pārvērš jūsu vietējās Home Assistant entītijas, telpas, automatizāciju, multividi, enerģijas datus un pakalpojumus konfigurējamā mobilajā informācijas panelī. Tas ir paredzēts, lai uzturētu savienojumu ar Home Assistant kā patiesības avotu, vienlaikus piedāvājot atšķirīgu HKI saskarni.","don't translate Home Assistant, HKI 7"
ui_hki_7_v_d5594a7,,HKI 7 v%1$s,HKI 7 v%1$s,app fills in %1$s — keep them; don't translate HKI 7
ui_home_and_rooms_are_always_shown_reorder_the_other_bea984a,,Home and Rooms are always shown. Reorder the other tabs with the arrows and toggle each on or off.,Mājas un telpas vienmēr tiek rādītas. Pārkārtojiet pārējās cilnes ar bultiņām un ieslēdziet vai izslēdziet katru.,
ui_home_assistant_backup_is_off_4524f2e,,Home Assistant backup is off,Home Assistant dublēšana ir izslēgta,don't translate Home Assistant
ui_home_assistant_c8fd3bb,,Home Assistant,Home Assistant,don't translate Home Assistant
ui_home_assistant_instances_b0de2f3,,Home Assistant instances,Home Assistant gadījumiem,don't translate Home Assistant
ui_home_assistant_will_be_unavailable_briefly_while_it_restar_df30b45,,Home Assistant will be unavailable briefly while it restarts. Administrator access is required.,Restartēšanas laikā Home Assistant īslaicīgi nebūs pieejams. Nepieciešama administratora piekļuve.,don't translate Home Assistant
ui_home_security_aa534f2,,HOME SECURITY,MĀJAS DROŠĪBA,
ui_home_wi_fi_names_comma_separated_b71c6ab,,Home Wi-Fi names (comma separated),Mājas Wi-Fi nosaukumi (atdalīti ar komatu),
ui_hourly_forecast_50f6c9c,,Hourly forecast,Stundu prognoze,
ui_how_this_control_communicates_state_ad17a3d,,How this control communicates state,Kā šī vadīkla paziņo stāvokli,
ui_how_this_icon_animates_while_the_device_is_active_dffdaf5,,"How this icon animates while the device is active. ""Auto"" follows the global setting; the rest override it for this icon.","Kā šī ikona tiek animēta, kamēr ierīce ir aktīva. ""Auto"" seko globālajam iestatījumam; pārējais ignorē to šai ikonai.",
ui_http_homeassistant_local_8123_67b2235,,http://homeassistant.local:8123,http://homeassistant.local:8123,
ui_http_url_relative_path_or_webrtc_name_e_g_dfc56c4,,"HTTP URL, relative path, or WebRTC name (e.g., url: poort_hd)","HTTP URL, relatīvais ceļš vai WebRTC nosaukums (piemēram, URL: poort_hd)",
ui_https_1a66279,,https://…,https://…,
ui_https_example_ui_nabu_casa_4d97501,,https://example.ui.nabu.casa,https://example.ui.nabu.casa,
ui_humidifiers_aa38e2a,,Humidifiers,Mitrinātāji,
ui_humidifiers_are_found_automatically_from_the_humidifier_do_0717429,,Humidifiers are found automatically from the humidifier domain; add extra entities here if any are missing.,"Mitrinātāji tiek automātiski atrasti no mitrinātāju domēna; pievienojiet šeit papildu entītijas, ja tādu trūkst.",
ui_humidifying_5d5f6c5,,Humidifying,Mitrinošs,
ui_humidity_65adb9c,,Humidity,Mitrums,
ui_humidity_control_devices_c7e4846,,Humidity control devices,Mitruma kontroles ierīces,
ui_humidity_sensor_graphed_in_activity_5b792e1,,Humidity sensor (graphed in Activity),Mitruma sensors (grafiski attēlots sadaļā Darbība),
ui_icon_716f63b,,Icon,Ikona,
ui_icon_animation_5b1faae,,Icon animation,Ikonu animācija,
ui_icon_animations_and_effects_db0dea4,,Icon animations and effects,Ikonu animācijas un efekti,
ui_icon_eeaa97d,,Icon: %1$s,Ikona: %1$s,app fills in %1$s — keep them
ui_icon_feedback_180b871,,Icon & feedback,Ikona un atsauksmes,
ui_icons_edb8f6c,,Icons,Ikonas,
ui_identity_7e5a975,,Identity,Identitāte,
ui_identity_and_connection_bee53f8,,Identity and connection,Identitāte un savienojums,
ui_identity_presentation_indicators_and_maintenance_d46fbf4,,"Identity, presentation, indicators, and maintenance","Identitāte, prezentācija, rādītāji un uzturēšana",
ui_idle_cc1ebdd,,Idle,Dīkstāvē,
ui_image_50e19fd,,Image,Attēls,
ui_image_style_size_shape_and_background_40c17b6,,"Image style, size, shape, and background","Attēla stils, izmērs, forma un fons",
ui_image_url_or_path_ddd8d74,,Image URL or path,Attēla URL vai ceļš,
ui_import_d6fbc9d,,Import,Importēt,
ui_import_entities_that_have_not_been_edited_or_remove_6edde59,,"Import entities that have not been edited, or remove all climate edits and import from scratch.","Importējiet entītijas, kas nav rediģētas, vai noņemiet visus klimata labojumus un importējiet no jauna.",
ui_import_entities_that_have_not_been_edited_or_remove_9851b28,,"Import entities that have not been edited, or remove all security edits and import from scratch.","Importējiet entītijas, kas nav rediģētas, vai noņemiet visus drošības labojumus un importējiet no jauna.",
ui_import_from_family_f9eb88d,,Import from family,Imports no ģimenes,
ui_import_only_rooms_and_entities_that_have_not_been_478d449,,"Import only rooms and entities that have not been edited, or remove all edited rooms and floors and import everything from scratch.","Importējiet tikai telpas un entītijas, kas nav rediģētas, vai noņemiet visas rediģētās telpas un stāvus un importējiet visu no jauna.",
ui_import_only_rooms_that_have_not_been_edited_or_d59bee5,,"Import only rooms that have not been edited, or rebuild everything. Rebuilding removes all edited rooms and floors before importing them from scratch.","Importējiet tikai telpas, kas nav rediģētas, vai pārbūvējiet visu. Veicot pārbūvi, tiek noņemtas visas rediģētās telpas un stāvi, pirms tie tiek importēti no jauna.",
ui_import_sensors_with_device_class_battery_and_unit_of_dfaced9,,Import sensors with device_class battery and unit_of_measurement %.,Importējiet sensorus ar ierīces_klases akumulatoru un mērvienību %.,
ui_import_settings_that_have_not_been_edited_or_remove_2fc3850,,"Import settings that have not been edited, or remove all energy edits and import from scratch.","Importējiet iestatījumus, kas nav rediģēti, vai noņemiet visus enerģijas labojumus un importējiet no jauna.",
ui_import_unedited_4a58143,,Import unedited,Importēt nerediģētu,
ui_imported_stacks_cannot_be_removed_in_auto_mode_hide_608f9ed,,"Imported stacks cannot be removed in auto mode. Hide the stack instead, or take over / switch to manual mode to delete it permanently.","Importētās kopas nevar noņemt automātiskajā režīmā. Tā vietā paslēpiet kopu vai pārņemiet/pārslēdzieties uz manuālo režīmu, lai to neatgriezeniski izdzēstu.",
ui_importing_820599d,,Importing…,Notiek importēšana…,
ui_importing_areas_and_entities_from_home_assistant_0e50b82,,Importing areas and entities from Home Assistant…,Notiek apgabalu un entītiju importēšana no Home Assistant…,don't translate Home Assistant
ui_incoming_outgoing_1815915,,%1$s incoming · %2$s outgoing%3$s,%1$s ienākošais · %2$s izejošais%3$s,app fills in %1$s %2$s %3$s — keep them
ui_incoming_outgoing_49b9c0b,,%1$s incoming · %2$s outgoing,%1$s ienākošais · %2$s izejošais,app fills in %1$s %2$s — keep them
ui_incorrect_pin_2de1d18,,Incorrect PIN,Nepareizs PIN,
ui_increase_5a7fecf,,Increase,Palielināt,
ui_individual_water_usage_21dd78c,,Individual water usage,Individuāls ūdens patēriņš,
ui_individual_widgets_ff1526f,,Individual widgets,Atsevišķi logrīki,
ui_indoor_average_53abf03,,INDOOR AVERAGE,VIDĒJĀ IEKŠPĀRĀ,
ui_indoor_comfort_7060319,,Indoor comfort,Iekštelpu komforts,
ui_instance_name_e98a2eb,,Instance name,Gadījuma nosaukums,
ui_interactions_0b3583e,,Interactions,Mijiedarbība,
ui_internal_url_acab9b2,,Internal URL,Iekšējais URL,
ui_interval_seconds_eaeeb46,,Interval seconds,Intervāls sekundes,
ui_is_c24d775,, is,ir,keep the space at the start/end
ui_item_corner_roundness_5032003,,Item corner roundness,Priekšmeta stūra apaļums,
ui_items_cabff0b,,%1$s items,%1$s vienumi,app fills in %1$s — keep them
ui_k_df46805,,%1$sK,%1$sK,app fills in %1$s — keep them
ui_keep_existing_edits_or_remove_all_battery_edits_and_acc0236,,"Keep existing edits, or remove all battery edits and import from scratch.",Saglabājiet esošos labojumus vai noņemiet visus akumulatora labojumus un importējiet no jauna.,
ui_keep_only_the_title_right_header_pill_and_back_7777651,,"Keep only the title, right header pill, and back button when a page has one.","Saglabājiet tikai virsrakstu, labās puses galvenes tableti un pogu Atpakaļ, ja lapai tāda ir.",
ui_keeps_a_connection_to_home_assistant_for_instant_notificat_ecaee7d,,Keeps a connection to Home Assistant for instant notifications,Saglabā savienojumu ar Home Assistant tūlītējiem paziņojumiem,don't translate Home Assistant
ui_keeps_presence_detection_and_zone_automations_working_andr_c48598a,,Keeps presence detection and zone automations working. Android should show ‘Allow all the time’.,Uztur klātbūtnes noteikšanas un zonu automatizācijas darbību. Android ierīcē ir jāparāda “Atļaut visu laiku”.,
ui_keeps_your_device_location_updated_in_home_assistant_e295875,,Keeps your device location updated in Home Assistant,Jūsu ierīces atrašanās vieta tiek atjaunināta Home Assistant,don't translate Home Assistant
ui_km_h_ede7178,,%1$s km/h,%1$s km/h,app fills in %1$s — keep them
ui_languages_and_frameworks_used_by_the_android_app_fb4ac97,,Languages and frameworks used by the Android app,Android lietotnē izmantotās valodas un ietvari,
ui_last_backup_05509f8,,Last backup %1$s,Pēdējā dublēšana %1$s,app fills in %1$s — keep them
ui_last_h_3faaee1,,Last %1$sh,Pēdējās %1$sh,app fills in %1$s — keep them
ui_last_run_b27f32a,,Last run %1$s,Pēdējais skrējiens %1$s,app fills in %1$s — keep them
ui_layout_972ad8d,,Layout,Izkārtojums,
ui_leave_a_tip_5f90f10,,Leave a tip,Atstājiet dzeramnaudu,
ui_leave_empty_to_use_the_home_assistant_name_f769e92,,Leave empty to use the Home Assistant name,"Atstājiet tukšu, lai izmantotu Home Assistant nosaukumu",don't translate Home Assistant
ui_leave_this_empty_for_local_only_access_add_an_cc6bf85,,Leave this empty for local-only access. Add an external or Nabu Casa URL to use HKI 7 away from home.,"Lai piekļūtu tikai vietējai, atstājiet šo lauku tukšu. Pievienojiet ārēju vai Nabu Casa URL, lai izmantotu HKI 7 prom no mājām.","don't translate Nabu Casa, HKI 7"
ui_left_8ae1c34,,Left,Pa kreisi,
ui_left_side_overflows_right_fc8533c,,Left side overflows right,Kreisā puse pārplūst pa labi,
ui_less_526cb74,,Less,Mazāk,
ui_let_hki_7_create_the_first_version_for_you_dc36439,,Let HKI 7 create the first version for you.,Ļaujiet HKI 7 izveidot jums pirmo versiju.,don't translate HKI 7
ui_let_this_person_enter_edit_mode_667df39,,Let this person enter edit mode,Ļaujiet šai personai pāriet rediģēšanas režīmā,
ui_level_7c7f5d0,,Level,Līmenis,
ui_level_unavailable_a442183,,Level unavailable,Līmenis nav pieejams,
ui_license_3229609,,License,Licence,
ui_light_is_turned_off_ebc0cf1,,Light is turned off,Gaisma ir izslēgta,
ui_lines_c6fd387,,Lines,Līnijas,
ui_link_a_device_to_auto_fill_the_humidifier_s_6f65010,,"Link a device to auto-fill the humidifier's helper entities, or set them by hand","Saistiet ierīci, lai automātiski aizpildītu mitrinātāja palīgelementus, vai iestatiet tos ar roku",
ui_link_a_speed_control_197d75a,,Link a speed control,Saistiet ātruma kontroli,
ui_linked_speed_control_optional_95fd680,,Linked speed control (optional),Saistītā ātruma kontrole (pēc izvēles),
ui_live_65c821a,,Live,Tiešraidē,
ui_live_6990f01,,LIVE,LIVE,
ui_live_indicators_11ef687,,Live indicators,Dzīvie indikatori,
ui_live_power_sensors_imported_from_home_assistant_s_configur_1b926f2,,Live power sensors imported from Home Assistant's configured Energy devices.,"Strāvas jaudas sensori, kas importēti no Home Assistant konfigurētajām enerģijas ierīcēm.",don't translate Home Assistant
ui_loading_actions_260b0c0,,Loading actions…,Notiek darbību ielāde…,
ui_loading_actions_877bfd9,,Loading actions...,Notiek darbību ielāde...,
ui_loading_camera_50a8065,,Loading camera…,Notiek kameras ielāde…,
ui_loading_device_a3fda88,,Loading device...,Notiek ierīces ielāde...,
ui_local_file_576d5ac,,Local file,Vietējais fails,
ui_local_network_optional_42aba01,,Local network (optional),Vietējais tīkls (pēc izvēles),
ui_local_only_05ed059,,Local Only,Tikai vietējais,
ui_locating_e46bab0,,Locating…,Notiek atrašanās vietas noteikšana…,
ui_location_access_3b68001,,Location access,Piekļuve atrašanās vietai,
ui_location_d219c68,,Location,Atrašanās vieta,
ui_location_unavailable_3a57dda,,Location Unavailable,Atrašanās vieta nav pieejama,
ui_lock_c37eb4c,,LOCK,LOCK,
ui_locked_a798882,,Locked,Bloķēts,
ui_locks_the_screen_to_its_highest_refresh_rate_while_585256f,,Locks the screen to its highest refresh rate while the app is open (uses more battery).,"Bloķē ekrānu uz tā augstāko atsvaidzes intensitāti, kamēr lietotne ir atvērta (patērē vairāk akumulatora).",
ui_log_in_again_1ee6e18,,Log in again,Piesakieties vēlreiz,
ui_logging_in_again_keeps_your_dashboard_and_settings_9a8ed6f,,Logging in again keeps your dashboard and settings.,"Atkārtoti piesakoties, tiek saglabāts informācijas panelis un iestatījumi.",
ui_logo_url_or_ha_local_path_optional_e795f06,,Logo URL or HA/local path (optional),Logotipa URL vai HA/lokālais ceļš (neobligāti),
ui_logout_keep_config_32a0cfb,,Logout (Keep Config),Atteikties (Keep Config),
ui_low_a124947,,Low,Zems,
ui_low_ba7cae2,,%1$s low,%1$s zems,app fills in %1$s — keep them
ui_low_batteries_41d22d9,,%1$s low batteries,%1$s zems bateriju līmenis,app fills in %1$s — keep them
ui_low_plan_a_replacement_34435da,,Low — plan a replacement,Zems — plānojiet nomaiņu,
ui_low_threshold_1ecfd8b,,Low threshold (%),Zemais slieksnis (%),
ui_lunar_phase_301b75e,,Lunar phase,Mēness fāze,
ui_mail_92379cb,,Mail,Pasts,
ui_maintenance_94de303,,Maintenance,Apkope,
ui_manage_items_d854c4b,,Manage items,Pārvaldīt vienumus,
ui_manage_order_411f2d9,,Manage order,Pārvaldīt pasūtījumu,
ui_managed_by_an_admin_805ae65,,Managed by an admin,Pārvalda administrators,
ui_manual_configuration_only_selected_entities_and_devices_ar_10e150b,,Manual configuration: only selected entities and devices are shown.,Manuāla konfigurācija: tiek rādītas tikai atlasītās entītijas un ierīces.,
ui_map_ab478f3,,Map,Karte,
ui_map_c5cc79f,,Map: %1$s,Karte: %1$s,app fills in %1$s — keep them
ui_map_camera_for_dialog_2bc4344,,Map camera (for dialog),Kartes kamera (dialogam),
ui_map_status_sensors_and_control_bindings_8cc2dbd,,"Map, status sensors, and control bindings","Karte, statusa sensori un vadības saites",
ui_map_unavailable_0ccd149,,Map unavailable,Karte nav pieejama,
ui_markdown_23e67fc,,Markdown,Markdown,
ui_matching_entities_are_added_automatically_by_home_assistan_07ebdac,,Matching entities are added automatically by Home Assistant device class. Add any missing or custom entities here.,Atbilstošās entītijas automātiski pievieno Home Assistant ierīču klasei. Šeit pievienojiet visas trūkstošās vai pielāgotās entītijas.,don't translate Home Assistant
ui_media_0c77aee,,Media,Plašsaziņas līdzekļi,
ui_media_browsing_isn_t_available_for_this_player_e068417,,Media browsing isn't available for this player.,Multivides pārlūkošana šim atskaņotājam nav pieejama.,
ui_media_library_b9c5845,,Media library,Multivides bibliotēka,
ui_media_players_a4b8cf2,,Media players,Multivides atskaņotāji,
ui_media_players_ec25525,,Media Players,Multivides atskaņotāji,
ui_messages_safety_and_portability_ee58dfe,,"Messages, safety, and portability","Ziņojumi, drošība un pārnesamība",
ui_messages_sent_to_this_device_via_home_assistant_s_87e4a32,,Messages sent to this device via\nHome Assistant's notify service appear here.,"Ziņojumi, kas nosūtīti uz šo ierīci, izmantojot\nŠeit parādās Home Assistant paziņojumu pakalpojums.",don't translate Home Assistant; \n = line break
ui_meteorological_tap_or_swipe_3f3d67e,,Meteorological · tap or swipe,Meteoroloģiskie · pieskarieties vai velciet,
ui_meter_readings_a3c12c4,,Meter readings,Skaitītāju rādījumi,
ui_mixed_climate_5d22eb9,,Mixed climate,Jaukts klimats,
ui_mm_ce9b88b,,%1$s mm,%1$s mm,app fills in %1$s — keep them
ui_mmm_d_9367bcf,,"%1$s, MMM d","%1$s, MMM d",app fills in %1$s — keep them
ui_mode_a7b93d2,,Mode,Režīms,
ui_modes_6fc3ca8,,MODES,REŽĪMI,
ui_modes_79f5b22,,Modes,Režīmi,
ui_monitoring_a814345,,Monitoring,Uzraudzība,
ui_moon_846b902,,Moon,Mēness,
ui_move_down_260ff8a,,Move down,Pārvietojieties uz leju,
ui_move_up_b4f57cd,,Move up,Pārvietojieties uz augšu,
ui_mozilla_public_license_2_0_mpl_2_0_4ec8335,,Mozilla Public License 2.0 (MPL-2.0),Mozilla publiskā licence 2.0 (MPL-2.0),
ui_multiple_climate_values_are_averaged_separate_sensor_value_cfccbf4,,Multiple climate values are averaged. Separate sensor values are averaged only when no climate source is selected.,"Tiek aprēķinātas vairākas klimata vērtības. Atsevišķu sensoru vērtības tiek aprēķinātas vidējās tikai tad, ja nav atlasīts neviens klimata avots.",
ui_mywifi_mywifi_5g_2a163c1,,"MyWiFi, MyWiFi-5G","MyWiFi, MyWiFi-5G",
ui_n_b51a607,,N,N,
ui_name_709a232,,Name,Vārds,
ui_name_a_z_257c1c4,,Name A-Z,Vārds A-Z,
ui_name_and_icon_shown_above_this_container_9076bde,,Name and icon shown above this container,Virs šī konteinera redzamais nosaukums un ikona,
ui_name_and_icon_shown_above_this_floor_3755eda,,Name and icon shown above this floor,Virs šī stāva parādīts nosaukums un ikona,
ui_name_and_icon_used_throughout_the_app_bed8e83,,Name and icon used throughout the app,Visā lietotnē izmantotais nosaukums un ikona,
ui_name_optional_9c9f03a,,Name (optional),Vārds (neobligāti),
ui_name_subtitle_and_navigation_icon_3f2e8c4,,"Name, subtitle, and navigation icon","Nosaukums, subtitri un navigācijas ikona",
ui_name_this_device_4d603e2,,Name this device,Nosauciet šo ierīci,
ui_name_width_and_icon_a4d694b,,"Name, width, and icon","Nosaukums, platums un ikona",
ui_name_z_a_daabfb6,,Name Z-A,Vārds Z-A,
ui_native_home_assistant_automations_always_in_sync_ae8941e,,"Native Home Assistant automations, always in sync","Vietējā Home Assistant automatizācija, vienmēr sinhronizēta",don't translate Home Assistant
ui_navigation_bar_e90e3de,,Navigation Bar,Navigācijas josla,
ui_network_routes_for_1d18efd,,Network routes for %1$s,Tīkla maršruti %1$s,app fills in %1$s — keep them
ui_never_sent_to_the_developer_or_to_any_third_f0479e9,,"never sent to the developer or to any third party, and you can turn this ","nekad nav nosūtīts izstrādātājam vai kādai trešajai pusei, un jūs varat to pārvērst",keep the space at the start/end
ui_never_triggered_c91b347,,Never triggered,Nekad nav aktivizēts,
ui_new_dashboard_4d3c071,,New Dashboard,Jauns informācijas panelis,
ui_new_floor_1389094,,New floor,Jauna grīda,
ui_new_flow_d4cef94,,New flow,Jauna plūsma,
ui_next_camera_14994be,,Next camera,Nākamā kamera,
ui_no_active_parcels_or_mail_6c9d49c,,No active parcels or mail.,Nav aktīvu paku vai pasta.,
ui_no_activity_in_this_period_5cb3978,,No activity in this period,Šajā periodā nav aktivitāšu,
ui_no_adaptive_lighting_profiles_are_currently_available_6d29642,,No Adaptive Lighting profiles are currently available.,Pašlaik nav pieejams neviens adaptīvā apgaismojuma profils.,
ui_no_air_purifiers_configured_add_fan_entities_under_climate_fd229a8,,No air purifiers configured. Add fan entities under Climate Settings → Climate Entities → Air purifiers.,Nav konfigurēts neviens gaisa attīrītājs. Pievienojiet ventilatora vienības sadaļā Klimata iestatījumi → Klimata entītijas → Gaisa attīrītāji.,
ui_no_alarm_585ad82,,No alarm,Nav modinātāja,
ui_no_announced_letters_4382408,,No announced letters.,Nav paziņotu vēstuļu.,
ui_no_archived_notifications_ed5604b,,No archived notifications,Nav arhivētu paziņojumu,
ui_no_battery_entities_found_turn_off_battery_filtering_to_dfbc403,,No Battery+ entities found. Turn off Battery+ filtering to show all battery sensors.,"Battery+ entītijas nav atrastas. Izslēdziet Battery+ filtrēšanu, lai parādītu visus akumulatora sensorus.",
ui_no_battery_sensors_found_7cc0962,,No battery sensors found.,Nav atrasts neviens akumulatora sensors.,
ui_no_camera_selected_717ad35,,No camera selected,Nav atlasīta neviena kamera,
ui_no_carbon_intensity_sensor_found_on_this_device_140bf09,,No carbon intensity sensor found on this device,Šajā ierīcē nav atrasts oglekļa intensitātes sensors,
ui_no_cards_yet_open_the_stack_settings_to_pick_021dada,,No cards yet — open the stack settings to pick energy cards.,"Vēl nav kartīšu — atveriet kaudzes iestatījumus, lai izvēlētos enerģijas kartes.",
ui_no_cards_yet_open_the_stack_settings_to_pick_ca8008f,,No cards yet — open the stack settings to pick climate cards.,"Vēl nav karšu — atveriet kaudzes iestatījumus, lai izvēlētos klimata kartes.",
ui_no_climate_data_37d45e0,,No climate data,Nav datu par klimatu,
ui_no_climate_devices_found_thermostats_and_ac_units_from_2e47541,,No climate devices found. Thermostats and AC units from Home Assistant appear here automatically.,Nav atrasta neviena klimata ierīce. Šeit automātiski tiek parādīti termostati un maiņstrāvas ierīces no Home Assistant.,don't translate Home Assistant
ui_no_collections_in_the_next_7_days_6d48bf4,,No collections in the next 7 days.,Nākamo 7 dienu laikā nav nevienas kolekcijas.,
ui_no_conditions_this_flow_always_continues_c95e76f,,No conditions — this flow always continues,Bez nosacījumiem — šī plūsma vienmēr turpinās,
ui_no_dashboards_have_been_shared_with_you_yet_ask_38b2c0d,,"No dashboards have been shared with you yet. Ask an admin to share one, or pick another option above.",Ar jums vēl nav kopīgots neviens informācijas panelis. Lūdziet administratoram kopīgot vienu vai izvēlieties citu opciju iepriekš.,
ui_no_dashboards_have_been_shared_with_you_yet_ask_877080a,,No dashboards have been shared with you yet. Ask an admin to share one.,Ar jums vēl nav kopīgots neviens informācijas panelis. Palūdziet administratoram kopīgot to.,
ui_no_data_d802d23,,No data,Nav datu,
ui_no_door_sensor_f6b60c8,,No door sensor,Nav durvju sensora,
ui_no_energy_sensors_found_eeecdec,,No energy sensors found.,Netika atrasts neviens enerģijas sensors.,
ui_no_events_e339ba7,,No events,Nav notikumu,
ui_no_fans_found_fan_entities_from_home_assistant_appear_279dab7,,No fans found. Fan entities from Home Assistant appear here automatically.,Nav atrasts neviens fans. Fanu entītijas no Home Assistant šeit parādās automātiski.,don't translate Home Assistant
ui_no_forecast_available_ed48809,,No forecast available,Prognoze nav pieejama,
ui_no_graphs_yet_open_the_stack_settings_to_add_87f742f,,No graphs yet — open the stack settings to add sensor graphs.,"Vēl nav diagrammu — atveriet steka iestatījumus, lai pievienotu sensoru diagrammas.",
ui_no_heading_162947f,,No heading,Nav virsraksta,
ui_no_hourly_forecast_available_9ef5a5f,,No hourly forecast available,Stundu prognoze nav pieejama,
ui_no_humidifiers_found_humidifier_entities_from_home_assista_eeadbd7,,No humidifiers found. Humidifier entities from Home Assistant appear here automatically; extras can be added in Climate Settings.,Nav atrasts neviens mitrinātājs. Šeit automātiski parādās gaisa mitrinātāja elementi no Home Assistant; Ekstras var pievienot klimata iestatījumos.,don't translate Home Assistant
ui_no_individual_water_devices_configured_d0060ba,,No individual water devices configured.,Nav konfigurētas atsevišķas ūdens ierīces.,
ui_no_letter_image_available_eeb42c0,,No letter image available,Nav pieejams burtu attēls,
ui_no_map_camera_configured_d72057b,,No map camera\nconfigured,Nav kartes kameras\nkonfigurēts,\n = line break
ui_no_map_camera_set_configure_in_button_settings_b54466c,,No map camera set.\nConfigure in button settings.,Nav iestatīta kartes kamera.\nKonfigurējiet pogu iestatījumos.,\n = line break
ui_no_matches_cd0af6c,,No matches,Nav nevienas spēles,
ui_no_matching_automations_4489522,,No matching automations,Nav atbilstošas automatizācijas,
ui_no_media_players_found_1248a89,,No media players found.,Nav atrasts neviens multivides atskaņotājs.,
ui_no_native_home_assistant_automations_found_725a043,,No native Home Assistant automations found,Nav atrasta neviena vietējā Home Assistant automatizācija,don't translate Home Assistant
ui_no_non_admin_users_found_on_this_home_assistant_e9e665d,,No non-admin users found on this Home Assistant.,"Šajā Home Assistant nav atrasts neviens lietotājs, kas nav administrators.",don't translate Home Assistant
ui_no_notifications_a72159d,,No Notifications,Nav paziņojumu,
ui_no_notifications_b08626f,,No notifications,Nav paziņojumu,
ui_no_options_available_7a19b6d,,No options available,Nav pieejamas nekādas opcijas,
ui_no_other_entities_on_this_device_fbc481b,,No other entities on this device.,Šajā ierīcē nav citu entītiju.,
ui_no_other_users_found_on_this_home_assistant_cb89d3d,,No other users found on this Home Assistant.,Šajā Home Assistant nav atrasts neviens cits lietotājs.,don't translate Home Assistant
ui_no_parcel_selected_922a402,,No parcel selected,Nav izvēlēta neviena pakotne,
ui_no_parcels_cf4c0a0,,No %1$s parcels.,Nav %1$s paku.,app fills in %1$s — keep them
ui_no_phase_sensors_configured_in_energy_settings_b88c1dc,,No phase sensors configured in Energy Settings.,Enerģijas iestatījumos nav konfigurēts neviens fāzes sensors.,
ui_no_power_sensors_found_caf2e07,,No power sensors found.,Nav atrasts neviens jaudas sensors.,
ui_no_power_sensors_found_on_this_device_or_its_942e9be,,No power sensors found on this device (or its sub-devices) yet.,Šajā ierīcē (vai tās apakšierīcēs) vēl nav atrasts neviens jaudas sensors.,
ui_no_profile_available_98d6e00,,No profile available,Profils nav pieejams,
ui_no_sensors_found_edacf22,,No %1$s sensors found.,Nav atrasts neviens %1$s sensors.,app fills in %1$s — keep them
ui_no_sensors_selected_open_the_widget_settings_in_edit_cd87a2e,,No sensors selected — open the widget settings in edit mode.,Nav atlasīts neviens sensors — atveriet logrīka iestatījumus rediģēšanas režīmā.,
ui_no_servers_found_yet_make_sure_you_re_on_7e6832d,,"No servers found yet. Make sure you're on the same Wi-Fi, or enter the address below.","Vēl nav atrasts neviens serveris. Pārliecinieties, vai izmantojat to pašu Wi-Fi, vai ievadiet tālāk norādīto adresi.",
ui_no_speed_control_linked_cb0e9ad,,No speed control linked,Nav pievienota ātruma kontrole,
ui_no_status_history_enable_parcel_history_in_the_integration_302ca4a,,No status history (enable parcel history in the integration options),Nav statusa vēstures (integrācijas opcijās iespējojiet paku vēsturi),
ui_no_stream_available_0535c4e,,No stream available,Nav pieejama neviena straume,
ui_no_stream_available_6bfd14a,,No Stream Available,Straume nav pieejama,
ui_no_supported_alarm_modes_reported_by_this_entity_588b22a,,No supported alarm modes reported by this entity,Šī entītija nav ziņojusi par atbalstītiem trauksmes režīmiem,
ui_no_target_f919b89,,No target,Nav mērķa,
ui_no_tariff_sensors_configured_in_energy_settings_2ad6a3c,,No tariff sensors configured in Energy Settings.,Enerģijas iestatījumos nav konfigurēts neviens tarifu sensors.,
ui_no_thanks_6d745b3,,No thanks,"Nē, paldies",
ui_no_upcoming_collections_feff2a6,,No upcoming collections,Nav gaidāmo kolekciju,
ui_no_waste_sensors_selected_68b51ce,,No waste sensors selected,Nav atlasīts neviens atkritumu sensors,
ui_no_waste_sensors_selected_add_them_via_the_widget_554ff3d,,No waste sensors selected. Add them via the widget settings in edit mode.,"Nav atlasīts neviens atkritumu sensors. Pievienojiet tos, izmantojot logrīka iestatījumus rediģēšanas režīmā.",
ui_no_weather_cards_ce32255,,No weather cards,Nav laika karšu,
ui_no_weather_entity_available_7476bcb,,No weather entity available,Nav pieejama laikapstākļu vienība,
ui_no_widgets_match_73a3c20,,"No widgets match ""%1$s""","Neviens logrīks neatbilst ""%1$s""",app fills in %1$s — keep them
ui_none_6eef664,,None,Nav,
ui_none_auto_cc8786f,,None / Auto,Nav / Auto,
ui_none_modes_stay_as_the_only_control_b62bff7,,None — modes stay as the only control,Nav — režīmi paliek kā vienīgā vadība,
ui_none_of_your_configured_carriers_support_adding_a_parcel_21dc0a4,,"None of your configured carriers support adding a parcel by tracking number. Account-based carriers (PostNL, DPD, DHL) only track what's already in your account.","Neviens no jūsu konfigurētajiem pārvadātājiem neatbalsta pakas pievienošanu pēc izsekošanas numura. Konta operatori (PostNL, DPD, DHL) izseko tikai to, kas jau ir jūsu kontā.",
ui_none_selected_5798946,,None selected,Nav atlasīts neviens,
ui_none_timer_follows_the_completion_time_only_09d470a,,None — timer follows the completion time only,Nav — taimeris seko tikai pabeigšanas laikam,
ui_not_enough_data_cdb9d58,,Not enough data,Nav pietiekami daudz datu,
ui_not_enough_data_in_this_period_48188c4,,Not enough data in this period,Šajā periodā nav pietiekami daudz datu,
ui_not_loaded_by_home_assistant_95f811a,,Not loaded by Home Assistant,Nav ielādējis Home Assistant,don't translate Home Assistant
ui_not_set_93039e6,,Not set,Nav iestatīts,
ui_nothing_here_7f42022,,Nothing here.,Šeit nekas.,
ui_nothing_hidden_fd1cdd3,,Nothing hidden,Nekas nav slēpts,
ui_nothing_is_shared_yet_fca61d0,,Nothing is shared yet.,Pagaidām nekas nav kopīgots.,
ui_nothing_removed_d67902f,,Nothing removed.,Nekas nav noņemts.,
ui_nothing_removed_use_edit_mode_on_the_climate_page_dd07910,,Nothing removed. Use edit mode on the Climate page to remove cards; they land here and can be restored.,"Nekas nav noņemts. Izmantojiet rediģēšanas režīmu lapā Klimats, lai noņemtu kartītes; tie nolaižas šeit un var tikt atjaunoti.",
ui_nothing_to_reorder_yet_cdcbb36,,Nothing to reorder yet.,Pagaidām nekas nav jāpārsūta.,
ui_notification_c18f8f2,,Notification,Paziņojums,
ui_notifications_753a22b,,Notifications,Paziņojumi,
ui_notifications_are_delivered_over_the_app_s_live_connection_d2aa965,,Notifications are delivered over the app's live connection whenever it is open — send them from Home Assistant with the notify service for this device. Swipe in from the left edge to see the history.,"Paziņojumi tiek piegādāti, izmantojot lietotnes tiešraides savienojumu, kad tā ir atvērta — nosūtiet tos no Home Assistant, izmantojot šīs ierīces paziņojumu pakalpojumu. Velciet uz iekšu no kreisās malas, lai skatītu vēsturi.",don't translate Home Assistant
ui_now_e3b8204,,Now,Tagad,
ui_of_3_enabled_5cdedd4,,%1$s of 3 enabled,%1$s no 3 ir iespējots,app fills in %1$s — keep them
ui_of_home_fdfd824,,%1$s%% of home,%1$s%% mājas,app fills in %1$s — keep them
ui_off_ad50489,,OFF,IZSLĒGTS,
ui_off_at_any_time_in_android_settings_4607e2c,,off at any time in Android settings.,jebkurā laikā izslēdziet Android iestatījumos.,
ui_off_e3de5ab,,Off,Izslēgts,
ui_ok_9ce3bd4,,OK,Labi,
ui_on_12469c7,,On - %1$s%%,Ieslēgts — %1$s%%,app fills in %1$s — keep them
ui_on_387d7a5,,ON,IESL,
ui_on_e0049a6,,On,Ieslēgts,
ui_on_f9ca2fe,,%1$s%% • ON,%1$s%% • IESL,app fills in %1$s — keep them
ui_on_these_wi_fi_networks_the_app_connects_via_82d3f1f,,On these Wi-Fi networks the app connects via the internal URL; everywhere else it uses the main server URL above.,"Šajos Wi-Fi tīklos lietotne izveido savienojumu, izmantojot iekšējo URL; visur citur tas izmanto iepriekš norādīto galvenā servera URL.",
ui_on_this_device_a7f9620,,On this device,Šajā ierīcē,
ui_onboard_step_fefaac1,,onboard_step,onboard_step,
ui_only_percentage_sensors_classified_by_home_assistant_as_ba_0d94a2a,,Only percentage sensors classified by Home Assistant as batteries are imported. ,"Tiek importēti tikai tie procentuālie sensori, kas Home Assistant klasificēti kā akumulatori.",don't translate Home Assistant; keep the space at the start/end
ui_only_show_battery_entities_and_include_battery_type_detail_b216867,,Only show Battery+ entities and include battery type details,Rādīt tikai Battery+ entītijas un iekļaut informāciju par akumulatora tipu,
ui_only_show_battery_entities_and_include_type_quantity_and_0d8ce40,,"Only show Battery+ entities and include type, quantity, and related battery info.","Rādīt tikai Battery+ entītijas un iekļaut veidu, daudzumu un saistīto akumulatora informāciju.",
ui_open_camera_full_screen_afc186b,,Open camera full screen,Atveriet kameru pilnekrāna režīmā,
ui_open_cf9b770,,Open,Atvērt,
ui_open_history_for_graph_ae801d5,,Open history for graph,Atvērt grafiku diagrammai,
ui_open_link_d2de1a2,,Open link,Atvērt saiti,
ui_open_source_and_premium_licensing_0328125,,Open-source and premium licensing,Atvērtā koda un augstākās kvalitātes licencēšana,
ui_open_the_component_on_github_c1e5ee5,,Open the component on GitHub,Atveriet komponentu vietnē GitHub,
ui_open_this_panel_by_swiping_left_from_the_upper_671e63c,,Open this panel by swiping left from the upper-right edge of any page header.,"Atveriet šo paneli, velkot pa kreisi no jebkuras lapas galvenes augšējās labās malas.",
ui_opening_dashboard_8e99930,,Opening dashboard…,Tiek atvērts informācijas panelis…,
ui_openstreetmap_fa78a33,,OpenStreetMap,OpenStreetMap,
ui_optional_context_shown_by_the_lock_card_03f6814,,Optional context shown by the lock card,"Izvēles konteksts, ko parāda bloķēšanas karte",
ui_optional_controls_and_sensors_for_richer_dialogs_7a80e7b,,Optional controls and sensors for richer dialogs,Papildu vadīklas un sensori bagātākiem dialogiem,
ui_optional_display_name_and_icon_override_f7a6cda,,Optional display name and icon override,Izvēles parādāmā nosaukuma un ikonas ignorēšana,
ui_optional_fields_passed_to_home_assistant_54dffc6,,Optional fields passed to Home Assistant,Neobligātie lauki nodoti Home Assistant,don't translate Home Assistant
ui_optional_label_shown_when_name_is_enabled_above_8229e92,,"Optional label shown when ""Name"" is enabled above","Ja iepriekš ir iespējota opcija “Vārds”, tiek rādīta izvēles iezīme",
ui_optional_name_and_icon_overrides_5dfd062,,Optional name and icon overrides,Izvēles nosaukuma un ikonas ignorēšana,
ui_optional_name_and_icon_shown_above_this_stack_272f237,,Optional name and icon shown above this stack,"Neobligāts nosaukums un ikona, kas parādīta virs šīs kaudzes",
ui_optional_premium_5ae8183,,Optional Premium,Izvēles Premium,
ui_optional_support_for_development_and_testing_costs_5d6af95,,Optional support for development and testing costs,Izvēles atbalsts izstrādes un testēšanas izmaksām,
ui_optional_title_and_dashboard_width_e04c6e8,,Optional title and dashboard width,Neobligāts nosaukums un informācijas paneļa platums,
ui_optional_title_width_and_supported_shape_8b2e456,,"Optional title, width, and supported shape","Neobligāts nosaukums, platums un atbalstītā forma",
ui_options_6bf5da9,,Options,Iespējas,
ui_organization_519255a,,Organization,Organizācija,
ui_oscillate_3d3c9bd,,Oscillate,Svārstīties,
ui_outside_cbbef8c,,OUTSIDE,ĀRĀ,
ui_outside_is_never_auto_detected_either_link_a_weather_eb8cc14,,"Outside is never auto-detected. Either link a weather entity (it usually carries temperature, humidity and pressure) or pick individual outdoor sensors below. The temperature feeds the Outside tile and the hero's outside reading.","Ārpuse nekad netiek automātiski noteikta. Saistiet laikapstākļu objektu (tā parasti nodrošina temperatūru, mitrumu un spiedienu) vai tālāk izvēlieties atsevišķus āra sensorus. Temperatūra nodrošina Ārpuses elementu un varoņa ārējo rādījumu.",
ui_outside_weather_entity_98e8465,,Outside weather entity,Ārpus laikapstākļu vienība,
ui_page_areas_1068b64,,Page areas,Lapu apgabali,
ui_page_icon_b58a288,,Page icon,Lapas ikona,
ui_page_identity_dafa8dd,,Page identity,Lapas identitāte,
ui_page_name_c99f51a,,Page name,Lapas nosaukums,
ui_page_settings_0a44afc,,Page settings,Lapas iestatījumi,
ui_page_subtitle_8a04084,,Page subtitle,Lapas apakšvirsraksts,
ui_parcel_9ddaaee,,Parcel,Paciņa,
ui_parcels_16129ec,,Parcels,Pakas,
ui_parental_controls_c4f61d0,,Parental controls,Vecāku kontrole,
ui_parental_controls_dashboard_sharing_and_permissions_b74e0c0,,"Parental controls, dashboard sharing, and permissions","Vecāku kontrole, informācijas paneļa kopīgošana un atļaujas",
ui_parental_controls_sharing_needs_the_hki_7_cloud_component_7929459,,Parental controls & sharing — needs the HKI 7 Cloud component,Vecāku kontrole un koplietošana — nepieciešams komponents HKI 7 Cloud,don't translate HKI 7 Cloud
ui_pause_781961b,,Pause,Pauze,
ui_pause_adaptation_821b33e,,Pause adaptation,Pārtraukt adaptāciju,
ui_pending_timer_dbf15fa,,Pending timer,Gaidošais taimeris,
ui_people_b37554f,,People,Cilvēki,
ui_permission_needed_7c7a8e5,,Permission needed,Nepieciešama atļauja,
ui_permissions_d06d555,,Permissions,Atļaujas,
ui_person_settings_977e009,,Person settings,Personas iestatījumi,
ui_personal_information_used_throughout_hki_7_b7d1b08,,Personal information used throughout HKI 7,"Personiskā informācija, kas izmantota visā HKI 7",don't translate HKI 7
ui_personalize_7602b35,,Personalize,Personalizējiet,
ui_persons_order_9fe91dc,,Persons order,Personu pasūtījums,
ui_phase_17619b8,,Phase %1$s,%1$s fāze,app fills in %1$s — keep them
ui_pick_a_carbon_footprint_device_ea1fe94,,Pick a carbon footprint device,Izvēlieties oglekļa pēdas nospieduma ierīci,
ui_pick_a_device_to_auto_fill_the_sensors_below_f396326,,Pick a device to auto-fill the sensors below,"Izvēlieties ierīci, lai automātiski aizpildītu tālāk norādītos sensorus",
ui_pick_a_source_device_or_fine_tune_individual_roles_beb54f5,,Pick a source device or fine-tune individual roles,Izvēlieties avota ierīci vai precizējiet atsevišķas lomas,
ui_pick_a_starting_point_everything_remains_editable_340924e,,Pick a starting point; everything remains editable,Izvēlieties sākuma punktu; viss paliek rediģējams,
ui_pickup_b6da461,,Pickup: %1$s,Saņemšana: %1$s,app fills in %1$s — keep them
ui_pin_3adadd3,,PIN,PIN,
ui_place_this_room_in_the_correct_floor_group_52c044a,,Place this room in the correct floor group,Novietojiet šo telpu pareizajā stāvu grupā,
ui_placement_ab89d05,,Placement,Izvietojums,
ui_playback_c8e3087,,Playback,Atskaņošana,
ui_player_e53407c,,Player,Spēlētājs,
ui_players_summarized_by_the_room_header_and_card_729ea70,,Players summarized by the room header and card,Spēlētāji apkopoti pēc telpas galvenes un kartītes,
ui_please_wait_5afeca7,,Please wait…,"Lūdzu, uzgaidiet…",
ui_position_d0b0314,,POSITION,POZĪCIJA,
ui_postal_code_optional_b86b6a2,,Postal code (optional),Pasta indekss (pēc izvēles),
ui_power_c2b6b52,,POWER,SPĒKS,
ui_power_overview_a204dd7,,Power overview,Jaudas pārskats,
ui_power_per_phase_1f38fb0,,Power per phase,Jauda uz fāzi,
ui_precipitation_60d5e73,,Precipitation,Nokrišņi,
ui_premium_icon_packs_animated_icons_and_artwork_premium_them_6363fef,,"Premium icon packs, animated icons and artwork, premium themes, entitlement services, and any separately marked premium modules are not covered by MPL-2.0. They remain proprietary and are licensed for personal use through a valid Premium entitlement.","MPL-2.0 neattiecas uz Premium ikonu pakotnēm, animētām ikonām un mākslas darbiem, augstākās kvalitātes motīviem, tiesību pakalpojumiem un jebkuriem atsevišķi marķētiem premium moduļiem. Tie paliek īpašumā un ir licencēti personiskai lietošanai, izmantojot derīgas Premium tiesības.",
ui_presets_6891289,,PRESETS,IEPRIEKŠIESTATĪJUMI,
ui_presets_e709e76,,Presets,Sākotnējie iestatījumi,
ui_press_ea683ad,,Press,Nospiediet,
ui_prevents_android_from_delaying_battery_charging_and_presen_623b898,,"Prevents Android from delaying battery, charging, and presence updates while the device is idle.","Neļauj Android aizkavēt akumulatora, uzlādes un klātbūtnes atjauninājumus, kamēr ierīce ir dīkstāvē.",
ui_previous_camera_5014da7,,Previous camera,Iepriekšējā kamera,
ui_produced_5028c07,,Produced %1$s,Ražots %1$s,app fills in %1$s — keep them
ui_production_overview_fbbfc38,,Production overview,Ražošanas pārskats,
ui_profile_ff4fc02,,Profile,Profils,
ui_profile_switches_affect_every_light_assigned_to_19ba9ec,,Profile switches affect every light assigned to %1$s.,Profila slēdži ietekmē katru %1$s piešķirto gaismu.,app fills in %1$s — keep them
ui_profiles_0c2a930,,Profiles,Profili,
ui_project_information_licensing_and_community_support_9fc47d6,,"Project information, licensing, and community support","Informācija par projektu, licencēšana un kopienas atbalsts",
ui_publish_one_of_your_dashboards_to_your_family_recipients_88c1d49,,Publish one of your dashboards to your family. Recipients import it from Settings › Dashboard and can pull updates later. Set what they may change under Permissions.,"Publicējiet kādu no saviem informācijas paneļiem savai ģimenei. Adresāti to importē no Iestatījumi › Informācijas panelis un var iegūt atjauninājumus vēlāk. Sadaļā Atļaujas iestatiet, ko viņi var mainīt.",
ui_published_to_your_family_33fc8da,,Published to your family,Publicēts jūsu ģimenei,
ui_pulse_8439fc4,,pulse,pulss,
ui_pulsescale_939f5c2,,pulseScale,pulssSkala,
ui_push_delivery_and_history_aa3e29d,,Push delivery and history,Push piegāde un vēsture,
ui_push_my_changes_now_ddff3f6,,Push my changes now,Nospiediet manas izmaiņas tūlīt,
ui_pushing_3c52088,,Pushing…,Notiek stumšana…,
ui_quick_actions_e47e804,,Quick actions,Ātras darbības,
ui_quick_start_gesture_23ee6fe,,quick_start_gesture,quick_start_žestu,
ui_rain_0a858c9,,Rain,Lietus,
ui_rain_map_7c1862a,,Rain map,Lietus karte,
ui_rain_map_image_url_0c47012,,Rain map image URL,Lietus kartes attēla URL,
ui_rain_map_url_iframe_3f22653,,Rain map URL (iframe),Lietus kartes URL (iframe),
ui_re_import_batteries_9473d07,,Re-import batteries,Atkārtoti importējiet akumulatorus,
ui_re_import_batteries_f3b8458,,Re-import Batteries,Atkārtoti importējiet akumulatorus,
ui_re_import_climate_3ed098c,,Re-import climate,Reimportēt klimatu,
ui_re_import_climate_f7f5678,,Re-import Climate,Atkārtoti importēt klimatu,
ui_re_import_energy_9e66bbb,,Re-import Energy,Atkārtoti importēt enerģiju,
ui_re_import_energy_c0b0fcc,,Re-import energy,Atkārtoti importēt enerģiju,
ui_re_import_rooms_6cc58f9,,Re-import rooms,Reimportēt telpas,
ui_re_import_rooms_b49077d,,Re-import Rooms,Reimportēt telpas,
ui_re_import_security_411e76d,,Re-import Security,Atkārtoti importēt drošību,
ui_re_import_security_fcf0ad8,,Re-import security,Reimporta drošība,
ui_read_only_home_assistant_automation_46d25b7,,Read-only Home Assistant automation,Tikai lasāma Home Assistant automatizācija,don't translate Home Assistant
ui_read_the_full_mpl_2_0_4d68c7d,,Read the full MPL 2.0,Izlasiet visu MPL 2.0,
ui_ready_20c7c55,,Ready,Gatavs,
ui_receive_home_assistant_alerts_and_actionable_notifications_386435f,,Receive Home Assistant alerts and actionable notifications on this device.,Saņemiet Home Assistant brīdinājumus un paziņojumus par darbībām šajā ierīcē.,don't translate Home Assistant
ui_recipes_create_regular_home_assistant_automations_you_can_a81bf72,,Recipes create regular Home Assistant automations. You can continue editing them in either HKI7 or Home Assistant.,Receptes rada regulāras Home Assistant automatizācijas. Varat turpināt to rediģēšanu HKI7 vai Home Assistant.,"don't translate Home Assistant, HKI7"
ui_recommended_e37d21e,,RECOMMENDED,IETEICAMS,
ui_recording_09b5b61,,Recording · ,Ierakstīšana ·,keep the space at the start/end
ui_refresh_56e3bad,,Refresh,Atsvaidzināt,
ui_refresh_connection_46966aa,,Refresh Connection,Atsvaidzināt savienojumu,
ui_refresh_interval_f086d9d,,Refresh interval,Atsvaidzināšanas intervāls,
ui_relock_after_4db5c55,,Relock after,Atslēdziet pēc tam,
ui_remote_access_is_ready_0e26b5a,,Remote access is ready.,Attālā piekļuve ir gatava.,
ui_remote_access_optional_75dd54d,,Remote access (optional),Attālā piekļuve (pēc izvēles),
ui_remove_436e1a0,,Remove %1$s?,Vai noņemt %1$s?,app fills in %1$s — keep them
ui_remove_avatar_58e0c56,,Remove avatar,Noņemt iemiesojumu,
ui_remove_e963907,,Remove,Noņemt,
ui_remove_edits_and_import_all_7f0b4a1,,Remove edits and import all,Noņemiet labojumus un importējiet visus,
ui_removed_entities_559c584,,Removed entities (%1$s),Noņemtās entītijas (%1$s),app fills in %1$s — keep them
ui_removed_entities_6dbeb2d,,Removed entities,Noņemtas entītijas,
ui_removed_entities_are_excluded_from_cards_graphs_tiles_and_628e91a,,"Removed entities are excluded from cards, graphs, tiles and averages. Tap ✕ to restore.","Noņemtās entītijas tiek izslēgtas no kartēm, grafikiem, elementiem un vidējiem rādītājiem. Pieskarieties ✕, lai atjaunotu.",
ui_rename_d3f4cb8,,Rename,Pārdēvēt,
ui_rename_dashboard_ceb1d6d,,Rename dashboard,Pārdēvēt informācijas paneli,
ui_rename_home_assistant_f1a0d6f,,Rename Home Assistant,Pārdēvēt Home Assistant,don't translate Home Assistant
ui_rename_players_and_choose_which_ones_may_show_the_212864f,,Rename players and choose which ones may show the mini player above the navigation bar while playing.,"Pārdēvējiet atskaņotājus un izvēlieties, kuri no tiem var rādīt mini atskaņotāju virs navigācijas joslas spēles laikā.",
ui_rename_players_and_mini_player_visibility_8d0e1f7,,Rename players and mini player visibility,Pārdēvējiet atskaņotājus un mini atskaņotāja redzamību,
ui_rendering_style_and_history_range_be872e9,,Rendering style and history range,Renderēšanas stils un vēstures diapazons,
ui_reorder_and_hide_tabs_39de701,,Reorder and hide tabs,Pārkārtot un paslēpt cilnes,
ui_reorder_cameras_b226c47,,Reorder cameras,Pārkārtot kameras,
ui_reorder_cards_147ed64,,Reorder cards,Pārkārtot kartes,
ui_reorder_devices_8bcc061,,Reorder devices,Pārkārtojiet ierīces,
ui_repeat_659eba1,,Repeat,Atkārtojiet,
ui_repeats_every_day_only_the_time_of_day_is_a71f502,,Repeats every day — only the time of day is used.,Atkārtojas katru dienu — tiek izmantots tikai diennakts laiks.,
ui_repeats_every_month_only_the_day_of_the_month_93ca445,,Repeats every month — only the day of the month and time are used.,Atkārtojas katru mēnesi — tiek izmantota tikai mēneša diena un laiks.,
ui_repeats_every_week_only_the_weekday_and_time_are_8f36757,,Repeats every week — only the weekday and time are used.,Atkārtojas katru nedēļu — tiek izmantota tikai nedēļas diena un laiks.,
ui_repeats_every_year_the_year_is_ignored_so_e_a661f32,,"Repeats every year — the year is ignored, so e.g. 24–26 Dec recurs each Christmas.","Atkārtojas katru gadu — gads tiek ignorēts, tāpēc piem. 24.–26. decembris atkārtojas katros Ziemassvētkos.",
ui_require_an_extra_gesture_or_pin_before_actions_run_19ae393,,Require an extra gesture or PIN before actions run,Pirms darbību veikšanas pieprasiet papildu žestu vai PIN,
ui_required_9100e2e,, (required),(obligāti),keep the space at the start/end
ui_required_state_bdc9c95,,Required state,Nepieciešamais stāvoklis,
ui_reset_44c57ab,,Reset,Atiestatīt,
ui_reset_everything_2d6cd07,,Reset Everything,Atiestatīt visu,
ui_restart_b134bd5,,Restart,Restartēt,
ui_restart_home_assistant_0206bf0,,Restart Home Assistant?,Vai restartēt Home Assistant?,don't translate Home Assistant
ui_restart_home_assistant_551322c,,Restart Home Assistant,Restartēt Home Assistant,don't translate Home Assistant
ui_restarting_b86eee1,,Restarting…,Notiek restartēšana…,
ui_restore_3cbe6d6,,Restore,Atjaunot,
ui_restore_backup_a65eaa8,,Restore backup,Atjaunot dublējumu,
ui_restore_from_cloud_52b6663,,Restore from cloud,Atjaunot no mākoņa,
ui_restore_from_home_assistant_13aec1d,,Restore from Home Assistant,Atjaunot no Home Assistant,don't translate Home Assistant
ui_resume_adaptation_ac73b12,,Resume adaptation,Atsākt adaptāciju,
ui_resume_b3bd0b5,,Resume,Atsākt,
ui_reverse_57f9933,,Reverse,Reverss,
ui_right_954daa8,,Right,Pareizi,
ui_right_side_overflows_left_d75893d,,Right side overflows left,Labā puse pārplūst pa kreisi,
ui_room_areas_584c8ee,,Room areas,Telpu zonas,
ui_room_climate_c57811d,,Room climate,Telpas klimats,
ui_room_name_8605e33,,Room name,Telpas nosaukums,
ui_room_scale_6602c22,,room-scale,telpas mērogā,
ui_rooms_3a28d6f,,Rooms,Istabas,
ui_rooms_are_imported_2ef3415,,Rooms are imported,Istabas ir importētas,
ui_rooms_in_auto_mode_are_imported_from_home_assistant_c583d84,,Rooms in auto mode are imported from Home Assistant. Switch to manual or take over the current dashboard to add widgets by hand.,"Telpas automātiskajā režīmā tiek importētas no Home Assistant. Pārslēdzieties uz manuālo vai pārņemiet pašreizējo informācijas paneli, lai ar roku pievienotu logrīkus.",don't translate Home Assistant
ui_rotation_acaf322,,rotation,rotācija,
ui_roundness_of_buttons_cards_and_widgets_3573fff,,"Roundness of buttons, cards and widgets","Pogu, karšu un logrīku apaļums",
ui_run_b1b3926,,Run,Skrien,
ui_run_mode_12ce660,,Run mode,Darbības režīms,
ui_running_state_entity_3c8ffde,,Running-state entity,Darbības stāvokļa vienība,
ui_s_02aa629,,S,S,
ui_s_are_81c69ca,,s are,s ir,
ui_s_refresh_10a9b0b,,%1$ss refresh,%1$ss atsvaidzināšana,app fills in %1$s — keep them
ui_save_efc007a,,Save,Saglabāt,
ui_save_in_home_assistant_eacb2ce,,Save in Home Assistant,Saglabāt Home Assistant,don't translate Home Assistant
ui_save_local_network_7f0247d,,Save Local Network,Saglabājiet vietējo tīklu,
ui_save_or_restore_dashboard_configuration_be8f39f,,Save or restore dashboard configuration,Saglabājiet vai atjaunojiet informācijas paneļa konfigurāciju,
ui_save_profile_f597c0e,,Save profile,Saglabāt profilu,
ui_save_remote_access_05740bc,,Save Remote Access,Saglabājiet attālo piekļuvi,
ui_saved_directly_in_the_native_automation_734f9ba,,Saved directly in the native automation,Saglabāts tieši vietējā automatizācijā,
ui_saving_56a2285,,Saving…,Notiek saglabāšana…,
ui_scanning_36c4a06,,Scanning…,Notiek skenēšana…,
ui_scheduled_1cd1bda,,Scheduled,Plānots,
ui_search_actions_9313854,,Search actions,Meklēšanas darbības,
ui_search_automations_9172ba9,,Search automations,Meklēšanas automatizācija,
ui_search_batteries_a63e58b,,Search batteries,Meklēt baterijas,
ui_search_bce0641,,Search,Meklēt,
ui_search_by_name_28abc03,,Search by name,Meklēt pēc nosaukuma,
ui_search_devices_2ce0b70,,Search devices,Meklēt ierīces,
ui_search_entities_7c70008,,Search entities,Meklēt entītijas,
ui_search_f54fbca,,Search…,Meklēt…,
ui_search_filters_3d10e32,,Search & filters,Meklēšana un filtri,
ui_search_sort_9fe6cb4,,Search & sort,Meklēt un kārtot,
ui_search_the_material_design_icon_library_2a2aa8d,,Search the Material Design icon library,Meklējiet materiālu dizaina ikonu bibliotēkā,
ui_search_widgets_9525879,,Search widgets,Meklēt logrīkus,
ui_season_62255f5,,Season,Sezona,
ui_season_card_flip_6683142,,season-card-flip,sezona-karte-uzsist,
ui_secondary_line_ca81690,,Secondary line,Sekundārā līnija,
ui_seconds_5fb1db5,,Seconds,Sekundes,
ui_securitydoor_929c4fc,,securityDoor,drošībasDurvis,
ui_securitygarage_499e9f7,,securityGarage,drošībaGarāža,
ui_securitygate_0743480,,securityGate,drošības vārti,
ui_securityhouse_08bd121,,securityHouse,drošības māja,
ui_securityphase_f4739f6,,securityPhase,drošības posms,
ui_securitypulse_5340cf8,,securityPulse,drošībaPulss,
ui_securitywindow_4619bf3,,securityWindow,drošības logs,
ui_select_0fc8ec5,,Select %1$s,Atlasiet %1$s,app fills in %1$s — keep them
ui_select_a_mode_to_continue_0426fc8,,Select a mode to continue,"Izvēlieties režīmu, lai turpinātu",
ui_select_an_effect_to_turn_it_on_75d9bec,,Select an effect to turn it on,"Izvēlieties efektu, lai to ieslēgtu",
ui_select_an_inverter_device_in_energy_settings_solar_to_4a0aade,,Select an inverter device in Energy Settings → Solar to list its inverters here.,"Izvēlieties invertora ierīci sadaļā Enerģijas iestatījumi → Saule, lai šeit uzskaitītu tās invertorus.",
ui_select_an_option_08d7aa3,,Select an option,Izvēlieties opciju,
ui_select_battery_devices_bfc9841,,Select Battery Devices,Atlasiet Akumulatora ierīces,
ui_select_battery_entities_b08b299,,Select Battery Entities,Atlasiet Battery Entities,
ui_select_battery_sensor_51f1222,,Select Battery Sensor,Izvēlieties Akumulatora sensors,
ui_select_calendars_and_the_view_shown_first_d5c38b5,,Select calendars and the view shown first,Izvēlieties kalendārus un vispirms parādīto skatu,
ui_select_calendars_e26b0da,,Select Calendars,Atlasiet Kalendāri,
ui_select_camera_70cf6fb,,Select Camera,Izvēlieties Kamera,
ui_select_climate_card_18f3b6e,,Select Climate Card,Izvēlieties Klimata karti,
ui_select_device_87a4751,,Select Device,Atlasiet Ierīce,
ui_select_door_sensor_f345fbf,,Select Door Sensor,Izvēlieties Durvju sensors,
ui_select_empty_bin_control_d992252,,Select Empty Bin Control,Atlasiet Empty Bin Control,
ui_select_energy_card_9b5bf0c,,Select Energy Card,Izvēlieties Enerģijas karti,
ui_select_entities_affed45,,Select Entities,Atlasiet Entītijas,
ui_select_entity_4b3713e,,Select Entity,Atlasiet entītija,
ui_select_forecast_entities_f0ec511,,Select Forecast Entities,Atlasiet Prognozes entītijas,
ui_select_humidity_sensor_8192d0e,,Select Humidity Sensor,Izvēlieties Mitruma sensoru,
ui_select_map_camera_d5ae262,,Select Map Camera,Atlasiet Kartes kamera,
ui_select_media_player_73f4f5b,,Select Media Player,Izvēlieties Media Player,
ui_select_media_players_e0da90e,,Select Media Players,Atlasiet Multivides atskaņotāji,
ui_select_outside_3593063,,Select outside %1$s,Atlasiet ārpus %1$s,app fills in %1$s — keep them
ui_select_running_state_entity_136482a,,Select running-state entity,Atlasiet darbības stāvokļa entītiju,
ui_select_sensor_2564e1a,,Select Sensor,Atlasiet Sensors,
ui_select_sensors_5141d75,,Select Sensors,Atlasiet Sensori,
ui_select_speed_control_20f7efa,,Select speed control,Izvēlieties ātruma kontroli,
ui_select_target_entity_654e6ac,,Select Target Entity,Atlasiet Mērķa entītija,
ui_select_temperature_sensor_821f54c,,Select Temperature Sensor,Izvēlieties Temperatūras sensoru,
ui_select_the_alarm_panels_summarized_by_this_pill_f9b23e6,,Select the alarm panels summarized by this pill,"Atlasiet trauksmes paneļus, ko apkopo šī tablete",
ui_select_to_auto_detect_map_battery_and_controls_72bc9d7,,"Select to auto-detect map, battery and controls","Izvēlieties, lai automātiski noteiktu karti, akumulatoru un vadīklas",
ui_select_to_auto_fill_helper_entities_below_84a8833,,Select to auto-fill helper entities below,"Tālāk atlasiet, lai automātiski aizpildītu palīga entītijas",
ui_select_vacuum_4663021,,Select Vacuum,Izvēlieties Vakuums,
ui_select_vacuum_entity_dbda6f4,,Select Vacuum Entity,Atlasiet Vakuuma entītija,
ui_select_vacuums_7c2d22a,,Select Vacuums,Izvēlieties Vakuumi,
ui_select_waste_sensors_6006d5f,,Select Waste Sensors,Atlasiet Atkritumu sensori,
ui_select_water_level_562845a,,Select Water Level,Izvēlieties Ūdens līmenis,
ui_select_weather_2357e9d,,Select Weather,Atlasiet Laikapstākļi,
ui_select_weather_entity_d489986,,Select Weather Entity,Atlasiet laikapstākļu entītiju,
ui_select_week_calendar_640f382,,Select Week Calendar,Atlasiet Nedēļas kalendārs,
ui_selected_61ed328,,%1$s selected,%1$s atlasīts,app fills in %1$s — keep them
ui_selected_b82aaa5,,%1$s · Selected,%1$s · Atlasīts,app fills in %1$s — keep them
ui_selected_for_this_card_3c4a588,,%1$s selected for this card,Šai kartei atlasīts %1$s,app fills in %1$s — keep them
ui_sensor_620ec21,,%1$s sensor%2$s,%1$s sensors%2$s,app fills in %1$s %2$s — keep them
ui_sensor_efb9fbf,,SENSOR,SENSORS,
ui_sensor_graphs_5eb3573,,Sensor Graphs,Sensoru grafiki,
ui_sensor_picture_c3a0ed2,,Sensor picture,Sensora attēls,
ui_sensors_711bf35,,Sensors,Sensori,
ui_sensors_and_an_optional_week_calendar_399bad3,,Sensors and an optional week calendar,Sensori un izvēles nedēļas kalendārs,
ui_sensors_are_found_automatically_by_device_class_add_sensor_150bab5,,%1$s sensors are found automatically by device class; add sensors missing that class here.,"%1$s sensori tiek atrasti automātiski pēc ierīču klases; pievienojiet sensorus, kuriem trūkst šīs klases.",app fills in %1$s — keep them
ui_separate_commercial_content_0408620,,Separate commercial content,Atsevišķs komerciālais saturs,
ui_server_url_1d5d1ef,,Server URL,Servera URL,
ui_services_data_7864c0a,,Services & data,Pakalpojumi un dati,
ui_session_f7f1997,,Session,Sesija,
ui_set_448ab73,,Set,Iestatīt,
ui_set_a_rain_map_image_url_in_this_widget_03729b8,,Set a rain map image URL in this widget's settings,Šī logrīka iestatījumos iestatiet lietus kartes attēla URL,
ui_set_the_control_style_for_every_thermostat_on_this_de5cd1e,,Set the control style for every thermostat on this Climate page. Standalone climate widgets keep their own layout settings.,Iestatiet vadības stilu katram termostatam šajā klimata lapā. Atsevišķi klimata logrīki saglabā savus izkārtojuma iestatījumus.,
ui_set_what_each_person_may_do_per_user_like_aa86ea2,,"Set what each person may do — per user, like the hidden views above. These apply when they use a dashboard you shared.","Iestatiet, ko katra persona drīkst darīt — katram lietotājam, piemēram, iepriekš norādītajos slēptos skatos. Tie attiecas uz gadījumiem, kad viņi izmanto jūsu kopīgotu informācijas paneli.",
ui_settings_c7f73bb,,Settings,Iestatījumi,
ui_setup_changed_b184bf0,,Setup changed,Iestatījums mainīts,
ui_setup_progress_1a8adef,,Setup progress,Iestatīšanas gaita,
ui_shape_and_width_on_the_dashboard_c89fefa,,Shape and width on the dashboard,Forma un platums uz paneļa,
ui_shape_ea5c1a2,,Shape,Forma,
ui_shape_visible_information_and_icon_behavior_63dec1c,,"Shape, visible information, and icon behavior","Forma, redzamā informācija un ikonu darbība",
ui_share_09ca55c,,Share,Dalīties,
ui_share_b300e5f,,"Share ""%1$s""","Kopīgot ""%1$s""",app fills in %1$s — keep them
ui_share_dashboards_0917ff1,,Share dashboards,Kopīgojiet informācijas paneļus,
ui_shared_dashboard_86876c0,,Shared dashboard,Koplietots informācijas panelis,
ui_shared_with_me_f40ca84,,Shared with me,Kopīgots ar mani,
ui_sharing_ad00590,,Sharing…,Kopīgošana…,
ui_show_a_descending_timer_when_the_value_is_a_1ae7350,,"Show a descending timer when the value is a completion time (e.g. a washer/dryer finish time). Active while counting, off at zero.","Rādīt dilstošu taimeri, ja vērtība ir pabeigšanas laiks (piem., veļas mazgājamās mašīnas/žāvētāja pabeigšanas laiks). Aktīvs skaitīšanas laikā, izslēgts uz nulles.",
ui_show_a_live_radar_rain_map_card_a_camera_a0e11c8,,Show a live radar/rain map card — a camera entity or an embedded web page (iframe),Rādīt tiešās radara/lietus kartes karti — kameras entītiju vai iegultu tīmekļa lapu (iframe),
ui_show_activity_badge_f5d56bb,,Show activity badge,Rādīt aktivitātes emblēmu,
ui_show_badge_bar_827499b,,Show badge bar,Rādīt emblēmu joslu,
ui_show_flows_button_9e888be,,Show flows button,Rādīt plūsmas pogu,
ui_show_global_search_e7aefbe,,Show global search,Rādīt globālo meklēšanu,
ui_show_group_380c43e,,Show group,Rādīt grupu,
ui_show_in_header_43f0dfd,,Show in header,Rādīt galvenē,
ui_show_persons_c4e81a0,,Show persons,Rādīt personas,
ui_show_the_automations_flows_button_16254ce,,Show the automations (flows) button,Parādiet automatizācijas (plūsmu) pogu,
ui_show_the_entity_s_state_or_one_of_its_1008a4d,,"Show the entity's state, or one of its attributes instead",Parādiet entītijas stāvokli vai tā vietā kādu no tās atribūtiem,
ui_show_the_entity_s_state_or_one_of_its_e721168,,"Show the entity's state, or one of its attributes instead.",Parādiet entītijas stāvokli vai tā vietā kādu no tās atribūtiem.,
ui_show_the_global_search_button_0517d8b,,Show the global search button,Rādīt globālās meklēšanas pogu,
ui_show_widget_name_5ad7fc9,,Show widget name,Rādīt logrīka nosaukumu,
ui_shown_b1015a1,,%1$s shown,%1$s parādīts,app fills in %1$s — keep them
ui_shows_an_icon_matching_the_waste_type_gft_pmd_1966fe0,,"Shows an icon matching the waste type (GFT, PMD, paper, …).","Parāda ikonu, kas atbilst atkritumu veidam (GFT, PMD, papīrs utt.).",
ui_side_split_alignment_b9c5399,,Side (split alignment),Sānos (dalīts līdzinājums),
ui_sign_out_safely_or_reset_this_installation_681fac2,,Sign out safely or reset this installation,Droši izrakstieties vai atiestatiet šo instalāciju,
ui_signing_you_in_10d0636,,Signing you in…,Notiek pierakstīšanās…,
ui_size_shape_and_artwork_4bb38bb,,"Size, shape, and artwork","Izmērs, forma un mākslas darbi",
ui_size_shape_and_background_24dd9b6,,"Size, shape, and background","Izmērs, forma un fons",
ui_snapshot_b08ae37,,Snapshot,Momentuzņēmums,
ui_solar_0e26539,,Solar,Saules enerģija,
ui_solar_noon_599372c,,Solar noon %1$s,Saules pusdienlaiks %1$s,app fills in %1$s — keep them
ui_sort_d5f73d6,,Sort: %1$s,Kārtot: %1$s,app fills in %1$s — keep them
ui_source_and_card_refresh_behavior_0a26324,,Source and card refresh behavior,Avota un kartes atsvaidzināšanas darbība,
ui_source_device_4ddad2a,,Source device,Avota ierīce,
ui_span_badges_58c73f2,,Span badges,Spin emblēmas,
ui_speed_265ffc5,,SPEED,ĀTRUMS,
ui_speed_control_89a2786,,Speed control,Ātruma kontrole,
ui_spin_a801301,,spin,spin,
ui_square_82810cb,,Square,Kvadrāts,
ui_stack_cards_8bdc343,,Stack Cards,Sakraut kartes,
ui_stack_layout_1623679,,Stack layout,Kaudzes izkārtojums,
ui_stack_name_7507e93,,Stack name,Kaudzes nosaukums,
ui_stack_page_3d91ce9,,stack_page,steka_lapa,
ui_stack_title_46ccc2d,,Stack title,Stack virsraksts,
ui_stack_title_cc2f1ed,,Stack Title,Stack Title,
ui_stacks_249f056,,Stacks,Stacks,
ui_standard_2dfa660,,Standard,Standarta,
ui_start_24758a5,,Start: %1$s,Sākums: %1$s,app fills in %1$s — keep them
ui_start_empty_25336ee,,Start empty,Sāciet tukšu,
ui_start_empty_888db50,,Start Empty,Sāciet tukšu,
ui_start_new_dashboard_8c71127,,Start new dashboard?,Vai sākt jaunu informācijas paneli?,
ui_start_with_a_useful_recipe_then_adjust_each_step_d560a2a,,"Start with a useful recipe, then adjust each step","Sāciet ar noderīgu recepti, pēc tam pielāgojiet katru soli",
ui_state_a725020,,State,valsts,
ui_state_bef84bb,,STATE,VALSTS,
ui_state_text_6749c0a,,State text,Valsts teksts,
ui_stream_df06386,,Stream,Straume,
ui_style_99a0efc,,Style,Stils,
ui_sunrise_and_sunset_data_unavailable_3295324,,Sunrise and sunset data unavailable,Saullēkta un saulrieta dati nav pieejami,
ui_sunrise_fadf71c,,Sunrise,Saullēkts,
ui_sunset_181bcd5,,Sunset,Saulriets,
ui_support_f32d5a3,,Support,Atbalsts,
ui_support_via_buy_me_a_coffee_d7dadd1,,Support via Buy Me a Coffee,"Atbalsts, izmantojot pakalpojumu Buy Me a Coffee",
ui_support_via_paypal_7184a5d,,Support via PayPal,Atbalsts caur PayPal,
ui_support_without_premium_0a4aebd,,Support without Premium,Atbalsts bez Premium,
ui_supports_headings_lists_quotes_code_bold_italic_code_strik_e295744,,"Supports # headings, lists, > quotes, ``` code, **bold**, *italic*, `code`, ~~strike~~ and [links](https://…).","Atbalsta # virsrakstus, sarakstus, > pēdiņas, ``` kodu, **treknrakstu**, *slīpu*, kodu, ~~svītrojumu~~ un [saites] (https://…).",
ui_swing_65d8d45,,Swing,Šūpoles,
ui_swing_horizontal_c166cda,,Swing (horizontal),Šūpoles (horizontālās),
ui_swipe_left_from_the_upper_right_edge_of_a_416c467,,Swipe left from the upper-right edge of a page header to switch homes at any time.,"Velciet pa kreisi no lapas galvenes augšējās labās malas, lai jebkurā laikā pārslēgtos uz mājām.",
ui_switch_b02cbd9,,SWITCH,SLĒDZI,
ui_switch_home_e6ceda2,,Switch home,Pārslēdzieties uz mājām,
ui_system_dark_theme_c7e4ff9,,System Dark Theme,Sistēmas tumšā tēma,
ui_system_light_theme_5bc7623,,System Light Theme,Sistēmas gaismas tēma,
ui_systems_idle_584a6f0,,Systems idle,Sistēmas dīkstāvē,
ui_t_c2c53d6,,T,T,
ui_tabs_and_media_controls_shown_throughout_the_app_5d9c1ff,,Tabs and media controls shown throughout the app,Visā lietotnē tiek rādītas cilnes un multivides vadīklas,
ui_tap_here_or_use_the_button_while_edit_mode_8baf490,,Tap here or use the + button while edit mode is active to add widgets to this stack.,"Pieskarieties šeit vai izmantojiet pogu +, kamēr ir aktīvs rediģēšanas režīms, lai pievienotu logrīkus šai kaudzei.",
ui_tap_here_or_use_the_button_while_edit_mode_b06aac5,,Tap here or use the + button while edit mode is active to add entities to this stack.,"Pieskarieties šeit vai izmantojiet pogu +, kamēr ir aktīvs rediģēšanas režīms, lai pievienotu entītijas šai kaudzei.",
ui_tap_hold_and_dialog_quick_actions_2052817,,"Tap, hold, and dialog quick actions","Pieskarieties, turiet un dialoglodzējiet ātrās darbības",
ui_tap_share_to_publish_or_update_d185341,,Tap Share to publish or update,"Pieskarieties Kopīgot, lai publicētu vai atjauninātu",
ui_tap_to_add_a_weather_card_a3508a9,,Tap + to add a weather card,"Pieskarieties +, lai pievienotu laikapstākļu karti",
ui_tap_to_load_0c49cab,,Tap to load,"Pieskarieties, lai ielādētu",
ui_tap_x_to_restore_an_entity_to_the_battery_ad0eb75,,Tap X to restore an entity to the battery page.,"Pieskarieties X, lai atjaunotu entītiju akumulatora lapā.",
ui_target_49d76ad,,TARGET (%1$s–%2$s%%),MĒRĶIS (%1$s–%2$s%%),app fills in %1$s %2$s — keep them
ui_target_61ad50a,,Target,Mērķis,
ui_target_entity_optional_cdb68af,,Target entity (optional),Mērķa entītija (neobligāti),
ui_target_f762108,,TARGET,MĒRĶIS,
ui_technology_d018b08,,Technology,Tehnoloģija,
ui_temperature_0a9062a,,Temperature,Temperatūra,
ui_temperature_and_humidity_sources_for_the_room_8960580,,Temperature and humidity sources for the room,Temperatūras un mitruma avoti telpai,
ui_temperature_cc6906a,,TEMPERATURE,TEMPERATŪRA,
ui_temperature_sensor_graphed_in_activity_1088c3d,,Temperature sensor (graphed in Activity),Temperatūras sensors (grafiski attēlots sadaļā Darbība),
ui_text_c3328c3,,Text,Teksts,
ui_text_size_boldness_and_font_family_365f489,,"Text size, boldness and font family","Teksta lielums, treknraksts un fontu saime",
ui_that_profile_35adbf0,,that profile,tas profils,
ui_the_effect_used_when_a_button_s_animation_is_7cce891,,"The effect used when a button's animation is set to ""Auto"". You can still override any individual button.","Efekts, ko izmanto, ja pogas animācija ir iestatīta uz ""Auto"". Jūs joprojām varat ignorēt jebkuru atsevišķu pogu.",
ui_the_exact_dates_you_pick_leave_a_bound_as_19357e8,,"The exact dates you pick. Leave a bound as ""Any"" for an open-ended range.","Precīzi jūsu izvēlētie datumi. Atstājiet ierobežojumu kā ""Jebkurš"", lai atvērtu diapazonu.",
ui_the_heading_shown_between_dashboard_sections_b03805f,,The heading shown between dashboard sections,"Virsraksts, kas parādīts starp informācijas paneļa sadaļām",
ui_the_hki_7_community_source_code_is_free_and_f4f3f51,,"The HKI 7 community source code is free and open source under the Mozilla Public License 2.0. You may use, study, modify, and redistribute it. When you distribute modified MPL-covered files, those files and their source must remain available under MPL-2.0.","HKI 7 kopienas pirmkods ir bezmaksas un atvērtā koda saskaņā ar Mozilla Public License 2.0. Jūs varat to izmantot, pētīt, modificēt un izplatīt tālāk. Izplatot modificētus ar MPL aizsargātus failus, šiem failiem un to avotam ir jāpaliek pieejamiem saskaņā ar MPL-2.0.",don't translate HKI 7
ui_the_hki_7_name_and_logos_are_project_trademarks_985ffec,,"The HKI 7 name and logos are project trademarks and are not granted for misleading redistribution. Home Assistant and other third-party names, libraries, fonts, and artwork remain subject to their respective licenses and trademarks. The software is provided without warranty, as described by MPL-2.0.","HKI 7 nosaukums un logotipi ir projekta preču zīmes, un tie nav piešķirti maldinošai tālākai izplatīšanai. Uz Home Assistant un citiem trešo pušu nosaukumiem, bibliotēkām, fontiem un mākslas darbiem joprojām attiecas to attiecīgās licences un preču zīmes. Programmatūra tiek nodrošināta bez garantijas, kā aprakstīts MPL-2.0.","don't translate Home Assistant, HKI 7"
ui_the_interface_is_built_with_jetpack_compose_coroutines_and_fe7f52d,,"The interface is built with Jetpack Compose. Coroutines and Flow handle live state, while JSON and YAML-compatible data keep HKI 7 connected with Home Assistant.","Interfeiss ir veidots, izmantojot Jetpack Compose. Korutīnas un plūsma apstrādā reāllaika statusu, savukārt ar JSON un YAML saderīgie dati saglabā HKI 7 savienojumu ar Home Assistant.","don't translate Home Assistant, HKI 7"
ui_the_open_source_community_core_remains_usable_without_prem_d83ff8a,,The open-source community core remains usable without Premium. Premium purchases fund extra visual content and continued development; they do not remove the freedoms granted for MPL-covered files.,"Atvērtā pirmkoda kopienas kodols joprojām ir lietojams bez Premium. Premium pirkumi finansē papildu vizuālo saturu un nepārtrauktu attīstību; tie neatceļ brīvības, kas piešķirtas failiem, uz kuriem attiecas MPL.",
ui_the_page_starts_empty_with_its_own_header_and_5a325c0,,"The page starts empty with its own header and page settings, while keeping the Home widget catalogue.","Lapa sākas tukša ar tās galvenes un lapas iestatījumiem, vienlaikus saglabājot logrīku katalogu Sākums.",
ui_the_quick_brown_fox_jumps_over_the_lazy_dog_2204ad2,,The quick brown fox jumps over the lazy dog — 0123456789,Ātrā brūnā lapsa lec pāri slinkajam sunim — 0123456789,
ui_the_room_header_and_card_show_a_single_player_3e24a17,,"The room header and card show a single player's media, or an active-player count when multiple players are selected.","Telpas galvenē un kartītē tiek rādīts viena spēlētāja multivide vai aktīvo spēlētāju skaits, ja ir atlasīti vairāki spēlētāji.",
ui_the_text_shown_on_the_dashboard_fff5c98,,The text shown on the dashboard,Informācijas panelī parādītais teksts,
ui_the_web_page_shown_on_this_card_ce97bfd,,The web page shown on this card,Šajā kartītē redzamā tīmekļa lapa,
ui_theme_a797e30,,Theme,Tēma,
ui_theme_and_navigation_bar_474ee6b,,Theme and navigation bar,Motīvs un navigācijas josla,
ui_thermostat_dial_e6af91b,,Thermostat dial,Termostata ciparnīca,
ui_thermostats_601da0c,,Thermostats,Termostati,
ui_thermostats_ac_7d2ace4,,Thermostats & AC,Termostati un maiņstrāva,
ui_these_are_stored_in_the_cloud_import_one_to_558c62d,,"These are stored in the cloud. Import one to edit or re-share it, or delete it to remove it from everyone. Your edits are also pushed automatically when you open the app.","Tie tiek glabāti mākonī. Importējiet to, lai to rediģētu vai atkārtoti kopīgotu, vai izdzēsiet to, lai noņemtu to no visiem. Jūsu labojumi tiek arī automātiski nospiesti, atverot lietotni.",
ui_these_links_open_in_your_browser_tips_do_not_049b881,,These links open in your browser. Tips do not unlock Premium features and do not create an obligation to provide individual support.,Šīs saites tiek atvērtas jūsu pārlūkprogrammā. Padomi neatbloķē Premium funkcijas un nerada pienākumu sniegt individuālu atbalstu.,
ui_these_permissions_are_optional_and_can_be_changed_later_aa7a106,,These permissions are optional and can be changed later in Android Settings.,"Šīs atļaujas nav obligātas, un tās vēlāk var mainīt Android iestatījumos.",
ui_thin_100_9e7a443,,Thin (-100),Plāns (-100),
ui_thinner_200_6ae7a6f,,Thinner (-200),Šķīdinātājs (-200),
ui_this_action_does_not_use_an_entity_target_5952444,,This action does not use an entity target.,Šajā darbībā netiek izmantots entītijas mērķis.,
ui_this_action_has_no_required_target_or_additional_fields_987a410,,This action has no required target or additional fields.,Šai darbībai nav obligāta mērķa vai papildu lauku.,
ui_this_automation_is_managed_outside_home_assistant_s_ui_89d26f5,,"This automation is managed outside Home Assistant's UI (usually YAML). HKI7 can show it, but will not overwrite it.","Šī automatizācija tiek pārvaldīta ārpus Home Assistant lietotāja saskarnes (parasti YAML). HKI7 var to parādīt, bet nepārrakstīs.","don't translate Home Assistant, HKI7"
ui_this_card_uses_its_own_entities_e572388,,This card uses its own entities,Šī karte izmanto savas entītijas,
ui_this_dashboard_is_currently_being_generated_from_home_assi_470200d,,This dashboard is currently being generated from Home Assistant. You can edit rooms as soon as the one-time import finishes.,"Šis informācijas panelis pašlaik tiek ģenerēts no Home Assistant. Varat rediģēt telpas, tiklīdz vienreizējā importēšana ir pabeigta.",don't translate Home Assistant
ui_this_entity_2ddd36d,,This entity,Šī vienība,
ui_this_entity_has_no_attributes_to_show_b09f4c9,,This entity has no attributes to show.,"Šai entītijai nav atribūtu, ko parādīt.",
ui_this_light_is_paused_for_manual_control_706bffa,,This light is paused for manual control.,Šis indikators ir apturēts manuālai vadībai.,
ui_this_name_is_used_when_the_device_registers_with_8aba2f2,,This name is used when the device registers with Home Assistant.,"Šis nosaukums tiek izmantots, kad ierīce reģistrējas ar Home Assistant.",don't translate Home Assistant
ui_this_permanently_removes_this_dashboard_and_its_room_and_8087734,,This permanently removes this dashboard and its room and page configuration.,Tādējādi šis informācijas panelis un tā telpas un lapas konfigurācija tiek neatgriezeniski noņemta.,
ui_this_removes_all_imported_battery_entities_from_this_view_7a74283,,This removes all imported battery entities from this view.,Tādējādi no šī skata tiek noņemtas visas importētās akumulatora vienības.,
ui_this_removes_all_imported_climate_entities_from_this_view_713f511,,This removes all imported climate entities from this view.,Tādējādi no šī skata tiek noņemtas visas importētās klimata vienības.,
ui_this_removes_all_imported_energy_entities_from_this_view_7397917,,This removes all imported energy entities from this view.,Tādējādi no šī skata tiek noņemtas visas importētās enerģijas vienības.,
ui_this_removes_all_imported_rooms_and_floors_from_this_d1cbbff,,This removes all imported rooms and floors from this view.,Tādējādi no šī skata tiek noņemtas visas importētās telpas un stāvi.,
ui_this_removes_all_imported_security_entities_from_this_view_6443e5c,,This removes all imported security entities from this view.,Tādējādi no šī skata tiek noņemtas visas importētās drošības entītijas.,
ui_this_removes_its_login_mobile_app_registration_details_and_69afc19,,"This removes its login, mobile-app registration details, and HKI dashboards from this device. The Home Assistant server itself is not changed.","Tādējādi no šīs ierīces tiek noņemta pieteikšanās, mobilās lietotnes reģistrācijas informācija un HKI informācijas paneļi. Pats Home Assistant serveris nav mainīts.",don't translate Home Assistant
ui_this_removes_the_native_automation_from_home_assistant_thi_2a48e1a,,This removes the native automation from Home Assistant. This cannot be undone from HKI7.,Tādējādi tiek noņemta vietējā automatizācija no Home Assistant. Šo darbību nevar atsaukt no HKI7.,"don't translate Home Assistant, HKI7"
ui_this_removes_the_shared_dashboard_from_the_cloud_for_4bab01c,,This removes the shared dashboard from the cloud for everyone. People currently using it fall back to an auto-generated dashboard. Their local copies aren't touched until they next open the app.,"Tādējādi visiem tiek noņemts koplietotais informācijas panelis no mākoņa. Cilvēki, kas to pašlaik izmanto, atgriežas pie automātiski ģenerētā informācijas paneļa. Viņu vietējās kopijas netiek aizskartas, līdz tās nākamreiz atver lietotni.",
ui_this_runs_on_a_small_free_home_assistant_add_f46f2e3,,"This runs on a small, free Home Assistant add-on (the HKI 7 Cloud component). It isn't on HACS by default yet, so add it as a custom repository — the app then handles everything else.","Tas darbojas ar nelielu, bezmaksas Home Assistant papildinājumu (komponents HKI 7 Cloud). Pēc noklusējuma tas vēl nav pieejams HACS, tāpēc pievienojiet to kā pielāgotu repozitoriju — lietotne pēc tam apstrādā visu pārējo.","don't translate HKI 7 Cloud, Home Assistant"
ui_this_source_code_form_is_subject_to_the_terms_c8e4e24,,"This Source Code Form is subject to the terms of the Mozilla Public License, v. 2.0. If a copy of the MPL was not distributed with this file, you can obtain one at mozilla.org/MPL/2.0/.","Uz šo avota koda veidlapu attiecas Mozilla publiskās licences (v. 2.0) noteikumi. Ja MPL kopija netika izplatīta kopā ar šo failu, varat to iegūt vietnē mozilla.org/MPL/2.0/.",
ui_this_stack_has_no_items_0f92c8d,,This stack has no items.,Šajā kaudzē nav vienumu.,
ui_this_travels_with_the_dashboard_so_cloud_backups_and_1dd603d,," This travels with the dashboard, so cloud backups and family sharing keep it.","Tas tiek pārvietots kopā ar informācijas paneli, tāpēc mākoņa dublējumkopijas un ģimenes koplietošana to saglabā.",keep the space at the start/end
ui_tile_2dd2c66,,Tile,Flīze,
ui_tilt_aceae6f,,TILT,SAGRIEZT,
ui_time_6c82e6d,,Time,Laiks,
ui_time_range_9257117,,Time Range,Laika diapazons,
ui_title_768e0c1,,Title,Nosaukums,
ui_title_collapse_behavior_and_dashboard_width_a64a590,,"Title, collapse behavior, and dashboard width","Virsraksts, sakukšanas darbība un informācijas paneļa platums",
ui_title_collapse_behavior_and_width_dd2b475,,"Title, collapse behavior, and width","Virsraksts, sakļautības darbība un platums",
ui_title_optional_932fc13,,Title (optional),Nosaukums (neobligāti),
ui_title_width_and_icon_41ec073,,"Title, width, and icon","Virsraksts, platums un ikona",
ui_to_state_2a995a1,,To state,Lai paziņotu,
ui_today_24345a1,,Today,Šodien,
ui_tomorrow_1948bf2,,Tomorrow,rīt,
ui_top_consumers_0199dbf,,Top consumers,Labākie patērētāji,
ui_tracking_number_4e40c54,,Tracking number,Izsekošanas numurs,
ui_try_again_042c862,,Try again,Mēģiniet vēlreiz,
ui_try_the_demo_home_no_server_needed_bc58247,,Try the demo home — no server needed,Izmēģiniet demonstrācijas sākumlapu — serveris nav nepieciešams,
ui_turn_off_all_3a7a2b0,,Turn off all,Izslēdziet visu,
ui_turn_on_a5aa418,,Turn On,Ieslēgt,
ui_turn_the_light_on_to_access_controls_25f4ad6,,Turn the light on to access controls,"Ieslēdziet gaismu, lai piekļūtu vadīklām",
ui_turn_the_notification_connection_channel_off_on_the_next_cdddec0,,"Turn the ""Notification connection"" channel off on the next screen — the connection keeps working, only its notification disappears.","Nākamajā ekrānā izslēdziet kanālu “Paziņojumu savienojums” — savienojums turpina darboties, pazūd tikai paziņojums.",
ui_two_rows_1b1737f,,Two rows,Divas rindas,
ui_type_3deb745,,Type,Tips,
ui_type_icon_839142a,,Type icon,Ierakstiet ikonu,
ui_unable_to_connect_8207f1b,,Unable to connect,Nevar izveidot savienojumu,
ui_unit_f6b935a,,Unit,Vienība,
ui_unknown_bc7819b,,Unknown,Nezināms,
ui_unknown_energy_card_b8e46de,,Unknown energy card: %1$s,Nezināma enerģijas karte: %1$s,app fills in %1$s — keep them
ui_unlock_1526a17,,Unlock,Atbloķēt,
ui_unlock_button_ad521c4,,Unlock button,Atbloķēšanas poga,
ui_unlock_method_dff380e,,Unlock method,Atbloķēšanas metode,
ui_unlocked_b3da702,,Unlocked,Atbloķēts,
ui_unrestricted_background_cebdb1e,,Unrestricted background,Neierobežots fons,
ui_untitled_621521f,,Untitled,Bez nosaukuma,
ui_untitled_event_ef8d264,,Untitled event,Pasākums bez nosaukuma,
ui_upcoming_523baab,,Upcoming,Gaidāms,
ui_update_fb91e24,,Update,Atjaunināt,
ui_update_location_now_d338c2c,,Update Location Now,Atjauniniet atrašanās vietu tūlīt,
ui_updated_62d2331,,Updated %1$s,Atjaunināts %1$s,app fills in %1$s — keep them
ui_url_https_a1a19ec,,URL (https://…),URL (https://…),
ui_usage_overview_fc2eefc,,Usage overview,Lietošanas pārskats,
ui_use_1d4d43c,,Use,Izmantot,
ui_use_a_dashboard_an_admin_has_shared_with_you_8b1cfdb,,Use a dashboard an admin has shared with you.,"Izmantojiet informācijas paneli, ko ar jums ir kopīgojis administrators.",
ui_use_a_family_shared_dashboard_9b8ab51,,Use a family shared dashboard,Izmantojiet ģimenes koplietoto informācijas paneli,
ui_use_a_recognizable_name_such_as_kitchen_tablet_or_ca9f431,,"Use a recognizable name, such as ‘Kitchen tablet’ or ‘Jimmy’s phone’.","Izmantojiet atpazīstamu nosaukumu, piemēram, “Virtuves planšetdators” vai “Džimija tālrunis”.",
ui_use_family_shared_dashboard_28e06c2,,Use family shared dashboard,Izmantojiet ģimenes koplietoto informācijas paneli,
ui_used_6a4ebbf,,Used %1$s,Lietots %1$s,app fills in %1$s — keep them
ui_uses_hki_7_s_private_google_drive_storage_enable_0559ced,,Uses HKI 7's private Google Drive storage. Enable it once to create an immediate backup and then back up automatically every day.,"Izmanto HKI 7 privāto Google Drive krātuvi. Iespējojiet to vienreiz, lai izveidotu tūlītēju dublējumu un pēc tam automātiski dublētu katru dienu.","don't translate Google Drive, HKI 7"
ui_uses_the_sun_entity_configured_in_weather_settings_e580a39,,Uses the Sun entity configured in Weather settings.,"Izmanto Sun entītiju, kas konfigurēta laikapstākļu iestatījumos.",
ui_using_a_shared_dashboard_applies_the_permissions_the_admin_a337a76,,Using a shared dashboard applies the permissions the admin set for it.,"Izmantojot koplietotu informācijas paneli, tiek piemērotas administratora noteiktās atļaujas.",
ui_using_the_climate_view_s_entities_8befb0f,,Using the Climate view's entities,Klimata skata entītiju izmantošana,
ui_using_the_energy_view_s_entities_7ca9bed,,Using the Energy view's entities,Enerģijas skata entītiju izmantošana,
ui_vacuum_5fe15df,,Vacuum,Vakuums,
ui_vacuum_device_3deae52,,Vacuum device,Vakuuma iekārta,
ui_vacuum_entities_c7da1d7,,Vacuum entities,Vakuuma entītijas,
ui_vacuum_map_8236541,,Vacuum map,Vakuuma karte,
ui_vacuum_stack_b93d3b7,,Vacuum Stack,Vakuuma kaudze,
ui_vertical_slider_e09cef1,,Vertical slider,Vertikālais slīdnis,
ui_view_on_github_0c77991,,View on GitHub,Skatīt vietnē GitHub,
ui_visibility_7d9ff4f,,Visibility,Redzamība,
ui_visibility_alignment_and_overflow_behavior_467f44f,,"Visibility, alignment, and overflow behavior","Redzamība, izlīdzināšana un pārpildes darbība",
ui_visibility_and_ordering_in_the_page_header_0f9e3d8,,Visibility and ordering in the page header,Redzamība un secība lapas galvenē,
ui_visible_during_791f42c,,Visible during,Redzams laikā,
ui_visible_persons_4b7ae6c,,Visible persons,Redzamās personas,
ui_visual_style_bc567f3,,Visual style,Vizuālais stils,
ui_w_e2415cb,,W,W,
ui_waiting_for_home_assistant_af224aa,,Waiting for Home Assistant,Gaida Home Assistant,don't translate Home Assistant
ui_wallpaper_and_an_optional_custom_color_f4f12f1,,Wallpaper and an optional custom color,Tapetes un pēc izvēles pielāgota krāsa,
ui_wallpaper_and_optional_custom_color_0dc6738,,Wallpaper and optional custom color,Tapetes un pēc izvēles pielāgota krāsa,
ui_wallpaper_url_or_path_e208631,,Wallpaper URL or path,Tapetes URL vai ceļš,
ui_waste_collection_7cdf205,,Waste Collection,Atkritumu savākšana,
ui_waste_sensors_8bfd3ec,,Waste sensors,Atkritumu sensori,
ui_watch_d91ebf5,,Watch,Skatīties,
ui_water_5480538,,Water: %1$s,Ūdens: %1$s,app fills in %1$s — keep them
ui_water_de9b1be,,Water,Ūdens,
ui_water_level_optional_fallback_61b2be5,,Water level (optional fallback),Ūdens līmenis (pēc izvēles rezerves),
ui_water_meters_imported_from_home_assistant_s_energy_dashboa_b1ac157,,Water meters imported from Home Assistant's Energy dashboard.,"Ūdens skaitītāji, kas importēti no uzņēmuma Home Assistant Enerģijas informācijas paneļa.",don't translate Home Assistant
ui_we_ll_check_your_home_network_first_you_can_c7ca0f0,,We'll check your home network first; you can also enter an address,Vispirms mēs pārbaudīsim jūsu mājas tīklu; varat arī ievadīt adresi,
ui_weather_284af3e,,Weather,Laikapstākļi,
ui_weather_card_0c6594c,,Weather Card,Laikapstākļu karte,
ui_weather_details_bc94175,,Weather details,Laika ziņas,
ui_weather_entities_0a2c547,,Weather entities,Laikapstākļu entītijas,
ui_weather_entity_402cbd9,,Weather entity,Laikapstākļu vienība,
ui_weather_source_778baeb,,Weather source,Laikapstākļu avots,
ui_weather_stack_4d4f763,,Weather Stack,Laikapstākļi,
ui_weather_type_fe0b7cc,,Weather Type,Laikapstākļu veids,
ui_web_address_url_55052c9,,Web address (URL),Tīmekļa adrese (URL),
ui_week_calendar_shown_in_the_dialog_6d4f28b,,Week calendar (shown in the dialog),Nedēļas kalendārs (parādīts dialoglodziņā),
ui_welcome_to_hki_7_9e317bb,,Welcome to HKI 7,Laipni lūdzam HKI 7,don't translate HKI 7
ui_what_hki_7_is_and_how_it_is_built_247bace,,What HKI 7 is and how it is built,Kas ir HKI 7 un kā tas tiek veidots,don't translate HKI 7
ui_what_it_does_ca032b5,,What it does,Ko tas dara,
ui_what_s_new_4d8dc5f,,What's new,Kas jauns,
ui_when_769bb19,,When,Kad,
ui_when_and_if_then_dd86ebe,,When · And if · Then,Kad · Un ja · Tad,
ui_when_reporting_a_problem_include_your_android_version_home_784a4e6,,"When reporting a problem, include your Android version, Home Assistant version, the affected entity or integration, and clear steps to reproduce it. Removing private URLs, tokens, names, and location data first helps keep support safe.","Ziņojot par problēmu, iekļaujiet savu Android versiju, Home Assistant versiju, ietekmēto entītiju vai integrāciju un skaidri norādiet darbības, lai to reproducētu. Privāto vietrāžu URL, pilnvaru, nosaukumu un atrašanās vietas datu noņemšana vispirms palīdz nodrošināt atbalsta drošību.",don't translate Home Assistant
ui_when_the_value_is_a_completion_time_e_g_7dce367,,"When the value is a completion time (e.g. a washer/dryer finish time), show a descending timer. The button reads active while counting and turns off at zero.","Ja vērtība ir pabeigšanas laiks (piem., veļas mazgājamās mašīnas/žāvētāja pabeigšanas laiks), rādiet dilstošu taimeri. Skaitīšanas laikā poga ir aktīva un izslēdzas pie nulles.",
ui_widget_height_b26de24,,Widget height,Logrīka augstums,
ui_widget_name_55e5340,,Widget name,Logrīka nosaukums,
ui_widget_presentation_a3a8cdc,,Widget presentation,Logrīku prezentācija,
ui_widget_width_1d89599,,Widget width,Logrīka platums,
ui_width_a58ddf5,,Width,Platums,
ui_width_and_height_6ed6746,,Width and height,Platums un augstums,
ui_width_and_optional_icon_671e2ef,,Width and optional icon,Platums un izvēles ikona,
ui_width_columns_and_container_shape_984a191,,"Width, columns, and container shape","Platums, kolonnas un konteinera forma",
ui_width_shape_and_collapse_behavior_7abc6f4,,"Width, shape, and collapse behavior","Platums, forma un sabrukšanas uzvedība",
ui_wind_142b575,,Wind,Vējš,
ui_worth_watching_a3d46c7,,Worth watching,Vērts skatīties,
ui_would_you_like_to_add_an_existing_camera_entity_00d5bc3,,Would you like to add an existing camera entity or a custom URL?,Vai vēlaties pievienot esošu kameras entītiju vai pielāgotu URL?,
ui_write_the_information_shown_on_this_card_4ca5db7,,Write the information shown on this card,"Uzrakstiet informāciju, kas parādīta šajā kartē",
ui_you_can_help_by_testing_new_builds_reporting_reproducible_5310461,,"You can help by testing new builds, reporting reproducible bugs, suggesting thoughtful improvements, helping with translations or documentation, sharing HKI 7 with other Home Assistant users, and giving constructive feedback.","Varat palīdzēt, testējot jaunas versijas, ziņojot par reproducējamām kļūdām, iesakot pārdomātus uzlabojumus, palīdzot ar tulkojumiem vai dokumentāciju, kopīgojot HKI 7 ar citiem Home Assistant lietotājiem un sniedzot konstruktīvas atsauksmes.","don't translate Home Assistant, HKI 7"
ui_you_re_exploring_the_built_in_sample_home_63c2ad1,,You're exploring the built-in sample home,Jūs izpētāt iebūvēto mājas paraugu,
ui_your_automations_and_devices_will_be_unavailable_briefly_h_8a8572e,,Your automations and devices will be unavailable briefly. HKI7 will reconnect automatically when Home Assistant is ready.,"Jūsu automatizācija un ierīces īslaicīgi nebūs pieejamas. HKI7 automātiski izveidos savienojumu no jauna, kad Home Assistant būs gatavs.","don't translate Home Assistant, HKI7"
ui_your_dashboard_is_ready_0719f75,,Your dashboard is ready,Jūsu informācijas panelis ir gatavs,
ui_your_home_72412fa,,Your home,Jūsu mājas,
ui_your_location_is_shared_only_with_your_own_home_c75bd6d,,Your location is shared only with your own Home Assistant server. It is ,Jūsu atrašanās vieta tiek kopīgota tikai ar jūsu Home Assistant serveri. Tā ir,don't translate Home Assistant; keep the space at the start/end
logs_title,,Connection log,Savienojumu žurnāls,
logs_subtitle,,What the app's connection to Home Assistant has been doing,Ko dara lietotnes savienojums ar Home Assistant,don't translate Home Assistant
logs_empty,,Connection log,Savienojumu žurnāls,
logs_empty_hint,,"Nothing logged yet. Connection attempts, reconnects, sync and subscriptions appear here as they happen.","Vēl nekas nav reģistrēts. Šeit tiek parādīti savienojuma mēģinājumi, atkārtota savienojuma izveide, sinhronizācija un abonementi.",
logs_count,,Connection log (%1$d),Savienojuma žurnāls (%1$d),app fills in %1$d — keep them
logs_copy,,Copy the log,Kopējiet žurnālu,
logs_clear,,Clear the log,Notīriet žurnālu,
logs_show_all,,Show all %1$d,Rādīt visu %1$d,app fills in %1$d — keep them
logs_show_less,,Show less,Rādīt mazāk,
parcel_letter_count,one,%1$d letter,%1$d burtu,app fills in %1$d — keep them
parcel_letter_count,other,%1$d letters,%1$d burti,app fills in %1$d — keep them
parcel_letter_count,zero,,%1$d burti,
spacer_empty_button,,Empty button,Tukša poga,
spacer_empty_button_description,,Transparent placeholder that only reserves space,"Caurspīdīgs vietturis, kas tikai rezervē vietu",
spacer_add_empty_button,,Add empty button,Pievienot tukšu pogu,
popup_custom_popup,,Custom popup,Pielāgots uznirstošais logs,
popup_choose,,Choose a popup,Izvēlieties uznirstošo logu,
popup_none_yet,,No popups yet,Vēl nav uznirstošo logu,
popup_new,,New popup,Jauns uznirstošais logs,
popup_default_name,,New popup,Jauns uznirstošais logs,
popup_name,,Popup name,Uznirstošais vārds,
popup_edit_contents,,Edit contents,Rediģēt saturu,
popup_delete,,Delete popup,Dzēst uznirstošo logu,
popup_status_entity,,Status entity,Statusa entītija,
popup_status_entity_hint,,Optional. Its state fills the dialog's status line and adds the history view.,Pēc izvēles. Tās stāvoklis aizpilda dialoglodziņa statusa rindiņu un pievieno vēstures skatu.,
popup_settings_subtitle,,"Name, icon, and status entity","Nosaukums, ikona un statusa entītija",
popup_shared_hint,,Popups are shared: other buttons can open this same popup.,Uznirstošie logi tiek koplietoti: šo pašu uznirstošo logu var atvērt ar citām pogām.,
popup_empty,,This popup is empty. Tap Edit to add widgets.,"Šis uznirstošais logs ir tukšs. Pieskarieties Rediģēt, lai pievienotu logrīkus.",
popup_settings_title,,Popups,Uznirstošie logi,
popup_settings_subtitle_section,,Build and edit your custom popups,Izveidojiet un rediģējiet savus pielāgotos uznirstošos logus,
popup_settings_hint,,"Popups open from a button, badge, or dialog button set to the Custom popup action. Edit contents opens the popup itself so you can arrange its widgets.","Uznirstošie logi tiek atvērti no pogas, emblēmas vai dialoga pogas, kas iestatīta uz Pielāgota uznirstošā loga darbību. Rediģēt saturu, tiek atvērts pats uznirstošais logs, lai jūs varētu sakārtot tā logrīkus.",
button_icon_only,,Icon only,Tikai ikona,
button_icon_size,,Icon size,Ikonas izmērs,
button_icon_size_description,,"Auto shrinks the icon as the stack gains columns, so it still fits a narrow button.","Automātiski samazina ikonu, kad steks ir kolonnas, tāpēc tā joprojām atbilst šaurai pogai.",
button_icon_size_auto,,Auto,Auto,
button_icon_size_value,,%1$d dp,%1$d dp,app fills in %1$d — keep them
stack_child_icon_only,,Icon only for every button,Ikona tikai katrai pogai,
stack_child_icon_only_description,,"Applies to all buttons in this stack, so you don't have to set it on each one.","Attiecas uz visām pogām šajā kaudzē, tāpēc jums tas nav jāiestata katrai no tām.",
stack_child_icon_size,,Icon size for every button,Ikonas izmērs katrai pogai,
button_icon_only_description,,"Hide the name and state, centering the icon on the button","Paslēpiet nosaukumu un stāvokli, centrējot ikonu uz pogas",
action_button,,Action button,Darbības poga,
action_button_description,,"A button without an entity: give it a name, an icon, and any action","Poga bez entītijas: piešķiriet tai nosaukumu, ikonu un jebkuru darbību",
action_button_add,,Add action button,Pievienot darbības poga,
action_badge_add,,Add action badge,Pievienojiet darbības emblēmu,
security_entity_count,one,%1$d entity,%1$d entītija,app fills in %1$d — keep them
security_entity_count,other,%1$d entities,%1$d entītijām,app fills in %1$d — keep them
security_entity_count,zero,,%1$d entītijām,
family_permission_switch_dashboards,,Allow switching dashboards,Atļaut pārslēgt informācijas paneļus,
family_permission_switch_dashboards_subtitle,,Let this person load another existing dashboard,Ļaujiet šai personai ielādēt citu esošu informācijas paneli,
family_permission_create_dashboards,,Allow creating dashboards,Atļaut izveidot informācijas paneļus,
family_permission_create_dashboards_subtitle,,Let this person create or duplicate dashboards,Ļaujiet šai personai izveidot vai dublēt informācijas paneļus,
family_dashboard_tab_locked,,Locked by family permissions,Bloķēts ar ģimenes atļaujām,
family_dashboard_access_lost_title,,Family access removed,Ģimenes piekļuve ir noņemta,
family_dashboard_access_lost_message,,"You no longer have access to HKI 7 through this family dashboard. Choose another dashboard shared with you, or use any other option your family permissions allow.","Jūs vairs nevarat piekļūt pakalpojumam HKI 7, izmantojot šo ģimenes informācijas paneli. Izvēlieties citu ar jums kopīgotu informācijas paneli vai izmantojiet jebkuru citu iespēju, ko atļauj jūsu ģimenes atļaujas.",don't translate HKI 7
family_access_manage,,Manage access,Pārvaldīt piekļuvi,
family_access_title,,Who can see %1$s,Kas var redzēt %1$s,app fills in %1$s — keep them
family_access_description,,Add or remove people. Everyone you remove loses this dashboard the next time their app syncs.,"Pievienojiet vai noņemiet personas. Ikviens, ko noņemat, zaudēs šo informācijas paneli nākamajā reizē, kad viņu lietotne tiks sinhronizēta.",
family_access_shared_everyone,,Shared with everyone,Kopīgots ar visiem,
family_access_shared_nobody,,Shared with no one,Kopīgots ne ar vienu,
family_access_shared_with,,Shared with %1$s,Kopīgots ar %1$s,app fills in %1$s — keep them
family_access_unknown_user,,Unknown user,Nezināms lietotājs,
family_access_revoke_warning,,"Losing access deletes their copy of this dashboard, along with any colours, icons, and names they changed on it.","Zaudējot piekļuvi, tiek dzēsta šī informācijas paneļa kopija, kā arī visas tajā mainītās krāsas, ikonas un nosaukumi.",
family_versions_title,,HKI versions,HKI versijas,
family_versions_description,,Which HKI build each family device is running. This device is on %1$s. A device appears once it has opened HKI 7 1.0.0-beta.18 or newer at least once.,"Kura HKI versija darbojas katrā ģimenes ierīcē. Šī ierīce darbojas %1$s. Ierīce tiek parādīta, kad tā vismaz vienu reizi ir atvērta HKI 7 1.0.0-beta.18 vai jaunāka versija.",app fills in %1$s — keep them; don't translate HKI 7
family_versions_empty,,No family devices have reported a version yet.,Nevienai ģimenes ierīcei vēl nav ziņots par versiju.,
family_versions_loading,,Loading family devices…,Notiek ģimenes ierīču ielāde…,
family_versions_unavailable,,Home Assistant could not return the family device list. Check that HKI 7 Cloud is up to date.,"Home Assistant nevarēja atgriezt ģimenes ierīču sarakstu. Pārbaudiet, vai HKI 7 Cloud ir atjaunināts.","don't translate HKI 7 Cloud, Home Assistant"
family_versions_outdated,,Older than yours,Vecāks par tavējo,
family_versions_android,,Android %1$s,Android %1$s,app fills in %1$s — keep them
family_versions_reported,,reported %1$s,ziņots %1$s,app fills in %1$s — keep them
family_versions_forget,,Forget this device,Aizmirstiet šo ierīci,
family_versions_forget_hint,,Forgetting a device only clears it from this list. One that is still in use reappears the next time its app opens.,"Aizmirstot ierīci, tā tiek notīrīta tikai no šī saraksta. Tāda lietotne, kas joprojām tiek lietota, tiek parādīta nākamreiz, kad tā tiek atvērta.",
family_versions_nudge,,Ask to update to %1$s,Lūdziet atjaunināt uz %1$s,app fills in %1$s — keep them
family_versions_nudge_clear,,Cancel update request,Atcelt atjaunināšanas pieprasījumu,
family_versions_nudge_pending,,Waiting for this device to update to %1$s. The request clears itself once it does.,Gaida šīs ierīces atjaunināšanu uz %1$s. Pieprasījums tiek notīrīts pats par sevi.,app fills in %1$s — keep them
family_require_title,,Require an HKI version,Nepieciešama HKI versija,
family_require_description,,"Everyone below the version you require is asked to update before they can keep using HKI. Nothing here installs anything — Google Play does the update, so people are only ever held up when Play actually has it ready for them.","Visiem, kas jaunāki par jums nepieciešamo versiju, tiek lūgts atjaunināt, pirms viņi var turpināt lietot HKI. Nekas šeit neko neinstalē — Google Play veic atjauninājumu, tāpēc lietotāji tiek aizturēti tikai tad, kad Play patiešām ir gatavs.",
family_require_current,,Currently required: %1$s,Pašlaik nepieciešams: %1$s,app fills in %1$s — keep them
family_require_set,,Require everyone to be on %1$s,Pieprasīt visiem atrasties %1$s,app fills in %1$s — keep them
family_require_clear,,Clear the requirement,Notīriet prasību,
family_require_hint,,"You can only require a version some device already runs, so a requirement can never be one nobody is able to install.","Varat pieprasīt tikai tādu versiju, kurā jau darbojas kāda ierīce, tāpēc prasība nekad nevar būt tāda, kuru neviens nevar instalēt.",
settings_extra_family_require_failed,,Could not change the required version. It has to be one a family device already runs.,"Nevarēja mainīt nepieciešamo versiju. Tam ir jābūt tādai, kas jau darbojas ģimenes ierīcē.",
settings_extra_family_nudge_failed,,Could not ask “%1$s” to update.,Nevarēja lūgt “%1$s” atjaunināt.,app fills in %1$s — keep them
app_update_required_title,,Time to update HKI,Laiks atjaunināt HKI,
app_update_required_title_device,,This device needs an HKI update,Šai ierīcei ir nepieciešams HKI atjauninājums,
app_update_required_message,,Your family is on HKI %1$s. This device is on %2$s.,Jūsu ģimene izmanto HKI %1$s. Šī ierīce darbojas %2$s.,app fills in %1$s %2$s — keep them
app_update_required_checking,,Checking Google Play…,Notiek pakalpojuma Google Play pārbaude…,
app_update_required_update,,Update now,Atjauniniet tūlīt,
app_update_required_open_store,,Open HKI in the Play Store,Play veikalā atveriet HKI,
app_update_required_opened_store,,"Google Play could not take over here, so its store page was opened instead.","Google Play nevarēja šeit pārņemt, tāpēc tika atvērta tā veikala lapa.",
app_update_required_unavailable,,"Google Play has no update ready for this device yet. That usually means the release hasn't reached you, or this copy of HKI didn't come from the Play Store.","Pakalpojumā Google Play šai ierīcei vēl nav gatavs atjauninājums. Tas parasti nozīmē, ka laidiens nav sasniedzis jūs, vai šī HKI kopija nav nākusi no Play veikala.",
app_update_required_continue,,Continue without updating,Turpināt bez atjaunināšanas,
settings_extra_active_instance,,Active instance,Aktīva instance,
settings_extra_automatic_cloud_backup_enabled,,Automatic cloud backup enabled.,Automātiskā mākoņa dublēšana ir iespējota.,
settings_extra_background_restricted_warning,,Restricted — background sync will not work,Ierobežots — fona sinhronizācija nedarbosies,
settings_extra_backup_failed,,Backup failed: %1$s,Dublēšana neizdevās: %1$s,app fills in %1$s — keep them
settings_extra_backup_unreadable,,The backup could not be read,Dublējumu nevarēja nolasīt,
settings_extra_battery_optimized_warning,,Optimized — may interrupt background sync,Optimizēts — var pārtraukt fona sinhronizāciju,
settings_extra_buy_me_a_coffee_logo,,Buy Me a Coffee logo,Buy Me a Coffee logotips,
settings_extra_cloud_backup_created,,Cloud backup created.,Mākoņa dublējums ir izveidots.,
settings_extra_cloud_backup_failed,,Cloud backup failed: %1$s,Dublēšana mākonī neizdevās: %1$s,app fills in %1$s — keep them
settings_extra_cloud_component_missing,,"The HKI 7 Cloud component was not found on your Home Assistant. Install it through HACS, then try again.","HKI 7 Cloud komponents netika atrasts jūsu ierīcē Home Assistant. Instalējiet to, izmantojot HACS, un pēc tam mēģiniet vēlreiz.","don't translate HKI 7 Cloud, Home Assistant"
settings_extra_copy_dashboard,,Copy %1$s,Kopēt %1$s,app fills in %1$s — keep them
settings_extra_corner_modern,,Modern,Mūsdienīgs,
settings_extra_corner_round,,Round,Apaļš,
settings_extra_corner_sharp,,Sharp,Ass,
settings_extra_create_custom_page,,Create custom page,Izveidojiet pielāgotu lapu,
settings_extra_custom_page_identity_subtitle,,Identity and navigation appearance,Identitāte un navigācijas izskats,
settings_extra_dashboard_backup_saved,,Dashboard backup saved.,Informācijas paneļa dublējums saglabāts.,
settings_extra_dashboard_copy_name,,%1$s copy,%1$s kopiju,app fills in %1$s — keep them
settings_extra_dashboard_default_name,,Dashboard %1$d,Informācijas panelis %1$d,app fills in %1$d — keep them
settings_extra_new_dashboard_confirm_body,,This adds a dashboard alongside the one you are using. Your current dashboard is kept exactly as it is and is never overwritten — you can switch between them at any time.,"Tādējādi tiek pievienots informācijas panelis blakus tam, ko izmantojat. Jūsu pašreizējais informācijas panelis tiek saglabāts tieši tāds, kāds tas ir, un tas nekad netiek pārrakstīts — jebkurā laikā varat pārslēgties starp tiem.",
settings_extra_new_dashboard_confirm_action,,Continue,Turpināt,
settings_extra_new_dashboard_created,,Created “%1$s”,Izveidots “%1$s”,app fills in %1$s — keep them
uif_onboarding_shared_already_added,,Already added,Jau pievienots,
settings_extra_dashboard_shared_badge,,Shared,Kopīgots,
settings_extra_dashboard_shared_subtitle,,Shared with you by your family. Tap to load,"Jūsu ģimene kopīgoja ar jums. Pieskarieties, lai ielādētu",
settings_extra_dashboard_shared_loaded,,Shared with you by your family. Currently loaded,Jūsu ģimene kopīgoja ar jums. Pašlaik ielādēts,
settings_extra_dashboard_generating,,Your new dashboard is being generated automatically.,Jūsu jaunais informācijas panelis tiek ģenerēts automātiski.,
settings_extra_dashboard_mode_auto,,Automatic,Automātiski,
settings_extra_dashboard_mode_manual,,Manual,Rokasgrāmata,
settings_extra_dashboard_restored,,Dashboard configuration restored.,Informācijas paneļa konfigurācija ir atjaunota.,
settings_extra_dashboard_shared,,“%1$s” shared.,Kopīgots “%1$s”.,app fills in %1$s — keep them
settings_extra_dashboard_sharing_failed,,Could not share the dashboard.,Nevarēja kopīgot informācijas paneli.,
settings_extra_default_user_name,,User,Lietotājs,
settings_extra_delete_dashboard,,Delete %1$s,Dzēst %1$s,app fills in %1$s — keep them
settings_extra_device_tracker,,Device tracker,Ierīces izsekotājs,
settings_extra_device_tracker_subtitle,,"Name used for location, geocoded location, battery, and charging entities","Nosaukums, kas tiek izmantots atrašanās vietai, ģeokodētai atrašanās vietai, akumulatoram un uzlādes vienībām",
settings_extra_drive_access_token_missing,,Google Drive authorization did not return an access token.,Google Drive autorizācija neatgrieza piekļuves pilnvaru.,don't translate Google Drive
settings_extra_drive_authorization_cancelled,,Google Drive authorization was cancelled.,Google Drive autorizācija tika atcelta.,don't translate Google Drive
settings_extra_drive_authorization_failed,,Google Drive authorization failed: %1$s,Google Drive autorizācija neizdevās: %1$s,app fills in %1$s — keep them; don't translate Google Drive
settings_extra_drive_authorization_open_failed,,Google Drive authorization could not be opened.,Google Drive autorizāciju nevarēja atvērt.,don't translate Google Drive
settings_extra_drive_backups_load_failed,,Could not load Google Drive backups: %1$s,Nevarēja ielādēt Google Drive dublējumus: %1$s,app fills in %1$s — keep them; don't translate Google Drive
settings_extra_edit_custom_page,,Edit custom page,Rediģēt pielāgoto lapu,
settings_extra_effect_glow,,Glow,Mirdzums,
settings_extra_effect_group_alerts,,Sensors and alarms,Sensori un signalizācijas,
settings_extra_effect_group_climate,,Climate and humidity,Klimats un mitrums,
settings_extra_effect_group_fans,,Fans and vacuums,Ventilatori un putekļsūcēji,
settings_extra_effect_group_lights,,Lights and switches,Gaismas un slēdži,
settings_extra_effect_group_media,,Media players,Multivides atskaņotāji,
settings_extra_effect_group_other,,Everything else,Viss pārējais,
settings_extra_effect_none,,None,Nav,
settings_extra_effect_pulse,,Pulse,Pulss,
settings_extra_effect_spin,,Spin,Spin,
settings_extra_empty_dashboard_created,,An empty dashboard was created.,Tika izveidots tukšs informācijas panelis.,
settings_extra_font_atkinson,,Atkinson Hyperlegible,Atkinsons Hipersalajama,
settings_extra_font_bree_serif,,Bree Serif,Brī Serifs,
settings_extra_font_comfortaa,,Comfortaa,Komfortaaa,
settings_extra_font_cursive,,Cursive,Kursīvs,
settings_extra_font_default,,Default,Noklusējums,
settings_extra_font_monospace,,Monospace,Monotelpa,
settings_extra_font_nunito,,Nunito,Nunito,
settings_extra_font_patrick_hand,,Patrick Hand,Patriks Hands,
settings_extra_font_sans_serif,,Sans serif,Bez serifa,
settings_extra_font_serif,,Serif,Serifs,
settings_extra_font_space_grotesk,,Space Grotesk,Kosmoss Grotesk,
settings_extra_ha_backup_created,,Home Assistant backup created.,Home Assistant dublējums ir izveidots.,don't translate Home Assistant
settings_extra_ha_backup_enabled,,Home Assistant backup enabled.,Home Assistant dublēšana ir iespējota.,don't translate Home Assistant
settings_extra_ha_backup_failed,,Home Assistant backup failed. Is the HKI 7 Cloud component reachable?,Home Assistant dublēšana neizdevās. Vai komponents HKI 7 Cloud ir sasniedzams?,"don't translate HKI 7 Cloud, Home Assistant"
settings_extra_ha_backups_load_failed,,Could not load Home Assistant backups: %1$s,Nevarēja ielādēt Home Assistant dublējumus: %1$s,app fills in %1$s — keep them; don't translate Home Assistant
settings_extra_hide_tab,,Hide tab,Paslēpt cilni,
settings_extra_hki_cloud_step_add_integration,,"Go to Settings → Devices & Services → Add Integration, choose “HKI 7 Cloud,” and confirm.","Atveriet sadaļu Iestatījumi → Ierīces un pakalpojumi → Pievienot integrāciju, izvēlieties “HKI 7 Cloud” un apstipriniet.",don't translate HKI 7 Cloud
settings_extra_hki_cloud_step_add_repository,,"Paste %1$s, choose the “Integration” category, and add it.","Ielīmējiet %1$s, izvēlieties kategoriju “Integrācija” un pievienojiet to.",app fills in %1$s — keep them
settings_extra_hki_cloud_step_install,,"Open the new “HKI 7 Cloud” entry, install it, and restart Home Assistant.","Atveriet jauno ierakstu “HKI 7 Cloud”, instalējiet to un restartējiet Home Assistant.","don't translate HKI 7 Cloud, Home Assistant"
settings_extra_hki_cloud_step_open_custom_repositories,,"In Home Assistant, open HACS → the ⋮ menu in the top-right → Custom repositories.",Programmā Home Assistant atveriet HACS → augšējā labajā stūrī izvēlni ⋮ → Pielāgotas krātuves.,don't translate Home Assistant
settings_extra_hki_cloud_step_reopen,,Reopen this screen. The features will appear automatically.,Atkārtoti atveriet šo ekrānu. Funkcijas parādīsies automātiski.,
settings_extra_hki_cloud_version,,HKI 7 Cloud v%1$s installed,HKI 7 Cloud v%1$s ir instalēts,app fills in %1$s — keep them; don't translate HKI 7 Cloud
settings_extra_hki_cloud_version_unknown,,HKI 7 Cloud installed (update to see its version),"HKI 7 Cloud ir instalēts (atjauniniet, lai redzētu tā versiju)",don't translate HKI 7 Cloud
settings_extra_hki_cloud_update_to_unlock,,Update to unlock:,"Atjauniniet, lai atbloķētu:",
settings_extra_hki_cloud_feature_requires,,%1$s (needs v%2$s+),%1$s (nepieciešams v%2$s+),app fills in %1$s %2$s — keep them
settings_extra_hki_cloud_feature_reimport,,Manually re-importing or clearing dashboard view data,Informācijas paneļa skata datu manuāla atkārtota importēšana vai dzēšana,
settings_extra_hki_cloud_feature_search_lists,,Per-person Visible/Invisible global search lists,Vienai personai redzamie/neredzamie globālie meklēšanas saraksti,
settings_extra_hki_cloud_feature_room_follow,,Room following,Telpa seko,
settings_extra_hki_cloud_feature_room_follow_launch_only,,"Room following: only place someone on launch, without tracking further moves","Sekojoša telpa: novietojiet kādu personu tikai palaišanas laikā, neizsekojot turpmākās kustības",
settings_extra_hki_cloud_feature_devices,,Seeing which HKI version each family device runs,"Skatiet, kurā HKI versijā darbojas katra ģimenes ierīce",
settings_extra_hki_cloud_feature_required_version,,Requiring the family to update to a given HKI version,Prasība ģimenei atjaunināt uz noteiktu HKI versiju,
settings_extra_hki_cloud_feature_events,,"The event timeline, and hiding parts of it from individual people",Notikuma laika skala un tā daļu slēpšana no atsevišķiem cilvēkiem,
settings_extra_hki_cloud_tab_requires,,"Needs HKI 7 Cloud v%1$s or newer. Update the component in HACS — until then, what you set here won't take effect.",Nepieciešama HKI 7 Cloud v%1$s vai jaunāka versija. Atjauniniet komponentu HACS — līdz tam šeit iestatītais nebūs spēkā.,app fills in %1$s — keep them; don't translate HKI 7 Cloud
settings_extra_location_allowed_always,,Allowed all the time,Atļauts visu laiku,
settings_extra_location_allowed_foreground,,Allowed only while using the app,Atļauts tikai lietotnes lietošanas laikā,
settings_extra_location_not_allowed,,Not allowed,Nav atļauts,
language_search_placeholder,,Search languages,Meklēt valodas,
language_search_no_matches,,No language matches “%1$s”,Neviena valoda neatbilst “%1$s”,app fills in %1$s — keep them
settings_extra_language_dutch,,Nederlands,Nīderlande,
settings_extra_language_english,,English,angļu valoda,
settings_extra_language_french,,Français,Français,
settings_extra_language_german,,Deutsch,Deutsch,
settings_extra_language_italian,,Italiano,itāļu valoda,
settings_extra_language_spanish,,Español,Español,
settings_extra_language_turkish,,Türkçe,Turkçe,
settings_extra_language_portuguese,,Português,Portugāles,
settings_extra_language_portuguese_brazil,,Português (Brasil),portugāļu (Brazīlija),
settings_extra_language_spanish_latam,,Español (Latinoamérica),Spānijas (Latinoamérica),
settings_extra_language_japanese,,日本語,日本語,
settings_extra_language_korean,,한국어,한국어,
settings_extra_language_chinese_simplified,,中文（简体）,中文 (简体),
settings_extra_language_chinese_traditional,,中文（繁體）,中文（繁體）,
settings_extra_no_drive_backups,,No Google Drive backups were found.,Netika atrasts neviens Google Drive dublējums.,don't translate Google Drive
settings_extra_no_ha_backups,,No Home Assistant backups were found. Is the HKI 7 Cloud component installed?,Netika atrasts neviens Home Assistant dublējums. Vai komponents HKI 7 Cloud ir instalēts?,"don't translate HKI 7 Cloud, Home Assistant"
settings_extra_notifications_multi_home_required,,Required while multiple homes receive notifications. Manage each home under Connection.,"Nepieciešams, kamēr vairākas mājas saņem paziņojumus. Pārvaldiet katru māju sadaļā Savienojums.",
settings_extra_notifications_persistent_connection,,Keeps a persistent connection to Home Assistant while the app is closed. This uses more battery.,"Saglabā pastāvīgu savienojumu ar Home Assistant, kamēr lietotne ir aizvērta. Tas patērē vairāk akumulatora.",don't translate Home Assistant
settings_extra_paypal_logo,,PayPal logo,PayPal logotips,
settings_extra_policy_update_failed,,Could not update the policy.,Nevarēja atjaunināt politiku.,
settings_extra_policy_needs_component_update,,Permissions saved. Update HKI 7 Cloud to also store the Visible and Invisible lists.,"Atļaujas saglabātas. Atjauniniet HKI 7 Cloud, lai saglabātu arī sarakstus Visible un Invisible.",don't translate HKI 7 Cloud
settings_extra_policy_needs_component_update_room_follow,,Permissions saved. Update HKI 7 Cloud to also store the room following settings.,"Atļaujas saglabātas. Atjauniniet HKI 7 Cloud, lai saglabātu arī šādus iestatījumus.",don't translate HKI 7 Cloud
settings_extra_policy_needs_component_update_events,,"Permissions saved, but this HKI 7 Cloud is too old to hide events from this person — they would see the whole timeline. Update it to apply the restriction.","Atļaujas ir saglabātas, taču šis HKI 7 Cloud ir pārāk vecs, lai slēptu notikumus no šīs personas — viņiem būtu redzama visa laika skala. Atjauniniet to, lai piemērotu ierobežojumu.",don't translate HKI 7 Cloud
settings_extra_tab_presence,,Presence,Klātbūtne,
settings_extra_tab_events,,Events,Pasākumi,
settings_extra_events_title,,Event timeline,Pasākuma laika skala,
settings_extra_events_description,,"Choose which entities the family sees recent activity for, in the Events tab of the notification drawer. Set once here rather than on each phone. This hides the timeline, not the entities — anyone signed in to Home Assistant can still read them there.","Paziņojumu atvilktnes cilnē Notikumi izvēlieties, kurām entītijām ģimene redz nesenās darbības. Iestatiet vienu reizi šeit, nevis katrā tālrunī. Tādējādi tiek paslēpta laika skala, nevis entītijas — ikviens, kas ir pierakstījies Home Assistant, joprojām var tos tur lasīt.",don't translate Home Assistant
settings_extra_events_loading,,Loading the roster…,Notiek saraksta ielāde…,
settings_extra_events_unavailable,,Could not read the roster from HKI 7 Cloud.,Nevarēja nolasīt sarakstu no HKI 7 Cloud.,don't translate HKI 7 Cloud
settings_extra_events_empty,,No entities are being tracked yet.,Neviena entītija vēl netiek izsekota.,
settings_extra_events_choose,,Choose entities,Izvēlieties entītijas,
settings_extra_events_edit,,Edit entities,Rediģēt entītijas,
settings_extra_events_pick_title,,Entities to show events for,"Entītijas, kurām rādīt notikumus",
settings_extra_events_save_failed,,Could not save the event roster.,Nevarēja saglabāt notikumu sarakstu.,
settings_extra_events_capped,,Saved %1$d entities and %2$d domains. The timeline roster is capped.,Saglabātas %1$d entītijas un %2$d domēni. Laika skalas saraksts ir ierobežots.,app fills in %1$d %2$d — keep them
settings_extra_events_whole_domain,,All %1$s (%2$d entities),Visas %1$s (%2$d entītijas),app fills in %1$s %2$d — keep them
settings_extra_events_resolved_capped,,"This roster covers %2$d entities, but a timeline subscribes to at most %1$d. Remove a domain, or add entities by name instead.","Šis saraksts aptver %2$d entītijas, bet laika skala abonē ne vairāk kā %1$d. Noņemiet domēnu vai pievienojiet entītijas pēc nosaukuma.",app fills in %2$d %1$d — keep them
settings_extra_events_per_person_title,,Who sees what,Kurš ko redz,
settings_extra_events_per_person_description,,Everyone sees the whole timeline unless you take something out of it for them.,"Ikviens redz visu laika skalu, ja vien jūs kaut ko no tās neizņemat.",
settings_extra_events_sees_everything,,Sees the whole timeline,Redz visu laika skalu,
settings_extra_events_hidden_count,,%1$d hidden,%1$d paslēpts,app fills in %1$d — keep them
settings_extra_events_manage,,Manage,Pārvaldīt,
settings_extra_events_hidden_title,,Hide from this person,Paslēpties no šīs personas,
settings_extra_events_notifications_hint,,"The Events tab in the notification drawer shows recent activity for the entities your family admin chose. It is set for the whole family in Family Sharing, not per device.","Paziņojumu atvilktnes cilnē Notikumi tiek rādītas nesenās darbības saistībā ar entītijām, kuras izvēlējās jūsu ģimenes administrators. Tas ir iestatīts visai ģimenei ģimenes koplietošanā, nevis katrai ierīcei.",
settings_extra_events_open_family_sharing,,Open Family Sharing,Atveriet ģimenes kopīgošanu,
settings_extra_room_follow_title,,Room following,Telpa seko,
settings_extra_room_follow_description,,"Pick the room-presence sensor that tracks each person's phone, such as an ESPresense sensor. The app opens the room they are in and offers to follow them as they move.","Izvēlieties telpas klātbūtnes sensoru, kas izseko katras personas tālruni, piemēram, ESPresense sensoru. Lietojumprogramma atver telpu, kurā viņi atrodas, un piedāvā viņiem sekot, kad viņi pārvietojas.",
settings_extra_room_follow_sensor,,Presence sensor,Klātbūtnes sensors,
settings_extra_room_follow_none,,No sensor,Nav sensora,
settings_extra_room_follow_enabled,,Follow this person between rooms,Sekojiet šai personai starp telpām,
settings_extra_room_follow_open_on_launch,,Open their room when the app starts,"Kad lietotne tiek startēta, atveriet viņu istabu",
settings_extra_room_follow_continue_after_launch,,Keep following while the app is open,"Sekojiet līdzi, kamēr lietotne ir atvērta",
settings_extra_room_follow_continue_after_launch_hint,,"Turn off to only place them in the right room when the app starts, without switching rooms again while they're using it.","Izslēdziet, lai tos ievietotu pareizajā telpā tikai tad, kad tiek startēta lietotne, taču, kamēr viņi to izmanto, atkal nepārslēgtu telpas.",
settings_extra_room_follow_prompt_on_move,,Ask before switching rooms,Pirms telpu maiņas jautājiet,
settings_extra_room_follow_dwell,,Wait before a move counts,"Pagaidiet, pirms gājiens tiek skaitīts",
settings_extra_room_follow_dwell_value,,%1$d s,%1$d s,app fills in %1$d — keep them
settings_extra_room_follow_dwell_hint,,Room-presence sensors drift between nearby rooms. A longer wait means fewer false moves.,Telpas klātbūtnes sensori pārvietojas starp tuvējām telpām. Ilgāka gaidīšana nozīmē mazāk viltus kustību.,
settings_extra_room_follow_rooms,,Sensor states,Sensoru stāvokļi,
settings_extra_room_follow_rooms_matched,,Matched automatically,Saskaņots automātiski,
settings_extra_room_follow_rooms_unmatched,,Pick a room,Izvēlieties istabu,
settings_extra_room_follow_no_states,,No states seen yet. States appear here once the sensor reports them.,"Neviens štats vēl nav redzēts. Šeit tiek parādīti stāvokļi, tiklīdz sensors par tiem ziņo.",
room_follow_moved_title,,You moved to %1$s,Jūs pārcēlāties uz %1$s,app fills in %1$s — keep them
room_follow_moved_message,,"Switch to that room, or stay where you are?","Pāriet uz šo istabu vai palikt tur, kur atrodaties?",
room_follow_moved_switch,,Switch,Slēdzis,
room_follow_moved_stay,,Stay,Palieciet,
room_follow_moved_silence,,Don't ask again until I restart the app,"Nejautājiet vēlreiz, kamēr es restartēju lietotni",
settings_extra_rename_dashboard,,Rename %1$s,Pārdēvēt %1$s,app fills in %1$s — keep them
settings_extra_rename_instance,,Rename %1$s,Pārdēvēt %1$s,app fills in %1$s — keep them
settings_extra_restart_home_assistant_failed,,Could not restart Home Assistant.,Nevarēja restartēt Home Assistant.,don't translate Home Assistant
settings_extra_restore_failed,,Restore failed: %1$s,Atjaunot neizdevās: %1$s,app fills in %1$s — keep them
settings_extra_selected_file_open_failed,,Could not open the selected file,Nevarēja atvērt atlasīto failu,
settings_extra_set_dashboard_default,,Set %1$s as the default dashboard,Iestatiet %1$s kā noklusējuma informācijas paneli,app fills in %1$s — keep them
settings_extra_family_device_forget_failed,,Could not forget “%1$s.”,Nevarēja aizmirst “%1$s”.,app fills in %1$s — keep them
settings_extra_shared_dashboard_access_failed,,Could not change who can see “%1$s.”,"Nevarēja mainīt, kurš var redzēt “%1$s”.",app fills in %1$s — keep them
settings_extra_shared_dashboard_access_updated,,Updated who can see “%1$s.”,"Atjaunināts, kas var redzēt “%1$s”.",app fills in %1$s — keep them
settings_extra_shared_dashboard_delete_failed,,Could not delete “%1$s.”,Nevarēja izdzēst “%1$s”.,app fills in %1$s — keep them
settings_extra_shared_dashboard_deleted,,“%1$s” was deleted from the cloud.,“%1$s” tika izdzēsts no mākoņa.,app fills in %1$s — keep them
settings_extra_shared_dashboard_import_failed,,Could not import “%1$s.”,Nevarēja importēt “%1$s”.,app fills in %1$s — keep them
settings_extra_shared_dashboard_imported,,“%1$s” was imported into your dashboards.,“%1$s” tika importēts jūsu informācijas paneļos.,app fills in %1$s — keep them
settings_extra_shared_dashboard_now_using,,Now using “%1$s.”,Tagad tiek izmantots “%1$s”.,app fills in %1$s — keep them
settings_extra_shared_dashboard_use_failed,,Could not use “%1$s.”,Nevarēja izmantot “%1$s”.,app fills in %1$s — keep them
settings_extra_shared_dashboards_up_to_date,,Shared dashboards are already up to date.,Koplietojamie informācijas paneļi jau ir atjaunināti.,
settings_extra_show_tab,,Show tab,Rādīt cilni,
settings_extra_tab_dashboards,,Dashboards,Informācijas paneļi,
settings_extra_tab_devices,,Devices,Ierīces,
settings_extra_tab_parental_controls,,Parental controls,Vecāku kontrole,
settings_extra_tab_permissions,,Permissions,Atļaujas,
settings_extra_technology_kotlin,,Kotlin,Kotlins,
settings_extra_technology_xml_kotlin_dsl,,XML and Kotlin DSL,XML un Kotlin DSL,
settings_extra_theme_amber,,Amber,Dzintars,
settings_extra_theme_auto,,Auto,Auto,
settings_extra_theme_blue,,Blue,Zils,
settings_extra_theme_custom,,Custom,Pielāgots,
settings_extra_theme_dark,,Dark,Tumšs,
settings_extra_theme_green,,Green,Zaļš,
settings_extra_theme_light,,Light,Gaisma,
settings_extra_theme_rose,,Rose,Roze,
settings_extra_theme_system,,System,Sistēma,
settings_extra_unknown_error,,Unknown error,Nezināma kļūda,
settings_extra_unrestricted_recommended,,Unrestricted (recommended),Neierobežots (ieteicams),
settings_extra_view_battery,,Battery,Akumulators,
settings_extra_view_climate,,Climate,Klimats,
settings_extra_view_energy,,Energy,Enerģija,
settings_extra_view_rooms,,Rooms,Istabas,
settings_extra_view_security,,Security,Drošība,
settings_extra_minutes_ago,one,%1$d minute ago,Pirms %1$d minūtes,app fills in %1$d — keep them
settings_extra_minutes_ago,other,%1$d minutes ago,pirms %1$d minūtēm,app fills in %1$d — keep them
settings_extra_minutes_ago,zero,,pirms %1$d minūtēm,
settings_extra_hours_ago,one,%1$d hour ago,pirms %1$d stundas,app fills in %1$d — keep them
settings_extra_hours_ago,other,%1$d hours ago,pirms %1$d stundām,app fills in %1$d — keep them
settings_extra_hours_ago,zero,,pirms %1$d stundām,
settings_extra_days_ago,one,%1$d day ago,pirms %1$d dienas,app fills in %1$d — keep them
settings_extra_days_ago,other,%1$d days ago,pirms %1$d dienām,app fills in %1$d — keep them
settings_extra_days_ago,zero,,pirms %1$d dienām,
settings_extra_shared_dashboards_pushed,one,Pushed changes to %1$d shared dashboard.,Pārsūtītas izmaiņas %1$d koplietotajā informācijas panelī.,app fills in %1$d — keep them
settings_extra_shared_dashboards_pushed,other,Pushed changes to %1$d shared dashboards.,Pārsūtītas izmaiņas %1$d kopīgotajos informācijas paneļos.,app fills in %1$d — keep them
settings_extra_shared_dashboards_pushed,zero,,Pārsūtītas izmaiņas %1$d kopīgotajos informācijas paneļos.,
family_permission_reimport,,Allow re-importing,Atļaut atkārtotu importēšanu,
family_permission_reimport_subtitle,,"Let this person manually re-import or clear Rooms, Climate, Security, Energy, and Battery data","Ļaujiet šai personai manuāli atkārtoti importēt vai notīrīt datus par telpām, klimatu, drošību, enerģiju un akumulatoru",
family_dashboard_create_disabled_reason,,Your family administrator has disabled dashboard creation. This account can only use family-shared dashboards.,Jūsu ģimenes administrators ir atspējojis informācijas paneļa izveidi. Šajā kontā var izmantot tikai ģimenes koplietotos informācijas paneļus.,
family_dashboard_restore_disabled_reason,,"Your family administrator has disabled dashboard switching. Restoring a backup could replace the family dashboard, so this account can only select a shared dashboard.","Jūsu ģimenes administrators ir atspējojis informācijas paneļa pārslēgšanu. Dublējuma atjaunošana var aizstāt ģimenes informācijas paneli, tāpēc šajā kontā var atlasīt tikai koplietotu informācijas paneli.",
family_settings_admin_only,,Locked — only a Home Assistant administrator can manage family sharing,Bloķēts — tikai Home Assistant administrators var pārvaldīt ģimenes koplietošanu,don't translate Home Assistant
family_aesthetics_only_explanation,,"Aesthetics-only access allows local names, icons, colors, backgrounds, card styles, shapes, sizes, and layout. Entities, actions, visibility rules, content, controls, and other behavior remain managed by the dashboard owner.","Tikai estētikas piekļuve ļauj izmantot vietējos nosaukumus, ikonas, krāsas, fonus, kartīšu stilus, formas, izmērus un izkārtojumu. Entītijas, darbības, redzamības kārtulas, saturu, vadīklas un citas darbības joprojām pārvalda informācijas paneļa īpašnieks.",
parental_search_access_title,,Entity search access,Piekļuve entītiju meklēšanai,
parental_search_access_hint,,Choose which Home Assistant domains or individual entities this person can find in global search. Invisible selections always take precedence.,"Izvēlieties, kurus Home Assistant domēnus vai atsevišķas entītijas šī persona var atrast globālajā meklēšanā. Neredzamām atlasēm vienmēr ir prioritāte.",don't translate Home Assistant
parental_search_visible_title,,Visible,Redzams,
parental_search_invisible_title,,Invisible,Neredzams,
parental_search_visible_empty,,All entities are visible unless they appear in the Invisible list.,"Visas entītijas ir redzamas, ja vien tās nav redzamas neredzamo sarakstā.",
parental_search_invisible_empty,,No entities are explicitly hidden.,Neviena entītija nav skaidri paslēpta.,
parental_search_picker_subtitle,,Select entire domains or individual entities,Atlasiet veselus domēnus vai atsevišķas vienības,
parental_search_domains,,Domains,Domēni,
parental_search_entire_domain,,Entire domain,Viss domēns,
parental_search_domain_chip,,Domain: %1$s,Domēns: %1$s,app fills in %1$s — keep them
ha_page_category,,Home Assistant,Home Assistant,don't translate Home Assistant
ha_page_category_subtitle,,Open your server's own pages without leaving HKI 7,"Atveriet sava servera lapas, neizejot no HKI 7",don't translate HKI 7
ha_page_settings,,Home Assistant settings,Home Assistant iestatījumi,don't translate Home Assistant
ha_page_settings_subtitle,,"Integrations, devices, areas and automations","Integrācijas, ierīces, zonas un automatizācijas",
ha_page_dev_tools,,Developer tools,Izstrādātāju rīki,
ha_page_dev_tools_subtitle,,"States, services, templates and events","Stāvokļi, pakalpojumi, veidnes un notikumi",
ha_page_hacs,,HACS,HACS,
ha_page_hacs_subtitle,,Community integrations and frontend add-ons,Kopienas integrācijas un priekšgala papildinājumi,
ha_page_no_server,,Connect to a Home Assistant server first.,Vispirms izveidojiet savienojumu ar Home Assistant serveri.,don't translate Home Assistant
ha_page_reload,,Reload,Pārlādēt,
ha_page_open_browser,,Open in browser,Atvērt pārlūkprogrammā,
ha_page_session_failed,,Could not start the embedded Home Assistant session. Reload the page or open it in your browser.,Nevarēja sākt iegulto Home Assistant sesiju. Pārlādējiet lapu vai atveriet to savā pārlūkprogrammā.,don't translate Home Assistant
update_channel_name,,App updates,Lietotņu atjauninājumi,
update_channel_description,,Tells you when a newer version of HKI 7 has been released,"Informē, kad ir izlaista jaunāka HKI 7 versija",don't translate HKI 7
update_available_title,,HKI 7 %1$s is available,HKI 7 %1$s ir pieejams,app fills in %1$s — keep them; don't translate HKI 7
update_available_body,,Tap to see what changed and update,"Pieskarieties, lai redzētu, kas ir mainījies un atjaunināts",
update_title,,App updates,Lietotņu atjauninājumi,
update_subtitle_checking,,Checking for a newer version…,Tiek pārbaudīta jaunāka versija…,
update_subtitle_current,,You are on the latest version,Jūs izmantojat jaunāko versiju,
update_subtitle_available,,Version %1$s is available,Ir pieejama versija %1$s,app fills in %1$s — keep them
update_check_now,,Check for updates,"Pārbaudiet, vai nav atjauninājumu",
update_now,,Update now,Atjauniniet tūlīt,
update_see_changes,,See what changed,"Skatiet, kas mainījās",
update_watch_releases,,Tell me about new releases,Pastāstiet man par jaunumiem,
update_watch_releases_subtitle,,Checks GitHub once a day and notifies you when a newer version is published,"Reizi dienā pārbauda GitHub un paziņo, kad tiek publicēta jaunāka versija",
uif_a_state,,a state,valsts,
uif_a_time,,a time,laiks,
uif_actions,,Actions,Darbības,
uif_active,,Active,Aktīvs,
uif_adaptive,,Adaptive,Adaptīvs,
uif_advanced,,Advanced,Papildu,
uif_air_quality,,Air quality,Gaisa kvalitāte,
uif_alarm,,Alarm,Signalizācija,
uif_alarms,,Alarms,Signalizācijas,
uif_allow,,Allow,Atļaut,
uif_allow_all_the_time,,Allow all the time,Ļauj visu laiku,
uif_and_separator,,\u0020and\u0020,\\u0020un\\u0020,
uif_appearance,,Appearance,Izskats,
uif_aqi,,AQI,AQI,
uif_auto,,Auto,Auto,
uif_back,,Back,Atpakaļ,
uif_beep,,Beep,Pīkstiens,
uif_brightness,,Brightness,Spilgtums,
uif_bucket,,Bucket,Spainis,
uif_choose_action,,Choose action,Izvēlieties darbību,
uif_choose_entity,,Choose entity,Izvēlieties entītiju,
uif_choose_target,,Choose target,Izvēlieties mērķi,
uif_circle,,Circle,Aplis,
uif_color,,Color,Krāsa,
uif_date,,Date,Datums,
uif_date_and_time,,Date and time,Datums un laiks,
uif_defrost,,Defrost,Atkausēt,
uif_devices_on,,Devices on,Ierīces ieslēgtas,
uif_direction_east_short,,E,E,
uif_direction_north_short,,N,N,
uif_direction_northeast_short,,NE,ZA,
uif_direction_northwest_short,,NW,ZR,
uif_direction_south_short,,S,S,
uif_direction_southeast_short,,SE,SE,
uif_direction_southwest_short,,SW,SW,
uif_direction_west_short,,W,W,
uif_display,,Display,Displejs,
uif_edit,,Edit,Rediģēt,
uif_enable,,Enable,Iespējot,
uif_enable_location,,Enable location,Iespējot atrašanās vietu,
uif_enabled,,Enabled,Iespējots,
uif_entities,,Entities,Entītijas,
uif_error,,Error,Kļūda,
uif_fan_speed,,Fan speed,Ventilatora ātrums,
uif_feels_like_temperature,,Feels like %1$d°,"Šķiet, ka %1$d°",app fills in %1$d — keep them
uif_filter,,Filter,Filtrs,
uif_fire,,Fire,Ugunsgrēks,
uif_flow_actions_available,,Actions available in Home Assistant,Pieejamās darbības Home Assistant,don't translate Home Assistant
uif_flow_actions_load_failed,,Could not load Home Assistant actions,Nevarēja ielādēt Home Assistant darbības,don't translate Home Assistant
uif_flow_advanced_block_unchanged,,Advanced block (kept unchanged),Papildu bloks (saglabāts nemainīgs),
uif_flow_after_format,,After (HH:MM:SS),Pēc (HH:MM:SS),
uif_flow_after_time,,after %1$s,pēc %1$s,app fills in %1$s — keep them
uif_flow_at_time,,At %1$s,Vietnē %1$s,app fills in %1$s — keep them
uif_flow_automation_delete_failed,,Could not delete this automation,Nevarēja izdzēst šo automatizāciju,
uif_flow_automation_deleted,,Deleted from Home Assistant,Izdzēsts no Home Assistant,don't translate Home Assistant
uif_flow_automation_load_failed,,Could not load this automation,Nevarēja ielādēt šo automatizāciju,
uif_flow_automation_save_failed,,Could not save this automation,Nevarēja saglabāt šo automatizāciju,
uif_flow_automation_saved,,Saved and loaded in Home Assistant,Saglabāts un ielādēts Home Assistant,don't translate Home Assistant
uif_flow_before_format,,Before (HH:MM:SS),Pirms (HH:MM:SS),
uif_flow_before_time,,before %1$s,pirms %1$s,app fills in %1$s — keep them
uif_flow_domain_actions_first,,%1$s actions are shown first,%1$s darbības tiek parādītas vispirms,app fills in %1$s — keep them
uif_flow_entity_becomes_state,,%1$s becomes %2$s,%1$s kļūst par %2$s,app fills in %1$s %2$s — keep them
uif_flow_entity_is_state,,%1$s is %2$s,%1$s ir %2$s,app fills in %1$s %2$s — keep them
uif_flow_entity_state,,Entity state,Entītijas stāvoklis,
uif_flow_ha_action,,Home Assistant action,Home Assistant darbība,don't translate Home Assistant
uif_flow_mode_parallel,,Parallel,Paralēli,
uif_flow_mode_parallel_description,,Start every trigger as a separate run at the same time.,Sāciet katru aktivizētāju kā atsevišķu palaišanu vienlaikus.,
uif_flow_mode_queued,,Queued,Rindā,
uif_flow_mode_queued_description,,"Wait, then run each trigger in the order it arrived.","Uzgaidiet, pēc tam palaidiet katru aktivizētāju tādā secībā, kādā tas tika saņemts.",
uif_flow_mode_restart,,Restart,Restartēt,
uif_flow_mode_restart_description,,Stop the current run and start again when conditions still pass.,"Apturiet pašreizējo skrējienu un sāciet no jauna, kad apstākļi joprojām ir spēkā.",
uif_flow_mode_single,,Single,Vientuļa,
uif_flow_mode_single_description,,Ignore a new trigger while this flow is still running.,"Ignorējiet jaunu aktivizētāju, kamēr šī plūsma joprojām darbojas.",
uif_flow_perform_ha_action,,Perform a Home Assistant action,Veiciet darbību Home Assistant,don't translate Home Assistant
uif_flow_section_and_if,,And if,Un ja,
uif_flow_section_then,,Then,Tad,
uif_flow_section_when,,When,Kad,
uif_flow_sun_event,,Sun event,Saules pasākums,
uif_flow_sunrise_or_sunset,,Sunrise or sunset,Saullēkts vai saulriets,
uif_flow_time_format,,Time (HH:MM:SS),Laiks (HH:MM:SS),
uif_flow_time_window,,Time window,Laika logs,
uif_flow_group_any,,Any of these,Jebkurš no šiem,
uif_flow_group_all,,All of these,Visas šīs,
uif_flow_group_none,,None of these,Neviens no šiem,
uif_flow_group_empty,,Empty — open it to add conditions,"Tukšs — atveriet to, lai pievienotu nosacījumus",
uif_flow_group_open,,Open group,Atvērt grupu,
uif_flow_group_back,,Back,Atpakaļ,
uif_flow_group_count,one,%1$d condition inside,%1$d nosacījums iekšā,app fills in %1$d — keep them
uif_flow_group_count,other,%1$d conditions inside,%1$d nosacījumiem,app fills in %1$d — keep them
uif_flow_group_count,zero,,%1$d nosacījumiem,
uif_flow_within_time_window,,Within a time window,Laika logā,
uif_full,,Full,Pilns,
uif_gas,,Gas,Gāze,
uif_glow,,Glow,Mirdzums,
uif_half,,Half,Puse,
uif_header_pill,,Header pill,Galvenes tablete,
uif_hold,,Hold,Turiet,
uif_humidity,,Humidity,Mitrums,
uif_ionizer,,Ionizer,Jonizators,
uif_lights_on,,Lights on,Gaismas ieslēgtas,
uif_local_network_access,,Local network access,Piekļuve vietējam tīklam,
uif_local_network_access_description,,Allows HKI 7 to find and connect directly to Home Assistant on your Wi-Fi network.,Ļauj HKI 7 atrast un tieši izveidot savienojumu ar Home Assistant jūsu Wi-Fi tīklā.,"don't translate Home Assistant, HKI 7"
uif_mode_auto,,Auto,Auto,
uif_mode_away,,Away,Prom,
uif_mode_baby,,Baby,Mazulis,
uif_mode_boost,,Boost,Pastiprināt,
uif_mode_clothes,,Clothes,Apģērbi,
uif_mode_comfort,,Comfort,Komforts,
uif_mode_continuous,,Continuous,Nepārtraukta,
uif_mode_dry,,Dry,Sauss,
uif_mode_eco,,Eco,Eko,
uif_mode_high,,High,Augsts,
uif_mode_home,,Home,Sākums,
uif_mode_laundry,,Laundry,Veļas mazgāšana,
uif_mode_low,,Low,Zems,
uif_mode_manual,,Manual,Rokasgrāmata,
uif_mode_medium,,Medium,Vidēja,
uif_mode_normal,,Normal,Normāls,
uif_mode_purify,,Purify,Attīrīt,
uif_mode_quiet,,Quiet,Kluss,
uif_mode_sleep,,Sleep,Gulēt,
uif_moon,,Moon,Mēness,
uif_moon_phase_first_quarter,,First quarter,Pirmā ceturtdaļa,
uif_moon_phase_full,,Full moon,Pilnmēness,
uif_moon_phase_last_quarter,,Last quarter,Pēdējais ceturksnis,
uif_moon_phase_new,,New moon,Jauns mēness,
uif_moon_phase_waning_crescent,,Waning crescent,Dilstošs pusmēness,
uif_moon_phase_waning_gibbous,,Waning gibbous,Dilstošs niķīgs,
uif_moon_phase_waxing_crescent,,Waxing crescent,Augošs pusmēness,
uif_moon_phase_waxing_gibbous,,Waxing gibbous,Vaksācijas gibbous,
uif_motion,,Motion,Kustība,
uif_mute,,Mute,Izslēgt skaņu,
uif_next,,Next,Tālāk,
uif_none,,None,Nav,
uif_off,,Off,Izslēgts,
uif_onboarding_add_in_edit_mode,,Add everything yourself in Edit mode,Pievienojiet visu pats rediģēšanas režīmā,
uif_onboarding_add_internal_url_later,,"For a faster direct connection at home, you can add an internal URL and your home Wi-Fi networks later in Settings > Connection.","Lai nodrošinātu ātrāku tiešo savienojumu mājās, vēlāk varat pievienot iekšējo URL un mājas Wi-Fi tīklus sadaļā Iestatījumi > Savienojums.",
uif_onboarding_add_remote_url_later,,"To connect while you're away from home, add a Nabu Casa or external URL later in Settings > Connection.","Lai izveidotu savienojumu, atrodoties prom no mājām, vēlāk pievienojiet Nabu Casa vai ārējo URL sadaļā Iestatījumi > Savienojums.",don't translate Nabu Casa
uif_onboarding_auto_entities,,"Finds suitable Climate, Security, Energy and Battery entities","Atrod piemērotas klimata, drošības, enerģijas un akumulatora vienības",
uif_onboarding_auto_generate,,Auto generate,Automātiski ģenerēt,
uif_onboarding_auto_rooms_floors,,Creates rooms and floors from Home Assistant areas,Izveido telpas un stāvus no Home Assistant zonām,don't translate Home Assistant
uif_onboarding_building_dashboard,,Building dashboard…,Informācijas paneļa izveide…,
uif_onboarding_connection_failed,,Connection failed,Savienojums neizdevās,
uif_onboarding_everything_editable,,Everything can be changed afterward in Edit mode,Pēc tam visu var mainīt rediģēšanas režīmā,
uif_onboarding_external_access_explanation,,HKI 7 can reach your smart home both at home and while you're away through the external URL you entered.,"HKI 7 var sasniegt jūsu viedo māju gan mājās, gan jūsu prombūtnes laikā, izmantojot jūsu ievadīto ārējo URL.",don't translate HKI 7
uif_onboarding_local_access_explanation,,Your smart home is currently available to HKI 7 only while this device can reach your local Home Assistant network.,"Jūsu viedā māja pašlaik ir pieejama tikai HKI 7, kamēr šī ierīce var sasniegt jūsu vietējo Home Assistant tīklu.","don't translate Home Assistant, HKI 7"
uif_onboarding_login_failed,,Login failed: %1$s,Pieteikšanās neizdevās: %1$s,app fills in %1$s — keep them
uif_onboarding_nabu_casa_access_explanation,,HKI 7 can reach your smart home both at home and while you're away through your Nabu Casa URL.,"HKI 7 var sasniegt jūsu viedo māju gan mājās, gan jūsu prombūtnes laikā, izmantojot jūsu Nabu Casa URL.","don't translate Nabu Casa, HKI 7"
uif_onboarding_no_authorization_code,,Login failed: Home Assistant returned no authorization code.,Pieteikšanās neizdevās: Home Assistant neatgrieza autorizācijas kodu.,don't translate Home Assistant
uif_onboarding_preparing_dashboard,,Preparing dashboard…,Notiek informācijas paneļa sagatavošana…,
uif_onboarding_server_http_error,,The server answered with HTTP %1$d,Serveris atbildēja ar HTTP %1$d,app fills in %1$d — keep them
uif_onboarding_shared_import_failed,,Could not import “%1$s”. Try again.,Nevarēja importēt “%1$s”. Mēģiniet vēlreiz.,app fills in %1$s — keep them
uif_onboarding_start_empty,,Start empty,Sāciet tukšu,
uif_onboarding_starts_empty,,"Starts without imported rooms, widgets or view entities","Sākas bez importētām telpām, logrīkiem vai skata entītijām",
uif_open,,Open,Atvērt,
uif_open_doors,,Open doors,Atvērt durvis,
uif_open_settings,,Open settings,Atveriet iestatījumus,
uif_open_windows,,Open windows,Atveriet logus,
uif_of_enabled,,%1$d of %2$d enabled,%1$d no %2$d ir iespējots,app fills in %1$d %2$d — keep them
uif_pause,,Pause,Pauze,
uif_percentage,,Percentage,Procenti,
uif_permissions_can_be_changed_later,,You can change these permissions later in Android Settings.,Šīs atļaujas vēlāk varēsiet mainīt Android iestatījumos.,
uif_pick_to_auto_fill,,Pick to auto-fill,Izvēlieties automātiskai aizpildīšanai,
uif_pill,,Pill,Tabletes,
uif_play,,Play,Spēlēt,
uif_playlists,,Playlists,Atskaņošanas saraksti,
uif_pm25,,PM2.5,"PM2,5",
uif_presence,,Presence,Klātbūtne,
uif_pressure,,Pressure,Spiediens,
uif_pressure_hpa,,%1$d hPa,%1$d hPa,app fills in %1$d — keep them
uif_previous,,Previous,Iepriekšējais,
uif_pulse,,Pulse,Pulss,
uif_pump,,Pump,Sūknis,
uif_rain,,Rain,Lietus,
uif_rain_map_camera,,Rain map camera,Lietus kartes kamera,
uif_recipe_arrive_home_description,,Activate a scene when someone arrives home,"Aktivizējiet ainu, kad kāds ierodas mājās",
uif_recipe_arrive_home_title,,Welcome home,Laipni lūgti mājās,
uif_recipe_bedtime_description,,Turn off a light at a chosen bedtime,Izslēdziet gaismu izvēlētajā gulētiešanas laikā,
uif_recipe_bedtime_title,,Bedtime lights,Gulēšanas gaismas,
uif_recipe_blank_description,,Build an automation from an empty canvas,Izveidojiet automatizāciju no tukša audekla,
uif_recipe_blank_title,,Start empty,Sāciet tukšu,
uif_recipe_close_covers_description,,Close a cover when the sun sets,"Kad saule noriet, aizveriet vāku",
uif_recipe_close_covers_title,,Close covers at sunset,Aizveriet vākus saulrietā,
uif_recipe_entity_state_description,,Run an action when an entity reaches a state,"Veiciet darbību, kad entītija sasniedz stāvokli",
uif_recipe_entity_state_title,,Entity changes,Vienības izmaiņas,
uif_recipe_leave_home_description,,Turn off a light when someone leaves home,"Izslēdziet gaismu, kad kāds iziet no mājām",
uif_recipe_leave_home_title,,Leaving home,Izejot no mājām,
uif_recipe_lock_at_night_description,,Lock a door at a chosen time,Aizslēdziet durvis izvēlētajā laikā,
uif_recipe_lock_at_night_title,,Lock up at night,Naktī aizslēdzies,
uif_recipe_morning_scene_description,,Activate a scene at a chosen morning time,Aktivizējiet ainu izvēlētajā rīta laikā,
uif_recipe_morning_scene_title,,Morning scene,Rīta aina,
uif_recipe_motion_lights_description,,Turn on a light when motion is detected,"Ieslēdziet gaismu, kad tiek noteikta kustība",
uif_recipe_motion_lights_title,,Motion lighting,Kustības apgaismojums,
uif_recipe_open_covers_description,,Open a cover when the sun rises,"Kad saule lec, atveriet vāku",
uif_recipe_open_covers_title,,Open covers at sunrise,Atveriet vākus saullēktā,
uif_recipe_schedule_description,,Run an action at a fixed time every day,Katru dienu veiciet darbību noteiktā laikā,
uif_recipe_schedule_title,,At a time,Vienā reizē,
uif_recipe_sunrise_lights_off_description,,Turn off a light when the sun rises,"Izslēdziet gaismu, kad uzlec saule",
uif_recipe_sunrise_lights_off_title,,Lights off at sunrise,Apgaismojums izslēdzas saullēktā,
uif_recipe_sunset_description,,Run an action at sunset,Veiciet darbību saulrietā,
uif_recipe_sunset_title,,Around sunset,Ap saulrietu,
uif_refresh,,Refresh,Atsvaidzināt,
uif_remove,,Remove,Noņemt,
uif_repeat,,Repeat,Atkārtojiet,
uif_run,,Run,Skrien,
uif_season,,Season,Sezona,
uif_season_autumn,,Autumn,Rudens,
uif_season_spring,,Spring,Pavasaris,
uif_season_summer,,Summer,Vasara,
uif_season_winter,,Winter,Ziema,
uif_shuffle,,Shuffle,Jauktā secībā,
uif_sleep,,Sleep,Gulēt,
uif_smoke,,Smoke,Smēķēt,
uif_source,,Source,Avots,
uif_source_device,,Source device,Avota ierīce,
uif_speed,,Speed,Ātrums,
uif_speed_kmh,,%1$d km/h,%1$d km/h,app fills in %1$d — keep them
uif_spin,,Spin,Spin,
uif_state_active,,Active,Aktīvs,
uif_state_away,,Away,Prom,
uif_state_buffering,,Buffering,Buferizācija,
uif_state_cleaning,,Cleaning,Tīrīšana,
uif_state_closed,,Closed,Slēgts,
uif_state_docked,,Docked,Pieslēgts,
uif_state_error,,Error,Kļūda,
uif_state_home,,Home,Sākums,
uif_state_idle,,Idle,Dīkstāvē,
uif_state_locked,,Locked,Bloķēts,
uif_state_off,,Off,Izslēgts,
uif_state_on,,On,Ieslēgts,
uif_state_open,,Open,Atvērt,
uif_state_paused,,Paused,Pauzēts,
uif_state_playing,,Playing,Spēlē,
uif_state_returning,,Returning,Atgriežoties,
uif_state_standby,,Standby,Gaidīšanas režīms,
uif_state_unavailable,,Unavailable,Nav pieejams,
uif_state_unknown,,Unknown,Nezināms,
uif_state_unlocked,,Unlocked,Atbloķēts,
uif_sun,,Sun,Sv,
uif_sunrise,,Sunrise,Saullēkts,
uif_sunset,,Sunset,Saulriets,
uif_tank,,Tank,Tvertne,
uif_tap,,Tap,Pieskarieties,
uif_third,,Third,Trešais,
uif_time,,Time,Laiks,
uif_unknown,,Unknown,Nezināms,
uif_update_failed,,Could not update %1$s,Nevarēja atjaunināt %1$s,app fills in %1$s — keep them
uif_updated,,%1$s updated,%1$s atjaunināts,app fills in %1$s — keep them
uif_weather,,Weather,Laikapstākļi,
uif_wind,,Wind,Vējš,
uif_active_device_count,one,%1$d active device,%1$d aktīva ierīce,app fills in %1$d — keep them
uif_active_device_count,other,%1$d active devices,%1$d aktīvās ierīces,app fills in %1$d — keep them
uif_active_device_count,zero,,%1$d aktīvās ierīces,
uif_adaptive_group_paused_count,one,%1$d group light is paused for manual control.,%1$d grupas indikators ir apturēts manuālai vadībai.,app fills in %1$d — keep them
uif_adaptive_group_paused_count,other,%1$d group lights are paused for manual control.,%1$d grupas indikatori ir apturēti manuālai vadībai.,app fills in %1$d — keep them
uif_adaptive_group_paused_count,zero,,%1$d grupas indikatori ir apturēti manuālai vadībai.,
uif_adaptive_profile_light_count,one,Controls %1$d light in this profile.,Kontrolē %1$d gaismu šajā profilā.,app fills in %1$d — keep them
uif_adaptive_profile_light_count,other,Controls %1$d lights in this profile.,Kontrolē %1$d gaismas šajā profilā.,app fills in %1$d — keep them
uif_adaptive_profile_light_count,zero,,Kontrolē %1$d gaismas šajā profilā.,
uif_days_to_season,one,%1$d day to %2$s,%1$d diena līdz %2$s,app fills in %1$d %2$s — keep them
uif_days_to_season,other,%1$d days to %2$s,%1$d dienas līdz %2$s,app fills in %1$d %2$s — keep them
uif_days_to_season,zero,,%1$d dienas līdz %2$s,
uif_device_on_count,one,%1$d device on,%1$d ierīce ir ieslēgta,app fills in %1$d — keep them
uif_device_on_count,other,%1$d devices on,%1$d ierīces ir ieslēgtas,app fills in %1$d — keep them
uif_device_on_count,zero,,%1$d ierīces ir ieslēgtas,
uif_fire_detector_count,one,%1$d fire detector active,%1$d ugunsgrēka detektors ir aktīvs,app fills in %1$d — keep them
uif_fire_detector_count,other,%1$d fire detectors active,%1$d ugunsgrēka detektori ir aktīvi,app fills in %1$d — keep them
uif_fire_detector_count,zero,,%1$d ugunsgrēka detektori ir aktīvi,
uif_flow_advanced_block_count,one,%1$d advanced shorthand block (kept unchanged),%1$d uzlabots stenogrāfijas bloks (saglabāts nemainīgs),app fills in %1$d — keep them
uif_flow_advanced_block_count,other,%1$d advanced shorthand blocks (kept unchanged),%1$d uzlaboti stenogrāfijas bloki (nemainīti),app fills in %1$d — keep them
uif_flow_advanced_block_count,zero,,%1$d uzlaboti stenogrāfijas bloki (nemainīti),
uif_gas_detector_count,one,%1$d gas detector active,%1$d gāzes detektors ir aktīvs,app fills in %1$d — keep them
uif_gas_detector_count,other,%1$d gas detectors active,%1$d gāzes detektori ir aktīvi,app fills in %1$d — keep them
uif_gas_detector_count,zero,,%1$d gāzes detektori ir aktīvi,
uif_light_on_count,one,%1$d light on,%1$d deg gaisma,app fills in %1$d — keep them
uif_light_on_count,other,%1$d lights on,%1$d ir ieslēgts,app fills in %1$d — keep them
uif_light_on_count,zero,,%1$d ir ieslēgts,
uif_media_item_count,one,%1$d item,%1$d vienums,app fills in %1$d — keep them
uif_media_item_count,other,%1$d items,%1$d vienumi,app fills in %1$d — keep them
uif_media_item_count,zero,,%1$d vienumi,
uif_motion_sensor_count,one,%1$d motion sensor active,%1$d kustības sensors ir aktīvs,app fills in %1$d — keep them
uif_motion_sensor_count,other,%1$d motion sensors active,%1$d kustības sensori ir aktīvi,app fills in %1$d — keep them
uif_motion_sensor_count,zero,,%1$d kustības sensori ir aktīvi,
uif_open_door_count,one,%1$d open door,%1$d atvērtas durvis,app fills in %1$d — keep them
uif_open_door_count,other,%1$d open doors,%1$d atvērtas durvis,app fills in %1$d — keep them
uif_open_door_count,zero,,%1$d atvērtas durvis,
uif_open_window_count,one,%1$d open window,%1$d atvērts logs,app fills in %1$d — keep them
uif_open_window_count,other,%1$d open windows,%1$d atvērti logi,app fills in %1$d — keep them
uif_open_window_count,zero,,%1$d atvērti logi,
uif_presence_sensor_count,one,%1$d presence sensor active,%1$d klātbūtnes sensors ir aktīvs,app fills in %1$d — keep them
uif_presence_sensor_count,other,%1$d presence sensors active,%1$d klātbūtnes sensori ir aktīvi,app fills in %1$d — keep them
uif_presence_sensor_count,zero,,%1$d klātbūtnes sensori ir aktīvi,
uif_smoke_detector_count,one,%1$d smoke detector active,%1$d dūmu detektors ir aktīvs,app fills in %1$d — keep them
uif_smoke_detector_count,other,%1$d smoke detectors active,%1$d dūmu detektori ir aktīvi,app fills in %1$d — keep them
uif_smoke_detector_count,zero,,%1$d dūmu detektori ir aktīvi,
weather_animate_title,,Animated weather,Animēti laikapstākļi,
weather_animate_description,,"Where the full-colour weather artwork plays. Turn a surface off to show its still artwork instead — the forecast strips are the ones that cost the most, since they animate a dozen icons side by side.","Kur tiek atskaņots pilnkrāsu laikapstākļu mākslas darbs. Izslēdziet virsmu, lai tā vietā parādītu tās nekustīgos mākslas darbus — prognožu joslas ir tās, kas maksā visvairāk, jo tās blakus blakus animē duci ikonu.",
weather_animate_applies_everywhere,,"These apply to this device everywhere weather is shown, not just to this pill. The same switches are in Settings › Appearance › Icons.","Tie attiecas uz šo ierīci visur, kur tiek rādīti laikapstākļi, ne tikai uz šo tableti. Tie paši slēdži ir sadaļā Iestatījumi › Izskats › Ikonas.",
weather_animate_pill,,Header pill,Galvenes tablete,
weather_animate_pill_description,,The small weather icon beside the dashboard title.,Mazā laikapstākļu ikona blakus informācijas paneļa nosaukumam.,
weather_animate_dialog,,Weather dialog,Laikapstākļu dialogs,
weather_animate_dialog_description,,The large icon on the current-weather card when you open the weather.,"Lielā ikona pašreizējo laikapstākļu kartītē, kad atverat laika ziņas.",
weather_animate_forecast,,Forecast strips,Prognožu sloksnes,
weather_animate_forecast_description,,"The daily and hourly rows, in the dialog and on the dashboard.",Dienas un stundas rindas dialoglodziņā un informācijas panelī.,
weather_animate_widget,,Weather widget,Laikapstākļu logrīks,
weather_animate_widget_description,,The weather card on the dashboard itself.,Laikapstākļu karte pašā informācijas panelī.,
widgets_tab_content,,Content,Saturs,
widgets_tab_appearance,,Appearance,Izskats,
widgets_tab_data,,Data,Dati,
widgets_tab_chart,,Chart,Diagramma,
widgets_tab_graphs,,Graphs,Grafiki,
widgets_tab_layout,,Layout,Izkārtojums,
widgets_tab_data_sources,,Data sources,Datu avoti,
widgets_remove,,Remove,Noņemt,
widgets_reimport,,Re-import,Atkārtoti importēt,
widgets_unavailable,,Unavailable,Nav pieejams,
widgets_today,,Today,Šodien,
widgets_tomorrow,,Tomorrow,rīt,
widgets_yesterday,,Yesterday,vakar,
widgets_today_initial,,T,T,
widgets_iframe_title,,iFrame,iFrame,
widgets_iframe_subtitle,,Embed a web page on your dashboard,Iegult tīmekļa lapu savā informācijas panelī,
widgets_ratio_square,,Square,Kvadrāts,
widgets_ratio_wide,,Wide,Plašs,
widgets_ratio_tall,,Tall,Gara auguma,
widgets_markdown_title,,Markdown,Markdown,
widgets_markdown_subtitle,,Content and card appearance,Saturs un kartes izskats,
widgets_media_player_title,,Media player,Multivides atskaņotājs,
widgets_media_player_subtitle,,"Source, layout, and artwork","Avots, izkārtojums un mākslas darbi",
widgets_stat_min,,Min,Min,
widgets_stat_average,,Avg,Vid,
widgets_stat_max,,Max,Maks,
widgets_sensor_graph_title,,Sensor graph,Sensora grafiks,
widgets_sensor_graph_subtitle,,"Entities, chart style, and appearance","Entītijas, diagrammas stils un izskats",
widgets_sensor_graph_stack_title,,Sensor graph stack,Sensoru grafiku kaudze,
widgets_sensor_graph_stack_subtitle,,Grouped charts and stack layout,Grupētas diagrammas un kaudzes izkārtojums,
widgets_graph_sensor_count,one,Graph %1$d · %2$d sensor,Diagramma %1$d · %2$d sensors,app fills in %1$d %2$d — keep them
widgets_graph_sensor_count,other,Graph %1$d · %2$d sensors,Diagramma %1$d · %2$d sensori,app fills in %1$d %2$d — keep them
widgets_graph_sensor_count,zero,,Diagramma %1$d · %2$d sensori,
widgets_calendar_title,,Calendar,Kalendārs,
widgets_calendar_subtitle,,"Calendars, default view, and appearance","Kalendāri, noklusējuma skats un izskats",
widgets_calendar_agenda,,Agenda,Darba kārtība,
widgets_calendar_week,,Week,nedēļa,
widgets_calendar_month,,Month,Mēnesis,
widgets_calendar_no_entity,,No calendar entity available,Kalendāra entītija nav pieejama,
widgets_calendar_no_upcoming_events,,No events in the coming days,Tuvākajās dienās nav notikumu,
widgets_calendar_no_events_for,,No events for %1$s,Nav notikumu %1$s,app fills in %1$s — keep them
widgets_calendar_all_day,,All day,Visu dienu,
widgets_calendar_time_unknown,,Time unknown,Laiks nezināms,
widgets_vacuum_state_cleaning,,Cleaning,Tīrīšana,
widgets_vacuum_state_docked,,Docked,Pieslēgts,
widgets_vacuum_state_paused,,Paused,Pauzēts,
widgets_vacuum_state_error,,Error,Kļūda,
widgets_vacuum_state_returning,,Returning to dock,Atgriežoties pie doka,
widgets_vacuum_dock,,Dock,Doks,
widgets_vacuum_start,,Start,Sākt,
widgets_vacuum_pause,,Pause,Pauze,
widgets_vacuum_stop,,Stop,Stop,
widgets_vacuum_locate,,Locate,Atrodiet,
widgets_vacuum_fan_speed,,Fan speed,Ventilatora ātrums,
widgets_vacuum_water_level,,Water level,Ūdens līmenis,
widgets_vacuum_map,,Vacuum map,Vakuuma karte,
widgets_vacuum_room_number,,Room %1$d,Telpa %1$d,app fills in %1$d — keep them
widgets_vacuum_room_label,,Room %1$s,Telpa %1$s,app fills in %1$s — keep them
widgets_vacuum_valetudo_decode_failed,,No Valetudo map data in this camera entity,Šajā kameras vienībā nav Valetudo kartes datu,don't translate Valetudo
widgets_vacuum_valetudo_tap_hint,,Tap a room to clean it,"Pieskarieties telpai, lai to iztīrītu",
widgets_vacuum_valetudo_unmapped,,Map this robot's segments to areas in Home Assistant to clean a room by tapping it,"Kartējiet šī robota segmentus ar apgabaliem Home Assistant, lai iztīrītu istabu, pieskaroties tai",don't translate Home Assistant
widgets_vacuum_valetudo_cleaning,,Cleaning %1$s,Tīrīšana %1$s,app fills in %1$s — keep them
widgets_waste_collection_title,,Waste collection,Atkritumu savākšana,
widgets_waste_collection_subtitle,,"Sensors, calendar, and appearance","Sensori, kalendārs un izskats",
widgets_waste_sensor_picture_help,,Shows the sensor’s entity_picture (falls back to the type icon when no picture is available).,"Parāda sensora entity_picture (atgriežas līdz tipa ikonai, ja attēls nav pieejams).",
ui_people_dialog_title,,People,Cilvēki,
widgets_f1_title,,Formula 1,Formula 1,
widgets_f1_subtitle,,"Race weekend, standings, and results","Sacensību nedēļas nogale, kopvērtējums un rezultāti",
widgets_f1_sources_subtitle,,Read from the F1 Sensor integration,Lasīt no F1 sensora integrācijas,
widgets_f1_tab_next,,Next race,Nākamās sacīkstes,
widgets_f1_tab_calendar,,Calendar,Kalendārs,
widgets_f1_tab_standings,,Standings,Kopvērtējums,
widgets_f1_tab_grid,,Grid,Režģis,
widgets_f1_tab_results,,Results,Rezultāti,
widgets_f1_tab_live,,Live,Tiešraidē,
widgets_f1_drivers,,Drivers,Šoferi,
widgets_f1_constructors,,Constructors,Konstruktori,
widgets_f1_prediction,,Prediction,Prognoze,
widgets_f1_schedule,,Session schedule,Sesijas grafiks,
widgets_f1_race_control,,Race control,Sacensību kontrole,
widgets_f1_timing,,Timing,Laiks,
widgets_f1_round,,Round %1$s,%1$s kārta,app fills in %1$s — keep them
widgets_f1_lap_short,,Lap %1$s,Aplis %1$s,app fills in %1$s — keep them
widgets_f1_lap_of,,Lap %1$d / %2$d,Aplis %1$d/%2$d,app fills in %1$d %2$d — keep them
widgets_f1_wins_short,,%1$s wins,%1$s uzvar,app fills in %1$s — keep them
widgets_f1_points_wins_legend,,Right-hand column shows championship points.,Labajā pusē redzami čempionāta punkti.,
widgets_f1_prediction_now,,Now: %1$s pts,Tagad: %1$s punkti,app fills in %1$s — keep them
widgets_f1_prediction_legend,,Right-hand column shows predicted final points. Needs F1TV Auth in F1 Sensor.,Labās puses kolonna parāda paredzamos pēdējos punktus. Nepieciešama F1 TV autentifikācija F1 sensorā.,
widgets_f1_status_pit,,In pit,Bedrē,
widgets_f1_status_out,,Retired,Pensijā,
widgets_f1_no_calendar,,No season schedule available yet,Sezonas grafiks vēl nav pieejams,
widgets_f1_no_grid,,No starting grid available yet,Starta režģis vēl nav pieejams,
widgets_f1_no_prediction,,No championship prediction available. Needs F1TV Auth in F1 Sensor.,Čempionāta prognozes nav pieejamas. Nepieciešama F1 TV autentifikācija F1 sensorā.,
widgets_f1_lights_out_in,,Lights out in %1$s,Gaismas nodziest %1$s,app fills in %1$s — keep them
widgets_f1_in_days_hours,,in %1$dd %2$dh,pēc %1$dd %2$dh,app fills in %1$d %2$d — keep them
widgets_f1_in_hours_minutes,,in %1$dh %2$dm,pēc %1$dh %2$dmin,app fills in %1$d %2$d — keep them
widgets_f1_in_minutes,,in %1$dm,pēc %1$dmin,app fills in %1$d — keep them
widgets_f1_no_upcoming,,No upcoming race,Nav gaidāmo sacensību,
widgets_f1_today_at,,Today %1$s,Šodien %1$s,app fills in %1$s — keep them
widgets_f1_tomorrow_at,,Tomorrow %1$s,Rīt %1$s,app fills in %1$s — keep them
widgets_f1_time_unknown,,Time to be confirmed,Laiks apstiprināt,
widgets_f1_sensors_used,,"This widget uses the next race, season calendar, starting grid, driver and constructor standings, last race results, weather, and — during a session — track status, session status, race control, driver positions, and current tyres. It also shows a championship prediction when F1 Sensor's optional F1TV Auth is set up. Other F1 Sensor options are not needed for it.","Šis logrīks izmanto nākamās sacensības, sezonas kalendāru, starta tīklu, braucēju un konstruktoru kopvērtējumus, pēdējo sacensību rezultātus, laikapstākļus un sesijas laikā trases statusu, sesijas statusu, sacensību kontroli, braucēju pozīcijas un pašreizējās riepas. Tas parāda arī čempionāta prognozi, kad ir iestatīta F1 sensora izvēles F1TV autentifikācija. Citas F1 sensora opcijas tam nav nepieciešamas.",
widgets_f1_no_standings,,No standings available yet,Pagaidām nav pieejams neviens kopvērtējums,
widgets_f1_no_results,,No race results available yet,Sacensību rezultāti vēl nav pieejami,
widgets_f1_no_race_control,,No race control messages,Nav sacensību kontroles ziņojumu,
widgets_f1_not_found,,F1 Sensor not found,F1 sensors nav atrasts,
widgets_f1_not_found_long,,The F1 Sensor integration was not found. Install it in Home Assistant (HACS: Nicxe/f1_sensor) and its sensors are picked up automatically.,"F1 sensora integrācija netika atrasta. Instalējiet to Home Assistant (HACS: Nicxe/f1_sensor), un tā sensori tiek uztverti automātiski.",don't translate Home Assistant
widgets_f1_found,,Found %1$d F1 sensors.,Atrasti %1$d F1 sensori.,app fills in %1$d — keep them
widgets_f1_default_tab,,Opening tab,Atvēršanas cilne,
widgets_f1_background_help,,"With no background image the card shows the upcoming race, with the circuit outline as a faint watermark behind it.",Bez fona attēla kartītē ir redzamas gaidāmās sacīkstes ar trases kontūru kā vāju ūdenszīmi aiz tā.,
widgets_f1_session_fp1,,Practice 1,1. prakse,
widgets_f1_session_fp2,,Practice 2,2. prakse,
widgets_f1_session_fp3,,Practice 3,3. prakse,
widgets_f1_session_sprint_quali,,Sprint qualifying,Sprinta kvalifikācija,
widgets_f1_session_sprint,,Sprint,Sprints,
widgets_f1_session_qualifying,,Qualifying,Kvalifikācija,
widgets_f1_session_race,,Race,Race,
widgets_f1_flag_green,,Track clear,Trase skaidrs,
widgets_f1_flag_yellow,,Yellow flag,Dzeltenais karogs,
widgets_f1_flag_red,,Red flag,Sarkanais karogs,
widgets_f1_flag_safety_car,,Safety car,Drošības auto,
widgets_f1_flag_vsc,,Virtual safety car,Virtuālā drošības automašīna,
widgets_f1_flag_chequered,,Chequered flag,Rūtains karogs,
widgets_f1_flag_unknown,,Not running,Neskrien,
cr_widget_f1,,Formula 1,Formula 1,
cr_widget_f1_description,,"Race weekend, standings, and results","Sacensību nedēļas nogale, kopvērtējums un rezultāti",
widgets_todo_title,,To-Do List,Darāmo darbu saraksts,
widgets_todo_shopping_title,,Shopping List,Iepirkumu saraksts,
widgets_todo_subtitle,,A shared checklist your family can add to and check off,"Koplietots kontrolsaraksts, ko jūsu ģimene var pievienot un atzīmēt",
widgets_todo_empty,,No items yet,Vēl nav nevienas preces,
widgets_todo_all_done,,All done,Viss darīts,
widgets_todo_remaining,,%1$d of %2$d left,Atlicis %1$d no %2$d,app fills in %1$d %2$d — keep them
widgets_todo_add_placeholder,,Add an item…,Pievienot vienumu…,
widgets_todo_read_only,,You don't have permission to edit this list.,Jums nav atļaujas rediģēt šo sarakstu.,
widgets_todo_filter_active,,To do,Izdarīt,
widgets_todo_filter_all,,All,Visi,
widgets_todo_filter_done,,Done,Gatavs,
widgets_todo_clear_completed,,Clear completed,Notīrīšana pabeigta,
widgets_todo_completed_section,,Completed (%1$d),Pabeigts (%1$d),app fills in %1$d — keep them
widgets_todo_new_category,,New tab,Jauna cilne,
widgets_todo_manage_categories,,Manage tabs,Pārvaldīt cilnes,
widgets_todo_edit_item,,Edit item,Rediģēt vienumu,
widgets_todo_item_text,,Item,Vienums,
widgets_todo_quantity,,Quantity,Daudzums,
widgets_todo_category,,Category,Kategorija,
widgets_todo_note,,Note,Piezīme,
widgets_todo_priority,,Priority,Prioritāte,
widgets_todo_priority_low,,Low,Zems,
widgets_todo_priority_normal,,Normal,Normāls,
widgets_todo_priority_high,,High,Augsts,
widgets_todo_due_date,,Due date,Izpildes datums,
widgets_todo_clear_due_date,,Clear due date,Notīrīt izpildes datumu,
widgets_todo_delete_item,,Delete,Dzēst,
widgets_todo_checked_by,,Checked by %1$s,Pārbaudīja %1$s,app fills in %1$s — keep them
widgets_todo_added_by,,Added by %1$s,Pievienoja %1$s,app fills in %1$s — keep them
widgets_todo_tab_general,,General,Ģenerālis,
widgets_todo_tab_permissions,,Permissions,Atļaujas,
widgets_todo_list_type,,List type,Saraksta veids,
widgets_todo_type_todo,,To-do,Uzdevumi,
widgets_todo_type_shopping,,Shopping,Iepirkšanās,
widgets_todo_sort_mode,,Sort order,Kārtošanas secība,
widgets_todo_sort_manual,,Manual,Rokasgrāmata,
widgets_todo_sort_alphabetical,,A–Z,A–Z,
widgets_todo_sort_priority,,Priority,Prioritāte,
widgets_todo_sort_newest,,Newest first,Jaunākie vispirms,
widgets_todo_show_completed,,Show completed items by default,Rādīt pabeigtos vienumus pēc noklusējuma,
widgets_todo_hero_list,,Hero list,Varoņu saraksts,
widgets_todo_hero_list_hint,,Show this list's open items on the square card.,Rādīt šī saraksta atvērtos vienumus kvadrātveida kartītē.,
widgets_todo_permissions_subtitle,,"Choose who can add, check off, or remove items","Izvēlieties, kas var pievienot, atzīmēt vai noņemt vienumus",
widgets_todo_perm_everyone,,Everyone,Visi,
widgets_todo_perm_specific,,Specific family members,Konkrēti ģimenes locekļi,
widgets_todo_perm_admin_only,,Admins only,Tikai administratori,
widgets_todo_permissions_admin_required,,Only an admin can choose specific members,Tikai administrators var izvēlēties konkrētus dalībniekus,
widgets_todo_no_users_found,,No Home Assistant users found,Nav atrasts neviens Home Assistant lietotājs,don't translate Home Assistant
cr_widget_todo,,To-Do List,Darāmo darbu saraksts,
cr_widget_todo_description,,"Shared checklist or shopping list, editable by everyone, chosen members, or admins only","Koplietots kontrolsaraksts vai iepirkumu saraksts, ko var rediģēt visi, tikai izvēlētie dalībnieki vai administratori",
widgets_find_devices_title,,Find my devices,Atrast manas ierīces,
widgets_find_devices_subtitle,,"Devices, map, and appearance","Ierīces, karte un izskats",
widgets_find_devices_label,,Devices,Ierīces,
widgets_find_select_devices,,Select devices,Izvēlieties ierīces,
widgets_find_sources_subtitle,,Trackers to show on the map,"Izsekotāji, kas jāparāda kartē",
widgets_find_gps_help,,Any device_tracker or person entity can be added. Those reporting GPS coordinates appear on the map; the rest are still listed with their state.,"Var pievienot jebkuru device_tracker vai personas entītiju. Tie, kas ziņo GPS koordinātas, parādās kartē; pārējie joprojām ir norādīti ar to stāvokli.",
widgets_find_my_devices,,My devices,Manas ierīces,
widgets_find_filter_all,,All,Visi,
widgets_find_filter_devices,,Devices,Ierīces,
widgets_find_filter_persons,,People,Cilvēki,
widgets_find_showing_selected,,Showing %1$d selected,Tiek rādīts atlasītais %1$d,app fills in %1$d — keep them
widgets_find_show_all,,Show all,Rādīt visu,
widgets_find_none_in_filter,,Nothing of this kind in this widget,Šajā logrīkā nav nekā tāda,
widgets_find_refresh,,Refresh,Atsvaidzināt,
widgets_find_summary,,%1$d of %2$d home,%1$d no %2$d mājas,app fills in %1$d %2$d — keep them
widgets_find_no_devices_selected,,No devices selected,Nav atlasīta neviena ierīce,
widgets_find_no_location,,None of these devices report a location yet,Neviena no šīm ierīcēm vēl neziņo par atrašanās vietu,
widgets_find_no_gps,,No location,Nav atrašanās vietas,
widgets_find_state_home,,Home,Sākums,
widgets_find_state_away,,Away,Prom,
widgets_find_state_unknown,,Unknown,Nezināms,
cr_widget_find_devices,,Find my devices,Atrast manas ierīces,
cr_widget_find_devices_description,,"Map of your phones, tags, and trackers","Jūsu tālruņu, tagu un izsekotāju karte",
widgets_waste_calendar_range,,Calendar range,Kalendāra diapazons,
widgets_waste_calendar_days,,%1$d days,%1$d dienas,app fills in %1$d — keep them
widgets_waste_calendar_range_help,,"How far ahead the dialog's calendar looks. It is shown as a week grid, rounded out to whole weeks.","Cik tālu uz priekšu izskatās dialoga kalendārs. Tas tiek parādīts kā nedēļu režģis, kas noapaļots līdz veselām nedēļām.",
widgets_waste_no_collection_on,,No collection on %1$s,Nav kolekcijas uz %1$s,app fills in %1$s — keep them
widgets_waste_organic,,Organic waste,Organiskie atkritumi,
widgets_waste_packaging,,Packaging,Iepakojums,
widgets_waste_paper,,Paper,Papīrs,
widgets_waste_residual,,Residual waste,Atlikušie atkritumi,
widgets_waste_glass,,Glass,Stikls,
widgets_waste_textiles,,Textiles,Tekstilizstrādājumi,
widgets_waste_plastic,,Plastic,Plastmasa,
widgets_waste_christmas_trees,,Christmas trees,Ziemassvētku eglītes,
widgets_waste_bulky,,Bulky waste,Lielgabarīta atkritumi,
widgets_waste_duo_bin,,Duo bin,Duo atkritumu tvertne,
widgets_weather_title,,Weather,Laikapstākļi,
widgets_weather_subtitle,,"Entity, card type, and appearance","Vienība, kartes veids un izskats",
widgets_weather_style_current,,Current weather,Pašreizējie laikapstākļi,
widgets_weather_style_daily,,Daily forecast,Dienas prognoze,
widgets_weather_style_hourly,,Hourly forecast,Stundu prognoze,
widgets_weather_style_horizon,,Sunrise & sunset horizon,Saullēkta un saulrieta horizonts,
widgets_weather_style_wind,,Wind compass,Vēja kompass,
widgets_weather_style_rain_map,,Rain map (image URL),Lietus karte (attēla URL),
widgets_compass_directions,1,N,,needs translation
widgets_compass_directions,2,NNE,,needs translation
widgets_compass_directions,3,NE,,needs translation
widgets_compass_directions,4,ENE,,needs translation
widgets_compass_directions,5,E,,needs translation
widgets_compass_directions,6,ESE,,needs translation
widgets_compass_directions,7,SE,,needs translation
widgets_compass_directions,8,SSE,,needs translation
widgets_compass_directions,9,S,,needs translation
widgets_compass_directions,10,SSW,,needs translation
widgets_compass_directions,11,SW,,needs translation
widgets_compass_directions,12,WSW,,needs translation
widgets_compass_directions,13,W,,needs translation
widgets_compass_directions,14,WNW,,needs translation
widgets_compass_directions,15,NW,,needs translation
widgets_compass_directions,16,NNW,,needs translation
widgets_battery_entities,,Battery entities,Akumulatora vienības,
widgets_battery_settings,,Battery settings,Akumulatora iestatījumi,
widgets_battery_empty_view_hint,,This battery view is empty. Swipe down on the header and open Battery settings to add entities manually.,"Šis akumulatora skats ir tukšs. Velciet uz leju virs virsraksta un atveriet akumulatora iestatījumus, lai manuāli pievienotu entītijas.",
widgets_battery_levels_title,,Battery levels,Akumulatora līmenis,
widgets_battery_levels_subtitle,,"Thresholds, sources, and appearance","Sliekšņi, avoti un izskats",
widgets_battery_rules,,Battery rules,Akumulatora noteikumi,
widgets_battery_all,,All,Visi,
widgets_battery_critical,,Critical,Kritiski,
widgets_battery_low,,Low,Zems,
widgets_battery_watch,,Watch,Skatīties,
widgets_battery_good,,Good,Labi,
widgets_battery_unknown,,Unknown,Nezināms,
widgets_battery_range_good,,Above 50%,virs 50%,
widgets_battery_range_unknown,,Unavailable or unknown,Nav pieejams vai nav zināms,
widgets_battery_no_data,,No battery data,Nav akumulatora datu,
widgets_battery_levels_unavailable,,Battery levels unavailable,Akumulatora uzlādes līmenis nav pieejams,
widgets_battery_levels_healthy,,Battery levels look healthy,Akumulatora līmenis izskatās veselīgs,
widgets_battery_lowest_detail,,Lowest: %1$s at %2$d%%,Zemākais: %1$s pie %2$d%%,app fills in %1$s %2$d — keep them
widgets_battery_showing_plus,,Showing Battery+ devices,Tiek rādītas Battery+ ierīces,
widgets_battery_waiting_levels,,Waiting for reported levels,Gaida ziņotos līmeņus,
widgets_battery_lowest,,Lowest,Zemākais,
widgets_battery_attention,,Attention,Uzmanību,
widgets_battery_tracked,,Tracked,Izsekots,
widgets_battery_level,,Level,Līmenis,
widgets_battery_name,,Name,Vārds,
widgets_battery_type,,Battery type,Akumulatora tips,
widgets_battery_entity,,Entity,Vienība,
widgets_battery_quantity,,Quantity,Daudzums,
widgets_battery_quantity_short,,Qty %1$s,Daudzums %1$s,app fills in %1$s — keep them
widgets_battery_device_id,,Device ID,Ierīces ID,
widgets_battery_unknown_type,,Unknown type,Nezināms veids,
widgets_battery_sort_summary,,Sort: %1$s,Kārtot: %1$s,app fills in %1$s — keep them
widgets_battery_no_filters,,No filters active,Nav aktīvo filtru,
widgets_battery_collapse_filters,,Collapse filters,Sakļaut filtrus,
widgets_battery_expand_filters,,Expand filters,Izvērst filtrus,
widgets_battery_low_count,one,%1$d low battery,%1$d zems akumulatora uzlādes līmenis,app fills in %1$d — keep them
widgets_battery_low_count,other,%1$d low batteries,%1$d zems bateriju līmenis,app fills in %1$d — keep them
widgets_battery_low_count,zero,,%1$d zems bateriju līmenis,
widgets_battery_critical_count,one,%1$d critical battery,%1$d kritisks akumulators,app fills in %1$d — keep them
widgets_battery_critical_count,other,%1$d critical batteries,%1$d kritiskās baterijas,app fills in %1$d — keep them
widgets_battery_critical_count,zero,,%1$d kritiskās baterijas,
widgets_battery_attention_count,one,%1$d battery needs attention,%1$d akumulatoram ir jāpievērš uzmanība,app fills in %1$d — keep them
widgets_battery_attention_count,other,%1$d batteries need attention,%1$d akumulatoriem jāpievērš uzmanība,app fills in %1$d — keep them
widgets_battery_attention_count,zero,,%1$d akumulatoriem jāpievērš uzmanība,
widgets_energy_day,,Day,diena,
widgets_energy_week,,Week,nedēļa,
widgets_energy_month,,Month,Mēnesis,
widgets_energy_year,,Year,gads,
widgets_energy_this_week,,This week,Šonedēļ,
widgets_energy_this_month,,This month,Šomēnes,
widgets_energy_this_year,,This year,Šogad,
widgets_energy_today_lower,,today,šodien,
widgets_energy_this_week_lower,,this week,šonedēļ,
widgets_energy_this_month_lower,,this month,šomēnes,
widgets_energy_this_year_lower,,this year,šogad,
widgets_energy_yesterday_lower,,yesterday,vakar,
widgets_energy_consumed_solar,,Consumed solar,Patērēta saules enerģija,
widgets_energy_imported,,Imported,Importēts,
widgets_energy_exported,,Exported,Eksportēts,
widgets_energy_phase_number,,Phase %1$d,%1$d fāze,app fills in %1$d — keep them
widgets_energy_forecast_number,,Forecast %1$d,Prognoze %1$d,app fills in %1$d — keep them
widgets_energy_ha_forecast,,Home Assistant forecast,Home Assistant prognoze,don't translate Home Assistant
widgets_battery_search,,Search devices,Meklēt ierīces,
widgets_battery_none,,No batteries match that search.,Neviena baterija neatbilst šim meklējumam.,
widgets_battery_open_page,,Open battery page,Atveriet akumulatora lapu,
cr_widget_clock,,Clock,Pulkstenis,
cr_widget_clock_description,,"An analog or digital clock, in the style you pick, with the date and your next alarm.",Analogais vai digitālais pulkstenis jūsu izvēlētajā stilā ar datumu un nākamo modinātāju.,
clock_widget_title,,Clock,Pulkstenis,
clock_widget_subtitle,,"Face, styling and what it shows","Seja, stils un tas, ko tas parāda",
clock_title_label,,Title (optional),Nosaukums (neobligāti),
clock_face_section,,Face,Seja,
clock_face_section_subtitle,,"Analog or digital, and which design","Analogais vai digitālais, un kāds dizains",
clock_shows_section,,Shows,Izrādes,
clock_shows_section_subtitle,,Choose what appears alongside the time,"Izvēlieties, kas tiek rādīts līdzās laikam",
clock_mode_analog,,Analog,Analogs,
clock_mode_digital,,Digital,Digitālais,
clock_style,,Style,Stils,
clock_24_hour,,24-hour clock,24 stundu pulkstenis,
clock_seconds,,Seconds,Sekundes,
clock_date,,Date,Datums,
clock_day_name,,Day of the week,Nedēļas diena,
clock_year,,Year,gads,
clock_style_classic,,Classic,Klasika,
clock_style_minimal,,Minimal,Minimāli,
clock_style_roman,,Roman,Romāns,
clock_style_railway,,Railway,Dzelzceļš,
clock_style_bauhaus,,Bauhaus,Bauhaus,
clock_style_neon,,Neon,Neona,
clock_style_skeleton,,Skeleton,Skelets,
clock_style_plain,,Plain,Vienkāršs,
clock_style_segment,,Segment,Segments,
clock_style_mono,,Monospace,Monotelpa,
clock_style_flip,,Flip,Apgriezt,
clock_style_outline,,Outline,Kontūra,
clock_style_stacked,,Stacked,Sakrauts,
clock_style_dots,,Dots,Punkti,
clock_alarms_title,,Next alarm,Nākamais modinātājs,
clock_no_alarm,,No alarm is set.,Modinātājs nav iestatīts.,
clock_alarm_set_by,,Set by %1$s,Iestatīja %1$s,app fills in %1$s — keep them
clock_alarms_platform_note,,"Android only tells other apps about the next alarm, so alarms cannot be listed or switched on and off from here.","Android tikai informē citām lietotnēm par nākamo modinātāju, tāpēc modinātājus nevar uzskaitīt vai ieslēgt un izslēgt no šejienes.",
clock_open_clock_app,,Open Clock app,Atveriet lietotni Pulkstenis,
clock_open_failed,,No clock app could be opened. Pick one in this widget's settings.,Nevarēja atvērt nevienu pulksteņa lietotni. Izvēlieties vienu šī logrīka iestatījumos.,
clock_app_section,,Clock app,Pulksteņa lietotne,
clock_app_section_subtitle,,Which app the alarm dialog opens,Kura lietotne tiek atvērta modinātāja dialoglodziņā,
clock_app_automatic,,Automatic,Automātiski,
clock_app_none_found,,No clock app was found on this device.,Šajā ierīcē netika atrasta neviena pulksteņa lietotne.,
