key,item,english,translation,notes
language_title,,Language,Язык,
language_display_title,,Display language,Язык дисплея,
language_display_subtitle,,Follows your device by default; choose one to override it,"По умолчанию следует за вашим устройством; выберите один, чтобы переопределить его",
language_system,,System default,Система по умолчанию,
language_selected,,Selected,Выбрано,
nav_home,,Home,Дом,
nav_rooms,,Rooms,Номера,
nav_security,,Security,Безопасность,
nav_energy,,Energy,Энергия,
nav_climate,,Climate,Климат,
nav_battery,,Battery,Батарея,
nav_settings,,Settings,Настройки,
nav_room_detail,,Room Detail,Деталь номера,
settings_title_connection,,Connection,Связь,
settings_title_profile,,Profile,Профиль,
settings_title_location,,Location,Расположение,
settings_title_notifications,,Notifications,Уведомления,
settings_title_appearance,,Appearance,Появление,
settings_title_header,,Header,Заголовок,
settings_title_theme,,Theme,Тема,
settings_title_fonts,,Fonts,Шрифты,
settings_title_corners,,Corners,Углы,
settings_title_icons,,Icons,Иконки,
settings_title_nav_bar,,Navigation Bar,Панель навигации,
settings_title_media_players,,Media Players,Медиаплееры,
settings_title_dashboard,,Dashboard,Панель управления,
settings_title_family_sharing,,Family Sharing,Семейный доступ,
settings_title_backup_restore,,Backup and Restore,Резервное копирование и восстановление,
settings_title_account,,Account,Счет,
settings_title_about,,About HKI 7,О HKI 7,don't translate HKI 7
settings_title_license,,License,Лицензия,
settings_title_support,,Support,Поддерживать,
settings_subtitle_menu,,Everything that shapes your HKI 7 experience,"Все, что формирует ваш опыт HKI 7",don't translate HKI 7
settings_subtitle_account,,Your profile and this app installation,Ваш профиль и установка этого приложения,
settings_subtitle_profile,,Personal details used throughout your dashboard,"Личные данные, используемые на вашей информационной панели",
settings_subtitle_connection,,Server routes and local-network preferences,Маршруты сервера и настройки локальной сети,
settings_subtitle_location,,Presence updates and background access,Обновления присутствия и фоновый доступ,
settings_subtitle_dashboard,,"Dashboards, tabs, media players, and popups","Панели мониторинга, вкладки, медиаплееры и всплывающие окна",
settings_subtitle_appearance,,Make the dashboard feel like yours,Сделайте панель управления похожей на вашу,
settings_subtitle_corners,,"Roundness of buttons, cards, and widgets","Округлость кнопок, карточек и виджетов",
settings_subtitle_icons,,Icon animations and per-domain effects,Анимация значков и эффекты для каждого домена,
settings_subtitle_header,,Choose whether the dashboard header is shown,"Выберите, будет ли отображаться заголовок информационной панели",
settings_subtitle_theme,,"Color, contrast, mode, and corner styling","Цвет, контрастность, режим и угловой стиль",
settings_subtitle_fonts,,"Size, weight, and typeface readability","Размер, вес и читаемость шрифта",
settings_subtitle_nav_bar,,Choose which destinations are always within reach,"Выбирайте, какие пункты назначения всегда под рукой",
settings_subtitle_media_players,,Names and mini-player visibility,Имена и видимость мини-плеера,
settings_subtitle_notifications,,"Push delivery, history, and service behavior","Push-доставка, история и поведение сервиса",
settings_subtitle_backup_restore,,Protect or move your dashboard configuration,Защитите или переместите конфигурацию панели мониторинга,
settings_subtitle_family_sharing,,"Parental controls, dashboard sharing, and recipient permissions","Родительский контроль, общий доступ к информационной панели и разрешения получателей",
settings_subtitle_about,,"The project, technology, and people behind HKI 7","Проект, технология и люди, стоящие за HKI 7",don't translate HKI 7
settings_subtitle_license,,Open-source community core and optional premium materials,Ядро сообщества с открытым исходным кодом и дополнительные материалы премиум-класса.,
settings_subtitle_support,,Ways to help HKI 7 grow without buying Premium,Как помочь HKI 7 развиваться без покупки Premium,don't translate HKI 7
notification_channel_general,,General,Общий,
location_channel_name,,Location sharing,Передача местоположения,
location_notification_title,,Home Assistant location,Home Assistant местоположение,don't translate Home Assistant
location_notification_text,,Sharing your location with Home Assistant,Передача вашего местоположения Home Assistant,don't translate Home Assistant
push_connection_channel_name,,Notification connection,Подключение уведомлений,
push_connection_notification_title,,Connected to Home Assistant,Подключено к Home Assistant,don't translate Home Assistant
push_connection_notification_text,,Listening for notifications,Прослушивание уведомлений,
parcel_title,,Parcels,Посылки,
parcel_generic_carrier,,Carrier,Перевозчик,
parcel_incoming,,Incoming,Входящий,
parcel_delivered,,Delivered,Доставленный,
parcel_outgoing,,Outgoing,Исходящий,
parcel_letters,,Letters,Письма,
parcel_mail,,Mail,Почта,
parcel_summary,,%1$d incoming · %2$d outgoing,%1$d входящий · %2$d исходящий,app fills in %1$d %2$d — keep them
parcel_summary_with_letters,,%1$d incoming · %2$d outgoing · %3$d letters,%1$d входящие · %2$d исходящие · %3$d букв,app fills in %1$d %2$d %3$d — keep them
parcel_carrier_summary_with_letters,,%1$d incoming · %2$d outgoing · %3$d letters,%1$d входящие · %2$d исходящие · %3$d букв,app fills in %1$d %2$d %3$d — keep them
parcel_summary_with_letter_count,,%1$d incoming · %2$d outgoing · %3$s,%1$d входящий · %2$d исходящий · %3$s,app fills in %1$d %2$d %3$s — keep them
parcel_tracking_history,,Tracking history,История отслеживания,
parcel_tracking_history_subtitle,,Parcel journey and status updates,Путешествие посылки и обновления статуса,
parcel_choose_carrier_account,,Choose a carrier account,Выберите учетную запись оператора связи,
parcel_empty_tab,,No %1$s parcels.,Нет посылок %1$s.,app fills in %1$s — keep them
parcel_no_incoming,,No incoming parcels.,Никаких входящих посылок.,
parcel_no_delivered,,No delivered parcels.,Нет доставленных посылок.,
parcel_no_outgoing,,No outgoing parcels.,Нет исходящих посылок.,
parcel_stage_registered,,Registered,Зарегистрирован,
parcel_stage_sorting,,Sorting,Сортировка,
parcel_stage_on_the_way,,On the way,В пути,
parcel_unknown_status,,Unknown status,Неизвестный статус,
parcel_status_in_transit,,In transit,В пути,
parcel_status_out_for_delivery,,Out for delivery,Выезд на доставку,
parcel_status_at_pickup_point,,Ready at pickup point,Готово в пункте самовывоза,
parcel_status_ready_to_send,,Ready to send,Готов отправить,
parcel_letter_preview,,Letter preview,Предварительный просмотр письма,
parcel_carriers,,Carriers,Перевозчики,
parcel_track_new,,Track a new %1$s parcel by number,Отследить новую посылку %1$s по номеру,app fills in %1$s — keep them
parcel_choose_carrier,,Choose a carrier,Выберите оператора связи,
parcel_settings_subtitle,,"Carrier accounts, aggregation, and appearance","Счета перевозчиков, агрегирование и внешний вид",
parcel_settings_accounts,,Accounts,Счета,
parcel_settings_organization,,Organization,Организация,
parcel_settings_appearance,,Appearance,Появление,
action_remove,,Remove,Удалять,
notification_delete,,Delete notification,Удалить уведомление,
notification_mark_all_read,,Mark all as read,Отметить все как прочитанное,
notification_mark_all_unread,,Mark all as unread,Отметить все как непрочитанные,
notification_delete_all,,Delete all,Удалить все,
notification_delete_all_archived,,Delete all archived,Удалить все заархивированные,
notification_unread,,Unread,Непрочитано,
notification_history,,History,История,
notification_mark_unread,,Mark as unread,Отметить как непрочитанное,
notification_mark_read,,Mark as read,Отметить как прочитанное,
notification_archive,,Archive,Архив,
notification_unarchive,,Unarchive,Разархивировать,
notification_delete_action,,Delete,Удалить,
entity_search_select_items,,Select items,Выберите элементы,
entity_search_choose_one,,Search and choose one entity,Найдите и выберите одну сущность,
entity_search_choose_multiple,,Search and select one or more entities,Найдите и выберите один или несколько объектов,
global_search_title,,Search,Поиск,
global_search_subtitle,,Find and control any Home Assistant device or entity,Находите и контролируйте любое устройство или объект Home Assistant.,don't translate Home Assistant
global_search_clear,,Clear search,Очистить поиск,
global_search_no_devices,,No matching devices.,Нет подходящих устройств.,
global_search_no_entities,,No matching entities.,Нет соответствующих объектов.,
security_title,,Security,Безопасность,
security_subtitle,,Home status and activity,Статус дома и активность,
security_settings,,Security settings,Настройки безопасности,
security_entities,,Security entities,Объекты безопасности,
security_reimport,,Re-import,Реимпорт,
security_group_doors,,Doors,Двери,
security_group_doors_subtitle,,Door contacts,Дверные контакты,
security_group_windows,,Windows,Окна,
security_group_windows_subtitle,,Window contacts,Оконные контакты,
security_group_openings,,Openings,Открытия,
security_group_openings_subtitle,,Garage doors and other openings,Гаражные ворота и другие проемы,
security_group_garage_doors,,Garage doors,Гаражные ворота,
security_group_garage_doors_subtitle,,Garage door covers,Покрытия гаражных ворот,
security_group_covers,,Covers,Обложки,
security_group_covers_subtitle,,"Blinds, shutters, and gates","Жалюзи, ставни и ворота",
security_group_locks,,Locks,Замки,
security_group_locks_subtitle,,Door and gate locks,Дверные и воротные замки,
security_group_motion,,Motion,Движение,
security_group_motion_subtitle,,Motion detection,Обнаружение движения,
security_group_presence,,Presence,Присутствие,
security_group_presence_subtitle,,Occupancy sensors,Датчики присутствия,
security_group_fire,,Fire and temperature,Огонь и температура,
security_group_fire_subtitle,,"Fire, heat, cold, and safety alarms","Сигнализация пожара, тепла, холода и безопасности",
security_group_smoke,,Smoke,Дым,
security_group_smoke_subtitle,,Smoke detectors,Детекторы дыма,
security_group_gas,,Gas,Газ,
security_group_gas_subtitle,,Combustible gas sensors,Датчики горючих газов,
security_group_co2,,CO / CO₂,CO / CO₂,
security_group_co2_subtitle,,Carbon monoxide and carbon dioxide sensors,Датчики угарного газа и углекислого газа,
security_group_moisture,,Leaks,Утечки,
security_group_moisture_subtitle,,Moisture and water leaks,Утечка влаги и воды,
security_group_sound,,Sound,Звук,
security_group_sound_subtitle,,Sound and glass-break sensors,Датчики звука и разбития стекла,
security_group_light,,Light detection,Обнаружение света,
security_group_light_subtitle,,Light and beam sensors,Датчики света и луча,
security_group_alarms,,Alarm systems,Системы сигнализации,
security_group_alarms_subtitle,,Alarm control panels,Панели управления сигнализацией,
security_group_cameras,,Cameras,Камеры,
security_group_cameras_subtitle,,Camera feeds,Видео с камер,
security_no_search_active,,No search active · %1$s,Поиск не активен · %1$s,app fills in %1$s — keep them
security_status_alert,,Security alert,Оповещение безопасности,
security_status_alarm_pending,,Alarm pending,Ожидается сигнал тревоги,
security_status_changing_alarm,,Changing alarm mode,Изменение режима будильника,
security_status_needs_attention,,Needs attention,Требует внимания,
security_status_motion,,Motion detected,Обнаружено движение,
security_status_sensor_activity,,Sensor activity,Активность датчика,
security_status_alarm_unavailable,,Alarm unavailable,Будильник недоступен,
security_status_devices_unavailable,,Devices unavailable,Устройства недоступны,
security_status_cameras_offline,,Cameras offline,Камеры оффлайн,
security_status_all_secure,,All secure,Все безопасно,
security_status_alarm_disarmed,,Alarm disarmed,Сигнализация снята с охраны,
security_status_all_clear,,All clear,Все ясно,
security_status_no_data,,No security data,Нет данных безопасности,
security_metric_openings,,Openings,Открытия,
security_metric_locked,,Locked,Заблокировано,
security_metric_cameras_online,,Cameras online,Камеры онлайн,
security_card_title,,Security card,Карта безопасности,
security_card_subtitle,,"Name, layout, and card appearance","Название, макет и внешний вид карты",
security_stat_total,,Total,Общий,
security_stat_active,,Active,Активный,
security_stat_clear,,Clear,Прозрачный,
security_cover_open,,Open,Открыть,
security_cover_stop,,Stop,Останавливаться,
security_cover_close,,Close,Закрывать,
security_restore,,Restore,Восстановить,
security_empty,,This is an empty security view. Swipe down on the header and open Security settings to add entities manually.,"Это пустое представление безопасности. Проведите вниз по заголовку и откройте «Настройки безопасности», чтобы добавить объекты вручную.",
connection_stopping_for_restart,,Stopping for restart…,Остановка для перезапуска…,
connection_starting,,Home Assistant is starting…,Home Assistant начинается…,don't translate Home Assistant
connection_restoring_dashboard,,Restoring your dashboard…,Восстановление панели управления…,
connection_restarting,,Home Assistant is restarting…,Home Assistant перезагружается…,don't translate Home Assistant
connection_auto_generating,,Auto-generating rooms and widgets…,Автоматическое создание комнат и виджетов…,
connection_reconnecting,,Reconnecting to Home Assistant…,Повторное подключение к Home Assistant…,don't translate Home Assistant
connection_unavailable_retrying,,Unavailable · Retrying…,Недоступно · Повторная попытка…,
connection_paused,,Connection paused,Соединение приостановлено,
connection_connected,,Connected,Подключено,
connection_server_not_found,,Server address could not be found,Адрес сервера не найден,
connection_timed_out,,Connection timed out,Время подключения истекло,
connection_no_route,,No network route to Home Assistant,Нет сетевого маршрута к Home Assistant.,don't translate Home Assistant
connection_could_not_connect,,Could not connect to Home Assistant,Не удалось подключиться к Home Assistant.,don't translate Home Assistant
connection_secure_failed,,Secure connection failed,Безопасное соединение не удалось,
connection_session_expired_refreshing,,Session expired · Refreshing login…,Срок сеанса истек · Обновление входа в систему…,
connection_interrupted,,Connection was interrupted,Соединение прервано,
connection_error_title,,Connection error,Ошибка подключения,
connection_all_systems_normal,,All systems normal,Все системы в норме,
action_undo,,Undo,Отменить,
action_redo,,Redo,Повторить,
connection_route_local,,Local,Местный,
connection_route_nabu_casa,,Nabu Casa,Nabu Casa,don't translate Nabu Casa
connection_route_external,,External,Внешний,
settings_connection_via,,Connected via %1$s,Подключено через %1$s,app fills in %1$s — keep them
settings_connection_unknown,,Unknown,Неизвестный,
settings_connection_connecting,,Connecting…,Подключение…,
settings_this_home,,this home,этот дом,
settings_local_network_allowed,,Allowed,Допустимый,
settings_local_network_not_allowed,,Not allowed — Home Assistant cannot be reached directly on your Wi-Fi,Не разрешено — Home Assistant недоступен напрямую через Wi-Fi.,don't translate Home Assistant
settings_current_wifi,,Current Wi-Fi,Текущий Wi-Fi,
settings_wifi_unavailable,,Not connected or location permission is missing,Не подключено или отсутствует разрешение на определение местоположения.,
settings_just_now,,just now,прямо сейчас,
settings_primary_app_language,,Primary application language,Основной язык приложения,
settings_android_build_configuration,,Android resources and build configuration,Ресурсы Android и конфигурация сборки,
page_settings_default_title,,Page settings,Настройки страницы,
page_settings_choose_area,,Choose an area to configure,Выберите область для настройки,
page_settings_focused_options,,Focused options for this page area,Сосредоточенные параметры для этой области страницы,
page_settings_header_description,,Wallpaper and custom header color,Обои и цвет заголовка,
page_settings_custom_page_description,,"Name, subtitle, and navigation icon","Название, подзаголовок и значок навигации",
page_settings_badge_bar,,Badge bar,Панель значков,
page_settings_badge_description,,"Visibility, alignment, and display options","Параметры видимости, выравнивания и отображения",
page_settings_persons,,Persons,Персоны,
page_settings_persons_description,,Visibility and ordering,Видимость и заказ,
page_settings_configure,,Configure,Настроить,
room_config_title,,Room configuration,Конфигурация помещения,
header_pill_left,,Left header pill,Таблетка левого заголовка,
header_pill_right,,Right header pill,Таблетка правого заголовка,
alignment_split,,Split,Расколоть,
alignment_center,,Center,Центр,
weather_cloudy,,Cloudy,Облачно,
home_default_markdown_content,,# Markdown\nOpen this widget's settings in **edit mode** to write your own content.,"# Уценка\nОткройте настройки этого виджета в **режиме редактирования**, чтобы написать свой собственный контент.",\n = line break
home_settings_title,,Home settings,Домашние настройки,
custom_page_settings_title,,%1$s settings,%1$s настройки,app fills in %1$s — keep them
home_empty,,This is the homepage. Add widgets by swiping down on the header and enabling edit mode.,"Это домашняя страница. Добавьте виджеты, проведя пальцем вниз по заголовку и включив режим редактирования.",
custom_page_empty,,This page is empty. Add widgets by swiping down on the header and enabling edit mode.,"Эта страница пуста. Добавьте виджеты, проведя пальцем вниз по заголовку и включив режим редактирования.",
select_camera_title,,Select camera,Выберите камеру,
select_entity_title,,Select entity,Выберите объект,
custom_camera_default_name,,Custom camera,Пользовательская камера,
rooms_settings_title,,Rooms settings,Настройки комнат,
rooms_empty,,The rooms view is empty. Swipe down on the header and enable edit mode to add floors and rooms.,"Вид на номера пуст. Проведите пальцем вниз по заголовку и включите режим редактирования, чтобы добавлять этажи и комнаты.",
floor_expand,,Expand floor,Развернуть этаж,
floor_collapse,,Collapse floor,Свернуть пол,
floor_settings_title,,Floor,Пол,
floor_settings_subtitle,,"Identity, layout, and card style","Айдентика, макет и стиль карточки",
universal_effects,,Effects,Эффекты,
universal_open_door,,Open door,Открытая дверь,
universal_vacuum_dock,,Dock,Док,
universal_start,,Start,Начинать,
universal_pause,,Pause,Пауза,
universal_stop,,Stop,Останавливаться,
universal_locate,,Locate,Найдите,
universal_room_number,,Room %1$d,Комната %1$d,app fills in %1$d — keep them
core_optional_display_name,,Optional display name override,Необязательное переопределение отображаемого имени,
core_media_paused_track,,Paused: %1$s,Приостановлено: %1$s,app fills in %1$s — keep them
core_percent_value,,%1$d percent,%1$d процентов,app fills in %1$d — keep them
core_current_humidity,,Current humidity,Текущая влажность,
core_tank_water_level,,Tank / water level,Бак/уровень воды,
core_pm25,,PM2.5,"ТЧ2,5",
core_error_code,,Error code,Код ошибки,
core_bucket_full,,Bucket full,Ведро полное,
core_clean_filter,,Clean filter,Очистить фильтр,
core_ionizer,,Ionizer,ионизатор,
core_pump,,Pump,Насос,
core_beep_on_command,,Beep on command,Звуковой сигнал по команде,
core_dawn,,Dawn,Рассвет,
core_solar_noon,,Solar noon,Солнечный полдень,
core_dusk,,Dusk,Сумерки,
core_icon_category_common,,Common,Общий,
core_icon_category_home,,Home,Дом,
core_icon_category_weather,,Weather,Погода,
core_icon_category_lock,,Lock,Замок,
core_icon_category_people,,People,Люди,
core_icon_category_auto,,Automotive,Автомобильная промышленность,
core_icon_category_music,,Music,Музыка,
core_icon_category_battery,,Battery,Батарея,
core_icon_category_nature,,Nature,Природа,
core_icon_category_places,,Places,Места,
core_icon_category_food,,Food,Еда,
core_icon_category_navigation,,Navigation,Навигация,
core_icon_category_devices,,Devices,Устройства,
core_icon_category_map,,Map,Карта,
core_icon_category_media,,Media,СМИ,
core_icon_category_communication,,Communication,Коммуникация,
core_icon_category_health,,Health,Здоровье,
core_icon_category_vehicles,,Vehicles,Транспортные средства,
core_icon_category_buildings,,Buildings,Здания,
core_icon_category_electrical,,Electrical,Электрический,
core_icon_category_sport,,Sport,Спорт,
core_icon_category_objects,,Objects,Объекты,
core_icon_category_commerce,,Commerce,Коммерция,
core_icon_category_games,,Games,Игры,
core_icon_category_finance,,Finance,Финансы,
background_notification_channel_general,,General,Общий,
background_location_channel_name,,Location sharing,Передача местоположения,
background_location_channel_description,,Keeps your device location up to date in Home Assistant,Сохраняет актуальность местоположения вашего устройства в Home Assistant.,don't translate Home Assistant
background_location_notification_title,,Home Assistant location sharing,Home Assistant обмен данными о местоположении,don't translate Home Assistant
background_location_notification_text,,Sharing your location with Home Assistant,Передача вашего местоположения Home Assistant,don't translate Home Assistant
background_push_channel_name,,Notification connection,Подключение уведомлений,
background_push_channel_description,,Keeps a background connection to Home Assistant for instant notifications,Сохраняет фоновое соединение с Home Assistant для мгновенных уведомлений.,don't translate Home Assistant
background_push_notification_title,,Connected to Home Assistant,Подключено к Home Assistant,don't translate Home Assistant
background_push_notification_text,,Waiting for notifications,Ожидание уведомлений,
background_push_hide_action,,Hide this notification,Скрыть это уведомление,
button_style_centered,,Centered,Центрировано,
button_elements,,Elements,Элементы,
button_elements_description,,What appears on this button. Hide the name and state for an icon on its own.,Что отображается на этой кнопке. Скройте имя и состояние значка отдельно.,
stack_elements_title,,Elements on every button in this stack,Элементы на каждой кнопке в этом стеке,
stack_elements_description,,"These apply to the whole stack, not to one button. Turning something off here hides it on every button in the stack; leaving it on lets each button decide for itself in its own settings.","Они применяются ко всему стеку, а не к одной кнопке. Отключение чего-либо здесь скрывает это на каждой кнопке в стеке; оставив его включенным, каждая кнопка сама решает свои настройки.",
button_element_icon,,Icon,Икона,
button_element_name,,Name,Имя,
button_element_state,,State,Состояние,
stack_show_title,,Show name,Показать имя,
stack_show_title_description,,Turn off for a stack with no heading at all.,Выключите для стека вообще без заголовка.,
stack_show_icon,,Show icon,Показать значок,
stack_show_icon_description,,The icon beside the heading.,Значок рядом с заголовком.,
stack_center_title,,Center the heading,Центрировать заголовок,
stack_center_title_description,,Puts the icon and name in the middle instead of against the left edge.,"Помещает значок и имя посередине, а не напротив левого края.",
cr_state_on,,On,На,
cr_state_off,,Off,Выключенный,
cr_open,,Open,Открыть,
cr_close,,Close,Закрывать,
cr_stop,,Stop,Останавливаться,
cr_closed,,Closed,Закрыто,
cr_opening,,Opening,Открытие,
cr_closing,,Closing,Закрытие,
cr_locked,,Locked,Заблокировано,
cr_unlocked,,Unlocked,Разблокировано,
cr_unavailable,,Unavailable,Недоступно,
cr_unknown,,Unknown,Неизвестный,
cr_idle,,Idle,Праздный,
cr_home,,Home,Дом,
cr_away,,Away,Прочь,
cr_cleaning,,Cleaning,Очистка,
cr_returning,,Returning,Возвращение,
cr_paused,,Paused,Приостановлено,
cr_error,,Error,Ошибка,
cr_playing,,Playing,Играя,
cr_buffering,,Buffering,Буферизация,
cr_standby,,Standby,Поддерживать,
cr_humidifying,,Humidifying,Увлажняющий,
cr_drying,,Drying,Сушка,
cr_detected,,Detected,Обнаружено,
cr_clear,,Clear,Прозрачный,
cr_problem,,Problem,Проблема,
cr_ok,,OK,ХОРОШО,
cr_low,,Low,Низкий,
cr_normal,,Normal,Нормальный,
cr_connected,,Connected,Подключено,
cr_disconnected,,Disconnected,Отключено,
cr_plugged_in,,Plugged in,Подключено,
cr_unplugged,,Unplugged,Отключен,
cr_wet,,Wet,Влажный,
cr_dry,,Dry,Сухой,
cr_none,,None,Никто,
cr_any,,Any,Любой,
cr_remove,,Remove,Удалять,
cr_restore,,Restore,Восстановить,
cr_general,,General,Общий,
cr_identity,,Identity,Личность,
cr_appearance,,Appearance,Появление,
cr_layout,,Layout,Макет,
cr_behavior,,Behavior,Поведение,
cr_profiles,,Profiles,Профили,
cr_playback,,Playback,Воспроизведение,
cr_content,,Content,Содержание,
cr_actions,,Actions,Действия,
cr_protection,,Protection,Защита,
cr_power,,Power,Власть,
cr_brightness,,Brightness,Яркость,
cr_temperature,,Temperature,Температура,
cr_color,,Color,Цвет,
cr_min,,Min,Мин,
cr_avg,,Avg,Среднее,
cr_max,,Max,Макс,
cr_now,,Now,Сейчас,
cr_lowest,,Lowest,Самый низкий,
cr_average,,Average,Средний,
cr_highest,,Highest,Самый высокий,
cr_live,,Live,Жить,
cr_once,,Once,Один раз,
cr_daily,,Daily,Ежедневно,
cr_weekly,,Weekly,Еженедельно,
cr_monthly,,Monthly,Ежемесячно,
cr_yearly,,Yearly,Ежегодно,
cr_action_tap,,Tap,Кран,
cr_action_double_tap,,Double tap,Двойное нажатие,
cr_action_hold,,Hold,Держать,
cr_mode,,Mode,Режим,
cr_mode_auto,,Auto,Авто,
cr_mode_heat,,Heat,Нагревать,
cr_mode_cool,,Cool,Прохладный,
cr_mode_heat_cool,,Heat/cool,Тепло/охлаждение,
cr_mode_dry,,Dry,Сухой,
cr_mode_fan_only,,Fan only,Только вентилятор,
cr_mode_low,,Low,Низкий,
cr_mode_medium,,Medium,Середина,
cr_mode_high,,High,Высокий,
cr_mode_quiet,,Quiet,Тихий,
cr_mode_boost,,Boost,Способствовать росту,
cr_mode_eco,,Eco,Эко,
cr_mode_sleep,,Sleep,Спать,
cr_mode_manual,,Manual,Руководство,
cr_mode_vertical,,Vertical,Вертикальный,
cr_mode_horizontal,,Horizontal,Горизонтальный,
cr_mode_both,,Both,Оба,
cr_mode_up,,Up,Вверх,
cr_mode_down,,Down,Вниз,
cr_mode_center,,Center,Центр,
cr_mode_left,,Left,Левый,
cr_mode_right,,Right,Верно,
cr_climate_fan,,Fan,Вентилятор,
cr_climate_vertical_airflow,,Vertical airflow,Вертикальный поток воздуха,
cr_climate_horizontal_airflow,,Horizontal airflow,Горизонтальный поток воздуха,
cr_climate_preset,,Preset,Предустановка,
cr_fan_speed,,Fan speed,Скорость вентилятора,
cr_speed,,Speed,Скорость,
cr_lower_target,,Lower target,Нижняя цель,
cr_raise_target,,Raise target,Поднять цель,
cr_climate_temperature,,Temperature,Температура,
cr_climate_all_temperature_sensors,,All temperature sensors,Все датчики температуры,
cr_climate_outside,,Outside,Снаружи,
cr_climate_outside_summary,,"Outdoor temperature, humidity, and pressure","Наружная температура, влажность и давление",
cr_climate_humidity,,Humidity,Влажность,
cr_climate_all_humidity_sensors,,All humidity sensors,Все датчики влажности,
cr_climate_air_pressure,,Air pressure,Давление воздуха,
cr_climate_all_pressure_sensors,,All air-pressure sensors,Все датчики давления воздуха,
cr_climate_co2,,CO₂,CO₂,
cr_climate_carbon_dioxide_sensors,,Carbon-dioxide sensors,Датчики углекислого газа,
cr_climate_air_quality,,Air quality,Качество воздуха,
cr_climate_air_quality_summary,,"Particulates, AQI, VOCs, and gases","Твердые частицы, AQI, летучие органические соединения и газы",
cr_climate_entities,,Climate entities,Климатические объекты,
cr_climate_settings,,Climate settings,Климатические настройки,
cr_empty_climate_view,,No climate data is available yet.,Климатических данных пока нет.,
cr_climate_fans,,Fans,Фанаты,
cr_climate_air_purifiers,,Air purifiers,Очистители воздуха,
cr_climate_humidifiers,,Humidifiers,Увлажнители,
cr_temperature_sensors,,Temperature sensors,Датчики температуры,
cr_devices_active,,Devices active,Устройства активны,
cr_active_of_total,,%1$d of %2$d active,%1$d из %2$d активен,app fills in %1$d %2$d — keep them
cr_no_search_active,,No active search · %1$s,Нет активного поиска · %1$s,app fills in %1$s — keep them
cr_collapse_search,,Collapse search,Свернуть поиск,
cr_expand_search,,Expand search,Расширить поиск,
cr_custom_order,,Custom order,Индивидуальный заказ,
cr_name_a_z,,Name A–Z,Имя А–Я,
cr_name_z_a,,Name Z–A,Имя Z–A,
cr_climate_device,,Climate device,Климатическое устройство,
cr_climate_device_subtitle,,"Name, icon, card style, and width","Имя, значок, стиль карточки и ширина",
cr_widget_requires_f1,,"Needs the F1 Sensor integration, which was not found on your Home Assistant","Требуется интеграция датчика F1, которой нет на вашем Home Assistant.",don't translate Home Assistant
cr_widget_requires_parcels,,"Needs a parcel integration, and none was found on your Home Assistant","Требуется интеграция посылок, но на вашем Home Assistant ничего не найдено.",don't translate Home Assistant
cr_widget_requires_waste,,"Needs a waste collection integration, and none was found on your Home Assistant","Требуется интеграция сбора мусора, но на вашем Home Assistant ничего не найдено.",don't translate Home Assistant
cr_people_here_title,,Who is here,Кто здесь,
cr_people_here_empty,,Nobody is being tracked in this room right now.,В этой комнате сейчас никто не отслеживается.,
cr_people_here_unknown_room,,Room unknown,Комната неизвестна,
cr_button_exclude_counters,,Leave out of counters,Оставьте счетчики,
cr_button_exclude_counters_hint,,"Keep the button, but stop it counting towards this room’s Lights and Devices totals","Удерживайте кнопку, но перестаньте учитывать ее в общем количестве источников света и устройств в этой комнате.",
cr_count_with_average,,%1$s · avg %2$s%3$s,%1$s · среднее %2$s%3$s,app fills in %1$s %2$s %3$s — keep them
cr_outside_temperature,,Outside temperature,Наружная температура,
cr_outside_humidity,,Outside humidity,Наружная влажность,
cr_outside_pressure,,Outside pressure,Внешнее давление,
cr_outside_air_pressure,,Outside air pressure,Наружное давление воздуха,
cr_no_sensors_found_for,,No %1$s sensors found.,Датчики %1$s не найдены.,app fills in %1$s — keep them
cr_climate_control,,Climate control,Климат-контроль,
cr_thermostat_dial,,Thermostat dial,Циферблат термостата,
cr_width_third,,Third,Третий,
cr_width_half,,Half,Половина,
cr_width_full,,Full,Полный,
cr_select_item,,Select %1$s,Выберите %1$s.,app fills in %1$s — keep them
cr_set_outdoor_sensors,,"Set outdoor temperature, humidity, and pressure","Установите наружную температуру, влажность и давление",
cr_auto_discovered_device_class,,Discovered automatically by device class,Обнаруживается автоматически по классу устройства,
cr_auto_discovered_climate_devices,,Climate devices discovered automatically,Климатические устройства обнаруживаются автоматически,
cr_pick_fan_entities_as_purifiers,,Choose fan entities to use as air purifiers,"Выберите вентиляторы, которые будут использоваться в качестве очистителей воздуха.",
cr_auto_discovered_humidifier_devices,,Humidifier devices discovered automatically,Устройства увлажнителя обнаруживаются автоматически,
cr_removed_entities,,Removed entities,Удаленные объекты,
cr_entities_removed_edit_mode,,Entities removed in edit mode,"Объекты, удаленные в режиме редактирования",
cr_card_indoor_climate_overview,,Indoor climate overview,Обзор климата в помещении,
cr_card_sensor_device_tiles,,Sensor and device tiles,Плитки датчиков и устройств,
cr_card_thermostats_ac,,Thermostats and AC,Термостаты и кондиционер,
cr_card_temperature_summary,,Temperature summary,Сводка температуры,
cr_card_humidity_summary,,Humidity summary,Сводка влажности,
cr_card_air_pressure_summary,,Air-pressure summary,Сводка давления воздуха,
cr_card_co2_summary,,CO₂ summary,Сводка по CO₂,
cr_card_air_quality_summary,,Air-quality summary,Сводная информация о качестве воздуха,
cr_category_overview,,Overview,Обзор,
cr_category_devices,,Devices,Устройства,
cr_category_sensors,,Sensors,Датчики,
cr_no_climate_sensors_devices,,No climate sensors or devices found.,Никаких климатических датчиков и устройств не обнаружено.,
cr_no_climate_devices,,No climate devices found. Thermostats and AC units from Home Assistant appear here automatically.,Климатических устройств не обнаружено. Здесь автоматически появляются термостаты и кондиционеры от Home Assistant.,don't translate Home Assistant
cr_no_fans,,No fans found. Fan entities from Home Assistant appear here automatically.,Поклонников не обнаружено. Фанаты из Home Assistant появляются здесь автоматически.,don't translate Home Assistant
cr_no_air_purifiers,,No air purifiers configured. Choose fan entities under Climate settings → Climate entities → Air purifiers.,Очистители воздуха не настроены. Выберите объекты вентилятора в разделе «Настройки климата» → «Объекты климата» → «Очистители воздуха».,
cr_no_humidifiers,,No humidifiers found. Humidifier entities from Home Assistant appear here automatically.,Увлажнители не найдены. Объекты увлажнителя из Home Assistant появляются здесь автоматически.,don't translate Home Assistant
cr_unknown_climate_card,,Unknown climate card: %1$s,Неизвестная климатическая карта: %1$s,app fills in %1$s — keep them
cr_select_climate_cards,,Select climate cards,Выберите климатические карты,
cr_entities_for,,%1$s entities,%1$s объектов,app fills in %1$s — keep them
cr_climate_card,,Climate card,Климатическая карта,
cr_climate_card_dialog_subtitle,,Data sources and card appearance,Источники данных и внешний вид карты,
cr_card_and_data,,Card and data,Карта и данные,
cr_climate_stack,,Climate stack,Климатический стек,
cr_climate_stack_dialog_subtitle,,"Cards, data sources, and layout","Карты, источники данных и макет",
cr_cards_and_data,,Cards and data,Карты и данные,
cr_sensor_count,one,%d sensor,%d датчик,app fills in %d — keep them
cr_sensor_count,other,%d sensors,%d датчиков,app fills in %d — keep them
cr_sensor_count,few,,%d датчиков,
cr_sensor_count,many,,%d датчиков,
cr_device_count_on,one,%1$d device · %2$d on,Устройство %1$d · %2$d включено,app fills in %1$d %2$d — keep them
cr_device_count_on,other,%1$d devices · %2$d on,Устройства %1$d · %2$d включено,app fills in %1$d %2$d — keep them
cr_device_count_on,few,,Устройства %1$d · %2$d включено,
cr_device_count_on,many,,Устройства %1$d · %2$d включено,
cr_outside_sensors_set,one,%d outside sensor set,%d набора наружных датчиков,app fills in %d — keep them
cr_outside_sensors_set,other,%d outside sensors set,Установлено %d внешних датчиков,app fills in %d — keep them
cr_outside_sensors_set,few,,Установлено %d внешних датчиков,
cr_outside_sensors_set,many,,Установлено %d внешних датчиков,
cr_auto_plus_manual,one,Automatic + %d manual,Автоматически + %d вручную,app fills in %d — keep them
cr_auto_plus_manual,other,Automatic + %d manual,Автоматически + %d вручную,app fills in %d — keep them
cr_auto_plus_manual,few,,Автоматически + %d вручную,
cr_auto_plus_manual,many,,Автоматически + %d вручную,
cr_selected_count,one,%d selected,%d выбрано,app fills in %d — keep them
cr_selected_count,other,%d selected,%d выбрано,app fills in %d — keep them
cr_selected_count,few,,%d выбрано,
cr_selected_count,many,,%d выбрано,
cr_removed_count,one,%d removed,%d удалено,app fills in %d — keep them
cr_removed_count,other,%d removed,%d удалено,app fills in %d — keep them
cr_removed_count,few,,%d удалено,
cr_removed_count,many,,%d удалено,
cr_room,,Room,Комната,
cr_room_details,,Room details,Детали номера,
cr_empty_room,,"This room is empty. Swipe down on the header, enable edit mode, and add widgets, buttons, or tiles.","Эта комната пуста. Проведите вниз по заголовку, включите режим редактирования и добавьте виджеты, кнопки или плитки.",
cr_default_markdown_content,,# Markdown\nOpen this widget in **edit mode** to write your own content.,"# Уценка\nОткройте этот виджет в **режиме редактирования**, чтобы написать свой собственный контент.",\n = line break
cr_select_camera,,Select camera,Выберите камеру,
cr_select_entity,,Select entity,Выберите объект,
cr_custom_camera,,Custom camera,Пользовательская камера,
cr_configure_widget,,Configure widget,Настроить виджет,
cr_configure_widget_subtitle,,Set the essentials before adding it,Установите необходимые параметры перед добавлением,
cr_widget_options,,Widget options,Параметры виджета,
cr_widget_options_subtitle,,Choose what this widget should display,"Выберите, что должен отображать этот виджет",
cr_add_widget,,Add widget,Добавить виджет,
cr_add_widget_subtitle,,Browse by purpose or search every widget,Просмотр по цели или поиск по каждому виджету,
cr_widget_category_controls,,Controls,Элементы управления,
cr_widget_category_controls_description,,"Buttons, vacuums, and grouped controls","Кнопки, пылесосы и сгруппированные элементы управления",
cr_widget_category_cameras,,Cameras,Камеры,
cr_widget_category_cameras_description,,Live camera tiles and multi-camera views,Плитки камеры в реальном времени и просмотр с нескольких камер,
cr_widget_category_climate,,Climate and weather,Климат и погода,
cr_widget_category_climate_description,,"Temperature, comfort, forecasts, and conditions","Температура, комфорт, прогнозы и условия",
cr_widget_category_energy,,Energy and batteries,Энергия и батарейки,
cr_widget_category_energy_description,,"Consumption, production, and device health","Потребление, производство и здоровье устройств",
cr_widget_category_information,,Information and media,Информация и СМИ,
cr_widget_category_information_description,,"Calendars, deliveries, graphs, notes, and playback","Календари, доставки, графики, заметки и воспроизведение",
cr_widget_category_layout,,Layout and structure,Планировка и структура,
cr_widget_category_layout_description,,Headings and flexible widget containers,Заголовки и гибкие контейнеры виджетов,
cr_widget_adaptive_lighting,,Adaptive Lighting,Адаптивное освещение,
cr_widget_adaptive_lighting_description,,Control any installed Adaptive Lighting profile,Управляйте любым установленным профилем адаптивного освещения.,
cr_widget_button,,Button,Кнопка,
cr_widget_button_description,,A single configurable entity control,Единый настраиваемый элемент управления объектом,
cr_widget_buttons,,Buttons,Кнопки,
cr_widget_calendar,,Calendar,Календарь,
cr_widget_calendar_description,,"Agenda, week, and month views from Home Assistant calendars","Просмотры повестки дня, недели и месяца из календарей Home Assistant.",don't translate Home Assistant
cr_widget_waste_collection,,Waste collection,Сбор мусора,
cr_widget_waste_collection_description,,Upcoming collections from waste sensors,Предстоящие сборы от датчиков отходов,
cr_widget_parcels,,Parcels,Посылки,
cr_widget_parcels_description,,Incoming and outgoing parcels from supported carriers,Входящие и исходящие посылки от поддерживаемых перевозчиков,
cr_widget_camera,,Camera,Камера,
cr_widget_camera_description,,A single live camera tile or stream URL,Одна плитка камеры в реальном времени или URL-адрес потока.,
cr_widget_cameras,,Cameras,Камеры,
cr_widget_climate_card,,Climate card,Климатическая карта,
cr_widget_climate_card_description,,Any card from the Climate view,Любая карта из представления «Климат».,
cr_widget_energy_card,,Energy card,Энергетическая карта,
cr_widget_energy_card_description,,Any card from the Energy view,Любая карта из поля Энергии,
cr_widget_battery_levels,,Battery levels,Уровень заряда батареи,
cr_widget_battery_levels_description,,"Low batteries, or Battery+ only with type details",Низкий заряд батареи или только батарея+ с указанием типа.,
cr_widget_header_text,,Header text,Текст заголовка,
cr_widget_header_text_description,,Add a section heading,Добавьте заголовок раздела,
cr_widget_markdown,,Markdown,Уценка,
cr_widget_markdown_description,,A free-form card written in Markdown,"Карточка произвольной формы, написанная на Markdown.",
cr_widget_iframe,,iFrame,iFrame,
cr_widget_iframe_description,,Embed any web page on your dashboard,Встраивайте любую веб-страницу в свою панель управления,
cr_widget_media_player,,Media player,Медиаплеер,
cr_widget_media_player_description,,Now-playing tile with album art as the background,"Плитка, воспроизводящаяся сейчас, с обложкой альбома в качестве фона",
cr_widget_sensor_graph,,Sensor graph,График датчика,
cr_widget_sensor_graph_description,,"History graph for one or more sensors, as lines or bars",График истории для одного или нескольких датчиков в виде линий или столбцов,
cr_widget_vacuum,,Vacuum,Вакуум,
cr_widget_vacuum_description,,A single robot-vacuum control,Единый робот-пылесос,
cr_widget_weather,,Weather,Погода,
cr_widget_weather_description,,A single weather card,Единая карта погоды,
cr_widget_empty_stack,,Empty stack,Пустой стек,
cr_widget_empty_stack_description,,Place widgets inside a configurable stack,Размещайте виджеты внутри настраиваемого стека.,
cr_widget_button_stack,,Button stack,Стек кнопок,
cr_widget_button_stack_description,,Group entities into configurable controls,Группируйте объекты в настраиваемые элементы управления,
cr_widget_camera_stack,,Camera stack,Стек камер,
cr_widget_camera_stack_description,,Show live camera tiles or a custom stream URL,Показывать плитки с камер в реальном времени или URL-адрес пользовательского потока.,
cr_widget_climate_stack,,Climate stack,Климатический стек,
cr_widget_climate_stack_description,,"Group climate cards such as overview, thermostats, and sensors","Групповые климатические карты, такие как обзор, термостаты и датчики.",
cr_widget_energy_stack,,Energy stack,Энергетический стек,
cr_widget_energy_stack_description,,"Group energy cards such as usage, solar, gas, and water","Групповые энергетические карты, такие как использование, солнечная энергия, газ и вода.",
cr_widget_sensor_graph_stack,,Sensor graph stack,Стек графов датчиков,
cr_widget_sensor_graph_stack_description,,Group several sensor-history graphs,Сгруппируйте несколько графиков истории датчиков.,
cr_widget_swiping_stack,,Swiping stack,Пролистывание стека,
cr_widget_swiping_stack_description,,Swipe horizontally through nested widgets,Проведите по горизонтали через вложенные виджеты,
cr_widget_vacuum_stack,,Vacuum stack,Вакуумная труба,
cr_widget_vacuum_stack_description,,Control robot vacuums with a map and battery status,Управляйте роботами-пылесосами с помощью карты и состояния батареи.,
cr_widget_weather_stack,,Weather stack,Стек погоды,
cr_widget_weather_stack_description,,"Group conditions, forecast, wind, or rain-map cards","Карты групповых условий, прогноза, ветра или дождя",
cr_camera_settings,,Camera settings,Настройки камеры,
cr_vacuum_settings,,Vacuum settings,Настройки вакуума,
cr_button_settings,,Button settings,Настройки кнопок,
cr_robot_image,,Robot image,Изображение робота,
cr_map_camera,,Map camera,Карта камеры,
cr_external_url,,External URL,Внешний URL-адрес,
cr_valetudo_map,,Valetudo map,Valetudo карта,don't translate Valetudo
cr_valetudo_map_hint,,Draws the map from a Valetudo robot and lets you tap a room to clean it. Pick the robot's map camera below.,"Рисует карту с помощью робота Valetudo и позволяет вам нажать на комнату, чтобы очистить ее. Выберите картографическую камеру робота ниже.",don't translate Valetudo
cr_valetudo_camera_mode_note,,Using Map camera with a Valetudo map entity shows a blank tile. Valetudo does not render the map on the robot — its PNG is only a container for the map data. Choose Valetudo map instead to have HKI draw it.,"При использовании камеры карты с объектом карты Valetudo отображается пустая плитка. Valetudo не отображает карту на роботе — его PNG является всего лишь контейнером для данных карты. Вместо этого выберите карту Valetudo, чтобы HKI нарисовал ее.",don't translate Valetudo
cr_animation_glow,,Glow,Светиться,
cr_animation_spin,,Spin,Вращаться,
cr_animation_pulse,,Pulse,Пульс,
cr_adaptive_lighting_widget,,Adaptive Lighting widget,Виджет адаптивного освещения,
cr_adaptive_lighting_widget_subtitle,,"Profiles, size, and appearance","Профили, размер и внешний вид",
cr_button_stack_dialog_subtitle,,"Layout, appearance, and entity order","Макет, внешний вид и порядок объектов",
cr_expand_stack,,Expand stack,Развернуть стек,
cr_collapse_stack,,Collapse stack,Свернуть стопку,
cr_hide_stack,,Hide stack,Скрыть стопку,
cr_unhide_stack,,Unhide stack,Показать стопку,
cr_swiping_stack_dialog_subtitle,,"Pages, height, and card appearance","Страницы, высота и внешний вид карточки",
cr_empty_stack_dialog_subtitle,,Container layout and appearance,Компоновка и внешний вид контейнера,
cr_header_text_dialog_subtitle,,Heading content and visual style,Содержание заголовка и визуальный стиль,
cr_animation_swipe,,Swipe,Проведите пальцем по экрану,
cr_animation_fade,,Fade,Тускнеть,
cr_animation_zoom,,Zoom,Увеличить,
cr_animation_slide_fade,,Slide + fade,Скольжение + исчезновение,
cr_animation_cube,,Cube,Куб,
cr_animation_instant,,Instant,Мгновенный,
cr_widget_option_count,one,%d option,%d вариант,app fills in %d — keep them
cr_widget_option_count,other,%d options,%d вариантов,app fills in %d — keep them
cr_widget_option_count,few,,%d вариантов,
cr_widget_option_count,many,,%d вариантов,
cr_configured_lights,one,%d configured light,%d настроенный свет,app fills in %d — keep them
cr_configured_lights,other,%d configured lights,%d настроенных источников света,app fills in %d — keep them
cr_configured_lights,few,,%d настроенных источников света,
cr_configured_lights,many,,%d настроенных источников света,
cr_quick_notifications,,Notifications,Уведомления,
cr_quick_notifications_instruction,,Swipe right from the upper-left edge.,Проведите пальцем вправо от верхнего левого края.,
cr_quick_switch_homes,,Switch homes,Сменить дом,
cr_quick_switch_homes_instruction,,Swipe left from the upper-right edge of the header.,Проведите пальцем влево от правого верхнего края заголовка.,
cr_quick_actions,,Quick actions,Быстрые действия,
cr_quick_actions_instruction,,"Pull down on any page header for Search, Flows, Edit, and Settings.","Потяните вниз любой заголовок страницы для поиска, потоков, редактирования и настроек.",
cr_quick_media_player,,Media player,Медиаплеер,
cr_quick_media_player_instruction,,"When the handle appears, swipe up on the bottom bar to restore the player.","Когда появится ручка, проведите пальцем вверх по нижней панели, чтобы восстановить проигрыватель.",
cr_quick_make_it_yours,,Make it yours,Сделайте это своим,
cr_quick_make_it_yours_instruction,,"In edit mode, add and reorder rooms, floors, and widgets. Tap an item to configure it.","В режиме редактирования добавляйте и меняйте порядок комнат, этажей и виджетов. Коснитесь элемента, чтобы настроить его.",
cr_whats_new_1_1_2,1,"Returning from Home Assistant Settings, Developer tools or HACS now restores the same position in HKI 7 Settings instead of reopening at the top.","При возврате из настроек Home Assistant, инструментов разработчика или HACS теперь восстанавливается та же позиция в настройках HKI 7 вместо повторного открытия вверху.","don't translate Home Assistant, HKI 7"
cr_whats_new_1_1_2,2,"Android 17 now asks for Local network access before finding or connecting directly to Home Assistant, so local servers keep working with API 37. Settings › Connection shows whether it is allowed and can ask again, for when the Android 17 upgrade arrives long after setup.","Android 17 теперь запрашивает доступ к локальной сети перед поиском или прямым подключением к Home Assistant, поэтому локальные серверы продолжают работать с API 37. Настройки › Соединение показывает, разрешено ли это, и может запросить еще раз, когда обновление Android 17 выйдет спустя долгое время после установки.",don't translate Home Assistant
cr_whats_new_1_1_2,3,"Update notifications now also appear in HKI 7's own notification panel, with a “See what changed” link to the release notes. The system notification is gone once you swipe it away; this one stays, and checking for updates under Settings › About brings it back.","Уведомления об обновлениях теперь также отображаются на собственной панели уведомлений HKI 7 со ссылкой «Посмотреть, что изменилось» на примечания к выпуску. Системное уведомление исчезнет, как только вы его проведете; этот остается, и проверка обновлений в разделе «Настройки» > «О программе» возвращает его.",don't translate HKI 7
cr_whats_new_1_1_2,4,"Permission tiles in Settings now update as soon as you come back from granting one. Location, battery optimization and background usage kept showing the old state until Settings was closed and reopened.","Плитки разрешений в настройках теперь обновляются, как только вы возвращаетесь после их предоставления. Местоположение, оптимизация батареи и использование фона продолжали показывать старое состояние до тех пор, пока «Настройки» не были закрыты и снова открыты.",
cr_whats_new_1_1_1,1,"New Clock widget. Analog or digital, seven designs each, 12 or 24-hour time, and the day, date and year if you want them. Tap it to see your next alarm.","Новый виджет часов. Аналоговый или цифровой, по семь дизайнов каждый, 12- или 24-часовой формат времени, а также день, дата и год, если вы этого хотите. Нажмите на него, чтобы увидеть следующий будильник.",
cr_whats_new_1_1_1,2,"Reach Home Assistant itself from Settings. Admins get its Settings, Developer tools and HACS full screen inside HKI 7, already signed in.","Доберитесь до самого Home Assistant из настроек. Администраторы получают настройки, инструменты разработчика и полноэкранный режим HACS внутри HKI 7, уже войдя в систему.","don't translate Home Assistant, HKI 7"
cr_whats_new_1_1_1,3,HKI 7 tells you when a new version is out — useful if you installed it from GitHub rather than the Play Store. Turn it off in Settings › About.,"HKI 7 сообщает вам, когда выйдет новая версия — полезно, если вы установили ее из GitHub, а не из Play Store. Отключите его в Настройки › О программе.",don't translate HKI 7
cr_whats_new_1_1_1,4,"Home Assistant can now see your phone's next alarm, the same sensor the official app provides.","Home Assistant теперь может видеть следующий будильник вашего телефона — тот же датчик, который есть в официальном приложении.",don't translate Home Assistant
cr_whats_new_1_1_1,5,"Media players show what is playing, not just which app is open. An Android TV streaming a series shows the programme, season and episode.","Медиаплееры показывают, что воспроизводится, а не только то, какое приложение открыто. Android TV транслирует сериал, показывая программу, сезон и серию.",
cr_whats_new_1_1_1,6,"Back goes to the page you were on before, every time, until you reach Home. It no longer skips pages or leaves the app early.","Функция «Назад» позволяет вернуться на предыдущую страницу каждый раз, пока вы не дойдете до «Домой». Он больше не пропускает страницы и не покидает приложение раньше времени.",
cr_whats_new_1_1_1,7,"Fixed temperature and energy readings in Czech, Slovak, Greek, Norwegian, Swedish and Danish, where numbers showed wrongly or could crash the screen.","Исправлены показания температуры и энергии на чешском, словацком, греческом, норвежском, шведском и датском языках, где цифры отображались неправильно или могли привести к сбою экрана.",
cr_whats_new_1_1_1,8,"Something worded badly in your language? Each language is now a single file you can correct on GitHub, no code needed.","Что-то плохо сформулировано на вашем языке? Каждый язык теперь представляет собой отдельный файл, который вы можете исправить на GitHub, без необходимости кода.",
cr_whats_new_1_1_0,1,"Eighteen more languages, taking HKI 7 to 36. Polish, Russian, Czech, Slovak, Hungarian, Romanian, Bulgarian, Croatian, Greek, Lithuanian, Latvian, Estonian, Danish, Thai and Hebrew join the list, along with Austrian German, Swiss German and Mexican Spanish. Hebrew lays the interface out right to left, as Arabic does.","Еще восемнадцать языков, от HKI 7 до 36. К списку присоединяются польский, русский, чешский, словацкий, венгерский, румынский, болгарский, хорватский, греческий, литовский, латышский, эстонский, датский, тайский и иврит, а также австрийский немецкий, швейцарский немецкий и мексиканский испанский. На иврите интерфейс располагается справа налево, как и на арабском.",don't translate HKI 7
cr_whats_new_1_1_0,2,"HKI 7 now runs on Android 12 and later. It previously needed Android 14, which ruled out a lot of perfectly capable phones and tablets.","HKI 7 теперь работает на Android 12 и более поздних версиях. Раньше ему требовался Android 14, что исключало множество отличных телефонов и планшетов.",don't translate HKI 7
cr_whats_new_1_1_0,3,"Energy costs are shown in your own currency instead of always in euros. HKI 7 follows what your cost sensors report, and there is a Currency setting in Energy settings if you would rather choose one yourself.","Затраты на электроэнергию отображаются в вашей валюте, а не в евро. HKI 7 соответствует тому, что сообщают ваши датчики затрат, а в настройках энергии есть параметр «Валюта», если вы предпочитаете выбрать его самостоятельно.",don't translate HKI 7
cr_whats_new_1_1_0,4,"The language picker has a search box and is sorted, which it needed at 36 entries. If you ever land in a language you cannot read, the way back is still the first thing on screen.","Средство выбора языка имеет поле поиска и отсортировано по 36 записям. Если вы когда-нибудь приземлитесь на языке, который не умеете читать, путь назад по-прежнему будет первым, что появится на экране.",
cr_whats_new_1_1_0,5,"Views remember where you had scrolled to, and tapping the tab you are already on takes you back to the top.","Представления запоминают, куда вы прокрутили, и нажатие на вкладку, на которой вы уже находитесь, возвращает вас наверх.",
cr_whats_new_1_1_0,6,"Swiping sideways no longer carries you out of a page you have opened, such as Solar inside Energy. Back now returns you to the view you came from rather than jumping to the home page.","Смахивание вбок больше не выводит вас с открытой страницы, например «Солнечная энергия внутри». Команда «Назад сейчас» возвращает вас к представлению, из которого вы пришли, вместо перехода на домашнюю страницу.",
cr_whats_new_1_1_0,7,"Scrollable rows say so. The pull-down menu, the navigation bar and the settings tabs all show an arrow at the edge when there is more to reach.","Прокручиваемые строки говорят об этом. В раскрывающемся меню, панели навигации и вкладках настроек по краю отображается стрелка, когда есть что-то еще.",
cr_whats_new_1_1_0,8,"Dialogs look and behave the same throughout. Six of them were plain Android dialogs with no close button in the corner, and buttons across the app now agree on what Close, Save and Done mean.","Диалоги выглядят и ведут себя одинаково. Шесть из них представляли собой простые диалоговые окна Android без кнопки закрытия в углу, а кнопки в приложении теперь согласовывают, что означают «Закрыть», «Сохранить» и «Готово».",
cr_whats_new_1_1_0,9,"Creating a dashboard asks first and then offers the same choices as first-time setup — so a new dashboard can start from a backup or from one your family has shared, as well as being generated or left empty. Your current dashboard is never overwritten, and shared dashboards are now marked as shared in the list.","При создании информационной панели сначала запрашивается, а затем предлагаются те же варианты, что и при первоначальной настройке — поэтому новая информационная панель может начинаться с резервной копии или из той, которой поделилась ваша семья, а также может быть сгенерирована или оставлена пустой. Ваша текущая панель мониторинга никогда не перезаписывается, а общие панели мониторинга теперь помечаются в списке как общие.",
cr_whats_new_1_1_0,10,"The battery widget opens a list in place instead of taking you to a separate page, grouped by how urgent each one is and showing the battery type where Home Assistant knows it. There is a search box, and a button to open the full Battery view if you want it.","Виджет батареи открывает список на месте, а не перенаправляет вас на отдельную страницу, сгруппированную по степени срочности каждого из них и отображающую тип батареи, который известен Home Assistant. Существует окно поиска и кнопка, позволяющая открыть полный обзор батареи, если вы этого хотите.",don't translate Home Assistant
cr_whats_new_1_1_0,11,"Tapping the people counter in a room shows who is there, with each person's picture. The Rooms header now has a household counter too, showing where everyone is without opening every room.","Нажатие на счетчик посетителей в комнате покажет, кто там, с помощью фотографии каждого человека. В заголовке «Комнаты» теперь также есть счетчик домохозяйств, показывающий, где все находятся, не открывая каждую комнату.",
cr_whats_new_1_1_0,12,"A button can be left out of a room's Lights and Devices counters, for the ones that are in the room but not really part of it.","Кнопку можно исключить из счетчиков освещения и устройств в комнате для тех, которые находятся в комнате, но не являются ее частью.",
cr_whats_new_1_1_0,13,"Widgets that need an integration you do not have — Formula 1, Parcels, Waste Collection — are greyed out and say what is missing, instead of being added and then sitting empty.","Виджеты, которым нужна интеграция, которой у вас нет — «Формула 1», «Посылки», «Сбор мусора» — выделены серым цветом и сообщают, чего не хватает, вместо того, чтобы добавляться и затем оставаться пустыми.",
cr_whats_new_1_1_0,14,"Parcel tracking covers fifteen more carriers, including PostNord, InPost, Swiss Post, An Post, Budbee, Sameday and Nova Post, each with its own logo.","Отслеживание посылок охватывает еще пятнадцать перевозчиков, включая PostNord, InPost, Swiss Post, An Post, Budbee, Sameday и Nova Post, каждая из которых имеет свой логотип.",
cr_whats_new_1_1_0,15,"A Valetudo robot vacuum picks up its live map automatically when your rooms are imported, rather than needing the camera chosen by hand.","Робот-пылесос Valetudo автоматически выбирает живую карту при импорте ваших комнат, вместо того, чтобы выбирать камеру вручную.",don't translate Valetudo
cr_whats_new_1_0_1,1,"Swiping between tabs now follows your finger. The pages move as you drag, you can change your mind mid-swipe and pull them back, and they settle where you let go. Previously the change was decided the moment you had dragged far enough and could not be taken back, while the animation that played afterwards was on its own timer and unrelated to the gesture — so the app committed to a page before your finger had finished asking for one.",,needs translation
cr_whats_new_1_0_1,2,"The bottom bar now keeps the selected tab in view. On a phone too narrow for every tab it scrolls the active one to the centre, so the tab you are on is always visible along with its neighbours — which is also the hint that there are more pages to swipe to. Reaching the last tab used to leave the indicator somewhere off the end of the bar.",,needs translation
cr_whats_new_1_0_1,3,"Swiping between rooms shows how many rooms there are and which one you are on, as dots above the navigation bar — or as a count once there are more than eight. Room swiping also stops at the last room instead of wrapping around to the first, matching how the tabs behave. Rooms an admin has hidden are now skipped by the swipe rather than only blocked when opened.",,needs translation
cr_whats_new_1_0_1,4,"The pull-down header menu animates to wherever you let it go, instead of jumping open or shut in a single frame. It settles by which half you released it in, a quick flick opens it without a full-length drag, and it can be caught and dragged again mid-animation. It also no longer stops dead partway when pulled a long way but not quite far enough.",,needs translation
cr_whats_new_1_0_1,5,"Settings remembers where you were. Coming back from a sub-menu returns to the place in the list you left rather than to the top, which was most noticeable on the long way down to About and Licenses. The page settings dialog had the opposite problem — one scroll position carried across unrelated sub-menus — and that is fixed too.",,needs translation
cr_whats_new_1_0_1,6,"The notification panel now has a button in the pull-down header menu, so the left-edge swipe is no longer the only way to reach it. That let the strip of screen edge reserved for the swipe shrink from 200dp to 88dp: the reserved strip is where Android's own back gesture stops working, and it had been covering the exact corner where the back arrow sits.",,needs translation
cr_whats_new_1_0_1,7,"Fixed the app closing instead of the notification panel when back was pressed during the panel's opening animation. Back is also defined for the tabs now — it returns to the first tab before leaving the app, rather than exiting from wherever you happened to have swiped to.",,needs translation
cr_whats_new_1_0_1,8,"The home switcher panel follows Android's predictive back gesture, sliding out with your finger and springing back if you change your mind.",,needs translation
cr_whats_new_1_0_1,9,"Four more languages: Norwegian, Swedish, Finnish and Arabic. Arabic lays the whole app out right to left — the navigation bar, the panels that slide in from the screen edge, and the swipe that moves between tabs all mirror, rather than only the text changing direction. Product names such as Home Assistant stay in Latin script wherever they appear.",,needs translation; don't translate Home Assistant
cr_whats_new_1_0_1,10,"Swiping between rooms is much smoother. A room screen is by far the heaviest page in the app, and the next one was being built during the first frames of the swipe — precisely when there was no time for it. It is now prepared while nothing is moving, and live sensor updates wait for the swipe to finish instead of redrawing every open page mid-gesture.",,needs translation
cr_whats_new_1_0_1,11,"The notification panel and the home switcher are dragged rather than flicked open, following your finger and settling where you let go. They close the same way: push them back towards the edge they came from. Tapping the panel itself no longer closes it, which it used to do anywhere you touched that was not a button.",,needs translation
cr_whats_new_1_0_1,12,"A horizontal row inside a page — a mode selector, a swipe row, a swiping stack — no longer hands the rest of the gesture to the page once it reaches its end. Picking the first or last item in such a row used to flip the whole page instead.",,needs translation
cr_whats_new_1_0_1,13,"Dialogs with tabs show how many there are and which one you are on, and a sideways swipe anywhere on the dialog changes tab. The swipe used to be written off as a scroll whenever it set off with the slight downward arc a thumb naturally makes, which made it feel like it worked only sometimes.",,needs translation
cr_whats_new_1_0_1,14,"Demo mode no longer talks to the network. Twenty-six requests — the whole HKI 7 Cloud surface plus the event timeline, camera snapshots and vacuum maps — were still being attempted against a server that does not exist, and one of them retried every three seconds for the entire session, filling the connection log with failures. Restarting Home Assistant in the demo is now simulated in a few seconds rather than showing ""restarting"" for two minutes and giving up.",,"needs translation; don't translate HKI 7 Cloud, Home Assistant"
cr_whats_new_1_0_0,1,"New Events tab in the notification drawer: a timeline of what your home has actually been doing. The front door opening, a light going off, someone arriving home — each with the time and, where Home Assistant knows, who did it. An admin picks which entities appear under Settings › Family Sharing › Events, once for the whole family rather than on every phone. It reads Home Assistant's own logbook rather than recording anything on the device, so it still shows what happened overnight while the app was closed, and it opens on the last 3 hours — a timeline answers what just happened — with 6h to 72h a tap away. Events never touch the notification bell's unread count: a timeline of doors opening would leave that badge permanently lit and mean nothing. Requires HKI 7 Cloud 0.9.0.*",,"needs translation; don't translate HKI 7 Cloud, Home Assistant"
cr_whats_new_1_0_0,2,"An admin can take parts of the timeline away from individual family members — a whole domain, or named entities — from the same Events tab. Everyone sees the full timeline unless something is taken out for them, so adding a person to the family does not mean building their timeline from scratch. The filtering happens in the HKI 7 Cloud component rather than in the app, so a restricted device is never even told which entities it is being kept away from. As with hidden views and rooms, this hides the timeline rather than the entities: Home Assistant has no per-entity read permission for non-admin accounts, so anyone signed in can still read those entities through Home Assistant itself.*",,"needs translation; don't translate HKI 7 Cloud, Home Assistant"
cr_whats_new_1_0_0,3,"The event roster takes whole domains as well as named entities, so ""every lock"" is one choice rather than eleven. Domains are resolved fresh each time the timeline opens, so a lock added next month joins on its own instead of the roster meaning whatever existed the day it was set. The editor shows what each domain currently covers, since one domain can be hundreds of entities. Requires HKI 7 Cloud 0.10.0.*",,needs translation; don't translate HKI 7 Cloud
cr_whats_new_1_0_0,4,"Events are labelled and filterable by what kind of thing they happened to — Doors, Windows, Motion, Lights, Locks. The filter row is built from what your timeline actually contains, so you are never offered a filter that can only come back empty. Days stay as the list headings: a timeline that reorders itself by category stops being a timeline.",,needs translation
cr_whats_new_1_0_0,5,"Weather artwork now animates in the daily forecast, the hourly strip and the header pill, not only on the hero card. Animation was previously switched off below a fixed size, which caught all three.",,needs translation
cr_whats_new_1_0_0,6,"Where weather artwork animates is now four separate switches — header pill, weather dialog, forecast strips, weather widget — instead of riding on the entity icon animation setting. The forecast strips animate a dozen icons side by side and are the only ones that ever cost anything noticeable, so turning those off need not mean losing the single small icon in the header pill. All four are on by default, and appear both in Settings › Appearance › Icons and in the header pill's own settings.",,needs translation
cr_whats_new_1_0_0,7,"The 6h/12h/24h/48h/72h range selector is centred rather than left-aligned everywhere it appears, and gains a 3h option.",,needs translation
cr_whats_new_1_0_0,8,"New Connection log at the bottom of Settings › Connection: what the app's connection has actually been doing — connection attempts, reconnects, sync and subscriptions — with buttons to copy or clear it. All of this was already being recorded; nothing displayed it. It holds the last 300 lines and starts empty each launch.",,needs translation
cr_whats_new_1_0_0,9,"A button stack's layout options are now named the same as a single button's. The same shape was called Tile on a button and Compact on a stack, which made them look like different features.",,needs translation
cr_whats_new_1_0_0,10,"New Centered button layout beside Standard, Square and Tile: a square card whose icon sits in the middle of the space above the text, with the name and state centred beneath it. The icon is pushed upward rather than crowded as the text grows. A grid of these reads as a keypad, which is what makes a remote control possible.",,needs translation
cr_whats_new_1_0_0,11,"A button's icon, name and state are each shown or hidden on their own, under a new Elements section in its settings. The old Icon only switch is gone — hiding both the name and state is what it did, and these also let you keep one of them. Existing icon-only buttons keep working.",,needs translation
cr_whats_new_1_0_0,12,"A button stack carries the same three switches for all of its children, so a stack of twenty buttons need not be set twenty times. Turning one off on the stack hides it on every button; leaving it on lets each button decide.",,needs translation
cr_whats_new_1_0_0,13,"Fixed the button stack settings dialog stopping about two thirds of the way down with empty space below it, leaving the rest unreachable on a tall phone or a tablet.",,needs translation
cr_whats_new_1_0_0,14,"Navigation bar, media players and popups moved from Settings › Appearance to Settings › Dashboard, below the dashboards themselves. They are parts of what the dashboard is made of rather than how it is styled.",,needs translation
cr_whats_new_1_0_0,15,"Settings › Connection ends with the connection log, and Restart Home Assistant now sits below it rather than above — it is the most disruptive thing on the screen and the least often wanted.",,needs translation; don't translate Home Assistant
cr_whats_new_1_0_0,16,"The Events tab gives an admin a button straight to Settings › Family Sharing › Events when nothing is being tracked yet, instead of only naming where to go.",,needs translation
cr_whats_new_1_0_0,17,"Entity and domain pickers list what is already selected first, so undoing a choice does not mean hunting for it alphabetically. The order is fixed when the picker opens, so ticking something does not make it jump away from your finger.",,needs translation
cr_whats_new_1_0_0,18,"A button stack's heading now has explicit Show name and Show icon switches, plus an option to centre them. Clearing the text field used to be the only way to get a stack with no heading, which hid that it was possible and meant losing the name to hide it.",,needs translation
cr_whats_new_beta_18,1,"An admin can now change who a published family dashboard is shared with, instead of only being able to choose at the moment of publishing. Settings › Family Sharing › Dashboards lists who each published dashboard reaches, with a Manage access button to add or remove people. Until now the only way to take a dashboard away from one person was to delete it for everybody.*",,needs translation
cr_whats_new_beta_18,2,"Losing access to a family dashboard now clears what was layered on top of it. The dashboard itself was already removed, but the rooms, widgets, pages, nav bar, header pill and theme it left behind on the device stayed — so the next dashboard an admin shared arrived on top of the previous one's leftovers and looked like it had failed to import in full. Everything that belonged to the revoked dashboard is now removed with it. Home Assistant connections, profiles and notification settings are untouched: losing a dashboard is not being signed out.*",,needs translation; don't translate Home Assistant
cr_whats_new_beta_18,3,"New Devices tab under Settings › Family Sharing, showing which HKI version each family device is running and flagging the ones older than yours, with the Home Assistant account, device name, Android version and when it last reported. Each install records this through the HKI 7 Cloud component over the connection the app already uses, so every signed-in device is covered — including one with Location and Notifications both switched off — and nothing is added to Home Assistant's entity list. A device can only ever report itself. An admin can forget a phone that has been replaced; one still in use reappears the next time its app opens. Requires HKI 7 Cloud 0.7.0.*",,"needs translation; don't translate HKI 7 Cloud, Home Assistant"
cr_whats_new_beta_18,4,"An admin can now require the family to update. ""Require everyone to be on this version"" in the Devices tab sets a household minimum; anyone below it gets a full-screen prompt on their next launch instead of the dashboard, with Google Play's in-app update doing the install. There is also a per-device ""Ask to update"" for when one phone is behind rather than everyone, which clears itself once that device updates. No app can install a newer version of itself, so Play does the actual work — which also means the prompt can only insist when Play genuinely has the update ready. When it does not, the prompt explains why and lets you past for that session, rather than locking someone out of their own locks and alarms over an update they cannot get. You can only require a version some family device already runs. Requires HKI 7 Cloud 0.8.0.*",,needs translation; don't translate HKI 7 Cloud
cr_whats_new_beta_18,5,"Each Family Sharing tab now says for itself when it needs a newer HKI 7 Cloud than the one installed, instead of that only appearing in the summary at the top of the screen. Parental controls, Permissions, Presence and Devices each carry the version they need, so it is clear before you configure a tab whose settings the installed component cannot store yet.",,needs translation; don't translate HKI 7 Cloud
cr_whats_new_beta_17,1,"Fixed a crash that could take the whole app down during the very first connection attempt after opening it, which read as ""the app won't even open"". The setup that runs on every launch had no error handling of its own, so a failure there — usually an expired session being refreshed on a flaky network — escaped as an unhandled error instead of surfacing as a connection error you could retry. As a backstop, an unexpected error on a background task can no longer terminate the app at all.",,needs translation
cr_whats_new_beta_17,2,"The dashboard no longer rebuilds itself every time Home Assistant reports a state change. The home screen tracked the complete entity list, so a single motion sensor tripping or a power meter ticking — several times a second on a busy install — invalidated the whole screen and every widget on it, even when nothing visible had changed. It now watches only what it actually draws.",,needs translation; don't translate Home Assistant
cr_whats_new_beta_17,3,"Entity icon animations no longer redo layout work on every frame they animate. The spin, pulse and glow effects re-ran the surrounding widget's composition on each animation frame instead of just redrawing the icon, so any dashboard with an active light, an open door or a recording camera paid that cost continuously. The animations look exactly the same.",,needs translation
cr_whats_new_beta_17,4,"Fixed the app becoming unresponsive — and eventually killed by Android — when opening the history of a busy entity, such as a motion sensor that logs thousands of state changes a day. Matching each history entry to its actor re-scanned and re-parsed the entire logbook's timestamps from scratch for every single entry, work that scaled with history size squared; a quiet entity never noticed, but a busy one could peg the CPU for ten seconds straight. The logbook is now parsed once instead of once per entry, and the whole fetch runs off the main thread.",,needs translation
cr_whats_new_beta_17,5,"Hardened how the app reads attributes Home Assistant sends for an entity: a value present but shaped unexpectedly (an object or array where a plain number or piece of text was expected) used to throw and crash whatever screen read it, instead of just being treated as missing.",,needs translation; don't translate Home Assistant
cr_whats_new_beta_17,6,"Fixed ""Push to family dashboard"" reporting a dashboard as already up to date no matter what had changed. A dashboard re-imported after a reinstall is stored locally under a different id than the one the cloud copy is published under, and the push check was still looking up the local export by the cloud id, finding nothing, and silently skipping that dashboard on every push.",,needs translation
cr_whats_new_beta_15,1,"The Formula 1 widget gains two new tabs and expands two existing ones. Calendar lists the season's races in order, with each circuit and the host country's flag. Grid shows the starting grid, with each driver's move up or down from where they qualified. Standings can now show a championship prediction alongside the points table — current and predicted final points, for drivers or constructors — when F1 Sensor's optional F1TV Auth is set up. Live gains a proper timing list: gap to the leader, interval to the car ahead, tyre compound and stint length, and pit/retired status for every driver, plus which lap the leader is on.",,needs translation
cr_whats_new_beta_15,2,"Fixed shared family dashboards failing to update at all once the owner added a widget type introduced in a newer app version, such as the To-Do List or Formula 1 widgets. A single unrecognized widget used to fail the whole dashboard, so a family member on an older build stopped receiving any of that dashboard's changes instead of just missing the new widget. Unrecognized widgets are now skipped individually, so the rest of a shared dashboard keeps working across app versions.",,needs translation
cr_whats_new_beta_15,3,"The To-Do widget's square card can now feature one whole list instead of items individually flagged high priority. A new Hero list picker in the widget's General tab — shown once it has at least one tab — chooses which list's open items appear on the card, labelled with that list's name, so what you see at a glance is a specific list like Chores rather than a scattered mix pulled from every tab. Deleting a tab that's currently the hero list clears the setting automatically.",,needs translation
cr_whats_new_beta_15,4,"Fixed the app crashing whenever it needed to reconnect to Home Assistant or the connection failed. The in-app push-notification channel ran its subscription in a way that let a dropped connection's error skip past the surrounding error handling entirely and crash the app outright. A separate mismatch also meant every single reconnect immediately tore the whole sync stack down and rebuilt it a second time, racing its own freshly made connection. Both are fixed.",,needs translation; don't translate Home Assistant
cr_whats_new_beta_14,1,"Settings › Family Sharing now shows which HKI 7 Cloud version is installed, and — if it's behind — exactly which family features that leaves unavailable, each labelled with the version that unlocks it. Previously the only way to find out a component was out of date was to hit a save that silently dropped part of what you configured.*",,needs translation; don't translate HKI 7 Cloud
cr_whats_new_beta_14,2,"New To-Do List widget: a shared checklist or shopping list the whole family can add to. Items support an optional quantity, category, priority (low, normal or high, shown as a flag) and due date, with Added by and Checked by attribution when more than one person edits the list. Choose Manual, A–Z, Priority, or Newest-first ordering, and filter between To do, All, and Done from the dialog. Editing can be limited to everyone, specific family members picked from the real Home Assistant user list, or admins only, enforced the same way the rest of the app's family permissions are. It follows the same design as every other widget, with the usual General, Permissions, Appearance and Visibility settings tabs.",,needs translation; don't translate Home Assistant
cr_whats_new_beta_14,3,"Room following can now be set to only place someone in the right room when the app starts, without tracking them for the rest of the session. The existing Ask before switching rooms switch only chose between asking and switching silently; there was no way to get the one-time placement without the app continuing to follow every move afterward. A new Keep following while the app is open switch under each person's room-following settings turns that continued tracking off on its own, leaving Open their room when the app starts to do the one placement it always did.*",,needs translation
cr_whats_new_beta_14,4,"New Formula 1 widget, for the F1 Sensor integration. The card shows the next race with a countdown and the circuit outline; opening it gives four tabs — Next race with the full session schedule and trackside weather, Standings for drivers and constructors, Results for the last grand prix with places gained or lost, and a Live tab that appears only while a session is running, showing the flag and race control messages. It finds its sensors on its own: F1 Sensor lets you rename its entities and pick a language, so the widget matches on the integration's stable internal keys rather than entity ids.",,needs translation
cr_whats_new_beta_14,5,"New Find my devices widget: a map of your phones, watches, tags and trackers. Add any device_tracker or person entity; the ones reporting GPS appear as pins on the map, the rest are still listed with their state. Tick as many as you like to show them together, or leave nothing ticked to see everything. Three filters narrow the list: All, Devices, and People. The card follows the same design as the other widgets, so background image, icon, width, shape and corner radius all work as you would expect.",,needs translation
cr_whats_new_beta_14,6,"The maps in the app no longer look like a printed atlas. HKI now uses the same muted CARTO basemap that Home Assistant's own map card uses, instead of the standard OpenStreetMap rendering, which was designed as a mapper's reference render rather than a background for an app. It also has a proper dark variant, so the map finally follows your theme instead of glowing white inside a dark dialog.",,needs translation; don't translate Home Assistant
cr_whats_new_beta_14,7,"Fixed room following doing nothing at all once Ask before switching rooms was turned off. That switch was being treated as a master off-switch for the whole feature, so with prompting disabled the app neither asked nor moved. It now does what it says: with prompting on you get the prompt, with it off the room simply opens. Don't ask again until I restart still stops both, since trading a prompt for a surprise jump would be worse.",,needs translation
cr_whats_new_beta_14,8,"Fixed the waste widget's settings dialog being cut off around two thirds of the way down while empty space sat below it. The dialog reserves a tall card but its contents were capped at a fixed height, so the scroll area stopped short of the space available. Both the settings dialog and the waste dialog itself now use the full height.",,needs translation
cr_whats_new_beta_14,9,"The waste dialog's calendar can now look 7, 14 or 28 days ahead, and is drawn as a week grid like the calendar widget rather than a flat list: weekday columns, one row per week, and a coloured dot per collection in its fraction's colour. Tap a day to see what is collected then; it opens on the next day with a collection.",,needs translation
cr_whats_new_beta_14,10,"Parcel dialogs now say Today or Tomorrow instead of naming the weekday. The whole question a delivery date answers is how soon, and “Wednesday” on a Wednesday made you work that out yourself.",,needs translation
cr_whats_new_beta_14,11,"The +2 bubble in the header, shown when there are more people than fit, now opens. Tapping it lists everyone with their name and state, and picking someone opens their detail dialog as usual. Previously those people were simply unreachable on a narrow header.",,needs translation
cr_whats_new_beta_14,12,"Fixed the map in the person dialog overflowing the dialog on a tablet or unfolded foldable. The map was drawn as a square as wide as the dialog, so on a 620dp-wide card it became 620dp tall and pushed the address off the bottom. It now takes the height left over instead.",,needs translation
cr_whats_new_beta_14,13,"Fixed notifications going undelivered while Home Assistant reported the device as not connected to local push notifications, even with the app open. The app stood aside for its background connection whenever the settings said that connection should be running — but when Android refused to start it, such as after a reboot, nothing was listening at all. The app now checks whether that connection is really running rather than whether it is meant to be, takes over when it is not, and hands the channel back the moment it does come up.",,needs translation; don't translate Home Assistant
cr_whats_new_beta_14,14,"Fixed room-following settings not taking effect on the device you changed them from. Turning following off, or changing how long a room must hold before it counts as a move, was written to the companion component but not to the device's own cached copy — so it kept following, and kept using the old dwell time, until the app was next started. Changes now apply immediately. The dwell slider also no longer offers zero seconds, which made the very first sensor reading count as a move.",,needs translation
cr_whats_new_beta_14,15,"The Formula 1 card now says one thing: the next grand prix and when it is — “Today 15:00” on the day, otherwise the date and time, in your own timezone. Track status is gone from it, because outside a session that read “Not running”, which is not what anyone glances at the card for. The status sits in the same dark pill the camera, vacuum and waste cards use, so it lines up with the rest of your dashboard again. The circuit outline stays as a faint watermark and the host country flag in the corner. The widget also no longer asks which F1 instance to use — it reads everything the integration publishes, so the dialog always has the full picture.",,needs translation
cr_whats_new_beta_14,16,"The To-Do List dialog's undo/redo and Close buttons moved from the title row to the bottom action bar, matching every other dialog in the app.",,needs translation
cr_whats_new_beta_14,17,* HKI 7 Cloud Component integration required.,,needs translation; don't translate HKI 7 Cloud
cr_whats_new_beta_13,1,"HKI can now follow you from room to room. Point it at a room-presence sensor such as ESPresense and it opens the room you are in when the app starts, then offers to switch views when you move somewhere else. Rooms also gain a purple counter showing how many people are in them, beside the motion and presence counters. An admin sets this up for the whole family under Settings › Family Sharing › Presence: pick each person's sensor and how long a new room must hold before it counts as a move. Sensor rooms named after your Home Assistant areas are matched automatically.*",,needs translation; don't translate Home Assistant
cr_whats_new_beta_13,2,"Notifications from Home Assistant can now carry action buttons. Add actions to a notify.mobile_app_… message and each one appears on the notification; tapping it sends the action back to Home Assistant, where an automation can respond. The buttons also appear on the in-app banner and in the notification drawer, because HKI hides system notifications while it is open. A URI action opens its link, a REPLY action takes a typed answer, and an action tapped while offline is delivered once the connection returns. Each notification can be actioned once.",,needs translation; don't translate Home Assistant
cr_whats_new_beta_13,3,"New Action button: a button that needs no entity at all. Give it a name, an icon, and whatever tap, hold, or double-tap action you like — navigate to a view or room, call a Home Assistant action, open a URL or a custom popup. Add one from the widget picker, from a button stack, or as an action badge in the badge area beside the header.",,needs translation; don't translate Home Assistant
cr_whats_new_beta_13,4,"Icon-only buttons can now be sized. Auto shrinks the icon as a stack gains columns, which is what makes icon-only usable in the four-, five-, and six-column custom popups where a fixed-size icon used to overflow the button. A button can also be given its own size.",,needs translation
cr_whats_new_beta_13,5,"Button stacks can push their appearance onto every button they hold: one Icon only for every button switch instead of the same switch on twenty buttons, plus an icon size they all inherit. A single button can still override the size.",,needs translation
cr_whats_new_beta_13,6,"The quick start guide can be browsed by hand. Swipe the gesture preview, tap a dot, or tap any tip to jump to it. It still plays on its own until you take over.",,needs translation
cr_whats_new_beta_13,7,"Fixed the waste widget showing the wrong icon and colour for every collection type outside Dutch: the type was matched against the translated label, so PMD shown as Packaging fell through to a generic grey-blue bin. PMD is orange with a recycling symbol again.",,needs translation
cr_whats_new_beta_13,8,"Fixed the room-following prompt appearing after Ask before switching rooms was turned off, and for the room already on screen. It now also offers Don't ask again until I restart the app, and the wait time can be set whether or not prompting is on.",,needs translation
cr_whats_new_beta_13,9,"Flows can express Any of these and nested logic, not just a flat list of ANDs. A group opens into its own list with a breadcrumb, and groups can hold groups, so motion detected AND (after sunset OR guest mode on) is buildable. It is the same structure Home Assistant's own editor writes, so a flow made in HA that used OR is no longer an untouchable advanced block.",,needs translation; don't translate Home Assistant
cr_whats_new_beta_13,10,"Thermostat dials on the Climate view no longer squeeze six across a landscape foldable. Dials hold at four per row until the window is genuinely desktop-wide, so each keeps enough width to read.",,needs translation
cr_whats_new_beta_13,11,"The Waiting for notifications message now has a Hide this notification button that jumps straight to its Android channel settings, where switching the channel off hides it for good while the connection keeps working. Android will not let a background connection run without a visible notification, so this is as far as muting can go. It also switches itself on when you have more than one Home Assistant server.",,needs translation; don't translate Home Assistant
cr_whats_new_beta_13,12,"The vacuum widget can now draw a Valetudo map itself. Choose Valetudo map as the button image and point it at your robot's map camera: HKI reads the map data Valetudo hides inside that camera's PNG and draws the floor, walls, rooms, the robot, its dock and the path it has taken. No add-on, custom component or extra Home Assistant integration is involved, and the map refreshes on its own while the robot is cleaning.",,"needs translation; don't translate Home Assistant, Valetudo"
cr_whats_new_beta_13,13,"Tap a room on the Valetudo map to send the robot to clean it. Rooms use the names you gave them in Valetudo. Cleaning a single room goes through Home Assistant's clean_area action, so first map the robot's segments to your areas in Home Assistant — until you do, the map says so instead of leaving the tap doing nothing.",,"needs translation; don't translate Home Assistant, Valetudo"
cr_whats_new_beta_13,14,"The vacuum settings now warn that plain Map camera on a Valetudo map entity shows a blank tile. Valetudo deliberately does not render the map on the robot, so its PNG is only a container for the data — Valetudo map is the mode that shows something.",,needs translation; don't translate Valetudo
cr_whats_new_beta_13,15,"The vacuum dialog now shows a Valetudo map whenever the map camera you picked actually carries one, whatever the button image is set to — the button image only decides how the tile on the dashboard looks. Cameras that turn out not to be Valetudo maps still show their picture, and HKI stops re-checking once it knows.",,needs translation; don't translate Valetudo
cr_whats_new_beta_13,16,"The robot image now spins while the vacuum is cleaning or returning to its dock, using the same icon animation settings as the rest of the app. A button's own animation setting still overrides it, and Off keeps it still.",,needs translation
cr_whats_new_beta_13,17,* HKI 7 Cloud Component integration required.,,needs translation; don't translate HKI 7 Cloud
cr_whats_new_beta_12,1,"Button widgets and button stacks can now hold an empty, fully transparent button. It takes up a grid cell without drawing anything, so the buttons around it line up exactly where you want them.",,needs translation
cr_whats_new_beta_12,2,Buttons can show just their icon. The new Icon only switch under a button's Appearance settings drops the name and state and centers a larger icon on the button.,,needs translation
cr_whats_new_beta_12,3,"New Custom popup action for buttons, badges, and dialog buttons. Point any tap, hold, or double tap at a popup you build yourself: it opens with the usual dialog title, status, history, and close controls, and you fill it with any widget the app offers. Popups are listed under Settings › Appearance › Popups, where Edit contents opens one ready to arrange. Popups are shared, so several buttons can open the same one, and stacks inside a popup can use up to six columns instead of three. While a popup is being arranged, a Done button sits beside Add widget to leave edit mode without closing it.",,needs translation
cr_whats_new_beta_12,4,"Fixed the Energy detail views (Solar, Electricity, Gas, Water, City heating, Battery) drawing their cards flush against each other with their headings missing. Production, Forecast, Inverters and the rest were hidden behind the card below them; the cards now keep their headings and the usual spacing.",,needs translation
cr_whats_new_beta_12,5,"Fixed Parental Controls refusing to save. An out-of-date HKI 7 Cloud component rejects the Visible and Invisible lists, which used to fail the whole policy; the permissions now save regardless and the message says the component needs updating. Those lists only filter entity lists such as global search — a button on a family dashboard stays visible unless it is hidden for that person explicitly.*",,needs translation; don't translate HKI 7 Cloud
cr_whats_new_beta_12,6,* HKI 7 Cloud Component integration required.,,needs translation; don't translate HKI 7 Cloud
cr_whats_new_beta_11,1,"Rooms, Climate, Security, Energy, and Battery dashboards now make better use of tablets and foldables. Large cards follow the Home and individual-room 1/2/3-column layout, while compact tiles auto-fit without becoming cramped. Climate, Security, and Energy cards use a height-aware masonry layout on wider displays, eliminating large gaps below shorter cards.",,needs translation
cr_whats_new_beta_11,2,State-colored icons on entity buttons and header/status pills now preserve their semantic hue while automatically shifting lighter or darker when they would blend into the current theme.,,needs translation
cr_whats_new_beta_11,3,"Selecting a family dashboard during onboarding now subscribes that installation to it. Owner edits are published when Save or Done is tapped, active clients refresh immediately, and offline clients reconcile when reopened. Non-admin subscribers cannot create or duplicate dashboards unless the app is fully reset.*",,needs translation
cr_whats_new_beta_11,4,"Dashboard setup during onboarding can now restore a local, Google Drive, or Home Assistant backup. New Google Drive and Home Assistant backups use consistent, informative names containing the app version and creation date.*",,"needs translation; don't translate Home Assistant, Google Drive"
cr_whats_new_beta_11,5,"Calendar widgets become vertically scrollable when their height is too small for every event, and hidden Home widgets are removed from the layout instead of leaving an empty space.",,needs translation
cr_whats_new_beta_11,6,"Parcel carrier cards now show the earliest expected delivery date and time for active incoming or outgoing shipments, including integrations that expose a separate next-delivery sensor.",,needs translation
cr_whats_new_beta_11,7,"Family permissions can now independently allow dashboard switching and creation. Fully restricted subscribers see a locked Dashboard settings tab; onboarding removes its placeholder dashboard when switching is denied, and a deleted family dashboard opens a permission-aware recovery screen instead of silently creating a replacement.*",,needs translation
cr_whats_new_beta_11,8,"Family permissions now also control manual re-importing. Non-admins cannot open Family Sharing settings, disabled onboarding choices explain why they are unavailable, and aesthetics-only editors see only visual controls. Their local names, icons, colors, backgrounds, styles, sizes, and layouts take priority when owner updates arrive.*",,needs translation
cr_whats_new_beta_11,9,"Climate sensor/device tabs, Security groups, and every Energy detail tab now follow the same responsive one-, two-, or three-column masonry rules, including their edit and reorder layouts.",,needs translation
cr_whats_new_beta_11,10,Aesthetics-only family editors can no longer change header-pill configuration or the dashboard's people; those functional settings remain controlled by the owner.*,,needs translation
cr_whats_new_beta_11,11,"Parental Controls now replaces manual entity-ID entry with Visible and Invisible lists. Admins can select complete Home Assistant domains or individual entities, and global search hides restricted entities and devices. Invisible entries always take precedence.*",,needs translation; don't translate Home Assistant
cr_whats_new_beta_11,12,"Energy setup now imports SmartGateways and DSMR Reader P1 meters even when the Home Assistant Energy dashboard has not been configured and the sensors are not attached to a device. Tariff 1 and tariff 2 readings are recognised separately, and usage charts and period totals add both tariffs together when no single grid import or export sensor is set.",,needs translation; don't translate Home Assistant
cr_whats_new_beta_11,13,* HKI 7 Cloud Component integration required.,,needs translation; don't translate HKI 7 Cloud
cr_whats_new_beta_10,1,"Visibility rules now work across all widgets and individual items, with time, entity, person, and mixed AND/OR conditions. Admins using a family-shared dashboard can choose whether an item is Visible or Hidden for a selected user. Person conditions use HKI 7 Cloud, whose requirement is shown when it is unavailable. New rules start empty so you choose Time, Entity, or Person.",,needs translation; don't translate HKI 7 Cloud
cr_whats_new_beta_10,2,"Room-status counter badges keep a stable two-digit width. Headers responsively fit one, two, or three counters per row like the home-page and person badges, without pushing the title down.",,needs translation
cr_whats_new_beta_10,3,"Energy setup now recognises SmartGateways and DSMR Reader MQTT sensor names, and choosing a source device refills its separate sensor roles. City heating has dedicated settings, a source tile and detail tab, plus an estimated natural-gas equivalent for J/GJ heat readings.",,needs translation
cr_whats_new_beta_10,4,"Calendar widget dialogs now use the available height correctly, fixing content that previously occupied only half the settings dialog or was cut off.",,needs translation
cr_whats_new_beta_10,5,"Re-import settings now use one consistently spelled and localized label across Rooms, Climate, Security, Energy, and Battery. Conditional visibility wording was also corrected in every supported language.",,needs translation
cr_whats_new_beta_10,6,"Fixed PostNL and the current parcel-integration parser, so incoming shipments once again show their complete tracking details and delivered state. Carrier support has also been brought up to date.",,needs translation
cr_whats_new_beta_10,7,"Added an in-app language selector with full coverage in 13 languages: Dutch, German, French, Spanish (plus Latin American Spanish), Italian, Turkish, Portuguese (plus Brazilian Portuguese), Japanese, Korean, and Chinese (Simplified and Traditional). Each language shows its native name with an English hint beneath it.",,needs translation
cr_whats_new_beta_10,8,"The reconnect status now shows the actual connection error, making Wi-Fi, mobile-data, and VPN handovers much easier to diagnose.",,needs translation
cr_whats_new_beta_10,9,Screen rotation now follows your device’s auto-rotate setting instead of staying locked to portrait.,,needs translation
cr_whats_new_beta_10,10,"The Climate ""Outside"" tile now appears as soon as a weather device is linked, even without dedicated sensors, counts its temperature, humidity and pressure attributes in the summary, and graphs them with matching sensor colors.",,needs translation
cr_whats_new_beta_10,11,"Parcel status codes are now normal sentences. Dates and times follow the selected language and 12/24-hour preference, nearby deliveries use weekday names, the current year is omitted, and same-day windows no longer repeat the date.",,needs translation
cr_whats_new_beta_9,1,"Drag to reorder cameras, thermostats, and energy cards. In edit mode the Security, Climate, and Energy views each get a Reorder button for their relevant cards.",,needs translation
cr_whats_new_beta_9,2,"New Climate Outside tile. Link a weather entity or outdoor temperature, humidity, and air-pressure sensors, then open the tile for individual history graphs.",,needs translation
cr_whats_new_beta_9,3,"Visibility now belongs to each button and header badge. Hide an item or schedule it once or on a daily, weekly, monthly, or yearly recurrence.",,needs translation
cr_whats_new_beta_9,4,Header badges can be renamed from Appearance settings.,,needs translation
cr_whats_new_beta_9,5,Swiping cards autoplay every three seconds by default.,,needs translation
cr_whats_new_beta_9,6,"The Weather dialog adds autoplay for Season, a windrose card, and an optional rain-map card from a camera or embedded web page.",,needs translation
cr_whats_new_beta_9,7,"The Parcels widget was rebuilt around carriers, with logos, account totals, shipment sections, estimates, tracking history, and add-by-tracking support where available.",,needs translation
cr_whats_new_beta_9,8,"Humidifiers and dehumidifiers now have native power, humidity, mode, speed, and helper controls throughout the app.",,needs translation
cr_whats_new_beta_9,9,Room status counters are interactive and open the entities behind each count.,,needs translation
cr_whats_new_beta_9,10,Buttons and badges can show a live countdown from a completion-time entity.,,needs translation
cr_whats_new_beta_9,11,Shared dashboards publish owner edits automatically and recipients receive them on their next sync.,,needs translation
cr_whats_new_beta_9,12,Header display settings now belong to each dashboard and travel through backups and family sharing.,,needs translation
cr_whats_new_beta_9,13,Camera widgets fill the entire tile and follow the configured corner radius.,,needs translation
cr_whats_new_beta_9,14,"Waste collections on the same day now overlap visibly, and the larger dialog can be dismissed by tapping outside.",,needs translation
cr_whats_new_beta_9,15,"Battery, Waste, camera, weather, and About visuals are now more consistent.",,needs translation
cr_whats_new_beta_9,16,"Binary sensors use Home Assistant-style Open/Closed, Wet/Dry, Detected/Clear, and Connected/Disconnected labels.",,needs translation; don't translate Home Assistant
cr_whats_new_beta_9,17,"Aesthetic-only editors can change existing badge visuals but cannot add, remove, or reconfigure badges.",,needs translation
cr_whats_new_beta_9,18,Fixed network handovers: sockets tied to the old Android network are discarded and the saved Home Assistant session reconnects without an unnecessary login. Reconnect status also shows the failure reason.,,needs translation; don't translate Home Assistant
cr_whats_new_beta_8,1,Child locks are no longer imported automatically as room controls.,,needs translation
cr_whats_new_beta_8,2,Every button and badge now honours Home Assistant entity-icon overrides.,,needs translation; don't translate Home Assistant
cr_whats_new_beta_8,3,Vacuums now appear in the room badge bar and open their controls when tapped.,,needs translation
cr_whats_new_beta_8,4,"Individual buttons in multi-item widgets can be hidden or scheduled, including recurring annual date ranges.",,needs translation
cr_whats_new_beta_8,5,Multiple camera badges now open one swipeable dialog with fullscreen paging.,,needs translation
cr_whats_new_beta_8,6,"Family Sharing now lists cloud-published dashboards so they can be imported, reshared, or deleted after a reinstall.",,needs translation
cr_whats_new_beta_7,1,Automatic room import now skips built-in helper controls while retaining genuine extra controls.,,needs translation
cr_whats_new_beta_7,2,Climate devices from different integrations are no longer merged into one control.,,needs translation
cr_whats_new_beta_7,3,"Climate-device icons now match air conditioners, humidifiers, dehumidifiers, and air purifiers.",,needs translation
cr_whats_new_beta_7,4,Air-purifier and humidifier icons pulse gently instead of spinning.,,needs translation
cr_whats_new_beta_7,5,Door locks now use closed-door and open-door icons.,,needs translation
cr_whats_new_beta_7,6,Multi-device header badges can be reordered to choose their leading entity.,,needs translation
cr_whats_new_beta_7,7,Animated icon effects are enabled by default on new installations.,,needs translation
cr_whats_new_beta_7,8,Buttons and badges can display an entity attribute and optional unit instead of its state.,,needs translation
cr_whats_new_beta_7,9,"Dashboards can now be copied with all rooms, widgets, and page settings.",,needs translation
cr_whats_new_beta_7,10,"Family Sharing now combines parental controls, dashboard sharing, and per-user permissions.",,needs translation
cr_whats_new_beta_7,11,Shared dashboards update automatically while keeping allowed local visual changes.,,needs translation
cr_whats_new_beta_7,12,Non-admin family members can use automatic per-room Adaptive Lighting controls when the HKI 7 Cloud component is installed.,,needs translation; don't translate HKI 7 Cloud
cr_whats_new_beta_7,13,Fixed unreadable header and pull-down labels in light mode and with custom appearances.,,needs translation
cr_whats_new_beta_7,14,About now provides What’s new and Full changelog buttons.,,needs translation
cr_whats_new_beta_7,15,Fixed the Unable to connect screen so it appears reliably when Home Assistant cannot be reached.,,needs translation; don't translate Home Assistant
cr_whats_new_beta_6,1,Fixed edit-mode action bars overlapping Android three-button navigation.,,needs translation
cr_whats_new_beta_6,2,The Backup and Restore screen now shows when each automatic cloud backup last ran.,,needs translation
cr_whats_new_beta_6,3,Each cloud backup now has a Back up now button.,,needs translation
cr_whats_new_beta_6,4,Fixed the oversized app icon after the themed-icon update.,,needs translation
cr_whats_new_beta_4_to_5,1,The Backup and Restore screen now shows when each automatic cloud backup last ran.,,needs translation
cr_whats_new_beta_4_to_5,2,Each cloud backup now has a Back up now button.,,needs translation
cr_whats_new_beta_4_to_5,3,Fixed the oversized app icon after the themed-icon update.,,needs translation
cr_whats_new_beta_3,1,"Added Simple Icons, Tabler, and Phosphor icon packs alongside Material Design Icons.",,needs translation
cr_whats_new_beta_3,2,"Added animated entity icons that glow, spin, or pulse while active.",,needs translation
cr_whats_new_beta_3,3,Added family dashboard sharing for admins.*,,needs translation
cr_whats_new_beta_3,4,Added parental controls that can hide selected views and rooms for specific people.*,,needs translation
cr_whats_new_beta_3,5,Added automatic daily backup to your own Home Assistant.*,,needs translation; don't translate Home Assistant
cr_whats_new_beta_3,6,Media-source icons are colored and can open the installed source app.,,needs translation
cr_whats_new_beta_3,7,New iFrame widget for embedding web pages.,,needs translation
cr_whats_new_beta_3,8,Energy views now show negative values while exporting power.,,needs translation
cr_whats_new_beta_3,9,Fixed onboarding completing when switching away before finishing.,,needs translation
cr_whats_new_beta_3,10,Fixed the thermostat-dial mode button overlapping nearby items.,,needs translation
cr_whats_new_beta_3,11,Many smaller bug fixes.,,needs translation
cr_whats_new_beta_3,12,* HKI 7 Cloud Component integration required.,,needs translation; don't translate HKI 7 Cloud
cr_whats_new_beta_2,1,"Improved layouts on short and narrow displays, with a single-column fallback throughout the app.",,needs translation
cr_whats_new_beta_2,2,Dialog headers use two rows on narrow screens so titles are no longer cut off.,,needs translation
cr_whats_new_beta_2,3,Fixed Adaptive Lighting sliders overlapping other elements.,,needs translation
cr_whats_new_beta_2,4,Navigation bars now indicate when more items are available off-screen.,,needs translation
cr_whats_new_beta_2,5,Fixed cameras ignoring the screen-orientation lock.,,needs translation
cr_whats_new_beta_2,6,Fixed zoom in camera dialogs and fullscreen cameras.,,needs translation
global_search_browse_entities,one,Browse %1$d entity on this device,Просмотр объекта %1$d на этом устройстве,app fills in %1$d — keep them
global_search_browse_entities,other,Browse %1$d entities on this device,Просмотр объектов %1$d на этом устройстве,app fills in %1$d — keep them
global_search_browse_entities,few,,Просмотр объектов %1$d на этом устройстве,
global_search_browse_entities,many,,Просмотр объектов %1$d на этом устройстве,
global_search_entity_count,one,%1$d entity,%1$d объект,app fills in %1$d — keep them
global_search_entity_count,other,%1$d entities,%1$d объектов,app fills in %1$d — keep them
global_search_entity_count,few,,%1$d объектов,
global_search_entity_count,many,,%1$d объектов,
rooms_count,one,%1$d room,%1$d комната,app fills in %1$d — keep them
rooms_count,other,%1$d rooms,%1$d комнат,app fills in %1$d — keep them
rooms_count,few,,%1$d комнат,
rooms_count,many,,%1$d комнат,
core_system,,System,Система,
core_greeting_morning,,Good Morning,Доброе утро,
core_greeting_afternoon,,Good Afternoon,Добрый день,
core_greeting_evening,,Good Evening,Добрый вечер,
core_greeting_night,,Good Night,Спокойной ночи,
core_last_seen_just_now,,Last seen just now,Последний раз видели только сейчас,
core_no_media_playing,,No media is playing,Ни один носитель не воспроизводится,
core_media_players_playing,one,%1$d media player is playing,%1$d медиаплеер играет,app fills in %1$d — keep them
core_media_players_playing,other,%1$d media players are playing,%1$d медиаплееры воспроизводят,app fills in %1$d — keep them
core_media_players_playing,few,,%1$d медиаплееры воспроизводят,
core_media_players_playing,many,,%1$d медиаплееры воспроизводят,
core_last_seen_minutes,one,Last seen %1$d minute ago,Последний раз был на связи %1$d минуту назад,app fills in %1$d — keep them
core_last_seen_minutes,other,Last seen %1$d minutes ago,Последний раз был на связи %1$d минут назад,app fills in %1$d — keep them
core_last_seen_minutes,few,,Последний раз был на связи %1$d минут назад,
core_last_seen_minutes,many,,Последний раз был на связи %1$d минут назад,
core_last_seen_hours,one,Last seen %1$d hour ago,Последний раз был в сети %1$d час назад,app fills in %1$d — keep them
core_last_seen_hours,other,Last seen %1$d hours ago,Последний раз был в сети %1$d часов назад,app fills in %1$d — keep them
core_last_seen_hours,few,,Последний раз был в сети %1$d часов назад,
core_last_seen_hours,many,,Последний раз был в сети %1$d часов назад,
core_last_seen_days,one,Last seen %1$d day ago,Последний раз видели %1$d день назад,app fills in %1$d — keep them
core_last_seen_days,other,Last seen %1$d days ago,Последний раз видели %1$d дней назад,app fills in %1$d — keep them
core_last_seen_days,few,,Последний раз видели %1$d дней назад,
core_last_seen_days,many,,Последний раз видели %1$d дней назад,
core_last_seen_weeks,one,Last seen %1$d week ago,Последний раз видели %1$d неделю назад,app fills in %1$d — keep them
core_last_seen_weeks,other,Last seen %1$d weeks ago,Последний раз видели %1$d недель назад,app fills in %1$d — keep them
core_last_seen_weeks,few,,Последний раз видели %1$d недель назад,
core_last_seen_weeks,many,,Последний раз видели %1$d недель назад,
dlg_1_advanced_shorthand_block_kept_unchanged,,1 advanced shorthand block (kept unchanged),1 расширенный блок стенографии (остается без изменений),
dlg_24_hour_format,,24-Hour Format,24-часовой формат,
dlg_action_count,,%1$s action,%1$s действие,app fills in %1$s — keep them
dlg_action,,Action,Действие,
dlg_action_data,,Action data,Данные о действиях,
dlg_action_data_object,,Action data object,Объект данных действия,
dlg_action_details,,Action details,Подробности действия,
dlg_adapt_now,,Adapt now,Адаптируйтесь сейчас,
dlg_adaptive_lighting,,Adaptive Lighting,Адаптивное освещение,
dlg_adaptive_lighting_is_unavailable,,Adaptive Lighting is unavailable,Адаптивное освещение недоступно.,
dlg_add_4_10_entity_buttons_to_this_dialog_s,,Add 4–10 entity buttons to this dialog's nav bar.,Добавьте 4–10 кнопок объектов на панель навигации этого диалогового окна.,
dlg_add,,Add,Добавлять,
dlg_add_at_least_one_step,,Add at least one step,Добавьте хотя бы один шаг,
dlg_add_button,,Add button,Добавить кнопку,
dlg_add_custom_buttons,,Add Custom Buttons,Добавить пользовательские кнопки,
dlg_add_more_for_a_full_row,,Add %1$s more for a full row.,Добавьте еще %1$s для полной строки.,app fills in %1$s — keep them
dlg_add_to,,Add to %1$s,Добавить в %1$s,app fills in %1$s — keep them
dlg_advanced,,Advanced,Передовой,
dlg_advanced_action_data_json,,Advanced action data (JSON),Данные расширенных действий (JSON),
dlg_advanced_shorthand_blocks_kept_unchanged,,%1$s advanced shorthand blocks (kept unchanged),%1$s расширенные блоки сокращений (остаются без изменений),app fills in %1$s — keep them
dlg_alarm_entities,,Alarm entities,Объекты тревог,
dlg_alarm_pending,,Alarm pending,Ожидается сигнал тревоги,
dlg_alignment,,Alignment,Выравнивание,
dlg_always,,Always,Всегда,
dlg_any_state,,Any state,Любой штат,
dlg_appearance,,Appearance,Появление,
dlg_apply,,Apply,Применять,
dlg_aspect_ratio,,Aspect ratio,Соотношение сторон,
dlg_astronomical_tap_or_swipe,,Astronomical · tap or swipe,Астрономические · коснитесь или проведите пальцем по экрану,
dlg_auto,,Auto,Авто,
dlg_auto_none,,Auto / none,Авто / нет,
dlg_auto_scan,,Auto-scan,Автосканирование,
dlg_automation,,Automation,Автоматизация,
dlg_back,,Back,Назад,
dlg_backspace,,Backspace,Backspace,
dlg_badge_bar_layout,,Badge bar layout,Расположение панели значков,
dlg_batt,,Batt,Батт,
dlg_battery_value,,Battery: %1$s,Батарея: %1$s,app fills in %1$s — keep them
dlg_built_in,,Built-in,Встроенный,
dlg_cancel,,Cancel,Отмена,
dlg_cancel_arming,,Cancel arming,Отменить постановку на охрану,
dlg_change,,Change,Изменять,
dlg_choose_a_side_when_the_badge_bar_is_split,,Choose a side when the badge bar is split,"Выберите сторону, когда полоса значков разделена",
dlg_choose_a_state,,Choose a state,Выберите штат,
dlg_condition,,Condition,Состояние,
dlg_condition_is,,Is,Является,
dlg_condition_is_not,,Is not,Нет,
dlg_condition_state,,State,Состояние,
dlg_vis_and,,AND,И,
dlg_vis_conditional,,Conditional,Условный,
dlg_vis_entity_state,,Entity state,Состояние сущности,
dlg_vis_person,,Person,Человек,
dlg_visible,,Visible,Видимый,
dlg_choose_person,,Choose person,Выберите человека,
dlg_person_condition_hint,,Matches the signed-in Home Assistant user. This rule travels with a shared dashboard.,Соответствует вошедшему пользователю Home Assistant. Это правило распространяется на общую панель мониторинга.,don't translate Home Assistant
dlg_person_requires_hki7_cloud,,Person visibility requires the HKI 7 Cloud component. Install it to select Home Assistant users here.,"Для видимости человека требуется компонент HKI 7 Cloud. Установите его, чтобы выбрать здесь Home Assistant пользователей.","don't translate HKI 7 Cloud, Home Assistant"
dlg_vis_match,,Match,Соответствовать,
dlg_vis_match_all,,All rules,Все правила,
dlg_vis_match_any,,Any rule,Любое правило,
dlg_vis_or,,OR,ИЛИ,
dlg_vis_time_schedule,,Time schedule,График работы,
dlg_choose_a_visual_home_assistant_block,,Choose a visual Home Assistant block,Выберите визуальный блок Home Assistant.,don't translate Home Assistant
dlg_choose_action,,Choose action,Выберите действие,
dlg_choose_an_action,,Choose an action,Выберите действие,
dlg_choose_an_entity,,Choose an entity,Выберите сущность,
dlg_choose_an_entity_first,,Choose an entity first,Сначала выберите сущность,
dlg_choose_entity,,Choose entity,Выберите объект,
dlg_choose_the_home_assistant_entities_that_drive_this_room,,Choose the Home Assistant entities that drive this room's live indicators. Indicators only appear while they are active.,"Выберите объекты Home Assistant, которые управляют живыми индикаторами этой комнаты. Индикаторы появляются только тогда, когда они активны.",don't translate Home Assistant
dlg_choose_the_profile_for_this_light,,Choose the profile for this light,Выберите профиль для этого светильника,
dlg_choose_what_this_action_should_control,,Choose what this action should control,"Выберите, чем должно управлять это действие",
dlg_choose_what_this_badge_summarizes,,Choose what this badge summarizes,"Выберите, что суммирует этот значок",
dlg_choose_what_this_header_pill_shows,,Choose what this header pill shows,"Выберите, что показывает этот заголовок",
dlg_clear,,Clear,Прозрачный,
dlg_clear_rooms_view,,Clear rooms view?,Чистый вид из номеров?,
dlg_climate_dialog_control,,Climate dialog control,Диалоговое управление климатом,
dlg_climate_sources_take_priority_and_use_their_current_temper,,Climate sources take priority and use their current_temperature and current_humidity values. ,Источники климата имеют приоритет и используют свои значения current_temperature и current_humidity.,keep the space at the start/end
dlg_climate_summary,,Climate summary,Климатическая сводка,
dlg_close,,Close,Закрывать,
dlg_confirm,,Confirm,Подтверждать,
dlg_controls_light_in_this_profile,,Controls %1$s light%2$s in this profile.,Управляет светом %1$s %2$s в этом профиле.,app fills in %1$s %2$s — keep them
dlg_countdown_timer,,Countdown timer,Таймер обратного отсчета,
dlg_create_a_flow,,Create a flow,Создайте поток,
dlg_current,,Current %1$s%%,Текущий %1$s%%,app fills in %1$s — keep them
dlg_current_weather,,Current weather,Текущая погода,
dlg_custom,,Custom,Обычай,
dlg_custom_buttons,,Custom buttons,Пользовательские кнопки,
dlg_custom_value,,Custom %1$s,Пользовательский %1$s,app fills in %1$s — keep them
dlg_custom_name,,Custom name,Пользовательское имя,
dlg_custom_seconds,,Custom seconds,Пользовательские секунды,
dlg_custom_state,,Custom state...,Пользовательское состояние...,
dlg_date,,Date,Дата,
dlg_day_to,,%1$s day%2$s to %3$s,С %1$s дней %2$s по %3$s,app fills in %1$s %2$s %3$s — keep them
dlg_delete_automation,,Delete automation?,Удалить автоматизацию?,
dlg_delete,,Delete,Удалить,
dlg_description,,Description,Описание,
dlg_details,,Details,Подробности,
dlg_device_value,,Device: %1$s,Устройство: %1$s,app fills in %1$s — keep them
dlg_device,,Device,Устройство,
dlg_direction,,Direction —,Направление -,
dlg_display,,Display,Отображать,
dlg_display_linked_entities_and_dialog_layout,,"Display, linked entities, and dialog layout","Отображение, связанные объекты и макет диалога",
dlg_display_mode,,Display mode,Режим отображения,
dlg_display_order,,Display order,Порядок отображения,
dlg_done,,Done,Сделанный,
dlg_door_sensors,,Door sensors,Дверные датчики,
dlg_edit,,Edit,Редактировать,
dlg_empty_bin,,Empty bin: %1$s,Пустая корзина: %1$s,app fills in %1$s — keep them
dlg_end,,End: %1$s,Конец: %1$s,app fills in %1$s — keep them
dlg_enter_a_valid_json_object,,Enter a valid JSON object,Введите действительный объект JSON,
dlg_enter_code,,Enter code,Введите код,
dlg_enter_the_same_data_object_home_assistant_shows_in,,Enter the same data object Home Assistant shows in YAML. JSON is used here so values keep their exact type.,"Введите тот же объект данных Home Assistant, который отображается в YAML. Здесь используется JSON, поэтому значения сохраняют свой точный тип.",don't translate Home Assistant
dlg_entities_count,,Entities (%1$s),Сущности (%1$s),app fills in %1$s — keep them
dlg_entities_appearance_and_interactions,,"Entities, appearance, and interactions","Сущности, внешний вид и взаимодействия",
dlg_entities,,Entities,Сущности,
dlg_entities_that_signal_activity_or_safety_states,,Entities that signal activity or safety states,"Объекты, которые сигнализируют об активности или состояниях безопасности",
dlg_entity_integrations,,Entity integrations,Интеграция сущностей,
dlg_entity_name,,Entity name,Имя объекта,
dlg_entity_picture,,Entity picture,Изображение объекта,
dlg_event,,Event,Событие,
dlg_exact_text_or_number_reported_by_home_assistant,,Exact text or number reported by Home Assistant,Точный текст или номер сообщил Home Assistant,don't translate Home Assistant
dlg_exit_full_screen,,Exit full screen,Выйти из полноэкранного режима,
dlg_floor,,Floor,Пол,
dlg_floor_assignment,,Floor assignment,Назначение этажа,
dlg_flows,,Flows,Потоки,
dlg_forecast,,Forecast,Прогноз,
dlg_forget_selection,,Forget selection,Забыть выбор,
dlg_forward,,Forward,Вперед,
dlg_from,,From %1$s,От %1$s,app fills in %1$s — keep them
dlg_from_state,,From state,Из штата,
dlg_full_day_name,,Full Day Name,Полное название дня,
dlg_group_light_paused_for_manual_control,,%1$s group light%2$s paused for manual control.,%1$s групповой свет%2$s приостановлен для ручного управления.,app fills in %1$s %2$s — keep them
dlg_header_appearance,,Header appearance,Внешний вид заголовка,
dlg_header_custom_color_rrggbb,,Header custom color (#RRGGBB),Пользовательский цвет заголовка (#RRGGBB),
dlg_header_pill,,Header pill,Заголовок таблетки,
dlg_hidden,,Hidden,Скрытый,
dlg_hidden_during,,Hidden during,Скрыто во время,
dlg_hide_this_badge_or_schedule_when_it_appears,,"Hide this badge, or schedule when it appears",Скройте этот значок или запланируйте его появление,
dlg_https,,https://…,https://…,
dlg_humidity,,Humidity,Влажность,
dlg_icon,,Icon,Икона,
dlg_icon_animation,,Icon animation,Анимация иконок,
dlg_icon_value,,Icon: %1$s,Значок: %1$s,app fills in %1$s — keep them
dlg_identity,,Identity,Личность,
dlg_identity_presentation_indicators_and_maintenance,,"Identity, presentation, indicators, and maintenance","Идентичность, представление, индикаторы и обслуживание",
dlg_import_only_rooms_that_have_not_been_edited_or,,"Import only rooms that have not been edited, or rebuild everything. Rebuilding removes all edited rooms and floors before importing them from scratch.","Импортируйте только те комнаты, которые не редактировались, или перестройте все заново. При перестройке удаляются все отредактированные комнаты и этажи перед импортом их с нуля.",
dlg_import_unedited,,Import unedited,Импортировать без изменений,
dlg_interactions,,Interactions,Взаимодействия,
dlg_is,, is,является,keep the space at the start/end
dlg_items,,%1$s items,%1$s предметов,app fills in %1$s — keep them
dlg_last_run,,Last run %1$s,Последний запуск %1$s,app fills in %1$s — keep them
dlg_left,,Left,Левый,
dlg_left_side_overflows_right,,Left side overflows right,Левая сторона переполняет правую,
dlg_live,,Live,Жить,
dlg_live_uppercase,,LIVE,ЖИТЬ,
dlg_live_indicators,,Live indicators,Живые индикаторы,
dlg_loading_actions,,Loading actions…,Загрузка действий…,
dlg_lunar_phase,,Lunar phase,Лунная фаза,
dlg_map,,Map,Карта,
dlg_map_value,,Map: %1$s,Карта: %1$s,app fills in %1$s — keep them
dlg_media,,Media,СМИ,
dlg_media_browsing_isn_t_available_for_this_player,,Media browsing isn't available for this player.,Просмотр мультимедиа недоступен для этого проигрывателя.,
dlg_media_library,,Media library,Медиатека,
dlg_media_players,,Media players,Медиаплееры,
dlg_meteorological_tap_or_swipe,,Meteorological · tap or swipe,Метеорологические · коснитесь или проведите пальцем по экрану,
dlg_mm,,%1$s mm,%1$s мм,app fills in %1$s — keep them
dlg_modes,,Modes,Режимы,
dlg_moon,,Moon,Луна,
dlg_move_down,,Move down,Двигаться вниз,
dlg_move_up,,Move up,Вверх,
dlg_multiple_climate_values_are_averaged_separate_sensor_value,,Multiple climate values are averaged. Separate sensor values are averaged only when no climate source is selected.,"Несколько климатических значений усредняются. Отдельные значения датчиков усредняются только в том случае, если не выбран источник климата.",
dlg_name,,Name,Имя,
dlg_name_and_icon_used_throughout_the_app,,Name and icon used throughout the app,"Имя и значок, используемые во всем приложении.",
dlg_name_optional,,Name (optional),Имя (необязательно),
dlg_native_home_assistant_automations_always_in_sync,,"Native Home Assistant automations, always in sync","Собственные средства автоматизации Home Assistant, всегда синхронизированные",don't translate Home Assistant
dlg_never_triggered,,Never triggered,Никогда не срабатывал,
dlg_new_flow,,New flow,Новый поток,
dlg_next_camera,,Next camera,Следующая камера,
dlg_no_conditions_this_flow_always_continues,,No conditions — this flow always continues,Никаких условий — этот поток всегда продолжается,
dlg_no_door_sensor,,No door sensor,Нет датчика двери,
dlg_no_forecast_available,,No forecast available,Нет прогноза,
dlg_no_matching_automations,,No matching automations,Нет соответствующей автоматизации,
dlg_no_native_home_assistant_automations_found,,No native Home Assistant automations found,Собственные средства автоматизации Home Assistant не найдены.,don't translate Home Assistant
dlg_no_profile_available,,No profile available,Нет доступного профиля,
dlg_no_stream_available,,No stream available,Нет доступного потока,
dlg_no_supported_alarm_modes_reported_by_this_entity,,No supported alarm modes reported by this entity,Этот объект не сообщил о поддерживаемых режимах сигнализации.,
dlg_no_target,,No target,Нет цели,
dlg_none,,None,Никто,
dlg_none_timer_follows_the_completion_time_only,,None — timer follows the completion time only,Нет — таймер следует только за временем завершения.,
dlg_not_loaded_by_home_assistant,,Not loaded by Home Assistant,Не загружено Home Assistant,don't translate Home Assistant
dlg_nothing_here,,Nothing here.,Ничего здесь.,
dlg_off_uppercase,,OFF,ВЫКЛЮЧЕННЫЙ,
dlg_off,,Off,Выключенный,
dlg_on_uppercase,,ON,НА,
dlg_on,,On,На,
dlg_percent_on,,%1$s%% • ON,%1$s%% • ВКЛ.,app fills in %1$s — keep them
dlg_open_camera_full_screen,,Open camera full screen,Открыть камеру на весь экран,
dlg_open,,Open,Открыть,
dlg_optional_controls_and_sensors_for_richer_dialogs,,Optional controls and sensors for richer dialogs,Дополнительные элементы управления и датчики для более насыщенных диалогов.,
dlg_optional_fields_passed_to_home_assistant,,Optional fields passed to Home Assistant,"Необязательные поля, передаваемые в Home Assistant",don't translate Home Assistant
dlg_optional_label_shown_when_name_is_enabled_above,,"Optional label shown when ""Name"" is enabled above","Дополнительная метка, отображаемая, когда выше включено «Имя»",
dlg_oscillate,,Oscillate,колебаться,
dlg_pause,,Pause,Пауза,
dlg_pause_adaptation,,Pause adaptation,Приостановить адаптацию,
dlg_pending_timer,,Pending timer,Ожидающий таймер,
dlg_pick_a_source_device_or_fine_tune_individual_roles,,Pick a source device or fine-tune individual roles,Выберите исходное устройство или настройте отдельные роли.,
dlg_place_this_room_in_the_correct_floor_group,,Place this room in the correct floor group,Поместите эту комнату в правильную группу этажей.,
dlg_placement,,Placement,Размещение,
dlg_players_summarized_by_the_room_header_and_card,,Players summarized by the room header and card,"Игроки, суммированные по заголовку комнаты и карточке",
dlg_please_wait,,Please wait…,"Пожалуйста, подождите…",
dlg_precipitation,,Precipitation,Осадки,
dlg_presets_uppercase,,PRESETS,ПРЕСЕТЫ,
dlg_presets,,Presets,Пресеты,
dlg_previous_camera,,Previous camera,Предыдущая камера,
dlg_profile,,Profile,Профиль,
dlg_profile_switches_affect_every_light_assigned_to,,Profile switches affect every light assigned to %1$s.,"Переключатели профилей влияют на каждый источник света, назначенный %1$s.",app fills in %1$s — keep them
dlg_rain,,Rain,Дождь,
dlg_rain_map,,Rain map,Карта дождя,
dlg_rain_map_url_iframe,,Rain map URL (iframe),URL карты дождя (iframe),
dlg_re_import_rooms,,Re-import rooms,Повторный импорт номеров,
dlg_read_only_home_assistant_automation,,Read-only Home Assistant automation,Автоматизация Home Assistant только для чтения,don't translate Home Assistant
dlg_recipes_create_regular_home_assistant_automations_you_can,,Recipes create regular Home Assistant automations. You can continue editing them in either HKI7 or Home Assistant.,Рецепты создают регулярные автоматизации Home Assistant. Вы можете продолжить их редактирование в HKI7 или Home Assistant.,"don't translate Home Assistant, HKI7"
dlg_remove,,Remove,Удалять,
dlg_remove_edits_and_import_all,,Remove edits and import all,Удалить изменения и импортировать все,
dlg_repeat,,Repeat,Повторить,
dlg_repeats_every_day_only_the_time_of_day_is,,Repeats every day — only the time of day is used.,Повторяется каждый день — используется только время суток.,
dlg_repeats_every_month_only_the_day_of_the_month,,Repeats every month — only the day of the month and time are used.,Повторяется каждый месяц — используется только день месяца и время.,
dlg_repeats_every_week_only_the_weekday_and_time_are,,Repeats every week — only the weekday and time are used.,Повторяется каждую неделю — используются только день недели и время.,
dlg_repeats_every_year_the_year_is_ignored_so_e,,"Repeats every year — the year is ignored, so e.g. 24–26 Dec recurs each Christmas.","Повторяется каждый год — год игнорируется, т.е. 24–26 декабря повторяется каждое Рождество.",
dlg_required,, (required),(необходимый),keep the space at the start/end
dlg_required_state,,Required state,Требуемое состояние,
dlg_resume_adaptation,,Resume adaptation,Адаптация резюме,
dlg_resume,,Resume,Резюме,
dlg_reverse,,Reverse,Обеспечить регресс,
dlg_right,,Right,Верно,
dlg_right_side_overflows_left,,Right side overflows left,Правая сторона переливается влево,
dlg_room_areas,,Room areas,Площадь помещения,
dlg_room_climate,,Room climate,Климат в помещении,
dlg_room_name,,Room name,Название комнаты,
dlg_run_mode,,Run mode,Режим запуска,
dlg_running_state_entity,,Running-state entity,Объект текущего состояния,
dlg_s_are,,s are,это,
dlg_save,,Save,Сохранять,
dlg_save_in_home_assistant,,Save in Home Assistant,Сохранить в Home Assistant,don't translate Home Assistant
dlg_saved_directly_in_the_native_automation,,Saved directly in the native automation,Сохраняется непосредственно в родной автоматике.,
dlg_scheduled,,Scheduled,Запланировано,
dlg_search_actions,,Search actions,Действия поиска,
dlg_search_automations,,Search automations,Автоматизация поиска,
dlg_season,,Season,Сезон,
dlg_select,,Select %1$s,Выберите %1$s.,app fills in %1$s — keep them
dlg_select_a_mode_to_continue,,Select a mode to continue,"Выберите режим, чтобы продолжить",
dlg_select_battery_sensor,,Select Battery Sensor,Выберите датчик батареи,
dlg_select_door_sensor,,Select Door Sensor,Выберите датчик двери,
dlg_select_empty_bin_control,,Select Empty Bin Control,Выберите «Управление пустым контейнером»,
dlg_select_entities,,Select Entities,Выберите объекты,
dlg_select_entity,,Select Entity,Выберите объект,
dlg_select_map_camera,,Select Map Camera,Выберите карту камеры,
dlg_select_media_players,,Select Media Players,Выберите медиаплееры,
dlg_select_running_state_entity,,Select running-state entity,Выберите объект в рабочем состоянии,
dlg_select_target_entity,,Select Target Entity,Выберите целевой объект,
dlg_select_the_alarm_panels_summarized_by_this_pill,,Select the alarm panels summarized by this pill,"Выберите панели сигнализации, обобщенные в этой таблетке.",
dlg_select_vacuum_entity,,Select Vacuum Entity,Выберите объект вакуума,
dlg_select_water_level,,Select Water Level,Выберите уровень воды,
dlg_selected,,%1$s · Selected,%1$s · Выбрано,app fills in %1$s — keep them
dlg_set,,Set,Набор,
dlg_shape,,Shape,Форма,
dlg_shape_visible_information_and_icon_behavior,,"Shape, visible information, and icon behavior","Форма, видимая информация и поведение значков",
dlg_show_a_descending_timer_when_the_value_is_a,,"Show a descending timer when the value is a completion time (e.g. a washer/dryer finish time). Active while counting, off at zero.","Показывать нисходящий таймер, если значение представляет собой время завершения (например, время окончания работы стиральной/сушильной машины). Активен во время счета, выключается при нуле.",
dlg_show_a_live_radar_rain_map_card_a_camera,,Show a live radar/rain map card — a camera entity or an embedded web page (iframe),Отображение карты радара/карты дождя в реальном времени — объекта камеры или встроенной веб-страницы (iframe).,
dlg_show_badge_bar,,Show badge bar,Показать панель значков,
dlg_show_the_entity_s_state_or_one_of_its,,"Show the entity's state, or one of its attributes instead.",Вместо этого покажите состояние объекта или один из его атрибутов.,
dlg_side_split_alignment,,Side (split alignment),Сторона (разделенное выравнивание),
dlg_snapshot,,Snapshot,Снимок,
dlg_span_badges,,Span badges,Значки пролета,
dlg_speed,,SPEED,СКОРОСТЬ,
dlg_start,,Start: %1$s,Начало: %1$s,app fills in %1$s — keep them
dlg_start_with_a_useful_recipe_then_adjust_each_step,,"Start with a useful recipe, then adjust each step","Начните с полезного рецепта, а затем корректируйте каждый шаг.",
dlg_state,,State,Состояние,
dlg_state_text,,State text,Государственный текст,
dlg_switch,,SWITCH,ВЫКЛЮЧАТЕЛЬ,
dlg_tap_hold_and_dialog_quick_actions,,"Tap, hold, and dialog quick actions","Нажмите, удерживайте и вызовите диалог быстрых действий",
dlg_target_range_percent,,TARGET (%1$s–%2$s%%),ЦЕЛЬ (%1$s–%2$s%%),app fills in %1$s %2$s — keep them
dlg_target,,Target,Цель,
dlg_target_entity_optional,,Target entity (optional),Целевой объект (необязательно),
dlg_temperature,,Temperature,Температура,
dlg_temperature_and_humidity_sources_for_the_room,,Temperature and humidity sources for the room,Источники температуры и влажности в помещении,
dlg_that_profile,,that profile,этот профиль,
dlg_the_exact_dates_you_pick_leave_a_bound_as,,"The exact dates you pick. Leave a bound as ""Any"" for an open-ended range.",Точные даты вы выбираете. Оставьте границу «Любая» для открытого диапазона.,
dlg_the_room_header_and_card_show_a_single_player,,"The room header and card show a single player's media, or an active-player count when multiple players are selected.","Заголовок комнаты и карточка показывают медиафайлы одного игрока или количество активных игроков, если выбрано несколько игроков.",
dlg_thermostat_dial,,Thermostat dial,Циферблат термостата,
dlg_this_action_does_not_use_an_entity_target,,This action does not use an entity target.,Это действие не использует цель сущности.,
dlg_this_action_has_no_required_target_or_additional_fields,,This action has no required target or additional fields.,У этого действия нет обязательной цели или дополнительных полей.,
dlg_this_automation_is_managed_outside_home_assistant_s_ui,,"This automation is managed outside Home Assistant's UI (usually YAML). HKI7 can show it, but will not overwrite it.","Эта автоматизация управляется вне пользовательского интерфейса Home Assistant (обычно YAML). HKI7 может показать его, но не перезапишет.","don't translate Home Assistant, HKI7"
dlg_this_entity,,This entity,Эта сущность,
dlg_this_light_is_paused_for_manual_control,,This light is paused for manual control.,Этот свет приостановлен для ручного управления.,
dlg_this_removes_all_imported_rooms_and_floors_from_this,,This removes all imported rooms and floors from this view.,Из этого представления будут удалены все импортированные комнаты и этажи.,
dlg_this_removes_the_native_automation_from_home_assistant_thi,,This removes the native automation from Home Assistant. This cannot be undone from HKI7.,Это удалит встроенную автоматизацию из Home Assistant. Это действие нельзя отменить с HKI7.,"don't translate Home Assistant, HKI7"
dlg_time,,Time,Время,
dlg_to_state,,To state,Чтобы заявить,
dlg_turn_on,,Turn On,Включать,
dlg_unit,,Unit,Единица,
dlg_untitled,,Untitled,Без названия,
dlg_url_https,,URL (https://…),URL-адрес (https://…),
dlg_vacuum_entities,,Vacuum entities,Вакуумные сущности,
dlg_vertical_slider,,Vertical slider,Вертикальный слайдер,
dlg_visibility,,Visibility,Видимость,
dlg_visibility_alignment_and_overflow_behavior,,"Visibility, alignment, and overflow behavior","Видимость, выравнивание и поведение при переполнении",
dlg_visible_during,,Visible during,Видно во время,
dlg_waiting_for_home_assistant,,Waiting for Home Assistant,Ожидание Home Assistant,don't translate Home Assistant
dlg_wallpaper_and_optional_custom_color,,Wallpaper and optional custom color,Обои и дополнительный цвет,
dlg_wallpaper_url_or_path,,Wallpaper URL or path,URL-адрес или путь к обоям,
dlg_water_value,,Water: %1$s,Вода: %1$s,app fills in %1$s — keep them
dlg_water,,Water,Вода,
dlg_weather_details,,Weather details,Подробности о погоде,
dlg_weather_entities,,Weather entities,Погодные объекты,
dlg_when,,When,Когда,
dlg_when_and_if_then,,When · And if · Then,Когда · И если · Тогда,
dlg_widget_width,,Widget width,Ширина виджета,
dlg_wind,,Wind,Ветер,
dlg_any,,Any,Любой,
dlg_once,,Once,Один раз,
dlg_daily,,Daily,Ежедневно,
dlg_weekly,,Weekly,Еженедельно,
dlg_monthly,,Monthly,Ежемесячно,
dlg_yearly,,Yearly,Ежегодно,
dlg_default,,Default,По умолчанию,
dlg_toggle,,Toggle,Переключать,
dlg_more_information,,More information,Дополнительная информация,
dlg_navigate,,Navigate,Навигация,
dlg_url,,URL,URL-адрес,
dlg_home,,Home,Дом,
dlg_rooms,,Rooms,Номера,
dlg_energy,,Energy,Энергия,
dlg_climate,,Climate,Климат,
dlg_security,,Security,Безопасность,
dlg_battery,,Battery,Батарея,
dlg_settings,,Settings,Настройки,
dlg_room_value,,Room · %1$s,Комната · %1$s,app fills in %1$s — keep them
dlg_could_not_load_home_assistant_actions,,Could not load Home Assistant actions,Не удалось загрузить действия Home Assistant.,don't translate Home Assistant
dlg_show_entity_default_this_one,,Show entity (default: this one),Показать объект (по умолчанию: этот),
dlg_target_entity_default_this_one,,Target entity (default: this one),Целевой объект (по умолчанию: этот),
dlg_select_destination,,Select destination,Выберите пункт назначения,
dlg_choose_target,,Choose target,Выберите цель,
dlg_target_and_action_data,,Target and action data,Данные о целях и действиях,
dlg_tap,,Tap,Кран,
dlg_hold,,Hold,Держать,
dlg_double_tap,,Double tap,Двойное нажатие,
dlg_alarm_disarmed,,Disarmed,Разоружен,
dlg_alarm_armed_home,,Armed home,Вооруженный дом,
dlg_alarm_armed_away,,Armed away,Вооружён,
dlg_alarm_armed_night,,Armed night,Вооруженная ночь,
dlg_alarm_armed_vacation,,Armed vacation,Вооруженный отпуск,
dlg_alarm_armed_custom,,Armed (custom),Вооруженный (по индивидуальному заказу),
dlg_alarm_arming,,Arming…,Постановка на охрану…,
dlg_alarm_disarming,,Disarming…,Разоружение…,
dlg_alarm_triggered,,TRIGGERED,Сработало,
dlg_alarm_disarmed_message,,Alarm disarmed,Сигнализация снята с охраны,
dlg_alarm_command,,Alarm command,Команда тревоги,
dlg_alarm_command_accepted,,%1$s accepted,%1$s принято,app fills in %1$s — keep them
dlg_alarm_command_failed,,Command failed. Check the code and try again.,Команда не удалась. Проверьте код и повторите попытку.,
dlg_alarm_arming_cancelled,,Arming cancelled,Постановка на охрану отменена,
dlg_alarm_cancel_failed,,Cancellation failed. Check the code and try again.,Отмена не удалась. Проверьте код и повторите попытку.,
dlg_alarm_arm_home,,Arm home,Взять домой,
dlg_alarm_arm_away,,Arm away,Руку прочь,
dlg_alarm_arm_night,,Arm night,Рука ночь,
dlg_alarm_arm_custom,,Arm custom,Рука на заказ,
dlg_alarm_arm_vacation,,Arm vacation,Рука отпуск,
dlg_alarm_disarm,,Disarm,Разоружение,
dlg_room_configuration,,Room configuration,Конфигурация помещения,
dlg_choose_room_area_to_configure,,Choose a room area to configure,Выберите площадь помещения для настройки,
dlg_focused_room_options,,Options for this room area,Опции для этой площади комнаты,
dlg_general,,General,Общий,
dlg_name_and_icon,,Name and icon,Имя и значок,
dlg_header,,Header,Заголовок,
dlg_wallpaper_and_custom_color,,Wallpaper and custom color,Обои и индивидуальный цвет,
dlg_badge_bar,,Badge bar,Панель значков,
dlg_alignment_and_display_options,,Alignment and display options,Параметры выравнивания и отображения,
dlg_assign_room_to_floor,,Assign this room to a floor,Назначить эту комнату этажу,
dlg_room_status,,Room status,Статус номера,
dlg_room_status_summary,,"Media, activity, safety, and climate indicators","Индикаторы СМИ, активности, безопасности и климата",
dlg_reimport_from_home_assistant,,Re-import from Home Assistant,Повторный импорт из Home Assistant,don't translate Home Assistant
dlg_import_or_rebuild_rooms,,Import new rooms or rebuild every room,Импортируйте новые комнаты или перестройте каждую комнату.,
dlg_clear_rooms_view_action,,Clear rooms view,Чистый вид на номера,
dlg_remove_imported_rooms_and_floors,,Remove imported rooms and floors,Удалить импортированные комнаты и этажи,
dlg_room,,Room,Комната,
dlg_split,,Split,Расколоть,
dlg_center,,Center,Центр,
dlg_doors,,Doors,Двери,
dlg_windows,,Windows,Окна,
dlg_motion,,Motion,Движение,
dlg_presence,,Presence,Присутствие,
dlg_lights,,Lights,Свет,
dlg_devices,,Devices,Устройства,
dlg_smoke,,Smoke,Дым,
dlg_gas,,Gas,Газ,
dlg_fire,,Fire,Огонь,
dlg_full,,Full,Полный,
dlg_half,,Half,Половина,
dlg_third,,Third,Третий,
dlg_choose_vacuum_entity_instead,,Choose a vacuum entity instead,Вместо этого выберите вакуумную сущность,
dlg_camera_live_page,,%1$d/%2$d · Live,%1$d/%2$d · В прямом эфире,app fills in %1$d %2$d — keep them
dlg_weather,,Weather,Погода,
dlg_weather_state_clear_night,,Clear night,Ясная ночь,
dlg_weather_state_cloudy,,Cloudy,Облачно,
dlg_weather_state_exceptional,,Exceptional,Исключительный,
dlg_weather_state_fog,,Fog,Туман,
dlg_weather_state_hail,,Hail,Град,
dlg_weather_state_lightning,,Lightning,Молния,
dlg_weather_state_lightning_rainy,,Thunderstorms,Грозы,
dlg_weather_state_partly_cloudy,,Partly cloudy,Переменная облачность,
dlg_weather_state_pouring,,Pouring rain,Проливной дождь,
dlg_weather_state_rainy,,Rainy,Дождливый,
dlg_weather_state_snowy,,Snowy,Снежный,
dlg_weather_state_snowy_rainy,,Sleet,мокрый снег,
dlg_weather_state_sunny,,Sunny,Солнечно,
dlg_weather_state_windy,,Windy,Ветрено,
dlg_weather_state_windy_variant,,Windy and cloudy,Ветрено и пасмурно,
dlg_selected_entities_summary,one,%1$d selected · %2$s,%1$d выбрано · %2$s,app fills in %1$d %2$s — keep them
dlg_selected_entities_summary,other,%1$d selected · %2$s,%1$d выбрано · %2$s,app fills in %1$d %2$s — keep them
dlg_selected_entities_summary,few,,%1$d выбрано · %2$s,
dlg_selected_entities_summary,many,,%1$d выбрано · %2$s,
dlg_action_data_value_summary,one,%1$s · %2$d data value,%1$s · %2$d значение данных,app fills in %1$s %2$d — keep them
dlg_action_data_value_summary,other,%1$s · %2$d data values,%1$s · %2$d значения данных,app fills in %1$s %2$d — keep them
dlg_action_data_value_summary,few,,%1$s · %2$d значения данных,
dlg_action_data_value_summary,many,,%1$s · %2$d значения данных,
dlg_seconds_short,one,%d sec,%d сек.,app fills in %d — keep them
dlg_seconds_short,other,%d sec,%d сек.,app fills in %d — keep them
dlg_seconds_short,few,,%d сек.,
dlg_seconds_short,many,,%d сек.,
dlg_arming_in_seconds,one,Arming in %d second,Постановка на охрану через %d секунду,app fills in %d — keep them
dlg_arming_in_seconds,other,Arming in %d seconds,Постановка на охрану через %d секунд,app fills in %d — keep them
dlg_arming_in_seconds,few,,Постановка на охрану через %d секунд,
dlg_arming_in_seconds,many,,Постановка на охрану через %d секунд,
energy_extra_sensors,,Energy sensors,Датчики энергии,
energy_extra_settings,,Energy settings,Настройки энергопотребления,
energy_extra_previous_period,,Previous period,Предыдущий период,
energy_extra_next_period,,Next period,Следующий период,
energy_extra_empty_view_hint,,This energy view is empty. Swipe down on the header and open Energy settings to add entities manually.,"Этот энергетический взгляд пуст. Проведите пальцем вниз по заголовку и откройте настройки энергии, чтобы добавить объекты вручную.",
energy_extra_electricity,,Electricity,Электричество,
energy_extra_solar,,Solar,Солнечная,
energy_extra_home,,Home,Дом,
energy_extra_battery,,Battery,Батарея,
energy_extra_gas,,Gas,Газ,
energy_extra_city_heating,,City heating,Городское отопление,
energy_extra_water,,Water,Вода,
energy_extra_energy,,Energy,Энергия,
energy_extra_power,,Power,Власть,
energy_extra_carbon,,Carbon,Углерод,
energy_extra_devices,,Devices,Устройства,
energy_extra_device,,Device,Устройство,
energy_extra_importing,,Importing,Импорт,
energy_extra_exporting,,Exporting,Экспорт,
energy_extra_idle,,Idle,Праздный,
energy_extra_charging,,Charging,Зарядка,
energy_extra_discharging,,Discharging,Разгрузка,
energy_extra_producing,,Producing,Производство,
energy_extra_consuming,,Consuming,Потребление,
energy_extra_grid_idle,,Grid idle,Сетка в режиме ожидания,
energy_extra_importing_power,,Importing power,Импорт энергии,
energy_extra_exporting_power,,Exporting power,Экспорт энергии,
energy_extra_battery_supporting,,Battery supplying power,Питание от аккумулятора,
energy_extra_battery_charging,,Battery charging,Зарядка аккумулятора,
energy_extra_solar_producing,,Solar producing,Производство солнечной энергии,
energy_extra_home_consuming,,Home consuming,Домашнее потребление,
energy_extra_energy_idle,,Energy idle,Энергия в режиме ожидания,
energy_extra_today_value,,%1$s today,%1$s сегодня,app fills in %1$s — keep them
energy_extra_used_period,,Used %1$s,Б/у %1$s,app fills in %1$s — keep them
energy_extra_produced_period,,Produced %1$s,Произведено %1$s,app fills in %1$s — keep them
energy_extra_fossil_percentage,,%1$s%% fossil,%1$s%% ископаемое,app fills in %1$s — keep them
energy_extra_self_used_percentage,,Self-used · %1$d%%,Самостоятельное использование · %1$d%%,app fills in %1$d — keep them
energy_extra_electricity_total,,Electricity total,Всего электроэнергии,
energy_extra_top_consumers,,Top consumers,Лучшие потребители,
energy_extra_device_energy,,Device energy,Энергия устройства,
energy_extra_individual_water_usage,,Individual water usage,Индивидуальное потребление воды,
energy_extra_production,,Production,Производство,
energy_extra_forecast,,Forecast,Прогноз,
energy_extra_inverters,,Inverters,Инверторы,
energy_extra_now,,Now,Сейчас,
energy_extra_usage,,Usage,Использование,
energy_extra_total,,Total,Общий,
energy_extra_cost,,Cost,Расходы,
energy_extra_charge,,Charge,Заряжать,
energy_extra_grid_flow,,Grid flow,Сетка потока,
energy_extra_self_sufficient,,Self-sufficient,Самодостаточный,
energy_extra_carbon_footprint,,Carbon footprint,Углеродный след,
energy_extra_self_used,,Self-used,Самостоятельное использование,
energy_extra_last_seven_days,,Last 7 days,Последние 7 дней,
energy_extra_lifetime,,Lifetime,Продолжительность жизни,
energy_extra_power_per_phase,,Power per phase,Мощность на фазу,
energy_extra_tariff_meter_readings,,Tariff meter readings,Показания тарифного счетчика,
energy_extra_tariff_one,,Tariff 1,Тариф 1,
energy_extra_tariff_two,,Tariff 2,Тариф 2,
energy_extra_solar_production,,Solar production,Солнечное производство,
energy_extra_category_overview,,Overview,Обзор,
energy_extra_category_electricity_subtitle,,"Grid power, phases, import/export, tariffs, and cost","Мощность сети, фазы, импорт/экспорт, тарифы и стоимость",
energy_extra_category_solar_subtitle,,"Production, forecast, and inverter device","Производство, прогноз и инверторное устройство",
energy_extra_category_battery_subtitle,,Charge level and battery power,Уровень заряда и мощность аккумулятора,
energy_extra_category_carbon_subtitle,,Grid carbon-footprint device,Сетевое устройство для измерения углеродного следа,
energy_extra_category_usage_cost_subtitle,,Usage and cost,Использование и стоимость,
energy_extra_category_devices_subtitle,,"Power, energy, and individual water devices","Силовые, энергетические и индивидуальные устройства водоснабжения",
energy_extra_category_city_heating_subtitle,,"Heat energy, current output, and cost","Тепловая энергия, текущая мощность и стоимость",
energy_extra_card_live_source_tiles,,Live source tiles,Плитки живого источника,
energy_extra_card_electricity_totals_usage,,Electricity totals and usage,Общее количество и потребление электроэнергии,
energy_extra_card_home_battery,,Home battery,Домашний аккумулятор,
energy_extra_card_gas_usage,,Gas usage,Использование газа,
energy_extra_card_city_heating_usage,,City-heating usage,Использование городского отопления,
energy_extra_card_water_usage,,Water usage,Использование воды,
energy_extra_card_device_energy_bars,,Device energy bars,Энергетические батончики устройства,
energy_extra_select_energy_cards,,Select energy cards,Выберите энергетические карты,
energy_extra_role_grid_power,,Grid power (W),Мощность сети (Вт),
energy_extra_role_home_power,,Home power (W),Домашняя мощность (Вт),
energy_extra_role_solar_power,,Solar power (W),Солнечная энергия (Вт),
energy_extra_role_battery_power,,Battery power (W),Мощность аккумулятора (Вт),
energy_extra_role_battery_level,,Battery level (%),Уровень заряда батареи (%),
energy_extra_role_grid_import,,Grid import (kWh),Импорт сети (кВтч),
energy_extra_role_grid_export,,Grid export (kWh),Экспорт сети (кВтч),
energy_extra_role_solar_production,,Solar production (kWh),Производство солнечной энергии (кВтч),
energy_extra_role_phase_one_power,,Phase 1 power,Мощность фазы 1,
energy_extra_role_phase_two_power,,Phase 2 power,Мощность фазы 2,
energy_extra_role_phase_three_power,,Phase 3 power,Мощность фазы 3,
energy_extra_role_import_meter_tariff_one,,Import meter tariff 1,"Импортный счетчик, тариф 1",
energy_extra_role_import_meter_tariff_two,,Import meter tariff 2,"Импортный счетчик, тариф 2",
energy_extra_role_export_meter_tariff_one,,Export meter tariff 1,"Экспортный счетчик, тариф 1",
energy_extra_role_export_meter_tariff_two,,Export meter tariff 2,"Экспортный счетчик, тариф 2",
energy_extra_role_energy_cost,,Energy cost,Стоимость энергии,
energy_extra_role_gas_total,,Gas total (m³),Газ общий (м³),
energy_extra_role_gas_flow_now,,Gas flow (now),Расход газа (сейчас),
energy_extra_role_gas_cost,,Gas cost,Стоимость газа,
energy_extra_role_water_total,,Water total,Всего воды,
energy_extra_role_water_flow_now,,Water flow (now),Расход воды (сейчас),
energy_extra_role_water_cost,,Water cost,Стоимость воды,
energy_extra_role_individual_water_devices,,Individual water devices,Индивидуальные водные устройства,
energy_extra_role_power_devices,,Power devices,Силовые устройства,
energy_extra_role_energy_devices,,Energy devices,Энергетические устройства,
energy_extra_sensor_current_power_import,,"Current power (W, + = import)","Текущая мощность (Вт, + = импорт)",
energy_extra_sensor_power_phase_one,,Power phase 1 (W),Мощность фазы 1 (Вт),
energy_extra_sensor_power_phase_two,,Power phase 2 (W),Мощность фазы 2 (Вт),
energy_extra_sensor_power_phase_three,,Power phase 3 (W),Мощность фазы 3 (Вт),
energy_extra_sensor_current_phase_one,,Current phase 1 (A),Ток фазы 1 (А),
energy_extra_sensor_current_phase_two,,Current phase 2 (A),Ток фазы 2 (А),
energy_extra_sensor_current_phase_three,,Current phase 3 (A),Ток фазы 3 (А),
energy_extra_sensor_voltage_phase_one,,Voltage phase 1 (V),Напряжение фазы 1 (В),
energy_extra_sensor_voltage_phase_two,,Voltage phase 2 (V),Напряжение фазы 2 (В),
energy_extra_sensor_voltage_phase_three,,Voltage phase 3 (V),Напряжение фазы 3 (В),
energy_extra_sensor_home_consumption_power,,Home consumption power (W),Мощность домашнего потребления (Вт),
energy_extra_sensor_energy_import,,Energy import (kWh),Импорт энергии (кВтч),
energy_extra_sensor_energy_import_tariff_one,,Energy import tariff 1 (kWh),Тариф на импорт энергии 1 (кВтч),
energy_extra_sensor_energy_import_tariff_two,,Energy import tariff 2 (kWh),Тариф на импорт энергии 2 (кВтч),
energy_extra_sensor_energy_export,,Energy export (kWh),Экспорт энергии (кВтч),
energy_extra_sensor_energy_export_tariff_one,,Energy export tariff 1 (kWh),Тариф на экспорт энергии 1 (кВтч),
energy_extra_sensor_energy_export_tariff_two,,Energy export tariff 2 (kWh),Тариф на экспорт энергии 2 (кВтч),
energy_extra_sensor_energy_cost_today,,Energy cost today,Стоимость энергии сегодня,
energy_extra_sensor_current_power_production,,Current power production (W),Текущая выработка электроэнергии (Вт),
energy_extra_sensor_energy_production_today,,Energy production today (kWh),Производство энергии сегодня (кВтч),
energy_extra_sensor_energy_production_seven_days,,Energy production over the last 7 days,Производство энергии за последние 7 дней,
energy_extra_sensor_lifetime_energy_production,,Lifetime energy production,Производство энергии в течение всего срока службы,
energy_extra_sensor_battery_power_charging,,"Battery power (W, + = charging)","Мощность аккумулятора (Вт, + = зарядка)",
energy_extra_sensor_gas_used_today,,Gas used today (m³),Использованный сегодня газ (м³),
energy_extra_sensor_current_gas_flow,,"Current gas flow (m³/h, optional)","Текущий расход газа (м³/ч, опционально)",
energy_extra_sensor_gas_cost_today,,Gas cost today,Стоимость газа сегодня,
energy_extra_sensor_city_heating_total,,Heat energy total (J/MJ/GJ/kWh),Общая тепловая энергия (Дж/МДж/ГДж/кВтч),
energy_extra_sensor_city_heating_current,,Current heat output (optional),Текущая тепловая мощность (опция),
energy_extra_sensor_city_heating_cost,,City-heating cost,Стоимость городского отопления,
energy_extra_estimated_gas_equivalent,,Estimated gas equivalent,Расчетный газовый эквивалент,
energy_extra_estimated_gas_note,,Based on 35.17 MJ per m³ of natural gas,"Из расчета 35,17 МДж на м3 природного газа.",
energy_extra_sensor_water_used_today,,Water used today (L/m³),Использованная сегодня вода (л/м³),
energy_extra_sensor_current_water_flow,,"Current water flow (L/min, optional)","Текущий расход воды (л/мин, опционально)",
energy_extra_sensor_water_cost_today,,Water cost today,Стоимость воды сегодня,
energy_extra_picker_top_consumer_devices,,Top-consumer devices,Устройства топ-потребителей,
energy_extra_picker_device_energy_counters,,Device energy counters,Счетчики энергии устройства,
energy_extra_auto_power_sensors_help,,All sensors with device_class power are included automatically. Remove a device to create your own list.,"Все датчики с мощностью device_class включаются автоматически. Удалите устройство, чтобы создать собственный список.",
energy_extra_auto_energy_sensors_help,,All sensors with device_class energy are included automatically. Their counter changes are used for the selected period.,Все датчики с энергией device_class включаются автоматически. Их счетчик изменений используется за выбранный период.,
energy_extra_currency,,Currency,Валюта,
energy_extra_currency_subtitle,,Which currency the cost stats are shown in,В какой валюте отображается статистика затрат,
energy_extra_currency_search,,Search currencies,Поиск валют,
energy_extra_currency_automatic,,Automatic,Автоматический,
energy_extra_currency_automatic_subtitle,,"Follow your cost sensors, then your device region","Следите за датчиками затрат, а затем за регионом вашего устройства.",
energy_extra_currency_automatic_value,,Automatic (%1$s),Автоматически (%1$s),app fills in %1$s — keep them
energy_extra_energy_card,,Energy card,Энергетическая карта,
energy_extra_energy_card_subtitle,,Data sources and card appearance,Источники данных и внешний вид карты,
energy_extra_card_and_data,,Card and data,Карта и данные,
energy_extra_energy_stack,,Energy stack,Энергетический стек,
energy_extra_energy_stack_subtitle,,"Cards, data sources, and layout","Карты, источники данных и макет",
energy_extra_cards_and_data,,Cards and data,Карты и данные,
events_tab,,Events,События,
events_empty,,No events yet,Мероприятий пока нет,
events_empty_hint,,Recent activity for the entities your family admin added to the timeline appears here.,"Здесь отображаются недавние действия объектов, которые администратор вашей семейной группы добавил в хронологию.",
events_not_configured,,No events are being tracked,Никакие события не отслеживаются,
events_not_configured_admin,,Choose which entities appear here in Settings › Family Sharing › Events.,"Выберите, какие объекты будут отображаться здесь, в «Настройки» > «Семейный доступ» > «События».",
events_not_configured_member,,Your family admin decides which entities appear here.,"Администратор вашей семейной группы решает, какие объекты здесь появятся.",
events_unavailable,,The event timeline needs HKI 7 Cloud %1$s.,Для временной шкалы события требуется HKI 7 Cloud %1$s.,app fills in %1$s — keep them; don't translate HKI 7 Cloud
events_set_up_button,,Choose entities,Выберите объекты,
events_no_matches,,No matching events,Нет соответствующих событий,
events_loading,,Loading events…,Загрузка событий…,
events_today,,Today,Сегодня,
events_yesterday,,Yesterday,Вчера,
events_by,,by %1$s,автор %1$s,app fills in %1$s — keep them
events_filter_all,,All,Все,
event_category_door,,Doors,Двери,
event_category_window,,Windows,Окна,
event_category_motion,,Motion,Движение,
event_category_moisture,,Water,Вода,
event_category_safety,,Smoke & gas,Дым и газ,
event_category_problem,,Problems,Проблемы,
event_category_battery,,Batteries,Батареи,
event_category_connectivity,,Connectivity,Возможности подключения,
event_category_light,,Lights,Свет,
event_category_switch,,Switches,Переключатели,
event_category_lock,,Locks,Замки,
event_category_cover,,Covers,Обложки,
event_category_climate,,Climate,Климат,
event_category_presence,,People,Люди,
event_category_alarm,,Alarm,Тревога,
event_category_media,,Media,СМИ,
event_category_vacuum,,Vacuum,Вакуум,
event_category_automation,,Automations,Автоматизация,
event_category_sensor,,Sensors,Датчики,
event_verb_opened,,was opened,был открыт,
event_verb_closed,,was closed,был закрыт,
event_verb_opening,,is opening,открывается,
event_verb_closing,,is closing,закрывается,
event_verb_locked,,was locked,был заперт,
event_verb_unlocked,,was unlocked,был разблокирован,
event_verb_motion_detected,,detected motion,обнаруженное движение,
event_verb_motion_cleared,,stopped detecting motion,перестал обнаруживать движение,
event_verb_moisture_detected,,detected moisture,обнаружена влага,
event_verb_moisture_cleared,,is dry again,снова сухо,
event_verb_alarm_detected,,raised an alarm,поднял тревогу,
event_verb_alarm_cleared,,cleared,очищен,
event_verb_problem_detected,,reported a problem,сообщил о проблеме,
event_verb_problem_cleared,,is back to normal,вернулся в норму,
event_verb_battery_low,,reported a low battery,сообщил о низком заряде батареи,
event_verb_battery_normal,,has a healthy battery again,снова имеет здоровую батарею,
event_verb_connected,,came online,вышел в интернет,
event_verb_disconnected,,went offline,вышел из сети,
event_verb_turned_on,,was turned on,был включен,
event_verb_turned_off,,was turned off,был выключен,
event_verb_detected,,was triggered,был вызван,
event_verb_cleared,,cleared,очищен,
event_verb_arrived_home,,arrived home,приехал домой,
event_verb_left_home,,left home,ушел из дома,
event_verb_arrived_at,,arrived at %1$s,прибыл в %1$s,app fills in %1$s — keep them
event_verb_disarmed,,was disarmed,был разоружен,
event_verb_armed,,was armed,был вооружен,
event_verb_arming,,is arming,вооружается,
event_verb_pending,,is counting down,ведет обратный отсчет,
event_verb_triggered,,was triggered,был вызван,
event_verb_set_to,,was set to %1$s,было установлено значение %1$s,app fills in %1$s — keep them
event_verb_started_cleaning,,started cleaning,начал чистить,
event_verb_returning_to_dock,,is returning to its dock,возвращается на свой док,
event_verb_docked,,docked,пришвартован,
event_verb_started_playing,,started playing,начал играть,
event_verb_paused,,was paused,был приостановлен,
event_verb_stopped,,stopped,остановился,
event_verb_generic,,changed to %1$s,изменен на %1$s,app fills in %1$s — keep them
ui_1_advanced_shorthand_block_kept_unchanged_d4dcbd7,,1 advanced shorthand block (kept unchanged),1 расширенный блок стенографии (остается без изменений),
ui_1f_kwh_self_used_b4798a5,, · %%.1f kWh self-used (%1$s%%%%),· %%.1f кВтч для собственного использования (%1$s%%%%),app fills in %1$s — keep them; keep the space at the start/end
ui_1f_of_1f_kwh_d_00c25f6,,%.1f of %.1f kWh · %d%%,%.1f из %.1f кВтч · %d%%,app fills in %.1f %d — keep them
ui_24_hour_format_b195a8f,,24-Hour Format,24-часовой формат,
ui_a_fast_auto_generating_dashboard_for_home_assistant_let_0fad4a9,,"A fast, auto-generating dashboard for Home Assistant\nLet's connect to your server.","Быстрая, автоматически генерируемая информационная панель для Home Assistant.\nПодключимся к вашему серверу.",don't translate Home Assistant; \n = line break
ui_a_modern_touch_first_android_dashboard_and_companion_for_814cbdb,,"A modern, touch-first Android dashboard and companion for Home Assistant.",Современная сенсорная панель Android и дополнение для Home Assistant.,don't translate Home Assistant
ui_about_6b21fb7,,About,О,
ui_accidental_touch_protection_e2683f4,,Accidental-touch protection,Защита от случайного прикосновения,
ui_account_85dfa32,,Account,Счет,
ui_action_49924bc,,%1$s action,%1$s действие,app fills in %1$s — keep them
ui_action_97c89a4,,Action,Действие,
ui_action_data_e5a7704,,Action data,Данные о действиях,
ui_action_data_object_8850c05,,Action data object,Объект данных действия,
ui_action_details_d623b1c,,Action details,Подробности действия,
ui_active_0af2854,,%1$s · %2$s active,%1$s · %2$s активен,app fills in %1$s %2$s — keep them
ui_active_25ff32f,,%1$s/%2$s active,%1$s/%2$s активен,app fills in %1$s %2$s — keep them
ui_active_a733b80,,Active,Активный,
ui_active_c7260b5,,%1$s%% • ACTIVE,%1$s%% • АКТИВНО,app fills in %1$s — keep them
ui_active_connection_54db7a1,,Active connection,Активное соединение,
ui_activity_81c0d91,,Activity,Активность,
ui_activity_indication_and_collapsing_0764a94,,Activity indication and collapsing,Индикация активности и сворачивание,
ui_adapt_now_c30eb08,,Adapt now,Адаптируйтесь сейчас,
ui_adaptive_lighting_7587880,,Adaptive lighting,Адаптивное освещение,
ui_adaptive_lighting_e2cffbd,,Adaptive Lighting,Адаптивное освещение,
ui_adaptive_lighting_is_unavailable_6b9ada3,,Adaptive Lighting is unavailable,Адаптивное освещение недоступно.,
ui_add_016df71,,Add (%1$s),Добавить (%1$s),app fills in %1$s — keep them
ui_add_4_10_entity_buttons_to_this_dialog_s_cdedf23,,Add 4–10 entity buttons to this dialog's nav bar.,Добавьте 4–10 кнопок объектов на панель навигации этого диалогового окна.,
ui_add_61cc55a,,Add,Добавлять,
ui_add_and_edit_each_chart_in_this_stack_0c0cb11,,Add and edit each chart in this stack,Добавляйте и редактируйте каждую диаграмму в этом стопке.,
ui_add_at_least_one_step_3620909,,Add at least one step,Добавьте хотя бы один шаг,
ui_add_button_3d7db43,,Add button,Добавить кнопку,
ui_add_camera_cf03528,,Add Camera,Добавить камеру,
ui_add_carrier_device_7945283,,Add carrier device,Добавить операторское устройство,
ui_add_current_network_64cabf3,,"Add current network ""%1$s""",Добавить текущую сеть «%1$s»,app fills in %1$s — keep them
ui_add_custom_buttons_83a0768,,Add Custom Buttons,Добавить пользовательские кнопки,
ui_add_custom_camera_url_aab29ef,,Add Custom Camera URL,Добавить URL-адрес пользовательской камеры,
ui_add_entities_333152e,,Add entities,Добавить объекты,
ui_add_entity_f99dc1d,,Add entity,Добавить объект,
ui_add_every_integration_account_that_should_contribute_parce_ce58afb,,Add every integration account that should contribute parcels,"Добавьте все учетные записи интеграции, которые должны отправлять посылки.",
ui_add_floor_63c715d,,Add Floor,Добавить этаж,
ui_add_graph_079e4ca,,Add graph,Добавить график,
ui_add_home_assistant_a6ccea8,,Add Home Assistant,Добавить Home Assistant,don't translate Home Assistant
ui_add_home_assistant_instance_625838a,,Add Home Assistant instance,Добавить экземпляр Home Assistant,don't translate Home Assistant
ui_add_individual_water_meters_to_compare_their_usage_daec0de,,Add individual water meters to compare their usage.,"Добавьте отдельные счетчики воды, чтобы сравнить их использование.",
ui_add_instance_step_df337b3,,add_instance_step,add_instance_step,
ui_add_more_for_a_full_row_ed977e3,,Add %1$s more for a full row.,Добавьте еще %1$s для полной строки.,app fills in %1$s — keep them
ui_add_one_focused_card_c2f2ed8,,Add one focused card,Добавьте одну целевую карточку,
ui_add_or_edit_entities_b59919b,,Add or edit entities,Добавить или изменить объекты,
ui_add_parcel_82c0bf8,,Add parcel,Добавить посылку,
ui_add_parcel_bde8afb,,Add Parcel,Добавить посылку,
ui_add_room_5a95991,,Add Room,Добавить комнату,
ui_add_sensors_d6df16f,,Add sensors,Добавить датчики,
ui_add_to_cd52e85,,Add to %1$s,Добавить в %1$s,app fills in %1$s — keep them
ui_add_widget_a9df350,,Add Widget,Добавить виджет,
ui_add_widget_dd4416e,,Add widget,Добавить виджет,
ui_adding_ffb2e62,,Adding…,Добавление…,
ui_admin_b38222e,,%1$s (admin),%1$s (администратор),app fills in %1$s — keep them
ui_administrative_controls_for_your_home_assistant_server_e56ebd9,,Administrative controls for your Home Assistant server,Административный контроль вашего сервера Home Assistant,don't translate Home Assistant
ui_advanced_4d06472,,Advanced,Передовой,
ui_advanced_action_data_json_622e363,,Advanced action data (JSON),Данные расширенных действий (JSON),
ui_advanced_shorthand_blocks_kept_unchanged_aa253ae,,%1$s advanced shorthand blocks (kept unchanged),%1$s расширенные блоки сокращений (остаются без изменений),app fills in %1$s — keep them
ui_aesthetic_changes_only_f31f444,,Aesthetic changes only,Только эстетические изменения,
ui_aggregate_carriers_eae26c7,,Aggregate carriers,Совокупные перевозчики,
ui_agree_ee68d34,,Agree,Соглашаться,
ui_air_circulating_273e82b,,Air circulating,Циркуляция воздуха,
ui_air_circulation_devices_a14e95d,,Air circulation devices,Устройства циркуляции воздуха,
ui_air_cleaning_devices_4364277,,Air cleaning devices,Устройства очистки воздуха,
ui_air_purifiers_476147b,,Air purifiers,Очистители воздуха,
ui_air_purifiers_are_fan_entities_in_home_assistant_so_3fa4fdb,,"Air purifiers are fan entities in Home Assistant, so they can't be auto-detected. Select yours here.","Очистители воздуха являются вентиляторами в Home Assistant, поэтому их невозможно обнаружить автоматически. Выберите свой здесь.",don't translate Home Assistant
ui_airphase_1f2d2b6,,airPhase,airPhase,
ui_alarm_25f8c55,,Alarm,Тревога,
ui_alarm_entities_b462ba5,,Alarm entities,Объекты тревог,
ui_alarm_pending_e2c04aa,,Alarm pending,Ожидается сигнал тревоги,
ui_alarm_triggered_641ff6f,,Alarm triggered,Сработала сигнализация,
ui_alarm_unavailable_867909b,,Alarm unavailable,Будильник недоступен,
ui_alignment_7f8c517,,Alignment,Выравнивание,
ui_all_6a72085,,All,Все,
ui_all_batteries_ok_9676f73,,All batteries OK,Все батареи в порядке,
ui_all_calendar_entities_bffb01d,,All calendar entities,Все объекты календаря,
ui_all_levels_6b4fde3,,All levels,Все уровни,
ui_all_off_97b7833,,All off,Все выключено,
ui_all_thermostats_59c8297,,All thermostats,Все термостаты,
ui_all_types_30c8a0f,,All types,Все типы,
ui_allow_all_the_time_d91ab85,,Allow All The Time,Разрешить все время,
ui_allow_editing_24f2b54,,Allow editing,Разрешить редактирование,
ui_allow_theme_colors_icons_names_and_wallpaper_but_not_efc8a97,,"Allow theme, colors, icons, names and wallpaper — but not adding or removing widgets, buttons or rooms","Разрешить тему, цвета, значки, имена и обои, но не добавлять и не удалять виджеты, кнопки или комнаты.",
ui_always_a91bcce,,Always,Всегда,
ui_an_admin_can_share_one_dashboard_with_the_whole_5a5434d,,"An admin can share one dashboard with the whole family so everyone gets the same layout. To use it, an admin needs to install the HKI 7 Cloud component and share a dashboard first.","Администратор может поделиться одной панелью управления со всей семьей, чтобы у всех был одинаковый макет. Чтобы использовать его, администратору необходимо установить компонент HKI 7 Cloud и сначала предоставить общий доступ к информационной панели.",don't translate HKI 7 Cloud
ui_an_admin_needs_to_install_the_hki_7_cloud_0e9241b,,An admin needs to install the HKI 7 Cloud component and share a dashboard first.,Администратору необходимо сначала установить компонент HKI 7 Cloud и предоставить общий доступ к информационной панели.,don't translate HKI 7 Cloud
ui_android_location_permission_2ff3839,,Android Location Permission,Разрешение на определение местоположения Android,
ui_animated_icons_aa39cfe,,Animated icons,Анимированные иконки,
ui_animation_62afd21,,Animation,Анимация,
ui_announced_letter_3a7ac05,,Announced letter,Анонсированное письмо,
ui_any_state_c7274cb,,Any state,Любой штат,
ui_appearance_41def7a,,Appearance,Появление,
ui_applies_to_all_dashboard_buttons_widgets_stacks_rooms_and_9715deb,,"Applies to all dashboard buttons, widgets, stacks, rooms, and cards.","Применяется ко всем кнопкам, виджетам, стопкам, комнатам и карточкам информационной панели.",
ui_apply_cfea419,,Apply,Применять,
ui_archived_eddc813,,Archived,В архиве,
ui_are_you_sure_you_want_to_clear_battery_config_3e19f24,,Are you sure you want to clear battery config?,"Вы уверены, что хотите очистить конфигурацию батареи?",
ui_armed_32caa31,,Armed,Вооружен,
ui_armed_away_6834abf,,Armed away,Вооружён,
ui_armed_home_c8d0b44,,Armed home,Вооруженный дом,
ui_armed_night_80659bd,,Armed night,Вооруженная ночь,
ui_arming_in_seconds_b9e07a8,,Arming in %1$s seconds,Постановка на охрану через %1$s секунд,app fills in %1$s — keep them
ui_aspect_ratio_4e077cf,,Aspect ratio,Соотношение сторон,
ui_aspect_ratio_used_by_every_stream_275bb52,,Aspect ratio used by every stream,"Соотношение сторон, используемое каждым потоком",
ui_astronomical_tap_or_swipe_683fe28,,Astronomical · tap or swipe,Астрономические · коснитесь или проведите пальцем по экрану,
ui_at_target_6a8dbb5,,At target,У цели,
ui_auto_c614ba7,,Auto,Авто,
ui_auto_dashboard_c7a509a,,Auto dashboard,Автоматическая приборная панель,
ui_auto_discovered_e0643da,,Auto-discovered,Автоматически обнаружено,
ui_auto_generate_0f86c24,,Auto Generate,Автоматическое создание,
ui_auto_generate_1502534,,Auto generate,Автоматическое создание,
ui_auto_generation_is_a_one_time_starting_point_the_6b317fe,,"Auto generation is a one-time starting point. The Home page starts empty in either mode, and you can re-import Home Assistant data later from individual views.","Автоматическое создание — это единоразовая отправная точка. Домашняя страница в любом режиме начинается пустой, и позже вы можете повторно импортировать данные Home Assistant из отдельных представлений.",don't translate Home Assistant
ui_auto_manual_342b68e,,Auto + %1$s manual,Авто + %1$s вручную,app fills in %1$s — keep them
ui_auto_none_f606e9b,,Auto / none,Авто / нет,
ui_auto_scan_150eb4b,,Auto-scan,Автосканирование,
ui_auto_unavailable_33737ba,,Auto / unavailable,Авто/недоступно,
ui_automatic_cloud_backup_494d882,,Automatic cloud backup,Автоматическое резервное копирование в облако,
ui_automatic_configuration_only_battery_class_percentage_sens_ce9ab03,,Automatic configuration: only battery-class percentage sensors are included.,Автоматическая конфигурация: включены только процентные датчики аккумуляторного класса.,
ui_automatic_local_cloud_backup_7aef407,,Automatic local cloud backup,Автоматическое резервное копирование в локальное облако,
ui_automatic_paging_and_transition_style_792709a,,Automatic paging and transition style,Автоматический стиль пейджинга и перехода,
ui_automatically_backs_up_your_dashboard_and_appearance_setti_cd89812,,"Automatically backs up your dashboard and appearance settings to your own Home Assistant every day, so you can restore them any time. Requires the HKI 7 Cloud custom component (install it via HACS).","Автоматическое резервное копирование настроек панели управления и внешнего вида в ваш собственный Home Assistant каждый день, чтобы вы могли восстановить их в любое время. Требуется специальный компонент HKI 7 Cloud (установите его через HACS).","don't translate HKI 7 Cloud, Home Assistant"
ui_automation_a15fde5,,Automation,Автоматизация,
ui_automations_even_when_the_app_is_closed_or_not_d27e5b1,,"automations, even when the app is closed or not in use.\n\n","автоматизация, даже когда приложение закрыто или не используется.",\n = line break
ui_autoplay_95619b5,,Autoplay,Автозапуск,
ui_average_93a8018,,average,средний,
ui_azimuth_d2fbdb3,,Azimuth,Азимут,
ui_back_b52b36b,,Back,Назад,
ui_back_up_now_527bf1a,,Back up now,Резервное копирование сейчас,
ui_background_image_url_or_path_dfc4908,,Background image (URL or path),Фоновое изображение (URL или путь),
ui_background_location_5f56f21,,Background location,Фоновое расположение,
ui_background_notifications_563a463,,Background notifications,Фоновые уведомления,
ui_background_usage_fd8ed73,,Background Usage,Фоновое использование,
ui_backing_up_f600558,,Backing up…,Резервное копирование…,
ui_backspace_88d130a,,Backspace,Backspace,
ui_backup_and_restore_a593246,,Backup and Restore,Резервное копирование и восстановление,
ui_backup_dd96994,,Backup,Резервное копирование,
ui_backups_contain_dashboard_and_appearance_configuration_onl_d5856be,,"Backups contain dashboard and appearance configuration only. Connection details, app permissions, location state, and notification history are not included.","Резервные копии содержат только конфигурацию панели управления и внешнего вида. Сведения о подключении, разрешениях приложений, состоянии местоположения и истории уведомлений не включаются.",
ui_badge_bar_layout_4b4dfdd,,Badge bar layout,Расположение панели значков,
ui_bars_ad5fb3b,,Bars,Бары,
ui_batt_679d0aa,,Batt,Батт,
ui_batteries_0970f9d,,Batteries,Батареи,
ui_battery_4a9be04,,Battery,Батарея,
ui_battery_74dff99,,Battery: %1$s,Батарея: %1$s,app fills in %1$s — keep them
ui_battery_attention_0feaa08,,battery-attention,внимание к батарее,
ui_battery_battery_notes_only_14e5936,,Battery+ / Battery Notes only,Аккумулятор+ / Только примечания по аккумулятору,
ui_battery_energy_25638f8,,battery-energy,энергия батареи,
ui_battery_entities_visible_9299588,,%1$s battery entities visible,%1$s объекты батареи видны,app fills in %1$s — keep them
ui_battery_fill_8b6793e,,battery-fill,заправка аккумулятора,
ui_battery_health_12c0ce4,,BATTERY HEALTH,ЗДОРОВЬЕ АККУМУЛЯТОРА,
ui_battery_health_8cc8e64,,BATTERY+ HEALTH,АККУМУЛЯТОР+ ЗДОРОВЬЕ,
ui_battery_level_is_healthy_1de4c4f,,Battery level is healthy,Уровень заряда батареи нормальный,
ui_battery_levels_7c61b65,,Battery Levels,Уровни заряда батареи,
ui_battery_optimization_7676ca5,,Battery Optimization,Оптимизация батареи,
ui_battery_orbit_9aa5d8c,,battery-orbit,батарея-орбита,
ui_battery_rules_be75b3c,,Battery rules,Правила использования батареи,
ui_battery_sensor_optional_0e261e6,,Battery sensor (optional),Датчик батареи (опция),
ui_behavior_70cb647,,Behavior,Поведение,
ui_birthday_yyyy_mm_dd_d1a9b03,,Birthday (YYYY-MM-DD),День рождения (ГГГГ-ММ-ДД),
ui_bold_100_1b94255,,Bold (+100),Жирный (+100),
ui_bolder_200_9cc5d65,,Bolder (+200),Смелей (+200),
ui_boldest_300_c5a490d,,Boldest (+300),Самый смелый (+300),
ui_boldness_10b6938,,Boldness · %1$s,Смелость · %1$s,app fills in %1$s — keep them
ui_brand_and_third_party_work_8d6d517,,Brand and third-party work,Бренд и сторонняя работа,
ui_brightness_222d6d5,,%1$s brightness,%1$s яркость,app fills in %1$s — keep them
ui_brightness_8e06ad0,,BRIGHTNESS,ЯРКОСТЬ,
ui_brightness_slider_a427c80,,Brightness slider,Ползунок яркости,
ui_build_the_interface_entirely_your_way_e94582f,,Build the interface entirely your way.,Создайте интерфейс полностью по-своему.,
ui_building_your_dashboard_2943961,,Building your dashboard,Создание панели управления,
ui_built_in_20f409c,,Built-in,Встроенный,
ui_button_794145f,,Button,Кнопка,
ui_button_image_2483e32,,Button image,Изображение кнопки,
ui_button_lock_28d87b1,,Button lock,Блокировка кнопок,
ui_button_stack_ee9e7f8,,Button Stack,Стек кнопок,
ui_button_type_890a578,,Button type,Тип кнопки,
ui_buttons_available_from_this_person_s_detail_dialog_ab3f9f9,,Buttons available from this person's detail dialog,"Кнопки, доступные в диалоговом окне сведений об этом человеке",
ui_calendar_content_1f185c8,,Calendar content,Содержимое календаря,
ui_calendars_9444501,,Calendars,Календари,
ui_camera_4da9c9a,,Camera,Камера,
ui_camera_aspect_ratio_928bf09,,Camera aspect ratio,Соотношение сторон камеры,
ui_camera_display_20a9c82,,Camera display,Дисплей камеры,
ui_camera_feed_cc1f19e,,Camera Feed,Подача камеры,
ui_camera_page_6b1987b,,camera_page,камера_страница,
ui_camera_stack_645ea0f,,Camera Stack,Стек камер,
ui_camera_url_0eebe87,,Camera URL,URL-адрес камеры,
ui_cameras_d3daff3,,Cameras,Камеры,
ui_camerascan_00bd2cb,,cameraScan,камераСкан,
ui_can_t_reach_the_server_73079bd,,Can't reach the server,Не могу связаться с сервером,
ui_cancel_77dfd21,,Cancel,Отмена,
ui_cancel_arming_5d383c8,,Cancel arming,Отменить постановку на охрану,
ui_card_4d4ce73,,Card,Карта,
ui_card_data_4a42176,,Card & data,Карта и данные,
ui_card_entities_e548a55,,Card & entities,Карта и организации,
ui_card_layout_f83b655,,Card layout,Макет карты,
ui_card_settings_1a3b62a,,Card settings,Настройки карты,
ui_card_shape_and_width_0d513f7,,Card shape and width,Форма и ширина карты,
ui_card_shape_width_and_background_e4aff1c,,"Card shape, width, and background","Форма, ширина и фон карты",
ui_card_size_shape_and_background_df75707,,"Card size, shape, and background","Размер, форма и фон карты",
ui_card_width_icon_and_styling_de70fd8,,"Card width, icon, and styling","Ширина, значок и стиль карты",
ui_card_width_shape_icon_and_background_c3695b5,,"Card width, shape, icon, and background","Ширина, форма, значок и фон карты",
ui_cards_0f830bc,,Cards,Карты,
ui_cards_data_a33e044,,Cards & data,Карты и данные,
ui_cards_entities_be4393a,,Cards & entities,Карты и сущности,
ui_carrier_accounts_20ad36c,,Carrier accounts,Счета операторов связи,
ui_carrier_devices_9927ae1,,Carrier devices,Несущие устройства,
ui_carrier_display_name_optional_5ca06fc,,Carrier display name (optional),Отображаемое имя оператора связи (необязательно),
ui_center_adapt_now_and_pause_buttons_81074b2,,Center Adapt now and Pause buttons,Центральные кнопки «Адаптировать сейчас» и «Пауза»,
ui_change_64fbd99,,Change,Изменять,
ui_change_avatar_image_217fbce,,Change avatar image,Изменить изображение аватара,
ui_changing_mode_3da68b4,,Changing mode,Изменение режима,
ui_charge_flow_ceb6c62,,Charge & flow,Заряд и поток,
ui_chart_66c7734,,Chart,Диаграмма,
ui_checking_for_shared_dashboards_5f2f823,,Checking for shared dashboards…,Проверка общих информационных панелей…,
ui_checking_for_the_hki_7_cloud_component_c76112a,,Checking for the HKI 7 Cloud component…,Проверка компонента HKI 7 Cloud…,don't translate HKI 7 Cloud
ui_choose_78b7c9f,,Choose,Выбирать,
ui_choose_a_different_server_47e6ce6,,Choose a different server,Выбрать другой сервер,
ui_choose_a_side_when_the_badge_bar_is_split_6e3c73d,,Choose a side when the badge bar is split,"Выберите сторону, когда полоса значков разделена",
ui_choose_a_state_7ab7191,,Choose a state,Выберите штат,
ui_choose_a_visual_home_assistant_block_e7c8652,,Choose a visual Home Assistant block,Выберите визуальный блок Home Assistant.,don't translate Home Assistant
ui_choose_action_cf9c80e,,Choose action,Выберите действие,
ui_choose_an_action_e82323b,,Choose an action,Выберите действие,
ui_choose_an_entity_00fd1cc,,Choose an entity,Выберите сущность,
ui_choose_an_entity_first_d59e681,,Choose an entity first,Сначала выберите сущность,
ui_choose_an_expanded_or_compact_dashboard_header_815902d,,Choose an expanded or compact dashboard header,Выберите расширенный или компактный заголовок информационной панели.,
ui_choose_avatar_image_bcd5b00,,Choose avatar image,Выберите изображение аватара,
ui_choose_between_the_full_header_and_a_compact_navigation_90ec55e,,Choose between the full header and a compact navigation bar,Выбирайте между полным заголовком и компактной панелью навигации.,
ui_choose_entity_31b0424,,Choose entity,Выберите объект,
ui_choose_how_this_phone_or_tablet_appears_in_home_419da67,,Choose how this phone or tablet appears in Home Assistant,"Выберите, как этот телефон или планшет будет отображаться в Home Assistant.",don't translate Home Assistant
ui_choose_icon_b0047ce,,Choose icon,Выберите значок,
ui_choose_included_cards_and_shared_entity_overrides_a507343,,Choose included cards and shared entity overrides,Выбор включенных карточек и переопределений общих объектов,
ui_choose_included_views_and_shared_entity_overrides_41f2e64,,Choose included views and shared entity overrides,Выбор включенных представлений и переопределений общих объектов,
ui_choose_one_or_more_carrier_devices_in_widget_settings_100a4ca,,Choose one or more carrier devices in widget settings.,Выберите одно или несколько устройств оператора связи в настройках виджета.,
ui_choose_person_entity_977db64,,Choose person entity,Выберите физическое лицо,
ui_choose_the_climate_view_and_optional_entity_overrides_a69cbbc,,Choose the climate view and optional entity overrides,Выберите представление климата и дополнительные переопределения объектов.,
ui_choose_the_energy_view_and_override_its_entities_if_523c3be,,Choose the energy view and override its entities if needed,Выберите вид энергопотребления и при необходимости переопределите его объекты.,
ui_choose_the_entity_and_card_content_8bde89a,,Choose the entity and card content,Выберите сущность и содержимое карты.,
ui_choose_the_home_assistant_entities_that_drive_this_room_53a4061,,Choose the Home Assistant entities that drive this room's live indicators. Indicators only appear while they are active.,"Выберите объекты Home Assistant, которые управляют живыми индикаторами этой комнаты. Индикаторы появляются только тогда, когда они активны.",don't translate Home Assistant
ui_choose_the_home_assistant_shown_in_hki_7_b29bc26,,Choose the Home Assistant shown in HKI 7,"Выберите Home Assistant, показанный в HKI 7.","don't translate Home Assistant, HKI 7"
ui_choose_the_player_and_dashboard_label_7fa88ba,,Choose the player and dashboard label,Выберите плеер и метку панели управления.,
ui_choose_the_profile_for_this_light_d8c7bae,,Choose the profile for this light,Выберите профиль для этого светильника,
ui_choose_the_sensors_plotted_together_3bc1663,,Choose the sensors plotted together,"Выберите датчики, построенные вместе",
ui_choose_the_source_and_when_a_battery_is_considered_0b993df,,Choose the source and when a battery is considered low,"Выберите источник и укажите, когда уровень заряда батареи считается низким",
ui_choose_what_tap_double_tap_and_hold_should_do_0bbe9c8,,"Choose what tap, double tap, and hold should do","Выберите, что должно делать нажатие, двойное нажатие и удержание",
ui_choose_what_this_action_should_control_7ebe4ab,,Choose what this action should control,"Выберите, чем должно управлять это действие",
ui_choose_what_this_badge_summarizes_a7af7e6,,Choose what this badge summarizes,"Выберите, что суммирует этот значок",
ui_choose_what_this_header_pill_shows_0bbdbc2,,Choose what this header pill shows,"Выберите, что показывает этот заголовок",
ui_choose_where_to_restore_the_dashboard_configuration_from_bb40b34,,Choose where to restore the dashboard configuration from.,"Выберите, откуда восстановить конфигурацию панели мониторинга.",
ui_choose_whether_this_person_appears_in_the_home_header_49f0ec2,,Choose whether this person appears in the Home header,"Выберите, будет ли этот человек отображаться в заголовке «Главная страница»",
ui_choose_which_profiles_this_widget_can_control_2cd9b2b,,Choose which profiles this widget can control,"Выберите, какими профилями может управлять этот виджет",
ui_choose_who_can_see_this_dashboard_they_can_import_2f5e49d,,Choose who can see this dashboard. They can import it into their own app.,"Выберите, кто может видеть эту панель мониторинга. Они могут импортировать его в свое приложение.",
ui_choose_your_dashboard_1ec85e9,,Choose your dashboard,Выберите свою панель управления,
ui_clean_rooms_4dc67ab,,Clean rooms,Чистые помещения,
ui_clean_selected_43d8dd5,,Clean selected,Очистить выбранное,
ui_clear_719ea39,,Clear,Прозрачный,
ui_clear_battery_config_d8854f7,,Clear battery config?,Очистить конфигурацию батареи?,
ui_clear_battery_view_1952347,,Clear battery view?,Очистить вид батареи?,
ui_clear_battery_view_5ef09bf,,Clear Battery View,Очистить вид батареи,
ui_clear_climate_view_48e8a5e,,Clear Climate View,Четкий климатический обзор,
ui_clear_climate_view_9a1339c,,Clear climate view?,Четкий обзор климата?,
ui_clear_config_51f6330,,Clear config,Очистить конфигурацию,
ui_clear_energy_view_401c166,,Clear Energy View,Чистый взгляд на энергию,
ui_clear_energy_view_d577bb7,,Clear energy view?,Четкий энергетический взгляд?,
ui_clear_filters_4122267,,Clear filters,Очистить фильтры,
ui_clear_rooms_view_87a43ca,,Clear Rooms View,Вид из ясной комнаты,
ui_clear_rooms_view_f1d0d72,,Clear rooms view?,Чистый вид из номеров?,
ui_clear_search_67300d0,,Clear search,Очистить поиск,
ui_clear_security_view_219e25b,,Clear Security View,Очистить просмотр безопасности,
ui_clear_security_view_48790f7,,Clear security view?,Очистить обзор безопасности?,
ui_clear_selection_247fd63,,Clear selection,Очистить выбор,
ui_climate_4857860,,Climate,Климат,
ui_climate_cards_f4996fd,,Climate Cards,Климатические карты,
ui_climate_devices_are_found_automatically_add_extra_entities_5ebd8b7,,Climate devices are found automatically; add extra entities here if any are missing.,"Климатические устройства обнаруживаются автоматически; добавьте сюда дополнительные объекты, если они отсутствуют.",
ui_climate_dialog_control_add9f2b,,Climate dialog control,Диалоговое управление климатом,
ui_climate_sources_take_priority_and_use_their_current_temper_5dbcde3,,Climate sources take priority and use their current_temperature and current_humidity values. ,Источники климата имеют приоритет и используют свои значения current_temperature и current_humidity.,keep the space at the start/end
ui_climate_stack_cards_dcff178,,Climate Stack Cards,Карточки стопки климата,
ui_climate_summary_4686577,,Climate summary,Климатическая сводка,
ui_climatedooropen_026f1c8,,climateDoorOpen,климатДверьОткрытая,
ui_climatehouse_9c0637a,,climateHouse,климатДом,
ui_climatewindowopen_9b0794a,,climateWindowOpen,климатОкноОткрытый,
ui_close_bbfa773,,Close,Закрывать,
ui_cloud_backup_is_off_71dfae1,,Cloud backup is off,Резервное копирование в облако отключено,
ui_collapsed_by_default_65a57c6,,Collapsed by default,Свернуто по умолчанию,
ui_collapsible_c932fac,,Collapsible,Складной,
ui_collection_30c54a9,,Collection,Коллекция,
ui_color_1d0c830,,Color,Цвет,
ui_color_typography_and_component_shape_b82e582,,"Color, typography, and component shape","Цвет, типографика и форма компонента",
ui_colors_and_light_dark_mode_37de9d5,,Colors and light/dark mode,Цвета и светлый/темный режим,
ui_columns_cf723c5,,Columns,Столбцы,
ui_combine_multiple_accounts_from_the_same_carrier_into_one_0006a49,,Combine multiple accounts from the same carrier into one tab and parcel list.,Объедините несколько учетных записей одного и того же оператора связи в одну вкладку и список посылок.,
ui_comfortpulse_100b63b,,comfortPulse,комфортПульс,
ui_community_source_716abd9,,Community source,Источник сообщества,
ui_compact_1df39aa,,Compact,Компактный,
ui_compact_header_50275e8,,Compact header,Компактный заголовок,
ui_compact_mode_hides_the_left_header_pill_persons_subtitle_da84968,,"Compact mode hides the left header pill, persons, subtitle/status information, and room counters. Swipe down on the compact bar to open Search, Flows, Edit, and Settings.","Компактный режим скрывает левую табличку заголовка, людей, информацию о субтитрах/статусе и счетчики комнат. Проведите вниз по компактной панели, чтобы открыть «Поиск», «Потоки», «Редактировать» и «Настройки».",
ui_compact_tile_height_78b57a3,,Compact tile height,Компактная высота плитки,
ui_configured_light_65a3aad,,%1$s configured light%2$s,%1$s настроенный свет%2$s,app fills in %1$s %2$s — keep them
ui_confirm_04a2122,,Confirm,Подтверждать,
ui_connect_b65463c,,Connect,Соединять,
ui_connected_through_home_assistant_cloud_47a54c0,,Connected through Home Assistant Cloud,Подключено через облако Home Assistant.,don't translate Home Assistant
ui_connected_through_your_external_home_assistant_address_966b0e6,,Connected through your external Home Assistant address,Подключено через ваш внешний адрес Home Assistant.,don't translate Home Assistant
ui_connected_through_your_home_network_cdf4e0f,,Connected through your home network,Подключено через домашнюю сеть,
ui_connecting_fd3e796,,Connecting…,Подключение…,
ui_connection_6512ee1,,Connection,Связь,
ui_connection_switched_to_8f04753,,Connection switched to %1$s,Соединение переключено на %1$s,app fills in %1$s — keep them
ui_contacting_your_home_assistant_server_e0a53d1,,Contacting your Home Assistant server…,Обращение к вашему серверу Home Assistant…,don't translate Home Assistant
ui_content_4f9be05,,Content,Содержание,
ui_continue_2e02623,,Continue,Продолжать,
ui_continuous_gps_for_live_tracking_uses_much_more_battery_fdcd80d,,Continuous GPS for live tracking — uses much more battery. Leave off for official-app-like behavior.,"Непрерывное GPS для отслеживания в реальном времени — потребляет гораздо больше заряда батареи. Оставьте поведение, подобное официальному приложению.",
ui_control_ea1d3df,,Control,Контроль,
ui_control_how_accounts_become_tabs_and_lists_f100249,,Control how accounts become tabs and lists,"Управляйте тем, как учетные записи становятся вкладками и списками",
ui_control_layout_4c3b047,,Control layout,Схема управления,
ui_controls_and_history_sensors_used_by_the_dialog_f71675d,,Controls and history sensors used by the dialog,"Элементы управления и датчики истории, используемые в диалоговом окне",
ui_controls_light_in_this_profile_cd11089,,Controls %1$s light%2$s in this profile.,Управляет светом %1$s %2$s в этом профиле.,app fills in %1$s %2$s — keep them
ui_cooling_5569ac4,,Cooling,Охлаждение,
ui_copy_af74f7c,,Copy,Копировать,
ui_copy_dashboard_2ea354e,,Copy dashboard,Копировать панель мониторинга,
ui_copyright_2026_jimz011_b8f2c24,,Copyright © 2026 Jimz011,© 2026 Jimz011.,
ui_corners_f1fb139,,Corners,Углы,
ui_could_not_add_the_parcel_check_the_number_and_fd157b4,,Could not add the parcel. Check the number and try again.,Не удалось добавить посылку. Проверьте номер и повторите попытку.,
ui_couldn_t_reach_a30cc1b,,Couldn't reach %1$s,Не удалось связаться с %1$s.,app fills in %1$s — keep them
ui_couldn_t_reach_your_home_assistant_server_2a17c09,,Couldn't reach your Home Assistant server.,Не удалось связаться с вашим сервером Home Assistant.,don't translate Home Assistant
ui_countdown_timer_282cb17,,Countdown timer,Таймер обратного отсчета,
ui_create_6e157c5,,Create,Создавать,
ui_create_a_flow_11b4415,,Create a flow,Создайте поток,
ui_create_a_separate_dashboard_auto_generate_imports_once_and_a5f0ef1,,Create a separate dashboard. Auto Generate imports once and then becomes editable; Start Empty only keeps persons available.,"Создайте отдельный дашборд. Автоматическое создание импорта один раз, а затем становится доступным для редактирования; При выборе «Начать пусто» остаются доступными только люди.",
ui_create_custom_page_d1f53e7,,Create custom page,Создать пользовательскую страницу,
ui_created_by_jimz011_2026_hki_7_v_20cbca0,,Created by Jimz011 - 2026 • HKI 7 v%1$s,Создано Jimz011 – 2026 • HKI 7 v%1$s,app fills in %1$s — keep them; don't translate HKI 7
ui_created_by_jimz011_with_help_from_ai_assisted_development_47c9a41,,"Created by Jimz011 with help from AI-assisted development tools. Product direction, design choices, testing, and responsibility for the released app remain with the project creator.","Создано Jimz011 с помощью инструментов разработки с использованием искусственного интеллекта. Направление продукта, выбор дизайна, тестирование и ответственность за выпущенное приложение остаются за создателем проекта.",
ui_created_openly_1cc16d4,,Created openly,Создано открыто,
ui_creates_a_full_duplicate_of_including_all_rooms_widgets_b96bbb1,,"Creates a full duplicate of ""%1$s"", including all rooms, widgets, and page settings. The copy is added to your dashboards without switching to it.","Создает полную копию «%1$s», включая все комнаты, виджеты и настройки страницы. Копия добавляется на ваши информационные панели без переключения на нее.",app fills in %1$s — keep them
ui_critical_04b7b26,,Critical,Критический,
ui_critical_low_5852b16,,%1$s critical · %2$s low,%1$s критический · %2$s низкий,app fills in %1$s %2$s — keep them
ui_critical_replace_soon_dbd946d,,Critical — replace soon,Критично — скоро замените,
ui_current_4fc0e2b,,Current,Текущий,
ui_current_88a0a02,,%1$s° current,%1$s° текущий,app fills in %1$s — keep them
ui_current_charge_b6b0b3d,,Current charge,Текущий заряд,
ui_current_e4ef83d,,Current %1$s%%,Текущий %1$s%%,app fills in %1$s — keep them
ui_current_weather_0fc6239,,Current weather,Текущая погода,
ui_currently_loaded_69ef6fb,,Currently loaded,В настоящее время загружено,
ui_custom_081ae3f,,Custom,Обычай,
ui_custom_buttons_c580449,,Custom buttons,Пользовательские кнопки,
ui_custom_camera_ada9096,,Custom Camera,Пользовательская камера,
ui_custom_camera_url_8191b15,,Custom camera URL,Пользовательский URL-адрес камеры,
ui_custom_ed17691,,Custom %1$s,Пользовательский %1$s,app fills in %1$s — keep them
ui_custom_entities_d6e76ae,,Custom entities,Пользовательские объекты,
ui_custom_name_6af17c2,,Custom name,Пользовательское имя,
ui_custom_order_a7a5984,,Custom order,Индивидуальный заказ,
ui_custom_seconds_7467e28,,Custom seconds,Пользовательские секунды,
ui_custom_state_378153b,,Custom state...,Пользовательское состояние...,
ui_custom_url_9c155e9,,Custom URL,Пользовательский URL-адрес,
ui_customize_device_energy_b754bb5,,Customize device energy,Настройте энергию устройства,
ui_customize_top_consumers_eb249c5,,Customize top consumers,Настройте ведущих потребителей,
ui_customize_water_devices_81ce5f6,,Customize water devices,Настройте водные устройства,
ui_d_6388bb3,,"%1$s d, %2$s","%1$s д, %2$s",app fills in %1$s %2$s — keep them
ui_daily_backup_is_active_111a631,,Daily backup is active,Ежедневное резервное копирование активно,
ui_dashboard_d87f47b,,Dashboard,Панель управления,
ui_dashboard_header_36d8656,,Dashboard header,Заголовок панели мониторинга,
ui_dashboard_name_466f3af,,Dashboard name,Название информационной панели,
ui_dashboard_width_and_card_shape_3fcad11,,Dashboard width and card shape,Ширина информационной панели и форма карточки,
ui_dashboards_197565b,,Dashboards,Панели мониторинга,
ui_dashboards_shared_by_your_family_import_to_add_a_8a6d06e,,Dashboards shared by your family. Import to add a copy to your dashboards; import again later to pull updates.,"Панели мониторинга доступны вашей семье. Импортируйте, чтобы добавить копию на свои информационные панели; импортируйте еще раз позже, чтобы получить обновления.",
ui_dashboards_visual_style_and_everyday_navigation_17f3ac2,,"Dashboards, visual style, and everyday navigation","Панели мониторинга, визуальный стиль и повседневная навигация",
ui_data_series_e5977fb,,Data series,Серия данных,
ui_data_sources_dadd6ac,,Data sources,Источники данных,
ui_date_eb9a4bc,,Date,Дата,
ui_datetime_f1e5baf,,DateTime,ДатаВремя,
ui_day_to_839bf92,,%1$s day%2$s to %3$s,С %1$s дней %2$s по %3$s,app fills in %1$s %2$s %3$s — keep them
ui_decrease_67e19d8,,Decrease,Снижаться,
ui_default_808d7dc,,Default,По умолчанию,
ui_default_effect_per_type_a4ce3c4,,Default effect per type,Эффект по умолчанию для каждого типа,
ui_default_view_343256a,,Default view,Вид по умолчанию,
ui_default_weather_entity_588d455,,Default weather entity,Объект погоды по умолчанию,
ui_defrosting_c3b2817,,Defrosting,Разморозка,
ui_delete_0c6013a,,"Delete ""%1$s""?","Удалить ""%1$s""?",app fills in %1$s — keep them
ui_delete_137cdc2,,Delete %1$s?,Удалить %1$s?,app fills in %1$s — keep them
ui_delete_automation_442d61c,,Delete automation?,Удалить автоматизацию?,
ui_delete_f6fdbe4,,Delete,Удалить,
ui_delete_floor_07c4a91,,Delete floor,Удалить этаж,
ui_delivered_eea956c,,Delivered,Доставленный,
ui_demo_mode_a85b728,,Demo mode,Демо-режим,
ui_description_55f8ebc,,Description,Описание,
ui_details_dc3decb,,Details,Подробности,
ui_detected_carbon_intensity_9983458,,Detected carbon intensity,Обнаруженная интенсивность углерода,
ui_device_8c01559,,Device: %1$s,Устройство: %1$s,app fills in %1$s — keep them
ui_device_a5a74a6,,Device,Устройство,
ui_device_details_39c277d,,Device details,Сведения об устройстве,
ui_device_details_eb36018,,DEVICE DETAILS,ДЕТАЛИ УСТРОЙСТВА,
ui_device_energy_79de3d8,,Device energy,Энергия устройства,
ui_device_helpers_6a8b199,,Device & helpers,Устройство и помощники,
ui_device_name_79d7a15,,Device name,Имя устройства,
ui_device_tracker_and_geocoded_location_f9e2d34,,Device tracker and geocoded location,Отслеживание устройств и геокодирование местоположения,
ui_devices_728190e,,devices,устройства,
ui_devices_df485c8,,Devices,Устройства,
ui_dialog_control_63e18cf,,Dialog control,Диалоговое управление,
ui_direction_5a47d4d,,Direction —,Направление -,
ui_disable_battery_optimization_d3201bf,,Disable Battery Optimization,Отключить оптимизацию батареи,
ui_disarmed_aaa4d9e,,Disarmed,Разоружен,
ui_discovered_acbb9e0,,Discovered,Обнаруженный,
ui_dismiss_70afe9e,,Dismiss,Увольнять,
ui_display_574ff9b,,Display,Отображать,
ui_display_linked_entities_and_dialog_layout_e6987f9,,"Display, linked entities, and dialog layout","Отображение, связанные объекты и макет диалога",
ui_display_mode_627bc30,,Display mode,Режим отображения,
ui_display_order_5f1293a,,Display order,Порядок отображения,
ui_done_e9b450d,,Done,Сделанный,
ui_door_locked_4b46012,,Door\nLocked,Дверь\nЗаблокировано,\n = line break
ui_door_open_74899a4,,Door\nOpen,Дверь\nОткрыть,\n = line break
ui_door_sensor_turns_lock_card_red_when_open_9bc1372,,Door sensor (turns lock card red when open),Датчик двери (при открытии карта замка становится красной),
ui_door_sensors_a7bb309,,Door sensors,Дверные датчики,
ui_double_tap_a268e89,,Double tap,Двойное нажатие,
ui_drag_horizontally_across_the_full_button_547ea8c,,Drag horizontally across the full button,Перетащите горизонтально через всю кнопку,
ui_drag_to_reorder_use_the_eye_button_to_hide_cd28b4c,,Drag to reorder. Use the eye button to hide an item or schedule when it shows.,"Перетащите, чтобы изменить порядок. Используйте кнопку с глазом, чтобы скрыть элемент или расписание, когда оно отображается.",
ui_drag_to_set_the_order_cameras_appear_on_the_7bcb4f5,,Drag to set the order cameras appear on the Security view.,"Перетащите, чтобы установить порядок отображения камер на экране «Безопасность».",
ui_drag_to_set_the_order_the_cards_appear_below_b6a92e4,,Drag to set the order the cards appear below the house on the Energy view.,"Перетащите, чтобы установить порядок отображения карт под домом на экране «Энергия».",
ui_drag_to_set_the_order_thermostats_and_ac_units_62d49e7,,Drag to set the order thermostats and AC units appear on the Climate view.,"Перетащите, чтобы установить порядок отображения термостатов и кондиционеров в представлении «Климат».",
ui_drying_7ea61a9,,Drying,Сушка,
ui_e_e0184ad,,E,Э,
ui_each_group_controls_one_part_of_this_page_286a40b,,Each group controls one part of this page,Каждая группа контролирует одну часть этой страницы.,
ui_each_home_keeps_its_own_login_dashboard_notification_conne_c261f94,,"Each home keeps its own login, dashboard, notification connection, and location registration","Каждый дом имеет свой собственный логин, панель управления, подключение для уведомлений и регистрацию местоположения.",
ui_edit_5301648,,Edit,Редактировать,
ui_edit_entities_485ee65,,Edit entities,Редактировать объекты,
ui_edit_page_17e45f8,,Edit page,Редактировать страницу,
ui_edit_sensors_6c38d51,,Edit sensors,Редактировать датчики,
ui_effects_8f25a85,,Effects,Эффекты,
ui_electricity_925cf7f,,Electricity,Электричество,
ui_electricity_total_c81c63f,,Electricity Total,Электроэнергия Всего,
ui_elevation_a514da1,,Elevation,Высота,
ui_empty_3159fe4,,Empty,Пустой,
ui_empty_bin_0cbe2d7,,Empty bin,Пустой контейнер,
ui_empty_bin_bcf05c4,,Empty bin: %1$s,Пустая корзина: %1$s,app fills in %1$s — keep them
ui_empty_bin_optional_fallback_e40b857,,Empty bin (optional fallback),Пустая корзина (необязательный резервный вариант),
ui_empty_iframe_open_its_settings_in_edit_mode_and_c17ba2f,,Empty iFrame — open its settings in edit mode and enter a web address.,Пустой iFrame — откройте его настройки в режиме редактирования и введите веб-адрес.,
ui_empty_markdown_widget_open_its_settings_in_edit_mode_b65072d,,Empty markdown widget — open its settings in edit mode to write content.,"Пустой виджет уценки — откройте его настройки в режиме редактирования, чтобы написать контент.",
ui_empty_stack_79d38d5,,Empty Stack,Пустой стек,
ui_enable_cloud_backup_32fe82b,,Enable cloud backup,Включить резервное копирование в облако,
ui_enable_home_assistant_backup_bd7cf62,,Enable Home Assistant backup,Включить резервное копирование Home Assistant,don't translate Home Assistant
ui_enable_the_features_hki_7_may_use_in_the_52e596d,,Enable the features HKI 7 may use in the background,"Включите функции, которые HKI 7 может использовать в фоновом режиме.",don't translate HKI 7
ui_enabled_e22fb09,,ENABLED,ВКЛЮЧЕНО,
ui_end_2a002eb,,End: %1$s,Конец: %1$s,app fills in %1$s — keep them
ui_energy_437bcb1,,Energy,Энергия,
ui_energy_cards_c84abda,,Energy Cards,Энергетические карты,
ui_energy_counters_imported_from_home_assistant_s_energy_dash_9dd23f9,,Energy counters imported from Home Assistant's Energy dashboard.,"Счетчики энергии, импортированные из информационной панели Energy Home Assistant.",don't translate Home Assistant
ui_energy_stack_cards_5ac4b4c,,Energy Stack Cards,Карты стопки энергии,
ui_energyscene_374cbbb,,energyScene,энергияСцена,
ui_enter_a_pin_4e6a960,,Enter a PIN,Введите PIN-код,
ui_enter_a_valid_json_object_00d1e89,,Enter a valid JSON object,Введите действительный объект JSON,
ui_enter_an_address_manually_5eda99d,,Enter an address manually,Введите адрес вручную,
ui_enter_code_ab45ae5,,Enter code,Введите код,
ui_enter_http_url_relative_path_or_webrtc_id_e_bb736eb,,"Enter HTTP URL, relative path, or WebRTC ID (e.g., poort_hd)","Введите URL-адрес HTTP, относительный путь или идентификатор WebRTC (например, Poort_hd).",
ui_enter_http_url_relative_path_or_webrtc_path_e_41da8c2,,"Enter HTTP URL, relative path, or WebRTC path (e.g., url: poort_hd)","Введите URL-адрес HTTP, относительный путь или путь WebRTC (например, URL-адрес: badt_hd).",
ui_enter_the_same_data_object_home_assistant_shows_in_f7e27af,,Enter the same data object Home Assistant shows in YAML. JSON is used here so values keep their exact type.,"Введите тот же объект данных Home Assistant, который отображается в YAML. Здесь используется JSON, поэтому значения сохраняют свой точный тип.",don't translate Home Assistant
ui_entities_390082d,,Entities · %1$s,Сущности · %1$s,app fills in %1$s — keep them
ui_entities_6510c2f,,Entities (%1$s),Сущности (%1$s),app fills in %1$s — keep them
ui_entities_9d88f3c,,entities,сущности,
ui_entities_appearance_and_interactions_b90b013,,"Entities, appearance, and interactions","Сущности, внешний вид и взаимодействия",
ui_entities_f7638a2,,Entities,Сущности,
ui_entities_that_signal_activity_or_safety_states_769b862,,Entities that signal activity or safety states,"Объекты, которые сигнализируют об активности или состояниях безопасности",
ui_entity_icons_gently_glow_spin_or_pulse_while_the_b3a8910,,"Entity icons gently glow, spin, or pulse while the device is on. Only active devices animate.","Значки объектов мягко светятся, вращаются или пульсируют, пока устройство включено. Анимируются только активные устройства.",
ui_entity_integrations_852a3e0,,Entity integrations,Интеграция сущностей,
ui_entity_name_9543eb8,,Entity name,Имя объекта,
ui_entity_picture_0569c68,,Entity picture,Изображение объекта,
ui_entity_unavailable_3974ddb,,Entity unavailable,Объект недоступен,
ui_event_ad8919a,,Event,Событие,
ui_every_contribution_helps_and_payment_is_never_required_1bc44f2,,"Every contribution helps, and payment is never required","Каждый вклад помогает, и оплата никогда не требуется",
ui_everyday_navigation_e2f1711,,Everyday navigation,Ежедневная навигация,
ui_everyone_c756f6a,,Everyone,Каждый,
ui_exact_text_or_number_reported_by_home_assistant_00e5cc6,,Exact text or number reported by Home Assistant,Точный текст или номер сообщил Home Assistant,don't translate Home Assistant
ui_example_com_or_https_8381ca6,,example.com or https://…,example.com или https://…,
ui_existing_camera_5fb3653,,Existing Camera,Существующая камера,
ui_exit_demo_mode_ab94122,,Exit Demo Mode,Выйти из демонстрационного режима,
ui_exit_full_screen_3d9afda,,Exit full screen,Выйти из полноэкранного режима,
ui_exiting_removes_the_sample_home_and_returns_to_the_05548e1,,"Exiting removes the sample home and returns to the welcome screen, where you can connect a real Home Assistant server.","При выходе образец дома удаляется и возвращается к экрану приветствия, где вы можете подключиться к реальному серверу Home Assistant.",don't translate Home Assistant
ui_expected_delivery_78d54b2,,Expected delivery,Ожидаемая доставка,
ui_expected_today_4af5600,,Expected today,Ожидается сегодня,
ui_external_url_or_nabu_casa_url_d2e1eed,,External URL or Nabu Casa URL,Внешний URL-адрес или URL-адрес Nabu Casa,don't translate Nabu Casa
ui_family_sharing_160fddb,,Family Sharing,Семейный доступ,
ui_family_sharing_settings_are_controlled_by_a_home_assistant_cdb35a2,,Family Sharing settings are controlled by a Home Assistant admin. You can use a dashboard shared with you below.,"Настройки семейного доступа контролируются администратором Home Assistant. Вы можете использовать панель управления, доступную вам ниже.",don't translate Home Assistant
ui_fan_ec38406,,Fan,Вентилятор,
ui_fan_modes_fbaa3df,,Fan & modes,Вентилятор и режимы,
ui_fans_73d38db,,Fans,Фанаты,
ui_fetch_climate_entities_from_home_assistant_again_a65f837,,Fetch climate entities from Home Assistant again.,Снова получите объекты климата из Home Assistant.,don't translate Home Assistant
ui_fetch_rooms_floors_and_their_entities_from_home_assistant_0d84305,,"Fetch rooms, floors, and their entities from Home Assistant again.","Снова получите комнаты, этажи и их объекты из Home Assistant.",don't translate Home Assistant
ui_fetch_security_entities_from_home_assistant_again_577b666,,Fetch security entities from Home Assistant again.,Снова получите объекты безопасности из Home Assistant.,don't translate Home Assistant
ui_fetch_the_home_assistant_energy_dashboard_configuration_ag_9180e9b,,Fetch the Home Assistant energy dashboard configuration again.,Снова получите конфигурацию информационной панели энергопотребления Home Assistant.,don't translate Home Assistant
ui_find_home_assistant_locally_c992bdf,,Find Home Assistant locally,Найдите Home Assistant локально,don't translate Home Assistant
ui_firmware_94fe490,,Firmware %1$s,Прошивка %1$s,app fills in %1$s — keep them
ui_five_simple_gestures_are_all_you_need_to_get_d4c2675,,Five simple gestures are all you need to get around HKI 7.,"Пять простых жестов — все, что вам нужно, чтобы обойти HKI 7.",don't translate HKI 7
ui_fixed_tab_10fe998,,Fixed tab,Фиксированная вкладка,
ui_floor_7db82f7,,Floor,Пол,
ui_floor_assignment_288a740,,Floor assignment,Назначение этажа,
ui_floor_name_e9d98d6,,Floor name,Название этажа,
ui_floor_settings_640cb8e,,Floor settings,Настройки пола,
ui_flowphase_101d9f0,,flowPhase,фаза потока,
ui_flows_1242655,,Flows,Потоки,
ui_focused_groups_keep_advanced_options_easy_to_find_44ac86e,,Focused groups keep advanced options easy to find,Целенаправленные группы позволяют легко найти расширенные варианты,
ui_font_family_54a1848,,Font family,Семейство шрифтов,
ui_font_size_ef89fc7,,Font size · %1$s%%,Размер шрифта · %1$s%%,app fills in %1$s — keep them
ui_fonts_ffe688a,,Fonts,Шрифты,
ui_force_high_refresh_rate_214de79,,Force high refresh rate,Принудительно высокая частота обновления,
ui_forecast_528bc4b,,Forecast,Прогноз,
ui_forecast_entities_c950412,,Forecast entities,Объекты прогноза,
ui_forget_selection_7864f34,,Forget selection,Забыть выбор,
ui_forward_ba4e722,,Forward,Вперед,
ui_from_ad3b521,,From %1$s,От %1$s,app fills in %1$s — keep them
ui_from_state_6c7eaef,,From state,Из штата,
ui_full_changelog_ae838e7,,Full changelog,Полный список изменений,
ui_full_controls_68749a5,,Full controls,Полный контроль,
ui_full_day_name_25ab7ee,,Full Day Name,Полное название дня,
ui_full_url_or_a_path_on_your_home_assistant_66f9c59,,Full URL or a path on your Home Assistant server (e.g. /local/vacuum.png),"Полный URL-адрес или путь на вашем сервере Home Assistant (например, /local/vacuum.png)",don't translate Home Assistant
ui_gas_ead9650,,Gas,Газ,
ui_generating_your_rooms_01654a1,,Generating your rooms,Создание ваших комнат,
ui_get_started_bd2cb05,,Get Started,Начать,
ui_give_a_humidifier_a_fan_select_input_select_to_860be4d,,"Give a humidifier a fan / select / input_select to control its speed; its options replace the humidifier's mode chips, and modes move to the dialog's nav bar.","Дайте увлажнителю вентилятор / select / input_select, чтобы контролировать его скорость; его параметры заменяют чипы режимов увлажнителя, а режимы перемещаются на панель навигации диалогового окна.",
ui_glow_6ae5a62,,glow,светиться,
ui_glowphase_748e6d6,,glowPhase,свечениеФаза,
ui_glowpulse_9269294,,glowPulse,свечениеПульс,
ui_good_61dedcf,,Good,Хороший,
ui_google_drive_07c2964,,Google Drive,Google Drive,don't translate Google Drive
ui_got_it_5b8027f,,Got it,Понятно,
ui_got_it_let_s_explore_107038f,,Got it — let's explore,Понятно — давайте разбираться,
ui_graph_sensor_c63cbb6,,Graph %1$s · %2$s sensor%3$s,График %1$s · %2$s датчик%3$s,app fills in %1$s %2$s %3$s — keep them
ui_graph_style_6acd980,,Graph Style,Стиль графика,
ui_graphs_7839947,,Graphs,Графики,
ui_grid_density_and_button_presentation_b7907e5,,Grid density and button presentation,Плотность сетки и представление кнопок,
ui_grid_density_width_and_tile_shape_267ad9a,,"Grid density, width, and tile shape","Плотность сетки, ширина и форма плитки",
ui_grid_phases_0a5eae5,,Grid & phases,Сетка и фазы,
ui_group_light_paused_for_manual_control_78d6b74,,%1$s group light%2$s paused for manual control.,%1$s групповой свет%2$s приостановлен для ручного управления.,app fills in %1$s %2$s — keep them
ui_group_related_cards_in_one_section_f978d2b,,Group related cards in one section,Сгруппируйте связанные карточки в одном разделе.,
ui_guide_motion_579dcaf,,guide_motion,Guide_motion,
ui_guide_progress_6138614,,guide_progress,guide_progress,
ui_gust_53f5da4,, (gust %1$s),(порыв %1$s),app fills in %1$s — keep them; keep the space at the start/end
ui_h_0be1674,,%1$sh,%1$sh,app fills in %1$s — keep them
ui_header_31341c6,,Header,Заголовок,
ui_header_appearance_40327c9,,Header appearance,Внешний вид заголовка,
ui_header_custom_color_rrggbb_1887d0a,,Header custom color (#RRGGBB),Пользовательский цвет заголовка (#RRGGBB),
ui_header_pill_d7520cf,,Header pill,Заголовок таблетки,
ui_header_text_7f71314,,Header text,Текст заголовка,
ui_header_text_f7593e7,,Header Text,Текст заголовка,
ui_header_wallpaper_url_or_path_25cf2b6,,Header wallpaper URL or path,URL-адрес или путь к обоям заголовка,
ui_heading_some_bold_text_a_list_item_one_item_b7f049b,,"# Heading\nSome **bold** text, a list:\n- item one\n- item two","# Заголовок\nКакой-то **жирный** текст, список:\n- пункт первый\n- пункт второй",\n = line break
ui_healthy_80ea156,,Healthy,Здоровый,
ui_heating_f2a3e6e,,Heating,Обогрев,
ui_height_3f608b4,,Height,Высота,
ui_help_the_project_without_buying_premium_e960d10,,Help the project without buying Premium,Помогите проекту не покупая Премиум,
ui_hidden_1364716,,%1$s hidden,%1$s скрыто,app fills in %1$s — keep them
ui_hidden_d4c2792,,Hidden,Скрытый,
ui_hidden_during_c0afbbc,,Hidden during,Скрыто во время,
ui_hidden_rooms_f621ba4,,Hidden rooms,Скрытые комнаты,
ui_hidden_items_advanced_title,,Hidden items (advanced),Скрытые элементы (дополнительно),
ui_hidden_items_advanced_hint,,Comma-separated list of button entity ids or badge/widget ids to hide from this person specifically. A button's id is its entity id; a badge or widget's id is shown in its own Appearance settings.,"Разделенный запятыми список идентификаторов объектов кнопок или идентификаторов значков/виджетов, которые нужно скрыть специально от этого человека. Идентификатор кнопки — это идентификатор ее объекта; идентификатор значка или виджета отображается в его собственных настройках внешнего вида.",
ui_hidden_views_3e16d85,,Hidden views,Скрытые виды,
ui_hide_certain_views_or_rooms_from_specific_people_to_f10458c,,Hide certain views or rooms from specific people to keep their dashboard simple. This is UX-level hiding — it does not restrict what they can do in Home Assistant itself.,"Скрывайте определенные виды или комнаты от определенных людей, чтобы их панель управления была простой. Это сокрытие на уровне UX — оно не ограничивает то, что они могут делать в самом Home Assistant.",don't translate Home Assistant
ui_hide_connection_notification_dcee06a,,Hide Connection Notification,Скрыть уведомление о подключении,
ui_hide_this_badge_or_schedule_when_it_appears_e149fbf,,"Hide this badge, or schedule when it appears",Скройте этот значок или запланируйте его появление,
ui_hide_this_button_or_schedule_when_it_appears_a28bf66,,"Hide this button, or schedule when it appears",Скройте эту кнопку или запланируйте ее появление,
ui_high_accuracy_mode_954d2c5,,High accuracy mode,Режим высокой точности,
ui_history_90ccd64,,History,История,
ui_hki_7_68a9e17,,HKI 7,HKI 7,don't translate HKI 7
ui_hki_7_collects_location_data_to_enable_presence_detection_2dda033,,HKI 7 collects location data to enable presence detection and zone-based ,"HKI 7 собирает данные о местоположении, чтобы обеспечить обнаружение присутствия и определение зоны.",don't translate HKI 7; keep the space at the start/end
ui_hki_7_logo_a445c44,,HKI 7 logo,Логотип HKI 7,don't translate HKI 7
ui_hki_7_turns_your_native_home_assistant_entities_rooms_c95b345,,"HKI 7 turns your native Home Assistant entities, rooms, automations, media, energy data, and services into a configurable mobile dashboard. It is designed to stay connected to Home Assistant as the source of truth while offering a distinct HKI interface.","HKI 7 превращает ваши собственные объекты Home Assistant, помещения, средства автоматизации, мультимедиа, данные об энергии и услуги в настраиваемую мобильную панель мониторинга. Он предназначен для постоянного подключения к Home Assistant как к источнику правды, предлагая при этом отдельный интерфейс HKI.","don't translate Home Assistant, HKI 7"
ui_hki_7_v_d5594a7,,HKI 7 v%1$s,HKI 7 v%1$s,app fills in %1$s — keep them; don't translate HKI 7
ui_home_and_rooms_are_always_shown_reorder_the_other_bea984a,,Home and Rooms are always shown. Reorder the other tabs with the arrows and toggle each on or off.,Дом и комнаты всегда отображаются. Измените порядок других вкладок с помощью стрелок и включите или выключите каждую из них.,
ui_home_assistant_backup_is_off_4524f2e,,Home Assistant backup is off,Резервное копирование Home Assistant отключено,don't translate Home Assistant
ui_home_assistant_c8fd3bb,,Home Assistant,Home Assistant,don't translate Home Assistant
ui_home_assistant_instances_b0de2f3,,Home Assistant instances,Home Assistant экземпляров,don't translate Home Assistant
ui_home_assistant_will_be_unavailable_briefly_while_it_restar_df30b45,,Home Assistant will be unavailable briefly while it restarts. Administrator access is required.,Home Assistant будет временно недоступен во время перезапуска. Требуется доступ администратора.,don't translate Home Assistant
ui_home_security_aa534f2,,HOME SECURITY,ДОМАШНЯЯ БЕЗОПАСНОСТЬ,
ui_home_wi_fi_names_comma_separated_b71c6ab,,Home Wi-Fi names (comma separated),Имена домашних сетей Wi-Fi (через запятую),
ui_hourly_forecast_50f6c9c,,Hourly forecast,Почасовой прогноз,
ui_how_this_control_communicates_state_ad17a3d,,How this control communicates state,Как этот элемент управления передает состояние,
ui_how_this_icon_animates_while_the_device_is_active_dffdaf5,,"How this icon animates while the device is active. ""Auto"" follows the global setting; the rest override it for this icon.","Как этот значок анимируется, пока устройство активно. «Авто» соответствует глобальной настройке; остальные переопределяют его для этого значка.",
ui_http_homeassistant_local_8123_67b2235,,http://homeassistant.local:8123,http://homeassistant.local:8123,
ui_http_url_relative_path_or_webrtc_name_e_g_dfc56c4,,"HTTP URL, relative path, or WebRTC name (e.g., url: poort_hd)","URL-адрес HTTP, относительный путь или имя WebRTC (например, URL-адрес: badt_hd)",
ui_https_1a66279,,https://…,https://…,
ui_https_example_ui_nabu_casa_4d97501,,https://example.ui.nabu.casa,https://example.ui.nabu.casa,
ui_humidifiers_aa38e2a,,Humidifiers,Увлажнители,
ui_humidifiers_are_found_automatically_from_the_humidifier_do_0717429,,Humidifiers are found automatically from the humidifier domain; add extra entities here if any are missing.,"Увлажнители находятся автоматически в домене увлажнителей; добавьте сюда дополнительные объекты, если они отсутствуют.",
ui_humidifying_5d5f6c5,,Humidifying,Увлажняющий,
ui_humidity_65adb9c,,Humidity,Влажность,
ui_humidity_control_devices_c7e4846,,Humidity control devices,Устройства контроля влажности,
ui_humidity_sensor_graphed_in_activity_5b792e1,,Humidity sensor (graphed in Activity),Датчик влажности (показано в разделе «Активность»),
ui_icon_716f63b,,Icon,Икона,
ui_icon_animation_5b1faae,,Icon animation,Анимация иконок,
ui_icon_animations_and_effects_db0dea4,,Icon animations and effects,Анимация иконок и эффекты,
ui_icon_eeaa97d,,Icon: %1$s,Значок: %1$s,app fills in %1$s — keep them
ui_icon_feedback_180b871,,Icon & feedback,Значок и отзыв,
ui_icons_edb8f6c,,Icons,Иконки,
ui_identity_7e5a975,,Identity,Личность,
ui_identity_and_connection_bee53f8,,Identity and connection,Личность и связь,
ui_identity_presentation_indicators_and_maintenance_d46fbf4,,"Identity, presentation, indicators, and maintenance","Идентичность, представление, индикаторы и обслуживание",
ui_idle_cc1ebdd,,Idle,Праздный,
ui_image_50e19fd,,Image,Изображение,
ui_image_style_size_shape_and_background_40c17b6,,"Image style, size, shape, and background","Стиль, размер, форма и фон изображения",
ui_image_url_or_path_ddd8d74,,Image URL or path,URL-адрес изображения или путь,
ui_import_d6fbc9d,,Import,Импорт,
ui_import_entities_that_have_not_been_edited_or_remove_6edde59,,"Import entities that have not been edited, or remove all climate edits and import from scratch.","Импортируйте объекты, которые не были отредактированы, или удалите все изменения климата и импортируйте их с нуля.",
ui_import_entities_that_have_not_been_edited_or_remove_9851b28,,"Import entities that have not been edited, or remove all security edits and import from scratch.","Импортируйте объекты, которые не были отредактированы, или удалите все изменения безопасности и импортируйте с нуля.",
ui_import_from_family_f9eb88d,,Import from family,Импорт из семьи,
ui_import_only_rooms_and_entities_that_have_not_been_478d449,,"Import only rooms and entities that have not been edited, or remove all edited rooms and floors and import everything from scratch.","Импортируйте только помещения и объекты, которые не были отредактированы, или удалите все отредактированные помещения и этажи и импортируйте все с нуля.",
ui_import_only_rooms_that_have_not_been_edited_or_d59bee5,,"Import only rooms that have not been edited, or rebuild everything. Rebuilding removes all edited rooms and floors before importing them from scratch.","Импортируйте только те комнаты, которые не редактировались, или перестройте все заново. При перестройке удаляются все отредактированные комнаты и этажи перед импортом их с нуля.",
ui_import_sensors_with_device_class_battery_and_unit_of_dfaced9,,Import sensors with device_class battery and unit_of_measurement %.,Импортируйте датчики с батареей device_class и unit_of_measurement %.,
ui_import_settings_that_have_not_been_edited_or_remove_2fc3850,,"Import settings that have not been edited, or remove all energy edits and import from scratch.","Импортируйте настройки, которые не были отредактированы, или удалите все изменения энергопотребления и импортируйте их с нуля.",
ui_import_unedited_4a58143,,Import unedited,Импортировать без изменений,
ui_imported_stacks_cannot_be_removed_in_auto_mode_hide_608f9ed,,"Imported stacks cannot be removed in auto mode. Hide the stack instead, or take over / switch to manual mode to delete it permanently.","Импортированные стопки невозможно удалить в автоматическом режиме. Вместо этого скройте стек или возьмите на себя управление или переключитесь в ручной режим, чтобы удалить его навсегда.",
ui_importing_820599d,,Importing…,Импорт…,
ui_importing_areas_and_entities_from_home_assistant_0e50b82,,Importing areas and entities from Home Assistant…,Импорт областей и объектов из Home Assistant…,don't translate Home Assistant
ui_incoming_outgoing_1815915,,%1$s incoming · %2$s outgoing%3$s,%1$s входящий · %2$s исходящий %3$s,app fills in %1$s %2$s %3$s — keep them
ui_incoming_outgoing_49b9c0b,,%1$s incoming · %2$s outgoing,%1$s входящий · %2$s исходящий,app fills in %1$s %2$s — keep them
ui_incorrect_pin_2de1d18,,Incorrect PIN,Неправильный PIN-код,
ui_increase_5a7fecf,,Increase,Увеличивать,
ui_individual_water_usage_21dd78c,,Individual water usage,Индивидуальное потребление воды,
ui_individual_widgets_ff1526f,,Individual widgets,Индивидуальные виджеты,
ui_indoor_average_53abf03,,INDOOR AVERAGE,ВНУТРЕННИЙ СРЕДНИЙ,
ui_indoor_comfort_7060319,,Indoor comfort,Комфорт в помещении,
ui_instance_name_e98a2eb,,Instance name,Имя экземпляра,
ui_interactions_0b3583e,,Interactions,Взаимодействия,
ui_internal_url_acab9b2,,Internal URL,Внутренний URL-адрес,
ui_interval_seconds_eaeeb46,,Interval seconds,Интервал в секундах,
ui_is_c24d775,, is,является,keep the space at the start/end
ui_item_corner_roundness_5032003,,Item corner roundness,Округлость угла изделия,
ui_items_cabff0b,,%1$s items,%1$s предметов,app fills in %1$s — keep them
ui_k_df46805,,%1$sK,%1$sK,app fills in %1$s — keep them
ui_keep_existing_edits_or_remove_all_battery_edits_and_acc0236,,"Keep existing edits, or remove all battery edits and import from scratch.","Сохраните существующие изменения или удалите все изменения, внесенные в аккумулятор, и импортируйте их с нуля.",
ui_keep_only_the_title_right_header_pill_and_back_7777651,,"Keep only the title, right header pill, and back button when a page has one.","Оставьте только заголовок, правый заголовок и кнопку «Назад», если она есть на странице.",
ui_keeps_a_connection_to_home_assistant_for_instant_notificat_ecaee7d,,Keeps a connection to Home Assistant for instant notifications,Поддерживает соединение с Home Assistant для мгновенных уведомлений.,don't translate Home Assistant
ui_keeps_presence_detection_and_zone_automations_working_andr_c48598a,,Keeps presence detection and zone automations working. Android should show ‘Allow all the time’.,Обеспечивает работу обнаружения присутствия и автоматизации зон. Android должен показывать «Разрешить все время».,
ui_keeps_your_device_location_updated_in_home_assistant_e295875,,Keeps your device location updated in Home Assistant,Обновляет местоположение вашего устройства в Home Assistant.,don't translate Home Assistant
ui_km_h_ede7178,,%1$s km/h,%1$s км/ч,app fills in %1$s — keep them
ui_languages_and_frameworks_used_by_the_android_app_fb4ac97,,Languages and frameworks used by the Android app,"Языки и платформы, используемые приложением Android",
ui_last_backup_05509f8,,Last backup %1$s,Последняя резервная копия %1$s,app fills in %1$s — keep them
ui_last_h_3faaee1,,Last %1$sh,Последний %1$sч.,app fills in %1$s — keep them
ui_last_run_b27f32a,,Last run %1$s,Последний запуск %1$s,app fills in %1$s — keep them
ui_layout_972ad8d,,Layout,Макет,
ui_leave_a_tip_5f90f10,,Leave a tip,Оставить чаевые,
ui_leave_empty_to_use_the_home_assistant_name_f769e92,,Leave empty to use the Home Assistant name,"Оставьте пустым, чтобы использовать имя Home Assistant.",don't translate Home Assistant
ui_leave_this_empty_for_local_only_access_add_an_cc6bf85,,Leave this empty for local-only access. Add an external or Nabu Casa URL to use HKI 7 away from home.,"Оставьте это поле пустым для локального доступа. Добавьте внешний URL-адрес или URL-адрес Nabu Casa, чтобы использовать HKI 7 вдали от дома.","don't translate Nabu Casa, HKI 7"
ui_left_8ae1c34,,Left,Левый,
ui_left_side_overflows_right_fc8533c,,Left side overflows right,Левая сторона переполняет правую,
ui_less_526cb74,,Less,Меньше,
ui_let_hki_7_create_the_first_version_for_you_dc36439,,Let HKI 7 create the first version for you.,Позвольте HKI 7 создать для вас первую версию.,don't translate HKI 7
ui_let_this_person_enter_edit_mode_667df39,,Let this person enter edit mode,Разрешить этому человеку войти в режим редактирования,
ui_level_7c7f5d0,,Level,Уровень,
ui_level_unavailable_a442183,,Level unavailable,Уровень недоступен,
ui_license_3229609,,License,Лицензия,
ui_light_is_turned_off_ebc0cf1,,Light is turned off,Свет выключен,
ui_lines_c6fd387,,Lines,Линии,
ui_link_a_device_to_auto_fill_the_humidifier_s_6f65010,,"Link a device to auto-fill the humidifier's helper entities, or set them by hand",Свяжите устройство для автоматического заполнения вспомогательных объектов увлажнителя или настройте их вручную.,
ui_link_a_speed_control_197d75a,,Link a speed control,Связать контроль скорости,
ui_linked_speed_control_optional_95fd680,,Linked speed control (optional),Связанное управление скоростью (опция),
ui_live_65c821a,,Live,Жить,
ui_live_6990f01,,LIVE,ЖИТЬ,
ui_live_indicators_11ef687,,Live indicators,Живые индикаторы,
ui_live_power_sensors_imported_from_home_assistant_s_configur_1b926f2,,Live power sensors imported from Home Assistant's configured Energy devices.,"Датчики активной мощности, импортированные из настроенных Home Assistant энергетических устройств.",don't translate Home Assistant
ui_loading_actions_260b0c0,,Loading actions…,Загрузка действий…,
ui_loading_actions_877bfd9,,Loading actions...,Загрузка действий...,
ui_loading_camera_50a8065,,Loading camera…,Загрузка камеры…,
ui_loading_device_a3fda88,,Loading device...,Загрузочное устройство...,
ui_local_file_576d5ac,,Local file,Локальный файл,
ui_local_network_optional_42aba01,,Local network (optional),Локальная сеть (необязательно),
ui_local_only_05ed059,,Local Only,Только местный,
ui_locating_e46bab0,,Locating…,Поиск…,
ui_location_access_3b68001,,Location access,Доступ к местоположению,
ui_location_d219c68,,Location,Расположение,
ui_location_unavailable_3a57dda,,Location Unavailable,Местоположение недоступно,
ui_lock_c37eb4c,,LOCK,ЗАМОК,
ui_locked_a798882,,Locked,Заблокировано,
ui_locks_the_screen_to_its_highest_refresh_rate_while_585256f,,Locks the screen to its highest refresh rate while the app is open (uses more battery).,"Блокирует экран на максимальной частоте обновления, пока приложение открыто (используется больше заряда батареи).",
ui_log_in_again_1ee6e18,,Log in again,Войдите снова,
ui_logging_in_again_keeps_your_dashboard_and_settings_9a8ed6f,,Logging in again keeps your dashboard and settings.,При повторном входе в систему сохраняется ваша панель управления и настройки.,
ui_logo_url_or_ha_local_path_optional_e795f06,,Logo URL or HA/local path (optional),URL-адрес логотипа или доступный/локальный путь (необязательно),
ui_logout_keep_config_32a0cfb,,Logout (Keep Config),Выход из системы (Сохранить конфигурацию),
ui_low_a124947,,Low,Низкий,
ui_low_ba7cae2,,%1$s low,%1$s низкий,app fills in %1$s — keep them
ui_low_batteries_41d22d9,,%1$s low batteries,%1$s низкий заряд батареи,app fills in %1$s — keep them
ui_low_plan_a_replacement_34435da,,Low — plan a replacement,Низкий — запланируйте замену,
ui_low_threshold_1ecfd8b,,Low threshold (%),Низкий порог (%),
ui_lunar_phase_301b75e,,Lunar phase,Лунная фаза,
ui_mail_92379cb,,Mail,Почта,
ui_maintenance_94de303,,Maintenance,Обслуживание,
ui_manage_items_d854c4b,,Manage items,Управление элементами,
ui_manage_order_411f2d9,,Manage order,Управлять заказом,
ui_managed_by_an_admin_805ae65,,Managed by an admin,Управляется администратором,
ui_manual_configuration_only_selected_entities_and_devices_ar_10e150b,,Manual configuration: only selected entities and devices are shown.,Ручная настройка: отображаются только выбранные объекты и устройства.,
ui_map_ab478f3,,Map,Карта,
ui_map_c5cc79f,,Map: %1$s,Карта: %1$s,app fills in %1$s — keep them
ui_map_camera_for_dialog_2bc4344,,Map camera (for dialog),Карта камеры (для диалога),
ui_map_status_sensors_and_control_bindings_8cc2dbd,,"Map, status sensors, and control bindings","Карта, датчики состояния и привязки элементов управления",
ui_map_unavailable_0ccd149,,Map unavailable,Карта недоступна,
ui_markdown_23e67fc,,Markdown,Уценка,
ui_matching_entities_are_added_automatically_by_home_assistan_07ebdac,,Matching entities are added automatically by Home Assistant device class. Add any missing or custom entities here.,Соответствующие объекты добавляются автоматически классом устройств Home Assistant. Добавьте сюда недостающие или пользовательские объекты.,don't translate Home Assistant
ui_media_0c77aee,,Media,СМИ,
ui_media_browsing_isn_t_available_for_this_player_e068417,,Media browsing isn't available for this player.,Просмотр мультимедиа недоступен для этого проигрывателя.,
ui_media_library_b9c5845,,Media library,Медиатека,
ui_media_players_a4b8cf2,,Media players,Медиаплееры,
ui_media_players_ec25525,,Media Players,Медиаплееры,
ui_messages_safety_and_portability_ee58dfe,,"Messages, safety, and portability","Сообщения, безопасность и портативность",
ui_messages_sent_to_this_device_via_home_assistant_s_87e4a32,,Messages sent to this device via\nHome Assistant's notify service appear here.,"Сообщения, отправленные на это устройство через\nЗдесь отображается служба уведомлений Home Assistant.",don't translate Home Assistant; \n = line break
ui_meteorological_tap_or_swipe_3f3d67e,,Meteorological · tap or swipe,Метеорологические · коснитесь или проведите пальцем по экрану,
ui_meter_readings_a3c12c4,,Meter readings,Показания счетчика,
ui_mixed_climate_5d22eb9,,Mixed climate,Смешанный климат,
ui_mm_ce9b88b,,%1$s mm,%1$s мм,app fills in %1$s — keep them
ui_mmm_d_9367bcf,,"%1$s, MMM d","%1$s, МММ д",app fills in %1$s — keep them
ui_mode_a7b93d2,,Mode,Режим,
ui_modes_6fc3ca8,,MODES,РЕЖИМЫ,
ui_modes_79f5b22,,Modes,Режимы,
ui_monitoring_a814345,,Monitoring,Мониторинг,
ui_moon_846b902,,Moon,Луна,
ui_move_down_260ff8a,,Move down,Двигаться вниз,
ui_move_up_b4f57cd,,Move up,Вверх,
ui_mozilla_public_license_2_0_mpl_2_0_4ec8335,,Mozilla Public License 2.0 (MPL-2.0),Общественная лицензия Mozilla 2.0 (MPL-2.0),
ui_multiple_climate_values_are_averaged_separate_sensor_value_cfccbf4,,Multiple climate values are averaged. Separate sensor values are averaged only when no climate source is selected.,"Несколько климатических значений усредняются. Отдельные значения датчиков усредняются только в том случае, если не выбран источник климата.",
ui_mywifi_mywifi_5g_2a163c1,,"MyWiFi, MyWiFi-5G","МойWiFi, МойWiFi-5G",
ui_n_b51a607,,N,Н,
ui_name_709a232,,Name,Имя,
ui_name_a_z_257c1c4,,Name A-Z,Имя от А до Я,
ui_name_and_icon_shown_above_this_container_9076bde,,Name and icon shown above this container,Имя и значок отображаются над этим контейнером.,
ui_name_and_icon_shown_above_this_floor_3755eda,,Name and icon shown above this floor,Имя и значок показаны над этим этажом.,
ui_name_and_icon_used_throughout_the_app_bed8e83,,Name and icon used throughout the app,"Имя и значок, используемые во всем приложении.",
ui_name_optional_9c9f03a,,Name (optional),Имя (необязательно),
ui_name_subtitle_and_navigation_icon_3f2e8c4,,"Name, subtitle, and navigation icon","Название, подзаголовок и значок навигации",
ui_name_this_device_4d603e2,,Name this device,Назовите это устройство,
ui_name_width_and_icon_a4d694b,,"Name, width, and icon","Имя, ширина и значок",
ui_name_z_a_daabfb6,,Name Z-A,Имя Z-A,
ui_native_home_assistant_automations_always_in_sync_ae8941e,,"Native Home Assistant automations, always in sync","Собственные средства автоматизации Home Assistant, всегда синхронизированные",don't translate Home Assistant
ui_navigation_bar_e90e3de,,Navigation Bar,Панель навигации,
ui_network_routes_for_1d18efd,,Network routes for %1$s,Сетевые маршруты для %1$s,app fills in %1$s — keep them
ui_never_sent_to_the_developer_or_to_any_third_f0479e9,,"never sent to the developer or to any third party, and you can turn this ","никогда не отправлялся разработчику или какой-либо третьей стороне, и вы можете включить это",keep the space at the start/end
ui_never_triggered_c91b347,,Never triggered,Никогда не срабатывал,
ui_new_dashboard_4d3c071,,New Dashboard,Новая панель управления,
ui_new_floor_1389094,,New floor,Новый этаж,
ui_new_flow_d4cef94,,New flow,Новый поток,
ui_next_camera_14994be,,Next camera,Следующая камера,
ui_no_active_parcels_or_mail_6c9d49c,,No active parcels or mail.,Никаких активных посылок и почты.,
ui_no_activity_in_this_period_5cb3978,,No activity in this period,Никакой активности в этот период,
ui_no_adaptive_lighting_profiles_are_currently_available_6d29642,,No Adaptive Lighting profiles are currently available.,В настоящее время профили адаптивного освещения недоступны.,
ui_no_air_purifiers_configured_add_fan_entities_under_climate_fd229a8,,No air purifiers configured. Add fan entities under Climate Settings → Climate Entities → Air purifiers.,Очистители воздуха не настроены. Добавьте объекты вентиляторов в разделе «Настройки климата» → «Объекты климата» → «Очистители воздуха».,
ui_no_alarm_585ad82,,No alarm,Нет будильника,
ui_no_announced_letters_4382408,,No announced letters.,Никаких анонсированных писем.,
ui_no_archived_notifications_ed5604b,,No archived notifications,Нет архивированных уведомлений,
ui_no_battery_entities_found_turn_off_battery_filtering_to_dfbc403,,No Battery+ entities found. Turn off Battery+ filtering to show all battery sensors.,"Объекты Battery+ не найдены. Отключите фильтрацию Battery+, чтобы отобразить все датчики заряда батареи.",
ui_no_battery_sensors_found_7cc0962,,No battery sensors found.,Датчики аккумулятора не обнаружены.,
ui_no_camera_selected_717ad35,,No camera selected,Камера не выбрана,
ui_no_carbon_intensity_sensor_found_on_this_device_140bf09,,No carbon intensity sensor found on this device,На этом устройстве не найден датчик интенсивности выбросов углекислого газа.,
ui_no_cards_yet_open_the_stack_settings_to_pick_021dada,,No cards yet — open the stack settings to pick energy cards.,"Карт пока нет — откройте настройки стека, чтобы выбрать карты энергии.",
ui_no_cards_yet_open_the_stack_settings_to_pick_ca8008f,,No cards yet — open the stack settings to pick climate cards.,"Карт пока нет — откройте настройки стека, чтобы выбрать климатические карты.",
ui_no_climate_data_37d45e0,,No climate data,Нет климатических данных,
ui_no_climate_devices_found_thermostats_and_ac_units_from_2e47541,,No climate devices found. Thermostats and AC units from Home Assistant appear here automatically.,Климатических устройств не обнаружено. Здесь автоматически появляются термостаты и кондиционеры от Home Assistant.,don't translate Home Assistant
ui_no_collections_in_the_next_7_days_6d48bf4,,No collections in the next 7 days.,В ближайшие 7 дней сборов не будет.,
ui_no_conditions_this_flow_always_continues_c95e76f,,No conditions — this flow always continues,Никаких условий — этот поток всегда продолжается,
ui_no_dashboards_have_been_shared_with_you_yet_ask_38b2c0d,,"No dashboards have been shared with you yet. Ask an admin to share one, or pick another option above.",Вам еще не предоставили доступ ни к одной информационной панели. Попросите администратора поделиться им или выберите другой вариант выше.,
ui_no_dashboards_have_been_shared_with_you_yet_ask_877080a,,No dashboards have been shared with you yet. Ask an admin to share one.,Вам еще не предоставили доступ ни к одной информационной панели. Попросите администратора поделиться им.,
ui_no_data_d802d23,,No data,Нет данных,
ui_no_door_sensor_f6b60c8,,No door sensor,Нет датчика двери,
ui_no_energy_sensors_found_eeecdec,,No energy sensors found.,Датчики энергии не обнаружены.,
ui_no_events_e339ba7,,No events,Нет событий,
ui_no_fans_found_fan_entities_from_home_assistant_appear_279dab7,,No fans found. Fan entities from Home Assistant appear here automatically.,Поклонников не обнаружено. Фанаты из Home Assistant появляются здесь автоматически.,don't translate Home Assistant
ui_no_forecast_available_ed48809,,No forecast available,Нет прогноза,
ui_no_graphs_yet_open_the_stack_settings_to_add_87f742f,,No graphs yet — open the stack settings to add sensor graphs.,"Графиков пока нет — откройте настройки стека, чтобы добавить графики датчиков.",
ui_no_heading_162947f,,No heading,Нет заголовка,
ui_no_hourly_forecast_available_9ef5a5f,,No hourly forecast available,Нет почасового прогноза,
ui_no_humidifiers_found_humidifier_entities_from_home_assista_eeadbd7,,No humidifiers found. Humidifier entities from Home Assistant appear here automatically; extras can be added in Climate Settings.,Увлажнители не найдены. Объекты увлажнителя из Home Assistant появляются здесь автоматически; дополнительные возможности можно добавить в настройках климата.,don't translate Home Assistant
ui_no_individual_water_devices_configured_d0060ba,,No individual water devices configured.,Отдельные водяные устройства не настроены.,
ui_no_letter_image_available_eeb42c0,,No letter image available,Нет изображения буквы,
ui_no_map_camera_configured_d72057b,,No map camera\nconfigured,Нет картографической камеры\nнастроен,\n = line break
ui_no_map_camera_set_configure_in_button_settings_b54466c,,No map camera set.\nConfigure in button settings.,Карта-камера не установлена.\nНастройте в настройках кнопки.,\n = line break
ui_no_matches_cd0af6c,,No matches,Нет совпадений,
ui_no_matching_automations_4489522,,No matching automations,Нет соответствующей автоматизации,
ui_no_media_players_found_1248a89,,No media players found.,Медиаплееры не найдены.,
ui_no_native_home_assistant_automations_found_725a043,,No native Home Assistant automations found,Собственные средства автоматизации Home Assistant не найдены.,don't translate Home Assistant
ui_no_non_admin_users_found_on_this_home_assistant_e9e665d,,No non-admin users found on this Home Assistant.,"На этом Home Assistant не обнаружено пользователей, не являющихся администраторами.",don't translate Home Assistant
ui_no_notifications_a72159d,,No Notifications,Нет уведомлений,
ui_no_notifications_b08626f,,No notifications,Нет уведомлений,
ui_no_options_available_7a19b6d,,No options available,Нет доступных вариантов,
ui_no_other_entities_on_this_device_fbc481b,,No other entities on this device.,На этом устройстве нет других объектов.,
ui_no_other_users_found_on_this_home_assistant_cb89d3d,,No other users found on this Home Assistant.,На этом Home Assistant других пользователей не найдено.,don't translate Home Assistant
ui_no_parcel_selected_922a402,,No parcel selected,Посылка не выбрана,
ui_no_parcels_cf4c0a0,,No %1$s parcels.,Нет посылок %1$s.,app fills in %1$s — keep them
ui_no_phase_sensors_configured_in_energy_settings_b88c1dc,,No phase sensors configured in Energy Settings.,В настройках энергопотребления не настроены датчики фазы.,
ui_no_power_sensors_found_caf2e07,,No power sensors found.,Датчики мощности не обнаружены.,
ui_no_power_sensors_found_on_this_device_or_its_942e9be,,No power sensors found on this device (or its sub-devices) yet.,На этом устройстве (или его дочерних устройствах) пока не обнаружено датчиков мощности.,
ui_no_profile_available_98d6e00,,No profile available,Нет доступного профиля,
ui_no_sensors_found_edacf22,,No %1$s sensors found.,Датчики %1$s не найдены.,app fills in %1$s — keep them
ui_no_sensors_selected_open_the_widget_settings_in_edit_cd87a2e,,No sensors selected — open the widget settings in edit mode.,Датчики не выбраны — откройте настройки виджета в режиме редактирования.,
ui_no_servers_found_yet_make_sure_you_re_on_7e6832d,,"No servers found yet. Make sure you're on the same Wi-Fi, or enter the address below.","Серверы пока не найдены. Убедитесь, что вы подключены к той же сети Wi-Fi, или введите адрес ниже.",
ui_no_speed_control_linked_cb0e9ad,,No speed control linked,Нет привязки к регулированию скорости,
ui_no_status_history_enable_parcel_history_in_the_integration_302ca4a,,No status history (enable parcel history in the integration options),Нет истории статусов (включите историю посылок в настройках интеграции),
ui_no_stream_available_0535c4e,,No stream available,Нет доступного потока,
ui_no_stream_available_6bfd14a,,No Stream Available,Нет доступных потоков,
ui_no_supported_alarm_modes_reported_by_this_entity_588b22a,,No supported alarm modes reported by this entity,Этот объект не сообщил о поддерживаемых режимах сигнализации.,
ui_no_target_f919b89,,No target,Нет цели,
ui_no_tariff_sensors_configured_in_energy_settings_2ad6a3c,,No tariff sensors configured in Energy Settings.,В настройках энергопотребления не настроены датчики тарифов.,
ui_no_thanks_6d745b3,,No thanks,"Нет, спасибо",
ui_no_upcoming_collections_feff2a6,,No upcoming collections,Нет предстоящих коллекций,
ui_no_waste_sensors_selected_68b51ce,,No waste sensors selected,Датчики отходов не выбраны,
ui_no_waste_sensors_selected_add_them_via_the_widget_554ff3d,,No waste sensors selected. Add them via the widget settings in edit mode.,Датчики отходов не выбраны. Добавьте их через настройки виджета в режиме редактирования.,
ui_no_weather_cards_ce32255,,No weather cards,Нет карт погоды,
ui_no_weather_entity_available_7476bcb,,No weather entity available,Нет данных о погоде,
ui_no_widgets_match_73a3c20,,"No widgets match ""%1$s""","Нет виджетов, соответствующих ""%1$s""",app fills in %1$s — keep them
ui_none_6eef664,,None,Никто,
ui_none_auto_cc8786f,,None / Auto,Нет/Авто,
ui_none_modes_stay_as_the_only_control_b62bff7,,None — modes stay as the only control,Нет — режимы остаются единственным элементом управления.,
ui_none_of_your_configured_carriers_support_adding_a_parcel_21dc0a4,,"None of your configured carriers support adding a parcel by tracking number. Account-based carriers (PostNL, DPD, DHL) only track what's already in your account.","Ни один из настроенных вами операторов связи не поддерживает добавление посылки по номеру отслеживания. Операторы связи на основе учетной записи (PostNL, DPD, DHL) отслеживают только то, что уже находится в вашей учетной записи.",
ui_none_selected_5798946,,None selected,Ничего не выбрано,
ui_none_timer_follows_the_completion_time_only_09d470a,,None — timer follows the completion time only,Нет — таймер следует только за временем завершения.,
ui_not_enough_data_cdb9d58,,Not enough data,Недостаточно данных,
ui_not_enough_data_in_this_period_48188c4,,Not enough data in this period,Недостаточно данных за этот период,
ui_not_loaded_by_home_assistant_95f811a,,Not loaded by Home Assistant,Не загружено Home Assistant,don't translate Home Assistant
ui_not_set_93039e6,,Not set,Не установлено,
ui_nothing_here_7f42022,,Nothing here.,Ничего здесь.,
ui_nothing_hidden_fd1cdd3,,Nothing hidden,Ничего скрытого,
ui_nothing_is_shared_yet_fca61d0,,Nothing is shared yet.,Пока ничего не опубликовано.,
ui_nothing_removed_d67902f,,Nothing removed.,Ничего не удалено.,
ui_nothing_removed_use_edit_mode_on_the_climate_page_dd07910,,Nothing removed. Use edit mode on the Climate page to remove cards; they land here and can be restored.,"Ничего не удалено. Используйте режим редактирования на странице «Климат», чтобы удалить карточки; они приземляются здесь и могут быть восстановлены.",
ui_nothing_to_reorder_yet_cdcbb36,,Nothing to reorder yet.,Перезаказывать пока нечего.,
ui_notification_c18f8f2,,Notification,Уведомление,
ui_notifications_753a22b,,Notifications,Уведомления,
ui_notifications_are_delivered_over_the_app_s_live_connection_d2aa965,,Notifications are delivered over the app's live connection whenever it is open — send them from Home Assistant with the notify service for this device. Swipe in from the left edge to see the history.,"Уведомления доставляются через живое соединение приложения всякий раз, когда оно открыто — отправляйте их с Home Assistant с помощью службы уведомлений для этого устройства. Проведите пальцем от левого края, чтобы просмотреть историю.",don't translate Home Assistant
ui_now_e3b8204,,Now,Сейчас,
ui_of_3_enabled_5cdedd4,,%1$s of 3 enabled,%1$s из 3 включено,app fills in %1$s — keep them
ui_of_home_fdfd824,,%1$s%% of home,%1$s%% дома,app fills in %1$s — keep them
ui_off_ad50489,,OFF,ВЫКЛЮЧЕННЫЙ,
ui_off_at_any_time_in_android_settings_4607e2c,,off at any time in Android settings.,выключить в любой момент в настройках Android.,
ui_off_e3de5ab,,Off,Выключенный,
ui_ok_9ce3bd4,,OK,ХОРОШО,
ui_on_12469c7,,On - %1$s%%,Включено - %1$s%%,app fills in %1$s — keep them
ui_on_387d7a5,,ON,НА,
ui_on_e0049a6,,On,На,
ui_on_f9ca2fe,,%1$s%% • ON,%1$s%% • ВКЛ.,app fills in %1$s — keep them
ui_on_these_wi_fi_networks_the_app_connects_via_82d3f1f,,On these Wi-Fi networks the app connects via the internal URL; everywhere else it uses the main server URL above.,В этих сетях Wi-Fi приложение подключается через внутренний URL-адрес; везде он использует указанный выше URL-адрес основного сервера.,
ui_on_this_device_a7f9620,,On this device,На этом устройстве,
ui_onboard_step_fefaac1,,onboard_step,onboard_step,
ui_only_percentage_sensors_classified_by_home_assistant_as_ba_0d94a2a,,Only percentage sensors classified by Home Assistant as batteries are imported. ,"Импортируются только процентные датчики, классифицированные Home Assistant как батареи.",don't translate Home Assistant; keep the space at the start/end
ui_only_show_battery_entities_and_include_battery_type_detail_b216867,,Only show Battery+ entities and include battery type details,Показывать только объекты Battery+ и включать сведения о типе батареи.,
ui_only_show_battery_entities_and_include_type_quantity_and_0d8ce40,,"Only show Battery+ entities and include type, quantity, and related battery info.","Отображайте только объекты Battery+ и указывайте тип, количество и соответствующую информацию о батарее.",
ui_open_camera_full_screen_afc186b,,Open camera full screen,Открыть камеру на весь экран,
ui_open_cf9b770,,Open,Открыть,
ui_open_history_for_graph_ae801d5,,Open history for graph,Открыть историю графика,
ui_open_link_d2de1a2,,Open link,Открыть ссылку,
ui_open_source_and_premium_licensing_0328125,,Open-source and premium licensing,Лицензирование с открытым исходным кодом и премиум-лицензирование,
ui_open_the_component_on_github_c1e5ee5,,Open the component on GitHub,Откройте компонент на GitHub.,
ui_open_this_panel_by_swiping_left_from_the_upper_671e63c,,Open this panel by swiping left from the upper-right edge of any page header.,"Откройте эту панель, проведя пальцем влево от правого верхнего края заголовка любой страницы.",
ui_opening_dashboard_8e99930,,Opening dashboard…,Открытие панели управления…,
ui_openstreetmap_fa78a33,,OpenStreetMap,OpenStreetMap,
ui_optional_context_shown_by_the_lock_card_03f6814,,Optional context shown by the lock card,"Дополнительный контекст, отображаемый карточкой блокировки",
ui_optional_controls_and_sensors_for_richer_dialogs_7a80e7b,,Optional controls and sensors for richer dialogs,Дополнительные элементы управления и датчики для более насыщенных диалогов.,
ui_optional_display_name_and_icon_override_f7a6cda,,Optional display name and icon override,Необязательное переопределение отображаемого имени и значка,
ui_optional_fields_passed_to_home_assistant_54dffc6,,Optional fields passed to Home Assistant,"Необязательные поля, передаваемые в Home Assistant",don't translate Home Assistant
ui_optional_label_shown_when_name_is_enabled_above_8229e92,,"Optional label shown when ""Name"" is enabled above","Дополнительная метка, отображаемая, когда выше включено «Имя»",
ui_optional_name_and_icon_overrides_5dfd062,,Optional name and icon overrides,Необязательные переопределения имени и значка,
ui_optional_name_and_icon_shown_above_this_stack_272f237,,Optional name and icon shown above this stack,"Необязательное имя и значок, отображаемые над этой стопкой.",
ui_optional_premium_5ae8183,,Optional Premium,Дополнительный Премиум,
ui_optional_support_for_development_and_testing_costs_5d6af95,,Optional support for development and testing costs,Дополнительная поддержка затрат на разработку и тестирование.,
ui_optional_title_and_dashboard_width_e04c6e8,,Optional title and dashboard width,Дополнительная ширина заголовка и информационной панели,
ui_optional_title_width_and_supported_shape_8b2e456,,"Optional title, width, and supported shape","Необязательный заголовок, ширина и поддерживаемая форма",
ui_options_6bf5da9,,Options,Параметры,
ui_organization_519255a,,Organization,Организация,
ui_oscillate_3d3c9bd,,Oscillate,колебаться,
ui_outside_cbbef8c,,OUTSIDE,СНАРУЖИ,
ui_outside_is_never_auto_detected_either_link_a_weather_eb8cc14,,"Outside is never auto-detected. Either link a weather entity (it usually carries temperature, humidity and pressure) or pick individual outdoor sensors below. The temperature feeds the Outside tile and the hero's outside reading.","Снаружи никогда не определяется автоматически. Либо свяжите погодный объект (обычно он измеряет температуру, влажность и давление), либо выберите отдельные наружные датчики ниже. Температура влияет на тайл «Снаружи» и показания героя снаружи.",
ui_outside_weather_entity_98e8465,,Outside weather entity,Внешняя погода,
ui_page_areas_1068b64,,Page areas,Области страницы,
ui_page_icon_b58a288,,Page icon,Значок страницы,
ui_page_identity_dafa8dd,,Page identity,Идентичность страницы,
ui_page_name_c99f51a,,Page name,Название страницы,
ui_page_settings_0a44afc,,Page settings,Настройки страницы,
ui_page_subtitle_8a04084,,Page subtitle,Подзаголовок страницы,
ui_parcel_9ddaaee,,Parcel,Посылка,
ui_parcels_16129ec,,Parcels,Посылки,
ui_parental_controls_c4f61d0,,Parental controls,Родительский контроль,
ui_parental_controls_dashboard_sharing_and_permissions_b74e0c0,,"Parental controls, dashboard sharing, and permissions","Родительский контроль, общий доступ к панели управления и разрешения",
ui_parental_controls_sharing_needs_the_hki_7_cloud_component_7929459,,Parental controls & sharing — needs the HKI 7 Cloud component,Родительский контроль и обмен — требуется компонент HKI 7 Cloud.,don't translate HKI 7 Cloud
ui_pause_781961b,,Pause,Пауза,
ui_pause_adaptation_821b33e,,Pause adaptation,Приостановить адаптацию,
ui_pending_timer_dbf15fa,,Pending timer,Ожидающий таймер,
ui_people_b37554f,,People,Люди,
ui_permission_needed_7c7a8e5,,Permission needed,Требуется разрешение,
ui_permissions_d06d555,,Permissions,Разрешения,
ui_person_settings_977e009,,Person settings,Настройки человека,
ui_personal_information_used_throughout_hki_7_b7d1b08,,Personal information used throughout HKI 7,"Личная информация, используемая в HKI 7",don't translate HKI 7
ui_personalize_7602b35,,Personalize,Персонализация,
ui_persons_order_9fe91dc,,Persons order,Заказ персон,
ui_phase_17619b8,,Phase %1$s,Фаза %1$s,app fills in %1$s — keep them
ui_pick_a_carbon_footprint_device_ea1fe94,,Pick a carbon footprint device,Выберите устройство с выбросами углекислого газа,
ui_pick_a_device_to_auto_fill_the_sensors_below_f396326,,Pick a device to auto-fill the sensors below,Выберите устройство для автоматического заполнения датчиков ниже.,
ui_pick_a_source_device_or_fine_tune_individual_roles_beb54f5,,Pick a source device or fine-tune individual roles,Выберите исходное устройство или настройте отдельные роли.,
ui_pick_a_starting_point_everything_remains_editable_340924e,,Pick a starting point; everything remains editable,Выберите отправную точку; все остается редактируемым,
ui_pickup_b6da461,,Pickup: %1$s,Самовывоз: %1$s,app fills in %1$s — keep them
ui_pin_3adadd3,,PIN,ПРИКОЛОТЬ,
ui_place_this_room_in_the_correct_floor_group_52c044a,,Place this room in the correct floor group,Поместите эту комнату в правильную группу этажей.,
ui_placement_ab89d05,,Placement,Размещение,
ui_playback_c8e3087,,Playback,Воспроизведение,
ui_player_e53407c,,Player,Игрок,
ui_players_summarized_by_the_room_header_and_card_729ea70,,Players summarized by the room header and card,"Игроки, суммированные по заголовку комнаты и карточке",
ui_please_wait_5afeca7,,Please wait…,"Пожалуйста, подождите…",
ui_position_d0b0314,,POSITION,ПОЗИЦИЯ,
ui_postal_code_optional_b86b6a2,,Postal code (optional),Почтовый индекс (необязательно),
ui_power_c2b6b52,,POWER,ВЛАСТЬ,
ui_power_overview_a204dd7,,Power overview,Обзор мощности,
ui_power_per_phase_1f38fb0,,Power per phase,Мощность на фазу,
ui_precipitation_60d5e73,,Precipitation,Осадки,
ui_premium_icon_packs_animated_icons_and_artwork_premium_them_6363fef,,"Premium icon packs, animated icons and artwork, premium themes, entitlement services, and any separately marked premium modules are not covered by MPL-2.0. They remain proprietary and are licensed for personal use through a valid Premium entitlement.","Пакеты значков премиум-класса, анимированные значки и графические изображения, темы премиум-класса, службы предоставления прав и любые отдельно отмеченные модули премиум-класса не подпадают под действие MPL-2.0. Они остаются собственностью и лицензируются для личного использования посредством действующего права на Премиум.",
ui_presets_6891289,,PRESETS,ПРЕСЕТЫ,
ui_presets_e709e76,,Presets,Пресеты,
ui_press_ea683ad,,Press,Нажимать,
ui_prevents_android_from_delaying_battery_charging_and_presen_623b898,,"Prevents Android from delaying battery, charging, and presence updates while the device is idle.","Предотвращает задержку обновлений батареи, зарядки и присутствия Android, пока устройство находится в режиме ожидания.",
ui_previous_camera_5014da7,,Previous camera,Предыдущая камера,
ui_produced_5028c07,,Produced %1$s,Произведено %1$s,app fills in %1$s — keep them
ui_production_overview_fbbfc38,,Production overview,Обзор производства,
ui_profile_ff4fc02,,Profile,Профиль,
ui_profile_switches_affect_every_light_assigned_to_19ba9ec,,Profile switches affect every light assigned to %1$s.,"Переключатели профилей влияют на каждый источник света, назначенный %1$s.",app fills in %1$s — keep them
ui_profiles_0c2a930,,Profiles,Профили,
ui_project_information_licensing_and_community_support_9fc47d6,,"Project information, licensing, and community support","Информация о проекте, лицензирование и поддержка сообщества",
ui_publish_one_of_your_dashboards_to_your_family_recipients_88c1d49,,Publish one of your dashboards to your family. Recipients import it from Settings › Dashboard and can pull updates later. Set what they may change under Permissions.,"Опубликуйте одну из своих информационных панелей для своей семьи. Получатели импортируют его из «Настройки» > «Панель управления» и могут получать обновления позже. Установите, что они могут изменить в разделе «Разрешения».",
ui_published_to_your_family_33fc8da,,Published to your family,Опубликовано для вашей семьи,
ui_pulse_8439fc4,,pulse,пульс,
ui_pulsescale_939f5c2,,pulseScale,ПульсШкала,
ui_push_delivery_and_history_aa3e29d,,Push delivery and history,Push-доставка и история,
ui_push_my_changes_now_ddff3f6,,Push my changes now,Отправить мои изменения сейчас,
ui_pushing_3c52088,,Pushing…,Толкая…,
ui_quick_actions_e47e804,,Quick actions,Быстрые действия,
ui_quick_start_gesture_23ee6fe,,quick_start_gesture,fast_start_gesture,
ui_rain_0a858c9,,Rain,Дождь,
ui_rain_map_7c1862a,,Rain map,Карта дождя,
ui_rain_map_image_url_0c47012,,Rain map image URL,URL изображения карты дождя,
ui_rain_map_url_iframe_3f22653,,Rain map URL (iframe),URL карты дождя (iframe),
ui_re_import_batteries_9473d07,,Re-import batteries,Реимпорт аккумуляторов,
ui_re_import_batteries_f3b8458,,Re-import Batteries,Реимпорт батарей,
ui_re_import_climate_3ed098c,,Re-import climate,Реимпортный климат,
ui_re_import_climate_f7f5678,,Re-import Climate,Реимпорт Климат,
ui_re_import_energy_9e66bbb,,Re-import Energy,Реимпорт энергии,
ui_re_import_energy_c0b0fcc,,Re-import energy,Реимпорт энергии,
ui_re_import_rooms_6cc58f9,,Re-import rooms,Повторный импорт номеров,
ui_re_import_rooms_b49077d,,Re-import Rooms,Повторный импорт номеров,
ui_re_import_security_411e76d,,Re-import Security,Безопасность повторного импорта,
ui_re_import_security_fcf0ad8,,Re-import security,Безопасность повторного импорта,
ui_read_only_home_assistant_automation_46d25b7,,Read-only Home Assistant automation,Автоматизация Home Assistant только для чтения,don't translate Home Assistant
ui_read_the_full_mpl_2_0_4d68c7d,,Read the full MPL 2.0,Прочтите полную версию MPL 2.0.,
ui_ready_20c7c55,,Ready,Готовый,
ui_receive_home_assistant_alerts_and_actionable_notifications_386435f,,Receive Home Assistant alerts and actionable notifications on this device.,Получайте оповещения Home Assistant и полезные уведомления на этом устройстве.,don't translate Home Assistant
ui_recipes_create_regular_home_assistant_automations_you_can_a81bf72,,Recipes create regular Home Assistant automations. You can continue editing them in either HKI7 or Home Assistant.,Рецепты создают регулярные автоматизации Home Assistant. Вы можете продолжить их редактирование в HKI7 или Home Assistant.,"don't translate Home Assistant, HKI7"
ui_recommended_e37d21e,,RECOMMENDED,РЕКОМЕНДУЕТСЯ,
ui_recording_09b5b61,,Recording · ,Запись ·,keep the space at the start/end
ui_refresh_56e3bad,,Refresh,Обновить,
ui_refresh_connection_46966aa,,Refresh Connection,Обновить соединение,
ui_refresh_interval_f086d9d,,Refresh interval,Интервал обновления,
ui_relock_after_4db5c55,,Relock after,Повторная блокировка после,
ui_remote_access_is_ready_0e26b5a,,Remote access is ready.,Удаленный доступ готов.,
ui_remote_access_optional_75dd54d,,Remote access (optional),Удаленный доступ (опционально),
ui_remove_436e1a0,,Remove %1$s?,Удалить %1$s?,app fills in %1$s — keep them
ui_remove_avatar_58e0c56,,Remove avatar,Удалить аватар,
ui_remove_e963907,,Remove,Удалять,
ui_remove_edits_and_import_all_7f0b4a1,,Remove edits and import all,Удалить изменения и импортировать все,
ui_removed_entities_559c584,,Removed entities (%1$s),Удалены объекты (%1$s),app fills in %1$s — keep them
ui_removed_entities_6dbeb2d,,Removed entities,Удаленные объекты,
ui_removed_entities_are_excluded_from_cards_graphs_tiles_and_628e91a,,"Removed entities are excluded from cards, graphs, tiles and averages. Tap ✕ to restore.","Удаленные объекты исключаются из карточек, графиков, плиток и средних значений. Нажмите ✕, чтобы восстановить.",
ui_rename_d3f4cb8,,Rename,Переименовать,
ui_rename_dashboard_ceb1d6d,,Rename dashboard,Переименование информационной панели,
ui_rename_home_assistant_f1a0d6f,,Rename Home Assistant,Переименуйте Home Assistant,don't translate Home Assistant
ui_rename_players_and_choose_which_ones_may_show_the_212864f,,Rename players and choose which ones may show the mini player above the navigation bar while playing.,"Переименуйте игроков и выберите, у каких из них во время игры над панелью навигации будет отображаться мини-плеер.",
ui_rename_players_and_mini_player_visibility_8d0e1f7,,Rename players and mini player visibility,Переименование игроков и видимость мини-плеера,
ui_rendering_style_and_history_range_be872e9,,Rendering style and history range,Стиль рендеринга и диапазон истории,
ui_reorder_and_hide_tabs_39de701,,Reorder and hide tabs,Изменение порядка и скрытие вкладок,
ui_reorder_cameras_b226c47,,Reorder cameras,Изменение порядка камер,
ui_reorder_cards_147ed64,,Reorder cards,Изменение порядка карточек,
ui_reorder_devices_8bcc061,,Reorder devices,Изменение порядка устройств,
ui_repeat_659eba1,,Repeat,Повторить,
ui_repeats_every_day_only_the_time_of_day_is_a71f502,,Repeats every day — only the time of day is used.,Повторяется каждый день — используется только время суток.,
ui_repeats_every_month_only_the_day_of_the_month_93ca445,,Repeats every month — only the day of the month and time are used.,Повторяется каждый месяц — используется только день месяца и время.,
ui_repeats_every_week_only_the_weekday_and_time_are_8f36757,,Repeats every week — only the weekday and time are used.,Повторяется каждую неделю — используются только день недели и время.,
ui_repeats_every_year_the_year_is_ignored_so_e_a661f32,,"Repeats every year — the year is ignored, so e.g. 24–26 Dec recurs each Christmas.","Повторяется каждый год — год игнорируется, т.е. 24–26 декабря повторяется каждое Рождество.",
ui_require_an_extra_gesture_or_pin_before_actions_run_19ae393,,Require an extra gesture or PIN before actions run,Требовать дополнительный жест или PIN-код перед выполнением действий,
ui_required_9100e2e,, (required),(необходимый),keep the space at the start/end
ui_required_state_bdc9c95,,Required state,Требуемое состояние,
ui_reset_44c57ab,,Reset,Перезагрузить,
ui_reset_everything_2d6cd07,,Reset Everything,Сбросить все,
ui_restart_b134bd5,,Restart,Перезапуск,
ui_restart_home_assistant_0206bf0,,Restart Home Assistant?,Перезапустить Home Assistant?,don't translate Home Assistant
ui_restart_home_assistant_551322c,,Restart Home Assistant,Перезапустите Home Assistant.,don't translate Home Assistant
ui_restarting_b86eee1,,Restarting…,Перезапуск…,
ui_restore_3cbe6d6,,Restore,Восстановить,
ui_restore_backup_a65eaa8,,Restore backup,Восстановить резервную копию,
ui_restore_from_cloud_52b6663,,Restore from cloud,Восстановление из облака,
ui_restore_from_home_assistant_13aec1d,,Restore from Home Assistant,Восстановить из Home Assistant,don't translate Home Assistant
ui_resume_adaptation_ac73b12,,Resume adaptation,Адаптация резюме,
ui_resume_b3bd0b5,,Resume,Резюме,
ui_reverse_57f9933,,Reverse,Обеспечить регресс,
ui_right_954daa8,,Right,Верно,
ui_right_side_overflows_left_d75893d,,Right side overflows left,Правая сторона переливается влево,
ui_room_areas_584c8ee,,Room areas,Площадь помещения,
ui_room_climate_c57811d,,Room climate,Климат в помещении,
ui_room_name_8605e33,,Room name,Название комнаты,
ui_room_scale_6602c22,,room-scale,комнатный масштаб,
ui_rooms_3a28d6f,,Rooms,Номера,
ui_rooms_are_imported_2ef3415,,Rooms are imported,Номера импортированы.,
ui_rooms_in_auto_mode_are_imported_from_home_assistant_c583d84,,Rooms in auto mode are imported from Home Assistant. Switch to manual or take over the current dashboard to add widgets by hand.,"Комнаты в автоматическом режиме импортируются из Home Assistant. Переключитесь в ручной режим или возьмите на себя текущую панель управления, чтобы добавлять виджеты вручную.",don't translate Home Assistant
ui_rotation_acaf322,,rotation,вращение,
ui_roundness_of_buttons_cards_and_widgets_3573fff,,"Roundness of buttons, cards and widgets","Округлость кнопок, карточек и виджетов",
ui_run_b1b3926,,Run,Бегать,
ui_run_mode_12ce660,,Run mode,Режим запуска,
ui_running_state_entity_3c8ffde,,Running-state entity,Объект текущего состояния,
ui_s_02aa629,,S,С,
ui_s_are_81c69ca,,s are,это,
ui_s_refresh_10a9b0b,,%1$ss refresh,Обновление %1$s с.,app fills in %1$s — keep them
ui_save_efc007a,,Save,Сохранять,
ui_save_in_home_assistant_eacb2ce,,Save in Home Assistant,Сохранить в Home Assistant,don't translate Home Assistant
ui_save_local_network_7f0247d,,Save Local Network,Сохранить локальную сеть,
ui_save_or_restore_dashboard_configuration_be8f39f,,Save or restore dashboard configuration,Сохранить или восстановить конфигурацию информационной панели,
ui_save_profile_f597c0e,,Save profile,Сохранить профиль,
ui_save_remote_access_05740bc,,Save Remote Access,Сохранить удаленный доступ,
ui_saved_directly_in_the_native_automation_734f9ba,,Saved directly in the native automation,Сохраняется непосредственно в родной автоматике.,
ui_saving_56a2285,,Saving…,Сохранение…,
ui_scanning_36c4a06,,Scanning…,Сканирование…,
ui_scheduled_1cd1bda,,Scheduled,Запланировано,
ui_search_actions_9313854,,Search actions,Действия поиска,
ui_search_automations_9172ba9,,Search automations,Автоматизация поиска,
ui_search_batteries_a63e58b,,Search batteries,Поиск батарей,
ui_search_bce0641,,Search,Поиск,
ui_search_by_name_28abc03,,Search by name,Поиск по имени,
ui_search_devices_2ce0b70,,Search devices,Поиск устройств,
ui_search_entities_7c70008,,Search entities,Поиск объектов,
ui_search_f54fbca,,Search…,Поиск…,
ui_search_filters_3d10e32,,Search & filters,Поиск и фильтры,
ui_search_sort_9fe6cb4,,Search & sort,Поиск и сортировка,
ui_search_the_material_design_icon_library_2a2aa8d,,Search the Material Design icon library,Найдите в библиотеке значков Material Design,
ui_search_widgets_9525879,,Search widgets,Виджеты поиска,
ui_season_62255f5,,Season,Сезон,
ui_season_card_flip_6683142,,season-card-flip,сезонная карта,
ui_secondary_line_ca81690,,Secondary line,Вторичная линия,
ui_seconds_5fb1db5,,Seconds,Секунды,
ui_securitydoor_929c4fc,,securityDoor,безопасностьДверь,
ui_securitygarage_499e9f7,,securityGarage,безопасностьГараж,
ui_securitygate_0743480,,securityGate,безопасностьВорота,
ui_securityhouse_08bd121,,securityHouse,безопасностьДом,
ui_securityphase_f4739f6,,securityPhase,Фаза безопасности,
ui_securitypulse_5340cf8,,securityPulse,безопасностьПульс,
ui_securitywindow_4619bf3,,securityWindow,окно безопасности,
ui_select_0fc8ec5,,Select %1$s,Выберите %1$s.,app fills in %1$s — keep them
ui_select_a_mode_to_continue_0426fc8,,Select a mode to continue,"Выберите режим, чтобы продолжить",
ui_select_an_effect_to_turn_it_on_75d9bec,,Select an effect to turn it on,"Выберите эффект, чтобы включить его",
ui_select_an_inverter_device_in_energy_settings_solar_to_4a0aade,,Select an inverter device in Energy Settings → Solar to list its inverters here.,"Выберите инверторное устройство в разделе «Настройки энергопотребления» → «Солнечная энергия», чтобы перечислить здесь его инверторы.",
ui_select_an_option_08d7aa3,,Select an option,Выберите вариант,
ui_select_battery_devices_bfc9841,,Select Battery Devices,Выберите аккумуляторные устройства,
ui_select_battery_entities_b08b299,,Select Battery Entities,Выберите объекты батареи,
ui_select_battery_sensor_51f1222,,Select Battery Sensor,Выберите датчик батареи,
ui_select_calendars_and_the_view_shown_first_d5c38b5,,Select calendars and the view shown first,"Выберите календари и вид, показанный первым",
ui_select_calendars_e26b0da,,Select Calendars,Выберите календари,
ui_select_camera_70cf6fb,,Select Camera,Выберите камеру,
ui_select_climate_card_18f3b6e,,Select Climate Card,Выберите климатическую карту,
ui_select_device_87a4751,,Select Device,Выберите устройство,
ui_select_door_sensor_f345fbf,,Select Door Sensor,Выберите датчик двери,
ui_select_empty_bin_control_d992252,,Select Empty Bin Control,Выберите «Управление пустым контейнером»,
ui_select_energy_card_9b5bf0c,,Select Energy Card,Выберите энергетическую карту,
ui_select_entities_affed45,,Select Entities,Выберите объекты,
ui_select_entity_4b3713e,,Select Entity,Выберите объект,
ui_select_forecast_entities_f0ec511,,Select Forecast Entities,Выберите объекты прогноза,
ui_select_humidity_sensor_8192d0e,,Select Humidity Sensor,Выберите датчик влажности,
ui_select_map_camera_d5ae262,,Select Map Camera,Выберите карту камеры,
ui_select_media_player_73f4f5b,,Select Media Player,Выберите медиаплеер,
ui_select_media_players_e0da90e,,Select Media Players,Выберите медиаплееры,
ui_select_outside_3593063,,Select outside %1$s,Выбрать за пределами %1$s,app fills in %1$s — keep them
ui_select_running_state_entity_136482a,,Select running-state entity,Выберите объект в рабочем состоянии,
ui_select_sensor_2564e1a,,Select Sensor,Выберите датчик,
ui_select_sensors_5141d75,,Select Sensors,Выберите датчики,
ui_select_speed_control_20f7efa,,Select speed control,Выберите контроль скорости,
ui_select_target_entity_654e6ac,,Select Target Entity,Выберите целевой объект,
ui_select_temperature_sensor_821f54c,,Select Temperature Sensor,Выбор датчика температуры,
ui_select_the_alarm_panels_summarized_by_this_pill_f9b23e6,,Select the alarm panels summarized by this pill,"Выберите панели сигнализации, обобщенные в этой таблетке.",
ui_select_to_auto_detect_map_battery_and_controls_72bc9d7,,"Select to auto-detect map, battery and controls","Выберите для автоматического определения карты, аккумулятора и элементов управления.",
ui_select_to_auto_fill_helper_entities_below_84a8833,,Select to auto-fill helper entities below,"Выберите, чтобы автоматически заполнить вспомогательные объекты ниже",
ui_select_vacuum_4663021,,Select Vacuum,Выберите вакуум,
ui_select_vacuum_entity_dbda6f4,,Select Vacuum Entity,Выберите объект вакуума,
ui_select_vacuums_7c2d22a,,Select Vacuums,Выберите пылесосы,
ui_select_waste_sensors_6006d5f,,Select Waste Sensors,Выберите датчики отходов,
ui_select_water_level_562845a,,Select Water Level,Выберите уровень воды,
ui_select_weather_2357e9d,,Select Weather,Выберите погоду,
ui_select_weather_entity_d489986,,Select Weather Entity,Выберите объект погоды,
ui_select_week_calendar_640f382,,Select Week Calendar,Выберите календарь недели,
ui_selected_61ed328,,%1$s selected,%1$s выбрано,app fills in %1$s — keep them
ui_selected_b82aaa5,,%1$s · Selected,%1$s · Выбрано,app fills in %1$s — keep them
ui_selected_for_this_card_3c4a588,,%1$s selected for this card,Для этой карты выбрано %1$s,app fills in %1$s — keep them
ui_sensor_620ec21,,%1$s sensor%2$s,%1$s датчик%2$s,app fills in %1$s %2$s — keep them
ui_sensor_efb9fbf,,SENSOR,ДАТЧИК,
ui_sensor_graphs_5eb3573,,Sensor Graphs,Графики датчиков,
ui_sensor_picture_c3a0ed2,,Sensor picture,Изображение датчика,
ui_sensors_711bf35,,Sensors,Датчики,
ui_sensors_and_an_optional_week_calendar_399bad3,,Sensors and an optional week calendar,Датчики и дополнительный недельный календарь,
ui_sensors_are_found_automatically_by_device_class_add_sensor_150bab5,,%1$s sensors are found automatically by device class; add sensors missing that class here.,"Датчики %1$s находятся автоматически по классу устройства; добавьте сюда датчики, отсутствующие в этом классе.",app fills in %1$s — keep them
ui_separate_commercial_content_0408620,,Separate commercial content,Отдельный коммерческий контент,
ui_server_url_1d5d1ef,,Server URL,URL-адрес сервера,
ui_services_data_7864c0a,,Services & data,Услуги и данные,
ui_session_f7f1997,,Session,Сессия,
ui_set_448ab73,,Set,Набор,
ui_set_a_rain_map_image_url_in_this_widget_03729b8,,Set a rain map image URL in this widget's settings,Установите URL-адрес изображения карты дождя в настройках этого виджета.,
ui_set_the_control_style_for_every_thermostat_on_this_de5cd1e,,Set the control style for every thermostat on this Climate page. Standalone climate widgets keep their own layout settings.,Установите стиль управления для каждого термостата на этой странице «Климат». Автономные виджеты климата сохраняют свои собственные настройки макета.,
ui_set_what_each_person_may_do_per_user_like_aa86ea2,,"Set what each person may do — per user, like the hidden views above. These apply when they use a dashboard you shared.","Установите, что может делать каждый человек — для каждого пользователя, как показано на скрытых представлениях выше. Они применяются, когда они используют панель управления, которой вы поделились.",
ui_settings_c7f73bb,,Settings,Настройки,
ui_setup_changed_b184bf0,,Setup changed,Настройка изменена,
ui_setup_progress_1a8adef,,Setup progress,Ход настройки,
ui_shape_and_width_on_the_dashboard_c89fefa,,Shape and width on the dashboard,Форма и ширина на приборной панели,
ui_shape_ea5c1a2,,Shape,Форма,
ui_shape_visible_information_and_icon_behavior_63dec1c,,"Shape, visible information, and icon behavior","Форма, видимая информация и поведение значков",
ui_share_09ca55c,,Share,Делиться,
ui_share_b300e5f,,"Share ""%1$s""","Поделиться ""%1$s""",app fills in %1$s — keep them
ui_share_dashboards_0917ff1,,Share dashboards,Поделиться панелями мониторинга,
ui_shared_dashboard_86876c0,,Shared dashboard,Общая панель управления,
ui_shared_with_me_f40ca84,,Shared with me,Поделились со мной,
ui_sharing_ad00590,,Sharing…,Делимся…,
ui_show_a_descending_timer_when_the_value_is_a_1ae7350,,"Show a descending timer when the value is a completion time (e.g. a washer/dryer finish time). Active while counting, off at zero.","Показывать нисходящий таймер, если значение представляет собой время завершения (например, время окончания работы стиральной/сушильной машины). Активен во время счета, выключается при нуле.",
ui_show_a_live_radar_rain_map_card_a_camera_a0e11c8,,Show a live radar/rain map card — a camera entity or an embedded web page (iframe),Отображение карты радара/карты дождя в реальном времени — объекта камеры или встроенной веб-страницы (iframe).,
ui_show_activity_badge_f5d56bb,,Show activity badge,Показать значок активности,
ui_show_badge_bar_827499b,,Show badge bar,Показать панель значков,
ui_show_flows_button_9e888be,,Show flows button,Кнопка «Показать потоки»,
ui_show_global_search_e7aefbe,,Show global search,Показать глобальный поиск,
ui_show_group_380c43e,,Show group,Показать группу,
ui_show_in_header_43f0dfd,,Show in header,Показать в шапке,
ui_show_persons_c4e81a0,,Show persons,Показать людей,
ui_show_the_automations_flows_button_16254ce,,Show the automations (flows) button,Показать кнопку автоматизации (потоков),
ui_show_the_entity_s_state_or_one_of_its_1008a4d,,"Show the entity's state, or one of its attributes instead",Вместо этого покажите состояние объекта или один из его атрибутов.,
ui_show_the_entity_s_state_or_one_of_its_e721168,,"Show the entity's state, or one of its attributes instead.",Вместо этого покажите состояние объекта или один из его атрибутов.,
ui_show_the_global_search_button_0517d8b,,Show the global search button,Показать кнопку глобального поиска,
ui_show_widget_name_5ad7fc9,,Show widget name,Показать название виджета,
ui_shown_b1015a1,,%1$s shown,%1$s показано,app fills in %1$s — keep them
ui_shows_an_icon_matching_the_waste_type_gft_pmd_1966fe0,,"Shows an icon matching the waste type (GFT, PMD, paper, …).","Показывает значок, соответствующий типу отходов (GFT, PMD, бумага и т. д.).",
ui_side_split_alignment_b9c5399,,Side (split alignment),Сторона (разделенное выравнивание),
ui_sign_out_safely_or_reset_this_installation_681fac2,,Sign out safely or reset this installation,Выйдите из системы или сбросьте эту установку.,
ui_signing_you_in_10d0636,,Signing you in…,Вход в систему…,
ui_size_shape_and_artwork_4bb38bb,,"Size, shape, and artwork","Размер, форма и художественное оформление",
ui_size_shape_and_background_24dd9b6,,"Size, shape, and background","Размер, форма и фон",
ui_snapshot_b08ae37,,Snapshot,Снимок,
ui_solar_0e26539,,Solar,Солнечная,
ui_solar_noon_599372c,,Solar noon %1$s,Солнечный полдень %1$s,app fills in %1$s — keep them
ui_sort_d5f73d6,,Sort: %1$s,Сортировать: %1$s,app fills in %1$s — keep them
ui_source_and_card_refresh_behavior_0a26324,,Source and card refresh behavior,Поведение источника и обновления карты,
ui_source_device_4ddad2a,,Source device,Исходное устройство,
ui_span_badges_58c73f2,,Span badges,Значки пролета,
ui_speed_265ffc5,,SPEED,СКОРОСТЬ,
ui_speed_control_89a2786,,Speed control,Контроль скорости,
ui_spin_a801301,,spin,вращаться,
ui_square_82810cb,,Square,Квадрат,
ui_stack_cards_8bdc343,,Stack Cards,Стек карт,
ui_stack_layout_1623679,,Stack layout,Макет стека,
ui_stack_name_7507e93,,Stack name,Имя стека,
ui_stack_page_3d91ce9,,stack_page,stack_page,
ui_stack_title_46ccc2d,,Stack title,Название стека,
ui_stack_title_cc2f1ed,,Stack Title,Название стека,
ui_stacks_249f056,,Stacks,Стеки,
ui_standard_2dfa660,,Standard,Стандартный,
ui_start_24758a5,,Start: %1$s,Начало: %1$s,app fills in %1$s — keep them
ui_start_empty_25336ee,,Start empty,Начать пусто,
ui_start_empty_888db50,,Start Empty,Начать пусто,
ui_start_new_dashboard_8c71127,,Start new dashboard?,Запустить новую панель управления?,
ui_start_with_a_useful_recipe_then_adjust_each_step_d560a2a,,"Start with a useful recipe, then adjust each step","Начните с полезного рецепта, а затем корректируйте каждый шаг.",
ui_state_a725020,,State,Состояние,
ui_state_bef84bb,,STATE,СОСТОЯНИЕ,
ui_state_text_6749c0a,,State text,Государственный текст,
ui_stream_df06386,,Stream,Транслировать,
ui_style_99a0efc,,Style,Стиль,
ui_sunrise_and_sunset_data_unavailable_3295324,,Sunrise and sunset data unavailable,Данные о восходе и заходе солнца недоступны.,
ui_sunrise_fadf71c,,Sunrise,Восход,
ui_sunset_181bcd5,,Sunset,Закат,
ui_support_f32d5a3,,Support,Поддерживать,
ui_support_via_buy_me_a_coffee_d7dadd1,,Support via Buy Me a Coffee,Поддержка через «Купи мне кофе»,
ui_support_via_paypal_7184a5d,,Support via PayPal,Поддержка через PayPal,
ui_support_without_premium_0a4aebd,,Support without Premium,Поддержка без Премиум,
ui_supports_headings_lists_quotes_code_bold_italic_code_strik_e295744,,"Supports # headings, lists, > quotes, ``` code, **bold**, *italic*, `code`, ~~strike~~ and [links](https://…).","Поддерживает # заголовки, списки, > кавычки, ``` код, **жирный**, *курсив*, `код`, ~~strike~~ и [ссылки](https://…).",
ui_swing_65d8d45,,Swing,Качать,
ui_swing_horizontal_c166cda,,Swing (horizontal),Качание (горизонтальное),
ui_swipe_left_from_the_upper_right_edge_of_a_416c467,,Swipe left from the upper-right edge of a page header to switch homes at any time.,"Проведите пальцем влево от правого верхнего края заголовка страницы, чтобы в любой момент переключиться на другой дом.",
ui_switch_b02cbd9,,SWITCH,ВЫКЛЮЧАТЕЛЬ,
ui_switch_home_e6ceda2,,Switch home,Перейти домой,
ui_system_dark_theme_c7e4ff9,,System Dark Theme,Системная темная тема,
ui_system_light_theme_5bc7623,,System Light Theme,Светлая тема системы,
ui_systems_idle_584a6f0,,Systems idle,Системы простаивают,
ui_t_c2c53d6,,T,Т,
ui_tabs_and_media_controls_shown_throughout_the_app_5d9c1ff,,Tabs and media controls shown throughout the app,"Вкладки и элементы управления мультимедиа, отображаемые по всему приложению.",
ui_tap_here_or_use_the_button_while_edit_mode_8baf490,,Tap here or use the + button while edit mode is active to add widgets to this stack.,"Нажмите здесь или используйте кнопку +, когда активен режим редактирования, чтобы добавить виджеты в этот стек.",
ui_tap_here_or_use_the_button_while_edit_mode_b06aac5,,Tap here or use the + button while edit mode is active to add entities to this stack.,"Нажмите здесь или используйте кнопку +, когда активен режим редактирования, чтобы добавить объекты в этот стек.",
ui_tap_hold_and_dialog_quick_actions_2052817,,"Tap, hold, and dialog quick actions","Нажмите, удерживайте и вызовите диалог быстрых действий",
ui_tap_share_to_publish_or_update_d185341,,Tap Share to publish or update,"Нажмите «Поделиться», чтобы опубликовать или обновить.",
ui_tap_to_add_a_weather_card_a3508a9,,Tap + to add a weather card,"Нажмите +, чтобы добавить карту погоды.",
ui_tap_to_load_0c49cab,,Tap to load,"Нажмите, чтобы загрузить",
ui_tap_x_to_restore_an_entity_to_the_battery_ad0eb75,,Tap X to restore an entity to the battery page.,"Нажмите X, чтобы восстановить объект на странице батареи.",
ui_target_49d76ad,,TARGET (%1$s–%2$s%%),ЦЕЛЬ (%1$s–%2$s%%),app fills in %1$s %2$s — keep them
ui_target_61ad50a,,Target,Цель,
ui_target_entity_optional_cdb68af,,Target entity (optional),Целевой объект (необязательно),
ui_target_f762108,,TARGET,ЦЕЛЬ,
ui_technology_d018b08,,Technology,Технология,
ui_temperature_0a9062a,,Temperature,Температура,
ui_temperature_and_humidity_sources_for_the_room_8960580,,Temperature and humidity sources for the room,Источники температуры и влажности в помещении,
ui_temperature_cc6906a,,TEMPERATURE,ТЕМПЕРАТУРА,
ui_temperature_sensor_graphed_in_activity_1088c3d,,Temperature sensor (graphed in Activity),Датчик температуры (показано в разделе «Активность»),
ui_text_c3328c3,,Text,Текст,
ui_text_size_boldness_and_font_family_365f489,,"Text size, boldness and font family","Размер текста, жирность и семейство шрифтов",
ui_that_profile_35adbf0,,that profile,этот профиль,
ui_the_effect_used_when_a_button_s_animation_is_7cce891,,"The effect used when a button's animation is set to ""Auto"". You can still override any individual button.","Эффект, используемый, когда для анимации кнопки установлено значение «Авто». Вы по-прежнему можете переопределить любую отдельную кнопку.",
ui_the_exact_dates_you_pick_leave_a_bound_as_19357e8,,"The exact dates you pick. Leave a bound as ""Any"" for an open-ended range.",Точные даты вы выбираете. Оставьте границу «Любая» для открытого диапазона.,
ui_the_heading_shown_between_dashboard_sections_b03805f,,The heading shown between dashboard sections,"Заголовок, отображаемый между разделами информационной панели.",
ui_the_hki_7_community_source_code_is_free_and_f4f3f51,,"The HKI 7 community source code is free and open source under the Mozilla Public License 2.0. You may use, study, modify, and redistribute it. When you distribute modified MPL-covered files, those files and their source must remain available under MPL-2.0.","Исходный код сообщества HKI 7 является бесплатным и открытым под лицензией Mozilla Public License 2.0. Вы можете использовать, изучать, изменять и распространять его. Когда вы распространяете модифицированные файлы, защищенные MPL, эти файлы и их исходный код должны оставаться доступными в соответствии с MPL-2.0.",don't translate HKI 7
ui_the_hki_7_name_and_logos_are_project_trademarks_985ffec,,"The HKI 7 name and logos are project trademarks and are not granted for misleading redistribution. Home Assistant and other third-party names, libraries, fonts, and artwork remain subject to their respective licenses and trademarks. The software is provided without warranty, as described by MPL-2.0.","Название и логотипы HKI 7 являются товарными знаками проекта и не подлежат распространению в заблуждение. Home Assistant и другие сторонние имена, библиотеки, шрифты и графические изображения остаются под действием соответствующих лицензий и товарных знаков. Программное обеспечение предоставляется без гарантии, как описано в MPL-2.0.","don't translate Home Assistant, HKI 7"
ui_the_interface_is_built_with_jetpack_compose_coroutines_and_fe7f52d,,"The interface is built with Jetpack Compose. Coroutines and Flow handle live state, while JSON and YAML-compatible data keep HKI 7 connected with Home Assistant.","Интерфейс создан с помощью Jetpack Compose. Сопрограммы и Flow обрабатывают живое состояние, а данные, совместимые с JSON и YAML, поддерживают связь HKI 7 с Home Assistant.","don't translate Home Assistant, HKI 7"
ui_the_open_source_community_core_remains_usable_without_prem_d83ff8a,,The open-source community core remains usable without Premium. Premium purchases fund extra visual content and continued development; they do not remove the freedoms granted for MPL-covered files.,"Ядро сообщества с открытым исходным кодом можно использовать и без Premium. Премиум-покупки финансируют дополнительный визуальный контент и дальнейшее развитие; они не удаляют свободы, предоставленные файлам, защищенным MPL.",
ui_the_page_starts_empty_with_its_own_header_and_5a325c0,,"The page starts empty with its own header and page settings, while keeping the Home widget catalogue.","Страница начинается пустой со своим собственным заголовком и настройками страницы, сохраняя при этом каталог виджетов «Домой».",
ui_the_quick_brown_fox_jumps_over_the_lazy_dog_2204ad2,,The quick brown fox jumps over the lazy dog — 0123456789,Быстрая бурая лиса прыгает через ленивую собаку — 0123456789,
ui_the_room_header_and_card_show_a_single_player_3e24a17,,"The room header and card show a single player's media, or an active-player count when multiple players are selected.","Заголовок комнаты и карточка показывают медиафайлы одного игрока или количество активных игроков, если выбрано несколько игроков.",
ui_the_text_shown_on_the_dashboard_fff5c98,,The text shown on the dashboard,"Текст, отображаемый на приборной панели",
ui_the_web_page_shown_on_this_card_ce97bfd,,The web page shown on this card,"Веб-страница, показанная на этой карточке",
ui_theme_a797e30,,Theme,Тема,
ui_theme_and_navigation_bar_474ee6b,,Theme and navigation bar,Тема и панель навигации,
ui_thermostat_dial_e6af91b,,Thermostat dial,Циферблат термостата,
ui_thermostats_601da0c,,Thermostats,Термостаты,
ui_thermostats_ac_7d2ace4,,Thermostats & AC,Термостаты и кондиционеры,
ui_these_are_stored_in_the_cloud_import_one_to_558c62d,,"These are stored in the cloud. Import one to edit or re-share it, or delete it to remove it from everyone. Your edits are also pushed automatically when you open the app.","Они хранятся в облаке. Импортируйте его, чтобы отредактировать или повторно поделиться им, или удалите его, чтобы сделать его доступным для всех. Ваши изменения также автоматически сохраняются при открытии приложения.",
ui_these_links_open_in_your_browser_tips_do_not_049b881,,These links open in your browser. Tips do not unlock Premium features and do not create an obligation to provide individual support.,Эти ссылки открываются в вашем браузере. Советы не открывают премиум-функции и не обязывают предоставлять индивидуальную поддержку.,
ui_these_permissions_are_optional_and_can_be_changed_later_aa7a106,,These permissions are optional and can be changed later in Android Settings.,Эти разрешения не являются обязательными и могут быть изменены позже в настройках Android.,
ui_thin_100_9e7a443,,Thin (-100),Тонкий (-100),
ui_thinner_200_6ae7a6f,,Thinner (-200),Тоньше (-200),
ui_this_action_does_not_use_an_entity_target_5952444,,This action does not use an entity target.,Это действие не использует цель сущности.,
ui_this_action_has_no_required_target_or_additional_fields_987a410,,This action has no required target or additional fields.,У этого действия нет обязательной цели или дополнительных полей.,
ui_this_automation_is_managed_outside_home_assistant_s_ui_89d26f5,,"This automation is managed outside Home Assistant's UI (usually YAML). HKI7 can show it, but will not overwrite it.","Эта автоматизация управляется вне пользовательского интерфейса Home Assistant (обычно YAML). HKI7 может показать его, но не перезапишет.","don't translate Home Assistant, HKI7"
ui_this_card_uses_its_own_entities_e572388,,This card uses its own entities,Эта карта использует свои собственные сущности,
ui_this_dashboard_is_currently_being_generated_from_home_assi_470200d,,This dashboard is currently being generated from Home Assistant. You can edit rooms as soon as the one-time import finishes.,Эта панель мониторинга в настоящее время создается из Home Assistant. Вы сможете редактировать комнаты сразу после завершения однократного импорта.,don't translate Home Assistant
ui_this_entity_2ddd36d,,This entity,Эта сущность,
ui_this_entity_has_no_attributes_to_show_b09f4c9,,This entity has no attributes to show.,У этой сущности нет атрибутов для отображения.,
ui_this_light_is_paused_for_manual_control_706bffa,,This light is paused for manual control.,Этот свет приостановлен для ручного управления.,
ui_this_name_is_used_when_the_device_registers_with_8aba2f2,,This name is used when the device registers with Home Assistant.,Это имя используется при регистрации устройства с помощью Home Assistant.,don't translate Home Assistant
ui_this_permanently_removes_this_dashboard_and_its_room_and_8087734,,This permanently removes this dashboard and its room and page configuration.,"При этом эта панель мониторинга, а также конфигурация ее комнаты и страницы будут удалены навсегда.",
ui_this_removes_all_imported_battery_entities_from_this_view_7a74283,,This removes all imported battery entities from this view.,Это удалит все импортированные объекты батареи из этого представления.,
ui_this_removes_all_imported_climate_entities_from_this_view_713f511,,This removes all imported climate entities from this view.,Это удалит все импортированные климатические объекты из этого представления.,
ui_this_removes_all_imported_energy_entities_from_this_view_7397917,,This removes all imported energy entities from this view.,Это удалит из этого представления все импортированные энергетические объекты.,
ui_this_removes_all_imported_rooms_and_floors_from_this_d1cbbff,,This removes all imported rooms and floors from this view.,Из этого представления будут удалены все импортированные комнаты и этажи.,
ui_this_removes_all_imported_security_entities_from_this_view_6443e5c,,This removes all imported security entities from this view.,Это удалит все импортированные объекты безопасности из этого представления.,
ui_this_removes_its_login_mobile_app_registration_details_and_69afc19,,"This removes its login, mobile-app registration details, and HKI dashboards from this device. The Home Assistant server itself is not changed.","С этого устройства будут удалены данные для входа в систему, данные регистрации мобильного приложения и панели мониторинга HKI. Сам сервер Home Assistant не изменяется.",don't translate Home Assistant
ui_this_removes_the_native_automation_from_home_assistant_thi_2a48e1a,,This removes the native automation from Home Assistant. This cannot be undone from HKI7.,Это удалит встроенную автоматизацию из Home Assistant. Это действие нельзя отменить с HKI7.,"don't translate Home Assistant, HKI7"
ui_this_removes_the_shared_dashboard_from_the_cloud_for_4bab01c,,This removes the shared dashboard from the cloud for everyone. People currently using it fall back to an auto-generated dashboard. Their local copies aren't touched until they next open the app.,"При этом общая панель мониторинга будет удалена из облака для всех. Люди, которые в настоящее время используют его, возвращаются к автоматически создаваемой информационной панели. Их локальные копии не будут затронуты до тех пор, пока они в следующий раз не откроют приложение.",
ui_this_runs_on_a_small_free_home_assistant_add_f46f2e3,,"This runs on a small, free Home Assistant add-on (the HKI 7 Cloud component). It isn't on HACS by default yet, so add it as a custom repository — the app then handles everything else.","Это работает на небольшом бесплатном дополнении Home Assistant (компонент HKI 7 Cloud). По умолчанию его еще нет в HACS, поэтому добавьте его в качестве собственного репозитория — все остальное сделает приложение.","don't translate HKI 7 Cloud, Home Assistant"
ui_this_source_code_form_is_subject_to_the_terms_c8e4e24,,"This Source Code Form is subject to the terms of the Mozilla Public License, v. 2.0. If a copy of the MPL was not distributed with this file, you can obtain one at mozilla.org/MPL/2.0/.","Данная форма исходного кода регулируется условиями Общественной лицензии Mozilla версии 2.0. Если копия MPL не распространялась вместе с этим файлом, вы можете получить ее по адресу mozilla.org/MPL/2.0/.",
ui_this_stack_has_no_items_0f92c8d,,This stack has no items.,В этой стопке нет предметов.,
ui_this_travels_with_the_dashboard_so_cloud_backups_and_1dd603d,," This travels with the dashboard, so cloud backups and family sharing keep it.","Данные передаются вместе с панелью управления, поэтому их сохраняют резервные копии в облаке и семейный доступ.",keep the space at the start/end
ui_tile_2dd2c66,,Tile,Плитка,
ui_tilt_aceae6f,,TILT,НАКЛОН,
ui_time_6c82e6d,,Time,Время,
ui_time_range_9257117,,Time Range,Временной диапазон,
ui_title_768e0c1,,Title,Заголовок,
ui_title_collapse_behavior_and_dashboard_width_a64a590,,"Title, collapse behavior, and dashboard width","Заголовок, поведение свертывания и ширина информационной панели",
ui_title_collapse_behavior_and_width_dd2b475,,"Title, collapse behavior, and width","Заголовок, поведение свертывания и ширина",
ui_title_optional_932fc13,,Title (optional),Название (необязательно),
ui_title_width_and_icon_41ec073,,"Title, width, and icon","Название, ширина и значок",
ui_to_state_2a995a1,,To state,Чтобы заявить,
ui_today_24345a1,,Today,Сегодня,
ui_tomorrow_1948bf2,,Tomorrow,Завтра,
ui_top_consumers_0199dbf,,Top consumers,Лучшие потребители,
ui_tracking_number_4e40c54,,Tracking number,Идентификационный номер,
ui_try_again_042c862,,Try again,Попробуйте еще раз,
ui_try_the_demo_home_no_server_needed_bc58247,,Try the demo home — no server needed,Попробуйте демо-версию дома — сервер не требуется,
ui_turn_off_all_3a7a2b0,,Turn off all,Выключить все,
ui_turn_on_a5aa418,,Turn On,Включать,
ui_turn_the_light_on_to_access_controls_25f4ad6,,Turn the light on to access controls,"Включите свет, чтобы получить доступ к элементам управления",
ui_turn_the_notification_connection_channel_off_on_the_next_cdddec0,,"Turn the ""Notification connection"" channel off on the next screen — the connection keeps working, only its notification disappears.","На следующем экране отключите канал «Подключение для уведомлений» — соединение продолжает работать, только уведомление о нем пропадает.",
ui_two_rows_1b1737f,,Two rows,Два ряда,
ui_type_3deb745,,Type,Тип,
ui_type_icon_839142a,,Type icon,Значок типа,
ui_unable_to_connect_8207f1b,,Unable to connect,Не удалось подключиться,
ui_unit_f6b935a,,Unit,Единица,
ui_unknown_bc7819b,,Unknown,Неизвестный,
ui_unknown_energy_card_b8e46de,,Unknown energy card: %1$s,Неизвестная энергетическая карта: %1$s.,app fills in %1$s — keep them
ui_unlock_1526a17,,Unlock,Разблокировать,
ui_unlock_button_ad521c4,,Unlock button,Кнопка разблокировки,
ui_unlock_method_dff380e,,Unlock method,Метод разблокировки,
ui_unlocked_b3da702,,Unlocked,Разблокировано,
ui_unrestricted_background_cebdb1e,,Unrestricted background,Неограниченный фон,
ui_untitled_621521f,,Untitled,Без названия,
ui_untitled_event_ef8d264,,Untitled event,Безымянное событие,
ui_upcoming_523baab,,Upcoming,Предстоящие,
ui_update_fb91e24,,Update,Обновлять,
ui_update_location_now_d338c2c,,Update Location Now,Обновить местоположение сейчас,
ui_updated_62d2331,,Updated %1$s,Обновлен %1$s,app fills in %1$s — keep them
ui_url_https_a1a19ec,,URL (https://…),URL-адрес (https://…),
ui_usage_overview_fc2eefc,,Usage overview,Обзор использования,
ui_use_1d4d43c,,Use,Использовать,
ui_use_a_dashboard_an_admin_has_shared_with_you_8b1cfdb,,Use a dashboard an admin has shared with you.,"Используйте панель управления, которой с вами поделился администратор.",
ui_use_a_family_shared_dashboard_9b8ab51,,Use a family shared dashboard,Используйте общую семейную панель управления,
ui_use_a_recognizable_name_such_as_kitchen_tablet_or_ca9f431,,"Use a recognizable name, such as ‘Kitchen tablet’ or ‘Jimmy’s phone’.","Используйте узнаваемое имя, например «Кухонный планшет» или «Телефон Джимми».",
ui_use_family_shared_dashboard_28e06c2,,Use family shared dashboard,Использовать семейную общую панель управления,
ui_used_6a4ebbf,,Used %1$s,Б/у %1$s,app fills in %1$s — keep them
ui_uses_hki_7_s_private_google_drive_storage_enable_0559ced,,Uses HKI 7's private Google Drive storage. Enable it once to create an immediate backup and then back up automatically every day.,"Использует личное хранилище Google Drive HKI 7. Включите его один раз, чтобы создать немедленную резервную копию, а затем выполнять ее автоматически каждый день.","don't translate Google Drive, HKI 7"
ui_uses_the_sun_entity_configured_in_weather_settings_e580a39,,Uses the Sun entity configured in Weather settings.,"Использует объект «Солнце», настроенный в настройках погоды.",
ui_using_a_shared_dashboard_applies_the_permissions_the_admin_a337a76,,Using a shared dashboard applies the permissions the admin set for it.,"При использовании общей информационной панели применяются разрешения, установленные для нее администратором.",
ui_using_the_climate_view_s_entities_8befb0f,,Using the Climate view's entities,Использование объектов представления Climate,
ui_using_the_energy_view_s_entities_7ca9bed,,Using the Energy view's entities,Использование объектов представления Energy,
ui_vacuum_5fe15df,,Vacuum,Вакуум,
ui_vacuum_device_3deae52,,Vacuum device,Вакуумное устройство,
ui_vacuum_entities_c7da1d7,,Vacuum entities,Вакуумные сущности,
ui_vacuum_map_8236541,,Vacuum map,Карта вакуума,
ui_vacuum_stack_b93d3b7,,Vacuum Stack,Вакуумный стек,
ui_vertical_slider_e09cef1,,Vertical slider,Вертикальный слайдер,
ui_view_on_github_0c77991,,View on GitHub,Посмотреть на GitHub,
ui_visibility_7d9ff4f,,Visibility,Видимость,
ui_visibility_alignment_and_overflow_behavior_467f44f,,"Visibility, alignment, and overflow behavior","Видимость, выравнивание и поведение при переполнении",
ui_visibility_and_ordering_in_the_page_header_0f9e3d8,,Visibility and ordering in the page header,Видимость и порядок в шапке страницы,
ui_visible_during_791f42c,,Visible during,Видно во время,
ui_visible_persons_4b7ae6c,,Visible persons,Видимые лица,
ui_visual_style_bc567f3,,Visual style,Визуальный стиль,
ui_w_e2415cb,,W,Вт,
ui_waiting_for_home_assistant_af224aa,,Waiting for Home Assistant,Ожидание Home Assistant,don't translate Home Assistant
ui_wallpaper_and_an_optional_custom_color_f4f12f1,,Wallpaper and an optional custom color,Обои и дополнительный пользовательский цвет,
ui_wallpaper_and_optional_custom_color_0dc6738,,Wallpaper and optional custom color,Обои и дополнительный цвет,
ui_wallpaper_url_or_path_e208631,,Wallpaper URL or path,URL-адрес или путь к обоям,
ui_waste_collection_7cdf205,,Waste Collection,Сбор мусора,
ui_waste_sensors_8bfd3ec,,Waste sensors,Датчики отходов,
ui_watch_d91ebf5,,Watch,Смотреть,
ui_water_5480538,,Water: %1$s,Вода: %1$s,app fills in %1$s — keep them
ui_water_de9b1be,,Water,Вода,
ui_water_level_optional_fallback_61b2be5,,Water level (optional fallback),Уровень воды (необязательный резервный вариант),
ui_water_meters_imported_from_home_assistant_s_energy_dashboa_b1ac157,,Water meters imported from Home Assistant's Energy dashboard.,Счетчики воды импортированы из информационной панели Energy Home Assistant.,don't translate Home Assistant
ui_we_ll_check_your_home_network_first_you_can_c7ca0f0,,We'll check your home network first; you can also enter an address,Сначала мы проверим вашу домашнюю сеть; вы также можете ввести адрес,
ui_weather_284af3e,,Weather,Погода,
ui_weather_card_0c6594c,,Weather Card,Карта погоды,
ui_weather_details_bc94175,,Weather details,Подробности о погоде,
ui_weather_entities_0a2c547,,Weather entities,Погодные объекты,
ui_weather_entity_402cbd9,,Weather entity,Погода,
ui_weather_source_778baeb,,Weather source,Источник погоды,
ui_weather_stack_4d4f763,,Weather Stack,Стек погоды,
ui_weather_type_fe0b7cc,,Weather Type,Тип погоды,
ui_web_address_url_55052c9,,Web address (URL),Веб-адрес (URL),
ui_week_calendar_shown_in_the_dialog_6d4f28b,,Week calendar (shown in the dialog),Календарь недели (отображается в диалоговом окне),
ui_welcome_to_hki_7_9e317bb,,Welcome to HKI 7,Добро пожаловать в HKI 7,don't translate HKI 7
ui_what_hki_7_is_and_how_it_is_built_247bace,,What HKI 7 is and how it is built,Что такое HKI 7 и как он устроен,don't translate HKI 7
ui_what_it_does_ca032b5,,What it does,Что он делает,
ui_what_s_new_4d8dc5f,,What's new,Что нового,
ui_when_769bb19,,When,Когда,
ui_when_and_if_then_dd86ebe,,When · And if · Then,Когда · И если · Тогда,
ui_when_reporting_a_problem_include_your_android_version_home_784a4e6,,"When reporting a problem, include your Android version, Home Assistant version, the affected entity or integration, and clear steps to reproduce it. Removing private URLs, tokens, names, and location data first helps keep support safe.","Сообщая о проблеме, укажите свою версию Android, версию Home Assistant, затронутый объект или интеграцию, а также четкие инструкции по ее воспроизведению. Удаление частных URL-адресов, токенов, имен и данных о местоположении в первую очередь помогает обеспечить безопасность поддержки.",don't translate Home Assistant
ui_when_the_value_is_a_completion_time_e_g_7dce367,,"When the value is a completion time (e.g. a washer/dryer finish time), show a descending timer. The button reads active while counting and turns off at zero.","Если значение представляет собой время завершения (например, время окончания работы стиральной/сушильной машины), отобразите нисходящий таймер. Кнопка считается активной во время счета и выключается при нуле.",
ui_widget_height_b26de24,,Widget height,Высота виджета,
ui_widget_name_55e5340,,Widget name,Название виджета,
ui_widget_presentation_a3a8cdc,,Widget presentation,Презентация виджета,
ui_widget_width_1d89599,,Widget width,Ширина виджета,
ui_width_a58ddf5,,Width,Ширина,
ui_width_and_height_6ed6746,,Width and height,Ширина и высота,
ui_width_and_optional_icon_671e2ef,,Width and optional icon,Ширина и дополнительный значок,
ui_width_columns_and_container_shape_984a191,,"Width, columns, and container shape","Ширина, столбцы и форма контейнера",
ui_width_shape_and_collapse_behavior_7abc6f4,,"Width, shape, and collapse behavior","Ширина, форма и поведение при сворачивании",
ui_wind_142b575,,Wind,Ветер,
ui_worth_watching_a3d46c7,,Worth watching,Стоит посмотреть,
ui_would_you_like_to_add_an_existing_camera_entity_00d5bc3,,Would you like to add an existing camera entity or a custom URL?,Хотите добавить существующую сущность камеры или собственный URL-адрес?,
ui_write_the_information_shown_on_this_card_4ca5db7,,Write the information shown on this card,"Напишите информацию, указанную на этой карточке.",
ui_you_can_help_by_testing_new_builds_reporting_reproducible_5310461,,"You can help by testing new builds, reporting reproducible bugs, suggesting thoughtful improvements, helping with translations or documentation, sharing HKI 7 with other Home Assistant users, and giving constructive feedback.","Вы можете помочь, тестируя новые сборки, сообщая о воспроизводимых ошибках, предлагая продуманные улучшения, помогая с переводами или документацией, делясь HKI 7 с другими пользователями Home Assistant и оставляя конструктивные отзывы.","don't translate Home Assistant, HKI 7"
ui_you_re_exploring_the_built_in_sample_home_63c2ad1,,You're exploring the built-in sample home,Вы изучаете встроенный образец дома,
ui_your_automations_and_devices_will_be_unavailable_briefly_h_8a8572e,,Your automations and devices will be unavailable briefly. HKI7 will reconnect automatically when Home Assistant is ready.,"Ваши средства автоматизации и устройства на некоторое время будут недоступны. HKI7 автоматически переподключится, когда Home Assistant будет готов.","don't translate Home Assistant, HKI7"
ui_your_dashboard_is_ready_0719f75,,Your dashboard is ready,Ваша панель управления готова,
ui_your_home_72412fa,,Your home,Ваш дом,
ui_your_location_is_shared_only_with_your_own_home_c75bd6d,,Your location is shared only with your own Home Assistant server. It is ,Ваше местоположение передается только вашему собственному серверу Home Assistant. Это,don't translate Home Assistant; keep the space at the start/end
logs_title,,Connection log,Журнал подключений,
logs_subtitle,,What the app's connection to Home Assistant has been doing,Что делало соединение приложения с Home Assistant,don't translate Home Assistant
logs_empty,,Connection log,Журнал подключений,
logs_empty_hint,,"Nothing logged yet. Connection attempts, reconnects, sync and subscriptions appear here as they happen.","Пока ничего не зарегистрировано. Попытки подключения, повторные подключения, синхронизация и подписки отображаются здесь по мере их возникновения.",
logs_count,,Connection log (%1$d),Журнал подключений (%1$d),app fills in %1$d — keep them
logs_copy,,Copy the log,Скопируйте журнал,
logs_clear,,Clear the log,Очистить журнал,
logs_show_all,,Show all %1$d,Показать все %1$d,app fills in %1$d — keep them
logs_show_less,,Show less,Показать меньше,
parcel_letter_count,one,%1$d letter,%1$d письмо,app fills in %1$d — keep them
parcel_letter_count,other,%1$d letters,%1$d букв,app fills in %1$d — keep them
parcel_letter_count,few,,%1$d букв,
parcel_letter_count,many,,%1$d букв,
spacer_empty_button,,Empty button,Пустая кнопка,
spacer_empty_button_description,,Transparent placeholder that only reserves space,"Прозрачный заполнитель, который резервирует только место",
spacer_add_empty_button,,Add empty button,Добавить пустую кнопку,
popup_custom_popup,,Custom popup,Пользовательское всплывающее окно,
popup_choose,,Choose a popup,Выберите всплывающее окно,
popup_none_yet,,No popups yet,Пока нет всплывающих окон,
popup_new,,New popup,Новое всплывающее окно,
popup_default_name,,New popup,Новое всплывающее окно,
popup_name,,Popup name,Название всплывающего окна,
popup_edit_contents,,Edit contents,Редактировать содержимое,
popup_delete,,Delete popup,Удалить всплывающее окно,
popup_status_entity,,Status entity,Статус объекта,
popup_status_entity_hint,,Optional. Its state fills the dialog's status line and adds the history view.,Необязательный. Его состояние заполняет строку состояния диалогового окна и добавляет представление истории.,
popup_settings_subtitle,,"Name, icon, and status entity","Имя, значок и объект состояния",
popup_shared_hint,,Popups are shared: other buttons can open this same popup.,Всплывающие окна являются общими: другие кнопки могут открывать это же всплывающее окно.,
popup_empty,,This popup is empty. Tap Edit to add widgets.,"Это всплывающее окно пусто. Нажмите «Изменить», чтобы добавить виджеты.",
popup_settings_title,,Popups,Всплывающие окна,
popup_settings_subtitle_section,,Build and edit your custom popups,Создавайте и редактируйте свои собственные всплывающие окна,
popup_settings_hint,,"Popups open from a button, badge, or dialog button set to the Custom popup action. Edit contents opens the popup itself so you can arrange its widgets.","Всплывающие окна открываются с помощью кнопки, значка или диалогового окна, для которого установлено действие «Пользовательское всплывающее окно». Редактировать содержимое открывает само всплывающее окно, в котором вы можете упорядочить виджеты.",
button_icon_only,,Icon only,Только значок,
button_icon_size,,Icon size,Размер значка,
button_icon_size_description,,"Auto shrinks the icon as the stack gains columns, so it still fits a narrow button.","Автоматически значок сжимается по мере увеличения количества столбцов в стеке, поэтому он по-прежнему подходит для узкой кнопки.",
button_icon_size_auto,,Auto,Авто,
button_icon_size_value,,%1$d dp,%1$d дп,app fills in %1$d — keep them
stack_child_icon_only,,Icon only for every button,Только значок для каждой кнопки,
stack_child_icon_only_description,,"Applies to all buttons in this stack, so you don't have to set it on each one.","Применяется ко всем кнопкам в этом стеке, поэтому вам не нужно устанавливать его для каждой.",
stack_child_icon_size,,Icon size for every button,Размер значка для каждой кнопки,
button_icon_only_description,,"Hide the name and state, centering the icon on the button","Скройте имя и штат, расположив значок по центру кнопки.",
action_button,,Action button,Кнопка действия,
action_button_description,,"A button without an entity: give it a name, an icon, and any action","Кнопка без сущности: дайте ей имя, значок и любое действие.",
action_button_add,,Add action button,Добавить кнопку действия,
action_badge_add,,Add action badge,Добавить значок действия,
security_entity_count,one,%1$d entity,%1$d объект,app fills in %1$d — keep them
security_entity_count,other,%1$d entities,%1$d объектов,app fills in %1$d — keep them
security_entity_count,few,,%1$d объектов,
security_entity_count,many,,%1$d объектов,
family_permission_switch_dashboards,,Allow switching dashboards,Разрешить переключение панелей мониторинга,
family_permission_switch_dashboards_subtitle,,Let this person load another existing dashboard,Разрешить этому человеку загрузить другую существующую панель мониторинга,
family_permission_create_dashboards,,Allow creating dashboards,Разрешить создание дашбордов,
family_permission_create_dashboards_subtitle,,Let this person create or duplicate dashboards,Разрешить этому человеку создавать или дублировать информационные панели,
family_dashboard_tab_locked,,Locked by family permissions,Заблокировано семейными разрешениями,
family_dashboard_access_lost_title,,Family access removed,Семейный доступ закрыт.,
family_dashboard_access_lost_message,,"You no longer have access to HKI 7 through this family dashboard. Choose another dashboard shared with you, or use any other option your family permissions allow.","У вас больше нет доступа к HKI 7 через эту семейную панель управления. Выберите другую панель управления, доступную вам, или используйте любой другой вариант, разрешенный вашей семьей.",don't translate HKI 7
family_access_manage,,Manage access,Управление доступом,
family_access_title,,Who can see %1$s,Кто может видеть %1$s,app fills in %1$s — keep them
family_access_description,,Add or remove people. Everyone you remove loses this dashboard the next time their app syncs.,"Добавляйте или удаляйте людей. Все, кого вы удалите, потеряют эту панель мониторинга при следующей синхронизации приложения.",
family_access_shared_everyone,,Shared with everyone,Доступно всем,
family_access_shared_nobody,,Shared with no one,Поделился ни с кем,
family_access_shared_with,,Shared with %1$s,Доступно %1$s,app fills in %1$s — keep them
family_access_unknown_user,,Unknown user,Неизвестный пользователь,
family_access_revoke_warning,,"Losing access deletes their copy of this dashboard, along with any colours, icons, and names they changed on it.","При потере доступа их копия этой информационной панели удаляется вместе со всеми цветами, значками и именами, которые они на ней изменили.",
family_versions_title,,HKI versions,HKI-версии,
family_versions_description,,Which HKI build each family device is running. This device is on %1$s. A device appears once it has opened HKI 7 1.0.0-beta.18 or newer at least once.,"Какая сборка HKI работает на каждом семейном устройстве. Это устройство находится на %1$s. Устройство появляется после того, как оно хотя бы один раз открыло HKI 7 1.0.0-beta.18 или новее.",app fills in %1$s — keep them; don't translate HKI 7
family_versions_empty,,No family devices have reported a version yet.,Ни одно семейное устройство пока не сообщило о версии.,
family_versions_loading,,Loading family devices…,Загрузка семейных устройств…,
family_versions_unavailable,,Home Assistant could not return the family device list. Check that HKI 7 Cloud is up to date.,"Home Assistant не смог вернуть список устройств семейства. Убедитесь, что HKI 7 Cloud обновлен.","don't translate HKI 7 Cloud, Home Assistant"
family_versions_outdated,,Older than yours,Старше твоего,
family_versions_android,,Android %1$s,Android %1$s,app fills in %1$s — keep them
family_versions_reported,,reported %1$s,сообщил %1$s,app fills in %1$s — keep them
family_versions_forget,,Forget this device,Забудьте это устройство,
family_versions_forget_hint,,Forgetting a device only clears it from this list. One that is still in use reappears the next time its app opens.,"Если вы забудете устройство, оно будет удалено только из этого списка. Тот, который все еще используется, снова появится при следующем открытии его приложения.",
family_versions_nudge,,Ask to update to %1$s,Попросить обновиться до %1$s,app fills in %1$s — keep them
family_versions_nudge_clear,,Cancel update request,Отменить запрос на обновление,
family_versions_nudge_pending,,Waiting for this device to update to %1$s. The request clears itself once it does.,Ожидание обновления этого устройства до %1$s. Запрос очищается сам после этого.,app fills in %1$s — keep them
family_require_title,,Require an HKI version,Требовать версию HKI,
family_require_description,,"Everyone below the version you require is asked to update before they can keep using HKI. Nothing here installs anything — Google Play does the update, so people are only ever held up when Play actually has it ready for them.","Каждому пользователю, версия которого ниже требуемой, будет предложено обновиться, прежде чем они смогут продолжать использовать HKI. Здесь ничего не устанавливается — Google Play выполняет обновление, поэтому люди задерживаются только тогда, когда Play действительно готово для них.",
family_require_current,,Currently required: %1$s,На данный момент требуется: %1$s,app fills in %1$s — keep them
family_require_set,,Require everyone to be on %1$s,"Требовать, чтобы все были на %1$s.",app fills in %1$s — keep them
family_require_clear,,Clear the requirement,Очистить требование,
family_require_hint,,"You can only require a version some device already runs, so a requirement can never be one nobody is able to install.","Вы можете потребовать только версию, которая уже работает на каком-то устройстве, поэтому требование никогда не может быть таким, которое никто не сможет установить.",
settings_extra_family_require_failed,,Could not change the required version. It has to be one a family device already runs.,"Не удалось изменить требуемую версию. Это должно быть одно семейное устройство, которое уже работает.",
settings_extra_family_nudge_failed,,Could not ask “%1$s” to update.,Не удалось запросить обновление «%1$s».,app fills in %1$s — keep them
app_update_required_title,,Time to update HKI,Время обновить HKI,
app_update_required_title_device,,This device needs an HKI update,Этому устройству требуется обновление HKI.,
app_update_required_message,,Your family is on HKI %1$s. This device is on %2$s.,Ваша семья зарегистрирована на HKI %1$s. Это устройство находится на %2$s.,app fills in %1$s %2$s — keep them
app_update_required_checking,,Checking Google Play…,Проверяем Google Play…,
app_update_required_update,,Update now,Обновить сейчас,
app_update_required_open_store,,Open HKI in the Play Store,Откройте HKI в магазине Play.,
app_update_required_opened_store,,"Google Play could not take over here, so its store page was opened instead.","Google Play здесь не смог взять верх, поэтому вместо него была открыта страница его магазина.",
app_update_required_unavailable,,"Google Play has no update ready for this device yet. That usually means the release hasn't reached you, or this copy of HKI didn't come from the Play Store.","В Google Play пока нет готовых обновлений для этого устройства. Обычно это означает, что релиз до вас не дошел или эта копия HKI не была получена из Play Store.",
app_update_required_continue,,Continue without updating,Продолжить без обновления,
settings_extra_active_instance,,Active instance,Активный экземпляр,
settings_extra_automatic_cloud_backup_enabled,,Automatic cloud backup enabled.,Автоматическое резервное копирование в облако включено.,
settings_extra_background_restricted_warning,,Restricted — background sync will not work,Ограничено — фоновая синхронизация не будет работать.,
settings_extra_backup_failed,,Backup failed: %1$s,Не удалось выполнить резервное копирование: %1$s.,app fills in %1$s — keep them
settings_extra_backup_unreadable,,The backup could not be read,Резервная копия не может быть прочитана,
settings_extra_battery_optimized_warning,,Optimized — may interrupt background sync,Оптимизировано — может прерывать фоновую синхронизацию.,
settings_extra_buy_me_a_coffee_logo,,Buy Me a Coffee logo,Купи мне кофе логотип,
settings_extra_cloud_backup_created,,Cloud backup created.,Резервная копия в облаке создана.,
settings_extra_cloud_backup_failed,,Cloud backup failed: %1$s,Не удалось выполнить резервное копирование в облако: %1$s.,app fills in %1$s — keep them
settings_extra_cloud_component_missing,,"The HKI 7 Cloud component was not found on your Home Assistant. Install it through HACS, then try again.",Компонент HKI 7 Cloud не найден на вашем Home Assistant. Установите его через HACS и повторите попытку.,"don't translate HKI 7 Cloud, Home Assistant"
settings_extra_copy_dashboard,,Copy %1$s,Копировать %1$s,app fills in %1$s — keep them
settings_extra_corner_modern,,Modern,Современный,
settings_extra_corner_round,,Round,Круглый,
settings_extra_corner_sharp,,Sharp,Острый,
settings_extra_create_custom_page,,Create custom page,Создать пользовательскую страницу,
settings_extra_custom_page_identity_subtitle,,Identity and navigation appearance,Айдентика и внешний вид навигации,
settings_extra_dashboard_backup_saved,,Dashboard backup saved.,Резервная копия панели управления сохранена.,
settings_extra_dashboard_copy_name,,%1$s copy,%1$s копия,app fills in %1$s — keep them
settings_extra_dashboard_default_name,,Dashboard %1$d,Панель мониторинга %1$d,app fills in %1$d — keep them
settings_extra_new_dashboard_confirm_body,,This adds a dashboard alongside the one you are using. Your current dashboard is kept exactly as it is and is never overwritten — you can switch between them at any time.,"Это добавит панель мониторинга рядом с той, которую вы используете. Текущая панель мониторинга сохраняется в том виде, в каком она есть, и никогда не перезаписывается — вы можете переключаться между ними в любое время.",
settings_extra_new_dashboard_confirm_action,,Continue,Продолжать,
settings_extra_new_dashboard_created,,Created “%1$s”,Создано «%1$s»,app fills in %1$s — keep them
uif_onboarding_shared_already_added,,Already added,Уже добавлено,
settings_extra_dashboard_shared_badge,,Shared,Общий,
settings_extra_dashboard_shared_subtitle,,Shared with you by your family. Tap to load,"Поделился с вами вашей семьей. Нажмите, чтобы загрузить",
settings_extra_dashboard_shared_loaded,,Shared with you by your family. Currently loaded,Поделился с вами вашей семьей. В настоящее время загружено,
settings_extra_dashboard_generating,,Your new dashboard is being generated automatically.,Ваша новая панель инструментов создается автоматически.,
settings_extra_dashboard_mode_auto,,Automatic,Автоматический,
settings_extra_dashboard_mode_manual,,Manual,Руководство,
settings_extra_dashboard_restored,,Dashboard configuration restored.,Конфигурация панели мониторинга восстановлена.,
settings_extra_dashboard_shared,,“%1$s” shared.,«%1$s» поделился.,app fills in %1$s — keep them
settings_extra_dashboard_sharing_failed,,Could not share the dashboard.,Не удалось поделиться панелью управления.,
settings_extra_default_user_name,,User,Пользователь,
settings_extra_delete_dashboard,,Delete %1$s,Удалить %1$s,app fills in %1$s — keep them
settings_extra_device_tracker,,Device tracker,Трекер устройств,
settings_extra_device_tracker_subtitle,,"Name used for location, geocoded location, battery, and charging entities","Имя, используемое для местоположения, геокодированного местоположения, аккумулятора и объектов зарядки.",
settings_extra_drive_access_token_missing,,Google Drive authorization did not return an access token.,Авторизация Google Drive не вернула токен доступа.,don't translate Google Drive
settings_extra_drive_authorization_cancelled,,Google Drive authorization was cancelled.,Авторизация Google Drive отменена.,don't translate Google Drive
settings_extra_drive_authorization_failed,,Google Drive authorization failed: %1$s,Google Drive авторизация не удалась: %1$s,app fills in %1$s — keep them; don't translate Google Drive
settings_extra_drive_authorization_open_failed,,Google Drive authorization could not be opened.,Авторизация Google Drive не может быть открыта.,don't translate Google Drive
settings_extra_drive_backups_load_failed,,Could not load Google Drive backups: %1$s,Не удалось загрузить резервные копии Google Drive: %1$s.,app fills in %1$s — keep them; don't translate Google Drive
settings_extra_edit_custom_page,,Edit custom page,Изменить пользовательскую страницу,
settings_extra_effect_glow,,Glow,Светиться,
settings_extra_effect_group_alerts,,Sensors and alarms,Датчики и сигнализация,
settings_extra_effect_group_climate,,Climate and humidity,Климат и влажность,
settings_extra_effect_group_fans,,Fans and vacuums,Вентиляторы и пылесосы,
settings_extra_effect_group_lights,,Lights and switches,Светильники и выключатели,
settings_extra_effect_group_media,,Media players,Медиаплееры,
settings_extra_effect_group_other,,Everything else,Все остальное,
settings_extra_effect_none,,None,Никто,
settings_extra_effect_pulse,,Pulse,Пульс,
settings_extra_effect_spin,,Spin,Вращаться,
settings_extra_empty_dashboard_created,,An empty dashboard was created.,Была создана пустая информационная панель.,
settings_extra_font_atkinson,,Atkinson Hyperlegible,Аткинсон Гиперразборчивый,
settings_extra_font_bree_serif,,Bree Serif,Бри Сериф,
settings_extra_font_comfortaa,,Comfortaa,Комфортаа,
settings_extra_font_cursive,,Cursive,Курсив,
settings_extra_font_default,,Default,По умолчанию,
settings_extra_font_monospace,,Monospace,Моноширинный,
settings_extra_font_nunito,,Nunito,Нунито,
settings_extra_font_patrick_hand,,Patrick Hand,Патрик Хэнд,
settings_extra_font_sans_serif,,Sans serif,Без засечек,
settings_extra_font_serif,,Serif,с засечками,
settings_extra_font_space_grotesk,,Space Grotesk,Космический Гротеск,
settings_extra_ha_backup_created,,Home Assistant backup created.,Резервная копия Home Assistant создана.,don't translate Home Assistant
settings_extra_ha_backup_enabled,,Home Assistant backup enabled.,Резервное копирование Home Assistant включено.,don't translate Home Assistant
settings_extra_ha_backup_failed,,Home Assistant backup failed. Is the HKI 7 Cloud component reachable?,Не удалось выполнить резервное копирование Home Assistant. Доступен ли компонент HKI 7 Cloud?,"don't translate HKI 7 Cloud, Home Assistant"
settings_extra_ha_backups_load_failed,,Could not load Home Assistant backups: %1$s,Не удалось загрузить резервные копии Home Assistant: %1$s.,app fills in %1$s — keep them; don't translate Home Assistant
settings_extra_hide_tab,,Hide tab,Скрыть вкладку,
settings_extra_hki_cloud_step_add_integration,,"Go to Settings → Devices & Services → Add Integration, choose “HKI 7 Cloud,” and confirm.","Перейдите в «Настройки» → «Устройства и службы» → «Добавить интеграцию», выберите «HKI 7 Cloud» и подтвердите.",don't translate HKI 7 Cloud
settings_extra_hki_cloud_step_add_repository,,"Paste %1$s, choose the “Integration” category, and add it.","Вставьте %1$s, выберите категорию «Интеграция» и добавьте ее.",app fills in %1$s — keep them
settings_extra_hki_cloud_step_install,,"Open the new “HKI 7 Cloud” entry, install it, and restart Home Assistant.","Откройте новую запись «HKI 7 Cloud», установите ее и перезапустите Home Assistant.","don't translate HKI 7 Cloud, Home Assistant"
settings_extra_hki_cloud_step_open_custom_repositories,,"In Home Assistant, open HACS → the ⋮ menu in the top-right → Custom repositories.",В Home Assistant откройте HACS → меню ⋮ в правом верхнем углу → Пользовательские репозитории.,don't translate Home Assistant
settings_extra_hki_cloud_step_reopen,,Reopen this screen. The features will appear automatically.,Откройте этот экран снова. Функции появятся автоматически.,
settings_extra_hki_cloud_version,,HKI 7 Cloud v%1$s installed,HKI 7 Cloud v%1$s установлен,app fills in %1$s — keep them; don't translate HKI 7 Cloud
settings_extra_hki_cloud_version_unknown,,HKI 7 Cloud installed (update to see its version),"HKI 7 Cloud установлен (обновите, чтобы увидеть его версию)",don't translate HKI 7 Cloud
settings_extra_hki_cloud_update_to_unlock,,Update to unlock:,Обновление для разблокировки:,
settings_extra_hki_cloud_feature_requires,,%1$s (needs v%2$s+),%1$s (необходим v%2$s+),app fills in %1$s %2$s — keep them
settings_extra_hki_cloud_feature_reimport,,Manually re-importing or clearing dashboard view data,Повторный импорт или очистка данных представления информационной панели вручную.,
settings_extra_hki_cloud_feature_search_lists,,Per-person Visible/Invisible global search lists,Видимые/невидимые глобальные списки поиска для каждого человека,
settings_extra_hki_cloud_feature_room_follow,,Room following,Комната следующая,
settings_extra_hki_cloud_feature_room_follow_launch_only,,"Room following: only place someone on launch, without tracking further moves","Комната следующая: размещайте кого-то только при запуске, не отслеживая дальнейшие перемещения.",
settings_extra_hki_cloud_feature_devices,,Seeing which HKI version each family device runs,"Просмотр версии HKI, на которой работает каждое семейное устройство.",
settings_extra_hki_cloud_feature_required_version,,Requiring the family to update to a given HKI version,Требование к семейству обновиться до заданной версии HKI.,
settings_extra_hki_cloud_feature_events,,"The event timeline, and hiding parts of it from individual people",Хронология событий и скрытие ее частей от отдельных людей,
settings_extra_hki_cloud_tab_requires,,"Needs HKI 7 Cloud v%1$s or newer. Update the component in HACS — until then, what you set here won't take effect.","Требуется HKI 7 Cloud v%1$s или новее. Обновите компонент в HACS — до этого момента то, что вы здесь установите, не вступит в силу.",app fills in %1$s — keep them; don't translate HKI 7 Cloud
settings_extra_location_allowed_always,,Allowed all the time,Разрешено все время,
settings_extra_location_allowed_foreground,,Allowed only while using the app,Разрешено только при использовании приложения,
settings_extra_location_not_allowed,,Not allowed,Не разрешено,
language_search_placeholder,,Search languages,Поиск языков,
language_search_no_matches,,No language matches “%1$s”,Ни один язык не соответствует «%1$s».,app fills in %1$s — keep them
settings_extra_language_dutch,,Nederlands,Нидерланды,
settings_extra_language_english,,English,Английский,
settings_extra_language_french,,Français,Франсэ,
settings_extra_language_german,,Deutsch,немецкий,
settings_extra_language_italian,,Italiano,Итальяно,
settings_extra_language_spanish,,Español,испанский,
settings_extra_language_turkish,,Türkçe,Тюркче,
settings_extra_language_portuguese,,Português,Португальский,
settings_extra_language_portuguese_brazil,,Português (Brasil),Португальский (Бразилия),
settings_extra_language_spanish_latam,,Español (Latinoamérica),Испанский (Латинская Америка),
settings_extra_language_japanese,,日本語,日本語,
settings_extra_language_korean,,한국어,한국어,
settings_extra_language_chinese_simplified,,中文（简体）,中文（简体）,
settings_extra_language_chinese_traditional,,中文（繁體）,中文（繁體）,
settings_extra_no_drive_backups,,No Google Drive backups were found.,Резервные копии Google Drive не найдены.,don't translate Google Drive
settings_extra_no_ha_backups,,No Home Assistant backups were found. Is the HKI 7 Cloud component installed?,Резервные копии Home Assistant не найдены. Установлен ли компонент HKI 7 Cloud?,"don't translate HKI 7 Cloud, Home Assistant"
settings_extra_notifications_multi_home_required,,Required while multiple homes receive notifications. Manage each home under Connection.,"Требуется, если уведомления получают несколько домов. Управляйте каждым домом в разделе Connection.",
settings_extra_notifications_persistent_connection,,Keeps a persistent connection to Home Assistant while the app is closed. This uses more battery.,"Сохраняет постоянное соединение с Home Assistant, пока приложение закрыто. Это требует больше заряда батареи.",don't translate Home Assistant
settings_extra_paypal_logo,,PayPal logo,Логотип PayPal,
settings_extra_policy_update_failed,,Could not update the policy.,Не удалось обновить политику.,
settings_extra_policy_needs_component_update,,Permissions saved. Update HKI 7 Cloud to also store the Visible and Invisible lists.,"Разрешения сохранены. Обновите HKI 7 Cloud, чтобы также сохранить списки видимых и невидимых.",don't translate HKI 7 Cloud
settings_extra_policy_needs_component_update_room_follow,,Permissions saved. Update HKI 7 Cloud to also store the room following settings.,"Разрешения сохранены. Обновите HKI 7 Cloud, чтобы также сохранить следующие настройки комнаты.",don't translate HKI 7 Cloud
settings_extra_policy_needs_component_update_events,,"Permissions saved, but this HKI 7 Cloud is too old to hide events from this person — they would see the whole timeline. Update it to apply the restriction.","Разрешения сохранены, но этот HKI 7 Cloud слишком стар, чтобы скрыть события от этого человека — он увидит всю временную шкалу. Обновите его, чтобы применить ограничение.",don't translate HKI 7 Cloud
settings_extra_tab_presence,,Presence,Присутствие,
settings_extra_tab_events,,Events,События,
settings_extra_events_title,,Event timeline,Хронология событий,
settings_extra_events_description,,"Choose which entities the family sees recent activity for, in the Events tab of the notification drawer. Set once here rather than on each phone. This hides the timeline, not the entities — anyone signed in to Home Assistant can still read them there.","Выберите, для каких объектов семья будет видеть недавнюю активность, на вкладке «События» панели уведомлений. Устанавливайте один раз здесь, а не на каждом телефоне. При этом скрывается временная шкала, а не объекты — любой, кто вошел в систему Home Assistant, все равно сможет их там прочитать.",don't translate Home Assistant
settings_extra_events_loading,,Loading the roster…,Загрузка списка…,
settings_extra_events_unavailable,,Could not read the roster from HKI 7 Cloud.,Не удалось прочитать состав HKI 7 Cloud.,don't translate HKI 7 Cloud
settings_extra_events_empty,,No entities are being tracked yet.,Ни один объект пока не отслеживается.,
settings_extra_events_choose,,Choose entities,Выберите объекты,
settings_extra_events_edit,,Edit entities,Редактировать объекты,
settings_extra_events_pick_title,,Entities to show events for,Объекты для отображения событий,
settings_extra_events_save_failed,,Could not save the event roster.,Не удалось сохранить список событий.,
settings_extra_events_capped,,Saved %1$d entities and %2$d domains. The timeline roster is capped.,Сохранено %1$d объектов и %2$d доменов. Список временных рамок ограничен.,app fills in %1$d %2$d — keep them
settings_extra_events_whole_domain,,All %1$s (%2$d entities),Все %1$s (объекты %2$d),app fills in %1$s %2$d — keep them
settings_extra_events_resolved_capped,,"This roster covers %2$d entities, but a timeline subscribes to at most %1$d. Remove a domain, or add entities by name instead.","Этот список охватывает %2$d объектов, но временная шкала подписывается не более чем на %1$d. Удалите домен или вместо этого добавьте объекты по имени.",app fills in %2$d %1$d — keep them
settings_extra_events_per_person_title,,Who sees what,Кто что видит,
settings_extra_events_per_person_description,,Everyone sees the whole timeline unless you take something out of it for them.,"Все видят всю временную шкалу, если вы не извлекаете из нее что-то для них.",
settings_extra_events_sees_everything,,Sees the whole timeline,Видит всю шкалу времени,
settings_extra_events_hidden_count,,%1$d hidden,%1$d скрыто,app fills in %1$d — keep them
settings_extra_events_manage,,Manage,Управлять,
settings_extra_events_hidden_title,,Hide from this person,Спрятаться от этого человека,
settings_extra_events_notifications_hint,,"The Events tab in the notification drawer shows recent activity for the entities your family admin chose. It is set for the whole family in Family Sharing, not per device.","На вкладке «События» в панели уведомлений отображаются последние действия объектов, выбранных администратором вашей семьи. В Семейном доступе он настроен для всей семьи, а не для каждого устройства.",
settings_extra_events_open_family_sharing,,Open Family Sharing,Открытый семейный доступ,
settings_extra_room_follow_title,,Room following,Комната следующая,
settings_extra_room_follow_description,,"Pick the room-presence sensor that tracks each person's phone, such as an ESPresense sensor. The app opens the room they are in and offers to follow them as they move.","Выберите датчик присутствия в помещении, который отслеживает телефон каждого человека, например датчик ESPresense. Приложение открывает комнату, в которой они находятся, и предлагает следить за ними во время движения.",
settings_extra_room_follow_sensor,,Presence sensor,Датчик присутствия,
settings_extra_room_follow_none,,No sensor,Нет датчика,
settings_extra_room_follow_enabled,,Follow this person between rooms,Следуйте за этим человеком между комнатами,
settings_extra_room_follow_open_on_launch,,Open their room when the app starts,Открыть свою комнату при запуске приложения,
settings_extra_room_follow_continue_after_launch,,Keep following while the app is open,"Продолжайте следить, пока приложение открыто",
settings_extra_room_follow_continue_after_launch_hint,,"Turn off to only place them in the right room when the app starts, without switching rooms again while they're using it.","Выключите, чтобы размещать их только в нужной комнате при запуске приложения, не переключая комнаты снова, пока они его используют.",
settings_extra_room_follow_prompt_on_move,,Ask before switching rooms,"Спросите, прежде чем менять номер",
settings_extra_room_follow_dwell,,Wait before a move counts,"Подождите, пока ход не будет засчитан",
settings_extra_room_follow_dwell_value,,%1$d s,%1$d с,app fills in %1$d — keep them
settings_extra_room_follow_dwell_hint,,Room-presence sensors drift between nearby rooms. A longer wait means fewer false moves.,Датчики присутствия перемещаются между соседними комнатами. Более длительное ожидание означает меньше ложных ходов.,
settings_extra_room_follow_rooms,,Sensor states,Состояния датчика,
settings_extra_room_follow_rooms_matched,,Matched automatically,Сопоставляется автоматически,
settings_extra_room_follow_rooms_unmatched,,Pick a room,Выберите комнату,
settings_extra_room_follow_no_states,,No states seen yet. States appear here once the sensor reports them.,"Никаких штатов пока не видно. Состояния появляются здесь, как только датчик сообщает о них.",
room_follow_moved_title,,You moved to %1$s,Вы переехали в %1$s,app fills in %1$s — keep them
room_follow_moved_message,,"Switch to that room, or stay where you are?","Перейти в ту комнату или остаться там, где стоишь?",
room_follow_moved_switch,,Switch,Выключатель,
room_follow_moved_stay,,Stay,Оставаться,
room_follow_moved_silence,,Don't ask again until I restart the app,"Больше не спрашивать, пока я не перезапущу приложение.",
settings_extra_rename_dashboard,,Rename %1$s,Переименуйте %1$s,app fills in %1$s — keep them
settings_extra_rename_instance,,Rename %1$s,Переименуйте %1$s,app fills in %1$s — keep them
settings_extra_restart_home_assistant_failed,,Could not restart Home Assistant.,Не удалось перезапустить Home Assistant.,don't translate Home Assistant
settings_extra_restore_failed,,Restore failed: %1$s,Не удалось восстановить: %1$s.,app fills in %1$s — keep them
settings_extra_selected_file_open_failed,,Could not open the selected file,Не удалось открыть выбранный файл,
settings_extra_set_dashboard_default,,Set %1$s as the default dashboard,Установите %1$s в качестве информационной панели по умолчанию.,app fills in %1$s — keep them
settings_extra_family_device_forget_failed,,Could not forget “%1$s.”,Не удалось забыть «%1$s».,app fills in %1$s — keep them
settings_extra_shared_dashboard_access_failed,,Could not change who can see “%1$s.”,"Не удалось изменить, кто может видеть «%1$s».",app fills in %1$s — keep them
settings_extra_shared_dashboard_access_updated,,Updated who can see “%1$s.”,"Обновлено, кто может видеть «%1$s».",app fills in %1$s — keep them
settings_extra_shared_dashboard_delete_failed,,Could not delete “%1$s.”,Не удалось удалить «%1$s».,app fills in %1$s — keep them
settings_extra_shared_dashboard_deleted,,“%1$s” was deleted from the cloud.,«%1$s» был удален из облака.,app fills in %1$s — keep them
settings_extra_shared_dashboard_import_failed,,Could not import “%1$s.”,Не удалось импортировать «%1$s».,app fills in %1$s — keep them
settings_extra_shared_dashboard_imported,,“%1$s” was imported into your dashboards.,«%1$s» был импортирован в ваши информационные панели.,app fills in %1$s — keep them
settings_extra_shared_dashboard_now_using,,Now using “%1$s.”,Теперь используем «%1$s».,app fills in %1$s — keep them
settings_extra_shared_dashboard_use_failed,,Could not use “%1$s.”,Не удалось использовать «%1$s».,app fills in %1$s — keep them
settings_extra_shared_dashboards_up_to_date,,Shared dashboards are already up to date.,Общие информационные панели уже обновлены.,
settings_extra_show_tab,,Show tab,Показать вкладку,
settings_extra_tab_dashboards,,Dashboards,Панели мониторинга,
settings_extra_tab_devices,,Devices,Устройства,
settings_extra_tab_parental_controls,,Parental controls,Родительский контроль,
settings_extra_tab_permissions,,Permissions,Разрешения,
settings_extra_technology_kotlin,,Kotlin,Котлин,
settings_extra_technology_xml_kotlin_dsl,,XML and Kotlin DSL,XML и Kotlin DSL,
settings_extra_theme_amber,,Amber,Янтарь,
settings_extra_theme_auto,,Auto,Авто,
settings_extra_theme_blue,,Blue,Синий,
settings_extra_theme_custom,,Custom,Обычай,
settings_extra_theme_dark,,Dark,Темный,
settings_extra_theme_green,,Green,Зеленый,
settings_extra_theme_light,,Light,Свет,
settings_extra_theme_rose,,Rose,Роза,
settings_extra_theme_system,,System,Система,
settings_extra_unknown_error,,Unknown error,Неизвестная ошибка,
settings_extra_unrestricted_recommended,,Unrestricted (recommended),Неограниченно (рекомендуется),
settings_extra_view_battery,,Battery,Батарея,
settings_extra_view_climate,,Climate,Климат,
settings_extra_view_energy,,Energy,Энергия,
settings_extra_view_rooms,,Rooms,Номера,
settings_extra_view_security,,Security,Безопасность,
settings_extra_minutes_ago,one,%1$d minute ago,%1$d минуту назад,app fills in %1$d — keep them
settings_extra_minutes_ago,other,%1$d minutes ago,%1$d минут назад,app fills in %1$d — keep them
settings_extra_minutes_ago,few,,%1$d минут назад,
settings_extra_minutes_ago,many,,%1$d минут назад,
settings_extra_hours_ago,one,%1$d hour ago,%1$d час назад,app fills in %1$d — keep them
settings_extra_hours_ago,other,%1$d hours ago,%1$d часов назад,app fills in %1$d — keep them
settings_extra_hours_ago,few,,%1$d часов назад,
settings_extra_hours_ago,many,,%1$d часов назад,
settings_extra_days_ago,one,%1$d day ago,%1$d день назад,app fills in %1$d — keep them
settings_extra_days_ago,other,%1$d days ago,%1$d дней назад,app fills in %1$d — keep them
settings_extra_days_ago,few,,%1$d дней назад,
settings_extra_days_ago,many,,%1$d дней назад,
settings_extra_shared_dashboards_pushed,one,Pushed changes to %1$d shared dashboard.,Внесены изменения в общую панель мониторинга %1$d.,app fills in %1$d — keep them
settings_extra_shared_dashboards_pushed,other,Pushed changes to %1$d shared dashboards.,Внесены изменения в общие информационные панели %1$d.,app fills in %1$d — keep them
settings_extra_shared_dashboards_pushed,few,,Внесены изменения в общие информационные панели %1$d.,
settings_extra_shared_dashboards_pushed,many,,Внесены изменения в общие информационные панели %1$d.,
family_permission_reimport,,Allow re-importing,Разрешить повторный импорт,
family_permission_reimport_subtitle,,"Let this person manually re-import or clear Rooms, Climate, Security, Energy, and Battery data","Разрешить этому человеку вручную повторно импортировать или удалить данные о помещениях, климате, безопасности, энергопотреблении и аккумуляторе.",
family_dashboard_create_disabled_reason,,Your family administrator has disabled dashboard creation. This account can only use family-shared dashboards.,Администратор вашей семейной группы отключил создание информационной панели. Эта учетная запись может использовать только общие панели мониторинга для всей семьи.,
family_dashboard_restore_disabled_reason,,"Your family administrator has disabled dashboard switching. Restoring a backup could replace the family dashboard, so this account can only select a shared dashboard.","Администратор вашей семейной группы отключил переключение панели управления. Восстановление резервной копии может заменить семейную панель мониторинга, поэтому эта учетная запись сможет выбрать только общую панель управления.",
family_settings_admin_only,,Locked — only a Home Assistant administrator can manage family sharing,Заблокировано: управлять семейным доступом может только администратор Home Assistant.,don't translate Home Assistant
family_aesthetics_only_explanation,,"Aesthetics-only access allows local names, icons, colors, backgrounds, card styles, shapes, sizes, and layout. Entities, actions, visibility rules, content, controls, and other behavior remain managed by the dashboard owner.","Доступ только к эстетике позволяет использовать локальные имена, значки, цвета, фон, стили карточек, формы, размеры и макет. Сущности, действия, правила видимости, контент, элементы управления и другое поведение остаются под управлением владельца информационной панели.",
parental_search_access_title,,Entity search access,Доступ к поиску объектов,
parental_search_access_hint,,Choose which Home Assistant domains or individual entities this person can find in global search. Invisible selections always take precedence.,"Выберите, какие домены Home Assistant или отдельные объекты этот человек может найти в глобальном поиске. Невидимые выделения всегда имеют приоритет.",don't translate Home Assistant
parental_search_visible_title,,Visible,Видимый,
parental_search_invisible_title,,Invisible,Невидимый,
parental_search_visible_empty,,All entities are visible unless they appear in the Invisible list.,"Все объекты видимы, если они не указаны в списке «Невидимые».",
parental_search_invisible_empty,,No entities are explicitly hidden.,Ни одна сущность не скрыта явно.,
parental_search_picker_subtitle,,Select entire domains or individual entities,Выберите целые домены или отдельные объекты,
parental_search_domains,,Domains,Домены,
parental_search_entire_domain,,Entire domain,Весь домен,
parental_search_domain_chip,,Domain: %1$s,Домен: %1$s,app fills in %1$s — keep them
ha_page_category,,Home Assistant,Home Assistant,don't translate Home Assistant
ha_page_category_subtitle,,Open your server's own pages without leaving HKI 7,"Откройте собственные страницы вашего сервера, не выходя из HKI 7.",don't translate HKI 7
ha_page_settings,,Home Assistant settings,Home Assistant настройки,don't translate Home Assistant
ha_page_settings_subtitle,,"Integrations, devices, areas and automations","Интеграции, устройства, области и автоматизация",
ha_page_dev_tools,,Developer tools,Инструменты разработчика,
ha_page_dev_tools_subtitle,,"States, services, templates and events","Состояния, сервисы, шаблоны и события",
ha_page_hacs,,HACS,ХАКС,
ha_page_hacs_subtitle,,Community integrations and frontend add-ons,Интеграция сообщества и надстройки внешнего интерфейса,
ha_page_no_server,,Connect to a Home Assistant server first.,Сначала подключитесь к серверу Home Assistant.,don't translate Home Assistant
ha_page_reload,,Reload,Перезагрузить,
ha_page_open_browser,,Open in browser,Открыть в браузере,
ha_page_session_failed,,Could not start the embedded Home Assistant session. Reload the page or open it in your browser.,Не удалось запустить встроенный сеанс Home Assistant. Перезагрузите страницу или откройте ее в браузере.,don't translate Home Assistant
update_channel_name,,App updates,Обновления приложений,
update_channel_description,,Tells you when a newer version of HKI 7 has been released,"Сообщает вам, когда была выпущена новая версия HKI 7.",don't translate HKI 7
update_available_title,,HKI 7 %1$s is available,HKI 7 %1$s доступен,app fills in %1$s — keep them; don't translate HKI 7
update_available_body,,Tap to see what changed and update,"Нажмите, чтобы увидеть, что изменилось и обновить",
update_title,,App updates,Обновления приложений,
update_subtitle_checking,,Checking for a newer version…,Проверяем наличие новой версии…,
update_subtitle_current,,You are on the latest version,Вы используете последнюю версию,
update_subtitle_available,,Version %1$s is available,Версия %1$s доступна.,app fills in %1$s — keep them
update_check_now,,Check for updates,Проверьте наличие обновлений,
update_now,,Update now,Обновить сейчас,
update_see_changes,,See what changed,"Посмотрите, что изменилось",
update_watch_releases,,Tell me about new releases,Расскажите мне о новых выпусках,
update_watch_releases_subtitle,,Checks GitHub once a day and notifies you when a newer version is published,Проверяет GitHub один раз в день и уведомляет вас о публикации новой версии.,
uif_a_state,,a state,государство,
uif_a_time,,a time,время,
uif_actions,,Actions,Действия,
uif_active,,Active,Активный,
uif_adaptive,,Adaptive,Адаптивный,
uif_advanced,,Advanced,Передовой,
uif_air_quality,,Air quality,Качество воздуха,
uif_alarm,,Alarm,Тревога,
uif_alarms,,Alarms,Сигнализация,
uif_allow,,Allow,Позволять,
uif_allow_all_the_time,,Allow all the time,Разрешить все время,
uif_and_separator,,\u0020and\u0020,\\u0020и\\u0020,
uif_appearance,,Appearance,Появление,
uif_aqi,,AQI,АКИ,
uif_auto,,Auto,Авто,
uif_back,,Back,Назад,
uif_beep,,Beep,Звуковой сигнал,
uif_brightness,,Brightness,Яркость,
uif_bucket,,Bucket,Ведро,
uif_choose_action,,Choose action,Выберите действие,
uif_choose_entity,,Choose entity,Выберите объект,
uif_choose_target,,Choose target,Выберите цель,
uif_circle,,Circle,Круг,
uif_color,,Color,Цвет,
uif_date,,Date,Дата,
uif_date_and_time,,Date and time,Дата и время,
uif_defrost,,Defrost,Разморозка,
uif_devices_on,,Devices on,Устройства включены,
uif_direction_east_short,,E,Э,
uif_direction_north_short,,N,Н,
uif_direction_northeast_short,,NE,СВ,
uif_direction_northwest_short,,NW,СЗ,
uif_direction_south_short,,S,С,
uif_direction_southeast_short,,SE,ЮВ,
uif_direction_southwest_short,,SW,ЮВ,
uif_direction_west_short,,W,Вт,
uif_display,,Display,Отображать,
uif_edit,,Edit,Редактировать,
uif_enable,,Enable,Давать возможность,
uif_enable_location,,Enable location,Включить местоположение,
uif_enabled,,Enabled,Включено,
uif_entities,,Entities,Сущности,
uif_error,,Error,Ошибка,
uif_fan_speed,,Fan speed,Скорость вентилятора,
uif_feels_like_temperature,,Feels like %1$d°,По ощущениям %1$d°,app fills in %1$d — keep them
uif_filter,,Filter,Фильтр,
uif_fire,,Fire,Огонь,
uif_flow_actions_available,,Actions available in Home Assistant,"Действия, доступные в Home Assistant",don't translate Home Assistant
uif_flow_actions_load_failed,,Could not load Home Assistant actions,Не удалось загрузить действия Home Assistant.,don't translate Home Assistant
uif_flow_advanced_block_unchanged,,Advanced block (kept unchanged),Расширенный блок (оставлен без изменений),
uif_flow_after_format,,After (HH:MM:SS),После (ЧЧ:ММ:СС),
uif_flow_after_time,,after %1$s,после %1$s,app fills in %1$s — keep them
uif_flow_at_time,,At %1$s,В %1$s,app fills in %1$s — keep them
uif_flow_automation_delete_failed,,Could not delete this automation,Не удалось удалить эту автоматизацию.,
uif_flow_automation_deleted,,Deleted from Home Assistant,Удален из Home Assistant,don't translate Home Assistant
uif_flow_automation_load_failed,,Could not load this automation,Не удалось загрузить эту автоматизацию.,
uif_flow_automation_save_failed,,Could not save this automation,Не удалось сохранить эту автоматизацию.,
uif_flow_automation_saved,,Saved and loaded in Home Assistant,Сохранено и загружено в Home Assistant.,don't translate Home Assistant
uif_flow_before_format,,Before (HH:MM:SS),До (ЧЧ:ММ:СС),
uif_flow_before_time,,before %1$s,до %1$s,app fills in %1$s — keep them
uif_flow_domain_actions_first,,%1$s actions are shown first,Действия %1$s отображаются первыми,app fills in %1$s — keep them
uif_flow_entity_becomes_state,,%1$s becomes %2$s,%1$s становится %2$s,app fills in %1$s %2$s — keep them
uif_flow_entity_is_state,,%1$s is %2$s,%1$s равен %2$s,app fills in %1$s %2$s — keep them
uif_flow_entity_state,,Entity state,Состояние сущности,
uif_flow_ha_action,,Home Assistant action,Home Assistant действие,don't translate Home Assistant
uif_flow_mode_parallel,,Parallel,Параллельно,
uif_flow_mode_parallel_description,,Start every trigger as a separate run at the same time.,Запускайте каждый триггер как отдельный запуск одновременно.,
uif_flow_mode_queued,,Queued,В очереди,
uif_flow_mode_queued_description,,"Wait, then run each trigger in the order it arrived.","Подождите, а затем запустите каждый триггер в том порядке, в котором он прибыл.",
uif_flow_mode_restart,,Restart,Перезапуск,
uif_flow_mode_restart_description,,Stop the current run and start again when conditions still pass.,"Остановите текущий прогон и начните снова, когда условия еще сохранятся.",
uif_flow_mode_single,,Single,Одинокий,
uif_flow_mode_single_description,,Ignore a new trigger while this flow is still running.,"Игнорируйте новый триггер, пока этот поток все еще работает.",
uif_flow_perform_ha_action,,Perform a Home Assistant action,Выполните действие Home Assistant.,don't translate Home Assistant
uif_flow_section_and_if,,And if,И если,
uif_flow_section_then,,Then,Затем,
uif_flow_section_when,,When,Когда,
uif_flow_sun_event,,Sun event,Событие Солнца,
uif_flow_sunrise_or_sunset,,Sunrise or sunset,Восход или закат,
uif_flow_time_format,,Time (HH:MM:SS),Время (ЧЧ:ММ:СС),
uif_flow_time_window,,Time window,Временное окно,
uif_flow_group_any,,Any of these,Любой из этих,
uif_flow_group_all,,All of these,Все это,
uif_flow_group_none,,None of these,Ничего из этого,
uif_flow_group_empty,,Empty — open it to add conditions,"Пусто — откройте, чтобы добавить условия",
uif_flow_group_open,,Open group,Открытая группа,
uif_flow_group_back,,Back,Назад,
uif_flow_group_count,one,%1$d condition inside,%1$d состояние внутри,app fills in %1$d — keep them
uif_flow_group_count,other,%1$d conditions inside,%1$d условия внутри,app fills in %1$d — keep them
uif_flow_group_count,few,,%1$d условия внутри,
uif_flow_group_count,many,,%1$d условия внутри,
uif_flow_within_time_window,,Within a time window,Во временном окне,
uif_full,,Full,Полный,
uif_gas,,Gas,Газ,
uif_glow,,Glow,Светиться,
uif_half,,Half,Половина,
uif_header_pill,,Header pill,Заголовок таблетки,
uif_hold,,Hold,Держать,
uif_humidity,,Humidity,Влажность,
uif_ionizer,,Ionizer,ионизатор,
uif_lights_on,,Lights on,Свет включен,
uif_local_network_access,,Local network access,Доступ к локальной сети,
uif_local_network_access_description,,Allows HKI 7 to find and connect directly to Home Assistant on your Wi-Fi network.,Позволяет HKI 7 находить и напрямую подключаться к Home Assistant в вашей сети Wi-Fi.,"don't translate Home Assistant, HKI 7"
uif_mode_auto,,Auto,Авто,
uif_mode_away,,Away,Прочь,
uif_mode_baby,,Baby,Малыш,
uif_mode_boost,,Boost,Способствовать росту,
uif_mode_clothes,,Clothes,Одежда,
uif_mode_comfort,,Comfort,Комфорт,
uif_mode_continuous,,Continuous,Непрерывный,
uif_mode_dry,,Dry,Сухой,
uif_mode_eco,,Eco,Эко,
uif_mode_high,,High,Высокий,
uif_mode_home,,Home,Дом,
uif_mode_laundry,,Laundry,Прачечная,
uif_mode_low,,Low,Низкий,
uif_mode_manual,,Manual,Руководство,
uif_mode_medium,,Medium,Середина,
uif_mode_normal,,Normal,Нормальный,
uif_mode_purify,,Purify,Очищать,
uif_mode_quiet,,Quiet,Тихий,
uif_mode_sleep,,Sleep,Спать,
uif_moon,,Moon,Луна,
uif_moon_phase_first_quarter,,First quarter,Первый квартал,
uif_moon_phase_full,,Full moon,Полная луна,
uif_moon_phase_last_quarter,,Last quarter,Последний квартал,
uif_moon_phase_new,,New moon,Новолуние,
uif_moon_phase_waning_crescent,,Waning crescent,Убывающий полумесяц,
uif_moon_phase_waning_gibbous,,Waning gibbous,Убывающая луна,
uif_moon_phase_waxing_crescent,,Waxing crescent,Растущий полумесяц,
uif_moon_phase_waxing_gibbous,,Waxing gibbous,Растущая луна,
uif_motion,,Motion,Движение,
uif_mute,,Mute,Немой,
uif_next,,Next,Следующий,
uif_none,,None,Никто,
uif_off,,Off,Выключенный,
uif_onboarding_add_in_edit_mode,,Add everything yourself in Edit mode,Добавляйте все самостоятельно в режиме редактирования.,
uif_onboarding_add_internal_url_later,,"For a faster direct connection at home, you can add an internal URL and your home Wi-Fi networks later in Settings > Connection.",Для более быстрого прямого подключения дома вы можете добавить внутренний URL-адрес и домашние сети Wi-Fi позже в «Настройки» > «Подключение».,
uif_onboarding_add_remote_url_later,,"To connect while you're away from home, add a Nabu Casa or external URL later in Settings > Connection.","Чтобы подключиться, находясь вдали от дома, добавьте Nabu Casa или внешний URL-адрес позже в «Настройки» > «Подключение».",don't translate Nabu Casa
uif_onboarding_auto_entities,,"Finds suitable Climate, Security, Energy and Battery entities","Находит подходящие объекты по климату, безопасности, энергетике и батареям.",
uif_onboarding_auto_generate,,Auto generate,Автоматическое создание,
uif_onboarding_auto_rooms_floors,,Creates rooms and floors from Home Assistant areas,Создает комнаты и этажи из Home Assistant областей.,don't translate Home Assistant
uif_onboarding_building_dashboard,,Building dashboard…,Создание приборной панели…,
uif_onboarding_connection_failed,,Connection failed,Соединение не удалось,
uif_onboarding_everything_editable,,Everything can be changed afterward in Edit mode,Все можно изменить позже в режиме редактирования.,
uif_onboarding_external_access_explanation,,HKI 7 can reach your smart home both at home and while you're away through the external URL you entered.,"HKI 7 может получить доступ к вашему умному дому как дома, так и во время вашего отсутствия через введенный вами внешний URL-адрес.",don't translate HKI 7
uif_onboarding_local_access_explanation,,Your smart home is currently available to HKI 7 only while this device can reach your local Home Assistant network.,"Ваш умный дом в настоящее время доступен HKI 7 только до тех пор, пока это устройство может подключиться к вашей локальной сети Home Assistant.","don't translate Home Assistant, HKI 7"
uif_onboarding_login_failed,,Login failed: %1$s,Ошибка входа: %1$s,app fills in %1$s — keep them
uif_onboarding_nabu_casa_access_explanation,,HKI 7 can reach your smart home both at home and while you're away through your Nabu Casa URL.,"HKI 7 может получить доступ к вашему умному дому как дома, так и в ваше отсутствие через URL-адрес Nabu Casa.","don't translate Nabu Casa, HKI 7"
uif_onboarding_no_authorization_code,,Login failed: Home Assistant returned no authorization code.,Ошибка входа: Home Assistant не вернул код авторизации.,don't translate Home Assistant
uif_onboarding_preparing_dashboard,,Preparing dashboard…,Подготовка панели…,
uif_onboarding_server_http_error,,The server answered with HTTP %1$d,Сервер ответил HTTP %1$d.,app fills in %1$d — keep them
uif_onboarding_shared_import_failed,,Could not import “%1$s”. Try again.,Не удалось импортировать «%1$s». Попробуйте еще раз.,app fills in %1$s — keep them
uif_onboarding_start_empty,,Start empty,Начать пусто,
uif_onboarding_starts_empty,,"Starts without imported rooms, widgets or view entities","Запускается без импортированных комнат, виджетов или объектов просмотра.",
uif_open,,Open,Открыть,
uif_open_doors,,Open doors,Открытые двери,
uif_open_settings,,Open settings,Открыть настройки,
uif_open_windows,,Open windows,Открытые окна,
uif_of_enabled,,%1$d of %2$d enabled,%1$d из %2$d включен,app fills in %1$d %2$d — keep them
uif_pause,,Pause,Пауза,
uif_percentage,,Percentage,Процент,
uif_permissions_can_be_changed_later,,You can change these permissions later in Android Settings.,Вы можете изменить эти разрешения позже в настройках Android.,
uif_pick_to_auto_fill,,Pick to auto-fill,Выберите для автозаполнения,
uif_pill,,Pill,Таблетка,
uif_play,,Play,Играть,
uif_playlists,,Playlists,Плейлисты,
uif_pm25,,PM2.5,"ТЧ2,5",
uif_presence,,Presence,Присутствие,
uif_pressure,,Pressure,Давление,
uif_pressure_hpa,,%1$d hPa,%1$d гПа,app fills in %1$d — keep them
uif_previous,,Previous,Предыдущий,
uif_pulse,,Pulse,Пульс,
uif_pump,,Pump,Насос,
uif_rain,,Rain,Дождь,
uif_rain_map_camera,,Rain map camera,Камера с картой дождя,
uif_recipe_arrive_home_description,,Activate a scene when someone arrives home,"Активируйте сцену, когда кто-то приходит домой",
uif_recipe_arrive_home_title,,Welcome home,Добро пожаловать домой,
uif_recipe_bedtime_description,,Turn off a light at a chosen bedtime,Выключайте свет в выбранное время сна,
uif_recipe_bedtime_title,,Bedtime lights,Огни перед сном,
uif_recipe_blank_description,,Build an automation from an empty canvas,Создайте автоматизацию с пустого холста,
uif_recipe_blank_title,,Start empty,Начать пусто,
uif_recipe_close_covers_description,,Close a cover when the sun sets,"Закройте крышку, когда солнце садится",
uif_recipe_close_covers_title,,Close covers at sunset,Закройте крышки на закате,
uif_recipe_entity_state_description,,Run an action when an entity reaches a state,"Запуск действия, когда сущность достигает состояния",
uif_recipe_entity_state_title,,Entity changes,Изменения сущности,
uif_recipe_leave_home_description,,Turn off a light when someone leaves home,"Выключайте свет, когда кто-то уходит из дома",
uif_recipe_leave_home_title,,Leaving home,Выходя из дома,
uif_recipe_lock_at_night_description,,Lock a door at a chosen time,Запирайте дверь в выбранное время,
uif_recipe_lock_at_night_title,,Lock up at night,Запереть на ночь,
uif_recipe_morning_scene_description,,Activate a scene at a chosen morning time,Активируйте сцену в выбранное утреннее время,
uif_recipe_morning_scene_title,,Morning scene,Утренняя сцена,
uif_recipe_motion_lights_description,,Turn on a light when motion is detected,Включение света при обнаружении движения,
uif_recipe_motion_lights_title,,Motion lighting,Движущееся освещение,
uif_recipe_open_covers_description,,Open a cover when the sun rises,"Откройте крышку, когда восходит солнце",
uif_recipe_open_covers_title,,Open covers at sunrise,Открытые крышки на рассвете,
uif_recipe_schedule_description,,Run an action at a fixed time every day,Запускайте действие в фиксированное время каждый день,
uif_recipe_schedule_title,,At a time,В то время,
uif_recipe_sunrise_lights_off_description,,Turn off a light when the sun rises,"Выключите свет, когда восходит солнце",
uif_recipe_sunrise_lights_off_title,,Lights off at sunrise,Свет выключается на рассвете,
uif_recipe_sunset_description,,Run an action at sunset,Запустите действие на закате,
uif_recipe_sunset_title,,Around sunset,Вокруг заката,
uif_refresh,,Refresh,Обновить,
uif_remove,,Remove,Удалять,
uif_repeat,,Repeat,Повторить,
uif_run,,Run,Бегать,
uif_season,,Season,Сезон,
uif_season_autumn,,Autumn,Осень,
uif_season_spring,,Spring,Весна,
uif_season_summer,,Summer,Лето,
uif_season_winter,,Winter,Зима,
uif_shuffle,,Shuffle,Перетасовать,
uif_sleep,,Sleep,Спать,
uif_smoke,,Smoke,Дым,
uif_source,,Source,Источник,
uif_source_device,,Source device,Исходное устройство,
uif_speed,,Speed,Скорость,
uif_speed_kmh,,%1$d km/h,%1$d км/ч,app fills in %1$d — keep them
uif_spin,,Spin,Вращаться,
uif_state_active,,Active,Активный,
uif_state_away,,Away,Прочь,
uif_state_buffering,,Buffering,Буферизация,
uif_state_cleaning,,Cleaning,Очистка,
uif_state_closed,,Closed,Закрыто,
uif_state_docked,,Docked,Пристыкован,
uif_state_error,,Error,Ошибка,
uif_state_home,,Home,Дом,
uif_state_idle,,Idle,Праздный,
uif_state_locked,,Locked,Заблокировано,
uif_state_off,,Off,Выключенный,
uif_state_on,,On,На,
uif_state_open,,Open,Открыть,
uif_state_paused,,Paused,Приостановлено,
uif_state_playing,,Playing,Играя,
uif_state_returning,,Returning,Возвращение,
uif_state_standby,,Standby,Поддерживать,
uif_state_unavailable,,Unavailable,Недоступно,
uif_state_unknown,,Unknown,Неизвестный,
uif_state_unlocked,,Unlocked,Разблокировано,
uif_sun,,Sun,Солнце,
uif_sunrise,,Sunrise,Восход,
uif_sunset,,Sunset,Закат,
uif_tank,,Tank,Танк,
uif_tap,,Tap,Кран,
uif_third,,Third,Третий,
uif_time,,Time,Время,
uif_unknown,,Unknown,Неизвестный,
uif_update_failed,,Could not update %1$s,Не удалось обновить %1$s.,app fills in %1$s — keep them
uif_updated,,%1$s updated,%1$s обновлено,app fills in %1$s — keep them
uif_weather,,Weather,Погода,
uif_wind,,Wind,Ветер,
uif_active_device_count,one,%1$d active device,%1$d активное устройство,app fills in %1$d — keep them
uif_active_device_count,other,%1$d active devices,%1$d активных устройств,app fills in %1$d — keep them
uif_active_device_count,few,,%1$d активных устройств,
uif_active_device_count,many,,%1$d активных устройств,
uif_adaptive_group_paused_count,one,%1$d group light is paused for manual control.,Групповой свет %1$d приостановлен для ручного управления.,app fills in %1$d — keep them
uif_adaptive_group_paused_count,other,%1$d group lights are paused for manual control.,Групповые индикаторы %1$d приостановлены для ручного управления.,app fills in %1$d — keep them
uif_adaptive_group_paused_count,few,,Групповые индикаторы %1$d приостановлены для ручного управления.,
uif_adaptive_group_paused_count,many,,Групповые индикаторы %1$d приостановлены для ручного управления.,
uif_adaptive_profile_light_count,one,Controls %1$d light in this profile.,Управляет подсветкой %1$d в этом профиле.,app fills in %1$d — keep them
uif_adaptive_profile_light_count,other,Controls %1$d lights in this profile.,Управляет индикаторами %1$d в этом профиле.,app fills in %1$d — keep them
uif_adaptive_profile_light_count,few,,Управляет индикаторами %1$d в этом профиле.,
uif_adaptive_profile_light_count,many,,Управляет индикаторами %1$d в этом профиле.,
uif_days_to_season,one,%1$d day to %2$s,%1$d дня по %2$s,app fills in %1$d %2$s — keep them
uif_days_to_season,other,%1$d days to %2$s,От %1$d дней до %2$s,app fills in %1$d %2$s — keep them
uif_days_to_season,few,,От %1$d дней до %2$s,
uif_days_to_season,many,,От %1$d дней до %2$s,
uif_device_on_count,one,%1$d device on,Устройство %1$d включено,app fills in %1$d — keep them
uif_device_on_count,other,%1$d devices on,%1$d устройств включено,app fills in %1$d — keep them
uif_device_on_count,few,,%1$d устройств включено,
uif_device_on_count,many,,%1$d устройств включено,
uif_fire_detector_count,one,%1$d fire detector active,%1$d пожарный извещатель активен,app fills in %1$d — keep them
uif_fire_detector_count,other,%1$d fire detectors active,%1$d пожарные извещатели активны,app fills in %1$d — keep them
uif_fire_detector_count,few,,%1$d пожарные извещатели активны,
uif_fire_detector_count,many,,%1$d пожарные извещатели активны,
uif_flow_advanced_block_count,one,%1$d advanced shorthand block (kept unchanged),%1$d расширенный блок сокращений (остается без изменений),app fills in %1$d — keep them
uif_flow_advanced_block_count,other,%1$d advanced shorthand blocks (kept unchanged),%1$d расширенные блоки сокращений (остаются без изменений),app fills in %1$d — keep them
uif_flow_advanced_block_count,few,,%1$d расширенные блоки сокращений (остаются без изменений),
uif_flow_advanced_block_count,many,,%1$d расширенные блоки сокращений (остаются без изменений),
uif_gas_detector_count,one,%1$d gas detector active,%1$d детектор газа активен,app fills in %1$d — keep them
uif_gas_detector_count,other,%1$d gas detectors active,%1$d детекторы газа активны,app fills in %1$d — keep them
uif_gas_detector_count,few,,%1$d детекторы газа активны,
uif_gas_detector_count,many,,%1$d детекторы газа активны,
uif_light_on_count,one,%1$d light on,%1$d горит,app fills in %1$d — keep them
uif_light_on_count,other,%1$d lights on,%1$d горит,app fills in %1$d — keep them
uif_light_on_count,few,,%1$d горит,
uif_light_on_count,many,,%1$d горит,
uif_media_item_count,one,%1$d item,%1$d предмет,app fills in %1$d — keep them
uif_media_item_count,other,%1$d items,%1$d предметов,app fills in %1$d — keep them
uif_media_item_count,few,,%1$d предметов,
uif_media_item_count,many,,%1$d предметов,
uif_motion_sensor_count,one,%1$d motion sensor active,%1$d датчик движения активен,app fills in %1$d — keep them
uif_motion_sensor_count,other,%1$d motion sensors active,%1$d датчики движения активны,app fills in %1$d — keep them
uif_motion_sensor_count,few,,%1$d датчики движения активны,
uif_motion_sensor_count,many,,%1$d датчики движения активны,
uif_open_door_count,one,%1$d open door,%1$d открытая дверь,app fills in %1$d — keep them
uif_open_door_count,other,%1$d open doors,%1$d открытые двери,app fills in %1$d — keep them
uif_open_door_count,few,,%1$d открытые двери,
uif_open_door_count,many,,%1$d открытые двери,
uif_open_window_count,one,%1$d open window,%1$d открыть окно,app fills in %1$d — keep them
uif_open_window_count,other,%1$d open windows,%1$d открыть окна,app fills in %1$d — keep them
uif_open_window_count,few,,%1$d открыть окна,
uif_open_window_count,many,,%1$d открыть окна,
uif_presence_sensor_count,one,%1$d presence sensor active,%1$d датчик присутствия активен,app fills in %1$d — keep them
uif_presence_sensor_count,other,%1$d presence sensors active,%1$d датчики присутствия активны,app fills in %1$d — keep them
uif_presence_sensor_count,few,,%1$d датчики присутствия активны,
uif_presence_sensor_count,many,,%1$d датчики присутствия активны,
uif_smoke_detector_count,one,%1$d smoke detector active,%1$d детектор дыма активен,app fills in %1$d — keep them
uif_smoke_detector_count,other,%1$d smoke detectors active,%1$d детекторы дыма активны,app fills in %1$d — keep them
uif_smoke_detector_count,few,,%1$d детекторы дыма активны,
uif_smoke_detector_count,many,,%1$d детекторы дыма активны,
weather_animate_title,,Animated weather,Анимированная погода,
weather_animate_description,,"Where the full-colour weather artwork plays. Turn a surface off to show its still artwork instead — the forecast strips are the ones that cost the most, since they animate a dozen icons side by side.","Где играет полноцветная графика погоды. Вместо этого выключите поверхность, чтобы показать ее неподвижное изображение — полосы прогнозов стоят дороже всего, поскольку они анимируют дюжину значков рядом.",
weather_animate_applies_everywhere,,"These apply to this device everywhere weather is shown, not just to this pill. The same switches are in Settings › Appearance › Icons.","Они применимы к этому устройству везде, где показывается погода, а не только к этой таблетке. Те же переключатели есть в Настройки › Внешний вид › Иконки.",
weather_animate_pill,,Header pill,Заголовок таблетки,
weather_animate_pill_description,,The small weather icon beside the dashboard title.,Маленький значок погоды рядом с заголовком панели управления.,
weather_animate_dialog,,Weather dialog,Диалог погоды,
weather_animate_dialog_description,,The large icon on the current-weather card when you open the weather.,"Большой значок на карточке текущей погоды, когда вы открываете погоду.",
weather_animate_forecast,,Forecast strips,Прогнозные полосы,
weather_animate_forecast_description,,"The daily and hourly rows, in the dialog and on the dashboard.",Ежедневные и почасовые строки в диалоговом окне и на информационной панели.,
weather_animate_widget,,Weather widget,Виджет погоды,
weather_animate_widget_description,,The weather card on the dashboard itself.,Карта погоды на самой приборной панели.,
widgets_tab_content,,Content,Содержание,
widgets_tab_appearance,,Appearance,Появление,
widgets_tab_data,,Data,Данные,
widgets_tab_chart,,Chart,Диаграмма,
widgets_tab_graphs,,Graphs,Графики,
widgets_tab_layout,,Layout,Макет,
widgets_tab_data_sources,,Data sources,Источники данных,
widgets_remove,,Remove,Удалять,
widgets_reimport,,Re-import,Реимпорт,
widgets_unavailable,,Unavailable,Недоступно,
widgets_today,,Today,Сегодня,
widgets_tomorrow,,Tomorrow,Завтра,
widgets_yesterday,,Yesterday,Вчера,
widgets_today_initial,,T,Т,
widgets_iframe_title,,iFrame,iFrame,
widgets_iframe_subtitle,,Embed a web page on your dashboard,Встройте веб-страницу в свою панель управления,
widgets_ratio_square,,Square,Квадрат,
widgets_ratio_wide,,Wide,Широкий,
widgets_ratio_tall,,Tall,Высокий,
widgets_markdown_title,,Markdown,Уценка,
widgets_markdown_subtitle,,Content and card appearance,Содержание и внешний вид карты,
widgets_media_player_title,,Media player,Медиаплеер,
widgets_media_player_subtitle,,"Source, layout, and artwork","Источник, макет и оформление",
widgets_stat_min,,Min,Мин,
widgets_stat_average,,Avg,Среднее,
widgets_stat_max,,Max,Макс,
widgets_sensor_graph_title,,Sensor graph,График датчика,
widgets_sensor_graph_subtitle,,"Entities, chart style, and appearance","Сущности, стиль диаграммы и внешний вид",
widgets_sensor_graph_stack_title,,Sensor graph stack,Стек графов датчиков,
widgets_sensor_graph_stack_subtitle,,Grouped charts and stack layout,Сгруппированные диаграммы и макет стека,
widgets_graph_sensor_count,one,Graph %1$d · %2$d sensor,График датчика %1$d · %2$d,app fills in %1$d %2$d — keep them
widgets_graph_sensor_count,other,Graph %1$d · %2$d sensors,График датчиков %1$d · %2$d,app fills in %1$d %2$d — keep them
widgets_graph_sensor_count,few,,График датчиков %1$d · %2$d,
widgets_graph_sensor_count,many,,График датчиков %1$d · %2$d,
widgets_calendar_title,,Calendar,Календарь,
widgets_calendar_subtitle,,"Calendars, default view, and appearance","Календари, вид по умолчанию и внешний вид",
widgets_calendar_agenda,,Agenda,Повестка дня,
widgets_calendar_week,,Week,Неделя,
widgets_calendar_month,,Month,Месяц,
widgets_calendar_no_entity,,No calendar entity available,Нет доступного объекта календаря,
widgets_calendar_no_upcoming_events,,No events in the coming days,Никаких событий в ближайшие дни,
widgets_calendar_no_events_for,,No events for %1$s,Нет событий для %1$s,app fills in %1$s — keep them
widgets_calendar_all_day,,All day,Весь день,
widgets_calendar_time_unknown,,Time unknown,Время неизвестно,
widgets_vacuum_state_cleaning,,Cleaning,Очистка,
widgets_vacuum_state_docked,,Docked,Пристыкован,
widgets_vacuum_state_paused,,Paused,Приостановлено,
widgets_vacuum_state_error,,Error,Ошибка,
widgets_vacuum_state_returning,,Returning to dock,Возвращение в док,
widgets_vacuum_dock,,Dock,Док,
widgets_vacuum_start,,Start,Начинать,
widgets_vacuum_pause,,Pause,Пауза,
widgets_vacuum_stop,,Stop,Останавливаться,
widgets_vacuum_locate,,Locate,Найдите,
widgets_vacuum_fan_speed,,Fan speed,Скорость вентилятора,
widgets_vacuum_water_level,,Water level,Уровень воды,
widgets_vacuum_map,,Vacuum map,Карта вакуума,
widgets_vacuum_room_number,,Room %1$d,Комната %1$d,app fills in %1$d — keep them
widgets_vacuum_room_label,,Room %1$s,Комната %1$s,app fills in %1$s — keep them
widgets_vacuum_valetudo_decode_failed,,No Valetudo map data in this camera entity,В этом объекте камеры нет данных карты Valetudo.,don't translate Valetudo
widgets_vacuum_valetudo_tap_hint,,Tap a room to clean it,"Нажмите на комнату, чтобы убрать ее",
widgets_vacuum_valetudo_unmapped,,Map this robot's segments to areas in Home Assistant to clean a room by tapping it,"Сопоставьте сегменты этого робота с областями в Home Assistant, чтобы убрать комнату, нажав на нее.",don't translate Home Assistant
widgets_vacuum_valetudo_cleaning,,Cleaning %1$s,Очистка %1$s,app fills in %1$s — keep them
widgets_waste_collection_title,,Waste collection,Сбор мусора,
widgets_waste_collection_subtitle,,"Sensors, calendar, and appearance","Датчики, календарь и внешний вид",
widgets_waste_sensor_picture_help,,Shows the sensor’s entity_picture (falls back to the type icon when no picture is available).,"Показываетentity_picture датчика (возврат к значку типа, когда изображение недоступно).",
ui_people_dialog_title,,People,Люди,
widgets_f1_title,,Formula 1,Формула 1,
widgets_f1_subtitle,,"Race weekend, standings, and results","Гоночный уик-энд, турнирная таблица и результаты",
widgets_f1_sources_subtitle,,Read from the F1 Sensor integration,Прочтите информацию об интеграции датчика F1.,
widgets_f1_tab_next,,Next race,Следующая гонка,
widgets_f1_tab_calendar,,Calendar,Календарь,
widgets_f1_tab_standings,,Standings,Турнирная таблица,
widgets_f1_tab_grid,,Grid,Сетка,
widgets_f1_tab_results,,Results,Результаты,
widgets_f1_tab_live,,Live,Жить,
widgets_f1_drivers,,Drivers,Драйверы,
widgets_f1_constructors,,Constructors,Конструкторы,
widgets_f1_prediction,,Prediction,Прогноз,
widgets_f1_schedule,,Session schedule,Расписание сеансов,
widgets_f1_race_control,,Race control,Контроль гонки,
widgets_f1_timing,,Timing,Тайминг,
widgets_f1_round,,Round %1$s,Раунд %1$s,app fills in %1$s — keep them
widgets_f1_lap_short,,Lap %1$s,Круг %1$s,app fills in %1$s — keep them
widgets_f1_lap_of,,Lap %1$d / %2$d,Круг %1$d / %2$d,app fills in %1$d %2$d — keep them
widgets_f1_wins_short,,%1$s wins,%1$s побеждает,app fills in %1$s — keep them
widgets_f1_points_wins_legend,,Right-hand column shows championship points.,В правой колонке показаны чемпионские очки.,
widgets_f1_prediction_now,,Now: %1$s pts,Сейчас: %1$s очков,app fills in %1$s — keep them
widgets_f1_prediction_legend,,Right-hand column shows predicted final points. Needs F1TV Auth in F1 Sensor.,В правом столбце показаны прогнозируемые финальные баллы. Требуется аутентификация F1TV в датчике F1.,
widgets_f1_status_pit,,In pit,В яме,
widgets_f1_status_out,,Retired,Ушедший на пенсию,
widgets_f1_no_calendar,,No season schedule available yet,Расписания сезона пока нет,
widgets_f1_no_grid,,No starting grid available yet,Стартовой сетки пока нет.,
widgets_f1_no_prediction,,No championship prediction available. Needs F1TV Auth in F1 Sensor.,Прогноз на чемпионат не доступен. Требуется аутентификация F1TV в датчике F1.,
widgets_f1_lights_out_in,,Lights out in %1$s,Свет погаснет через %1$s.,app fills in %1$s — keep them
widgets_f1_in_days_hours,,in %1$dd %2$dh,через %1$dд %2$dч,app fills in %1$d %2$d — keep them
widgets_f1_in_hours_minutes,,in %1$dh %2$dm,через %1$dч %2$dм,app fills in %1$d %2$d — keep them
widgets_f1_in_minutes,,in %1$dm,через %1$dм,app fills in %1$d — keep them
widgets_f1_no_upcoming,,No upcoming race,Нет предстоящей гонки,
widgets_f1_today_at,,Today %1$s,Сегодня %1$s,app fills in %1$s — keep them
widgets_f1_tomorrow_at,,Tomorrow %1$s,Завтра %1$s,app fills in %1$s — keep them
widgets_f1_time_unknown,,Time to be confirmed,Время подтверждения,
widgets_f1_sensors_used,,"This widget uses the next race, season calendar, starting grid, driver and constructor standings, last race results, weather, and — during a session — track status, session status, race control, driver positions, and current tyres. It also shows a championship prediction when F1 Sensor's optional F1TV Auth is set up. Other F1 Sensor options are not needed for it.","Этот виджет использует следующую гонку, календарь сезона, стартовую сетку, результаты гонщиков и конструкторов, результаты последних гонок, погоду и — во время сессии — статус трассы, статус сессии, контроль гонки, позиции пилотов и текущие шины. Он также показывает прогноз чемпионата, если настроена дополнительная аутентификация F1TV датчика F1. Другие опции F1 Sensor для него не нужны.",
widgets_f1_no_standings,,No standings available yet,Турниров пока нет,
widgets_f1_no_results,,No race results available yet,Результаты гонки пока недоступны,
widgets_f1_no_race_control,,No race control messages,Нет сообщений об управлении гонкой,
widgets_f1_not_found,,F1 Sensor not found,Датчик F1 не найден,
widgets_f1_not_found_long,,The F1 Sensor integration was not found. Install it in Home Assistant (HACS: Nicxe/f1_sensor) and its sensors are picked up automatically.,"Интеграция датчика F1 не найдена. Установите его в Home Assistant (HACS: Nicxe/f1_sensor), и его датчики подхватятся автоматически.",don't translate Home Assistant
widgets_f1_found,,Found %1$d F1 sensors.,Обнаружены датчики %1$d F1.,app fills in %1$d — keep them
widgets_f1_default_tab,,Opening tab,Открытие вкладки,
widgets_f1_background_help,,"With no background image the card shows the upcoming race, with the circuit outline as a faint watermark behind it.","На карточке без фонового изображения изображена предстоящая гонка, а позади нее — контур трассы в виде слабого водяного знака.",
widgets_f1_session_fp1,,Practice 1,Практика 1,
widgets_f1_session_fp2,,Practice 2,Практика 2,
widgets_f1_session_fp3,,Practice 3,Практика 3,
widgets_f1_session_sprint_quali,,Sprint qualifying,Квалификация спринта,
widgets_f1_session_sprint,,Sprint,Спринт,
widgets_f1_session_qualifying,,Qualifying,Квалификационный,
widgets_f1_session_race,,Race,Раса,
widgets_f1_flag_green,,Track clear,Трек очищен,
widgets_f1_flag_yellow,,Yellow flag,Желтый флаг,
widgets_f1_flag_red,,Red flag,Красный флаг,
widgets_f1_flag_safety_car,,Safety car,Автомобиль безопасности,
widgets_f1_flag_vsc,,Virtual safety car,Виртуальная машина безопасности,
widgets_f1_flag_chequered,,Chequered flag,Клетчатый флаг,
widgets_f1_flag_unknown,,Not running,Не работает,
cr_widget_f1,,Formula 1,Формула 1,
cr_widget_f1_description,,"Race weekend, standings, and results","Гоночный уик-энд, турнирная таблица и результаты",
widgets_todo_title,,To-Do List,Список дел,
widgets_todo_shopping_title,,Shopping List,Список покупок,
widgets_todo_subtitle,,A shared checklist your family can add to and check off,"Общий контрольный список, который ваша семья может добавлять и отмечать.",
widgets_todo_empty,,No items yet,Товаров пока нет,
widgets_todo_all_done,,All done,Все готово,
widgets_todo_remaining,,%1$d of %2$d left,%1$d из %2$d осталось,app fills in %1$d %2$d — keep them
widgets_todo_add_placeholder,,Add an item…,Добавить элемент…,
widgets_todo_read_only,,You don't have permission to edit this list.,У вас нет разрешения на редактирование этого списка.,
widgets_todo_filter_active,,To do,Делать,
widgets_todo_filter_all,,All,Все,
widgets_todo_filter_done,,Done,Сделанный,
widgets_todo_clear_completed,,Clear completed,Очистить завершено,
widgets_todo_completed_section,,Completed (%1$d),Завершено (%1$d),app fills in %1$d — keep them
widgets_todo_new_category,,New tab,Новая вкладка,
widgets_todo_manage_categories,,Manage tabs,Управление вкладками,
widgets_todo_edit_item,,Edit item,Редактировать элемент,
widgets_todo_item_text,,Item,Элемент,
widgets_todo_quantity,,Quantity,Количество,
widgets_todo_category,,Category,Категория,
widgets_todo_note,,Note,Примечание,
widgets_todo_priority,,Priority,Приоритет,
widgets_todo_priority_low,,Low,Низкий,
widgets_todo_priority_normal,,Normal,Нормальный,
widgets_todo_priority_high,,High,Высокий,
widgets_todo_due_date,,Due date,Срок оплаты,
widgets_todo_clear_due_date,,Clear due date,Очистить дату сдачи,
widgets_todo_delete_item,,Delete,Удалить,
widgets_todo_checked_by,,Checked by %1$s,Проверил %1$s,app fills in %1$s — keep them
widgets_todo_added_by,,Added by %1$s,Добавил %1$s,app fills in %1$s — keep them
widgets_todo_tab_general,,General,Общий,
widgets_todo_tab_permissions,,Permissions,Разрешения,
widgets_todo_list_type,,List type,Тип списка,
widgets_todo_type_todo,,To-do,Дела,
widgets_todo_type_shopping,,Shopping,Шоппинг,
widgets_todo_sort_mode,,Sort order,Порядок сортировки,
widgets_todo_sort_manual,,Manual,Руководство,
widgets_todo_sort_alphabetical,,A–Z,А – Я,
widgets_todo_sort_priority,,Priority,Приоритет,
widgets_todo_sort_newest,,Newest first,Сначала самые новые,
widgets_todo_show_completed,,Show completed items by default,Показывать завершенные элементы по умолчанию,
widgets_todo_hero_list,,Hero list,Список героев,
widgets_todo_hero_list_hint,,Show this list's open items on the square card.,Покажите открытые позиции этого списка на квадратной карточке.,
widgets_todo_permissions_subtitle,,"Choose who can add, check off, or remove items","Выберите, кто может добавлять, отмечать или удалять элементы",
widgets_todo_perm_everyone,,Everyone,Каждый,
widgets_todo_perm_specific,,Specific family members,Конкретные члены семьи,
widgets_todo_perm_admin_only,,Admins only,Только администраторы,
widgets_todo_permissions_admin_required,,Only an admin can choose specific members,Только администратор может выбирать конкретных участников,
widgets_todo_no_users_found,,No Home Assistant users found,Пользователей Home Assistant не найдено,don't translate Home Assistant
cr_widget_todo,,To-Do List,Список дел,
cr_widget_todo_description,,"Shared checklist or shopping list, editable by everyone, chosen members, or admins only","Общий контрольный список или список покупок, доступный для редактирования всем, избранным участникам или только администраторам.",
widgets_find_devices_title,,Find my devices,Найти мои устройства,
widgets_find_devices_subtitle,,"Devices, map, and appearance","Устройства, карта и внешний вид",
widgets_find_devices_label,,Devices,Устройства,
widgets_find_select_devices,,Select devices,Выберите устройства,
widgets_find_sources_subtitle,,Trackers to show on the map,Трекеры для отображения на карте,
widgets_find_gps_help,,Any device_tracker or person entity can be added. Those reporting GPS coordinates appear on the map; the rest are still listed with their state.,"Можно добавить любой объект device_tracker или персону. Координаты GPS, сообщающие данные, отображаются на карте; остальные по-прежнему указаны с указанием своего штата.",
widgets_find_my_devices,,My devices,Мои устройства,
widgets_find_filter_all,,All,Все,
widgets_find_filter_devices,,Devices,Устройства,
widgets_find_filter_persons,,People,Люди,
widgets_find_showing_selected,,Showing %1$d selected,Показан выбранный %1$d,app fills in %1$d — keep them
widgets_find_show_all,,Show all,Показать все,
widgets_find_none_in_filter,,Nothing of this kind in this widget,Ничего подобного в этом виджете,
widgets_find_refresh,,Refresh,Обновить,
widgets_find_summary,,%1$d of %2$d home,%1$d из %2$d дома,app fills in %1$d %2$d — keep them
widgets_find_no_devices_selected,,No devices selected,Устройства не выбраны,
widgets_find_no_location,,None of these devices report a location yet,Ни одно из этих устройств пока не сообщает о местоположении.,
widgets_find_no_gps,,No location,Нет местоположения,
widgets_find_state_home,,Home,Дом,
widgets_find_state_away,,Away,Прочь,
widgets_find_state_unknown,,Unknown,Неизвестный,
cr_widget_find_devices,,Find my devices,Найти мои устройства,
cr_widget_find_devices_description,,"Map of your phones, tags, and trackers","Карта ваших телефонов, тегов и трекеров",
widgets_waste_calendar_range,,Calendar range,Календарный диапазон,
widgets_waste_calendar_days,,%1$d days,%1$d дней,app fills in %1$d — keep them
widgets_waste_calendar_range_help,,"How far ahead the dialog's calendar looks. It is shown as a week grid, rounded out to whole weeks.","Насколько далеко вперед смотрит календарь диалога. Он отображается в виде сетки недель, округленной до целых недель.",
widgets_waste_no_collection_on,,No collection on %1$s,Нет сбора на %1$s,app fills in %1$s — keep them
widgets_waste_organic,,Organic waste,Органические отходы,
widgets_waste_packaging,,Packaging,Упаковка,
widgets_waste_paper,,Paper,Бумага,
widgets_waste_residual,,Residual waste,Остаточные отходы,
widgets_waste_glass,,Glass,Стекло,
widgets_waste_textiles,,Textiles,Текстиль,
widgets_waste_plastic,,Plastic,Пластик,
widgets_waste_christmas_trees,,Christmas trees,Рождественские елки,
widgets_waste_bulky,,Bulky waste,Крупногабаритные отходы,
widgets_waste_duo_bin,,Duo bin,Двойная корзина,
widgets_weather_title,,Weather,Погода,
widgets_weather_subtitle,,"Entity, card type, and appearance","Сущность, тип карты и внешний вид",
widgets_weather_style_current,,Current weather,Текущая погода,
widgets_weather_style_daily,,Daily forecast,Ежедневный прогноз,
widgets_weather_style_hourly,,Hourly forecast,Почасовой прогноз,
widgets_weather_style_horizon,,Sunrise & sunset horizon,Горизонт восхода и заката,
widgets_weather_style_wind,,Wind compass,Ветер компас,
widgets_weather_style_rain_map,,Rain map (image URL),Карта дождя (URL изображения),
widgets_compass_directions,1,N,,needs translation
widgets_compass_directions,2,NNE,,needs translation
widgets_compass_directions,3,NE,,needs translation
widgets_compass_directions,4,ENE,,needs translation
widgets_compass_directions,5,E,,needs translation
widgets_compass_directions,6,ESE,,needs translation
widgets_compass_directions,7,SE,,needs translation
widgets_compass_directions,8,SSE,,needs translation
widgets_compass_directions,9,S,,needs translation
widgets_compass_directions,10,SSW,,needs translation
widgets_compass_directions,11,SW,,needs translation
widgets_compass_directions,12,WSW,,needs translation
widgets_compass_directions,13,W,,needs translation
widgets_compass_directions,14,WNW,,needs translation
widgets_compass_directions,15,NW,,needs translation
widgets_compass_directions,16,NNW,,needs translation
widgets_battery_entities,,Battery entities,Сущности-батареи,
widgets_battery_settings,,Battery settings,Настройки батареи,
widgets_battery_empty_view_hint,,This battery view is empty. Swipe down on the header and open Battery settings to add entities manually.,"Это представление батареи пусто. Проведите вниз по заголовку и откройте «Настройки батареи», чтобы добавить объекты вручную.",
widgets_battery_levels_title,,Battery levels,Уровень заряда батареи,
widgets_battery_levels_subtitle,,"Thresholds, sources, and appearance","Пороги, источники и внешний вид",
widgets_battery_rules,,Battery rules,Правила использования батареи,
widgets_battery_all,,All,Все,
widgets_battery_critical,,Critical,Критический,
widgets_battery_low,,Low,Низкий,
widgets_battery_watch,,Watch,Смотреть,
widgets_battery_good,,Good,Хороший,
widgets_battery_unknown,,Unknown,Неизвестный,
widgets_battery_range_good,,Above 50%,Выше 50%,
widgets_battery_range_unknown,,Unavailable or unknown,Недоступно или неизвестно,
widgets_battery_no_data,,No battery data,Нет данных о батарее,
widgets_battery_levels_unavailable,,Battery levels unavailable,Уровень заряда батареи недоступен.,
widgets_battery_levels_healthy,,Battery levels look healthy,Уровень заряда батареи выглядит здоровым,
widgets_battery_lowest_detail,,Lowest: %1$s at %2$d%%,Самый низкий: %1$s при %2$d%%,app fills in %1$s %2$d — keep them
widgets_battery_showing_plus,,Showing Battery+ devices,Показаны устройства Battery+,
widgets_battery_waiting_levels,,Waiting for reported levels,Ожидание сообщаемых уровней,
widgets_battery_lowest,,Lowest,Самый низкий,
widgets_battery_attention,,Attention,Внимание,
widgets_battery_tracked,,Tracked,Отслеживается,
widgets_battery_level,,Level,Уровень,
widgets_battery_name,,Name,Имя,
widgets_battery_type,,Battery type,Тип батареи,
widgets_battery_entity,,Entity,Сущность,
widgets_battery_quantity,,Quantity,Количество,
widgets_battery_quantity_short,,Qty %1$s,Кол-во %1$s,app fills in %1$s — keep them
widgets_battery_device_id,,Device ID,Идентификатор устройства,
widgets_battery_unknown_type,,Unknown type,Неизвестный тип,
widgets_battery_sort_summary,,Sort: %1$s,Сортировать: %1$s,app fills in %1$s — keep them
widgets_battery_no_filters,,No filters active,Фильтры не активны,
widgets_battery_collapse_filters,,Collapse filters,Свернуть фильтры,
widgets_battery_expand_filters,,Expand filters,Развернуть фильтры,
widgets_battery_low_count,one,%1$d low battery,%1$d низкий заряд батареи,app fills in %1$d — keep them
widgets_battery_low_count,other,%1$d low batteries,%1$d низкий заряд батареи,app fills in %1$d — keep them
widgets_battery_low_count,few,,%1$d низкий заряд батареи,
widgets_battery_low_count,many,,%1$d низкий заряд батареи,
widgets_battery_critical_count,one,%1$d critical battery,%1$d критическая батарея,app fills in %1$d — keep them
widgets_battery_critical_count,other,%1$d critical batteries,%1$d критические батареи,app fills in %1$d — keep them
widgets_battery_critical_count,few,,%1$d критические батареи,
widgets_battery_critical_count,many,,%1$d критические батареи,
widgets_battery_attention_count,one,%1$d battery needs attention,Аккумулятор %1$d требует внимания,app fills in %1$d — keep them
widgets_battery_attention_count,other,%1$d batteries need attention,Батареи %1$d требуют внимания,app fills in %1$d — keep them
widgets_battery_attention_count,few,,Батареи %1$d требуют внимания,
widgets_battery_attention_count,many,,Батареи %1$d требуют внимания,
widgets_energy_day,,Day,День,
widgets_energy_week,,Week,Неделя,
widgets_energy_month,,Month,Месяц,
widgets_energy_year,,Year,Год,
widgets_energy_this_week,,This week,На этой неделе,
widgets_energy_this_month,,This month,В этом месяце,
widgets_energy_this_year,,This year,В этом году,
widgets_energy_today_lower,,today,сегодня,
widgets_energy_this_week_lower,,this week,На этой неделе,
widgets_energy_this_month_lower,,this month,в этом месяце,
widgets_energy_this_year_lower,,this year,в этом году,
widgets_energy_yesterday_lower,,yesterday,вчера,
widgets_energy_consumed_solar,,Consumed solar,Потребляемая солнечная энергия,
widgets_energy_imported,,Imported,Импортировано,
widgets_energy_exported,,Exported,Экспортировано,
widgets_energy_phase_number,,Phase %1$d,Фаза %1$d,app fills in %1$d — keep them
widgets_energy_forecast_number,,Forecast %1$d,Прогноз %1$d,app fills in %1$d — keep them
widgets_energy_ha_forecast,,Home Assistant forecast,Home Assistant прогноз,don't translate Home Assistant
widgets_battery_search,,Search devices,Поиск устройств,
widgets_battery_none,,No batteries match that search.,Ни одна батарея не соответствует этому запросу.,
widgets_battery_open_page,,Open battery page,Открыть страницу с аккумулятором,
cr_widget_clock,,Clock,Часы,
cr_widget_clock_description,,"An analog or digital clock, in the style you pick, with the date and your next alarm.",Аналоговые или цифровые часы в выбранном вами стиле с датой и следующим будильником.,
clock_widget_title,,Clock,Часы,
clock_widget_subtitle,,"Face, styling and what it shows","Лицо, укладка и что на этом изображено",
clock_title_label,,Title (optional),Название (необязательно),
clock_face_section,,Face,Лицо,
clock_face_section_subtitle,,"Analog or digital, and which design","Аналоговый или цифровой, и какой дизайн",
clock_shows_section,,Shows,Шоу,
clock_shows_section_subtitle,,Choose what appears alongside the time,"Выберите, что отображается рядом со временем",
clock_mode_analog,,Analog,Аналоговый,
clock_mode_digital,,Digital,Цифровой,
clock_style,,Style,Стиль,
clock_24_hour,,24-hour clock,24-часовые часы,
clock_seconds,,Seconds,Секунды,
clock_date,,Date,Дата,
clock_day_name,,Day of the week,День недели,
clock_year,,Year,Год,
clock_style_classic,,Classic,Классический,
clock_style_minimal,,Minimal,Минимальный,
clock_style_roman,,Roman,Роман,
clock_style_railway,,Railway,железная дорога,
clock_style_bauhaus,,Bauhaus,Баухаус,
clock_style_neon,,Neon,Неон,
clock_style_skeleton,,Skeleton,Скелет,
clock_style_plain,,Plain,Простой,
clock_style_segment,,Segment,Сегмент,
clock_style_mono,,Monospace,Моноширинный,
clock_style_flip,,Flip,Подбросить,
clock_style_outline,,Outline,Контур,
clock_style_stacked,,Stacked,Сложенный,
clock_style_dots,,Dots,Точки,
clock_alarms_title,,Next alarm,Следующий сигнал тревоги,
clock_no_alarm,,No alarm is set.,Сигнализация не установлена.,
clock_alarm_set_by,,Set by %1$s,Установлен %1$s,app fills in %1$s — keep them
clock_alarms_platform_note,,"Android only tells other apps about the next alarm, so alarms cannot be listed or switched on and off from here.","Android сообщает другим приложениям только о следующем будильнике, поэтому будильники нельзя перечислять, включать и выключать отсюда.",
clock_open_clock_app,,Open Clock app,Открыть приложение «Часы»,
clock_open_failed,,No clock app could be opened. Pick one in this widget's settings.,Ни одно приложение часов не открывается. Выберите один в настройках этого виджета.,
clock_app_section,,Clock app,Приложение «Часы»,
clock_app_section_subtitle,,Which app the alarm dialog opens,В каком приложении открывается диалоговое окно будильника,
clock_app_automatic,,Automatic,Автоматический,
clock_app_none_found,,No clock app was found on this device.,На этом устройстве не найдено приложение часов.,
