key,item,english,translation,notes
language_title,,Language,语言,
language_display_title,,Display language,显示语言,
language_display_subtitle,,Follows your device by default; choose one to override it,默认跟随设备语言；选择一个以覆盖它,
language_system,,System default,系统默认,
language_selected,,Selected,已选择,
nav_home,,Home,主页,
nav_rooms,,Rooms,房间,
nav_security,,Security,安防,
nav_energy,,Energy,能源,
nav_climate,,Climate,温控,
nav_battery,,Battery,电池,
nav_settings,,Settings,设置,
nav_room_detail,,Room Detail,房间详情,
settings_title_connection,,Connection,连接,
settings_title_profile,,Profile,个人资料,
settings_title_location,,Location,位置,
settings_title_notifications,,Notifications,通知,
settings_title_appearance,,Appearance,外观,
settings_title_header,,Header,页眉,
settings_title_theme,,Theme,主题,
settings_title_fonts,,Fonts,字体,
settings_title_corners,,Corners,圆角,
settings_title_icons,,Icons,图标,
settings_title_nav_bar,,Navigation Bar,导航栏,
settings_title_media_players,,Media Players,媒体播放器,
settings_title_dashboard,,Dashboard,仪表盘,
settings_title_family_sharing,,Family Sharing,家庭共享,
settings_title_backup_restore,,Backup and Restore,备份与恢复,
settings_title_account,,Account,账户,
settings_title_about,,About HKI 7,关于 HKI 7,don't translate HKI 7
settings_title_license,,License,许可证,
settings_title_support,,Support,支持,
settings_subtitle_menu,,Everything that shapes your HKI 7 experience,塑造您的 HKI 7 体验的一切,don't translate HKI 7
settings_subtitle_account,,Your profile and this app installation,您的资料与此应用安装信息,
settings_subtitle_profile,,Personal details used throughout your dashboard,贯穿整个仪表盘使用的个人信息,
settings_subtitle_connection,,Server routes and local-network preferences,服务器路由和本地网络首选项,
settings_subtitle_location,,Presence updates and background access,位置更新和后台访问权限,
settings_subtitle_dashboard,,"Dashboards, tabs, media players, and popups",仪表板、选项卡、媒体播放器和弹出窗口,
settings_subtitle_appearance,,Make the dashboard feel like yours,让仪表盘更具个人风格,
settings_subtitle_corners,,"Roundness of buttons, cards, and widgets",按钮、卡片和小组件的圆角程度,
settings_subtitle_icons,,Icon animations and per-domain effects,图标动画和各领域效果,
settings_subtitle_header,,Choose whether the dashboard header is shown,选择是否显示仪表盘页眉,
settings_subtitle_theme,,"Color, contrast, mode, and corner styling",颜色、对比度、模式和圆角样式,
settings_subtitle_fonts,,"Size, weight, and typeface readability",字号、字重和字体可读性,
settings_subtitle_nav_bar,,Choose which destinations are always within reach,选择始终可触达的目标页面,
settings_subtitle_media_players,,Names and mini-player visibility,名称和迷你播放器可见性,
settings_subtitle_notifications,,"Push delivery, history, and service behavior",推送投递、历史记录和服务行为,
settings_subtitle_backup_restore,,Protect or move your dashboard configuration,保护或迁移您的仪表盘配置,
settings_subtitle_family_sharing,,"Parental controls, dashboard sharing, and recipient permissions",家长控制、仪表盘共享和接收者权限,
settings_subtitle_about,,"The project, technology, and people behind HKI 7",HKI 7 背后的项目、技术和团队,don't translate HKI 7
settings_subtitle_license,,Open-source community core and optional premium materials,开源社区核心和可选的高级素材,
settings_subtitle_support,,Ways to help HKI 7 grow without buying Premium,无需购买高级版即可帮助 HKI 7 成长的方式,don't translate HKI 7
notification_channel_general,,General,常规,
location_channel_name,,Location sharing,位置共享,
location_notification_title,,Home Assistant location,Home Assistant 位置,don't translate Home Assistant
location_notification_text,,Sharing your location with Home Assistant,正在与 Home Assistant 共享您的位置,don't translate Home Assistant
push_connection_channel_name,,Notification connection,通知连接,
push_connection_notification_title,,Connected to Home Assistant,已连接到 Home Assistant,don't translate Home Assistant
push_connection_notification_text,,Listening for notifications,正在监听通知,
parcel_title,,Parcels,包裹,
parcel_generic_carrier,,Carrier,快递公司,
parcel_incoming,,Incoming,到件,
parcel_delivered,,Delivered,已送达,
parcel_outgoing,,Outgoing,寄出,
parcel_letters,,Letters,信件,
parcel_mail,,Mail,邮件,
parcel_summary,,%1$d incoming · %2$d outgoing,%1$d 件到件 · %2$d 件寄出,app fills in %1$d %2$d — keep them
parcel_summary_with_letters,,%1$d incoming · %2$d outgoing · %3$d letters,%1$d 件到件 · %2$d 件寄出 · %3$d 封信件,app fills in %1$d %2$d %3$d — keep them
parcel_carrier_summary_with_letters,,%1$d incoming · %2$d outgoing · %3$d letters,%1$d 件到件 · %2$d 件寄出 · %3$d 封信件,app fills in %1$d %2$d %3$d — keep them
parcel_summary_with_letter_count,,%1$d incoming · %2$d outgoing · %3$s,%1$d 件到件 · %2$d 件寄出 · %3$s,app fills in %1$d %2$d %3$s — keep them
parcel_tracking_history,,Tracking history,追踪历史,
parcel_tracking_history_subtitle,,Parcel journey and status updates,包裹动态和状态更新,
parcel_choose_carrier_account,,Choose a carrier account,选择快递账户,
parcel_empty_tab,,No %1$s parcels.,没有%1$s包裹。,app fills in %1$s — keep them
parcel_no_incoming,,No incoming parcels.,没有到件包裹。,
parcel_no_delivered,,No delivered parcels.,没有已送达的包裹。,
parcel_no_outgoing,,No outgoing parcels.,没有寄出包裹。,
parcel_stage_registered,,Registered,已登记,
parcel_stage_sorting,,Sorting,分拣中,
parcel_stage_on_the_way,,On the way,运输途中,
parcel_unknown_status,,Unknown status,未知状态,
parcel_status_in_transit,,In transit,运输中,
parcel_status_out_for_delivery,,Out for delivery,派送中,
parcel_status_at_pickup_point,,Ready at pickup point,已到取件点,
parcel_status_ready_to_send,,Ready to send,待寄出,
parcel_letter_preview,,Letter preview,信件预览,
parcel_carriers,,Carriers,快递公司,
parcel_track_new,,Track a new %1$s parcel by number,通过单号追踪新的%1$s包裹,app fills in %1$s — keep them
parcel_choose_carrier,,Choose a carrier,选择快递公司,
parcel_settings_subtitle,,"Carrier accounts, aggregation, and appearance",快递账户、聚合方式和外观,
parcel_settings_accounts,,Accounts,账户,
parcel_settings_organization,,Organization,组织方式,
parcel_settings_appearance,,Appearance,外观,
action_remove,,Remove,移除,
notification_delete,,Delete notification,删除通知,
notification_mark_all_read,,Mark all as read,全部标记为已读,
notification_mark_all_unread,,Mark all as unread,全部标记为未读,
notification_delete_all,,Delete all,全部删除,
notification_delete_all_archived,,Delete all archived,删除所有已归档,
notification_unread,,Unread,未读,
notification_history,,History,历史记录,
notification_mark_unread,,Mark as unread,标记为未读,
notification_mark_read,,Mark as read,标记为已读,
notification_archive,,Archive,归档,
notification_unarchive,,Unarchive,取消归档,
notification_delete_action,,Delete,删除,
entity_search_select_items,,Select items,选择项目,
entity_search_choose_one,,Search and choose one entity,搜索并选择一个实体,
entity_search_choose_multiple,,Search and select one or more entities,搜索并选择一个或多个实体,
global_search_title,,Search,搜索,
global_search_subtitle,,Find and control any Home Assistant device or entity,查找并控制任意 Home Assistant 设备或实体,don't translate Home Assistant
global_search_clear,,Clear search,清除搜索,
global_search_no_devices,,No matching devices.,没有匹配的设备。,
global_search_no_entities,,No matching entities.,没有匹配的实体。,
security_title,,Security,安防,
security_subtitle,,Home status and activity,家庭状态与活动,
security_settings,,Security settings,安防设置,
security_entities,,Security entities,安防实体,
security_reimport,,Re-import,重新导入,
security_group_doors,,Doors,门,
security_group_doors_subtitle,,Door contacts,门磁传感器,
security_group_windows,,Windows,窗户,
security_group_windows_subtitle,,Window contacts,窗磁传感器,
security_group_openings,,Openings,开合装置,
security_group_openings_subtitle,,Garage doors and other openings,车库门和其他开合装置,
security_group_garage_doors,,Garage doors,车库门,
security_group_garage_doors_subtitle,,Garage door covers,车库门遮蔽设备,
security_group_covers,,Covers,遮蔽设备,
security_group_covers_subtitle,,"Blinds, shutters, and gates",百叶窗、卷帘和大门,
security_group_locks,,Locks,门锁,
security_group_locks_subtitle,,Door and gate locks,门锁和大门锁,
security_group_motion,,Motion,移动,
security_group_motion_subtitle,,Motion detection,移动侦测,
security_group_presence,,Presence,存在感应,
security_group_presence_subtitle,,Occupancy sensors,人体存在传感器,
security_group_fire,,Fire and temperature,火警与温度,
security_group_fire_subtitle,,"Fire, heat, cold, and safety alarms",火灾、高温、低温和安全警报,
security_group_smoke,,Smoke,烟雾,
security_group_smoke_subtitle,,Smoke detectors,烟雾探测器,
security_group_gas,,Gas,燃气,
security_group_gas_subtitle,,Combustible gas sensors,可燃气体传感器,
security_group_co2,,CO / CO₂,CO / CO₂,
security_group_co2_subtitle,,Carbon monoxide and carbon dioxide sensors,一氧化碳和二氧化碳传感器,
security_group_moisture,,Leaks,漏水,
security_group_moisture_subtitle,,Moisture and water leaks,湿度和漏水检测,
security_group_sound,,Sound,声音,
security_group_sound_subtitle,,Sound and glass-break sensors,声音和玻璃破碎传感器,
security_group_light,,Light detection,光线检测,
security_group_light_subtitle,,Light and beam sensors,光线和光束传感器,
security_group_alarms,,Alarm systems,报警系统,
security_group_alarms_subtitle,,Alarm control panels,报警控制面板,
security_group_cameras,,Cameras,摄像头,
security_group_cameras_subtitle,,Camera feeds,摄像头画面,
security_no_search_active,,No search active · %1$s,未在搜索 · %1$s,app fills in %1$s — keep them
security_status_alert,,Security alert,安防警报,
security_status_alarm_pending,,Alarm pending,报警等待中,
security_status_changing_alarm,,Changing alarm mode,正在更改报警模式,
security_status_needs_attention,,Needs attention,需要注意,
security_status_motion,,Motion detected,检测到移动,
security_status_sensor_activity,,Sensor activity,传感器活动,
security_status_alarm_unavailable,,Alarm unavailable,报警系统不可用,
security_status_devices_unavailable,,Devices unavailable,设备不可用,
security_status_cameras_offline,,Cameras offline,摄像头离线,
security_status_all_secure,,All secure,全部安全,
security_status_alarm_disarmed,,Alarm disarmed,报警已撤防,
security_status_all_clear,,All clear,一切正常,
security_status_no_data,,No security data,没有安防数据,
security_metric_openings,,Openings,开合装置,
security_metric_locked,,Locked,已上锁,
security_metric_cameras_online,,Cameras online,在线摄像头,
security_card_title,,Security card,安防卡片,
security_card_subtitle,,"Name, layout, and card appearance",名称、布局和卡片外观,
security_stat_total,,Total,总计,
security_stat_active,,Active,活动中,
security_stat_clear,,Clear,正常,
security_cover_open,,Open,打开,
security_cover_stop,,Stop,停止,
security_cover_close,,Close,关闭,
security_restore,,Restore,恢复,
security_empty,,This is an empty security view. Swipe down on the header and open Security settings to add entities manually.,这是一个空的安防视图。向下滑动页眉并打开安防设置以手动添加实体。,
connection_stopping_for_restart,,Stopping for restart…,正在停止以便重启…,
connection_starting,,Home Assistant is starting…,Home Assistant 正在启动…,don't translate Home Assistant
connection_restoring_dashboard,,Restoring your dashboard…,正在恢复您的仪表盘…,
connection_restarting,,Home Assistant is restarting…,Home Assistant 正在重启…,don't translate Home Assistant
connection_auto_generating,,Auto-generating rooms and widgets…,正在自动生成房间和小组件…,
connection_reconnecting,,Reconnecting to Home Assistant…,正在重新连接到 Home Assistant…,don't translate Home Assistant
connection_unavailable_retrying,,Unavailable · Retrying…,不可用 · 正在重试…,
connection_paused,,Connection paused,连接已暂停,
connection_connected,,Connected,已连接,
connection_server_not_found,,Server address could not be found,找不到服务器地址,
connection_timed_out,,Connection timed out,连接超时,
connection_no_route,,No network route to Home Assistant,无法访问 Home Assistant 的网络路由,don't translate Home Assistant
connection_could_not_connect,,Could not connect to Home Assistant,无法连接到 Home Assistant,don't translate Home Assistant
connection_secure_failed,,Secure connection failed,安全连接失败,
connection_session_expired_refreshing,,Session expired · Refreshing login…,会话已过期 · 正在刷新登录…,
connection_interrupted,,Connection was interrupted,连接已中断,
connection_error_title,,Connection error,连接错误,
connection_all_systems_normal,,All systems normal,所有系统正常,
action_undo,,Undo,撤销,
action_redo,,Redo,重做,
connection_route_local,,Local,本地,
connection_route_nabu_casa,,Nabu Casa,Nabu Casa,don't translate Nabu Casa
connection_route_external,,External,外部,
settings_connection_via,,Connected via %1$s,通过 %1$s 连接,app fills in %1$s — keep them
settings_connection_unknown,,Unknown,未知,
settings_connection_connecting,,Connecting…,正在连接…,
settings_this_home,,this home,此家庭,
settings_local_network_allowed,,Allowed,允许,
settings_local_network_not_allowed,,Not allowed — Home Assistant cannot be reached directly on your Wi-Fi,不允许 — 无法通过您的 Wi-Fi 直接访问 Home Assistant,don't translate Home Assistant
settings_current_wifi,,Current Wi-Fi,当前 Wi-Fi,
settings_wifi_unavailable,,Not connected or location permission is missing,未连接网络或缺少位置权限,
settings_just_now,,just now,刚刚,
settings_primary_app_language,,Primary application language,应用主要语言,
settings_android_build_configuration,,Android resources and build configuration,Android 资源与构建配置,
page_settings_default_title,,Page settings,页面设置,
page_settings_choose_area,,Choose an area to configure,选择要配置的区域,
page_settings_focused_options,,Focused options for this page area,此页面区域的专属选项,
page_settings_header_description,,Wallpaper and custom header color,壁纸和自定义页眉颜色,
page_settings_custom_page_description,,"Name, subtitle, and navigation icon",名称、副标题和导航图标,
page_settings_badge_bar,,Badge bar,徽标栏,
page_settings_badge_description,,"Visibility, alignment, and display options",可见性、对齐方式和显示选项,
page_settings_persons,,Persons,人员,
page_settings_persons_description,,Visibility and ordering,可见性和排序,
page_settings_configure,,Configure,配置,
room_config_title,,Room configuration,房间配置,
header_pill_left,,Left header pill,左侧页眉徽标,
header_pill_right,,Right header pill,右侧页眉徽标,
alignment_split,,Split,拆分,
alignment_center,,Center,居中,
weather_cloudy,,Cloudy,多云,
home_default_markdown_content,,# Markdown\nOpen this widget's settings in **edit mode** to write your own content.,# Markdown\n在**编辑模式**下打开此小组件的设置以编写您自己的内容。,\n = line break
home_settings_title,,Home settings,主页设置,
custom_page_settings_title,,%1$s settings,%1$s 设置,app fills in %1$s — keep them
home_empty,,This is the homepage. Add widgets by swiping down on the header and enabling edit mode.,这是主页。向下滑动页眉并启用编辑模式以添加小组件。,
custom_page_empty,,This page is empty. Add widgets by swiping down on the header and enabling edit mode.,此页面为空。向下滑动页眉并启用编辑模式以添加小组件。,
select_camera_title,,Select camera,选择摄像头,
select_entity_title,,Select entity,选择实体,
custom_camera_default_name,,Custom camera,自定义摄像头,
rooms_settings_title,,Rooms settings,房间设置,
rooms_empty,,The rooms view is empty. Swipe down on the header and enable edit mode to add floors and rooms.,房间视图为空。向下滑动页眉并启用编辑模式以添加楼层和房间。,
floor_expand,,Expand floor,展开楼层,
floor_collapse,,Collapse floor,收起楼层,
floor_settings_title,,Floor,楼层,
floor_settings_subtitle,,"Identity, layout, and card style",标识、布局和卡片样式,
universal_effects,,Effects,效果,
universal_open_door,,Open door,开门,
universal_vacuum_dock,,Dock,回充,
universal_start,,Start,开始,
universal_pause,,Pause,暂停,
universal_stop,,Stop,停止,
universal_locate,,Locate,定位,
universal_room_number,,Room %1$d,房间 %1$d,app fills in %1$d — keep them
core_optional_display_name,,Optional display name override,可选的显示名称覆盖,
core_media_paused_track,,Paused: %1$s,已暂停：%1$s,app fills in %1$s — keep them
core_percent_value,,%1$d percent,百分之 %1$d,app fills in %1$d — keep them
core_current_humidity,,Current humidity,当前湿度,
core_tank_water_level,,Tank / water level,水箱/水位,
core_pm25,,PM2.5,PM2.5,
core_error_code,,Error code,错误代码,
core_bucket_full,,Bucket full,集尘桶已满,
core_clean_filter,,Clean filter,清洁滤网,
core_ionizer,,Ionizer,离子发生器,
core_pump,,Pump,水泵,
core_beep_on_command,,Beep on command,执行命令时提示音,
core_dawn,,Dawn,黎明,
core_solar_noon,,Solar noon,太阳正午,
core_dusk,,Dusk,黄昏,
core_icon_category_common,,Common,常用,
core_icon_category_home,,Home,家居,
core_icon_category_weather,,Weather,天气,
core_icon_category_lock,,Lock,锁具,
core_icon_category_people,,People,人物,
core_icon_category_auto,,Automotive,汽车,
core_icon_category_music,,Music,音乐,
core_icon_category_battery,,Battery,电池,
core_icon_category_nature,,Nature,自然,
core_icon_category_places,,Places,地点,
core_icon_category_food,,Food,食物,
core_icon_category_navigation,,Navigation,导航,
core_icon_category_devices,,Devices,设备,
core_icon_category_map,,Map,地图,
core_icon_category_media,,Media,媒体,
core_icon_category_communication,,Communication,通信,
core_icon_category_health,,Health,健康,
core_icon_category_vehicles,,Vehicles,车辆,
core_icon_category_buildings,,Buildings,建筑,
core_icon_category_electrical,,Electrical,电气,
core_icon_category_sport,,Sport,运动,
core_icon_category_objects,,Objects,物品,
core_icon_category_commerce,,Commerce,商业,
core_icon_category_games,,Games,游戏,
core_icon_category_finance,,Finance,金融,
background_notification_channel_general,,General,常规,
background_location_channel_name,,Location sharing,位置共享,
background_location_channel_description,,Keeps your device location up to date in Home Assistant,让 Home Assistant 中的设备位置保持最新,don't translate Home Assistant
background_location_notification_title,,Home Assistant location sharing,Home Assistant 位置共享,don't translate Home Assistant
background_location_notification_text,,Sharing your location with Home Assistant,正在与 Home Assistant 共享您的位置,don't translate Home Assistant
background_push_channel_name,,Notification connection,通知连接,
background_push_channel_description,,Keeps a background connection to Home Assistant for instant notifications,保持与 Home Assistant 的后台连接以便即时接收通知,don't translate Home Assistant
background_push_notification_title,,Connected to Home Assistant,已连接到 Home Assistant,don't translate Home Assistant
background_push_notification_text,,Waiting for notifications,正在等待通知,
background_push_hide_action,,Hide this notification,隐藏此通知,
button_style_centered,,Centered,居中,
button_elements,,Elements,元素,
button_elements_description,,What appears on this button. Hide the name and state for an icon on its own.,该按钮上显示的内容。隐藏图标本身的名称和状态。,
stack_elements_title,,Elements on every button in this stack,该堆栈中每个按钮上的元素,
stack_elements_description,,"These apply to the whole stack, not to one button. Turning something off here hides it on every button in the stack; leaving it on lets each button decide for itself in its own settings.",这些适用于整个堆栈，而不是单个按钮。在这里关闭某些功能会将其隐藏在堆栈中的每个按钮上；保持打开状态可以让每个按钮在自己的设置中自行决定。,
button_element_icon,,Icon,图标,
button_element_name,,Name,姓名,
button_element_state,,State,状态,
stack_show_title,,Show name,显示名称,
stack_show_title_description,,Turn off for a stack with no heading at all.,关闭根本没有标题的堆栈。,
stack_show_icon,,Show icon,显示图标,
stack_show_icon_description,,The icon beside the heading.,标题旁边的图标。,
stack_center_title,,Center the heading,标题居中,
stack_center_title_description,,Puts the icon and name in the middle instead of against the left edge.,将图标和名称放在中间，而不是靠左边缘。,
cr_state_on,,On,开启,
cr_state_off,,Off,关闭,
cr_open,,Open,打开,
cr_close,,Close,关闭,
cr_stop,,Stop,停止,
cr_closed,,Closed,已关闭,
cr_opening,,Opening,正在打开,
cr_closing,,Closing,正在关闭,
cr_locked,,Locked,已锁定,
cr_unlocked,,Unlocked,已解锁,
cr_unavailable,,Unavailable,不可用,
cr_unknown,,Unknown,未知,
cr_idle,,Idle,空闲,
cr_home,,Home,在家,
cr_away,,Away,离家,
cr_cleaning,,Cleaning,清洁中,
cr_returning,,Returning,正在返回,
cr_paused,,Paused,已暂停,
cr_error,,Error,错误,
cr_playing,,Playing,正在播放,
cr_buffering,,Buffering,缓冲中,
cr_standby,,Standby,待机,
cr_humidifying,,Humidifying,正在加湿,
cr_drying,,Drying,正在除湿,
cr_detected,,Detected,已检测到,
cr_clear,,Clear,清除,
cr_problem,,Problem,异常,
cr_ok,,OK,确定,
cr_low,,Low,低,
cr_normal,,Normal,正常,
cr_connected,,Connected,已连接,
cr_disconnected,,Disconnected,已断开连接,
cr_plugged_in,,Plugged in,已插入电源,
cr_unplugged,,Unplugged,已拔出电源,
cr_wet,,Wet,潮湿,
cr_dry,,Dry,干燥,
cr_none,,None,无,
cr_any,,Any,任意,
cr_remove,,Remove,移除,
cr_restore,,Restore,恢复,
cr_general,,General,常规,
cr_identity,,Identity,身份,
cr_appearance,,Appearance,外观,
cr_layout,,Layout,布局,
cr_behavior,,Behavior,行为,
cr_profiles,,Profiles,配置文件,
cr_playback,,Playback,播放,
cr_content,,Content,内容,
cr_actions,,Actions,操作,
cr_protection,,Protection,保护,
cr_power,,Power,电源,
cr_brightness,,Brightness,亮度,
cr_temperature,,Temperature,温度,
cr_color,,Color,颜色,
cr_min,,Min,最小,
cr_avg,,Avg,平均,
cr_max,,Max,最大,
cr_now,,Now,现在,
cr_lowest,,Lowest,最低,
cr_average,,Average,平均值,
cr_highest,,Highest,最高,
cr_live,,Live,实时,
cr_once,,Once,一次,
cr_daily,,Daily,每天,
cr_weekly,,Weekly,每周,
cr_monthly,,Monthly,每月,
cr_yearly,,Yearly,每年,
cr_action_tap,,Tap,点击,
cr_action_double_tap,,Double tap,双击,
cr_action_hold,,Hold,长按,
cr_mode,,Mode,模式,
cr_mode_auto,,Auto,自动,
cr_mode_heat,,Heat,制热,
cr_mode_cool,,Cool,制冷,
cr_mode_heat_cool,,Heat/cool,制热/制冷,
cr_mode_dry,,Dry,除湿,
cr_mode_fan_only,,Fan only,仅送风,
cr_mode_low,,Low,低,
cr_mode_medium,,Medium,中,
cr_mode_high,,High,高,
cr_mode_quiet,,Quiet,静音,
cr_mode_boost,,Boost,增强,
cr_mode_eco,,Eco,节能,
cr_mode_sleep,,Sleep,睡眠,
cr_mode_manual,,Manual,手动,
cr_mode_vertical,,Vertical,垂直,
cr_mode_horizontal,,Horizontal,水平,
cr_mode_both,,Both,两者,
cr_mode_up,,Up,向上,
cr_mode_down,,Down,向下,
cr_mode_center,,Center,居中,
cr_mode_left,,Left,左,
cr_mode_right,,Right,右,
cr_climate_fan,,Fan,风扇,
cr_climate_vertical_airflow,,Vertical airflow,垂直气流,
cr_climate_horizontal_airflow,,Horizontal airflow,水平气流,
cr_climate_preset,,Preset,预设,
cr_fan_speed,,Fan speed,风扇速度,
cr_speed,,Speed,速度,
cr_lower_target,,Lower target,降低目标值,
cr_raise_target,,Raise target,提高目标值,
cr_climate_temperature,,Temperature,温度,
cr_climate_all_temperature_sensors,,All temperature sensors,所有温度传感器,
cr_climate_outside,,Outside,室外,
cr_climate_outside_summary,,"Outdoor temperature, humidity, and pressure",室外温度、湿度和气压,
cr_climate_humidity,,Humidity,湿度,
cr_climate_all_humidity_sensors,,All humidity sensors,所有湿度传感器,
cr_climate_air_pressure,,Air pressure,气压,
cr_climate_all_pressure_sensors,,All air-pressure sensors,所有气压传感器,
cr_climate_co2,,CO₂,CO₂,
cr_climate_carbon_dioxide_sensors,,Carbon-dioxide sensors,二氧化碳传感器,
cr_climate_air_quality,,Air quality,空气质量,
cr_climate_air_quality_summary,,"Particulates, AQI, VOCs, and gases",颗粒物、AQI、VOC 和气体,
cr_climate_entities,,Climate entities,空调实体,
cr_climate_settings,,Climate settings,空调设置,
cr_empty_climate_view,,No climate data is available yet.,目前没有可用的空调数据。,
cr_climate_fans,,Fans,风扇,
cr_climate_air_purifiers,,Air purifiers,空气净化器,
cr_climate_humidifiers,,Humidifiers,加湿器,
cr_temperature_sensors,,Temperature sensors,温度传感器,
cr_devices_active,,Devices active,活跃设备,
cr_active_of_total,,%1$d of %2$d active,%2$d 个中的 %1$d 个已激活,app fills in %1$d %2$d — keep them
cr_no_search_active,,No active search · %1$s,无活跃搜索 · %1$s,app fills in %1$s — keep them
cr_collapse_search,,Collapse search,收起搜索,
cr_expand_search,,Expand search,展开搜索,
cr_custom_order,,Custom order,自定义顺序,
cr_name_a_z,,Name A–Z,名称 A–Z,
cr_name_z_a,,Name Z–A,名称 Z–A,
cr_climate_device,,Climate device,空调设备,
cr_climate_device_subtitle,,"Name, icon, card style, and width",名称、图标、卡片样式和宽度,
cr_widget_requires_f1,,"Needs the F1 Sensor integration, which was not found on your Home Assistant",需要 F1 传感器集成，但在您的 Home Assistant 上找不到,don't translate Home Assistant
cr_widget_requires_parcels,,"Needs a parcel integration, and none was found on your Home Assistant",需要包裹集成，但在您的 Home Assistant 上未找到任何包裹,don't translate Home Assistant
cr_widget_requires_waste,,"Needs a waste collection integration, and none was found on your Home Assistant",需要废物收集集成，但在您的 Home Assistant 上没有找到任何废物收集集成,don't translate Home Assistant
cr_people_here_title,,Who is here,谁在这里,
cr_people_here_empty,,Nobody is being tracked in this room right now.,现在这个房间里没有人被追踪。,
cr_people_here_unknown_room,,Room unknown,房间未知,
cr_button_exclude_counters,,Leave out of counters,离开柜台,
cr_button_exclude_counters_hint,,"Keep the button, but stop it counting towards this room’s Lights and Devices totals",保留按钮，但停止计入该房间的灯光和设备总数,
cr_count_with_average,,%1$s · avg %2$s%3$s,%1$s · 平均 %2$s%3$s,app fills in %1$s %2$s %3$s — keep them
cr_outside_temperature,,Outside temperature,室外温度,
cr_outside_humidity,,Outside humidity,室外湿度,
cr_outside_pressure,,Outside pressure,室外气压,
cr_outside_air_pressure,,Outside air pressure,室外气压,
cr_no_sensors_found_for,,No %1$s sensors found.,未找到 %1$s 传感器。,app fills in %1$s — keep them
cr_climate_control,,Climate control,空调控制,
cr_thermostat_dial,,Thermostat dial,恒温器表盘,
cr_width_third,,Third,三分之一宽,
cr_width_half,,Half,半宽,
cr_width_full,,Full,全宽,
cr_select_item,,Select %1$s,选择%1$s,app fills in %1$s — keep them
cr_set_outdoor_sensors,,"Set outdoor temperature, humidity, and pressure",设置室外温度、湿度和气压,
cr_auto_discovered_device_class,,Discovered automatically by device class,按设备类别自动发现,
cr_auto_discovered_climate_devices,,Climate devices discovered automatically,自动发现的空调设备,
cr_pick_fan_entities_as_purifiers,,Choose fan entities to use as air purifiers,选择用作空气净化器的风扇实体,
cr_auto_discovered_humidifier_devices,,Humidifier devices discovered automatically,自动发现的加湿器设备,
cr_removed_entities,,Removed entities,已移除的实体,
cr_entities_removed_edit_mode,,Entities removed in edit mode,在编辑模式下移除的实体,
cr_card_indoor_climate_overview,,Indoor climate overview,室内气候概览,
cr_card_sensor_device_tiles,,Sensor and device tiles,传感器与设备图块,
cr_card_thermostats_ac,,Thermostats and AC,恒温器与空调,
cr_card_temperature_summary,,Temperature summary,温度摘要,
cr_card_humidity_summary,,Humidity summary,湿度摘要,
cr_card_air_pressure_summary,,Air-pressure summary,气压摘要,
cr_card_co2_summary,,CO₂ summary,CO₂ 摘要,
cr_card_air_quality_summary,,Air-quality summary,空气质量摘要,
cr_category_overview,,Overview,概览,
cr_category_devices,,Devices,设备,
cr_category_sensors,,Sensors,传感器,
cr_no_climate_sensors_devices,,No climate sensors or devices found.,未找到空调传感器或设备。,
cr_no_climate_devices,,No climate devices found. Thermostats and AC units from Home Assistant appear here automatically.,未找到空调设备。Home Assistant 中的恒温器和空调设备将自动显示在此处。,don't translate Home Assistant
cr_no_fans,,No fans found. Fan entities from Home Assistant appear here automatically.,未找到风扇。Home Assistant 中的风扇实体将自动显示在此处。,don't translate Home Assistant
cr_no_air_purifiers,,No air purifiers configured. Choose fan entities under Climate settings → Climate entities → Air purifiers.,未配置空气净化器。请在“空调设置 → 空调实体 → 空气净化器”中选择风扇实体。,
cr_no_humidifiers,,No humidifiers found. Humidifier entities from Home Assistant appear here automatically.,未找到加湿器。Home Assistant 中的加湿器实体将自动显示在此处。,don't translate Home Assistant
cr_unknown_climate_card,,Unknown climate card: %1$s,未知空调卡片：%1$s,app fills in %1$s — keep them
cr_select_climate_cards,,Select climate cards,选择空调卡片,
cr_entities_for,,%1$s entities,%1$s 个实体,app fills in %1$s — keep them
cr_climate_card,,Climate card,空调卡片,
cr_climate_card_dialog_subtitle,,Data sources and card appearance,数据来源和卡片外观,
cr_card_and_data,,Card and data,卡片和数据,
cr_climate_stack,,Climate stack,空调堆栈,
cr_climate_stack_dialog_subtitle,,"Cards, data sources, and layout",卡片、数据来源和布局,
cr_cards_and_data,,Cards and data,卡片和数据,
cr_sensor_count,one,%d sensor,,needs translation; app fills in %d — keep them
cr_sensor_count,other,%d sensors,%d 个传感器,app fills in %d — keep them
cr_device_count_on,one,%1$d device · %2$d on,,needs translation; app fills in %1$d %2$d — keep them
cr_device_count_on,other,%1$d devices · %2$d on,%1$d 个设备 · %2$d 个开启,app fills in %1$d %2$d — keep them
cr_outside_sensors_set,one,%d outside sensor set,,needs translation; app fills in %d — keep them
cr_outside_sensors_set,other,%d outside sensors set,已设置 %d 个室外传感器,app fills in %d — keep them
cr_auto_plus_manual,one,Automatic + %d manual,,needs translation; app fills in %d — keep them
cr_auto_plus_manual,other,Automatic + %d manual,自动 + %d 个手动,app fills in %d — keep them
cr_selected_count,one,%d selected,,needs translation; app fills in %d — keep them
cr_selected_count,other,%d selected,已选择 %d 个,app fills in %d — keep them
cr_removed_count,one,%d removed,,needs translation; app fills in %d — keep them
cr_removed_count,other,%d removed,已移除 %d 个,app fills in %d — keep them
cr_room,,Room,房间,
cr_room_details,,Room details,房间详情,
cr_empty_room,,"This room is empty. Swipe down on the header, enable edit mode, and add widgets, buttons, or tiles.",此房间为空。向下滑动标题栏，启用编辑模式，然后添加小组件、按钮或图块。,
cr_default_markdown_content,,# Markdown\nOpen this widget in **edit mode** to write your own content.,# Markdown\n在**编辑模式**下打开此小组件以编写您自己的内容。,\n = line break
cr_select_camera,,Select camera,选择摄像头,
cr_select_entity,,Select entity,选择实体,
cr_custom_camera,,Custom camera,自定义摄像头,
cr_configure_widget,,Configure widget,配置小组件,
cr_configure_widget_subtitle,,Set the essentials before adding it,添加前先设置必要项,
cr_widget_options,,Widget options,小组件选项,
cr_widget_options_subtitle,,Choose what this widget should display,选择此小组件应显示的内容,
cr_add_widget,,Add widget,添加小组件,
cr_add_widget_subtitle,,Browse by purpose or search every widget,按用途浏览或搜索所有小组件,
cr_widget_category_controls,,Controls,控件,
cr_widget_category_controls_description,,"Buttons, vacuums, and grouped controls",按钮、扫地机器人和分组控件,
cr_widget_category_cameras,,Cameras,摄像头,
cr_widget_category_cameras_description,,Live camera tiles and multi-camera views,实时摄像头图块和多摄像头视图,
cr_widget_category_climate,,Climate and weather,空调与天气,
cr_widget_category_climate_description,,"Temperature, comfort, forecasts, and conditions",温度、舒适度、预报和天气状况,
cr_widget_category_energy,,Energy and batteries,能源与电池,
cr_widget_category_energy_description,,"Consumption, production, and device health",消耗、产出和设备状态,
cr_widget_category_information,,Information and media,信息与媒体,
cr_widget_category_information_description,,"Calendars, deliveries, graphs, notes, and playback",日历、快递、图表、备忘录和播放,
cr_widget_category_layout,,Layout and structure,布局与结构,
cr_widget_category_layout_description,,Headings and flexible widget containers,标题和灵活的小组件容器,
cr_widget_adaptive_lighting,,Adaptive Lighting,自适应照明,
cr_widget_adaptive_lighting_description,,Control any installed Adaptive Lighting profile,控制任意已安装的自适应照明配置文件,
cr_widget_button,,Button,按钮,
cr_widget_button_description,,A single configurable entity control,单个可配置的实体控件,
cr_widget_buttons,,Buttons,按钮,
cr_widget_calendar,,Calendar,日历,
cr_widget_calendar_description,,"Agenda, week, and month views from Home Assistant calendars",来自 Home Assistant 日历的日程、周和月视图,don't translate Home Assistant
cr_widget_waste_collection,,Waste collection,垃圾收集,
cr_widget_waste_collection_description,,Upcoming collections from waste sensors,来自垃圾传感器的即将到来的收集安排,
cr_widget_parcels,,Parcels,包裹,
cr_widget_parcels_description,,Incoming and outgoing parcels from supported carriers,来自受支持承运商的收发件包裹,
cr_widget_camera,,Camera,摄像头,
cr_widget_camera_description,,A single live camera tile or stream URL,单个实时摄像头图块或流媒体网址,
cr_widget_cameras,,Cameras,摄像头,
cr_widget_climate_card,,Climate card,空调卡片,
cr_widget_climate_card_description,,Any card from the Climate view,来自空调视图的任意卡片,
cr_widget_energy_card,,Energy card,能源卡片,
cr_widget_energy_card_description,,Any card from the Energy view,来自能源视图的任意卡片,
cr_widget_battery_levels,,Battery levels,电池电量,
cr_widget_battery_levels_description,,"Low batteries, or Battery+ only with type details",低电量，或仅电池+并附带类型详情,
cr_widget_header_text,,Header text,标题文字,
cr_widget_header_text_description,,Add a section heading,添加一个段落标题,
cr_widget_markdown,,Markdown,Markdown,
cr_widget_markdown_description,,A free-form card written in Markdown,以 Markdown 编写的自由格式卡片,
cr_widget_iframe,,iFrame,iFrame,
cr_widget_iframe_description,,Embed any web page on your dashboard,在仪表盘中嵌入任意网页,
cr_widget_media_player,,Media player,媒体播放器,
cr_widget_media_player_description,,Now-playing tile with album art as the background,以专辑封面为背景的正在播放图块,
cr_widget_sensor_graph,,Sensor graph,传感器图表,
cr_widget_sensor_graph_description,,"History graph for one or more sensors, as lines or bars",一个或多个传感器的历史图表，支持折线或柱状显示,
cr_widget_vacuum,,Vacuum,扫地机器人,
cr_widget_vacuum_description,,A single robot-vacuum control,单个扫地机器人控件,
cr_widget_weather,,Weather,天气,
cr_widget_weather_description,,A single weather card,单个天气卡片,
cr_widget_empty_stack,,Empty stack,空堆栈,
cr_widget_empty_stack_description,,Place widgets inside a configurable stack,在可配置的堆栈中放置小组件,
cr_widget_button_stack,,Button stack,按钮堆栈,
cr_widget_button_stack_description,,Group entities into configurable controls,将实体分组为可配置的控件,
cr_widget_camera_stack,,Camera stack,摄像头堆栈,
cr_widget_camera_stack_description,,Show live camera tiles or a custom stream URL,显示实时摄像头图块或自定义流媒体网址,
cr_widget_climate_stack,,Climate stack,空调堆栈,
cr_widget_climate_stack_description,,"Group climate cards such as overview, thermostats, and sensors",将概览、恒温器和传感器等空调卡片分组,
cr_widget_energy_stack,,Energy stack,能源堆栈,
cr_widget_energy_stack_description,,"Group energy cards such as usage, solar, gas, and water",将用电量、太阳能、燃气和水等能源卡片分组,
cr_widget_sensor_graph_stack,,Sensor graph stack,传感器图表堆栈,
cr_widget_sensor_graph_stack_description,,Group several sensor-history graphs,将多个传感器历史图表分组,
cr_widget_swiping_stack,,Swiping stack,滑动堆栈,
cr_widget_swiping_stack_description,,Swipe horizontally through nested widgets,水平滑动浏览嵌套小组件,
cr_widget_vacuum_stack,,Vacuum stack,扫地机器人堆栈,
cr_widget_vacuum_stack_description,,Control robot vacuums with a map and battery status,通过地图和电池状态控制扫地机器人,
cr_widget_weather_stack,,Weather stack,天气堆栈,
cr_widget_weather_stack_description,,"Group conditions, forecast, wind, or rain-map cards",将天气状况、预报、风向或降雨地图卡片分组,
cr_camera_settings,,Camera settings,摄像头设置,
cr_vacuum_settings,,Vacuum settings,扫地机器人设置,
cr_button_settings,,Button settings,按钮设置,
cr_robot_image,,Robot image,机器人图像,
cr_map_camera,,Map camera,地图摄像头,
cr_external_url,,External URL,外部网址,
cr_valetudo_map,,Valetudo map,Valetudo 地图,don't translate Valetudo
cr_valetudo_map_hint,,Draws the map from a Valetudo robot and lets you tap a room to clean it. Pick the robot's map camera below.,绘制 Valetudo 机器人的地图，点击房间即可清扫。请在下方选择机器人的地图摄像机。,don't translate Valetudo
cr_valetudo_camera_mode_note,,Using Map camera with a Valetudo map entity shows a blank tile. Valetudo does not render the map on the robot — its PNG is only a container for the map data. Choose Valetudo map instead to have HKI draw it.,对 Valetudo 地图实体使用地图摄像机会显示空白卡片。Valetudo 不在机器人上渲染地图，PNG 仅作为地图数据的容器。请改选 Valetudo 地图，由 HKI 绘制。,don't translate Valetudo
cr_animation_glow,,Glow,发光,
cr_animation_spin,,Spin,旋转,
cr_animation_pulse,,Pulse,脉动,
cr_adaptive_lighting_widget,,Adaptive Lighting widget,自适应照明小组件,
cr_adaptive_lighting_widget_subtitle,,"Profiles, size, and appearance",配置文件、大小和外观,
cr_button_stack_dialog_subtitle,,"Layout, appearance, and entity order",布局、外观和实体顺序,
cr_expand_stack,,Expand stack,展开堆栈,
cr_collapse_stack,,Collapse stack,收起堆栈,
cr_hide_stack,,Hide stack,隐藏堆栈,
cr_unhide_stack,,Unhide stack,取消隐藏堆栈,
cr_swiping_stack_dialog_subtitle,,"Pages, height, and card appearance",页面、高度和卡片外观,
cr_empty_stack_dialog_subtitle,,Container layout and appearance,容器布局和外观,
cr_header_text_dialog_subtitle,,Heading content and visual style,标题内容和视觉样式,
cr_animation_swipe,,Swipe,滑动,
cr_animation_fade,,Fade,淡入淡出,
cr_animation_zoom,,Zoom,缩放,
cr_animation_slide_fade,,Slide + fade,滑动+淡出,
cr_animation_cube,,Cube,立方体,
cr_animation_instant,,Instant,即时,
cr_widget_option_count,one,%d option,,needs translation; app fills in %d — keep them
cr_widget_option_count,other,%d options,%d 个选项,app fills in %d — keep them
cr_configured_lights,one,%d configured light,,needs translation; app fills in %d — keep them
cr_configured_lights,other,%d configured lights,%d 个已配置的灯,app fills in %d — keep them
cr_quick_notifications,,Notifications,通知,
cr_quick_notifications_instruction,,Swipe right from the upper-left edge.,从左上角边缘向右滑动。,
cr_quick_switch_homes,,Switch homes,切换住宅,
cr_quick_switch_homes_instruction,,Swipe left from the upper-right edge of the header.,从标题栏右上角边缘向左滑动。,
cr_quick_actions,,Quick actions,快捷操作,
cr_quick_actions_instruction,,"Pull down on any page header for Search, Flows, Edit, and Settings.",在任意页面标题栏下拉可打开搜索、流程、编辑和设置。,
cr_quick_media_player,,Media player,媒体播放器,
cr_quick_media_player_instruction,,"When the handle appears, swipe up on the bottom bar to restore the player.",出现把手时，向上滑动底部栏可恢复播放器。,
cr_quick_make_it_yours,,Make it yours,打造专属界面,
cr_quick_make_it_yours_instruction,,"In edit mode, add and reorder rooms, floors, and widgets. Tap an item to configure it.",在编辑模式下，添加并重新排列房间、楼层和小组件。点击项目即可配置。,
cr_whats_new_1_1_2,1,"Returning from Home Assistant Settings, Developer tools or HACS now restores the same position in HKI 7 Settings instead of reopening at the top.",从 Home Assistant 设置返回，开发者工具或 HACS 现在会恢复 HKI 7 设置中的相同位置，而不是在顶部重新打开。,"don't translate Home Assistant, HKI 7"
cr_whats_new_1_1_2,2,"Android 17 now asks for Local network access before finding or connecting directly to Home Assistant, so local servers keep working with API 37. Settings › Connection shows whether it is allowed and can ask again, for when the Android 17 upgrade arrives long after setup.",Android 17 现在会在查找或直接连接到 Home Assistant 之前请求本地网络访问，因此本地服务器会继续使用 API 37。设置 › 连接会显示是否允许，并且可以再次询问，以便在安装后很长时间内 Android 17 升级到达。,don't translate Home Assistant
cr_whats_new_1_1_2,3,"Update notifications now also appear in HKI 7's own notification panel, with a “See what changed” link to the release notes. The system notification is gone once you swipe it away; this one stays, and checking for updates under Settings › About brings it back.",更新通知现在也出现在 HKI 7 自己的通知面板中，并带有指向发行说明的“查看更改内容”链接。滑开后系统通知就消失了；该选项会保留，并在“设置”>“关于”下检查更新，将其恢复。,don't translate HKI 7
cr_whats_new_1_1_2,4,"Permission tiles in Settings now update as soon as you come back from granting one. Location, battery optimization and background usage kept showing the old state until Settings was closed and reopened.",现在，一旦您授予权限回来，“设置”中的权限图块就会更新。位置、电池优化和后台使用情况一直显示旧状态，直到关闭并重新打开“设置”。,
cr_whats_new_1_1_1,1,"New Clock widget. Analog or digital, seven designs each, 12 or 24-hour time, and the day, date and year if you want them. Tap it to see your next alarm.",新的时钟小部件。模拟或数字，各七种设计，12 或 24 小时时间，以及日、日期和年份（如果您需要）。点击它即可查看下一个闹钟。,
cr_whats_new_1_1_1,2,"Reach Home Assistant itself from Settings. Admins get its Settings, Developer tools and HACS full screen inside HKI 7, already signed in.",从“设置”中访问 Home Assistant 本身。管理员可以在 HKI 7 内全屏查看其设置、开发人员工具和 HACS，并且已登录。,"don't translate Home Assistant, HKI 7"
cr_whats_new_1_1_1,3,HKI 7 tells you when a new version is out — useful if you installed it from GitHub rather than the Play Store. Turn it off in Settings › About.,HKI 7 会告诉您新版本何时发布 - 如果您是从 GitHub 而不是 Play 商店安装的，则很有用。在“设置”>“关于”中将其关闭。,don't translate HKI 7
cr_whats_new_1_1_1,4,"Home Assistant can now see your phone's next alarm, the same sensor the official app provides.",Home Assistant 现在可以看到您手机的下一个警报，与官方应用程序提供的传感器相同。,don't translate Home Assistant
cr_whats_new_1_1_1,5,"Media players show what is playing, not just which app is open. An Android TV streaming a series shows the programme, season and episode.",媒体播放器显示正在播放的内容，而不仅仅是打开了哪个应用程序。 Android TV 流式传输连续剧，显示节目、季节和剧集。,
cr_whats_new_1_1_1,6,"Back goes to the page you were on before, every time, until you reach Home. It no longer skips pages or leaves the app early.",每次都会返回到您之前所在的页面，直到您到达主页。它不再跳过页面或提前离开应用程序。,
cr_whats_new_1_1_1,7,"Fixed temperature and energy readings in Czech, Slovak, Greek, Norwegian, Swedish and Danish, where numbers showed wrongly or could crash the screen.",修复了捷克、斯洛伐克、希腊、挪威、瑞典和丹麦的温度和能量读数，其中数字显示错误或可能导致屏幕崩溃。,
cr_whats_new_1_1_1,8,"Something worded badly in your language? Each language is now a single file you can correct on GitHub, no code needed.",你的语言中有什么措辞不好的地方吗？现在，每种语言都是一个文件，您可以在 GitHub 上进行更正，无需任何代码。,
cr_whats_new_1_1_0,1,"Eighteen more languages, taking HKI 7 to 36. Polish, Russian, Czech, Slovak, Hungarian, Romanian, Bulgarian, Croatian, Greek, Lithuanian, Latvian, Estonian, Danish, Thai and Hebrew join the list, along with Austrian German, Swiss German and Mexican Spanish. Hebrew lays the interface out right to left, as Arabic does.",另外还有 18 种语言，从 HKI 7 增至 36 种。波兰语、俄语、捷克语、斯洛伐克语、匈牙利语、罗马尼亚语、保加利亚语、克罗地亚语、希腊语、立陶宛语、拉脱维亚语、爱沙尼亚语、丹麦语、泰语和希伯来语以及奥地利德语、瑞士德语和墨西哥西班牙语也加入了该列表。希伯来语将界面从右向左排列，就像阿拉伯语一样。,don't translate HKI 7
cr_whats_new_1_1_0,2,"HKI 7 now runs on Android 12 and later. It previously needed Android 14, which ruled out a lot of perfectly capable phones and tablets.",HKI 7 现在在 Android 12 及更高版本上运行。它之前需要 Android 14，这排除了许多功能完美的手机和平板电脑。,don't translate HKI 7
cr_whats_new_1_1_0,3,"Energy costs are shown in your own currency instead of always in euros. HKI 7 follows what your cost sensors report, and there is a Currency setting in Energy settings if you would rather choose one yourself.",能源成本以您自己的货币显示，而不是始终以欧元显示。 HKI 7 遵循您的成本传感器报告的内容，如果您想自己选择一个，则能源设置中有一个货币设置。,don't translate HKI 7
cr_whats_new_1_1_0,4,"The language picker has a search box and is sorted, which it needed at 36 entries. If you ever land in a language you cannot read, the way back is still the first thing on screen.",语言选择器有一个搜索框并已排序，需要 36 个条目。如果您遇到无法阅读的语言，返回的路径仍然是屏幕上的第一个内容。,
cr_whats_new_1_1_0,5,"Views remember where you had scrolled to, and tapping the tab you are already on takes you back to the top.",视图会记住您滚动到的位置，点击您所在的选项卡即可返回顶部。,
cr_whats_new_1_1_0,6,"Swiping sideways no longer carries you out of a page you have opened, such as Solar inside Energy. Back now returns you to the view you came from rather than jumping to the home page.",向侧面滑动不再使您离开已打开的页面，例如“能源”中的“太阳能”。现在返回可让您返回到原来的视图，而不是跳转到主页。,
cr_whats_new_1_1_0,7,"Scrollable rows say so. The pull-down menu, the navigation bar and the settings tabs all show an arrow at the edge when there is more to reach.",可滚动的行就是这么说的。当有更多内容需要访问时，下拉菜单、导航栏和设置选项卡都会在边缘显示一个箭头。,
cr_whats_new_1_1_0,8,"Dialogs look and behave the same throughout. Six of them were plain Android dialogs with no close button in the corner, and buttons across the app now agree on what Close, Save and Done mean.",对话框的外观和行为始终相同。其中六个是普通的 Android 对话框，角落里没有关闭按钮，应用程序中的按钮现在就“关闭”、“保存”和“完成”的含义达成一致。,
cr_whats_new_1_1_0,9,"Creating a dashboard asks first and then offers the same choices as first-time setup — so a new dashboard can start from a backup or from one your family has shared, as well as being generated or left empty. Your current dashboard is never overwritten, and shared dashboards are now marked as shared in the list.",创建仪表板首先会询问，然后提供与首次设置相同的选择 - 因此新的仪表板可以从备份或您家人共享的仪表板开始，也可以生成或留空。您当前的仪表板永远不会被覆盖，并且共享仪表板现在在列表中标记为共享。,
cr_whats_new_1_1_0,10,"The battery widget opens a list in place instead of taking you to a separate page, grouped by how urgent each one is and showing the battery type where Home Assistant knows it. There is a search box, and a button to open the full Battery view if you want it.",电池小部件会打开一个列表，而不是将您带到单独的页面，根据每个页面的紧急程度进行分组，并显示 Home Assistant 知道的电池类型。有一个搜索框和一个按钮，可以根据需要打开完整的电池视图。,don't translate Home Assistant
cr_whats_new_1_1_0,11,"Tapping the people counter in a room shows who is there, with each person's picture. The Rooms header now has a household counter too, showing where everyone is without opening every room.",点击房间内的人数计数器即可显示谁在场，并附有每个人的照片。房间标题现在也有一个家庭计数器，无需打开每个房间即可显示每个人的位置。,
cr_whats_new_1_1_0,12,"A button can be left out of a room's Lights and Devices counters, for the ones that are in the room but not really part of it.",对于房间内但不属于房间的一部分的按钮，可以在房间的“灯光和设备”计数器之外留下一个按钮。,
cr_whats_new_1_1_0,13,"Widgets that need an integration you do not have — Formula 1, Parcels, Waste Collection — are greyed out and say what is missing, instead of being added and then sitting empty.",需要集成但您没有的小部件（一级方程式、包裹、废物收集）会显示为灰色，并显示缺少什么，而不是添加后然后空着。,
cr_whats_new_1_1_0,14,"Parcel tracking covers fifteen more carriers, including PostNord, InPost, Swiss Post, An Post, Budbee, Sameday and Nova Post, each with its own logo.",包裹追踪涵盖另外 15 家承运商，包括 PostNord、InPost、Swiss Post、An Post、Budbee、Sameday 和 Nova Post，每个承运商都有自己的徽标。,
cr_whats_new_1_1_0,15,"A Valetudo robot vacuum picks up its live map automatically when your rooms are imported, rather than needing the camera chosen by hand.",当您导入房间时，Valetudo 机器人真空吸尘器会自动拾取实时地图，而不需要手动选择相机。,don't translate Valetudo
cr_whats_new_1_0_1,1,"Swiping between tabs now follows your finger. The pages move as you drag, you can change your mind mid-swipe and pull them back, and they settle where you let go. Previously the change was decided the moment you had dragged far enough and could not be taken back, while the animation that played afterwards was on its own timer and unrelated to the gesture — so the app committed to a page before your finger had finished asking for one.",现在，在选项卡之间滑动可以跟随您的手指。页面会随着您的拖动而移动，您可以在滑动过程中改变主意并将其拉回，然后它们会固定在您松开的位置。以前，更改是在您拖动得足够远且无法撤回的那一刻决定的，而随后播放的动画是根据其自己的计时器播放的，与手势无关 - 因此应用程序在您的手指完成请求之前就已提交到页面。,
cr_whats_new_1_0_1,2,"The bottom bar now keeps the selected tab in view. On a phone too narrow for every tab it scrolls the active one to the centre, so the tab you are on is always visible along with its neighbours — which is also the hint that there are more pages to swipe to. Reaching the last tab used to leave the indicator somewhere off the end of the bar.",底部栏现在将所选选项卡保留在视图中。在对于每个选项卡都太窄的手机上，它会将活动选项卡滚动到中心，因此您所在的选项卡及其相邻选项卡始终可见 - 这也暗示有更多页面可供滑动。到达最后一个选项卡时，指示器会离开栏末端的某个位置。,
cr_whats_new_1_0_1,3,"Swiping between rooms shows how many rooms there are and which one you are on, as dots above the navigation bar — or as a count once there are more than eight. Room swiping also stops at the last room instead of wrapping around to the first, matching how the tabs behave. Rooms an admin has hidden are now skipped by the swipe rather than only blocked when opened.",在房间之间滑动会显示有多少个房间以及您所在的房间，以导航栏上方的点的形式显示，或者在超过八个房间时以计数的形式显示。房间滑动也会停止在最后一个房间，而不是环绕到第一个房间，这与选项卡的行为方式相匹配。管理员隐藏的房间现在可以通过滑动跳过，而不是仅在打开时被阻止。,
cr_whats_new_1_0_1,4,"The pull-down header menu animates to wherever you let it go, instead of jumping open or shut in a single frame. It settles by which half you released it in, a quick flick opens it without a full-length drag, and it can be caught and dragged again mid-animation. It also no longer stops dead partway when pulled a long way but not quite far enough.",下拉标题菜单会以动画方式移动到您放开的任何位置，而不是在单个帧中跳开或关闭。它取决于您将其释放到哪一半，快速轻弹即可将其打开，而无需全长拖动，并且可以在动画中间再次抓住并拖动它。当拉得很远但还不够远时，它也不再会中途停止。,
cr_whats_new_1_0_1,5,"Settings remembers where you were. Coming back from a sub-menu returns to the place in the list you left rather than to the top, which was most noticeable on the long way down to About and Licenses. The page settings dialog had the opposite problem — one scroll position carried across unrelated sub-menus — and that is fixed too.",设置会记住您所在的位置。从子菜单返回到您离开的列表中的位置而不是顶部，这在“关于”和“许可证”的长距离中最为明显。页面设置对话框存在相反的问题 - 一个滚动位置跨过不相关的子菜单 - 并且该问题也已修复。,
cr_whats_new_1_0_1,6,"The notification panel now has a button in the pull-down header menu, so the left-edge swipe is no longer the only way to reach it. That let the strip of screen edge reserved for the swipe shrink from 200dp to 88dp: the reserved strip is where Android's own back gesture stops working, and it had been covering the exact corner where the back arrow sits.",现在，通知面板的下拉标题菜单中有一个按钮，因此向左边缘滑动不再是访问它的唯一方法。这使得为滑动而保留的屏幕边缘条带从 200dp 缩小到 88dp：保留条带是 Android 自己的后退手势停止工作的地方，并且它一直覆盖后退箭头所在的确切角落。,
cr_whats_new_1_0_1,7,"Fixed the app closing instead of the notification panel when back was pressed during the panel's opening animation. Back is also defined for the tabs now — it returns to the first tab before leaving the app, rather than exiting from wherever you happened to have swiped to.",修复了在面板打开动画期间按下后退时应用程序关闭而不是通知面板的问题。现在还为选项卡定义了“后退”功能 - 它在离开应用程序之前返回到第一个选项卡，而不是从您碰巧滑动到的任何位置退出。,
cr_whats_new_1_0_1,8,"The home switcher panel follows Android's predictive back gesture, sliding out with your finger and springing back if you change your mind.",家庭切换器面板遵循 Android 的预测性返回手势，用手指滑出，如果你改变主意则弹回。,
cr_whats_new_1_0_1,9,"Four more languages: Norwegian, Swedish, Finnish and Arabic. Arabic lays the whole app out right to left — the navigation bar, the panels that slide in from the screen edge, and the swipe that moves between tabs all mirror, rather than only the text changing direction. Product names such as Home Assistant stay in Latin script wherever they appear.",另外四种语言：挪威语、瑞典语、芬兰语和阿拉伯语。阿拉伯语将整个应用程序从右到左布局 - 导航栏、从屏幕边缘滑入的面板以及在选项卡之间移动的滑动都是镜像的，而不仅仅是文本改变方向。产品名称（例如 Home Assistant）无论出现在何处都保留拉丁字母。,don't translate Home Assistant
cr_whats_new_1_0_1,10,"Swiping between rooms is much smoother. A room screen is by far the heaviest page in the app, and the next one was being built during the first frames of the swipe — precisely when there was no time for it. It is now prepared while nothing is moving, and live sensor updates wait for the swipe to finish instead of redrawing every open page mid-gesture.",在房间之间滑动更加顺畅。房间屏幕是应用程序中迄今为止最重的页面，下一个页面是在滑动的第一帧期间构建的 - 正是在没有时间的时候。现在，当没有任何东西移动时，它就已经准备好了，实时传感器更新会等待滑动完成，而不是在手势中间重新绘制每个打开的页面。,
cr_whats_new_1_0_1,11,"The notification panel and the home switcher are dragged rather than flicked open, following your finger and settling where you let go. They close the same way: push them back towards the edge they came from. Tapping the panel itself no longer closes it, which it used to do anywhere you touched that was not a button.",通知面板和家庭切换器是拖动的，而不是弹开的，跟随您的手指并在您松开的地方固定。它们以同样的方式关闭：将它们推回到它们原来的边缘。点击面板本身不再将其关闭，以前在您触摸的非按钮的任何地方都会执行此操作。,
cr_whats_new_1_0_1,12,"A horizontal row inside a page — a mode selector, a swipe row, a swiping stack — no longer hands the rest of the gesture to the page once it reaches its end. Picking the first or last item in such a row used to flip the whole page instead.",页面内的水平行（模式选择器、滑动行、滑动堆栈）一旦到达末尾，就不再将其余手势交给页面。选择该行中的第一个或最后一个项目用于翻转整个页面。,
cr_whats_new_1_0_1,13,"Dialogs with tabs show how many there are and which one you are on, and a sideways swipe anywhere on the dialog changes tab. The swipe used to be written off as a scroll whenever it set off with the slight downward arc a thumb naturally makes, which made it feel like it worked only sometimes.",带有选项卡的对话框会显示有多少个选项卡以及您所在的对话框，并且在对话框上的任意位置侧向滑动会更改选项卡。过去，每当拇指自然地形成轻微向下的弧线时，滑动就会被视为卷轴，这让人感觉它只是有时有效。,
cr_whats_new_1_0_1,14,"Demo mode no longer talks to the network. Twenty-six requests — the whole HKI 7 Cloud surface plus the event timeline, camera snapshots and vacuum maps — were still being attempted against a server that does not exist, and one of them retried every three seconds for the entire session, filling the connection log with failures. Restarting Home Assistant in the demo is now simulated in a few seconds rather than showing ""restarting"" for two minutes and giving up.",演示模式不再与网络通信。 26 个请求（整个 HKI 7 云表面加上事件时间线、摄像机快照和真空地图）仍在尝试针对不存在的服务器，其中一个请求在整个会话中每三秒重试一次，导致连接日志充满失败。现在，演示中的“家庭助理”重新启动将在几秒钟内进行模拟，而不是显示“重新启动”两分钟然后放弃。,"don't translate HKI 7 Cloud, Home Assistant"
cr_whats_new_1_0_0,1,"New Events tab in the notification drawer: a timeline of what your home has actually been doing. The front door opening, a light going off, someone arriving home — each with the time and, where Home Assistant knows, who did it. An admin picks which entities appear under Settings › Family Sharing › Events, once for the whole family rather than on every phone. It reads Home Assistant's own logbook rather than recording anything on the device, so it still shows what happened overnight while the app was closed, and it opens on the last 3 hours — a timeline answers what just happened — with 6h to 72h a tap away. Events never touch the notification bell's unread count: a timeline of doors opening would leave that badge permanently lit and mean nothing. Requires HKI 7 Cloud 0.9.0.*",通知抽屉中的新“事件”选项卡：您的家实际所做的事情的时间表。前门打开，灯灭，有人到家——每个人都有时间，而且家庭助理知道是谁做的。管理员选择在“设置”>“家庭共享”>“事件”下显示哪些实体，一次为整个家庭而不是在每部手机上显示。它读取 Home Assistant 自己的日志，而不是在设备上记录任何内容，因此它仍然显示应用程序关闭时夜间发生的事情，并且它会在过去 3 小时内打开 - 时间线回答刚刚发生的事情 - 只需轻按一下 6 小时到 72 小时即可。事件永远不会触及通知铃的未读计数：开门的时间线会让该徽章永久亮起，毫无意义。需要 HKI 7 Cloud 0.9.0.*,"don't translate HKI 7 Cloud, Home Assistant"
cr_whats_new_1_0_0,2,"An admin can take parts of the timeline away from individual family members — a whole domain, or named entities — from the same Events tab. Everyone sees the full timeline unless something is taken out for them, so adding a person to the family does not mean building their timeline from scratch. The filtering happens in the HKI 7 Cloud component rather than in the app, so a restricted device is never even told which entities it is being kept away from. As with hidden views and rooms, this hides the timeline rather than the entities: Home Assistant has no per-entity read permission for non-admin accounts, so anyone signed in can still read those entities through Home Assistant itself.*",管理员可以从同一“事件”选项卡中将部分时间线从各个家庭成员（整个域或命名实体）中移走。每个人都会看到完整的时间线，除非为他们删除了一些东西，所以向家庭添加一个人并不意味着从头开始构建他们的时间线。过滤发生在 HKI 7 Cloud 组件中，而不是在应用程序中，因此受限制的设备甚至不会被告知它远离哪些实体。与隐藏视图和房间一样，这隐藏了时间线而不是实体：Home Assistant 对于非管理员帐户没有每个实体的读取权限，因此登录的任何人仍然可以通过 Home Assistant 本身读取这些实体。*,"don't translate HKI 7 Cloud, Home Assistant"
cr_whats_new_1_0_0,3,"The event roster takes whole domains as well as named entities, so ""every lock"" is one choice rather than eleven. Domains are resolved fresh each time the timeline opens, so a lock added next month joins on its own instead of the roster meaning whatever existed the day it was set. The editor shows what each domain currently covers, since one domain can be hundreds of entities. Requires HKI 7 Cloud 0.10.0.*",事件名册包含整个域以及命名实体，因此“每个锁”都是一个选择，而不是十一个。每次时间线打开时都会重新解析域名，因此下个月添加的锁会自行加入，而不是加入名册，这意味着设置之日存在的任何内容。编辑器显示每个域当前涵盖的内容，因为一个域可以包含数百个实体。需要 HKI 7 Cloud 0.10.0.*,don't translate HKI 7 Cloud
cr_whats_new_1_0_0,4,"Events are labelled and filterable by what kind of thing they happened to — Doors, Windows, Motion, Lights, Locks. The filter row is built from what your timeline actually contains, so you are never offered a filter that can only come back empty. Days stay as the list headings: a timeline that reorders itself by category stops being a timeline.",事件根据事件发生的类型进行标记和过滤——门、窗、动作、灯光、锁。过滤器行是根据时间线实际包含的内容构建的，因此永远不会为您提供只能返回空的过滤器。天数保留为列表标题：按类别重新排序的时间线不再是时间线。,
cr_whats_new_1_0_0,5,"Weather artwork now animates in the daily forecast, the hourly strip and the header pill, not only on the hero card. Animation was previously switched off below a fixed size, which caught all three.",天气艺术作品现在不仅在英雄卡上，还在每日天气预报、每小时条和标题药丸中以动画形式呈现。动画之前在固定尺寸以下被关闭，这导致了这三个问题。,
cr_whats_new_1_0_0,6,"Where weather artwork animates is now four separate switches — header pill, weather dialog, forecast strips, weather widget — instead of riding on the entity icon animation setting. The forecast strips animate a dozen icons side by side and are the only ones that ever cost anything noticeable, so turning those off need not mean losing the single small icon in the header pill. All four are on by default, and appear both in Settings › Appearance › Icons and in the header pill's own settings.",天气图稿动画现在是四个独立的开关——标题药丸、天气对话框、预报条、天气小部件——而不是依赖于实体图标动画设置。预测条会并排显示十几个图标，并且是唯一需要花费任何明显费用的图标，因此关闭这些图标并不意味着会丢失标题栏中的单个小图标。默认情况下，所有四个选项均处于打开状态，并显示在“设置”>“外观”>“图标”和标题药丸自己的设置中。,
cr_whats_new_1_0_0,7,"The 6h/12h/24h/48h/72h range selector is centred rather than left-aligned everywhere it appears, and gains a 3h option.",6h/12h/24h/48h/72h 范围选择器在出现的任何地方都居中而不是左对齐，并且获得了 3h 选项。,
cr_whats_new_1_0_0,8,"New Connection log at the bottom of Settings › Connection: what the app's connection has actually been doing — connection attempts, reconnects, sync and subscriptions — with buttons to copy or clear it. All of this was already being recorded; nothing displayed it. It holds the last 300 lines and starts empty each launch.",设置底部的新连接日志 › 连接：应用程序的连接实际执行的操作 - 连接尝试、重新连接、同步和订阅 - 以及用于复制或清除它的按钮。所有这一切都已经被记录下来了；没有任何显示。它保存着最后 300 条线，并且每次发射时都是空的。,
cr_whats_new_1_0_0,9,"A button stack's layout options are now named the same as a single button's. The same shape was called Tile on a button and Compact on a stack, which made them look like different features.",按钮堆栈的布局选项现在与单个按钮的命名相同。相同的形状被称为“平铺按钮”和“紧凑堆栈”，这使它们看起来像是不同的功能。,
cr_whats_new_1_0_0,10,"New Centered button layout beside Standard, Square and Tile: a square card whose icon sits in the middle of the space above the text, with the name and state centred beneath it. The icon is pushed upward rather than crowded as the text grows. A grid of these reads as a keypad, which is what makes a remote control possible.",标准、方形和平铺旁边的新居中按钮布局：方形卡片，其图标位于文本上方空间的中间，名称和状态位于其下方居中。随着文本的增长，图标被向上推，而不是拥挤。这些网格读取为键盘，这使得远程控制成为可能。,
cr_whats_new_1_0_0,11,"A button's icon, name and state are each shown or hidden on their own, under a new Elements section in its settings. The old Icon only switch is gone — hiding both the name and state is what it did, and these also let you keep one of them. Existing icon-only buttons keep working.",按钮的图标、名称和状态各自在其设置中的新元素部分下显示或隐藏。旧的仅图标开关消失了 - 隐藏名称和状态就是它所做的，这也让你保留其中之一。现有的纯图标按钮继续工作。,
cr_whats_new_1_0_0,12,"A button stack carries the same three switches for all of its children, so a stack of twenty buttons need not be set twenty times. Turning one off on the stack hides it on every button; leaving it on lets each button decide.",按钮堆栈为其所有子按钮携带相同的三个开关，因此二十个按钮的堆栈不需要设置二十次。关闭堆栈上的一个会将其隐藏在每个按钮上；保留它让每个按钮决定。,
cr_whats_new_1_0_0,13,"Fixed the button stack settings dialog stopping about two thirds of the way down with empty space below it, leaving the rest unreachable on a tall phone or a tablet.",修复了按钮堆栈设置对话框停止到大约三分之二的位置，其下方有空白区域，导致在高手机或平板电脑上无法访问其余部分。,
cr_whats_new_1_0_0,14,"Navigation bar, media players and popups moved from Settings › Appearance to Settings › Dashboard, below the dashboards themselves. They are parts of what the dashboard is made of rather than how it is styled.",导航栏、媒体播放器和弹出窗口从“设置”>“外观”移至“设置”>仪表板，位于仪表板本身下方。它们是仪表板构成的一部分，而不是仪表板样式的一部分。,
cr_whats_new_1_0_0,15,"Settings › Connection ends with the connection log, and Restart Home Assistant now sits below it rather than above — it is the most disruptive thing on the screen and the least often wanted.",设置 › 连接以连接日志结束，重新启动 Home Assistant 现在位于其下方而不是上方 - 这是屏幕上最具破坏性的内容，也是最不常用的内容。,don't translate Home Assistant
cr_whats_new_1_0_0,16,"The Events tab gives an admin a button straight to Settings › Family Sharing › Events when nothing is being tracked yet, instead of only naming where to go.",当尚未跟踪任何内容时，“事件”选项卡为管理员提供了一个直接进入“设置”>“家庭共享”>“事件”的按钮，而不是仅指定去向。,
cr_whats_new_1_0_0,17,"Entity and domain pickers list what is already selected first, so undoing a choice does not mean hunting for it alphabetically. The order is fixed when the picker opens, so ticking something does not make it jump away from your finger.",实体和域选择器首先列出已选择的内容，因此撤消选择并不意味着按字母顺序查找它。当选择器打开时，顺序是固定的，因此勾选某些内容不会使其从您的手指上跳开。,
cr_whats_new_1_0_0,18,"A button stack's heading now has explicit Show name and Show icon switches, plus an option to centre them. Clearing the text field used to be the only way to get a stack with no heading, which hid that it was possible and meant losing the name to hide it.",按钮堆栈的标题现在具有明确的显示名称和显示图标开关，以及将它们居中的选项。清除文本字段曾经是获得没有标题的堆栈的唯一方法，这隐藏了它的可能性，并且意味着丢失名称来隐藏它。,
cr_whats_new_beta_18,1,"An admin can now change who a published family dashboard is shared with, instead of only being able to choose at the moment of publishing. Settings › Family Sharing › Dashboards lists who each published dashboard reaches, with a Manage access button to add or remove people. Until now the only way to take a dashboard away from one person was to delete it for everybody.*",管理员现在可以更改已发布的家庭仪表板的共享对象，而不仅仅是在发布时才能选择。设置 › 家庭共享 › 仪表板列出了每个已发布的仪表板所覆盖的人员，并通过“管理访问”按钮来添加或删除人员。到目前为止，从一个人手中夺走仪表板的唯一方法就是为所有人删除它。*,
cr_whats_new_beta_18,2,"Losing access to a family dashboard now clears what was layered on top of it. The dashboard itself was already removed, but the rooms, widgets, pages, nav bar, header pill and theme it left behind on the device stayed — so the next dashboard an admin shared arrived on top of the previous one's leftovers and looked like it had failed to import in full. Everything that belonged to the revoked dashboard is now removed with it. Home Assistant connections, profiles and notification settings are untouched: losing a dashboard is not being signed out.*",现在，失去对家庭仪表板的访问权限会清除其之上的内容。仪表板本身已经被删除，但它留在设备上的房间、小部件、页面、导航栏、标题药丸和主题仍然保留 - 因此管理员共享的下一个仪表板到达了前一个仪表板的剩余部分之上，看起来它未能完全导入。属于已撤销仪表板的所有内容现在都将随之删除。 Home Assistant 连接、配置文件和通知设置保持不变：丢失仪表板并不会被注销。*,don't translate Home Assistant
cr_whats_new_beta_18,3,"New Devices tab under Settings › Family Sharing, showing which HKI version each family device is running and flagging the ones older than yours, with the Home Assistant account, device name, Android version and when it last reported. Each install records this through the HKI 7 Cloud component over the connection the app already uses, so every signed-in device is covered — including one with Location and Notifications both switched off — and nothing is added to Home Assistant's entity list. A device can only ever report itself. An admin can forget a phone that has been replaced; one still in use reappears the next time its app opens. Requires HKI 7 Cloud 0.7.0.*",“设置”>“家庭共享”下的“新设备”选项卡显示每个家庭设备正在运行的 HKI 版本，并标记比您的设备旧的设备，以及 Home Assistant 帐户、设备名称、Android 版本以及上次报告的时间。每次安装都会通过应用程序已使用的连接上的 HKI 7 Cloud 组件记录这一点，因此每个登录的设备都会被覆盖 - 包括位置和通知都关闭的设备 - 并且不会将任何内容添加到 Home Assistant 的实体列表中。设备只能报告其自身。管理员可能会忘记已更换的手机；仍在使用的应用程序下次打开时会重新出现。需要 HKI 7 Cloud 0.7.0.*,"don't translate HKI 7 Cloud, Home Assistant"
cr_whats_new_beta_18,4,"An admin can now require the family to update. ""Require everyone to be on this version"" in the Devices tab sets a household minimum; anyone below it gets a full-screen prompt on their next launch instead of the dashboard, with Google Play's in-app update doing the install. There is also a per-device ""Ask to update"" for when one phone is behind rather than everyone, which clears itself once that device updates. No app can install a newer version of itself, so Play does the actual work — which also means the prompt can only insist when Play genuinely has the update ready. When it does not, the prompt explains why and lets you past for that session, rather than locking someone out of their own locks and alarms over an update they cannot get. You can only require a version some family device already runs. Requires HKI 7 Cloud 0.8.0.*",管理员现在可以要求家庭进行更新。 “设备”选项卡中的“要求每个人都使用此版本”设置了家庭最低限度；它下面的任何人在下次启动时都会收到全屏提示，而不是仪表板，并通过 Google Play 的应用内更新进行安装。当一部手机而不是所有手机都落后时，每个设备还会有一个“请求更新”，一旦该设备更新，该“请求更新”就会自行清除。任何应用程序都无法安装自身的更新版本，因此 Play 会执行实际工作 - 这也意味着只有当 Play 真正准备好更新时，提示才会坚持。如果没有，提示会解释原因并让您过去该会话，而不是将某人锁定在他们自己的锁和警报之外，因为他们无法获得更新。您只能需要某些家庭设备已经运行的版本。需要 HKI 7 Cloud 0.8.0.*,don't translate HKI 7 Cloud
cr_whats_new_beta_18,5,"Each Family Sharing tab now says for itself when it needs a newer HKI 7 Cloud than the one installed, instead of that only appearing in the summary at the top of the screen. Parental controls, Permissions, Presence and Devices each carry the version they need, so it is clear before you configure a tab whose settings the installed component cannot store yet.",现在，每个“家庭共享”选项卡在需要比已安装的 HKI 7 Cloud 更新的 HKI 7 Cloud 时会自行说明，而不是仅显示在屏幕顶部的摘要中。家长控制、权限、状态和设备各自携带其所需的版本，因此在配置已安装组件尚无法存储其设置的选项卡之前，请先明确这一点。,don't translate HKI 7 Cloud
cr_whats_new_beta_17,1,"Fixed a crash that could take the whole app down during the very first connection attempt after opening it, which read as ""the app won't even open"". The setup that runs on every launch had no error handling of its own, so a failure there — usually an expired session being refreshed on a flaky network — escaped as an unhandled error instead of surfacing as a connection error you could retry. As a backstop, an unexpected error on a background task can no longer terminate the app at all.",修复了打开应用程序后第一次连接尝试期间可能导致整个应用程序崩溃的崩溃，即“应用程序甚至无法打开”。每次启动时运行的设置都没有自己的错误处理，因此出现故障（通常是在不稳定的网络上刷新过期会话）会作为未处理的错误转义，而不是作为可以重试的连接错误出现。作为后备方案，后台任务中的意外错误根本无法再终止应用程序。,
cr_whats_new_beta_17,2,"The dashboard no longer rebuilds itself every time Home Assistant reports a state change. The home screen tracked the complete entity list, so a single motion sensor tripping or a power meter ticking — several times a second on a busy install — invalidated the whole screen and every widget on it, even when nothing visible had changed. It now watches only what it actually draws.",每次 Home Assistant 报告状态更改时，仪表板不再自行重建。主屏幕跟踪完整的实体列表，因此单个运动传感器跳闸或功率计滴答声（在繁忙的安装中每秒几次）会使整个屏幕及其上的每个小部件失效，即使没有任何可见的变化。现在它只观察它实际绘制的内容。,don't translate Home Assistant
cr_whats_new_beta_17,3,"Entity icon animations no longer redo layout work on every frame they animate. The spin, pulse and glow effects re-ran the surrounding widget's composition on each animation frame instead of just redrawing the icon, so any dashboard with an active light, an open door or a recording camera paid that cost continuously. The animations look exactly the same.",实体图标动画不再在其动画的每一帧上重做布局工作。旋转、脉冲和发光效果在每个动画帧上重新运行周围小部件的合成，而不仅仅是重新绘制图标，因此任何带有活动灯、打开的门或录制摄像机的仪表板都会持续付出这一成本。动画看起来完全一样。,
cr_whats_new_beta_17,4,"Fixed the app becoming unresponsive — and eventually killed by Android — when opening the history of a busy entity, such as a motion sensor that logs thousands of state changes a day. Matching each history entry to its actor re-scanned and re-parsed the entire logbook's timestamps from scratch for every single entry, work that scaled with history size squared; a quiet entity never noticed, but a busy one could peg the CPU for ten seconds straight. The logbook is now parsed once instead of once per entry, and the whole fetch runs off the main thread.",修复了当打开繁忙实体（例如每天记录数千个状态变化的运动传感器）的历史记录时，应用程序变得无响应并最终被 Android 杀死的问题。将每个历史条目与其参与者相匹配，重新扫描并重新解析每个条目的整个日志的时间戳，这项工作与历史大小的平方成正比；一个安静的实体永远不会注意到，但一个忙碌的实体可能会连续占用 CPU 十秒钟。现在，日志被解析一次，而不是每个条目解析一次，并且整个提取从主线程运行。,
cr_whats_new_beta_17,5,"Hardened how the app reads attributes Home Assistant sends for an entity: a value present but shaped unexpectedly (an object or array where a plain number or piece of text was expected) used to throw and crash whatever screen read it, instead of just being treated as missing.",强化了应用程序读取 Home Assistant 为实体发送的属性的方式：存在但形状意外的值（预期为纯数字或文本的对象或数组）用于抛出并崩溃任何屏幕读取的内容，而不是仅仅被视为丢失。,don't translate Home Assistant
cr_whats_new_beta_17,6,"Fixed ""Push to family dashboard"" reporting a dashboard as already up to date no matter what had changed. A dashboard re-imported after a reinstall is stored locally under a different id than the one the cloud copy is published under, and the push check was still looking up the local export by the cloud id, finding nothing, and silently skipping that dashboard on every push.",修复了“推送到家庭仪表板”报告仪表板已经是最新的，无论发生什么变化。重新安装后重新导入的仪表板存储在本地的 ID 与发布云副本的 ID 不同，并且推送检查仍在通过云 ID 查找本地导出，但什么也没找到，并且在每次推送时默默地跳过该仪表板。,
cr_whats_new_beta_15,1,"The Formula 1 widget gains two new tabs and expands two existing ones. Calendar lists the season's races in order, with each circuit and the host country's flag. Grid shows the starting grid, with each driver's move up or down from where they qualified. Standings can now show a championship prediction alongside the points table — current and predicted final points, for drivers or constructors — when F1 Sensor's optional F1TV Auth is set up. Live gains a proper timing list: gap to the leader, interval to the car ahead, tyre compound and stint length, and pit/retired status for every driver, plus which lap the leader is on.",Formula 1 小部件获得两个新选项卡并扩展了两个现有选项卡。日历按顺序列出了本赛季的比赛，并附有每条赛道和主办国的国旗。发车排位显示了起跑发车的发车排位，以及每位车手从他们的排位赛中向上或向下移动的情况。当设置 F1 Sensor 的可选 F1TV Auth 时，积分榜现在可以显示冠军预测以及积分表（车手或车队的当前积分和预测最终积分）。实时获得正确的计时列表：与领先者的差距、与前方车辆的间隔、轮胎配方和进站长度、每个车手的进站/退役状态，以及领先者所在的圈数。,
cr_whats_new_beta_15,2,"Fixed shared family dashboards failing to update at all once the owner added a widget type introduced in a newer app version, such as the To-Do List or Formula 1 widgets. A single unrecognized widget used to fail the whole dashboard, so a family member on an older build stopped receiving any of that dashboard's changes instead of just missing the new widget. Unrecognized widgets are now skipped individually, so the rest of a shared dashboard keeps working across app versions.",修复了一旦所有者添加了较新应用程序版本中引入的小部件类型（例如待办事项列表或一级方程式小部件）后，共享家庭仪表板根本无法更新的问题。一个无法识别的小部件曾经导致整个仪表板失败，因此旧版本上的家庭成员停止接收该仪表板的任何更改，而不仅仅是错过新的小部件。现在，无法识别的小部件将被单独跳过，因此共享仪表板的其余部分可以跨应用程序版本继续工作。,
cr_whats_new_beta_15,3,"The To-Do widget's square card can now feature one whole list instead of items individually flagged high priority. A new Hero list picker in the widget's General tab — shown once it has at least one tab — chooses which list's open items appear on the card, labelled with that list's name, so what you see at a glance is a specific list like Chores rather than a scattered mix pulled from every tab. Deleting a tab that's currently the hero list clears the setting automatically.",待办事项小部件的方形卡片现在可以包含整个列表，而不是单独标记为高优先级的项目。小部件的“常规”选项卡中的新英雄列表选择器（一旦至少有一个选项卡就会显示）选择卡片上显示的列表的打开项目，并标有该列表的名称，因此您一眼看到的是像“杂务”这样的特定列表，而不是从每个选项卡中提取的分散组合。删除当前英雄列表中的选项卡会自动清除该设置。,
cr_whats_new_beta_15,4,"Fixed the app crashing whenever it needed to reconnect to Home Assistant or the connection failed. The in-app push-notification channel ran its subscription in a way that let a dropped connection's error skip past the surrounding error handling entirely and crash the app outright. A separate mismatch also meant every single reconnect immediately tore the whole sync stack down and rebuilt it a second time, racing its own freshly made connection. Both are fixed.",修复了应用程序在需要重新连接到 Home Assistant 或连接失败时崩溃的问题。应用程序内推送通知通道以一种让断开连接的错误完全跳过周围错误处理并使应用程序彻底崩溃的方式运行其订阅。单独的不匹配还意味着每次重新连接都会立即破坏整个同步堆栈并再次重建它，与自己新建立的连接竞争。两者都是固定的。,don't translate Home Assistant
cr_whats_new_beta_14,1,"Settings › Family Sharing now shows which HKI 7 Cloud version is installed, and — if it's behind — exactly which family features that leaves unavailable, each labelled with the version that unlocks it. Previously the only way to find out a component was out of date was to hit a save that silently dropped part of what you configured.*",设置 › 家庭共享现在显示安装了哪个 HKI 7 Cloud 版本，如果落后，则显示哪些家庭功能不可用，每个功能都标有解锁它的版本。以前，找出组件是否已过时的唯一方法是进行保存，该保存会悄悄删除您配置的部分内容。*,don't translate HKI 7 Cloud
cr_whats_new_beta_14,2,"New To-Do List widget: a shared checklist or shopping list the whole family can add to. Items support an optional quantity, category, priority (low, normal or high, shown as a flag) and due date, with Added by and Checked by attribution when more than one person edits the list. Choose Manual, A–Z, Priority, or Newest-first ordering, and filter between To do, All, and Done from the dialog. Editing can be limited to everyone, specific family members picked from the real Home Assistant user list, or admins only, enforced the same way the rest of the app's family permissions are. It follows the same design as every other widget, with the usual General, Permissions, Appearance and Visibility settings tabs.","新的待办事项列表小部件：全家人都可以添加的共享清单或购物清单。 Items support an optional quantity, category, priority (low, normal or high, shown as a flag) and due date, with Added by and Checked by attribution when more than one person edits the list.选择手动、A-Z、优先级或最新优先排序，然后从对话框中在“待办事项”、“全部”和“完成”之间进行筛选。 Editing can be limited to everyone, specific family members picked from the real Home Assistant user list, or admins only, enforced the same way the rest of the app's family permissions are.它遵循与其他小部件相同的设计，具有常见的“常规”、“权限”、“外观”和“可见性”设置选项卡。",don't translate Home Assistant
cr_whats_new_beta_14,3,"Room following can now be set to only place someone in the right room when the app starts, without tracking them for the rest of the session. The existing Ask before switching rooms switch only chose between asking and switching silently; there was no way to get the one-time placement without the app continuing to follow every move afterward. A new Keep following while the app is open switch under each person's room-following settings turns that continued tracking off on its own, leaving Open their room when the app starts to do the one placement it always did.*","现在可以将房间跟踪设置为仅在应用程序启动时将某人放置在正确的房间中，而不会在会话的其余部分跟踪他们。现有切换房间切换前询问，仅在询问和静默切换之间选择；如果应用程序不继续跟踪之后的每一步，就无法获得一次性展示位置。 A new Keep following while the app is open switch under each person's room-following settings turns that continued tracking off on its own, leaving Open their room when the app starts to do the one placement it always did.*",
cr_whats_new_beta_14,4,"New Formula 1 widget, for the F1 Sensor integration. The card shows the next race with a countdown and the circuit outline; opening it gives four tabs — Next race with the full session schedule and trackside weather, Standings for drivers and constructors, Results for the last grand prix with places gained or lost, and a Live tab that appears only while a session is running, showing the flag and race control messages. It finds its sensors on its own: F1 Sensor lets you rename its entities and pick a language, so the widget matches on the integration's stable internal keys rather than entity ids.",新增一级方程式小组件，适用于 F1 Sensor 集成。卡片显示下一场比赛、倒计时和赛道轮廓；打开后有四个标签页 —— 含完整赛段时间表与赛道天气的“下一场比赛”、车手与车队“积分榜”、含名次升降的上一场大奖赛“成绩”，以及仅在赛段进行时出现、展示旗帜与赛事控制消息的“实时”标签页。它会自己找到传感器：F1 Sensor 允许重命名实体并选择语言，因此小组件按集成内部稳定的键匹配，而不是实体 ID。,
cr_whats_new_beta_14,5,"New Find my devices widget: a map of your phones, watches, tags and trackers. Add any device_tracker or person entity; the ones reporting GPS appear as pins on the map, the rest are still listed with their state. Tick as many as you like to show them together, or leave nothing ticked to see everything. Three filters narrow the list: All, Devices, and People. The card follows the same design as the other widgets, so background image, icon, width, shape and corner radius all work as you would expect.",新增“查找我的设备”小组件：在地图上展示你的手机、手表、标签和追踪器。可添加任意 device_tracker 或 person 实体；上报 GPS 的会以标点显示在地图上，其余仍会列出并显示状态。可以同时勾选多个一起显示，不勾选则显示全部。三个筛选器：全部、设备、人物。卡片遵循与其他小组件相同的设计，背景图、图标、宽度、形状和圆角半径均按预期工作。,
cr_whats_new_beta_14,6,"The maps in the app no longer look like a printed atlas. HKI now uses the same muted CARTO basemap that Home Assistant's own map card uses, instead of the standard OpenStreetMap rendering, which was designed as a mapper's reference render rather than a background for an app. It also has a proper dark variant, so the map finally follows your theme instead of glowing white inside a dark dialog.",应用内的地图不再像印刷地图册。标准的 OpenStreetMap 渲染本就是为制图者准备的参考图，而非应用背景，因此 HKI 现在改用与 Home Assistant 地图卡相同的淡雅 CARTO 底图。它还有真正的深色版本，地图终于会跟随你的主题，而不是在深色弹窗里白晶晶地刺眼。,don't translate Home Assistant
cr_whats_new_beta_14,7,"Fixed room following doing nothing at all once Ask before switching rooms was turned off. That switch was being treated as a master off-switch for the whole feature, so with prompting disabled the app neither asked nor moved. It now does what it says: with prompting on you get the prompt, with it off the room simply opens. Don't ask again until I restart still stops both, since trading a prompt for a surprise jump would be worse.",修复关闭“切换房间前询问”后房间跟随完全失效的问题。该开关被当成了整个功能的总开关，所以关闭询问后应用既不询问也不切换。现在它名副其实：开启时会询问，关闭时直接打开房间。“重启前不再询问”仍会同时停止两者。,
cr_whats_new_beta_14,8,"Fixed the waste widget's settings dialog being cut off around two thirds of the way down while empty space sat below it. The dialog reserves a tall card but its contents were capped at a fixed height, so the scroll area stopped short of the space available. Both the settings dialog and the waste dialog itself now use the full height.",修复垃圾小组件设置弹窗在三分之二处被截断、下方却留空白的问题。弹窗会预留一张较高的卡片，但内容被限定为固定高度，因此滚动区域未能占满可用空间。两个弹窗现在都使用完整高度。,
cr_whats_new_beta_14,9,"The waste dialog's calendar can now look 7, 14 or 28 days ahead, and is drawn as a week grid like the calendar widget rather than a flat list: weekday columns, one row per week, and a coloured dot per collection in its fraction's colour. Tap a day to see what is collected then; it opens on the next day with a collection.",垃圾弹窗的日历现在可以向前看 7、14 或 28 天，并像日历小组件那样以周网格绘制，而非平铺列表：按星期分列、每周一行，每次收集都有一个对应分类颜色的小圆点。点击某天即可查看当天收集内容；默认打开到下一个有收集的日子。,
cr_whats_new_beta_14,10,"Parcel dialogs now say Today or Tomorrow instead of naming the weekday. The whole question a delivery date answers is how soon, and “Wednesday” on a Wednesday made you work that out yourself.",包裹弹窗现在显示“今天”或“明天”，而不是星期几。送达日期回答的是“还有多久”，而周三显示“周三”只会让你自己去算。,
cr_whats_new_beta_14,11,"The +2 bubble in the header, shown when there are more people than fit, now opens. Tapping it lists everyone with their name and state, and picking someone opens their detail dialog as usual. Previously those people were simply unreachable on a narrow header.",表头中人数过多时出现的“+2”气泡现在可以点击了。点击后会列出所有人及其名称和状态，选中某人会像往常一样打开详情弹窗。此前在较窄的表头上根本无法访问这些人。,
cr_whats_new_beta_14,12,"Fixed the map in the person dialog overflowing the dialog on a tablet or unfolded foldable. The map was drawn as a square as wide as the dialog, so on a 620dp-wide card it became 620dp tall and pushed the address off the bottom. It now takes the height left over instead.",修复人物弹窗中的地图在平板或展开的折叠屏上超出弹窗的问题。地图被画成与弹窗同宽的正方形，因此在 620dp 宽的卡片上高度也变成 620dp，把地址挤了出去。现在它只占用剩余高度。,
cr_whats_new_beta_14,13,"Fixed notifications going undelivered while Home Assistant reported the device as not connected to local push notifications, even with the app open. The app stood aside for its background connection whenever the settings said that connection should be running — but when Android refused to start it, such as after a reboot, nothing was listening at all. The app now checks whether that connection is really running rather than whether it is meant to be, takes over when it is not, and hands the channel back the moment it does come up.",修复了即使应用处于打开状态，Home Assistant 仍报告设备未连接到本地推送通知、通知无法送达的问题。以前只要设置中启用了后台连接，应用就会让位；但当 Android 拒绝启动它（例如重启后），就没有任何一方在监听。现在应用会检查该连接是否真的在运行，而不是是否应该运行；没有运行时自己接管，并在连接真正启动后立即交还通道。,don't translate Home Assistant
cr_whats_new_beta_14,14,"Fixed room-following settings not taking effect on the device you changed them from. Turning following off, or changing how long a room must hold before it counts as a move, was written to the companion component but not to the device's own cached copy — so it kept following, and kept using the old dwell time, until the app was next started. Changes now apply immediately. The dwell slider also no longer offers zero seconds, which made the very first sensor reading count as a move.",修复了在哪台设备上修改房间跟随设置，该设备就不生效的问题。关闭跟随、或修改房间需保持多久才算一次移动，只写入了伴侣组件，没有写入设备自己的缓存 —— 因此直到下次启动应用之前，它仍在跟随并使用旧的时长。现在修改立即生效。滑块也不再提供 0 秒，那会让传感器的第一次读数就算作移动。,
cr_whats_new_beta_14,15,"The Formula 1 card now says one thing: the next grand prix and when it is — “Today 15:00” on the day, otherwise the date and time, in your own timezone. Track status is gone from it, because outside a session that read “Not running”, which is not what anyone glances at the card for. The status sits in the same dark pill the camera, vacuum and waste cards use, so it lines up with the rest of your dashboard again. The circuit outline stays as a faint watermark and the host country flag in the corner. The widget also no longer asks which F1 instance to use — it reads everything the integration publishes, so the dialog always has the full picture.",一级方程式卡片现在只说一件事：下一场大奖赛及其时间 —— 当天显示“今天 15:00”，否则显示日期和时间，均使用你所在的时区。赛道状态从卡片上移除：非赛段期间它只会显示“未进行”，而没人为此看卡片。状态放在与摄像机、扫地机器人和垃圾卡片相同的深色胶囊里，因此又与仪表盘其余部分一致了。赛道轮廓仍作为淡淡的水印，主办国国旗仍在角落。小组件也不再询问使用哪个 F1 实例 —— 它会读取集成发布的全部内容，让弹窗始终完整。,
cr_whats_new_beta_14,16,"The To-Do List dialog's undo/redo and Close buttons moved from the title row to the bottom action bar, matching every other dialog in the app.",待办事项列表对话框的撤消/重做和关闭按钮从标题行移至底部操作栏，与应用程序中的所有其他对话框相匹配。,
cr_whats_new_beta_14,17,* HKI 7 Cloud Component integration required.,* 需要 HKI 7 Cloud 组件集成。,don't translate HKI 7 Cloud
cr_whats_new_beta_13,1,"HKI can now follow you from room to room. Point it at a room-presence sensor such as ESPresense and it opens the room you are in when the app starts, then offers to switch views when you move somewhere else. Rooms also gain a purple counter showing how many people are in them, beside the motion and presence counters. An admin sets this up for the whole family under Settings › Family Sharing › Presence: pick each person's sensor and how long a new room must hold before it counts as a move. Sensor rooms named after your Home Assistant areas are matched automatically.*",HKI 现在可以在房间之间跟随你。指定一个像 ESPresense 这样的在室传感器后，启动应用时会打开你所在的房间，当你移动到别处时会询问是否切换视图。房间还会在动作和在室计数器旁显示一个紫色计数器，标明房间内的人数。管理员可在设置 › 家庭共享 › 在室 中为全家统一配置：每个人的传感器，以及新房间需要保持多久才算一次移动。与 Home Assistant 区域同名的传感器房间会自动匹配。*,don't translate Home Assistant
cr_whats_new_beta_13,2,"Notifications from Home Assistant can now carry action buttons. Add actions to a notify.mobile_app_… message and each one appears on the notification; tapping it sends the action back to Home Assistant, where an automation can respond. The buttons also appear on the in-app banner and in the notification drawer, because HKI hides system notifications while it is open. A URI action opens its link, a REPLY action takes a typed answer, and an action tapped while offline is delivered once the connection returns. Each notification can be actioned once.",Home Assistant 的通知现在可以带操作按钮。在 notify.mobile_app_… 消息中添加 actions 后，每个按钮都会显示在通知上；点按后会把该操作发回 Home Assistant，自动化即可对其作出响应。由于 HKI 打开时不会发送系统通知，这些按钮同样会显示在应用内横幅和通知抽屉中。URI 操作会打开其链接，REPLY 操作可输入回复，离线时点按的操作会在连接恢复后送出。每条通知的操作只能使用一次。,don't translate Home Assistant
cr_whats_new_beta_13,3,"New Action button: a button that needs no entity at all. Give it a name, an icon, and whatever tap, hold, or double-tap action you like — navigate to a view or room, call a Home Assistant action, open a URL or a custom popup. Add one from the widget picker, from a button stack, or as an action badge in the badge area beside the header.",新增“操作按钮”：无需任何实体的按钮。为它设置名称和图标，并为轻点、长按或双击指定任意操作——跳转到某个页面或房间、调用 Home Assistant 操作、打开网址或自定义弹窗。可从微件选择器、按钮堆栈，或作为标题旁徽章区域中的操作徽章添加。,don't translate Home Assistant
cr_whats_new_beta_13,4,"Icon-only buttons can now be sized. Auto shrinks the icon as a stack gains columns, which is what makes icon-only usable in the four-, five-, and six-column custom popups where a fixed-size icon used to overflow the button. A button can also be given its own size.",仅显示图标的按钮现在可以设置大小。自动会随着堆叠列数增加而缩小图标，使仅图标在四、五、六列弹窗中也能使用——此前固定大小会溢出按钮。单个按钮也可以设置自己的大小。,
cr_whats_new_beta_13,5,"Button stacks can push their appearance onto every button they hold: one Icon only for every button switch instead of the same switch on twenty buttons, plus an icon size they all inherit. A single button can still override the size.",按钮堆叠可以把外观应用到其中的所有按钮：一个“所有按钮仅显示图标”开关即可，无需在二十个按钮上重复设置，图标大小也会被全部继承。单个按钮仍可覆盖大小。,
cr_whats_new_beta_13,6,"The quick start guide can be browsed by hand. Swipe the gesture preview, tap a dot, or tap any tip to jump to it. It still plays on its own until you take over.",快速入门指南现在可以手动浏览。滑动手势预览，或点按圆点、任意提示即可跳转。在你接管之前，它仍会自动播放。,
cr_whats_new_beta_13,7,"Fixed the waste widget showing the wrong icon and colour for every collection type outside Dutch: the type was matched against the translated label, so PMD shown as Packaging fell through to a generic grey-blue bin. PMD is orange with a recycling symbol again.",修复了垃圾回收小组件在非荷兰语下所有类别都显示错误图标和颜色的问题：类别是与翻译后的名称比对的，因此显示为 Packaging 的 PMD 落到了通用的灰蓝色垃圾桶。PMD 恢复为带回收符号的橙色。,
cr_whats_new_beta_13,8,"Fixed the room-following prompt appearing after Ask before switching rooms was turned off, and for the room already on screen. It now also offers Don't ask again until I restart the app, and the wait time can be set whether or not prompting is on.",修复了关闭“切换房间前先询问”后仍出现房间切换询问，以及为当前已打开的房间询问的问题。询问中新增“在我重新启动应用前不要再询问”，等待时间也可随时设置。,
cr_whats_new_beta_13,9,"Flows can express Any of these and nested logic, not just a flat list of ANDs. A group opens into its own list with a breadcrumb, and groups can hold groups, so motion detected AND (after sunset OR guest mode on) is buildable. It is the same structure Home Assistant's own editor writes, so a flow made in HA that used OR is no longer an untouchable advanced block.",流程现在可以表达“满足其中任一”和嵌套逻辑，而不只是一串 AND。分组会带面包屑在自己的列表中打开，分组还能包含分组，因此“检测到移动 且（日落之后 或 访客模式开启）”可以直接搭建。这与 Home Assistant 自动化编辑器写出的结构相同，所以在 HA 中用 OR 创建的流程不再是无法编辑的高级块。,don't translate Home Assistant
cr_whats_new_beta_13,10,"Thermostat dials on the Climate view no longer squeeze six across a landscape foldable. Dials hold at four per row until the window is genuinely desktop-wide, so each keeps enough width to read.",气候视图中的温控旋钮不再在横屏折叠屏上挤成六个一排。在窗口真正变得很宽之前，每行保持四个，让每个旋钮都有足够宽度。,
cr_whats_new_beta_13,11,"The Waiting for notifications message now has a Hide this notification button that jumps straight to its Android channel settings, where switching the channel off hides it for good while the connection keeps working. Android will not let a background connection run without a visible notification, so this is as far as muting can go. It also switches itself on when you have more than one Home Assistant server.",“等待通知”消息现在带有“隐藏此通知”按钮，可直接跳转到它的 Android 渠道设置。在那里关闭渠道后，通知会彻底消失，而连接照常工作。Android 不允许没有可见通知的后台连接，因此这已是静音的极限。当你有多个 Home Assistant 服务器时，它也会自行开启。,don't translate Home Assistant
cr_whats_new_beta_13,12,"The vacuum widget can now draw a Valetudo map itself. Choose Valetudo map as the button image and point it at your robot's map camera: HKI reads the map data Valetudo hides inside that camera's PNG and draws the floor, walls, rooms, the robot, its dock and the path it has taken. No add-on, custom component or extra Home Assistant integration is involved, and the map refreshes on its own while the robot is cleaning.",扫地机器人小组件现在可以自己绘制 Valetudo 地图。将按钮图像选为 Valetudo 地图并指向机器人的地图摄像机，HKI 会读取 Valetudo 藏在该摄像机 PNG 里的地图数据，绘出地面、墙体、房间、机器人、充电座以及已走路径。无需任何加载项、自定义组件或额外的 Home Assistant 集成，且清扫时地图会自动刷新。,"don't translate Home Assistant, Valetudo"
cr_whats_new_beta_13,13,"Tap a room on the Valetudo map to send the robot to clean it. Rooms use the names you gave them in Valetudo. Cleaning a single room goes through Home Assistant's clean_area action, so first map the robot's segments to your areas in Home Assistant — until you do, the map says so instead of leaving the tap doing nothing.",在 Valetudo 地图上点击房间即可让机器人去清扫。房间使用你在 Valetudo 中设的名称。单个房间的清扫通过 Home Assistant 的 clean_area 动作完成，因此请先在 Home Assistant 中将机器人的分区映射到区域；在那之前，地图会给出提示而不是默默忽略点击。,"don't translate Home Assistant, Valetudo"
cr_whats_new_beta_13,14,"The vacuum settings now warn that plain Map camera on a Valetudo map entity shows a blank tile. Valetudo deliberately does not render the map on the robot, so its PNG is only a container for the data — Valetudo map is the mode that shows something.",扫地机器人设置现在会提醒：对 Valetudo 地图实体使用普通的地图摄像机会显示空白卡片。Valetudo 故意不在机器人上渲染地图，PNG 仅作为数据容器 —— 真正能显示内容的是 Valetudo 地图模式。,don't translate Valetudo
cr_whats_new_beta_13,15,"The vacuum dialog now shows a Valetudo map whenever the map camera you picked actually carries one, whatever the button image is set to — the button image only decides how the tile on the dashboard looks. Cameras that turn out not to be Valetudo maps still show their picture, and HKI stops re-checking once it knows.",扫地机器人弹窗现在只要所选地图摄像机确实包含地图数据，就会显示 Valetudo 地图，与按钮图像的设置无关 —— 按钮图像只决定仪表盘上卡片的外观。并非 Valetudo 地图的摄像机仍然显示其画面，HKI 判定一次后不再重复检查。,don't translate Valetudo
cr_whats_new_beta_13,16,"The robot image now spins while the vacuum is cleaning or returning to its dock, using the same icon animation settings as the rest of the app. A button's own animation setting still overrides it, and Off keeps it still.",机器人图像现在会在扫地或返回充电座时旋转，使用与应用其他部分相同的图标动画设置。按钮自己的动画设置仍然优先，选择关闭则保持静止。,
cr_whats_new_beta_13,17,* HKI 7 Cloud Component integration required.,* 需要 HKI 7 Cloud 组件集成。,don't translate HKI 7 Cloud
cr_whats_new_beta_12,1,"Button widgets and button stacks can now hold an empty, fully transparent button. It takes up a grid cell without drawing anything, so the buttons around it line up exactly where you want them.",按钮微件和按钮堆栈现在可以放置完全透明的空按钮。它占据一个网格单元却不绘制任何内容，因此周围的按钮可以精确对齐到你想要的位置。,
cr_whats_new_beta_12,2,Buttons can show just their icon. The new Icon only switch under a button's Appearance settings drops the name and state and centers a larger icon on the button.,按钮可以只显示图标。在按钮的外观设置中开启新的“仅图标”开关后，名称和状态会隐藏，更大的图标会居中显示。,
cr_whats_new_beta_12,3,"New Custom popup action for buttons, badges, and dialog buttons. Point any tap, hold, or double tap at a popup you build yourself: it opens with the usual dialog title, status, history, and close controls, and you fill it with any widget the app offers. Popups are listed under Settings › Appearance › Popups, where Edit contents opens one ready to arrange. Popups are shared, so several buttons can open the same one, and stacks inside a popup can use up to six columns instead of three. While a popup is being arranged, a Done button sits beside Add widget to leave edit mode without closing it.",为按钮、徽章和对话框按钮新增“自定义弹窗”操作。可将轻点、长按或双击指向你自行搭建的弹窗：弹窗带有一贯的标题、状态、历史和关闭控件，并可放入应用中的任意微件。弹窗会列在设置›外观›弹窗中，“编辑内容”可直接打开并排列。弹窗是共享的，多个按钮可以打开同一个，弹窗内的堆栈最多可使用 6 列，而不是 3 列。整理弹窗时，“添加微件”旁会出现“完成”按钮，可在不关闭弹窗的情况下退出编辑模式。,
cr_whats_new_beta_12,4,"Fixed the Energy detail views (Solar, Electricity, Gas, Water, City heating, Battery) drawing their cards flush against each other with their headings missing. Production, Forecast, Inverters and the rest were hidden behind the card below them; the cards now keep their headings and the usual spacing.",修复了能源详情页面（太阳能、电力、燃气、水、区域供热、电池）中卡片紧挨在一起且缺少标题的问题。“发电”“预测”“逆变器”等标题被下方卡片遮住；卡片现在会保留标题和一贯的间距。,
cr_whats_new_beta_12,5,"Fixed Parental Controls refusing to save. An out-of-date HKI 7 Cloud component rejects the Visible and Invisible lists, which used to fail the whole policy; the permissions now save regardless and the message says the component needs updating. Those lists only filter entity lists such as global search — a button on a family dashboard stays visible unless it is hidden for that person explicitly.*",修复了家长控制无法保存的问题。较旧的 HKI 7 Cloud 组件会拒绝“可见”和“不可见”列表，此前会导致整个策略保存失败；现在权限仍会保存，并提示需要更新组件。这些列表只会筛选全局搜索等实体列表——家庭仪表板上的按钮除非针对该用户明确隐藏，否则仍会显示。*,don't translate HKI 7 Cloud
cr_whats_new_beta_12,6,* HKI 7 Cloud Component integration required.,* 需要 HKI 7 Cloud 组件集成。,don't translate HKI 7 Cloud
cr_whats_new_beta_11,1,"Rooms, Climate, Security, Energy, and Battery dashboards now make better use of tablets and foldables. Large cards follow the Home and individual-room 1/2/3-column layout, while compact tiles auto-fit without becoming cramped. Climate, Security, and Energy cards use a height-aware masonry layout on wider displays, eliminating large gaps below shorter cards.",房间、气候、安全、能源和电池仪表板现在能更充分地利用平板电脑和折叠屏设备。大型卡片采用与主页和单个房间相同的一至三列布局，紧凑磁贴会自动排列且不会过于拥挤。在宽屏设备上，气候、安全和能源卡片会使用考虑高度的瀑布流布局，避免较短卡片下方留下大片空白。,
cr_whats_new_beta_11,2,State-colored icons on entity buttons and header/status pills now preserve their semantic hue while automatically shifting lighter or darker when they would blend into the current theme.,实体按钮及标题栏／状态标签中的状态色图标会保留其语义色调；如果与当前主题过于接近，则会自动变亮或变暗以保持清晰。,
cr_whats_new_beta_11,3,"Selecting a family dashboard during onboarding now subscribes that installation to it. Owner edits are published when Save or Done is tapped, active clients refresh immediately, and offline clients reconcile when reopened. Non-admin subscribers cannot create or duplicate dashboards unless the app is fully reset.*",在初始设置中选择家庭仪表板后，此设备会订阅该仪表板。所有者点击“保存”或“完成”时会发布更改，在线客户端会立即刷新，离线客户端会在再次打开时同步。非管理员订阅者在完全重置应用之前无法创建或复制仪表板。*,
cr_whats_new_beta_11,4,"Dashboard setup during onboarding can now restore a local, Google Drive, or Home Assistant backup. New Google Drive and Home Assistant backups use consistent, informative names containing the app version and creation date.*",初始设置的仪表板配置现在可以从本地、Google Drive 或 Home Assistant 备份恢复。新的 Google Drive 和 Home Assistant 备份会使用包含应用版本和创建日期的统一且清晰的名称。*,"don't translate Home Assistant, Google Drive"
cr_whats_new_beta_11,5,"Calendar widgets become vertically scrollable when their height is too small for every event, and hidden Home widgets are removed from the layout instead of leaving an empty space.",当日历小组件高度不足以显示所有事件时，现在可以垂直滚动；隐藏的主页小组件会从布局中移除，不再占用空白空间。,
cr_whats_new_beta_11,6,"Parcel carrier cards now show the earliest expected delivery date and time for active incoming or outgoing shipments, including integrations that expose a separate next-delivery sensor.",快递公司卡片现在会显示活动中收件或寄件的最早预计送达日期和时间，也支持提供独立“下次送达”传感器的集成。,
cr_whats_new_beta_11,7,"Family permissions can now independently allow dashboard switching and creation. Fully restricted subscribers see a locked Dashboard settings tab; onboarding removes its placeholder dashboard when switching is denied, and a deleted family dashboard opens a permission-aware recovery screen instead of silently creating a replacement.*",家庭权限现在可以分别控制是否允许切换和创建仪表板。两项都受限的订阅者会看到锁定的仪表板设置；禁止切换时，初始设置会移除临时仪表板，而家庭仪表板被删除后会打开符合权限的恢复界面，不再静默创建替代仪表板。*,
cr_whats_new_beta_11,8,"Family permissions now also control manual re-importing. Non-admins cannot open Family Sharing settings, disabled onboarding choices explain why they are unavailable, and aesthetics-only editors see only visual controls. Their local names, icons, colors, backgrounds, styles, sizes, and layouts take priority when owner updates arrive.*",家庭权限现在也可控制手动重新导入。非管理员无法打开家庭共享设置；初始设置中已禁用的选项会说明原因；仅限外观编辑的用户只会看到视觉设置。所有者更新到达时，用户的本地名称、图标、颜色、背景、样式、尺寸和布局仍优先保留。*,
cr_whats_new_beta_11,9,"Climate sensor/device tabs, Security groups, and every Energy detail tab now follow the same responsive one-, two-, or three-column masonry rules, including their edit and reorder layouts.",气候传感器/设备标签页、安全分组以及所有能源详情标签页现在均遵循相同的一至三列响应式瀑布流规则，编辑和重新排序布局也同样适用。,
cr_whats_new_beta_11,10,Aesthetics-only family editors can no longer change header-pill configuration or the dashboard's people; those functional settings remain controlled by the owner.*,仅限外观编辑的家庭用户无法再更改标题栏胶囊配置或仪表板中的人员；这些功能设置仍由所有者控制。*,
cr_whats_new_beta_11,11,"Parental Controls now replaces manual entity-ID entry with Visible and Invisible lists. Admins can select complete Home Assistant domains or individual entities, and global search hides restricted entities and devices. Invisible entries always take precedence.*",家长控制现已用“可见”和“不可见”列表替代手动输入实体 ID。管理员可选择完整的 Home Assistant 域或单个实体；全局搜索会隐藏受限实体和设备。“不可见”始终优先。*,don't translate Home Assistant
cr_whats_new_beta_11,12,"Energy setup now imports SmartGateways and DSMR Reader P1 meters even when the Home Assistant Energy dashboard has not been configured and the sensors are not attached to a device. Tariff 1 and tariff 2 readings are recognised separately, and usage charts and period totals add both tariffs together when no single grid import or export sensor is set.",现在，即使未配置 Home Assistant 的能源仪表板、且传感器未归属到任何设备，能源设置也能导入 SmartGateways 和 DSMR Reader 的 P1 电表。系统会分别识别费率 1 和费率 2；若未单独指定电网导入或导出传感器，用量图表与周期合计会将两种费率相加。,don't translate Home Assistant
cr_whats_new_beta_11,13,* HKI 7 Cloud Component integration required.,* 需要 HKI 7 Cloud 组件集成。,don't translate HKI 7 Cloud
cr_whats_new_beta_10,1,"Visibility rules now work across all widgets and individual items, with time, entity, person, and mixed AND/OR conditions. Admins using a family-shared dashboard can choose whether an item is Visible or Hidden for a selected user. Person conditions use HKI 7 Cloud, whose requirement is shown when it is unavailable. New rules start empty so you choose Time, Entity, or Person.",可见性规则适用于所有小组件及项目，支持时间、实体、人员及混合“与/或”条件。家庭共享仪表板的管理员可让项目对所选用户可见或隐藏。人员条件使用 HKI 7 Cloud；未安装该集成时会显示要求。新规则默认留空，可选择时间、实体或人员。,don't translate HKI 7 Cloud
cr_whats_new_beta_10,2,"Room-status counter badges keep a stable two-digit width. Headers responsively fit one, two, or three counters per row like the home-page and person badges, without pushing the title down.",房间状态计数徽章保持稳定的两位数宽度。标题区域会像主页和人员徽章一样自动适应每行一、二或三列，且不会把标题向下挤。,
cr_whats_new_beta_10,3,"Energy setup now recognises SmartGateways and DSMR Reader MQTT sensor names, and choosing a source device refills its separate sensor roles. City heating has dedicated settings, a source tile and detail tab, plus an estimated natural-gas equivalent for J/GJ heat readings.",能源设置现可识别 SmartGateways 和 DSMR Reader 的 MQTT 传感器名称，选择来源设备会重新填充各个传感器。区域供暖新增专用设置、来源磁贴、详情页，以及按 J/GJ 用量估算的天然气等价值。,
cr_whats_new_beta_10,4,"Calendar widget dialogs now use the available height correctly, fixing content that previously occupied only half the settings dialog or was cut off.",日历小组件对话框现在会正确使用全部可用高度，内容不再只占一半或被截断。,
cr_whats_new_beta_10,5,"Re-import settings now use one consistently spelled and localized label across Rooms, Climate, Security, Energy, and Battery. Conditional visibility wording was also corrected in every supported language.",房间、气候、安全、能源和电池中的重新导入设置现使用统一且正确本地化的标签。所有支持语言中的条件可见性术语也已修正。,
cr_whats_new_beta_10,6,"Fixed PostNL and the current parcel-integration parser, so incoming shipments once again show their complete tracking details and delivered state. Carrier support has also been brought up to date.",屏幕旋转现在会跟随设备的自动旋转设置，不再固定为竖屏。,
cr_whats_new_beta_10,7,"Added an in-app language selector with full coverage in 13 languages: Dutch, German, French, Spanish (plus Latin American Spanish), Italian, Turkish, Portuguese (plus Brazilian Portuguese), Japanese, Korean, and Chinese (Simplified and Traditional). Each language shows its native name with an English hint beneath it.",关联天气设备后，即使没有独立传感器，气候页面也会显示“室外”磁贴，在摘要中计入温度、湿度和气压属性，并用对应的传感器颜色绘制图表。,
cr_whats_new_beta_10,8,"The reconnect status now shows the actual connection error, making Wi-Fi, mobile-data, and VPN handovers much easier to diagnose.",包裹状态代码现在会显示为自然语句。日期和时间遵循所选语言及 12/24 小时设置，近期送达使用星期名称，省略当前年份，且不会重复显示同一日期。,
cr_whats_new_beta_10,9,Screen rotation now follows your device’s auto-rotate setting instead of staying locked to portrait.,修复了 PostNL 及当前包裹集成解析器，来件包裹现可再次显示完整的追踪详情和送达状态。承运商支持也已更新。,
cr_whats_new_beta_10,10,"The Climate ""Outside"" tile now appears as soon as a weather device is linked, even without dedicated sensors, counts its temperature, humidity and pressure attributes in the summary, and graphs them with matching sensor colors.",应用内语言选择器现已完整覆盖全部 13 种受支持语言。每种语言都会显示其本地名称，并在下方附上英文提示。,
cr_whats_new_beta_10,11,"Parcel status codes are now normal sentences. Dates and times follow the selected language and 12/24-hour preference, nearby deliveries use weekday names, the current year is omitted, and same-day windows no longer repeat the date.",重新连接状态现在会显示实际的连接错误，让 Wi-Fi、移动数据和 VPN 切换更容易诊断。,
cr_whats_new_beta_9,1,"Drag to reorder cameras, thermostats, and energy cards. In edit mode the Security, Climate, and Energy views each get a Reorder button for their relevant cards.",可拖动排序摄像头、恒温器和能源卡片。在编辑模式下，安防、空调和能源视图各自新增了“重新排序”按钮，用于其相关卡片。,
cr_whats_new_beta_9,2,"New Climate Outside tile. Link a weather entity or outdoor temperature, humidity, and air-pressure sensors, then open the tile for individual history graphs.",新增空调室外图块。关联天气实体或室外温度、湿度和气压传感器，打开图块即可查看各项历史图表。,
cr_whats_new_beta_9,3,"Visibility now belongs to each button and header badge. Hide an item or schedule it once or on a daily, weekly, monthly, or yearly recurrence.",可见性现属于每个按钮和标题徽章。可隐藏项目，或按一次性、每天、每周、每月或每年重复设置计划。,
cr_whats_new_beta_9,4,Header badges can be renamed from Appearance settings.,标题徽章现可在外观设置中重命名。,
cr_whats_new_beta_9,5,Swiping cards autoplay every three seconds by default.,滑动卡片默认每三秒自动播放。,
cr_whats_new_beta_9,6,"The Weather dialog adds autoplay for Season, a windrose card, and an optional rain-map card from a camera or embedded web page.",天气对话框新增季节自动播放、风向玫瑰图卡片，以及可选的降雨地图卡片（来自摄像头或嵌入式网页）。,
cr_whats_new_beta_9,7,"The Parcels widget was rebuilt around carriers, with logos, account totals, shipment sections, estimates, tracking history, and add-by-tracking support where available.",包裹小组件已围绕承运商重新构建，包含徽标、账户总数、货件板块、预计送达时间、追踪历史，并在支持时提供按追踪号添加功能。,
cr_whats_new_beta_9,8,"Humidifiers and dehumidifiers now have native power, humidity, mode, speed, and helper controls throughout the app.",加湿器和除湿机现在整个应用中拥有原生的电源、湿度、模式、速度和辅助控件。,
cr_whats_new_beta_9,9,Room status counters are interactive and open the entities behind each count.,房间状态计数器现可互动，点击可打开该计数背后的实体。,
cr_whats_new_beta_9,10,Buttons and badges can show a live countdown from a completion-time entity.,按钮和徽章可显示来自完成时间实体的实时倒计时。,
cr_whats_new_beta_9,11,Shared dashboards publish owner edits automatically and recipients receive them on their next sync.,共享仪表盘会自动发布所有者的编辑内容，接收者在下次同步时会收到更新。,
cr_whats_new_beta_9,12,Header display settings now belong to each dashboard and travel through backups and family sharing.,标题显示设置现属于每个仪表盘，并随备份和家庭共享一同传递。,
cr_whats_new_beta_9,13,Camera widgets fill the entire tile and follow the configured corner radius.,摄像头小组件现已铺满整个图块，并遵循已配置的圆角设置。,
cr_whats_new_beta_9,14,"Waste collections on the same day now overlap visibly, and the larger dialog can be dismissed by tapping outside.",同一天的垃圾收集现会明显重叠显示，点击外部区域即可关闭更大的对话框。,
cr_whats_new_beta_9,15,"Battery, Waste, camera, weather, and About visuals are now more consistent.",电池、垃圾、摄像头、天气和“关于”页面的视觉效果现更加统一。,
cr_whats_new_beta_9,16,"Binary sensors use Home Assistant-style Open/Closed, Wet/Dry, Detected/Clear, and Connected/Disconnected labels.",二元传感器现使用 Home Assistant 风格的“打开/关闭”“潮湿/干燥”“已检测/已清除”和“已连接/已断开”标签。,don't translate Home Assistant
cr_whats_new_beta_9,17,"Aesthetic-only editors can change existing badge visuals but cannot add, remove, or reconfigure badges.",仅限外观的编辑者可更改现有徽章的视觉效果，但无法添加、移除或重新配置徽章。,
cr_whats_new_beta_9,18,Fixed network handovers: sockets tied to the old Android network are discarded and the saved Home Assistant session reconnects without an unnecessary login. Reconnect status also shows the failure reason.,修复了网络切换问题：绑定到旧 Android 网络的连接现会被丢弃，已保存的 Home Assistant 会话可在无需重新登录的情况下重新连接。重新连接状态还会显示失败原因。,don't translate Home Assistant
cr_whats_new_beta_8,1,Child locks are no longer imported automatically as room controls.,子锁不再自动导入为房间控件。,
cr_whats_new_beta_8,2,Every button and badge now honours Home Assistant entity-icon overrides.,所有按钮和徽章现在都遵循 Home Assistant 的实体图标覆盖设置。,don't translate Home Assistant
cr_whats_new_beta_8,3,Vacuums now appear in the room badge bar and open their controls when tapped.,扫地机器人现已出现在房间徽章栏，点击可打开其控制界面。,
cr_whats_new_beta_8,4,"Individual buttons in multi-item widgets can be hidden or scheduled, including recurring annual date ranges.",多项小组件中的单个按钮现可隐藏或设置计划，包括每年重复的日期范围。,
cr_whats_new_beta_8,5,Multiple camera badges now open one swipeable dialog with fullscreen paging.,多个摄像头徽章现会打开一个可滑动的对话框，支持全屏分页浏览。,
cr_whats_new_beta_8,6,"Family Sharing now lists cloud-published dashboards so they can be imported, reshared, or deleted after a reinstall.",家庭共享现会列出已发布到云端的仪表盘，可在重装后导入、重新共享或删除。,
cr_whats_new_beta_7,1,Automatic room import now skips built-in helper controls while retaining genuine extra controls.,自动房间导入现在会跳过内置的辅助控件，同时保留真正的额外控件。,
cr_whats_new_beta_7,2,Climate devices from different integrations are no longer merged into one control.,来自不同集成的空调设备不再合并为一个控件。,
cr_whats_new_beta_7,3,"Climate-device icons now match air conditioners, humidifiers, dehumidifiers, and air purifiers.",空调设备图标现在与空调、加湿器、除湿机和空气净化器一一匹配。,
cr_whats_new_beta_7,4,Air-purifier and humidifier icons pulse gently instead of spinning.,空气净化器和加湿器图标改为轻柔脉动，不再旋转。,
cr_whats_new_beta_7,5,Door locks now use closed-door and open-door icons.,门锁现在使用关闭门和打开门图标。,
cr_whats_new_beta_7,6,Multi-device header badges can be reordered to choose their leading entity.,多设备标题徽章现可重新排序以选择其主要实体。,
cr_whats_new_beta_7,7,Animated icon effects are enabled by default on new installations.,新安装的应用默认启用动态图标效果。,
cr_whats_new_beta_7,8,Buttons and badges can display an entity attribute and optional unit instead of its state.,按钮和徽章可显示实体属性和可选单位，而非其状态。,
cr_whats_new_beta_7,9,"Dashboards can now be copied with all rooms, widgets, and page settings.",现在可以复制仪表盘，包括所有房间、小组件和页面设置。,
cr_whats_new_beta_7,10,"Family Sharing now combines parental controls, dashboard sharing, and per-user permissions.",家庭共享现结合了家长控制、仪表盘共享和按用户权限管理。,
cr_whats_new_beta_7,11,Shared dashboards update automatically while keeping allowed local visual changes.,共享仪表盘会自动更新，同时保留允许的本地视觉更改。,
cr_whats_new_beta_7,12,Non-admin family members can use automatic per-room Adaptive Lighting controls when the HKI 7 Cloud component is installed.,安装 HKI 7 Cloud 组件后，非管理员家庭成员可使用自动按房间自适应照明控制。,don't translate HKI 7 Cloud
cr_whats_new_beta_7,13,Fixed unreadable header and pull-down labels in light mode and with custom appearances.,修复了浅色模式及自定义外观下标题和下拉标签不可读的问题。,
cr_whats_new_beta_7,14,About now provides What’s new and Full changelog buttons.,“关于”页面现提供“新版本说明”和“完整更新日志”按钮。,
cr_whats_new_beta_7,15,Fixed the Unable to connect screen so it appears reliably when Home Assistant cannot be reached.,修复了“无法连接”界面，使其在无法访问 Home Assistant 时能可靠显示。,don't translate Home Assistant
cr_whats_new_beta_6,1,Fixed edit-mode action bars overlapping Android three-button navigation.,修复了编辑模式操作栏与 Android 三按钮导航重叠的问题。,
cr_whats_new_beta_6,2,The Backup and Restore screen now shows when each automatic cloud backup last ran.,备份与恢复界面现在会显示每次自动云备份的最近运行时间。,
cr_whats_new_beta_6,3,Each cloud backup now has a Back up now button.,每个云备份现在都有一个“立即备份”按钮。,
cr_whats_new_beta_6,4,Fixed the oversized app icon after the themed-icon update.,修复了主题图标更新后应用图标过大的问题。,
cr_whats_new_beta_4_to_5,1,The Backup and Restore screen now shows when each automatic cloud backup last ran.,备份与恢复界面现在会显示每次自动云备份的最近运行时间。,
cr_whats_new_beta_4_to_5,2,Each cloud backup now has a Back up now button.,每个云备份现在都有一个“立即备份”按钮。,
cr_whats_new_beta_4_to_5,3,Fixed the oversized app icon after the themed-icon update.,修复了主题图标更新后应用图标过大的问题。,
cr_whats_new_beta_3,1,"Added Simple Icons, Tabler, and Phosphor icon packs alongside Material Design Icons.",新增 Simple Icons、Tabler 和 Phosphor 图标包，与 Material Design Icons 并列使用。,
cr_whats_new_beta_3,2,"Added animated entity icons that glow, spin, or pulse while active.",新增动态实体图标，可在激活时发光、旋转或脉动。,
cr_whats_new_beta_3,3,Added family dashboard sharing for admins.*,新增管理员家庭仪表盘共享功能。*,
cr_whats_new_beta_3,4,Added parental controls that can hide selected views and rooms for specific people.*,新增家长控制功能，可为特定成员隐藏指定视图和房间。*,
cr_whats_new_beta_3,5,Added automatic daily backup to your own Home Assistant.*,新增自动每日备份到您自己的 Home Assistant。*,don't translate Home Assistant
cr_whats_new_beta_3,6,Media-source icons are colored and can open the installed source app.,媒体来源图标现已彩色显示，并可打开已安装的来源应用。,
cr_whats_new_beta_3,7,New iFrame widget for embedding web pages.,新增 iFrame 小组件，用于嵌入网页。,
cr_whats_new_beta_3,8,Energy views now show negative values while exporting power.,能源视图现在会在输出电力时显示负值。,
cr_whats_new_beta_3,9,Fixed onboarding completing when switching away before finishing.,修复了在完成前切换会导致引导流程被标记为完成的问题。,
cr_whats_new_beta_3,10,Fixed the thermostat-dial mode button overlapping nearby items.,修复了恒温器表盘模式按钮与相邻元素重叠的问题。,
cr_whats_new_beta_3,11,Many smaller bug fixes.,多项较小的错误修复。,
cr_whats_new_beta_3,12,* HKI 7 Cloud Component integration required.,* 需要 HKI 7 Cloud 组件集成。,don't translate HKI 7 Cloud
cr_whats_new_beta_2,1,"Improved layouts on short and narrow displays, with a single-column fallback throughout the app.",改进了在短屏和窄屏设备上的布局，整个应用现支持单列回退方案。,
cr_whats_new_beta_2,2,Dialog headers use two rows on narrow screens so titles are no longer cut off.,对话框标题在窄屏上使用两行显示，标题不再被截断。,
cr_whats_new_beta_2,3,Fixed Adaptive Lighting sliders overlapping other elements.,修复了自适应照明滑块与其他元素重叠的问题。,
cr_whats_new_beta_2,4,Navigation bars now indicate when more items are available off-screen.,导航栏现在会提示屏幕外还有更多项目。,
cr_whats_new_beta_2,5,Fixed cameras ignoring the screen-orientation lock.,修复了摄像头忽略屏幕方向锁定的问题。,
cr_whats_new_beta_2,6,Fixed zoom in camera dialogs and fullscreen cameras.,修复了摄像头对话框和全屏摄像头中的缩放问题。,
global_search_browse_entities,one,Browse %1$d entity on this device,,needs translation; app fills in %1$d — keep them
global_search_browse_entities,other,Browse %1$d entities on this device,浏览此设备上的 %1$d 个实体,app fills in %1$d — keep them
global_search_entity_count,one,%1$d entity,,needs translation; app fills in %1$d — keep them
global_search_entity_count,other,%1$d entities,%1$d 个实体,app fills in %1$d — keep them
rooms_count,one,%1$d room,,needs translation; app fills in %1$d — keep them
rooms_count,other,%1$d rooms,%1$d 个房间,app fills in %1$d — keep them
core_system,,System,系统,
core_greeting_morning,,Good Morning,早上好,
core_greeting_afternoon,,Good Afternoon,下午好,
core_greeting_evening,,Good Evening,晚上好,
core_greeting_night,,Good Night,晚安,
core_last_seen_just_now,,Last seen just now,刚刚出现,
core_no_media_playing,,No media is playing,没有正在播放的媒体,
core_media_players_playing,one,%1$d media player is playing,,needs translation; app fills in %1$d — keep them
core_media_players_playing,other,%1$d media players are playing,%1$d 个媒体播放器正在播放,app fills in %1$d — keep them
core_last_seen_minutes,one,Last seen %1$d minute ago,,needs translation; app fills in %1$d — keep them
core_last_seen_minutes,other,Last seen %1$d minutes ago,%1$d 分钟前最后出现,app fills in %1$d — keep them
core_last_seen_hours,one,Last seen %1$d hour ago,,needs translation; app fills in %1$d — keep them
core_last_seen_hours,other,Last seen %1$d hours ago,%1$d 小时前最后出现,app fills in %1$d — keep them
core_last_seen_days,one,Last seen %1$d day ago,,needs translation; app fills in %1$d — keep them
core_last_seen_days,other,Last seen %1$d days ago,%1$d 天前最后出现,app fills in %1$d — keep them
core_last_seen_weeks,one,Last seen %1$d week ago,,needs translation; app fills in %1$d — keep them
core_last_seen_weeks,other,Last seen %1$d weeks ago,%1$d 周前最后出现,app fills in %1$d — keep them
dlg_1_advanced_shorthand_block_kept_unchanged,,1 advanced shorthand block (kept unchanged),1 个高级简写块（保持不变）,
dlg_24_hour_format,,24-Hour Format,24 小时制,
dlg_action_count,,%1$s action,%1$s 个操作,app fills in %1$s — keep them
dlg_action,,Action,操作,
dlg_action_data,,Action data,操作数据,
dlg_action_data_object,,Action data object,操作数据对象,
dlg_action_details,,Action details,操作详情,
dlg_adapt_now,,Adapt now,立即调整,
dlg_adaptive_lighting,,Adaptive Lighting,自适应照明,
dlg_adaptive_lighting_is_unavailable,,Adaptive Lighting is unavailable,自适应照明不可用,
dlg_add_4_10_entity_buttons_to_this_dialog_s,,Add 4–10 entity buttons to this dialog's nav bar.,在此对话框的导航栏中添加 4–10 个实体按钮。,
dlg_add,,Add,添加,
dlg_add_at_least_one_step,,Add at least one step,至少添加一个步骤,
dlg_add_button,,Add button,添加按钮,
dlg_add_custom_buttons,,Add Custom Buttons,添加自定义按钮,
dlg_add_more_for_a_full_row,,Add %1$s more for a full row.,再添加 %1$s 个即可填满一行。,app fills in %1$s — keep them
dlg_add_to,,Add to %1$s,添加到 %1$s,app fills in %1$s — keep them
dlg_advanced,,Advanced,高级,
dlg_advanced_action_data_json,,Advanced action data (JSON),高级操作数据（JSON）,
dlg_advanced_shorthand_blocks_kept_unchanged,,%1$s advanced shorthand blocks (kept unchanged),%1$s 个高级简写块（保持不变）,app fills in %1$s — keep them
dlg_alarm_entities,,Alarm entities,警报实体,
dlg_alarm_pending,,Alarm pending,警报待处理,
dlg_alignment,,Alignment,对齐方式,
dlg_always,,Always,始终,
dlg_any_state,,Any state,任意状态,
dlg_appearance,,Appearance,外观,
dlg_apply,,Apply,应用,
dlg_aspect_ratio,,Aspect ratio,宽高比,
dlg_astronomical_tap_or_swipe,,Astronomical · tap or swipe,天文 · 点击或滑动,
dlg_auto,,Auto,自动,
dlg_auto_none,,Auto / none,自动/无,
dlg_auto_scan,,Auto-scan,自动扫描,
dlg_automation,,Automation,自动化,
dlg_back,,Back,返回,
dlg_backspace,,Backspace,退格,
dlg_badge_bar_layout,,Badge bar layout,徽章栏布局,
dlg_batt,,Batt,电量,
dlg_battery_value,,Battery: %1$s,电池：%1$s,app fills in %1$s — keep them
dlg_built_in,,Built-in,内置,
dlg_cancel,,Cancel,取消,
dlg_cancel_arming,,Cancel arming,取消布防,
dlg_change,,Change,更改,
dlg_choose_a_side_when_the_badge_bar_is_split,,Choose a side when the badge bar is split,在徽章栏分栏时选择一侧,
dlg_choose_a_state,,Choose a state,选择一个状态,
dlg_condition,,Condition,条件,
dlg_condition_is,,Is,是,
dlg_condition_is_not,,Is not,不是,
dlg_condition_state,,State,状态,
dlg_vis_and,,AND,和,
dlg_vis_conditional,,Conditional,按条件,
dlg_vis_entity_state,,Entity state,实体状态,
dlg_vis_person,,Person,人员,
dlg_visible,,Visible,可见,
dlg_choose_person,,Choose person,选择人员,
dlg_person_condition_hint,,Matches the signed-in Home Assistant user. This rule travels with a shared dashboard.,与当前登录的 Home Assistant 用户匹配。此规则会随共享仪表板一起传递。,don't translate Home Assistant
dlg_person_requires_hki7_cloud,,Person visibility requires the HKI 7 Cloud component. Install it to select Home Assistant users here.,按人员设置可见性需要 HKI 7 Cloud 组件。安装后即可在此选择 Home Assistant 用户。,"don't translate HKI 7 Cloud, Home Assistant"
dlg_vis_match,,Match,匹配,
dlg_vis_match_all,,All rules,所有规则,
dlg_vis_match_any,,Any rule,任何规则,
dlg_vis_or,,OR,或者,
dlg_vis_time_schedule,,Time schedule,时间表,
dlg_choose_a_visual_home_assistant_block,,Choose a visual Home Assistant block,选择一个可视化 Home Assistant 模块,don't translate Home Assistant
dlg_choose_action,,Choose action,选择操作,
dlg_choose_an_action,,Choose an action,选择一个操作,
dlg_choose_an_entity,,Choose an entity,选择一个实体,
dlg_choose_an_entity_first,,Choose an entity first,请先选择一个实体,
dlg_choose_entity,,Choose entity,选择实体,
dlg_choose_the_home_assistant_entities_that_drive_this_room,,Choose the Home Assistant entities that drive this room's live indicators. Indicators only appear while they are active.,选择驱动此房间实时指示器的 Home Assistant 实体。指示器仅在激活时显示。,don't translate Home Assistant
dlg_choose_the_profile_for_this_light,,Choose the profile for this light,为此灯选择配置文件,
dlg_choose_what_this_action_should_control,,Choose what this action should control,选择此操作应控制的内容,
dlg_choose_what_this_badge_summarizes,,Choose what this badge summarizes,选择此徽章要汇总的内容,
dlg_choose_what_this_header_pill_shows,,Choose what this header pill shows,选择此标题药丸标签要显示的内容,
dlg_clear,,Clear,清除,
dlg_clear_rooms_view,,Clear rooms view?,清空房间视图,
dlg_climate_dialog_control,,Climate dialog control,空调对话框控制,
dlg_climate_sources_take_priority_and_use_their_current_temper,,Climate sources take priority and use their current_temperature and current_humidity values. ,空调来源优先，并使用其 current_temperature 和 current_humidity 值。,keep the space at the start/end
dlg_climate_summary,,Climate summary,空调摘要,
dlg_close,,Close,关闭,
dlg_confirm,,Confirm,确认,
dlg_controls_light_in_this_profile,,Controls %1$s light%2$s in this profile.,控制此配置文件中的 %1$s 盏灯%2$s。,app fills in %1$s %2$s — keep them
dlg_countdown_timer,,Countdown timer,倒计时器,
dlg_create_a_flow,,Create a flow,创建流程,
dlg_current,,Current %1$s%%,当前 %1$s%%,app fills in %1$s — keep them
dlg_current_weather,,Current weather,当前天气,
dlg_custom,,Custom,自定义,
dlg_custom_buttons,,Custom buttons,自定义按钮,
dlg_custom_value,,Custom %1$s,自定义 %1$s,app fills in %1$s — keep them
dlg_custom_name,,Custom name,自定义名称,
dlg_custom_seconds,,Custom seconds,自定义秒数,
dlg_custom_state,,Custom state...,自定义状态…,
dlg_date,,Date,日期,
dlg_day_to,,%1$s day%2$s to %3$s,%1$s 天%2$s 至 %3$s,app fills in %1$s %2$s %3$s — keep them
dlg_delete_automation,,Delete automation?,删除自动化？,
dlg_delete,,Delete,删除,
dlg_description,,Description,描述,
dlg_details,,Details,详情,
dlg_device_value,,Device: %1$s,设备：%1$s,app fills in %1$s — keep them
dlg_device,,Device,设备,
dlg_direction,,Direction —,方向 —,
dlg_display,,Display,显示,
dlg_display_linked_entities_and_dialog_layout,,"Display, linked entities, and dialog layout",显示、关联实体和对话框布局,
dlg_display_mode,,Display mode,显示模式,
dlg_display_order,,Display order,显示顺序,
dlg_done,,Done,完成,
dlg_door_sensors,,Door sensors,门传感器,
dlg_edit,,Edit,编辑,
dlg_empty_bin,,Empty bin: %1$s,倒空垃圾桶：%1$s,app fills in %1$s — keep them
dlg_end,,End: %1$s,结束：%1$s,app fills in %1$s — keep them
dlg_enter_a_valid_json_object,,Enter a valid JSON object,请输入有效的 JSON 对象,
dlg_enter_code,,Enter code,输入密码,
dlg_enter_the_same_data_object_home_assistant_shows_in,,Enter the same data object Home Assistant shows in YAML. JSON is used here so values keep their exact type.,输入与 Home Assistant 在 YAML 中显示的相同数据对象。此处使用 JSON 是为了保留值的确切类型。,don't translate Home Assistant
dlg_entities_count,,Entities (%1$s),实体（%1$s）,app fills in %1$s — keep them
dlg_entities_appearance_and_interactions,,"Entities, appearance, and interactions",实体、外观和交互,
dlg_entities,,Entities,实体,
dlg_entities_that_signal_activity_or_safety_states,,Entities that signal activity or safety states,发出活动或安全状态信号的实体,
dlg_entity_integrations,,Entity integrations,实体集成,
dlg_entity_name,,Entity name,实体名称,
dlg_entity_picture,,Entity picture,实体图片,
dlg_event,,Event,事件,
dlg_exact_text_or_number_reported_by_home_assistant,,Exact text or number reported by Home Assistant,Home Assistant 报告的确切文本或数字,don't translate Home Assistant
dlg_exit_full_screen,,Exit full screen,退出全屏,
dlg_floor,,Floor,楼层,
dlg_floor_assignment,,Floor assignment,楼层分配,
dlg_flows,,Flows,流程,
dlg_forecast,,Forecast,预报,
dlg_forget_selection,,Forget selection,忘记选择,
dlg_forward,,Forward,前进,
dlg_from,,From %1$s,从 %1$s,app fills in %1$s — keep them
dlg_from_state,,From state,起始状态,
dlg_full_day_name,,Full Day Name,完整星期名称,
dlg_group_light_paused_for_manual_control,,%1$s group light%2$s paused for manual control.,%1$s 组灯%2$s因手动控制而暂停。,app fills in %1$s %2$s — keep them
dlg_header_appearance,,Header appearance,标题外观,
dlg_header_custom_color_rrggbb,,Header custom color (#RRGGBB),标题自定义颜色（#RRGGBB）,
dlg_header_pill,,Header pill,标题药丸标签,
dlg_hidden,,Hidden,已隐藏,
dlg_hidden_during,,Hidden during,隐藏时段,
dlg_hide_this_badge_or_schedule_when_it_appears,,"Hide this badge, or schedule when it appears",隐藏此徽章，或设置其显示时间,
dlg_https,,https://…,https://…,
dlg_humidity,,Humidity,湿度,
dlg_icon,,Icon,图标,
dlg_icon_animation,,Icon animation,图标动画,
dlg_icon_value,,Icon: %1$s,图标：%1$s,app fills in %1$s — keep them
dlg_identity,,Identity,身份,
dlg_identity_presentation_indicators_and_maintenance,,"Identity, presentation, indicators, and maintenance",身份、展示、指示器和维护,
dlg_import_only_rooms_that_have_not_been_edited_or,,"Import only rooms that have not been edited, or rebuild everything. Rebuilding removes all edited rooms and floors before importing them from scratch.",仅导入未被编辑过的房间，或重建全部房间。重建将在从头导入前移除所有已编辑的房间和楼层。,
dlg_import_unedited,,Import unedited,导入未编辑项,
dlg_interactions,,Interactions,交互,
dlg_is,, is, 是,keep the space at the start/end
dlg_items,,%1$s items,%1$s 项,app fills in %1$s — keep them
dlg_last_run,,Last run %1$s,上次运行 %1$s,app fills in %1$s — keep them
dlg_left,,Left,左,
dlg_left_side_overflows_right,,Left side overflows right,左侧溢出到右侧,
dlg_live,,Live,实时,
dlg_live_uppercase,,LIVE,直播,
dlg_live_indicators,,Live indicators,实时指示器,
dlg_loading_actions,,Loading actions…,正在加载操作…,
dlg_lunar_phase,,Lunar phase,月相,
dlg_map,,Map,地图,
dlg_map_value,,Map: %1$s,地图：%1$s,app fills in %1$s — keep them
dlg_media,,Media,媒体,
dlg_media_browsing_isn_t_available_for_this_player,,Media browsing isn't available for this player.,此播放器不支持媒体浏览。,
dlg_media_library,,Media library,媒体库,
dlg_media_players,,Media players,媒体播放器,
dlg_meteorological_tap_or_swipe,,Meteorological · tap or swipe,气象 · 点击或滑动,
dlg_mm,,%1$s mm,%1$s 毫米,app fills in %1$s — keep them
dlg_modes,,Modes,模式,
dlg_moon,,Moon,月亮,
dlg_move_down,,Move down,下移,
dlg_move_up,,Move up,上移,
dlg_multiple_climate_values_are_averaged_separate_sensor_value,,Multiple climate values are averaged. Separate sensor values are averaged only when no climate source is selected.,多个空调数值将取平均值。仅当未选择空调来源时，才会对单独的传感器数值取平均值。,
dlg_name,,Name,名称,
dlg_name_and_icon_used_throughout_the_app,,Name and icon used throughout the app,整个应用中使用的名称和图标,
dlg_name_optional,,Name (optional),名称（可选）,
dlg_native_home_assistant_automations_always_in_sync,,"Native Home Assistant automations, always in sync",原生 Home Assistant 自动化，始终保持同步,don't translate Home Assistant
dlg_never_triggered,,Never triggered,从未触发,
dlg_new_flow,,New flow,新流程,
dlg_next_camera,,Next camera,下一个摄像头,
dlg_no_conditions_this_flow_always_continues,,No conditions — this flow always continues,无条件 — 此流程始终继续,
dlg_no_door_sensor,,No door sensor,无门传感器,
dlg_no_forecast_available,,No forecast available,没有可用的预报,
dlg_no_matching_automations,,No matching automations,没有匹配的自动化,
dlg_no_native_home_assistant_automations_found,,No native Home Assistant automations found,未找到原生 Home Assistant 自动化,don't translate Home Assistant
dlg_no_profile_available,,No profile available,没有可用的配置文件,
dlg_no_stream_available,,No stream available,没有可用的流媒体,
dlg_no_supported_alarm_modes_reported_by_this_entity,,No supported alarm modes reported by this entity,此实体未报告任何受支持的警报模式,
dlg_no_target,,No target,无目标,
dlg_none,,None,无,
dlg_none_timer_follows_the_completion_time_only,,None — timer follows the completion time only,无 — 计时器仅跟随完成时间,
dlg_not_loaded_by_home_assistant,,Not loaded by Home Assistant,未被 Home Assistant 加载,don't translate Home Assistant
dlg_nothing_here,,Nothing here.,这里空空如也。,
dlg_off_uppercase,,OFF,关闭,
dlg_off,,Off,关闭,
dlg_on_uppercase,,ON,开启,
dlg_on,,On,开启,
dlg_percent_on,,%1$s%% • ON,%1$s%% • 开启,app fills in %1$s — keep them
dlg_open_camera_full_screen,,Open camera full screen,全屏打开摄像头,
dlg_open,,Open,打开,
dlg_optional_controls_and_sensors_for_richer_dialogs,,Optional controls and sensors for richer dialogs,用于丰富对话框内容的可选控件和传感器,
dlg_optional_fields_passed_to_home_assistant,,Optional fields passed to Home Assistant,传递给 Home Assistant 的可选字段,don't translate Home Assistant
dlg_optional_label_shown_when_name_is_enabled_above,,"Optional label shown when ""Name"" is enabled above",上方启用“名称”时显示的可选标签,
dlg_oscillate,,Oscillate,摆动,
dlg_pause,,Pause,暂停,
dlg_pause_adaptation,,Pause adaptation,暂停调整,
dlg_pending_timer,,Pending timer,待处理计时器,
dlg_pick_a_source_device_or_fine_tune_individual_roles,,Pick a source device or fine-tune individual roles,选择来源设备，或对各角色进行微调,
dlg_place_this_room_in_the_correct_floor_group,,Place this room in the correct floor group,将此房间放置到正确的楼层分组,
dlg_placement,,Placement,位置,
dlg_players_summarized_by_the_room_header_and_card,,Players summarized by the room header and card,由房间标题栏和卡片汇总的播放器,
dlg_please_wait,,Please wait…,请稍候…,
dlg_precipitation,,Precipitation,降水量,
dlg_presets_uppercase,,PRESETS,预设,
dlg_presets,,Presets,预设,
dlg_previous_camera,,Previous camera,上一个摄像头,
dlg_profile,,Profile,配置文件,
dlg_profile_switches_affect_every_light_assigned_to,,Profile switches affect every light assigned to %1$s.,配置文件切换会影响分配给 %1$s 的所有灯。,app fills in %1$s — keep them
dlg_rain,,Rain,降雨,
dlg_rain_map,,Rain map,降雨地图,
dlg_rain_map_url_iframe,,Rain map URL (iframe),降雨地图网址（iframe）,
dlg_re_import_rooms,,Re-import rooms,重新导入房间,
dlg_read_only_home_assistant_automation,,Read-only Home Assistant automation,只读的 Home Assistant 自动化,don't translate Home Assistant
dlg_recipes_create_regular_home_assistant_automations_you_can,,Recipes create regular Home Assistant automations. You can continue editing them in either HKI7 or Home Assistant.,配方会创建常规的 Home Assistant 自动化。您可以在 HKI7 或 Home Assistant 中继续编辑它们。,"don't translate Home Assistant, HKI7"
dlg_remove,,Remove,移除,
dlg_remove_edits_and_import_all,,Remove edits and import all,移除编辑内容并全部导入,
dlg_repeat,,Repeat,重复,
dlg_repeats_every_day_only_the_time_of_day_is,,Repeats every day — only the time of day is used.,每天重复 — 仅使用时间。,
dlg_repeats_every_month_only_the_day_of_the_month,,Repeats every month — only the day of the month and time are used.,每月重复 — 仅使用日期和时间。,
dlg_repeats_every_week_only_the_weekday_and_time_are,,Repeats every week — only the weekday and time are used.,每周重复 — 仅使用星期几和时间。,
dlg_repeats_every_year_the_year_is_ignored_so_e,,"Repeats every year — the year is ignored, so e.g. 24–26 Dec recurs each Christmas.",每年重复 — 忽略年份，例如 12 月 24–26 日每年圣诞节都会重复。,
dlg_required,, (required), （必填）,keep the space at the start/end
dlg_required_state,,Required state,所需状态,
dlg_resume_adaptation,,Resume adaptation,恢复调整,
dlg_resume,,Resume,恢复,
dlg_reverse,,Reverse,反转,
dlg_right,,Right,右,
dlg_right_side_overflows_left,,Right side overflows left,右侧溢出到左侧,
dlg_room_areas,,Room areas,房间区域,
dlg_room_climate,,Room climate,房间空调,
dlg_room_name,,Room name,房间名称,
dlg_run_mode,,Run mode,运行模式,
dlg_running_state_entity,,Running-state entity,运行状态实体,
dlg_s_are,,s are,是,
dlg_save,,Save,保存,
dlg_save_in_home_assistant,,Save in Home Assistant,保存到 Home Assistant,don't translate Home Assistant
dlg_saved_directly_in_the_native_automation,,Saved directly in the native automation,直接保存在原生自动化中,
dlg_scheduled,,Scheduled,已计划,
dlg_search_actions,,Search actions,搜索操作,
dlg_search_automations,,Search automations,搜索自动化,
dlg_season,,Season,季节,
dlg_select,,Select %1$s,选择%1$s,app fills in %1$s — keep them
dlg_select_a_mode_to_continue,,Select a mode to continue,选择一个模式以继续,
dlg_select_battery_sensor,,Select Battery Sensor,选择电池传感器,
dlg_select_door_sensor,,Select Door Sensor,选择门传感器,
dlg_select_empty_bin_control,,Select Empty Bin Control,选择清空垃圾桶控件,
dlg_select_entities,,Select Entities,选择实体,
dlg_select_entity,,Select Entity,选择实体,
dlg_select_map_camera,,Select Map Camera,选择地图摄像头,
dlg_select_media_players,,Select Media Players,选择媒体播放器,
dlg_select_running_state_entity,,Select running-state entity,选择运行状态实体,
dlg_select_target_entity,,Select Target Entity,选择目标实体,
dlg_select_the_alarm_panels_summarized_by_this_pill,,Select the alarm panels summarized by this pill,选择由此药丸标签汇总的警报面板,
dlg_select_vacuum_entity,,Select Vacuum Entity,选择扫地机器人实体,
dlg_select_water_level,,Select Water Level,选择水量档位,
dlg_selected,,%1$s · Selected,%1$s · 已选择,app fills in %1$s — keep them
dlg_set,,Set,设置,
dlg_shape,,Shape,形状,
dlg_shape_visible_information_and_icon_behavior,,"Shape, visible information, and icon behavior",形状、可见信息和图标行为,
dlg_show_a_descending_timer_when_the_value_is_a,,"Show a descending timer when the value is a completion time (e.g. a washer/dryer finish time). Active while counting, off at zero.",当数值是完成时间（例如洗衣机/烘干机的完成时间）时，显示倒数计时器。计时中显示激活，归零后关闭。,
dlg_show_a_live_radar_rain_map_card_a_camera,,Show a live radar/rain map card — a camera entity or an embedded web page (iframe),显示实时雷达/降雨地图卡片 — 摄像头实体或嵌入式网页（iframe）,
dlg_show_badge_bar,,Show badge bar,显示徽章栏,
dlg_show_the_entity_s_state_or_one_of_its,,"Show the entity's state, or one of its attributes instead.",改为显示该实体的状态或其某个属性。,
dlg_side_split_alignment,,Side (split alignment),一侧（分栏对齐）,
dlg_snapshot,,Snapshot,快照,
dlg_span_badges,,Span badges,跨列徽章,
dlg_speed,,SPEED,速度,
dlg_start,,Start: %1$s,开始：%1$s,app fills in %1$s — keep them
dlg_start_with_a_useful_recipe_then_adjust_each_step,,"Start with a useful recipe, then adjust each step",从一个实用配方开始，然后调整每个步骤,
dlg_state,,State,状态,
dlg_state_text,,State text,状态文字,
dlg_switch,,SWITCH,开关,
dlg_tap_hold_and_dialog_quick_actions,,"Tap, hold, and dialog quick actions",点击、长按和对话框快捷操作,
dlg_target_range_percent,,TARGET (%1$s–%2$s%%),目标（%1$s–%2$s%%）,app fills in %1$s %2$s — keep them
dlg_target,,Target,目标,
dlg_target_entity_optional,,Target entity (optional),目标实体（可选）,
dlg_temperature,,Temperature,温度,
dlg_temperature_and_humidity_sources_for_the_room,,Temperature and humidity sources for the room,房间的温度和湿度来源,
dlg_that_profile,,that profile,该配置文件,
dlg_the_exact_dates_you_pick_leave_a_bound_as,,"The exact dates you pick. Leave a bound as ""Any"" for an open-ended range.",您选择的确切日期。将边界留空为“任意”即为开放式范围。,
dlg_the_room_header_and_card_show_a_single_player,,"The room header and card show a single player's media, or an active-player count when multiple players are selected.",房间标题栏和卡片会显示单个播放器的媒体信息，若选择了多个播放器，则显示活跃播放器的数量。,
dlg_thermostat_dial,,Thermostat dial,恒温器表盘,
dlg_this_action_does_not_use_an_entity_target,,This action does not use an entity target.,此操作不使用实体目标。,
dlg_this_action_has_no_required_target_or_additional_fields,,This action has no required target or additional fields.,此操作没有必填目标或其他字段。,
dlg_this_automation_is_managed_outside_home_assistant_s_ui,,"This automation is managed outside Home Assistant's UI (usually YAML). HKI7 can show it, but will not overwrite it.",此自动化在 Home Assistant 界面之外进行管理（通常是 YAML）。HKI7 可以显示它，但不会覆盖它。,"don't translate Home Assistant, HKI7"
dlg_this_entity,,This entity,此实体,
dlg_this_light_is_paused_for_manual_control,,This light is paused for manual control.,此灯因手动控制而暂停。,
dlg_this_removes_all_imported_rooms_and_floors_from_this,,This removes all imported rooms and floors from this view.,这将从此视图中移除所有已导入的房间和楼层。,
dlg_this_removes_the_native_automation_from_home_assistant_thi,,This removes the native automation from Home Assistant. This cannot be undone from HKI7.,这将从 Home Assistant 中移除该原生自动化。此操作无法在 HKI7 中撤销。,"don't translate Home Assistant, HKI7"
dlg_time,,Time,时间,
dlg_to_state,,To state,目标状态,
dlg_turn_on,,Turn On,打开,
dlg_unit,,Unit,单位,
dlg_untitled,,Untitled,未命名,
dlg_url_https,,URL (https://…),网址（https://…）,
dlg_vacuum_entities,,Vacuum entities,扫地机器人实体,
dlg_vertical_slider,,Vertical slider,垂直滑块,
dlg_visibility,,Visibility,可见性,
dlg_visibility_alignment_and_overflow_behavior,,"Visibility, alignment, and overflow behavior",可见性、对齐方式和溢出行为,
dlg_visible_during,,Visible during,可见时段,
dlg_waiting_for_home_assistant,,Waiting for Home Assistant,正在等待 Home Assistant,don't translate Home Assistant
dlg_wallpaper_and_optional_custom_color,,Wallpaper and optional custom color,壁纸和可选的自定义颜色,
dlg_wallpaper_url_or_path,,Wallpaper URL or path,壁纸网址或路径,
dlg_water_value,,Water: %1$s,水：%1$s,app fills in %1$s — keep them
dlg_water,,Water,水,
dlg_weather_details,,Weather details,天气详情,
dlg_weather_entities,,Weather entities,天气实体,
dlg_when,,When,当,
dlg_when_and_if_then,,When · And if · Then,当 · 并且如果 · 则,
dlg_widget_width,,Widget width,小组件宽度,
dlg_wind,,Wind,风,
dlg_any,,Any,任意,
dlg_once,,Once,一次,
dlg_daily,,Daily,每天,
dlg_weekly,,Weekly,每周,
dlg_monthly,,Monthly,每月,
dlg_yearly,,Yearly,每年,
dlg_default,,Default,默认,
dlg_toggle,,Toggle,切换,
dlg_more_information,,More information,更多信息,
dlg_navigate,,Navigate,导航,
dlg_url,,URL,网址,
dlg_home,,Home,在家,
dlg_rooms,,Rooms,房间,
dlg_energy,,Energy,能源,
dlg_climate,,Climate,空调,
dlg_security,,Security,安防,
dlg_battery,,Battery,电池,
dlg_settings,,Settings,设置,
dlg_room_value,,Room · %1$s,房间 · %1$s,app fills in %1$s — keep them
dlg_could_not_load_home_assistant_actions,,Could not load Home Assistant actions,无法加载 Home Assistant 操作,don't translate Home Assistant
dlg_show_entity_default_this_one,,Show entity (default: this one),显示实体（默认：此实体）,
dlg_target_entity_default_this_one,,Target entity (default: this one),目标实体（默认：此实体）,
dlg_select_destination,,Select destination,选择目的地,
dlg_choose_target,,Choose target,选择目标,
dlg_target_and_action_data,,Target and action data,目标和操作数据,
dlg_tap,,Tap,点击,
dlg_hold,,Hold,长按,
dlg_double_tap,,Double tap,双击,
dlg_alarm_disarmed,,Disarmed,已撤防,
dlg_alarm_armed_home,,Armed home,已居家布防,
dlg_alarm_armed_away,,Armed away,已外出布防,
dlg_alarm_armed_night,,Armed night,已夜间布防,
dlg_alarm_armed_vacation,,Armed vacation,已度假布防,
dlg_alarm_armed_custom,,Armed (custom),已布防（自定义）,
dlg_alarm_arming,,Arming…,正在布防…,
dlg_alarm_disarming,,Disarming…,正在撤防…,
dlg_alarm_triggered,,TRIGGERED,已触发,
dlg_alarm_disarmed_message,,Alarm disarmed,警报已撤防,
dlg_alarm_command,,Alarm command,警报命令,
dlg_alarm_command_accepted,,%1$s accepted,已接受%1$s,app fills in %1$s — keep them
dlg_alarm_command_failed,,Command failed. Check the code and try again.,命令失败，请检查密码后重试。,
dlg_alarm_arming_cancelled,,Arming cancelled,已取消布防,
dlg_alarm_cancel_failed,,Cancellation failed. Check the code and try again.,取消失败，请检查密码后重试。,
dlg_alarm_arm_home,,Arm home,居家布防,
dlg_alarm_arm_away,,Arm away,外出布防,
dlg_alarm_arm_night,,Arm night,夜间布防,
dlg_alarm_arm_custom,,Arm custom,自定义布防,
dlg_alarm_arm_vacation,,Arm vacation,度假布防,
dlg_alarm_disarm,,Disarm,撤防,
dlg_room_configuration,,Room configuration,房间配置,
dlg_choose_room_area_to_configure,,Choose a room area to configure,选择要配置的房间区域,
dlg_focused_room_options,,Options for this room area,此房间区域的选项,
dlg_general,,General,常规,
dlg_name_and_icon,,Name and icon,名称和图标,
dlg_header,,Header,标题,
dlg_wallpaper_and_custom_color,,Wallpaper and custom color,壁纸和自定义颜色,
dlg_badge_bar,,Badge bar,徽章栏,
dlg_alignment_and_display_options,,Alignment and display options,对齐方式和显示选项,
dlg_assign_room_to_floor,,Assign this room to a floor,将此房间分配到某个楼层,
dlg_room_status,,Room status,房间状态,
dlg_room_status_summary,,"Media, activity, safety, and climate indicators",媒体、活动、安全和空调指示器,
dlg_reimport_from_home_assistant,,Re-import from Home Assistant,从 Home Assistant 重新导入,don't translate Home Assistant
dlg_import_or_rebuild_rooms,,Import new rooms or rebuild every room,导入新房间或重建所有房间,
dlg_clear_rooms_view_action,,Clear rooms view,清空房间视图？,
dlg_remove_imported_rooms_and_floors,,Remove imported rooms and floors,移除已导入的房间和楼层,
dlg_room,,Room,房间,
dlg_split,,Split,分栏,
dlg_center,,Center,居中,
dlg_doors,,Doors,门,
dlg_windows,,Windows,窗户,
dlg_motion,,Motion,移动,
dlg_presence,,Presence,存在感应,
dlg_lights,,Lights,灯光,
dlg_devices,,Devices,设备,
dlg_smoke,,Smoke,烟雾,
dlg_gas,,Gas,燃气,
dlg_fire,,Fire,火灾,
dlg_full,,Full,全宽,
dlg_half,,Half,半宽,
dlg_third,,Third,三分之一宽,
dlg_choose_vacuum_entity_instead,,Choose a vacuum entity instead,改为选择扫地机器人实体,
dlg_camera_live_page,,%1$d/%2$d · Live,%1$d/%2$d · 直播,app fills in %1$d %2$d — keep them
dlg_weather,,Weather,天气,
dlg_weather_state_clear_night,,Clear night,晴朗夜晚,
dlg_weather_state_cloudy,,Cloudy,多云,
dlg_weather_state_exceptional,,Exceptional,异常天气,
dlg_weather_state_fog,,Fog,雾,
dlg_weather_state_hail,,Hail,冰雹,
dlg_weather_state_lightning,,Lightning,闪电,
dlg_weather_state_lightning_rainy,,Thunderstorms,雷雨,
dlg_weather_state_partly_cloudy,,Partly cloudy,局部多云,
dlg_weather_state_pouring,,Pouring rain,大雨,
dlg_weather_state_rainy,,Rainy,下雨,
dlg_weather_state_snowy,,Snowy,下雪,
dlg_weather_state_snowy_rainy,,Sleet,雨夹雪,
dlg_weather_state_sunny,,Sunny,晴朗,
dlg_weather_state_windy,,Windy,大风,
dlg_weather_state_windy_variant,,Windy and cloudy,大风多云,
dlg_selected_entities_summary,one,%1$d selected · %2$s,,needs translation; app fills in %1$d %2$s — keep them
dlg_selected_entities_summary,other,%1$d selected · %2$s,已选择 %1$d 个 · %2$s,app fills in %1$d %2$s — keep them
dlg_action_data_value_summary,one,%1$s · %2$d data value,,needs translation; app fills in %1$s %2$d — keep them
dlg_action_data_value_summary,other,%1$s · %2$d data values,%1$s · %2$d 个数据值,app fills in %1$s %2$d — keep them
dlg_seconds_short,one,%d sec,,needs translation; app fills in %d — keep them
dlg_seconds_short,other,%d sec,%d 秒,app fills in %d — keep them
dlg_arming_in_seconds,one,Arming in %d second,,needs translation; app fills in %d — keep them
dlg_arming_in_seconds,other,Arming in %d seconds,%d 秒后布防,app fills in %d — keep them
energy_extra_sensors,,Energy sensors,能源传感器,
energy_extra_settings,,Energy settings,能源设置,
energy_extra_previous_period,,Previous period,上一周期,
energy_extra_next_period,,Next period,下一周期,
energy_extra_empty_view_hint,,This energy view is empty. Swipe down on the header and open Energy settings to add entities manually.,此能源视图为空。向下滑动标题栏并打开能源设置以手动添加实体。,
energy_extra_electricity,,Electricity,电力,
energy_extra_solar,,Solar,太阳能,
energy_extra_home,,Home,家庭,
energy_extra_battery,,Battery,电池,
energy_extra_gas,,Gas,燃气,
energy_extra_city_heating,,City heating,城市供热,
energy_extra_water,,Water,水,
energy_extra_energy,,Energy,能源,
energy_extra_power,,Power,功率,
energy_extra_carbon,,Carbon,碳,
energy_extra_devices,,Devices,设备,
energy_extra_device,,Device,设备,
energy_extra_importing,,Importing,正在输入,
energy_extra_exporting,,Exporting,正在输出,
energy_extra_idle,,Idle,空闲,
energy_extra_charging,,Charging,充电中,
energy_extra_discharging,,Discharging,放电中,
energy_extra_producing,,Producing,发电中,
energy_extra_consuming,,Consuming,消耗中,
energy_extra_grid_idle,,Grid idle,电网空闲,
energy_extra_importing_power,,Importing power,正在输入电力,
energy_extra_exporting_power,,Exporting power,正在输出电力,
energy_extra_battery_supporting,,Battery supplying power,电池供电中,
energy_extra_battery_charging,,Battery charging,电池充电中,
energy_extra_solar_producing,,Solar producing,太阳能发电中,
energy_extra_home_consuming,,Home consuming,家庭消耗中,
energy_extra_energy_idle,,Energy idle,能源空闲,
energy_extra_today_value,,%1$s today,今日 %1$s,app fills in %1$s — keep them
energy_extra_used_period,,Used %1$s,已使用 %1$s,app fills in %1$s — keep them
energy_extra_produced_period,,Produced %1$s,已产出 %1$s,app fills in %1$s — keep them
energy_extra_fossil_percentage,,%1$s%% fossil,%1$s%% 化石能源,app fills in %1$s — keep them
energy_extra_self_used_percentage,,Self-used · %1$d%%,自用 · %1$d%%,app fills in %1$d — keep them
energy_extra_electricity_total,,Electricity total,电力总量,
energy_extra_top_consumers,,Top consumers,主要耗能设备,
energy_extra_device_energy,,Device energy,设备能耗,
energy_extra_individual_water_usage,,Individual water usage,单个用水量,
energy_extra_production,,Production,发电量,
energy_extra_forecast,,Forecast,预测,
energy_extra_inverters,,Inverters,逆变器,
energy_extra_now,,Now,现在,
energy_extra_usage,,Usage,用量,
energy_extra_total,,Total,总计,
energy_extra_cost,,Cost,费用,
energy_extra_charge,,Charge,充电量,
energy_extra_grid_flow,,Grid flow,电网流向,
energy_extra_self_sufficient,,Self-sufficient,自给率,
energy_extra_carbon_footprint,,Carbon footprint,碳足迹,
energy_extra_self_used,,Self-used,自用,
energy_extra_last_seven_days,,Last 7 days,最近 7 天,
energy_extra_lifetime,,Lifetime,总计,
energy_extra_power_per_phase,,Power per phase,各相功率,
energy_extra_tariff_meter_readings,,Tariff meter readings,电价电表读数,
energy_extra_tariff_one,,Tariff 1,电价 1,
energy_extra_tariff_two,,Tariff 2,电价 2,
energy_extra_solar_production,,Solar production,太阳能发电量,
energy_extra_category_overview,,Overview,概览,
energy_extra_category_electricity_subtitle,,"Grid power, phases, import/export, tariffs, and cost",电网功率、相位、进出电量、电价和费用,
energy_extra_category_solar_subtitle,,"Production, forecast, and inverter device",发电、预测和逆变器设备,
energy_extra_category_battery_subtitle,,Charge level and battery power,电量和电池功率,
energy_extra_category_carbon_subtitle,,Grid carbon-footprint device,电网碳足迹设备,
energy_extra_category_usage_cost_subtitle,,Usage and cost,用量和费用,
energy_extra_category_devices_subtitle,,"Power, energy, and individual water devices",功率、能耗和单个用水设备,
energy_extra_category_city_heating_subtitle,,"Heat energy, current output, and cost",热能、电流输出和成本,
energy_extra_card_live_source_tiles,,Live source tiles,实时来源图块,
energy_extra_card_electricity_totals_usage,,Electricity totals and usage,电力总量与用量,
energy_extra_card_home_battery,,Home battery,家庭电池,
energy_extra_card_gas_usage,,Gas usage,燃气用量,
energy_extra_card_city_heating_usage,,City-heating usage,城市供热利用,
energy_extra_card_water_usage,,Water usage,用水量,
energy_extra_card_device_energy_bars,,Device energy bars,设备能耗条形图,
energy_extra_select_energy_cards,,Select energy cards,选择能源卡片,
energy_extra_role_grid_power,,Grid power (W),电网功率 (W),
energy_extra_role_home_power,,Home power (W),家庭功率 (W),
energy_extra_role_solar_power,,Solar power (W),太阳能功率 (W),
energy_extra_role_battery_power,,Battery power (W),电池功率 (W),
energy_extra_role_battery_level,,Battery level (%),电池电量 (%),
energy_extra_role_grid_import,,Grid import (kWh),电网输入 (kWh),
energy_extra_role_grid_export,,Grid export (kWh),电网输出 (kWh),
energy_extra_role_solar_production,,Solar production (kWh),太阳能发电量 (kWh),
energy_extra_role_phase_one_power,,Phase 1 power,相位 1 功率,
energy_extra_role_phase_two_power,,Phase 2 power,相位 2 功率,
energy_extra_role_phase_three_power,,Phase 3 power,相位 3 功率,
energy_extra_role_import_meter_tariff_one,,Import meter tariff 1,输入电表电价 1,
energy_extra_role_import_meter_tariff_two,,Import meter tariff 2,输入电表电价 2,
energy_extra_role_export_meter_tariff_one,,Export meter tariff 1,输出电表电价 1,
energy_extra_role_export_meter_tariff_two,,Export meter tariff 2,输出电表电价 2,
energy_extra_role_energy_cost,,Energy cost,能源费用,
energy_extra_role_gas_total,,Gas total (m³),燃气总量 (m³),
energy_extra_role_gas_flow_now,,Gas flow (now),燃气流量（当前）,
energy_extra_role_gas_cost,,Gas cost,燃气费用,
energy_extra_role_water_total,,Water total,用水总量,
energy_extra_role_water_flow_now,,Water flow (now),用水流量（当前）,
energy_extra_role_water_cost,,Water cost,用水费用,
energy_extra_role_individual_water_devices,,Individual water devices,单个用水设备,
energy_extra_role_power_devices,,Power devices,功率设备,
energy_extra_role_energy_devices,,Energy devices,能源设备,
energy_extra_sensor_current_power_import,,"Current power (W, + = import)",当前功率 (W，+ = 输入),
energy_extra_sensor_power_phase_one,,Power phase 1 (W),相位 1 功率 (W),
energy_extra_sensor_power_phase_two,,Power phase 2 (W),相位 2 功率 (W),
energy_extra_sensor_power_phase_three,,Power phase 3 (W),相位 3 功率 (W),
energy_extra_sensor_current_phase_one,,Current phase 1 (A),相位 1 电流 (A),
energy_extra_sensor_current_phase_two,,Current phase 2 (A),相位 2 电流 (A),
energy_extra_sensor_current_phase_three,,Current phase 3 (A),相位 3 电流 (A),
energy_extra_sensor_voltage_phase_one,,Voltage phase 1 (V),相位 1 电压 (V),
energy_extra_sensor_voltage_phase_two,,Voltage phase 2 (V),相位 2 电压 (V),
energy_extra_sensor_voltage_phase_three,,Voltage phase 3 (V),相位 3 电压 (V),
energy_extra_sensor_home_consumption_power,,Home consumption power (W),家庭消耗功率 (W),
energy_extra_sensor_energy_import,,Energy import (kWh),能源输入 (kWh),
energy_extra_sensor_energy_import_tariff_one,,Energy import tariff 1 (kWh),能源输入电价 1 (kWh),
energy_extra_sensor_energy_import_tariff_two,,Energy import tariff 2 (kWh),能源输入电价 2 (kWh),
energy_extra_sensor_energy_export,,Energy export (kWh),能源输出 (kWh),
energy_extra_sensor_energy_export_tariff_one,,Energy export tariff 1 (kWh),能源输出电价 1 (kWh),
energy_extra_sensor_energy_export_tariff_two,,Energy export tariff 2 (kWh),能源输出电价 2 (kWh),
energy_extra_sensor_energy_cost_today,,Energy cost today,今日能源费用,
energy_extra_sensor_current_power_production,,Current power production (W),当前发电功率 (W),
energy_extra_sensor_energy_production_today,,Energy production today (kWh),今日发电量 (kWh),
energy_extra_sensor_energy_production_seven_days,,Energy production over the last 7 days,最近 7 天发电量,
energy_extra_sensor_lifetime_energy_production,,Lifetime energy production,总发电量,
energy_extra_sensor_battery_power_charging,,"Battery power (W, + = charging)",电池功率 (W，+ = 充电),
energy_extra_sensor_gas_used_today,,Gas used today (m³),今日燃气用量 (m³),
energy_extra_sensor_current_gas_flow,,"Current gas flow (m³/h, optional)",当前燃气流量 (m³/h，可选),
energy_extra_sensor_gas_cost_today,,Gas cost today,今日燃气费用,
energy_extra_sensor_city_heating_total,,Heat energy total (J/MJ/GJ/kWh),热能总量（J/MJ/GJ/kWh）,
energy_extra_sensor_city_heating_current,,Current heat output (optional),当前热量输出（可选）,
energy_extra_sensor_city_heating_cost,,City-heating cost,城市供暖费用,
energy_extra_estimated_gas_equivalent,,Estimated gas equivalent,估计气体当量,
energy_extra_estimated_gas_note,,Based on 35.17 MJ per m³ of natural gas,基于每立方米天然气 35.17 兆焦耳,
energy_extra_sensor_water_used_today,,Water used today (L/m³),今日用水量 (L/m³),
energy_extra_sensor_current_water_flow,,"Current water flow (L/min, optional)",当前用水流量 (L/min，可选),
energy_extra_sensor_water_cost_today,,Water cost today,今日用水费用,
energy_extra_picker_top_consumer_devices,,Top-consumer devices,主要耗电设备,
energy_extra_picker_device_energy_counters,,Device energy counters,设备能耗计数器,
energy_extra_auto_power_sensors_help,,All sensors with device_class power are included automatically. Remove a device to create your own list.,所有 device_class 为 power 的传感器都会自动包含在内。移除某设备即可创建您自己的列表。,
energy_extra_auto_energy_sensors_help,,All sensors with device_class energy are included automatically. Their counter changes are used for the selected period.,所有 device_class 为 energy 的传感器都会自动包含在内。所选周期内使用其计数器变化量。,
energy_extra_currency,,Currency,货币,
energy_extra_currency_subtitle,,Which currency the cost stats are shown in,费用统计数据以哪种货币显示,
energy_extra_currency_search,,Search currencies,搜索货币,
energy_extra_currency_automatic,,Automatic,自动的,
energy_extra_currency_automatic_subtitle,,"Follow your cost sensors, then your device region",遵循您的成本传感器，然后是您的设备区域,
energy_extra_currency_automatic_value,,Automatic (%1$s),自动 (%1$s),app fills in %1$s — keep them
energy_extra_energy_card,,Energy card,能源卡片,
energy_extra_energy_card_subtitle,,Data sources and card appearance,数据来源和卡片外观,
energy_extra_card_and_data,,Card and data,卡片和数据,
energy_extra_energy_stack,,Energy stack,能源堆栈,
energy_extra_energy_stack_subtitle,,"Cards, data sources, and layout",卡片、数据来源和布局,
energy_extra_cards_and_data,,Cards and data,卡片和数据,
events_tab,,Events,活动,
events_empty,,No events yet,还没有活动,
events_empty_hint,,Recent activity for the entities your family admin added to the timeline appears here.,此处显示您的家庭管理员添加到时间线的实体的近期活动。,
events_not_configured,,No events are being tracked,没有跟踪任何事件,
events_not_configured_admin,,Choose which entities appear here in Settings › Family Sharing › Events.,选择在“设置”>“家庭共享”>“事件”中显示的实体。,
events_not_configured_member,,Your family admin decides which entities appear here.,您的家庭管理员决定此处显示哪些实体。,
events_unavailable,,The event timeline needs HKI 7 Cloud %1$s.,事件时间线需要 HKI 7 Cloud %1$s。,app fills in %1$s — keep them; don't translate HKI 7 Cloud
events_set_up_button,,Choose entities,选择实体,
events_no_matches,,No matching events,没有匹配的事件,
events_loading,,Loading events…,正在加载事件...,
events_today,,Today,今天,
events_yesterday,,Yesterday,昨天,
events_by,,by %1$s,通过 %1$s,app fills in %1$s — keep them
events_filter_all,,All,全部,
event_category_door,,Doors,门,
event_category_window,,Windows,视窗,
event_category_motion,,Motion,运动,
event_category_moisture,,Water,水,
event_category_safety,,Smoke & gas,烟雾和气体,
event_category_problem,,Problems,问题,
event_category_battery,,Batteries,电池,
event_category_connectivity,,Connectivity,连接性,
event_category_light,,Lights,灯,
event_category_switch,,Switches,开关,
event_category_lock,,Locks,锁具,
event_category_cover,,Covers,封面,
event_category_climate,,Climate,气候,
event_category_presence,,People,人们,
event_category_alarm,,Alarm,警报,
event_category_media,,Media,媒体,
event_category_vacuum,,Vacuum,真空,
event_category_automation,,Automations,自动化,
event_category_sensor,,Sensors,传感器,
event_verb_opened,,was opened,被打开,
event_verb_closed,,was closed,已关闭,
event_verb_opening,,is opening,正在开放,
event_verb_closing,,is closing,正在关闭,
event_verb_locked,,was locked,被锁定,
event_verb_unlocked,,was unlocked,已解锁,
event_verb_motion_detected,,detected motion,检测到的运动,
event_verb_motion_cleared,,stopped detecting motion,停止检测运动,
event_verb_moisture_detected,,detected moisture,检测到的水分,
event_verb_moisture_cleared,,is dry again,又干了,
event_verb_alarm_detected,,raised an alarm,发出警报,
event_verb_alarm_cleared,,cleared,清除,
event_verb_problem_detected,,reported a problem,报告了一个问题,
event_verb_problem_cleared,,is back to normal,已恢复正常,
event_verb_battery_low,,reported a low battery,报告电池电量低,
event_verb_battery_normal,,has a healthy battery again,电池又恢复健康了,
event_verb_connected,,came online,上线了,
event_verb_disconnected,,went offline,离线了,
event_verb_turned_on,,was turned on,已打开,
event_verb_turned_off,,was turned off,已关闭,
event_verb_detected,,was triggered,被触发,
event_verb_cleared,,cleared,清除,
event_verb_arrived_home,,arrived home,到家了,
event_verb_left_home,,left home,离家出走,
event_verb_arrived_at,,arrived at %1$s,抵达%1$s,app fills in %1$s — keep them
event_verb_disarmed,,was disarmed,被解除武装,
event_verb_armed,,was armed,携带武器,
event_verb_arming,,is arming,正在武装,
event_verb_pending,,is counting down,正在倒计时,
event_verb_triggered,,was triggered,被触发,
event_verb_set_to,,was set to %1$s,设置为 %1$s,app fills in %1$s — keep them
event_verb_started_cleaning,,started cleaning,开始清洁,
event_verb_returning_to_dock,,is returning to its dock,正在返回码头,
event_verb_docked,,docked,停靠的,
event_verb_started_playing,,started playing,开始玩,
event_verb_paused,,was paused,被暂停,
event_verb_stopped,,stopped,停止了,
event_verb_generic,,changed to %1$s,更改为 %1$s,app fills in %1$s — keep them
ui_1_advanced_shorthand_block_kept_unchanged_d4dcbd7,,1 advanced shorthand block (kept unchanged),1 个高级简写块（保持不变）,
ui_1f_kwh_self_used_b4798a5,, · %%.1f kWh self-used (%1$s%%%%), · %%.1f kWh 自用（%1$s%%%%）,app fills in %1$s — keep them; keep the space at the start/end
ui_1f_of_1f_kwh_d_00c25f6,,%.1f of %.1f kWh · %d%%,%.1f / %.1f kWh · %d%%,app fills in %.1f %d — keep them
ui_24_hour_format_b195a8f,,24-Hour Format,24 小时制,
ui_a_fast_auto_generating_dashboard_for_home_assistant_let_0fad4a9,,"A fast, auto-generating dashboard for Home Assistant\nLet's connect to your server.",面向 Home Assistant 的快速自动生成仪表盘\n让我们连接到您的服务器。,don't translate Home Assistant; \n = line break
ui_a_modern_touch_first_android_dashboard_and_companion_for_814cbdb,,"A modern, touch-first Android dashboard and companion for Home Assistant.",面向 Home Assistant 的现代化触屏优先 Android 仪表盘和伴侣应用。,don't translate Home Assistant
ui_about_6b21fb7,,About,关于,
ui_accidental_touch_protection_e2683f4,,Accidental-touch protection,误触保护,
ui_account_85dfa32,,Account,账户,
ui_action_49924bc,,%1$s action,%1$s 操作,app fills in %1$s — keep them
ui_action_97c89a4,,Action,操作,
ui_action_data_e5a7704,,Action data,操作数据,
ui_action_data_object_8850c05,,Action data object,操作数据对象,
ui_action_details_d623b1c,,Action details,操作详情,
ui_active_0af2854,,%1$s · %2$s active,%1$s · %2$s 活动中,app fills in %1$s %2$s — keep them
ui_active_25ff32f,,%1$s/%2$s active,%1$s/%2$s 活动中,app fills in %1$s %2$s — keep them
ui_active_a733b80,,Active,活动中,
ui_active_c7260b5,,%1$s%% • ACTIVE,%1$s%% • 活动中,app fills in %1$s — keep them
ui_active_connection_54db7a1,,Active connection,活动连接,
ui_activity_81c0d91,,Activity,活动,
ui_activity_indication_and_collapsing_0764a94,,Activity indication and collapsing,活动指示和折叠方式,
ui_adapt_now_c30eb08,,Adapt now,立即调整,
ui_adaptive_lighting_7587880,,Adaptive lighting,自适应照明,
ui_adaptive_lighting_e2cffbd,,Adaptive Lighting,自适应照明,
ui_adaptive_lighting_is_unavailable_6b9ada3,,Adaptive Lighting is unavailable,自适应照明不可用,
ui_add_016df71,,Add (%1$s),添加（%1$s）,app fills in %1$s — keep them
ui_add_4_10_entity_buttons_to_this_dialog_s_cdedf23,,Add 4–10 entity buttons to this dialog's nav bar.,为此对话框的导航栏添加 4–10 个实体按钮。,
ui_add_61cc55a,,Add,添加,
ui_add_and_edit_each_chart_in_this_stack_0c0cb11,,Add and edit each chart in this stack,添加并编辑此堆栈中的每个图表,
ui_add_at_least_one_step_3620909,,Add at least one step,至少添加一个步骤,
ui_add_button_3d7db43,,Add button,添加按钮,
ui_add_camera_cf03528,,Add Camera,添加摄像头,
ui_add_carrier_device_7945283,,Add carrier device,添加快递设备,
ui_add_current_network_64cabf3,,"Add current network ""%1$s""","添加当前网络 ""%1$s""",app fills in %1$s — keep them
ui_add_custom_buttons_83a0768,,Add Custom Buttons,添加自定义按钮,
ui_add_custom_camera_url_aab29ef,,Add Custom Camera URL,添加自定义摄像头网址,
ui_add_entities_333152e,,Add entities,添加实体,
ui_add_entity_f99dc1d,,Add entity,添加实体,
ui_add_every_integration_account_that_should_contribute_parce_ce58afb,,Add every integration account that should contribute parcels,添加所有应贡献包裹数据的集成账户,
ui_add_floor_63c715d,,Add Floor,添加楼层,
ui_add_graph_079e4ca,,Add graph,添加图表,
ui_add_home_assistant_a6ccea8,,Add Home Assistant,添加 Home Assistant,don't translate Home Assistant
ui_add_home_assistant_instance_625838a,,Add Home Assistant instance,添加 Home Assistant 实例,don't translate Home Assistant
ui_add_individual_water_meters_to_compare_their_usage_daec0de,,Add individual water meters to compare their usage.,添加各个水表以比较其用水量。,
ui_add_instance_step_df337b3,,add_instance_step,add_instance_step,
ui_add_more_for_a_full_row_ed977e3,,Add %1$s more for a full row.,再添加 %1$s 个即可填满一行。,app fills in %1$s — keep them
ui_add_one_focused_card_c2f2ed8,,Add one focused card,添加一张专属卡片,
ui_add_or_edit_entities_b59919b,,Add or edit entities,添加或编辑实体,
ui_add_parcel_82c0bf8,,Add parcel,添加包裹,
ui_add_parcel_bde8afb,,Add Parcel,添加包裹,
ui_add_room_5a95991,,Add Room,添加房间,
ui_add_sensors_d6df16f,,Add sensors,添加传感器,
ui_add_to_cd52e85,,Add to %1$s,添加到 %1$s,app fills in %1$s — keep them
ui_add_widget_a9df350,,Add Widget,添加小组件,
ui_add_widget_dd4416e,,Add widget,添加小组件,
ui_adding_ffb2e62,,Adding…,正在添加…,
ui_admin_b38222e,,%1$s (admin),%1$s（管理员）,app fills in %1$s — keep them
ui_administrative_controls_for_your_home_assistant_server_e56ebd9,,Administrative controls for your Home Assistant server,您的 Home Assistant 服务器的管理控制项,don't translate Home Assistant
ui_advanced_4d06472,,Advanced,高级,
ui_advanced_action_data_json_622e363,,Advanced action data (JSON),高级操作数据 (JSON),
ui_advanced_shorthand_blocks_kept_unchanged_aa253ae,,%1$s advanced shorthand blocks (kept unchanged),%1$s 个高级简写块（保持不变）,app fills in %1$s — keep them
ui_aesthetic_changes_only_f31f444,,Aesthetic changes only,仅外观更改,
ui_aggregate_carriers_eae26c7,,Aggregate carriers,合并快递公司,
ui_agree_ee68d34,,Agree,同意,
ui_air_circulating_273e82b,,Air circulating,空气流通中,
ui_air_circulation_devices_a14e95d,,Air circulation devices,空气循环设备,
ui_air_cleaning_devices_4364277,,Air cleaning devices,空气净化设备,
ui_air_purifiers_476147b,,Air purifiers,空气净化器,
ui_air_purifiers_are_fan_entities_in_home_assistant_so_3fa4fdb,,"Air purifiers are fan entities in Home Assistant, so they can't be auto-detected. Select yours here.",空气净化器在 Home Assistant 中属于风扇实体，因此无法自动检测，请在此处手动选择。,don't translate Home Assistant
ui_airphase_1f2d2b6,,airPhase,airPhase,
ui_alarm_25f8c55,,Alarm,报警,
ui_alarm_entities_b462ba5,,Alarm entities,报警实体,
ui_alarm_pending_e2c04aa,,Alarm pending,报警等待中,
ui_alarm_triggered_641ff6f,,Alarm triggered,报警已触发,
ui_alarm_unavailable_867909b,,Alarm unavailable,报警系统不可用,
ui_alignment_7f8c517,,Alignment,对齐方式,
ui_all_6a72085,,All,全部,
ui_all_batteries_ok_9676f73,,All batteries OK,所有电池正常,
ui_all_calendar_entities_bffb01d,,All calendar entities,所有日历实体,
ui_all_levels_6b4fde3,,All levels,所有档位,
ui_all_off_97b7833,,All off,全部关闭,
ui_all_thermostats_59c8297,,All thermostats,所有温控器,
ui_all_types_30c8a0f,,All types,所有类型,
ui_allow_all_the_time_d91ab85,,Allow All The Time,始终允许,
ui_allow_editing_24f2b54,,Allow editing,允许编辑,
ui_allow_theme_colors_icons_names_and_wallpaper_but_not_efc8a97,,"Allow theme, colors, icons, names and wallpaper — but not adding or removing widgets, buttons or rooms",允许更改主题、颜色、图标、名称和壁纸 — 但不允许添加或移除小组件、按钮或房间,
ui_always_a91bcce,,Always,始终,
ui_an_admin_can_share_one_dashboard_with_the_whole_5a5434d,,"An admin can share one dashboard with the whole family so everyone gets the same layout. To use it, an admin needs to install the HKI 7 Cloud component and share a dashboard first.",管理员可以与整个家庭共享一个仪表盘，让所有人使用相同的布局。要使用此功能，管理员需要先安装 HKI 7 Cloud 组件并共享一个仪表盘。,don't translate HKI 7 Cloud
ui_an_admin_needs_to_install_the_hki_7_cloud_0e9241b,,An admin needs to install the HKI 7 Cloud component and share a dashboard first.,管理员需要先安装 HKI 7 Cloud 组件并共享一个仪表盘。,don't translate HKI 7 Cloud
ui_android_location_permission_2ff3839,,Android Location Permission,Android 位置权限,
ui_animated_icons_aa39cfe,,Animated icons,动态图标,
ui_animation_62afd21,,Animation,动画,
ui_announced_letter_3a7ac05,,Announced letter,预告信件,
ui_any_state_c7274cb,,Any state,任意状态,
ui_appearance_41def7a,,Appearance,外观,
ui_applies_to_all_dashboard_buttons_widgets_stacks_rooms_and_9715deb,,"Applies to all dashboard buttons, widgets, stacks, rooms, and cards.",适用于所有仪表盘按钮、小组件、堆栈、房间和卡片。,
ui_apply_cfea419,,Apply,应用,
ui_archived_eddc813,,Archived,已归档,
ui_are_you_sure_you_want_to_clear_battery_config_3e19f24,,Are you sure you want to clear battery config?,确定要清除电池配置吗？,
ui_armed_32caa31,,Armed,已布防,
ui_armed_away_6834abf,,Armed away,离家布防,
ui_armed_home_c8d0b44,,Armed home,在家布防,
ui_armed_night_80659bd,,Armed night,夜间布防,
ui_arming_in_seconds_b9e07a8,,Arming in %1$s seconds,%1$s 秒后布防,app fills in %1$s — keep them
ui_aspect_ratio_4e077cf,,Aspect ratio,宽高比,
ui_aspect_ratio_used_by_every_stream_275bb52,,Aspect ratio used by every stream,每个视频流使用的宽高比,
ui_astronomical_tap_or_swipe_683fe28,,Astronomical · tap or swipe,天文 · 点按或滑动,
ui_at_target_6a8dbb5,,At target,已达目标,
ui_auto_c614ba7,,Auto,自动,
ui_auto_dashboard_c7a509a,,Auto dashboard,自动仪表盘,
ui_auto_discovered_e0643da,,Auto-discovered,自动发现,
ui_auto_generate_0f86c24,,Auto Generate,自动生成,
ui_auto_generate_1502534,,Auto generate,自动生成,
ui_auto_generation_is_a_one_time_starting_point_the_6b317fe,,"Auto generation is a one-time starting point. The Home page starts empty in either mode, and you can re-import Home Assistant data later from individual views.",自动生成只是一次性的起点。无论哪种模式，主页最初都是空的，之后你可以从各个视图中重新导入 Home Assistant 数据。,don't translate Home Assistant
ui_auto_manual_342b68e,,Auto + %1$s manual,自动 + %1$s 手动,app fills in %1$s — keep them
ui_auto_none_f606e9b,,Auto / none,自动 / 无,
ui_auto_scan_150eb4b,,Auto-scan,自动扫描,
ui_auto_unavailable_33737ba,,Auto / unavailable,自动 / 不可用,
ui_automatic_cloud_backup_494d882,,Automatic cloud backup,自动云备份,
ui_automatic_configuration_only_battery_class_percentage_sens_ce9ab03,,Automatic configuration: only battery-class percentage sensors are included.,自动配置：仅包含电池类百分比传感器。,
ui_automatic_local_cloud_backup_7aef407,,Automatic local cloud backup,自动本地云备份,
ui_automatic_paging_and_transition_style_792709a,,Automatic paging and transition style,自动翻页和过渡样式,
ui_automatically_backs_up_your_dashboard_and_appearance_setti_cd89812,,"Automatically backs up your dashboard and appearance settings to your own Home Assistant every day, so you can restore them any time. Requires the HKI 7 Cloud custom component (install it via HACS).",每天自动将仪表盘和外观设置备份到你自己的 Home Assistant，以便随时恢复。需要安装 HKI 7 Cloud 自定义组件（可通过 HACS 安装）。,"don't translate HKI 7 Cloud, Home Assistant"
ui_automation_a15fde5,,Automation,自动化,
ui_automations_even_when_the_app_is_closed_or_not_d27e5b1,,"automations, even when the app is closed or not in use.\n\n",自动化，即使应用已关闭或未在使用。\n\n,\n = line break
ui_autoplay_95619b5,,Autoplay,自动播放,
ui_average_93a8018,,average,平均,
ui_azimuth_d2fbdb3,,Azimuth,方位角,
ui_back_b52b36b,,Back,返回,
ui_back_up_now_527bf1a,,Back up now,立即备份,
ui_background_image_url_or_path_dfc4908,,Background image (URL or path),背景图片（URL 或路径）,
ui_background_location_5f56f21,,Background location,后台位置,
ui_background_notifications_563a463,,Background notifications,后台通知,
ui_background_usage_fd8ed73,,Background Usage,后台使用情况,
ui_backing_up_f600558,,Backing up…,正在备份…,
ui_backspace_88d130a,,Backspace,退格,
ui_backup_and_restore_a593246,,Backup and Restore,备份与恢复,
ui_backup_dd96994,,Backup,备份,
ui_backups_contain_dashboard_and_appearance_configuration_onl_d5856be,,"Backups contain dashboard and appearance configuration only. Connection details, app permissions, location state, and notification history are not included.",备份仅包含仪表盘和外观配置，不包括连接详情、应用权限、位置状态和通知历史。,
ui_badge_bar_layout_4b4dfdd,,Badge bar layout,徽章栏布局,
ui_bars_ad5fb3b,,Bars,条形,
ui_batt_679d0aa,,Batt,电量,
ui_batteries_0970f9d,,Batteries,电池,
ui_battery_4a9be04,,Battery,电池,
ui_battery_74dff99,,Battery: %1$s,电池：%1$s,app fills in %1$s — keep them
ui_battery_attention_0feaa08,,battery-attention,battery-attention,
ui_battery_battery_notes_only_14e5936,,Battery+ / Battery Notes only,仅 Battery+ / Battery Notes,
ui_battery_energy_25638f8,,battery-energy,battery-energy,
ui_battery_entities_visible_9299588,,%1$s battery entities visible,显示 %1$s 个电池实体,app fills in %1$s — keep them
ui_battery_fill_8b6793e,,battery-fill,battery-fill,
ui_battery_health_12c0ce4,,BATTERY HEALTH,电池健康状况,
ui_battery_health_8cc8e64,,BATTERY+ HEALTH,BATTERY+ 健康状况,
ui_battery_level_is_healthy_1de4c4f,,Battery level is healthy,电池电量状况良好,
ui_battery_levels_7c61b65,,Battery Levels,电池电量,
ui_battery_optimization_7676ca5,,Battery Optimization,电池优化,
ui_battery_orbit_9aa5d8c,,battery-orbit,battery-orbit,
ui_battery_rules_be75b3c,,Battery rules,电池规则,
ui_battery_sensor_optional_0e261e6,,Battery sensor (optional),电池传感器（可选）,
ui_behavior_70cb647,,Behavior,行为,
ui_birthday_yyyy_mm_dd_d1a9b03,,Birthday (YYYY-MM-DD),生日（YYYY-MM-DD）,
ui_bold_100_1b94255,,Bold (+100),粗体 (+100),
ui_bolder_200_9cc5d65,,Bolder (+200),更粗 (+200),
ui_boldest_300_c5a490d,,Boldest (+300),最粗 (+300),
ui_boldness_10b6938,,Boldness · %1$s,粗细 · %1$s,app fills in %1$s — keep them
ui_brand_and_third_party_work_8d6d517,,Brand and third-party work,品牌与第三方工作,
ui_brightness_222d6d5,,%1$s brightness,%1$s 亮度,app fills in %1$s — keep them
ui_brightness_8e06ad0,,BRIGHTNESS,亮度,
ui_brightness_slider_a427c80,,Brightness slider,亮度滑块,
ui_build_the_interface_entirely_your_way_e94582f,,Build the interface entirely your way.,完全按照你的方式构建界面。,
ui_building_your_dashboard_2943961,,Building your dashboard,正在构建仪表盘,
ui_built_in_20f409c,,Built-in,内置,
ui_button_794145f,,Button,按钮,
ui_button_image_2483e32,,Button image,按钮图片,
ui_button_lock_28d87b1,,Button lock,按钮锁定,
ui_button_stack_ee9e7f8,,Button Stack,按钮堆叠,
ui_button_type_890a578,,Button type,按钮类型,
ui_buttons_available_from_this_person_s_detail_dialog_ab3f9f9,,Buttons available from this person's detail dialog,此成员详情对话框中可用的按钮,
ui_calendar_content_1f185c8,,Calendar content,日历内容,
ui_calendars_9444501,,Calendars,日历,
ui_camera_4da9c9a,,Camera,摄像头,
ui_camera_aspect_ratio_928bf09,,Camera aspect ratio,摄像头画面比例,
ui_camera_display_20a9c82,,Camera display,摄像头显示,
ui_camera_feed_cc1f19e,,Camera Feed,摄像头画面,
ui_camera_page_6b1987b,,camera_page,camera_page,
ui_camera_stack_645ea0f,,Camera Stack,摄像头堆叠,
ui_camera_url_0eebe87,,Camera URL,摄像头 URL,
ui_cameras_d3daff3,,Cameras,摄像头,
ui_camerascan_00bd2cb,,cameraScan,cameraScan,
ui_can_t_reach_the_server_73079bd,,Can't reach the server,无法连接到服务器,
ui_cancel_77dfd21,,Cancel,取消,
ui_cancel_arming_5d383c8,,Cancel arming,取消布防,
ui_card_4d4ce73,,Card,卡片,
ui_card_data_4a42176,,Card & data,卡片和数据,
ui_card_entities_e548a55,,Card & entities,卡片和实体,
ui_card_layout_f83b655,,Card layout,卡片布局,
ui_card_settings_1a3b62a,,Card settings,卡片设置,
ui_card_shape_and_width_0d513f7,,Card shape and width,卡片形状和宽度,
ui_card_shape_width_and_background_e4aff1c,,"Card shape, width, and background",卡片形状、宽度和背景,
ui_card_size_shape_and_background_df75707,,"Card size, shape, and background",卡片大小、形状和背景,
ui_card_width_icon_and_styling_de70fd8,,"Card width, icon, and styling",卡片宽度、图标和样式,
ui_card_width_shape_icon_and_background_c3695b5,,"Card width, shape, icon, and background",卡片宽度、形状、图标和背景,
ui_cards_0f830bc,,Cards,卡片,
ui_cards_data_a33e044,,Cards & data,卡片和数据,
ui_cards_entities_be4393a,,Cards & entities,卡片和实体,
ui_carrier_accounts_20ad36c,,Carrier accounts,承运商账户,
ui_carrier_devices_9927ae1,,Carrier devices,承运商设备,
ui_carrier_display_name_optional_5ca06fc,,Carrier display name (optional),承运商显示名称（可选）,
ui_center_adapt_now_and_pause_buttons_81074b2,,Center Adapt now and Pause buttons,居中显示“立即适应”和“暂停”按钮,
ui_change_64fbd99,,Change,更改,
ui_change_avatar_image_217fbce,,Change avatar image,更改头像图片,
ui_changing_mode_3da68b4,,Changing mode,正在切换模式,
ui_charge_flow_ceb6c62,,Charge & flow,充电与流量,
ui_chart_66c7734,,Chart,图表,
ui_checking_for_shared_dashboards_5f2f823,,Checking for shared dashboards…,正在检查共享仪表盘…,
ui_checking_for_the_hki_7_cloud_component_c76112a,,Checking for the HKI 7 Cloud component…,正在检查 HKI 7 Cloud 组件…,don't translate HKI 7 Cloud
ui_choose_78b7c9f,,Choose,选择,
ui_choose_a_different_server_47e6ce6,,Choose a different server,选择其他服务器,
ui_choose_a_side_when_the_badge_bar_is_split_6e3c73d,,Choose a side when the badge bar is split,徽章栏拆分时选择一侧,
ui_choose_a_state_7ab7191,,Choose a state,选择状态,
ui_choose_a_visual_home_assistant_block_e7c8652,,Choose a visual Home Assistant block,选择一个可视化 Home Assistant 组件,don't translate Home Assistant
ui_choose_action_cf9c80e,,Choose action,选择操作,
ui_choose_an_action_e82323b,,Choose an action,选择一个操作,
ui_choose_an_entity_00fd1cc,,Choose an entity,选择一个实体,
ui_choose_an_entity_first_d59e681,,Choose an entity first,请先选择实体,
ui_choose_an_expanded_or_compact_dashboard_header_815902d,,Choose an expanded or compact dashboard header,选择展开式或紧凑式仪表盘标题栏,
ui_choose_avatar_image_bcd5b00,,Choose avatar image,选择头像图片,
ui_choose_between_the_full_header_and_a_compact_navigation_90ec55e,,Choose between the full header and a compact navigation bar,在完整标题栏和紧凑导航栏之间选择,
ui_choose_entity_31b0424,,Choose entity,选择实体,
ui_choose_how_this_phone_or_tablet_appears_in_home_419da67,,Choose how this phone or tablet appears in Home Assistant,选择此手机或平板电脑在 Home Assistant 中的显示方式,don't translate Home Assistant
ui_choose_icon_b0047ce,,Choose icon,选择图标,
ui_choose_included_cards_and_shared_entity_overrides_a507343,,Choose included cards and shared entity overrides,选择包含的卡片和共享实体覆盖,
ui_choose_included_views_and_shared_entity_overrides_41f2e64,,Choose included views and shared entity overrides,选择包含的视图和共享实体覆盖,
ui_choose_one_or_more_carrier_devices_in_widget_settings_100a4ca,,Choose one or more carrier devices in widget settings.,在小组件设置中选择一个或多个承运商设备。,
ui_choose_person_entity_977db64,,Choose person entity,选择成员实体,
ui_choose_the_climate_view_and_optional_entity_overrides_a69cbbc,,Choose the climate view and optional entity overrides,选择空调视图和可选的实体覆盖,
ui_choose_the_energy_view_and_override_its_entities_if_523c3be,,Choose the energy view and override its entities if needed,选择能源视图，并在需要时覆盖其实体,
ui_choose_the_entity_and_card_content_8bde89a,,Choose the entity and card content,选择实体和卡片内容,
ui_choose_the_home_assistant_entities_that_drive_this_room_53a4061,,Choose the Home Assistant entities that drive this room's live indicators. Indicators only appear while they are active.,选择驱动此房间实时指示器的 Home Assistant 实体。指示器仅在处于活动状态时显示。,don't translate Home Assistant
ui_choose_the_home_assistant_shown_in_hki_7_b29bc26,,Choose the Home Assistant shown in HKI 7,选择在 HKI 7 中显示的 Home Assistant,"don't translate Home Assistant, HKI 7"
ui_choose_the_player_and_dashboard_label_7fa88ba,,Choose the player and dashboard label,选择播放器和仪表盘标签,
ui_choose_the_profile_for_this_light_d8c7bae,,Choose the profile for this light,为此灯光选择配置文件,
ui_choose_the_sensors_plotted_together_3bc1663,,Choose the sensors plotted together,选择要一起绘制的传感器,
ui_choose_the_source_and_when_a_battery_is_considered_0b993df,,Choose the source and when a battery is considered low,选择来源以及电池电量过低的判定条件,
ui_choose_what_tap_double_tap_and_hold_should_do_0bbe9c8,,"Choose what tap, double tap, and hold should do",选择点按、双击和长按的操作,
ui_choose_what_this_action_should_control_7ebe4ab,,Choose what this action should control,选择此操作要控制的内容,
ui_choose_what_this_badge_summarizes_a7af7e6,,Choose what this badge summarizes,选择此徽章汇总的内容,
ui_choose_what_this_header_pill_shows_0bbdbc2,,Choose what this header pill shows,选择此标题栏胶囊显示的内容,
ui_choose_where_to_restore_the_dashboard_configuration_from_bb40b34,,Choose where to restore the dashboard configuration from.,选择要从哪里恢复仪表盘配置。,
ui_choose_whether_this_person_appears_in_the_home_header_49f0ec2,,Choose whether this person appears in the Home header,选择此成员是否显示在主页标题栏中,
ui_choose_which_profiles_this_widget_can_control_2cd9b2b,,Choose which profiles this widget can control,选择此小组件可以控制的配置文件,
ui_choose_who_can_see_this_dashboard_they_can_import_2f5e49d,,Choose who can see this dashboard. They can import it into their own app.,选择谁可以查看此仪表盘，他们可以将其导入自己的应用。,
ui_choose_your_dashboard_1ec85e9,,Choose your dashboard,选择你的仪表盘,
ui_clean_rooms_4dc67ab,,Clean rooms,清洁房间,
ui_clean_selected_43d8dd5,,Clean selected,清洁所选,
ui_clear_719ea39,,Clear,清除,
ui_clear_battery_config_d8854f7,,Clear battery config?,清除电池配置？,
ui_clear_battery_view_1952347,,Clear battery view?,清除电池视图？,
ui_clear_battery_view_5ef09bf,,Clear Battery View,清除电池视图,
ui_clear_climate_view_48e8a5e,,Clear Climate View,清除空调视图,
ui_clear_climate_view_9a1339c,,Clear climate view?,清除空调视图？,
ui_clear_config_51f6330,,Clear config,清除配置,
ui_clear_energy_view_401c166,,Clear Energy View,清除能源视图,
ui_clear_energy_view_d577bb7,,Clear energy view?,清除能源视图？,
ui_clear_filters_4122267,,Clear filters,清除筛选条件,
ui_clear_rooms_view_87a43ca,,Clear Rooms View,清除房间视图,
ui_clear_rooms_view_f1d0d72,,Clear rooms view?,清除房间视图？,
ui_clear_search_67300d0,,Clear search,清除搜索,
ui_clear_security_view_219e25b,,Clear Security View,清除安防视图,
ui_clear_security_view_48790f7,,Clear security view?,清除安防视图？,
ui_clear_selection_247fd63,,Clear selection,清除所选,
ui_climate_4857860,,Climate,空调,
ui_climate_cards_f4996fd,,Climate Cards,空调卡片,
ui_climate_devices_are_found_automatically_add_extra_entities_5ebd8b7,,Climate devices are found automatically; add extra entities here if any are missing.,空调设备会自动发现；如有遗漏，可在此处添加额外实体。,
ui_climate_dialog_control_add9f2b,,Climate dialog control,空调对话框控制,
ui_climate_sources_take_priority_and_use_their_current_temper_5dbcde3,,Climate sources take priority and use their current_temperature and current_humidity values. ,空调来源优先，并使用其 current_temperature 和 current_humidity 值。,keep the space at the start/end
ui_climate_stack_cards_dcff178,,Climate Stack Cards,空调堆叠卡片,
ui_climate_summary_4686577,,Climate summary,空调概览,
ui_climatedooropen_026f1c8,,climateDoorOpen,climateDoorOpen,
ui_climatehouse_9c0637a,,climateHouse,climateHouse,
ui_climatewindowopen_9b0794a,,climateWindowOpen,climateWindowOpen,
ui_close_bbfa773,,Close,关闭,
ui_cloud_backup_is_off_71dfae1,,Cloud backup is off,云备份已关闭,
ui_collapsed_by_default_65a57c6,,Collapsed by default,默认折叠,
ui_collapsible_c932fac,,Collapsible,可折叠,
ui_collection_30c54a9,,Collection,合集,
ui_color_1d0c830,,Color,颜色,
ui_color_typography_and_component_shape_b82e582,,"Color, typography, and component shape",颜色、字体和组件形状,
ui_colors_and_light_dark_mode_37de9d5,,Colors and light/dark mode,颜色和浅色/深色模式,
ui_columns_cf723c5,,Columns,列数,
ui_combine_multiple_accounts_from_the_same_carrier_into_one_0006a49,,Combine multiple accounts from the same carrier into one tab and parcel list.,将同一承运商的多个账户合并为一个标签页和包裹列表。,
ui_comfortpulse_100b63b,,comfortPulse,comfortPulse,
ui_community_source_716abd9,,Community source,社区来源,
ui_compact_1df39aa,,Compact,紧凑,
ui_compact_header_50275e8,,Compact header,紧凑标题栏,
ui_compact_mode_hides_the_left_header_pill_persons_subtitle_da84968,,"Compact mode hides the left header pill, persons, subtitle/status information, and room counters. Swipe down on the compact bar to open Search, Flows, Edit, and Settings.",紧凑模式会隐藏左侧标题胶囊、成员、副标题/状态信息和房间计数。在紧凑栏上下滑可打开搜索、流程、编辑和设置。,
ui_compact_tile_height_78b57a3,,Compact tile height,紧凑磁贴高度,
ui_configured_light_65a3aad,,%1$s configured light%2$s,已配置 %1$s 个灯光%2$s,app fills in %1$s %2$s — keep them
ui_confirm_04a2122,,Confirm,确认,
ui_connect_b65463c,,Connect,连接,
ui_connected_through_home_assistant_cloud_47a54c0,,Connected through Home Assistant Cloud,通过 Home Assistant Cloud 连接,don't translate Home Assistant
ui_connected_through_your_external_home_assistant_address_966b0e6,,Connected through your external Home Assistant address,通过你的外部 Home Assistant 地址连接,don't translate Home Assistant
ui_connected_through_your_home_network_cdf4e0f,,Connected through your home network,通过你的家庭网络连接,
ui_connecting_fd3e796,,Connecting…,正在连接…,
ui_connection_6512ee1,,Connection,连接,
ui_connection_switched_to_8f04753,,Connection switched to %1$s,已切换连接至 %1$s,app fills in %1$s — keep them
ui_contacting_your_home_assistant_server_e0a53d1,,Contacting your Home Assistant server…,正在联系你的 Home Assistant 服务器…,don't translate Home Assistant
ui_content_4f9be05,,Content,内容,
ui_continue_2e02623,,Continue,继续,
ui_continuous_gps_for_live_tracking_uses_much_more_battery_fdcd80d,,Continuous GPS for live tracking — uses much more battery. Leave off for official-app-like behavior.,持续 GPS 实时定位会显著增加耗电量。关闭此项以获得与官方应用类似的行为。,
ui_control_ea1d3df,,Control,控制,
ui_control_how_accounts_become_tabs_and_lists_f100249,,Control how accounts become tabs and lists,控制账户如何转换为标签页和列表,
ui_control_layout_4c3b047,,Control layout,控件布局,
ui_controls_and_history_sensors_used_by_the_dialog_f71675d,,Controls and history sensors used by the dialog,对话框使用的控件和历史记录传感器,
ui_controls_light_in_this_profile_cd11089,,Controls %1$s light%2$s in this profile.,在此配置文件中控制 %1$s 个灯光%2$s。,app fills in %1$s %2$s — keep them
ui_cooling_5569ac4,,Cooling,制冷,
ui_copy_af74f7c,,Copy,复制,
ui_copy_dashboard_2ea354e,,Copy dashboard,复制仪表盘,
ui_copyright_2026_jimz011_b8f2c24,,Copyright © 2026 Jimz011,版权所有 © 2026 Jimz011,
ui_corners_f1fb139,,Corners,圆角,
ui_could_not_add_the_parcel_check_the_number_and_fd157b4,,Could not add the parcel. Check the number and try again.,无法添加包裹，请检查编号后重试。,
ui_couldn_t_reach_a30cc1b,,Couldn't reach %1$s,无法连接到 %1$s,app fills in %1$s — keep them
ui_couldn_t_reach_your_home_assistant_server_2a17c09,,Couldn't reach your Home Assistant server.,无法连接到你的 Home Assistant 服务器。,don't translate Home Assistant
ui_countdown_timer_282cb17,,Countdown timer,倒计时器,
ui_create_6e157c5,,Create,创建,
ui_create_a_flow_11b4415,,Create a flow,创建流程,
ui_create_a_separate_dashboard_auto_generate_imports_once_and_a5f0ef1,,Create a separate dashboard. Auto Generate imports once and then becomes editable; Start Empty only keeps persons available.,创建一个独立的仪表盘。自动生成会导入一次数据后即可编辑；从空白开始则仅保留成员信息。,
ui_create_custom_page_d1f53e7,,Create custom page,创建自定义页面,
ui_created_by_jimz011_2026_hki_7_v_20cbca0,,Created by Jimz011 - 2026 • HKI 7 v%1$s,由 Jimz011 创建 - 2026 • HKI 7 v%1$s,app fills in %1$s — keep them; don't translate HKI 7
ui_created_by_jimz011_with_help_from_ai_assisted_development_47c9a41,,"Created by Jimz011 with help from AI-assisted development tools. Product direction, design choices, testing, and responsibility for the released app remain with the project creator.",由 Jimz011 创建，并借助 AI 辅助开发工具完成。产品方向、设计决策、测试以及发布版本的责任均由项目创建者承担。,
ui_created_openly_1cc16d4,,Created openly,开放创建,
ui_creates_a_full_duplicate_of_including_all_rooms_widgets_b96bbb1,,"Creates a full duplicate of ""%1$s"", including all rooms, widgets, and page settings. The copy is added to your dashboards without switching to it.",创建“%1$s”的完整副本，包括所有房间、小组件和页面设置。副本会添加到你的仪表盘列表中，但不会自动切换到该副本。,app fills in %1$s — keep them
ui_critical_04b7b26,,Critical,严重,
ui_critical_low_5852b16,,%1$s critical · %2$s low,%1$s 个严重 · %2$s 个偏低,app fills in %1$s %2$s — keep them
ui_critical_replace_soon_dbd946d,,Critical — replace soon,严重 — 请尽快更换,
ui_current_4fc0e2b,,Current,当前,
ui_current_88a0a02,,%1$s° current,当前 %1$s°,app fills in %1$s — keep them
ui_current_charge_b6b0b3d,,Current charge,当前电量,
ui_current_e4ef83d,,Current %1$s%%,当前 %1$s%%,app fills in %1$s — keep them
ui_current_weather_0fc6239,,Current weather,当前天气,
ui_currently_loaded_69ef6fb,,Currently loaded,当前已加载,
ui_custom_081ae3f,,Custom,自定义,
ui_custom_buttons_c580449,,Custom buttons,自定义按钮,
ui_custom_camera_ada9096,,Custom Camera,自定义摄像头,
ui_custom_camera_url_8191b15,,Custom camera URL,自定义摄像头 URL,
ui_custom_ed17691,,Custom %1$s,自定义 %1$s,app fills in %1$s — keep them
ui_custom_entities_d6e76ae,,Custom entities,自定义实体,
ui_custom_name_6af17c2,,Custom name,自定义名称,
ui_custom_order_a7a5984,,Custom order,自定义顺序,
ui_custom_seconds_7467e28,,Custom seconds,自定义秒数,
ui_custom_state_378153b,,Custom state...,自定义状态...,
ui_custom_url_9c155e9,,Custom URL,自定义 URL,
ui_customize_device_energy_b754bb5,,Customize device energy,自定义设备能耗,
ui_customize_top_consumers_eb249c5,,Customize top consumers,自定义主要能耗设备,
ui_customize_water_devices_81ce5f6,,Customize water devices,自定义用水设备,
ui_d_6388bb3,,"%1$s d, %2$s",%1$s 天，%2$s,app fills in %1$s %2$s — keep them
ui_daily_backup_is_active_111a631,,Daily backup is active,每日备份已启用,
ui_dashboard_d87f47b,,Dashboard,仪表盘,
ui_dashboard_header_36d8656,,Dashboard header,仪表盘标题栏,
ui_dashboard_name_466f3af,,Dashboard name,仪表盘名称,
ui_dashboard_width_and_card_shape_3fcad11,,Dashboard width and card shape,仪表盘宽度和卡片形状,
ui_dashboards_197565b,,Dashboards,仪表盘,
ui_dashboards_shared_by_your_family_import_to_add_a_8a6d06e,,Dashboards shared by your family. Import to add a copy to your dashboards; import again later to pull updates.,家庭成员共享的仪表盘。导入后会将副本添加到你的仪表盘列表；之后再次导入可获取更新。,
ui_dashboards_visual_style_and_everyday_navigation_17f3ac2,,"Dashboards, visual style, and everyday navigation",仪表盘、视觉样式和日常导航,
ui_data_series_e5977fb,,Data series,数据系列,
ui_data_sources_dadd6ac,,Data sources,数据来源,
ui_date_eb9a4bc,,Date,日期,
ui_datetime_f1e5baf,,DateTime,日期时间,
ui_day_to_839bf92,,%1$s day%2$s to %3$s,%1$s 天%2$s至 %3$s,app fills in %1$s %2$s %3$s — keep them
ui_decrease_67e19d8,,Decrease,减少,
ui_default_808d7dc,,Default,默认,
ui_default_effect_per_type_a4ce3c4,,Default effect per type,各类型的默认效果,
ui_default_view_343256a,,Default view,默认视图,
ui_default_weather_entity_588d455,,Default weather entity,默认天气实体,
ui_defrosting_c3b2817,,Defrosting,除霜中,
ui_delete_0c6013a,,"Delete ""%1$s""?",删除“%1$s”？,app fills in %1$s — keep them
ui_delete_137cdc2,,Delete %1$s?,删除 %1$s？,app fills in %1$s — keep them
ui_delete_automation_442d61c,,Delete automation?,删除自动化？,
ui_delete_f6fdbe4,,Delete,删除,
ui_delete_floor_07c4a91,,Delete floor,删除楼层,
ui_delivered_eea956c,,Delivered,已送达,
ui_demo_mode_a85b728,,Demo mode,演示模式,
ui_description_55f8ebc,,Description,描述,
ui_details_dc3decb,,Details,详情,
ui_detected_carbon_intensity_9983458,,Detected carbon intensity,检测到的碳强度,
ui_device_8c01559,,Device: %1$s,设备：%1$s,app fills in %1$s — keep them
ui_device_a5a74a6,,Device,设备,
ui_device_details_39c277d,,Device details,设备详情,
ui_device_details_eb36018,,DEVICE DETAILS,设备详情,
ui_device_energy_79de3d8,,Device energy,设备能耗,
ui_device_helpers_6a8b199,,Device & helpers,设备和助手,
ui_device_name_79d7a15,,Device name,设备名称,
ui_device_tracker_and_geocoded_location_f9e2d34,,Device tracker and geocoded location,设备追踪器和地理编码位置,
ui_devices_728190e,,devices,设备,
ui_devices_df485c8,,Devices,设备,
ui_dialog_control_63e18cf,,Dialog control,对话框控制,
ui_direction_5a47d4d,,Direction —,方向 —,
ui_disable_battery_optimization_d3201bf,,Disable Battery Optimization,关闭电池优化,
ui_disarmed_aaa4d9e,,Disarmed,已撤防,
ui_discovered_acbb9e0,,Discovered,已发现,
ui_dismiss_70afe9e,,Dismiss,关闭,
ui_display_574ff9b,,Display,显示,
ui_display_linked_entities_and_dialog_layout_e6987f9,,"Display, linked entities, and dialog layout",显示、关联实体和对话框布局,
ui_display_mode_627bc30,,Display mode,显示模式,
ui_display_order_5f1293a,,Display order,显示顺序,
ui_done_e9b450d,,Done,完成,
ui_door_locked_4b46012,,Door\nLocked,门\n已锁,\n = line break
ui_door_open_74899a4,,Door\nOpen,门\n已打开,\n = line break
ui_door_sensor_turns_lock_card_red_when_open_9bc1372,,Door sensor (turns lock card red when open),门传感器（打开时锁卡片变红）,
ui_door_sensors_a7bb309,,Door sensors,门传感器,
ui_double_tap_a268e89,,Double tap,双击,
ui_drag_horizontally_across_the_full_button_547ea8c,,Drag horizontally across the full button,在整个按钮范围内水平拖动,
ui_drag_to_reorder_use_the_eye_button_to_hide_cd28b4c,,Drag to reorder. Use the eye button to hide an item or schedule when it shows.,拖动以重新排序。使用眼睛按钮隐藏某项，或安排其显示时间。,
ui_drag_to_set_the_order_cameras_appear_on_the_7bcb4f5,,Drag to set the order cameras appear on the Security view.,拖动以设置摄像头在安防视图中的显示顺序。,
ui_drag_to_set_the_order_the_cards_appear_below_b6a92e4,,Drag to set the order the cards appear below the house on the Energy view.,拖动以设置卡片在能源视图房屋下方的显示顺序。,
ui_drag_to_set_the_order_thermostats_and_ac_units_62d49e7,,Drag to set the order thermostats and AC units appear on the Climate view.,拖动以设置恒温器和空调设备在空调视图中的显示顺序。,
ui_drying_7ea61a9,,Drying,干燥中,
ui_e_e0184ad,,E,E,
ui_each_group_controls_one_part_of_this_page_286a40b,,Each group controls one part of this page,每个分组控制此页面的一部分,
ui_each_home_keeps_its_own_login_dashboard_notification_conne_c261f94,,"Each home keeps its own login, dashboard, notification connection, and location registration",每个家庭都保留各自独立的登录、仪表盘、通知连接和位置注册信息,
ui_edit_5301648,,Edit,编辑,
ui_edit_entities_485ee65,,Edit entities,编辑实体,
ui_edit_page_17e45f8,,Edit page,编辑页面,
ui_edit_sensors_6c38d51,,Edit sensors,编辑传感器,
ui_effects_8f25a85,,Effects,效果,
ui_electricity_925cf7f,,Electricity,电力,
ui_electricity_total_c81c63f,,Electricity Total,电力总计,
ui_elevation_a514da1,,Elevation,海拔,
ui_empty_3159fe4,,Empty,空,
ui_empty_bin_0cbe2d7,,Empty bin,清空垃圾桶,
ui_empty_bin_bcf05c4,,Empty bin: %1$s,清空垃圾桶：%1$s,app fills in %1$s — keep them
ui_empty_bin_optional_fallback_e40b857,,Empty bin (optional fallback),清空垃圾桶（可选回退）,
ui_empty_iframe_open_its_settings_in_edit_mode_and_c17ba2f,,Empty iFrame — open its settings in edit mode and enter a web address.,空 iFrame — 请在编辑模式下打开其设置并输入网址。,
ui_empty_markdown_widget_open_its_settings_in_edit_mode_b65072d,,Empty markdown widget — open its settings in edit mode to write content.,空 Markdown 小组件 — 请在编辑模式下打开其设置以编写内容。,
ui_empty_stack_79d38d5,,Empty Stack,空堆叠,
ui_enable_cloud_backup_32fe82b,,Enable cloud backup,启用云备份,
ui_enable_home_assistant_backup_bd7cf62,,Enable Home Assistant backup,启用 Home Assistant 备份,don't translate Home Assistant
ui_enable_the_features_hki_7_may_use_in_the_52e596d,,Enable the features HKI 7 may use in the background,启用 HKI 7 可能在后台使用的功能,don't translate HKI 7
ui_enabled_e22fb09,,ENABLED,已启用,
ui_end_2a002eb,,End: %1$s,结束：%1$s,app fills in %1$s — keep them
ui_energy_437bcb1,,Energy,能源,
ui_energy_cards_c84abda,,Energy Cards,能源卡片,
ui_energy_counters_imported_from_home_assistant_s_energy_dash_9dd23f9,,Energy counters imported from Home Assistant's Energy dashboard.,从 Home Assistant 的能源仪表盘导入的能源计数器。,don't translate Home Assistant
ui_energy_stack_cards_5ac4b4c,,Energy Stack Cards,能源堆叠卡片,
ui_energyscene_374cbbb,,energyScene,energyScene,
ui_enter_a_pin_4e6a960,,Enter a PIN,输入 PIN 码,
ui_enter_a_valid_json_object_00d1e89,,Enter a valid JSON object,请输入有效的 JSON 对象,
ui_enter_an_address_manually_5eda99d,,Enter an address manually,手动输入地址,
ui_enter_code_ab45ae5,,Enter code,输入代码,
ui_enter_http_url_relative_path_or_webrtc_id_e_bb736eb,,"Enter HTTP URL, relative path, or WebRTC ID (e.g., poort_hd)",输入 HTTP URL、相对路径或 WebRTC ID（例如 poort_hd）,
ui_enter_http_url_relative_path_or_webrtc_path_e_41da8c2,,"Enter HTTP URL, relative path, or WebRTC path (e.g., url: poort_hd)",输入 HTTP URL、相对路径或 WebRTC 路径（例如 url: poort_hd）,
ui_enter_the_same_data_object_home_assistant_shows_in_f7e27af,,Enter the same data object Home Assistant shows in YAML. JSON is used here so values keep their exact type.,输入与 Home Assistant 在 YAML 中显示的相同数据对象。此处使用 JSON 以保留值的确切类型。,don't translate Home Assistant
ui_entities_390082d,,Entities · %1$s,实体 · %1$s,app fills in %1$s — keep them
ui_entities_6510c2f,,Entities (%1$s),实体 (%1$s),app fills in %1$s — keep them
ui_entities_9d88f3c,,entities,实体,
ui_entities_appearance_and_interactions_b90b013,,"Entities, appearance, and interactions",实体、外观和交互,
ui_entities_f7638a2,,Entities,实体,
ui_entities_that_signal_activity_or_safety_states_769b862,,Entities that signal activity or safety states,表示活动或安全状态的实体,
ui_entity_icons_gently_glow_spin_or_pulse_while_the_b3a8910,,"Entity icons gently glow, spin, or pulse while the device is on. Only active devices animate.",设备开启时，实体图标会轻微发光、旋转或脉动。只有活动设备才会有动画效果。,
ui_entity_integrations_852a3e0,,Entity integrations,实体集成,
ui_entity_name_9543eb8,,Entity name,实体名称,
ui_entity_picture_0569c68,,Entity picture,实体图片,
ui_entity_unavailable_3974ddb,,Entity unavailable,实体不可用,
ui_event_ad8919a,,Event,事件,
ui_every_contribution_helps_and_payment_is_never_required_1bc44f2,,"Every contribution helps, and payment is never required",每一份贡献都有帮助，且从不强制付费,
ui_everyday_navigation_e2f1711,,Everyday navigation,日常导航,
ui_everyone_c756f6a,,Everyone,所有人,
ui_exact_text_or_number_reported_by_home_assistant_00e5cc6,,Exact text or number reported by Home Assistant,Home Assistant 报告的确切文本或数字,don't translate Home Assistant
ui_example_com_or_https_8381ca6,,example.com or https://…,example.com 或 https://…,
ui_existing_camera_5fb3653,,Existing Camera,现有摄像头,
ui_exit_demo_mode_ab94122,,Exit Demo Mode,退出演示模式,
ui_exit_full_screen_3d9afda,,Exit full screen,退出全屏,
ui_exiting_removes_the_sample_home_and_returns_to_the_05548e1,,"Exiting removes the sample home and returns to the welcome screen, where you can connect a real Home Assistant server.",退出将删除示例家庭并返回欢迎页面，你可以在该页面连接真实的 Home Assistant 服务器。,don't translate Home Assistant
ui_expected_delivery_78d54b2,,Expected delivery,预计送达,
ui_expected_today_4af5600,,Expected today,预计今天送达,
ui_external_url_or_nabu_casa_url_d2e1eed,,External URL or Nabu Casa URL,外部 URL 或 Nabu Casa URL,don't translate Nabu Casa
ui_family_sharing_160fddb,,Family Sharing,家庭共享,
ui_family_sharing_settings_are_controlled_by_a_home_assistant_cdb35a2,,Family Sharing settings are controlled by a Home Assistant admin. You can use a dashboard shared with you below.,家庭共享设置由 Home Assistant 管理员控制。你可以使用下方与你共享的仪表盘。,don't translate Home Assistant
ui_fan_ec38406,,Fan,风扇,
ui_fan_modes_fbaa3df,,Fan & modes,风扇和模式,
ui_fans_73d38db,,Fans,风扇,
ui_fetch_climate_entities_from_home_assistant_again_a65f837,,Fetch climate entities from Home Assistant again.,重新从 Home Assistant 获取空调实体。,don't translate Home Assistant
ui_fetch_rooms_floors_and_their_entities_from_home_assistant_0d84305,,"Fetch rooms, floors, and their entities from Home Assistant again.",重新从 Home Assistant 获取房间、楼层及其实体。,don't translate Home Assistant
ui_fetch_security_entities_from_home_assistant_again_577b666,,Fetch security entities from Home Assistant again.,重新从 Home Assistant 获取安防实体。,don't translate Home Assistant
ui_fetch_the_home_assistant_energy_dashboard_configuration_ag_9180e9b,,Fetch the Home Assistant energy dashboard configuration again.,重新获取 Home Assistant 能源仪表盘配置。,don't translate Home Assistant
ui_find_home_assistant_locally_c992bdf,,Find Home Assistant locally,在本地查找 Home Assistant,don't translate Home Assistant
ui_firmware_94fe490,,Firmware %1$s,固件 %1$s,app fills in %1$s — keep them
ui_five_simple_gestures_are_all_you_need_to_get_d4c2675,,Five simple gestures are all you need to get around HKI 7.,只需五个简单手势，即可轻松使用 HKI 7。,don't translate HKI 7
ui_fixed_tab_10fe998,,Fixed tab,固定标签页,
ui_floor_7db82f7,,Floor,楼层,
ui_floor_assignment_288a740,,Floor assignment,楼层分配,
ui_floor_name_e9d98d6,,Floor name,楼层名称,
ui_floor_settings_640cb8e,,Floor settings,楼层设置,
ui_flowphase_101d9f0,,flowPhase,flowPhase,
ui_flows_1242655,,Flows,流程,
ui_focused_groups_keep_advanced_options_easy_to_find_44ac86e,,Focused groups keep advanced options easy to find,分组聚焦可让高级选项更易查找,
ui_font_family_54a1848,,Font family,字体,
ui_font_size_ef89fc7,,Font size · %1$s%%,字号 · %1$s%%,app fills in %1$s — keep them
ui_fonts_ffe688a,,Fonts,字体,
ui_force_high_refresh_rate_214de79,,Force high refresh rate,强制高刷新率,
ui_forecast_528bc4b,,Forecast,预报,
ui_forecast_entities_c950412,,Forecast entities,预报实体,
ui_forget_selection_7864f34,,Forget selection,忘记所选,
ui_forward_ba4e722,,Forward,前进,
ui_from_ad3b521,,From %1$s,来自 %1$s,app fills in %1$s — keep them
ui_from_state_6c7eaef,,From state,起始状态,
ui_full_changelog_ae838e7,,Full changelog,完整更新日志,
ui_full_controls_68749a5,,Full controls,完整控件,
ui_full_day_name_25ab7ee,,Full Day Name,完整星期名称,
ui_full_url_or_a_path_on_your_home_assistant_66f9c59,,Full URL or a path on your Home Assistant server (e.g. /local/vacuum.png),完整 URL 或你的 Home Assistant 服务器上的路径（例如 /local/vacuum.png）,don't translate Home Assistant
ui_gas_ead9650,,Gas,燃气,
ui_generating_your_rooms_01654a1,,Generating your rooms,正在生成你的房间,
ui_get_started_bd2cb05,,Get Started,开始使用,
ui_give_a_humidifier_a_fan_select_input_select_to_860be4d,,"Give a humidifier a fan / select / input_select to control its speed; its options replace the humidifier's mode chips, and modes move to the dialog's nav bar.",为加湿器指定 fan / select / input_select 实体以控制其速度；其选项会替换加湿器的模式芯片，模式将移至对话框的导航栏。,
ui_glow_6ae5a62,,glow,glow,
ui_glowphase_748e6d6,,glowPhase,glowPhase,
ui_glowpulse_9269294,,glowPulse,glowPulse,
ui_good_61dedcf,,Good,良好,
ui_google_drive_07c2964,,Google Drive,Google Drive,don't translate Google Drive
ui_got_it_5b8027f,,Got it,知道了,
ui_got_it_let_s_explore_107038f,,Got it — let's explore,知道了 — 开始探索,
ui_graph_sensor_c63cbb6,,Graph %1$s · %2$s sensor%3$s,图表 %1$s · %2$s 个传感器%3$s,app fills in %1$s %2$s %3$s — keep them
ui_graph_style_6acd980,,Graph Style,图表样式,
ui_graphs_7839947,,Graphs,图表,
ui_grid_density_and_button_presentation_b7907e5,,Grid density and button presentation,网格密度和按钮呈现方式,
ui_grid_density_width_and_tile_shape_267ad9a,,"Grid density, width, and tile shape",网格密度、宽度和磁贴形状,
ui_grid_phases_0a5eae5,,Grid & phases,电网与相位,
ui_group_light_paused_for_manual_control_78d6b74,,%1$s group light%2$s paused for manual control.,%1$s 个组灯光%2$s已暂停以进行手动控制。,app fills in %1$s %2$s — keep them
ui_group_related_cards_in_one_section_f978d2b,,Group related cards in one section,将相关卡片归为一组,
ui_guide_motion_579dcaf,,guide_motion,guide_motion,
ui_guide_progress_6138614,,guide_progress,guide_progress,
ui_gust_53f5da4,, (gust %1$s),（阵风 %1$s）,app fills in %1$s — keep them; keep the space at the start/end
ui_h_0be1674,,%1$sh,%1$s 小时,app fills in %1$s — keep them
ui_header_31341c6,,Header,标题栏,
ui_header_appearance_40327c9,,Header appearance,标题栏外观,
ui_header_custom_color_rrggbb_1887d0a,,Header custom color (#RRGGBB),标题栏自定义颜色 (#RRGGBB),
ui_header_pill_d7520cf,,Header pill,标题栏胶囊,
ui_header_text_7f71314,,Header text,标题栏文字,
ui_header_text_f7593e7,,Header Text,标题栏文字,
ui_header_wallpaper_url_or_path_25cf2b6,,Header wallpaper URL or path,标题栏壁纸 URL 或路径,
ui_heading_some_bold_text_a_list_item_one_item_b7f049b,,"# Heading\nSome **bold** text, a list:\n- item one\n- item two",# 标题\n一些**加粗**文本，一个列表：\n- 项目一\n- 项目二,\n = line break
ui_healthy_80ea156,,Healthy,健康,
ui_heating_f2a3e6e,,Heating,制热,
ui_height_3f608b4,,Height,高度,
ui_help_the_project_without_buying_premium_e960d10,,Help the project without buying Premium,无需购买高级版即可支持本项目,
ui_hidden_1364716,,%1$s hidden,已隐藏 %1$s 个,app fills in %1$s — keep them
ui_hidden_d4c2792,,Hidden,已隐藏,
ui_hidden_during_c0afbbc,,Hidden during,隐藏时段,
ui_hidden_rooms_f621ba4,,Hidden rooms,隐藏的房间,
ui_hidden_items_advanced_title,,Hidden items (advanced),隐藏物品（高级）,
ui_hidden_items_advanced_hint,,Comma-separated list of button entity ids or badge/widget ids to hide from this person specifically. A button's id is its entity id; a badge or widget's id is shown in its own Appearance settings.,以逗号分隔的按钮实体 ID 或徽章/小部件 ID 列表，专门向此人隐藏。按钮的 id 是其实体 id；徽章或小部件的 ID 显示在其自己的外观设置中。,
ui_hidden_views_3e16d85,,Hidden views,隐藏的视图,
ui_hide_certain_views_or_rooms_from_specific_people_to_f10458c,,Hide certain views or rooms from specific people to keep their dashboard simple. This is UX-level hiding — it does not restrict what they can do in Home Assistant itself.,对特定成员隐藏某些视图或房间，以保持其仪表盘简洁。这仅是界面层面的隐藏 — 并不会限制其在 Home Assistant 本身中的操作权限。,don't translate Home Assistant
ui_hide_connection_notification_dcee06a,,Hide Connection Notification,隐藏连接通知,
ui_hide_this_badge_or_schedule_when_it_appears_e149fbf,,"Hide this badge, or schedule when it appears",隐藏此徽章，或安排其显示时间,
ui_hide_this_button_or_schedule_when_it_appears_a28bf66,,"Hide this button, or schedule when it appears",隐藏此按钮，或安排其显示时间,
ui_high_accuracy_mode_954d2c5,,High accuracy mode,高精度模式,
ui_history_90ccd64,,History,历史记录,
ui_hki_7_68a9e17,,HKI 7,HKI 7,don't translate HKI 7
ui_hki_7_collects_location_data_to_enable_presence_detection_2dda033,,HKI 7 collects location data to enable presence detection and zone-based ,HKI 7 会收集位置数据以启用存在检测和基于区域的,don't translate HKI 7; keep the space at the start/end
ui_hki_7_logo_a445c44,,HKI 7 logo,HKI 7 徽标,don't translate HKI 7
ui_hki_7_turns_your_native_home_assistant_entities_rooms_c95b345,,"HKI 7 turns your native Home Assistant entities, rooms, automations, media, energy data, and services into a configurable mobile dashboard. It is designed to stay connected to Home Assistant as the source of truth while offering a distinct HKI interface.",HKI 7 将你原生的 Home Assistant 实体、房间、自动化、媒体、能源数据和服务转化为可配置的移动仪表盘。它旨在始终以 Home Assistant 作为唯一数据源保持连接，同时提供独特的 HKI 界面。,"don't translate Home Assistant, HKI 7"
ui_hki_7_v_d5594a7,,HKI 7 v%1$s,HKI 7 v%1$s,app fills in %1$s — keep them; don't translate HKI 7
ui_home_and_rooms_are_always_shown_reorder_the_other_bea984a,,Home and Rooms are always shown. Reorder the other tabs with the arrows and toggle each on or off.,“主页”和“房间”始终显示。使用箭头重新排序其他标签页，并可分别开启或关闭。,
ui_home_assistant_backup_is_off_4524f2e,,Home Assistant backup is off,Home Assistant 备份已关闭,don't translate Home Assistant
ui_home_assistant_c8fd3bb,,Home Assistant,Home Assistant,don't translate Home Assistant
ui_home_assistant_instances_b0de2f3,,Home Assistant instances,Home Assistant 实例,don't translate Home Assistant
ui_home_assistant_will_be_unavailable_briefly_while_it_restar_df30b45,,Home Assistant will be unavailable briefly while it restarts. Administrator access is required.,Home Assistant 重启期间将短暂不可用，需要管理员权限。,don't translate Home Assistant
ui_home_security_aa534f2,,HOME SECURITY,家庭安防,
ui_home_wi_fi_names_comma_separated_b71c6ab,,Home Wi-Fi names (comma separated),家庭 Wi-Fi 名称（以逗号分隔）,
ui_hourly_forecast_50f6c9c,,Hourly forecast,每小时预报,
ui_how_this_control_communicates_state_ad17a3d,,How this control communicates state,此控件传达状态的方式,
ui_how_this_icon_animates_while_the_device_is_active_dffdaf5,,"How this icon animates while the device is active. ""Auto"" follows the global setting; the rest override it for this icon.",设备处于活动状态时此图标的动画方式。“自动”遵循全局设置；其余选项将针对此图标覆盖全局设置。,
ui_http_homeassistant_local_8123_67b2235,,http://homeassistant.local:8123,http://homeassistant.local:8123,
ui_http_url_relative_path_or_webrtc_name_e_g_dfc56c4,,"HTTP URL, relative path, or WebRTC name (e.g., url: poort_hd)",HTTP URL、相对路径或 WebRTC 名称（例如 url: poort_hd）,
ui_https_1a66279,,https://…,https://…,
ui_https_example_ui_nabu_casa_4d97501,,https://example.ui.nabu.casa,https://example.ui.nabu.casa,
ui_humidifiers_aa38e2a,,Humidifiers,加湿器,
ui_humidifiers_are_found_automatically_from_the_humidifier_do_0717429,,Humidifiers are found automatically from the humidifier domain; add extra entities here if any are missing.,加湿器会从 humidifier 域自动发现；如有遗漏，可在此处添加额外实体。,
ui_humidifying_5d5f6c5,,Humidifying,加湿中,
ui_humidity_65adb9c,,Humidity,湿度,
ui_humidity_control_devices_c7e4846,,Humidity control devices,湿度控制设备,
ui_humidity_sensor_graphed_in_activity_5b792e1,,Humidity sensor (graphed in Activity),湿度传感器（在活动中绘制图表）,
ui_icon_716f63b,,Icon,图标,
ui_icon_animation_5b1faae,,Icon animation,图标动画,
ui_icon_animations_and_effects_db0dea4,,Icon animations and effects,图标动画和效果,
ui_icon_eeaa97d,,Icon: %1$s,图标：%1$s,app fills in %1$s — keep them
ui_icon_feedback_180b871,,Icon & feedback,图标和反馈,
ui_icons_edb8f6c,,Icons,图标,
ui_identity_7e5a975,,Identity,身份,
ui_identity_and_connection_bee53f8,,Identity and connection,身份和连接,
ui_identity_presentation_indicators_and_maintenance_d46fbf4,,"Identity, presentation, indicators, and maintenance",身份、展示、指示器和维护,
ui_idle_cc1ebdd,,Idle,空闲,
ui_image_50e19fd,,Image,图片,
ui_image_style_size_shape_and_background_40c17b6,,"Image style, size, shape, and background",图片样式、大小、形状和背景,
ui_image_url_or_path_ddd8d74,,Image URL or path,图片 URL 或路径,
ui_import_d6fbc9d,,Import,导入,
ui_import_entities_that_have_not_been_edited_or_remove_6edde59,,"Import entities that have not been edited, or remove all climate edits and import from scratch.",导入尚未编辑的实体，或移除所有空调相关编辑并从头导入。,
ui_import_entities_that_have_not_been_edited_or_remove_9851b28,,"Import entities that have not been edited, or remove all security edits and import from scratch.",导入尚未编辑的实体，或移除所有安防相关编辑并从头导入。,
ui_import_from_family_f9eb88d,,Import from family,从家庭导入,
ui_import_only_rooms_and_entities_that_have_not_been_478d449,,"Import only rooms and entities that have not been edited, or remove all edited rooms and floors and import everything from scratch.",仅导入尚未编辑的房间和实体，或移除所有已编辑的房间和楼层并从头导入全部内容。,
ui_import_only_rooms_that_have_not_been_edited_or_d59bee5,,"Import only rooms that have not been edited, or rebuild everything. Rebuilding removes all edited rooms and floors before importing them from scratch.",仅导入尚未编辑的房间，或重建全部内容。重建会先移除所有已编辑的房间和楼层，然后从头导入。,
ui_import_sensors_with_device_class_battery_and_unit_of_dfaced9,,Import sensors with device_class battery and unit_of_measurement %.,导入 device_class 为 battery 且 unit_of_measurement 为 % 的传感器。,
ui_import_settings_that_have_not_been_edited_or_remove_2fc3850,,"Import settings that have not been edited, or remove all energy edits and import from scratch.",导入尚未编辑的设置，或移除所有能源相关编辑并从头导入。,
ui_import_unedited_4a58143,,Import unedited,导入未编辑项,
ui_imported_stacks_cannot_be_removed_in_auto_mode_hide_608f9ed,,"Imported stacks cannot be removed in auto mode. Hide the stack instead, or take over / switch to manual mode to delete it permanently.",自动模式下无法移除已导入的堆叠。请改为隐藏该堆叠，或接管/切换为手动模式以永久删除。,
ui_importing_820599d,,Importing…,正在导入…,
ui_importing_areas_and_entities_from_home_assistant_0e50b82,,Importing areas and entities from Home Assistant…,正在从 Home Assistant 导入区域和实体…,don't translate Home Assistant
ui_incoming_outgoing_1815915,,%1$s incoming · %2$s outgoing%3$s,%1$s 个进入 · %2$s 个离开%3$s,app fills in %1$s %2$s %3$s — keep them
ui_incoming_outgoing_49b9c0b,,%1$s incoming · %2$s outgoing,%1$s 个进入 · %2$s 个离开,app fills in %1$s %2$s — keep them
ui_incorrect_pin_2de1d18,,Incorrect PIN,PIN 码错误,
ui_increase_5a7fecf,,Increase,增加,
ui_individual_water_usage_21dd78c,,Individual water usage,单独用水量,
ui_individual_widgets_ff1526f,,Individual widgets,单个小组件,
ui_indoor_average_53abf03,,INDOOR AVERAGE,室内平均值,
ui_indoor_comfort_7060319,,Indoor comfort,室内舒适度,
ui_instance_name_e98a2eb,,Instance name,实例名称,
ui_interactions_0b3583e,,Interactions,交互,
ui_internal_url_acab9b2,,Internal URL,内部 URL,
ui_interval_seconds_eaeeb46,,Interval seconds,间隔秒数,
ui_is_c24d775,, is, 为,keep the space at the start/end
ui_item_corner_roundness_5032003,,Item corner roundness,项目圆角,
ui_items_cabff0b,,%1$s items,%1$s 项,app fills in %1$s — keep them
ui_k_df46805,,%1$sK,%1$sK,app fills in %1$s — keep them
ui_keep_existing_edits_or_remove_all_battery_edits_and_acc0236,,"Keep existing edits, or remove all battery edits and import from scratch.",保留现有编辑，或移除所有电池相关编辑并从头导入。,
ui_keep_only_the_title_right_header_pill_and_back_7777651,,"Keep only the title, right header pill, and back button when a page has one.",页面有返回按钮时，仅保留标题、右侧标题胶囊和返回按钮。,
ui_keeps_a_connection_to_home_assistant_for_instant_notificat_ecaee7d,,Keeps a connection to Home Assistant for instant notifications,保持与 Home Assistant 的连接以实现即时通知,don't translate Home Assistant
ui_keeps_presence_detection_and_zone_automations_working_andr_c48598a,,Keeps presence detection and zone automations working. Android should show ‘Allow all the time’.,使存在检测和区域自动化保持正常工作。Android 应显示“始终允许”。,
ui_keeps_your_device_location_updated_in_home_assistant_e295875,,Keeps your device location updated in Home Assistant,在 Home Assistant 中持续更新你的设备位置,don't translate Home Assistant
ui_km_h_ede7178,,%1$s km/h,%1$s 公里/小时,app fills in %1$s — keep them
ui_languages_and_frameworks_used_by_the_android_app_fb4ac97,,Languages and frameworks used by the Android app,Android 应用使用的语言和框架,
ui_last_backup_05509f8,,Last backup %1$s,上次备份 %1$s,app fills in %1$s — keep them
ui_last_h_3faaee1,,Last %1$sh,最近 %1$s 小时,app fills in %1$s — keep them
ui_last_run_b27f32a,,Last run %1$s,上次运行 %1$s,app fills in %1$s — keep them
ui_layout_972ad8d,,Layout,布局,
ui_leave_a_tip_5f90f10,,Leave a tip,留下小费,
ui_leave_empty_to_use_the_home_assistant_name_f769e92,,Leave empty to use the Home Assistant name,留空以使用 Home Assistant 名称,don't translate Home Assistant
ui_leave_this_empty_for_local_only_access_add_an_cc6bf85,,Leave this empty for local-only access. Add an external or Nabu Casa URL to use HKI 7 away from home.,留空以仅进行本地访问。添加外部或 Nabu Casa URL 以便在外出时使用 HKI 7。,"don't translate Nabu Casa, HKI 7"
ui_left_8ae1c34,,Left,左,
ui_left_side_overflows_right_fc8533c,,Left side overflows right,左侧内容溢出到右侧,
ui_less_526cb74,,Less,更少,
ui_let_hki_7_create_the_first_version_for_you_dc36439,,Let HKI 7 create the first version for you.,让 HKI 7 为你创建初始版本。,don't translate HKI 7
ui_let_this_person_enter_edit_mode_667df39,,Let this person enter edit mode,允许此成员进入编辑模式,
ui_level_7c7f5d0,,Level,级别,
ui_level_unavailable_a442183,,Level unavailable,级别不可用,
ui_license_3229609,,License,许可证,
ui_light_is_turned_off_ebc0cf1,,Light is turned off,灯光已关闭,
ui_lines_c6fd387,,Lines,线条,
ui_link_a_device_to_auto_fill_the_humidifier_s_6f65010,,"Link a device to auto-fill the humidifier's helper entities, or set them by hand",关联一个设备以自动填充加湿器的辅助实体，或手动设置,
ui_link_a_speed_control_197d75a,,Link a speed control,关联一个速度控制,
ui_linked_speed_control_optional_95fd680,,Linked speed control (optional),关联的速度控制（可选）,
ui_live_65c821a,,Live,实时,
ui_live_6990f01,,LIVE,实时,
ui_live_indicators_11ef687,,Live indicators,实时指示器,
ui_live_power_sensors_imported_from_home_assistant_s_configur_1b926f2,,Live power sensors imported from Home Assistant's configured Energy devices.,从 Home Assistant 配置的能源设备导入的实时功率传感器。,don't translate Home Assistant
ui_loading_actions_260b0c0,,Loading actions…,正在加载操作…,
ui_loading_actions_877bfd9,,Loading actions...,正在加载操作...,
ui_loading_camera_50a8065,,Loading camera…,正在加载摄像头…,
ui_loading_device_a3fda88,,Loading device...,正在加载设备...,
ui_local_file_576d5ac,,Local file,本地文件,
ui_local_network_optional_42aba01,,Local network (optional),本地网络（可选）,
ui_local_only_05ed059,,Local Only,仅本地,
ui_locating_e46bab0,,Locating…,正在定位…,
ui_location_access_3b68001,,Location access,位置访问权限,
ui_location_d219c68,,Location,位置,
ui_location_unavailable_3a57dda,,Location Unavailable,位置不可用,
ui_lock_c37eb4c,,LOCK,锁定,
ui_locked_a798882,,Locked,已锁定,
ui_locks_the_screen_to_its_highest_refresh_rate_while_585256f,,Locks the screen to its highest refresh rate while the app is open (uses more battery).,应用打开时将屏幕锁定为最高刷新率（会增加耗电量）。,
ui_log_in_again_1ee6e18,,Log in again,重新登录,
ui_logging_in_again_keeps_your_dashboard_and_settings_9a8ed6f,,Logging in again keeps your dashboard and settings.,重新登录会保留你的仪表盘和设置。,
ui_logo_url_or_ha_local_path_optional_e795f06,,Logo URL or HA/local path (optional),徽标 URL 或 HA/本地路径（可选）,
ui_logout_keep_config_32a0cfb,,Logout (Keep Config),注销（保留配置）,
ui_low_a124947,,Low,低,
ui_low_ba7cae2,,%1$s low,%1$s 个偏低,app fills in %1$s — keep them
ui_low_batteries_41d22d9,,%1$s low batteries,%1$s 个电量偏低的电池,app fills in %1$s — keep them
ui_low_plan_a_replacement_34435da,,Low — plan a replacement,低 — 请计划更换,
ui_low_threshold_1ecfd8b,,Low threshold (%),低电量阈值 (%),
ui_lunar_phase_301b75e,,Lunar phase,月相,
ui_mail_92379cb,,Mail,邮件,
ui_maintenance_94de303,,Maintenance,维护,
ui_manage_items_d854c4b,,Manage items,管理项目,
ui_manage_order_411f2d9,,Manage order,管理顺序,
ui_managed_by_an_admin_805ae65,,Managed by an admin,由管理员管理,
ui_manual_configuration_only_selected_entities_and_devices_ar_10e150b,,Manual configuration: only selected entities and devices are shown.,手动配置：仅显示所选实体和设备。,
ui_map_ab478f3,,Map,地图,
ui_map_c5cc79f,,Map: %1$s,地图：%1$s,app fills in %1$s — keep them
ui_map_camera_for_dialog_2bc4344,,Map camera (for dialog),地图摄像头（用于对话框）,
ui_map_status_sensors_and_control_bindings_8cc2dbd,,"Map, status sensors, and control bindings",地图、状态传感器和控件绑定,
ui_map_unavailable_0ccd149,,Map unavailable,地图不可用,
ui_markdown_23e67fc,,Markdown,Markdown,
ui_matching_entities_are_added_automatically_by_home_assistan_07ebdac,,Matching entities are added automatically by Home Assistant device class. Add any missing or custom entities here.,匹配的实体会根据 Home Assistant 的设备类别自动添加。如有遗漏或自定义实体，可在此处添加。,don't translate Home Assistant
ui_media_0c77aee,,Media,媒体,
ui_media_browsing_isn_t_available_for_this_player_e068417,,Media browsing isn't available for this player.,此播放器不支持媒体浏览。,
ui_media_library_b9c5845,,Media library,媒体库,
ui_media_players_a4b8cf2,,Media players,媒体播放器,
ui_media_players_ec25525,,Media Players,媒体播放器,
ui_messages_safety_and_portability_ee58dfe,,"Messages, safety, and portability",消息、安全性和可移植性,
ui_messages_sent_to_this_device_via_home_assistant_s_87e4a32,,Messages sent to this device via\nHome Assistant's notify service appear here.,通过 Home Assistant 的通知服务发送到此设备的\n消息会显示在这里。,don't translate Home Assistant; \n = line break
ui_meteorological_tap_or_swipe_3f3d67e,,Meteorological · tap or swipe,气象 · 点按或滑动,
ui_meter_readings_a3c12c4,,Meter readings,仪表读数,
ui_mixed_climate_5d22eb9,,Mixed climate,混合空调模式,
ui_mm_ce9b88b,,%1$s mm,%1$s 毫米,app fills in %1$s — keep them
ui_mmm_d_9367bcf,,"%1$s, MMM d",%1$s，MMM d,app fills in %1$s — keep them
ui_mode_a7b93d2,,Mode,模式,
ui_modes_6fc3ca8,,MODES,模式,
ui_modes_79f5b22,,Modes,模式,
ui_monitoring_a814345,,Monitoring,监控,
ui_moon_846b902,,Moon,月亮,
ui_move_down_260ff8a,,Move down,下移,
ui_move_up_b4f57cd,,Move up,上移,
ui_mozilla_public_license_2_0_mpl_2_0_4ec8335,,Mozilla Public License 2.0 (MPL-2.0),Mozilla Public License 2.0 (MPL-2.0),
ui_multiple_climate_values_are_averaged_separate_sensor_value_cfccbf4,,Multiple climate values are averaged. Separate sensor values are averaged only when no climate source is selected.,多个空调数值会取平均。仅在未选择空调来源时，才会对单独的传感器数值取平均。,
ui_mywifi_mywifi_5g_2a163c1,,"MyWiFi, MyWiFi-5G","MyWiFi, MyWiFi-5G",
ui_n_b51a607,,N,N,
ui_name_709a232,,Name,名称,
ui_name_a_z_257c1c4,,Name A-Z,名称 A-Z,
ui_name_and_icon_shown_above_this_container_9076bde,,Name and icon shown above this container,显示在此容器上方的名称和图标,
ui_name_and_icon_shown_above_this_floor_3755eda,,Name and icon shown above this floor,显示在此楼层上方的名称和图标,
ui_name_and_icon_used_throughout_the_app_bed8e83,,Name and icon used throughout the app,在整个应用中使用的名称和图标,
ui_name_optional_9c9f03a,,Name (optional),名称（可选）,
ui_name_subtitle_and_navigation_icon_3f2e8c4,,"Name, subtitle, and navigation icon",名称、副标题和导航图标,
ui_name_this_device_4d603e2,,Name this device,为此设备命名,
ui_name_width_and_icon_a4d694b,,"Name, width, and icon",名称、宽度和图标,
ui_name_z_a_daabfb6,,Name Z-A,名称 Z-A,
ui_native_home_assistant_automations_always_in_sync_ae8941e,,"Native Home Assistant automations, always in sync",原生 Home Assistant 自动化，始终保持同步,don't translate Home Assistant
ui_navigation_bar_e90e3de,,Navigation Bar,导航栏,
ui_network_routes_for_1d18efd,,Network routes for %1$s,%1$s 的网络路由,app fills in %1$s — keep them
ui_never_sent_to_the_developer_or_to_any_third_f0479e9,,"never sent to the developer or to any third party, and you can turn this ",绝不会发送给开发者或任何第三方，你可以随时在 Android 设置中将其,keep the space at the start/end
ui_never_triggered_c91b347,,Never triggered,从未触发,
ui_new_dashboard_4d3c071,,New Dashboard,新建仪表盘,
ui_new_floor_1389094,,New floor,新建楼层,
ui_new_flow_d4cef94,,New flow,新建流程,
ui_next_camera_14994be,,Next camera,下一个摄像头,
ui_no_active_parcels_or_mail_6c9d49c,,No active parcels or mail.,没有正在处理的包裹或邮件。,
ui_no_activity_in_this_period_5cb3978,,No activity in this period,此时间段内无活动,
ui_no_adaptive_lighting_profiles_are_currently_available_6d29642,,No Adaptive Lighting profiles are currently available.,目前没有可用的自适应照明配置文件。,
ui_no_air_purifiers_configured_add_fan_entities_under_climate_fd229a8,,No air purifiers configured. Add fan entities under Climate Settings → Climate Entities → Air purifiers.,未配置空气净化器。请在空调设置 → 空调实体 → 空气净化器中添加风扇实体。,
ui_no_alarm_585ad82,,No alarm,无警报,
ui_no_announced_letters_4382408,,No announced letters.,没有预告的信件。,
ui_no_archived_notifications_ed5604b,,No archived notifications,没有已归档的通知,
ui_no_battery_entities_found_turn_off_battery_filtering_to_dfbc403,,No Battery+ entities found. Turn off Battery+ filtering to show all battery sensors.,未找到 Battery+ 实体。请关闭 Battery+ 筛选以显示所有电池传感器。,
ui_no_battery_sensors_found_7cc0962,,No battery sensors found.,未找到电池传感器。,
ui_no_camera_selected_717ad35,,No camera selected,未选择摄像头,
ui_no_carbon_intensity_sensor_found_on_this_device_140bf09,,No carbon intensity sensor found on this device,此设备上未找到碳强度传感器,
ui_no_cards_yet_open_the_stack_settings_to_pick_021dada,,No cards yet — open the stack settings to pick energy cards.,尚无卡片 — 打开堆叠设置以选择能源卡片。,
ui_no_cards_yet_open_the_stack_settings_to_pick_ca8008f,,No cards yet — open the stack settings to pick climate cards.,尚无卡片 — 打开堆叠设置以选择空调卡片。,
ui_no_climate_data_37d45e0,,No climate data,无空调数据,
ui_no_climate_devices_found_thermostats_and_ac_units_from_2e47541,,No climate devices found. Thermostats and AC units from Home Assistant appear here automatically.,未找到空调设备。Home Assistant 中的恒温器和空调设备会自动显示在此处。,don't translate Home Assistant
ui_no_collections_in_the_next_7_days_6d48bf4,,No collections in the next 7 days.,未来 7 天内没有收集安排。,
ui_no_conditions_this_flow_always_continues_c95e76f,,No conditions — this flow always continues,无条件 — 此流程始终继续执行,
ui_no_dashboards_have_been_shared_with_you_yet_ask_38b2c0d,,"No dashboards have been shared with you yet. Ask an admin to share one, or pick another option above.",目前还没有仪表盘与你共享。请让管理员共享一个，或在上方选择其他选项。,
ui_no_dashboards_have_been_shared_with_you_yet_ask_877080a,,No dashboards have been shared with you yet. Ask an admin to share one.,目前还没有仪表盘与你共享。请让管理员共享一个。,
ui_no_data_d802d23,,No data,无数据,
ui_no_door_sensor_f6b60c8,,No door sensor,无门传感器,
ui_no_energy_sensors_found_eeecdec,,No energy sensors found.,未找到能源传感器。,
ui_no_events_e339ba7,,No events,无事件,
ui_no_fans_found_fan_entities_from_home_assistant_appear_279dab7,,No fans found. Fan entities from Home Assistant appear here automatically.,未找到风扇。Home Assistant 中的风扇实体会自动显示在此处。,don't translate Home Assistant
ui_no_forecast_available_ed48809,,No forecast available,无可用预报,
ui_no_graphs_yet_open_the_stack_settings_to_add_87f742f,,No graphs yet — open the stack settings to add sensor graphs.,尚无图表 — 打开堆叠设置以添加传感器图表。,
ui_no_heading_162947f,,No heading,无标题,
ui_no_hourly_forecast_available_9ef5a5f,,No hourly forecast available,无可用的每小时预报,
ui_no_humidifiers_found_humidifier_entities_from_home_assista_eeadbd7,,No humidifiers found. Humidifier entities from Home Assistant appear here automatically; extras can be added in Climate Settings.,未找到加湿器。Home Assistant 中的加湿器实体会自动显示在此处；也可以在空调设置中添加额外实体。,don't translate Home Assistant
ui_no_individual_water_devices_configured_d0060ba,,No individual water devices configured.,未配置单独的用水设备。,
ui_no_letter_image_available_eeb42c0,,No letter image available,无可用的信件图片,
ui_no_map_camera_configured_d72057b,,No map camera\nconfigured,未配置\n地图摄像头,\n = line break
ui_no_map_camera_set_configure_in_button_settings_b54466c,,No map camera set.\nConfigure in button settings.,未设置地图摄像头。\n请在按钮设置中配置。,\n = line break
ui_no_matches_cd0af6c,,No matches,无匹配项,
ui_no_matching_automations_4489522,,No matching automations,无匹配的自动化,
ui_no_media_players_found_1248a89,,No media players found.,未找到媒体播放器。,
ui_no_native_home_assistant_automations_found_725a043,,No native Home Assistant automations found,未找到原生 Home Assistant 自动化,don't translate Home Assistant
ui_no_non_admin_users_found_on_this_home_assistant_e9e665d,,No non-admin users found on this Home Assistant.,此 Home Assistant 上未找到非管理员用户。,don't translate Home Assistant
ui_no_notifications_a72159d,,No Notifications,无通知,
ui_no_notifications_b08626f,,No notifications,无通知,
ui_no_options_available_7a19b6d,,No options available,无可用选项,
ui_no_other_entities_on_this_device_fbc481b,,No other entities on this device.,此设备上没有其他实体。,
ui_no_other_users_found_on_this_home_assistant_cb89d3d,,No other users found on this Home Assistant.,此 Home Assistant 上未找到其他用户。,don't translate Home Assistant
ui_no_parcel_selected_922a402,,No parcel selected,未选择包裹,
ui_no_parcels_cf4c0a0,,No %1$s parcels.,没有%1$s包裹。,app fills in %1$s — keep them
ui_no_phase_sensors_configured_in_energy_settings_b88c1dc,,No phase sensors configured in Energy Settings.,能源设置中未配置相位传感器。,
ui_no_power_sensors_found_caf2e07,,No power sensors found.,未找到功率传感器。,
ui_no_power_sensors_found_on_this_device_or_its_942e9be,,No power sensors found on this device (or its sub-devices) yet.,此设备（或其子设备）上尚未找到功率传感器。,
ui_no_profile_available_98d6e00,,No profile available,无可用配置文件,
ui_no_sensors_found_edacf22,,No %1$s sensors found.,未找到%1$s传感器。,app fills in %1$s — keep them
ui_no_sensors_selected_open_the_widget_settings_in_edit_cd87a2e,,No sensors selected — open the widget settings in edit mode.,未选择传感器 — 请在编辑模式下打开小组件设置。,
ui_no_servers_found_yet_make_sure_you_re_on_7e6832d,,"No servers found yet. Make sure you're on the same Wi-Fi, or enter the address below.",尚未找到服务器。请确保处于同一 Wi-Fi 网络，或在下方输入地址。,
ui_no_speed_control_linked_cb0e9ad,,No speed control linked,未关联速度控制,
ui_no_status_history_enable_parcel_history_in_the_integration_302ca4a,,No status history (enable parcel history in the integration options),无状态历史（请在集成选项中启用包裹历史记录）,
ui_no_stream_available_0535c4e,,No stream available,无可用视频流,
ui_no_stream_available_6bfd14a,,No Stream Available,无可用视频流,
ui_no_supported_alarm_modes_reported_by_this_entity_588b22a,,No supported alarm modes reported by this entity,此实体未报告支持的警报模式,
ui_no_target_f919b89,,No target,无目标,
ui_no_tariff_sensors_configured_in_energy_settings_2ad6a3c,,No tariff sensors configured in Energy Settings.,能源设置中未配置电价传感器。,
ui_no_thanks_6d745b3,,No thanks,不用了，谢谢,
ui_no_upcoming_collections_feff2a6,,No upcoming collections,没有即将到来的收集安排,
ui_no_waste_sensors_selected_68b51ce,,No waste sensors selected,未选择垃圾传感器,
ui_no_waste_sensors_selected_add_them_via_the_widget_554ff3d,,No waste sensors selected. Add them via the widget settings in edit mode.,未选择垃圾传感器。请在编辑模式下通过小组件设置添加。,
ui_no_weather_cards_ce32255,,No weather cards,无天气卡片,
ui_no_weather_entity_available_7476bcb,,No weather entity available,无可用的天气实体,
ui_no_widgets_match_73a3c20,,"No widgets match ""%1$s""",没有小组件与“%1$s”匹配,app fills in %1$s — keep them
ui_none_6eef664,,None,无,
ui_none_auto_cc8786f,,None / Auto,无 / 自动,
ui_none_modes_stay_as_the_only_control_b62bff7,,None — modes stay as the only control,无 — 模式仍为唯一控制方式,
ui_none_of_your_configured_carriers_support_adding_a_parcel_21dc0a4,,"None of your configured carriers support adding a parcel by tracking number. Account-based carriers (PostNL, DPD, DHL) only track what's already in your account.",你配置的承运商均不支持通过运单号添加包裹。基于账户的承运商（PostNL、DPD、DHL）仅追踪账户中已有的内容。,
ui_none_selected_5798946,,None selected,未选择任何项,
ui_none_timer_follows_the_completion_time_only_09d470a,,None — timer follows the completion time only,无 — 计时器仅遵循完成时间,
ui_not_enough_data_cdb9d58,,Not enough data,数据不足,
ui_not_enough_data_in_this_period_48188c4,,Not enough data in this period,此时间段内数据不足,
ui_not_loaded_by_home_assistant_95f811a,,Not loaded by Home Assistant,Home Assistant 未加载,don't translate Home Assistant
ui_not_set_93039e6,,Not set,未设置,
ui_nothing_here_7f42022,,Nothing here.,这里空空如也。,
ui_nothing_hidden_fd1cdd3,,Nothing hidden,没有隐藏项,
ui_nothing_is_shared_yet_fca61d0,,Nothing is shared yet.,尚未共享任何内容。,
ui_nothing_removed_d67902f,,Nothing removed.,未移除任何内容。,
ui_nothing_removed_use_edit_mode_on_the_climate_page_dd07910,,Nothing removed. Use edit mode on the Climate page to remove cards; they land here and can be restored.,未移除任何内容。在空调页面使用编辑模式移除卡片；移除的卡片会显示在此处，可随时恢复。,
ui_nothing_to_reorder_yet_cdcbb36,,Nothing to reorder yet.,暂无可重新排序的内容。,
ui_notification_c18f8f2,,Notification,通知,
ui_notifications_753a22b,,Notifications,通知,
ui_notifications_are_delivered_over_the_app_s_live_connection_d2aa965,,Notifications are delivered over the app's live connection whenever it is open — send them from Home Assistant with the notify service for this device. Swipe in from the left edge to see the history.,通知会在应用打开时通过应用的实时连接送达 — 请从 Home Assistant 使用此设备的通知服务发送。从左侧边缘滑入即可查看历史记录。,don't translate Home Assistant
ui_now_e3b8204,,Now,现在,
ui_of_3_enabled_5cdedd4,,%1$s of 3 enabled,已启用 %1$s / 3,app fills in %1$s — keep them
ui_of_home_fdfd824,,%1$s%% of home,占家庭用量 %1$s%%,app fills in %1$s — keep them
ui_off_ad50489,,OFF,关闭,
ui_off_at_any_time_in_android_settings_4607e2c,,off at any time in Android settings.,关闭。,
ui_off_e3de5ab,,Off,关闭,
ui_ok_9ce3bd4,,OK,确定,
ui_on_12469c7,,On - %1$s%%,开启 - %1$s%%,app fills in %1$s — keep them
ui_on_387d7a5,,ON,开启,
ui_on_e0049a6,,On,开启,
ui_on_f9ca2fe,,%1$s%% • ON,%1$s%% · 开启,app fills in %1$s — keep them
ui_on_these_wi_fi_networks_the_app_connects_via_82d3f1f,,On these Wi-Fi networks the app connects via the internal URL; everywhere else it uses the main server URL above.,在这些 Wi-Fi 网络下，应用会通过内部 URL 连接；在其他任何地方则使用上方的主服务器 URL。,
ui_on_this_device_a7f9620,,On this device,在此设备上,
ui_onboard_step_fefaac1,,onboard_step,onboard_step,
ui_only_percentage_sensors_classified_by_home_assistant_as_ba_0d94a2a,,Only percentage sensors classified by Home Assistant as batteries are imported. ,仅导入被 Home Assistant 分类为电池的百分比传感器。,don't translate Home Assistant; keep the space at the start/end
ui_only_show_battery_entities_and_include_battery_type_detail_b216867,,Only show Battery+ entities and include battery type details,仅显示 Battery+ 实体，并包含电池类型详情,
ui_only_show_battery_entities_and_include_type_quantity_and_0d8ce40,,"Only show Battery+ entities and include type, quantity, and related battery info.",仅显示 Battery+ 实体，并包含类型、数量和相关电池信息。,
ui_open_camera_full_screen_afc186b,,Open camera full screen,全屏打开摄像头,
ui_open_cf9b770,,Open,打开,
ui_open_history_for_graph_ae801d5,,Open history for graph,打开图表历史记录,
ui_open_link_d2de1a2,,Open link,打开链接,
ui_open_source_and_premium_licensing_0328125,,Open-source and premium licensing,开源与高级版许可,
ui_open_the_component_on_github_c1e5ee5,,Open the component on GitHub,在 GitHub 上打开该组件,
ui_open_this_panel_by_swiping_left_from_the_upper_671e63c,,Open this panel by swiping left from the upper-right edge of any page header.,从任意页面标题栏右上角向左滑动即可打开此面板。,
ui_opening_dashboard_8e99930,,Opening dashboard…,正在打开仪表盘…,
ui_openstreetmap_fa78a33,,OpenStreetMap,OpenStreetMap,
ui_optional_context_shown_by_the_lock_card_03f6814,,Optional context shown by the lock card,锁卡片显示的可选背景信息,
ui_optional_controls_and_sensors_for_richer_dialogs_7a80e7b,,Optional controls and sensors for richer dialogs,用于丰富对话框内容的可选控件和传感器,
ui_optional_display_name_and_icon_override_f7a6cda,,Optional display name and icon override,可选的显示名称和图标覆盖,
ui_optional_fields_passed_to_home_assistant_54dffc6,,Optional fields passed to Home Assistant,传递给 Home Assistant 的可选字段,don't translate Home Assistant
ui_optional_label_shown_when_name_is_enabled_above_8229e92,,"Optional label shown when ""Name"" is enabled above",启用上方“名称”时显示的可选标签,
ui_optional_name_and_icon_overrides_5dfd062,,Optional name and icon overrides,可选的名称和图标覆盖,
ui_optional_name_and_icon_shown_above_this_stack_272f237,,Optional name and icon shown above this stack,显示在此堆叠上方的可选名称和图标,
ui_optional_premium_5ae8183,,Optional Premium,可选高级版,
ui_optional_support_for_development_and_testing_costs_5d6af95,,Optional support for development and testing costs,可选支持，用于开发和测试成本,
ui_optional_title_and_dashboard_width_e04c6e8,,Optional title and dashboard width,可选的标题和仪表盘宽度,
ui_optional_title_width_and_supported_shape_8b2e456,,"Optional title, width, and supported shape",可选的标题、宽度和支持的形状,
ui_options_6bf5da9,,Options,选项,
ui_organization_519255a,,Organization,组织,
ui_oscillate_3d3c9bd,,Oscillate,摆动,
ui_outside_cbbef8c,,OUTSIDE,室外,
ui_outside_is_never_auto_detected_either_link_a_weather_eb8cc14,,"Outside is never auto-detected. Either link a weather entity (it usually carries temperature, humidity and pressure) or pick individual outdoor sensors below. The temperature feeds the Outside tile and the hero's outside reading.",室外数据不会自动检测。请关联一个天气实体（通常带有温度、湿度和气压），或在下方选择单独的室外传感器。该温度将用于室外磁贴和主界面的室外读数。,
ui_outside_weather_entity_98e8465,,Outside weather entity,室外天气实体,
ui_page_areas_1068b64,,Page areas,页面区域,
ui_page_icon_b58a288,,Page icon,页面图标,
ui_page_identity_dafa8dd,,Page identity,页面身份,
ui_page_name_c99f51a,,Page name,页面名称,
ui_page_settings_0a44afc,,Page settings,页面设置,
ui_page_subtitle_8a04084,,Page subtitle,页面副标题,
ui_parcel_9ddaaee,,Parcel,包裹,
ui_parcels_16129ec,,Parcels,包裹,
ui_parental_controls_c4f61d0,,Parental controls,家长控制,
ui_parental_controls_dashboard_sharing_and_permissions_b74e0c0,,"Parental controls, dashboard sharing, and permissions",家长控制、仪表盘共享和权限,
ui_parental_controls_sharing_needs_the_hki_7_cloud_component_7929459,,Parental controls & sharing — needs the HKI 7 Cloud component,家长控制和共享 — 需要 HKI 7 Cloud 组件,don't translate HKI 7 Cloud
ui_pause_781961b,,Pause,暂停,
ui_pause_adaptation_821b33e,,Pause adaptation,暂停自适应,
ui_pending_timer_dbf15fa,,Pending timer,待处理计时器,
ui_people_b37554f,,People,成员,
ui_permission_needed_7c7a8e5,,Permission needed,需要权限,
ui_permissions_d06d555,,Permissions,权限,
ui_person_settings_977e009,,Person settings,成员设置,
ui_personal_information_used_throughout_hki_7_b7d1b08,,Personal information used throughout HKI 7,在整个 HKI 7 中使用的个人信息,don't translate HKI 7
ui_personalize_7602b35,,Personalize,个性化设置,
ui_persons_order_9fe91dc,,Persons order,成员顺序,
ui_phase_17619b8,,Phase %1$s,相位 %1$s,app fills in %1$s — keep them
ui_pick_a_carbon_footprint_device_ea1fe94,,Pick a carbon footprint device,选择碳足迹设备,
ui_pick_a_device_to_auto_fill_the_sensors_below_f396326,,Pick a device to auto-fill the sensors below,选择一个设备以自动填充下方传感器,
ui_pick_a_source_device_or_fine_tune_individual_roles_beb54f5,,Pick a source device or fine-tune individual roles,选择一个来源设备或微调各个角色,
ui_pick_a_starting_point_everything_remains_editable_340924e,,Pick a starting point; everything remains editable,选择一个起点；所有内容都可编辑,
ui_pickup_b6da461,,Pickup: %1$s,取件：%1$s,app fills in %1$s — keep them
ui_pin_3adadd3,,PIN,PIN 码,
ui_place_this_room_in_the_correct_floor_group_52c044a,,Place this room in the correct floor group,将此房间放置在正确的楼层分组中,
ui_placement_ab89d05,,Placement,位置,
ui_playback_c8e3087,,Playback,播放,
ui_player_e53407c,,Player,播放器,
ui_players_summarized_by_the_room_header_and_card_729ea70,,Players summarized by the room header and card,房间标题和卡片汇总的播放器,
ui_please_wait_5afeca7,,Please wait…,请稍候…,
ui_position_d0b0314,,POSITION,位置,
ui_postal_code_optional_b86b6a2,,Postal code (optional),邮政编码（可选）,
ui_power_c2b6b52,,POWER,功率,
ui_power_overview_a204dd7,,Power overview,功率概览,
ui_power_per_phase_1f38fb0,,Power per phase,各相位功率,
ui_precipitation_60d5e73,,Precipitation,降水量,
ui_premium_icon_packs_animated_icons_and_artwork_premium_them_6363fef,,"Premium icon packs, animated icons and artwork, premium themes, entitlement services, and any separately marked premium modules are not covered by MPL-2.0. They remain proprietary and are licensed for personal use through a valid Premium entitlement.",高级图标包、动态图标与美术素材、高级主题、权益服务，以及任何单独标注的高级模块均不受 MPL-2.0 覆盖。它们仍为专有内容，仅在拥有有效高级版权益时授权个人使用。,
ui_presets_6891289,,PRESETS,预设,
ui_presets_e709e76,,Presets,预设,
ui_press_ea683ad,,Press,按下,
ui_prevents_android_from_delaying_battery_charging_and_presen_623b898,,"Prevents Android from delaying battery, charging, and presence updates while the device is idle.",防止 Android 在设备空闲时延迟电池、充电和存在状态更新。,
ui_previous_camera_5014da7,,Previous camera,上一个摄像头,
ui_produced_5028c07,,Produced %1$s,已产生 %1$s,app fills in %1$s — keep them
ui_production_overview_fbbfc38,,Production overview,产出概览,
ui_profile_ff4fc02,,Profile,配置文件,
ui_profile_switches_affect_every_light_assigned_to_19ba9ec,,Profile switches affect every light assigned to %1$s.,配置文件切换会影响分配给 %1$s 的所有灯光。,app fills in %1$s — keep them
ui_profiles_0c2a930,,Profiles,配置文件,
ui_project_information_licensing_and_community_support_9fc47d6,,"Project information, licensing, and community support",项目信息、许可和社区支持,
ui_publish_one_of_your_dashboards_to_your_family_recipients_88c1d49,,Publish one of your dashboards to your family. Recipients import it from Settings › Dashboard and can pull updates later. Set what they may change under Permissions.,将你的某个仪表盘发布给家庭成员。接收者可从设置 › 仪表盘导入，之后还可以获取更新。可在“权限”中设置他们可修改的内容。,
ui_published_to_your_family_33fc8da,,Published to your family,已发布给你的家庭,
ui_pulse_8439fc4,,pulse,pulse,
ui_pulsescale_939f5c2,,pulseScale,pulseScale,
ui_push_delivery_and_history_aa3e29d,,Push delivery and history,推送投递和历史记录,
ui_push_my_changes_now_ddff3f6,,Push my changes now,立即推送我的更改,
ui_pushing_3c52088,,Pushing…,正在推送…,
ui_quick_actions_e47e804,,Quick actions,快捷操作,
ui_quick_start_gesture_23ee6fe,,quick_start_gesture,quick_start_gesture,
ui_rain_0a858c9,,Rain,降雨,
ui_rain_map_7c1862a,,Rain map,降雨地图,
ui_rain_map_image_url_0c47012,,Rain map image URL,降雨地图图片 URL,
ui_rain_map_url_iframe_3f22653,,Rain map URL (iframe),降雨地图 URL（iframe）,
ui_re_import_batteries_9473d07,,Re-import batteries,重新导入电池,
ui_re_import_batteries_f3b8458,,Re-import Batteries,重新导入电池,
ui_re_import_climate_3ed098c,,Re-import climate,重新导入空调,
ui_re_import_climate_f7f5678,,Re-import Climate,重新导入空调,
ui_re_import_energy_9e66bbb,,Re-import Energy,重新导入能源,
ui_re_import_energy_c0b0fcc,,Re-import energy,重新导入能源,
ui_re_import_rooms_6cc58f9,,Re-import rooms,重新导入房间,
ui_re_import_rooms_b49077d,,Re-import Rooms,重新导入房间,
ui_re_import_security_411e76d,,Re-import Security,重新导入安防,
ui_re_import_security_fcf0ad8,,Re-import security,重新导入安防,
ui_read_only_home_assistant_automation_46d25b7,,Read-only Home Assistant automation,只读 Home Assistant 自动化,don't translate Home Assistant
ui_read_the_full_mpl_2_0_4d68c7d,,Read the full MPL 2.0,阅读完整的 MPL 2.0,
ui_ready_20c7c55,,Ready,就绪,
ui_receive_home_assistant_alerts_and_actionable_notifications_386435f,,Receive Home Assistant alerts and actionable notifications on this device.,在此设备上接收 Home Assistant 警报和可操作通知。,don't translate Home Assistant
ui_recipes_create_regular_home_assistant_automations_you_can_a81bf72,,Recipes create regular Home Assistant automations. You can continue editing them in either HKI7 or Home Assistant.,配方会创建常规的 Home Assistant 自动化。你可以在 HKI7 或 Home Assistant 中继续编辑它们。,"don't translate Home Assistant, HKI7"
ui_recommended_e37d21e,,RECOMMENDED,推荐,
ui_recording_09b5b61,,Recording · ,录制中 · ,keep the space at the start/end
ui_refresh_56e3bad,,Refresh,刷新,
ui_refresh_connection_46966aa,,Refresh Connection,刷新连接,
ui_refresh_interval_f086d9d,,Refresh interval,刷新间隔,
ui_relock_after_4db5c55,,Relock after,自动重新上锁时间,
ui_remote_access_is_ready_0e26b5a,,Remote access is ready.,远程访问已就绪。,
ui_remote_access_optional_75dd54d,,Remote access (optional),远程访问（可选）,
ui_remove_436e1a0,,Remove %1$s?,移除 %1$s？,app fills in %1$s — keep them
ui_remove_avatar_58e0c56,,Remove avatar,移除头像,
ui_remove_e963907,,Remove,移除,
ui_remove_edits_and_import_all_7f0b4a1,,Remove edits and import all,移除编辑并导入全部,
ui_removed_entities_559c584,,Removed entities (%1$s),已移除的实体 (%1$s),app fills in %1$s — keep them
ui_removed_entities_6dbeb2d,,Removed entities,已移除的实体,
ui_removed_entities_are_excluded_from_cards_graphs_tiles_and_628e91a,,"Removed entities are excluded from cards, graphs, tiles and averages. Tap ✕ to restore.",已移除的实体不会显示在卡片、图表、磁贴和平均值中。点击 ✕ 可恢复。,
ui_rename_d3f4cb8,,Rename,重命名,
ui_rename_dashboard_ceb1d6d,,Rename dashboard,重命名仪表盘,
ui_rename_home_assistant_f1a0d6f,,Rename Home Assistant,重命名 Home Assistant,don't translate Home Assistant
ui_rename_players_and_choose_which_ones_may_show_the_212864f,,Rename players and choose which ones may show the mini player above the navigation bar while playing.,重命名播放器，并选择哪些播放器在播放时可在导航栏上方显示迷你播放器。,
ui_rename_players_and_mini_player_visibility_8d0e1f7,,Rename players and mini player visibility,重命名播放器和迷你播放器可见性,
ui_rendering_style_and_history_range_be872e9,,Rendering style and history range,渲染样式和历史记录范围,
ui_reorder_and_hide_tabs_39de701,,Reorder and hide tabs,重新排序和隐藏标签页,
ui_reorder_cameras_b226c47,,Reorder cameras,重新排序摄像头,
ui_reorder_cards_147ed64,,Reorder cards,重新排序卡片,
ui_reorder_devices_8bcc061,,Reorder devices,重新排序设备,
ui_repeat_659eba1,,Repeat,重复,
ui_repeats_every_day_only_the_time_of_day_is_a71f502,,Repeats every day — only the time of day is used.,每天重复 — 仅使用当天的时间。,
ui_repeats_every_month_only_the_day_of_the_month_93ca445,,Repeats every month — only the day of the month and time are used.,每月重复 — 仅使用当月日期和时间。,
ui_repeats_every_week_only_the_weekday_and_time_are_8f36757,,Repeats every week — only the weekday and time are used.,每周重复 — 仅使用星期几和时间。,
ui_repeats_every_year_the_year_is_ignored_so_e_a661f32,,"Repeats every year — the year is ignored, so e.g. 24–26 Dec recurs each Christmas.",每年重复 — 忽略年份，例如 12 月 24-26 日会在每年圣诞节重复。,
ui_require_an_extra_gesture_or_pin_before_actions_run_19ae393,,Require an extra gesture or PIN before actions run,执行操作前需要额外的手势或 PIN 码,
ui_required_9100e2e,, (required),（必填）,keep the space at the start/end
ui_required_state_bdc9c95,,Required state,所需状态,
ui_reset_44c57ab,,Reset,重置,
ui_reset_everything_2d6cd07,,Reset Everything,重置所有内容,
ui_restart_b134bd5,,Restart,重启,
ui_restart_home_assistant_0206bf0,,Restart Home Assistant?,重启 Home Assistant？,don't translate Home Assistant
ui_restart_home_assistant_551322c,,Restart Home Assistant,重启 Home Assistant,don't translate Home Assistant
ui_restarting_b86eee1,,Restarting…,正在重启…,
ui_restore_3cbe6d6,,Restore,恢复,
ui_restore_backup_a65eaa8,,Restore backup,恢复备份,
ui_restore_from_cloud_52b6663,,Restore from cloud,从云端恢复,
ui_restore_from_home_assistant_13aec1d,,Restore from Home Assistant,从 Home Assistant 恢复,don't translate Home Assistant
ui_resume_adaptation_ac73b12,,Resume adaptation,恢复自适应,
ui_resume_b3bd0b5,,Resume,恢复,
ui_reverse_57f9933,,Reverse,反转,
ui_right_954daa8,,Right,右,
ui_right_side_overflows_left_d75893d,,Right side overflows left,右侧内容溢出到左侧,
ui_room_areas_584c8ee,,Room areas,房间区域,
ui_room_climate_c57811d,,Room climate,房间空调,
ui_room_name_8605e33,,Room name,房间名称,
ui_room_scale_6602c22,,room-scale,room-scale,
ui_rooms_3a28d6f,,Rooms,房间,
ui_rooms_are_imported_2ef3415,,Rooms are imported,房间已导入,
ui_rooms_in_auto_mode_are_imported_from_home_assistant_c583d84,,Rooms in auto mode are imported from Home Assistant. Switch to manual or take over the current dashboard to add widgets by hand.,自动模式下的房间从 Home Assistant 导入。请切换为手动模式或接管当前仪表盘以手动添加小组件。,don't translate Home Assistant
ui_rotation_acaf322,,rotation,rotation,
ui_roundness_of_buttons_cards_and_widgets_3573fff,,"Roundness of buttons, cards and widgets",按钮、卡片和小组件的圆角程度,
ui_run_b1b3926,,Run,运行,
ui_run_mode_12ce660,,Run mode,运行模式,
ui_running_state_entity_3c8ffde,,Running-state entity,运行状态实体,
ui_s_02aa629,,S,S,
ui_s_are_81c69ca,,s are,个,
ui_s_refresh_10a9b0b,,%1$ss refresh,%1$s 秒刷新,app fills in %1$s — keep them
ui_save_efc007a,,Save,保存,
ui_save_in_home_assistant_eacb2ce,,Save in Home Assistant,保存到 Home Assistant,don't translate Home Assistant
ui_save_local_network_7f0247d,,Save Local Network,保存本地网络,
ui_save_or_restore_dashboard_configuration_be8f39f,,Save or restore dashboard configuration,保存或恢复仪表盘配置,
ui_save_profile_f597c0e,,Save profile,保存配置文件,
ui_save_remote_access_05740bc,,Save Remote Access,保存远程访问,
ui_saved_directly_in_the_native_automation_734f9ba,,Saved directly in the native automation,直接保存在原生自动化中,
ui_saving_56a2285,,Saving…,正在保存…,
ui_scanning_36c4a06,,Scanning…,正在扫描…,
ui_scheduled_1cd1bda,,Scheduled,已安排,
ui_search_actions_9313854,,Search actions,搜索操作,
ui_search_automations_9172ba9,,Search automations,搜索自动化,
ui_search_batteries_a63e58b,,Search batteries,搜索电池,
ui_search_bce0641,,Search,搜索,
ui_search_by_name_28abc03,,Search by name,按名称搜索,
ui_search_devices_2ce0b70,,Search devices,搜索设备,
ui_search_entities_7c70008,,Search entities,搜索实体,
ui_search_f54fbca,,Search…,搜索…,
ui_search_filters_3d10e32,,Search & filters,搜索和筛选,
ui_search_sort_9fe6cb4,,Search & sort,搜索和排序,
ui_search_the_material_design_icon_library_2a2aa8d,,Search the Material Design icon library,搜索 Material Design 图标库,
ui_search_widgets_9525879,,Search widgets,搜索小组件,
ui_season_62255f5,,Season,季节,
ui_season_card_flip_6683142,,season-card-flip,season-card-flip,
ui_secondary_line_ca81690,,Secondary line,副行,
ui_seconds_5fb1db5,,Seconds,秒,
ui_securitydoor_929c4fc,,securityDoor,securityDoor,
ui_securitygarage_499e9f7,,securityGarage,securityGarage,
ui_securitygate_0743480,,securityGate,securityGate,
ui_securityhouse_08bd121,,securityHouse,securityHouse,
ui_securityphase_f4739f6,,securityPhase,securityPhase,
ui_securitypulse_5340cf8,,securityPulse,securityPulse,
ui_securitywindow_4619bf3,,securityWindow,securityWindow,
ui_select_0fc8ec5,,Select %1$s,选择 %1$s,app fills in %1$s — keep them
ui_select_a_mode_to_continue_0426fc8,,Select a mode to continue,选择一个模式以继续,
ui_select_an_effect_to_turn_it_on_75d9bec,,Select an effect to turn it on,选择一个效果以将其开启,
ui_select_an_inverter_device_in_energy_settings_solar_to_4a0aade,,Select an inverter device in Energy Settings → Solar to list its inverters here.,在能源设置 → 太阳能中选择一个逆变器设备，以在此处列出其逆变器。,
ui_select_an_option_08d7aa3,,Select an option,选择一个选项,
ui_select_battery_devices_bfc9841,,Select Battery Devices,选择电池设备,
ui_select_battery_entities_b08b299,,Select Battery Entities,选择电池实体,
ui_select_battery_sensor_51f1222,,Select Battery Sensor,选择电池传感器,
ui_select_calendars_and_the_view_shown_first_d5c38b5,,Select calendars and the view shown first,选择日历和首先显示的视图,
ui_select_calendars_e26b0da,,Select Calendars,选择日历,
ui_select_camera_70cf6fb,,Select Camera,选择摄像头,
ui_select_climate_card_18f3b6e,,Select Climate Card,选择空调卡片,
ui_select_device_87a4751,,Select Device,选择设备,
ui_select_door_sensor_f345fbf,,Select Door Sensor,选择门传感器,
ui_select_empty_bin_control_d992252,,Select Empty Bin Control,选择清空垃圾桶控件,
ui_select_energy_card_9b5bf0c,,Select Energy Card,选择能源卡片,
ui_select_entities_affed45,,Select Entities,选择实体,
ui_select_entity_4b3713e,,Select Entity,选择实体,
ui_select_forecast_entities_f0ec511,,Select Forecast Entities,选择预报实体,
ui_select_humidity_sensor_8192d0e,,Select Humidity Sensor,选择湿度传感器,
ui_select_map_camera_d5ae262,,Select Map Camera,选择地图摄像头,
ui_select_media_player_73f4f5b,,Select Media Player,选择媒体播放器,
ui_select_media_players_e0da90e,,Select Media Players,选择媒体播放器,
ui_select_outside_3593063,,Select outside %1$s,选择室外 %1$s,app fills in %1$s — keep them
ui_select_running_state_entity_136482a,,Select running-state entity,选择运行状态实体,
ui_select_sensor_2564e1a,,Select Sensor,选择传感器,
ui_select_sensors_5141d75,,Select Sensors,选择传感器,
ui_select_speed_control_20f7efa,,Select speed control,选择速度控制,
ui_select_target_entity_654e6ac,,Select Target Entity,选择目标实体,
ui_select_temperature_sensor_821f54c,,Select Temperature Sensor,选择温度传感器,
ui_select_the_alarm_panels_summarized_by_this_pill_f9b23e6,,Select the alarm panels summarized by this pill,选择此胶囊汇总的警报面板,
ui_select_to_auto_detect_map_battery_and_controls_72bc9d7,,"Select to auto-detect map, battery and controls",选择以自动检测地图、电池和控件,
ui_select_to_auto_fill_helper_entities_below_84a8833,,Select to auto-fill helper entities below,选择以自动填充下方的辅助实体,
ui_select_vacuum_4663021,,Select Vacuum,选择扫地机器人,
ui_select_vacuum_entity_dbda6f4,,Select Vacuum Entity,选择扫地机器人实体,
ui_select_vacuums_7c2d22a,,Select Vacuums,选择扫地机器人,
ui_select_waste_sensors_6006d5f,,Select Waste Sensors,选择垃圾传感器,
ui_select_water_level_562845a,,Select Water Level,选择水位,
ui_select_weather_2357e9d,,Select Weather,选择天气,
ui_select_weather_entity_d489986,,Select Weather Entity,选择天气实体,
ui_select_week_calendar_640f382,,Select Week Calendar,选择周历,
ui_selected_61ed328,,%1$s selected,已选择 %1$s,app fills in %1$s — keep them
ui_selected_b82aaa5,,%1$s · Selected,%1$s · 已选择,app fills in %1$s — keep them
ui_selected_for_this_card_3c4a588,,%1$s selected for this card,已为此卡片选择 %1$s,app fills in %1$s — keep them
ui_sensor_620ec21,,%1$s sensor%2$s,%1$s 个传感器%2$s,app fills in %1$s %2$s — keep them
ui_sensor_efb9fbf,,SENSOR,传感器,
ui_sensor_graphs_5eb3573,,Sensor Graphs,传感器图表,
ui_sensor_picture_c3a0ed2,,Sensor picture,传感器图片,
ui_sensors_711bf35,,Sensors,传感器,
ui_sensors_and_an_optional_week_calendar_399bad3,,Sensors and an optional week calendar,传感器和可选的周历,
ui_sensors_are_found_automatically_by_device_class_add_sensor_150bab5,,%1$s sensors are found automatically by device class; add sensors missing that class here.,%1$s 传感器会根据设备类别自动发现；如缺少该类别的传感器，可在此处添加。,app fills in %1$s — keep them
ui_separate_commercial_content_0408620,,Separate commercial content,独立的商业内容,
ui_server_url_1d5d1ef,,Server URL,服务器 URL,
ui_services_data_7864c0a,,Services & data,服务和数据,
ui_session_f7f1997,,Session,会话,
ui_set_448ab73,,Set,设置,
ui_set_a_rain_map_image_url_in_this_widget_03729b8,,Set a rain map image URL in this widget's settings,在此小组件的设置中设置降雨地图图片 URL,
ui_set_the_control_style_for_every_thermostat_on_this_de5cd1e,,Set the control style for every thermostat on this Climate page. Standalone climate widgets keep their own layout settings.,为此空调页面上的所有恒温器设置控制样式。独立的空调小组件会保留各自的布局设置。,
ui_set_what_each_person_may_do_per_user_like_aa86ea2,,"Set what each person may do — per user, like the hidden views above. These apply when they use a dashboard you shared.",设置每位成员可以执行的操作 — 按用户设置，类似于上方的隐藏视图。这些设置会在他们使用你共享的仪表盘时生效。,
ui_settings_c7f73bb,,Settings,设置,
ui_setup_changed_b184bf0,,Setup changed,设置已更改,
ui_setup_progress_1a8adef,,Setup progress,设置进度,
ui_shape_and_width_on_the_dashboard_c89fefa,,Shape and width on the dashboard,仪表盘上的形状和宽度,
ui_shape_ea5c1a2,,Shape,形状,
ui_shape_visible_information_and_icon_behavior_63dec1c,,"Shape, visible information, and icon behavior",形状、可见信息和图标行为,
ui_share_09ca55c,,Share,共享,
ui_share_b300e5f,,"Share ""%1$s""",共享“%1$s”,app fills in %1$s — keep them
ui_share_dashboards_0917ff1,,Share dashboards,共享仪表盘,
ui_shared_dashboard_86876c0,,Shared dashboard,已共享的仪表盘,
ui_shared_with_me_f40ca84,,Shared with me,与我共享,
ui_sharing_ad00590,,Sharing…,正在共享…,
ui_show_a_descending_timer_when_the_value_is_a_1ae7350,,"Show a descending timer when the value is a completion time (e.g. a washer/dryer finish time). Active while counting, off at zero.",当值为完成时间（例如洗衣机/干衣机的完成时间）时，显示倒计时。计时期间处于活动状态，归零时关闭。,
ui_show_a_live_radar_rain_map_card_a_camera_a0e11c8,,Show a live radar/rain map card — a camera entity or an embedded web page (iframe),显示实时雷达/降雨地图卡片 — 摄像头实体或嵌入式网页（iframe）,
ui_show_activity_badge_f5d56bb,,Show activity badge,显示活动徽章,
ui_show_badge_bar_827499b,,Show badge bar,显示徽章栏,
ui_show_flows_button_9e888be,,Show flows button,显示流程按钮,
ui_show_global_search_e7aefbe,,Show global search,显示全局搜索,
ui_show_group_380c43e,,Show group,显示分组,
ui_show_in_header_43f0dfd,,Show in header,在标题栏中显示,
ui_show_persons_c4e81a0,,Show persons,显示成员,
ui_show_the_automations_flows_button_16254ce,,Show the automations (flows) button,显示自动化（流程）按钮,
ui_show_the_entity_s_state_or_one_of_its_1008a4d,,"Show the entity's state, or one of its attributes instead",显示实体的状态，或改为显示其某个属性,
ui_show_the_entity_s_state_or_one_of_its_e721168,,"Show the entity's state, or one of its attributes instead.",显示实体的状态，或改为显示其某个属性。,
ui_show_the_global_search_button_0517d8b,,Show the global search button,显示全局搜索按钮,
ui_show_widget_name_5ad7fc9,,Show widget name,显示小组件名称,
ui_shown_b1015a1,,%1$s shown,显示 %1$s 个,app fills in %1$s — keep them
ui_shows_an_icon_matching_the_waste_type_gft_pmd_1966fe0,,"Shows an icon matching the waste type (GFT, PMD, paper, …).",显示与垃圾类型（GFT、PMD、纸类等）匹配的图标。,
ui_side_split_alignment_b9c5399,,Side (split alignment),一侧（拆分对齐）,
ui_sign_out_safely_or_reset_this_installation_681fac2,,Sign out safely or reset this installation,安全注销或重置此安装,
ui_signing_you_in_10d0636,,Signing you in…,正在为你登录…,
ui_size_shape_and_artwork_4bb38bb,,"Size, shape, and artwork",大小、形状和美术素材,
ui_size_shape_and_background_24dd9b6,,"Size, shape, and background",大小、形状和背景,
ui_snapshot_b08ae37,,Snapshot,快照,
ui_solar_0e26539,,Solar,太阳能,
ui_solar_noon_599372c,,Solar noon %1$s,太阳正午 %1$s,app fills in %1$s — keep them
ui_sort_d5f73d6,,Sort: %1$s,排序：%1$s,app fills in %1$s — keep them
ui_source_and_card_refresh_behavior_0a26324,,Source and card refresh behavior,来源和卡片刷新行为,
ui_source_device_4ddad2a,,Source device,来源设备,
ui_span_badges_58c73f2,,Span badges,跨列徽章,
ui_speed_265ffc5,,SPEED,速度,
ui_speed_control_89a2786,,Speed control,速度控制,
ui_spin_a801301,,spin,spin,
ui_square_82810cb,,Square,正方形,
ui_stack_cards_8bdc343,,Stack Cards,堆叠卡片,
ui_stack_layout_1623679,,Stack layout,堆叠布局,
ui_stack_name_7507e93,,Stack name,堆叠名称,
ui_stack_page_3d91ce9,,stack_page,stack_page,
ui_stack_title_46ccc2d,,Stack title,堆叠标题,
ui_stack_title_cc2f1ed,,Stack Title,堆叠标题,
ui_stacks_249f056,,Stacks,堆叠,
ui_standard_2dfa660,,Standard,标准,
ui_start_24758a5,,Start: %1$s,开始：%1$s,app fills in %1$s — keep them
ui_start_empty_25336ee,,Start empty,从空白开始,
ui_start_empty_888db50,,Start Empty,从空白开始,
ui_start_new_dashboard_8c71127,,Start new dashboard?,新建仪表盘？,
ui_start_with_a_useful_recipe_then_adjust_each_step_d560a2a,,"Start with a useful recipe, then adjust each step",从实用的配方开始，然后逐步调整,
ui_state_a725020,,State,状态,
ui_state_bef84bb,,STATE,状态,
ui_state_text_6749c0a,,State text,状态文字,
ui_stream_df06386,,Stream,视频流,
ui_style_99a0efc,,Style,样式,
ui_sunrise_and_sunset_data_unavailable_3295324,,Sunrise and sunset data unavailable,日出日落数据不可用,
ui_sunrise_fadf71c,,Sunrise,日出,
ui_sunset_181bcd5,,Sunset,日落,
ui_support_f32d5a3,,Support,支持,
ui_support_via_buy_me_a_coffee_d7dadd1,,Support via Buy Me a Coffee,通过 Buy Me a Coffee 支持,
ui_support_via_paypal_7184a5d,,Support via PayPal,通过 PayPal 支持,
ui_support_without_premium_0a4aebd,,Support without Premium,无需购买高级版即可支持,
ui_supports_headings_lists_quotes_code_bold_italic_code_strik_e295744,,"Supports # headings, lists, > quotes, ``` code, **bold**, *italic*, `code`, ~~strike~~ and [links](https://…).",支持 # 标题、列表、> 引用、``` 代码块、**加粗**、*斜体*、`代码`、~~删除线~~ 和 [链接](https://…)。,
ui_swing_65d8d45,,Swing,摆动,
ui_swing_horizontal_c166cda,,Swing (horizontal),摆动（水平）,
ui_swipe_left_from_the_upper_right_edge_of_a_416c467,,Swipe left from the upper-right edge of a page header to switch homes at any time.,随时可从页面标题栏右上角向左滑动以切换家庭。,
ui_switch_b02cbd9,,SWITCH,开关,
ui_switch_home_e6ceda2,,Switch home,切换家庭,
ui_system_dark_theme_c7e4ff9,,System Dark Theme,系统深色主题,
ui_system_light_theme_5bc7623,,System Light Theme,系统浅色主题,
ui_systems_idle_584a6f0,,Systems idle,系统空闲,
ui_t_c2c53d6,,T,T,
ui_tabs_and_media_controls_shown_throughout_the_app_5d9c1ff,,Tabs and media controls shown throughout the app,在整个应用中显示的标签页和媒体控件,
ui_tap_here_or_use_the_button_while_edit_mode_8baf490,,Tap here or use the + button while edit mode is active to add widgets to this stack.,点按此处，或在编辑模式激活时使用 + 按钮向此堆叠添加小组件。,
ui_tap_here_or_use_the_button_while_edit_mode_b06aac5,,Tap here or use the + button while edit mode is active to add entities to this stack.,点按此处，或在编辑模式激活时使用 + 按钮向此堆叠添加实体。,
ui_tap_hold_and_dialog_quick_actions_2052817,,"Tap, hold, and dialog quick actions",点按、长按和对话框快捷操作,
ui_tap_share_to_publish_or_update_d185341,,Tap Share to publish or update,点按“共享”以发布或更新,
ui_tap_to_add_a_weather_card_a3508a9,,Tap + to add a weather card,点按 + 以添加天气卡片,
ui_tap_to_load_0c49cab,,Tap to load,点按以加载,
ui_tap_x_to_restore_an_entity_to_the_battery_ad0eb75,,Tap X to restore an entity to the battery page.,点按 X 可将实体恢复到电池页面。,
ui_target_49d76ad,,TARGET (%1$s–%2$s%%),目标 (%1$s–%2$s%%),app fills in %1$s %2$s — keep them
ui_target_61ad50a,,Target,目标,
ui_target_entity_optional_cdb68af,,Target entity (optional),目标实体（可选）,
ui_target_f762108,,TARGET,目标,
ui_technology_d018b08,,Technology,技术,
ui_temperature_0a9062a,,Temperature,温度,
ui_temperature_and_humidity_sources_for_the_room_8960580,,Temperature and humidity sources for the room,房间的温度和湿度来源,
ui_temperature_cc6906a,,TEMPERATURE,温度,
ui_temperature_sensor_graphed_in_activity_1088c3d,,Temperature sensor (graphed in Activity),温度传感器（在活动中绘制图表）,
ui_text_c3328c3,,Text,文本,
ui_text_size_boldness_and_font_family_365f489,,"Text size, boldness and font family",文字大小、粗细和字体,
ui_that_profile_35adbf0,,that profile,该配置文件,
ui_the_effect_used_when_a_button_s_animation_is_7cce891,,"The effect used when a button's animation is set to ""Auto"". You can still override any individual button.",当按钮的动画设置为“自动”时使用的效果。你仍可以针对单个按钮进行覆盖设置。,
ui_the_exact_dates_you_pick_leave_a_bound_as_19357e8,,"The exact dates you pick. Leave a bound as ""Any"" for an open-ended range.",你选择的确切日期。将某一端保留为“任意”即可表示开放式区间。,
ui_the_heading_shown_between_dashboard_sections_b03805f,,The heading shown between dashboard sections,显示在仪表盘各区块之间的标题,
ui_the_hki_7_community_source_code_is_free_and_f4f3f51,,"The HKI 7 community source code is free and open source under the Mozilla Public License 2.0. You may use, study, modify, and redistribute it. When you distribute modified MPL-covered files, those files and their source must remain available under MPL-2.0.",HKI 7 社区版源代码基于 Mozilla Public License 2.0 免费开源。你可以使用、研究、修改和重新分发它。当你分发修改后的、受 MPL 保护的文件时，这些文件及其源代码必须继续以 MPL-2.0 许可提供。,don't translate HKI 7
ui_the_hki_7_name_and_logos_are_project_trademarks_985ffec,,"The HKI 7 name and logos are project trademarks and are not granted for misleading redistribution. Home Assistant and other third-party names, libraries, fonts, and artwork remain subject to their respective licenses and trademarks. The software is provided without warranty, as described by MPL-2.0.",HKI 7 的名称和徽标是项目商标，不授权用于误导性的再分发。Home Assistant 及其他第三方名称、库、字体和美术素材仍受各自许可和商标的约束。本软件按 MPL-2.0 所述，不提供任何担保。,"don't translate Home Assistant, HKI 7"
ui_the_interface_is_built_with_jetpack_compose_coroutines_and_fe7f52d,,"The interface is built with Jetpack Compose. Coroutines and Flow handle live state, while JSON and YAML-compatible data keep HKI 7 connected with Home Assistant.",界面基于 Jetpack Compose 构建。协程和 Flow 处理实时状态，JSON 及兼容 YAML 的数据则让 HKI 7 与 Home Assistant 保持连接。,"don't translate Home Assistant, HKI 7"
ui_the_open_source_community_core_remains_usable_without_prem_d83ff8a,,The open-source community core remains usable without Premium. Premium purchases fund extra visual content and continued development; they do not remove the freedoms granted for MPL-covered files.,开源社区核心版无需高级版即可使用。购买高级版可资助额外的视觉内容和持续开发；这不会移除 MPL 覆盖文件所授予的自由权限。,
ui_the_page_starts_empty_with_its_own_header_and_5a325c0,,"The page starts empty with its own header and page settings, while keeping the Home widget catalogue.",该页面以空白状态开始，拥有自己的标题栏和页面设置，同时保留主页小组件目录。,
ui_the_quick_brown_fox_jumps_over_the_lazy_dog_2204ad2,,The quick brown fox jumps over the lazy dog — 0123456789,The quick brown fox jumps over the lazy dog — 0123456789,
ui_the_room_header_and_card_show_a_single_player_3e24a17,,"The room header and card show a single player's media, or an active-player count when multiple players are selected.",房间标题栏和卡片会显示单个播放器的媒体信息；当选择了多个播放器时，则显示活动播放器数量。,
ui_the_text_shown_on_the_dashboard_fff5c98,,The text shown on the dashboard,仪表盘上显示的文字,
ui_the_web_page_shown_on_this_card_ce97bfd,,The web page shown on this card,此卡片上显示的网页,
ui_theme_a797e30,,Theme,主题,
ui_theme_and_navigation_bar_474ee6b,,Theme and navigation bar,主题和导航栏,
ui_thermostat_dial_e6af91b,,Thermostat dial,恒温器拨盘,
ui_thermostats_601da0c,,Thermostats,恒温器,
ui_thermostats_ac_7d2ace4,,Thermostats & AC,恒温器和空调,
ui_these_are_stored_in_the_cloud_import_one_to_558c62d,,"These are stored in the cloud. Import one to edit or re-share it, or delete it to remove it from everyone. Your edits are also pushed automatically when you open the app.",这些内容存储在云端。导入其中一个即可编辑或重新共享，或删除以将其从所有人处移除。你的编辑内容也会在打开应用时自动推送。,
ui_these_links_open_in_your_browser_tips_do_not_049b881,,These links open in your browser. Tips do not unlock Premium features and do not create an obligation to provide individual support.,这些链接会在你的浏览器中打开。打赏不会解锁高级版功能，也不构成提供个别支持的义务。,
ui_these_permissions_are_optional_and_can_be_changed_later_aa7a106,,These permissions are optional and can be changed later in Android Settings.,这些权限为可选项，之后可在 Android 设置中更改。,
ui_thin_100_9e7a443,,Thin (-100),细体 (-100),
ui_thinner_200_6ae7a6f,,Thinner (-200),更细 (-200),
ui_this_action_does_not_use_an_entity_target_5952444,,This action does not use an entity target.,此操作不使用实体目标。,
ui_this_action_has_no_required_target_or_additional_fields_987a410,,This action has no required target or additional fields.,此操作没有必需的目标或附加字段。,
ui_this_automation_is_managed_outside_home_assistant_s_ui_89d26f5,,"This automation is managed outside Home Assistant's UI (usually YAML). HKI7 can show it, but will not overwrite it.",此自动化是在 Home Assistant 界面之外管理的（通常为 YAML）。HKI7 可以显示它，但不会覆盖它。,"don't translate Home Assistant, HKI7"
ui_this_card_uses_its_own_entities_e572388,,This card uses its own entities,此卡片使用自己的实体,
ui_this_dashboard_is_currently_being_generated_from_home_assi_470200d,,This dashboard is currently being generated from Home Assistant. You can edit rooms as soon as the one-time import finishes.,此仪表盘目前正在从 Home Assistant 生成中。一次性导入完成后，你即可编辑房间。,don't translate Home Assistant
ui_this_entity_2ddd36d,,This entity,此实体,
ui_this_entity_has_no_attributes_to_show_b09f4c9,,This entity has no attributes to show.,此实体没有可显示的属性。,
ui_this_light_is_paused_for_manual_control_706bffa,,This light is paused for manual control.,此灯光已暂停以进行手动控制。,
ui_this_name_is_used_when_the_device_registers_with_8aba2f2,,This name is used when the device registers with Home Assistant.,此名称将在设备向 Home Assistant 注册时使用。,don't translate Home Assistant
ui_this_permanently_removes_this_dashboard_and_its_room_and_8087734,,This permanently removes this dashboard and its room and page configuration.,这将永久删除此仪表盘及其房间和页面配置。,
ui_this_removes_all_imported_battery_entities_from_this_view_7a74283,,This removes all imported battery entities from this view.,这将从此视图中移除所有已导入的电池实体。,
ui_this_removes_all_imported_climate_entities_from_this_view_713f511,,This removes all imported climate entities from this view.,这将从此视图中移除所有已导入的空调实体。,
ui_this_removes_all_imported_energy_entities_from_this_view_7397917,,This removes all imported energy entities from this view.,这将从此视图中移除所有已导入的能源实体。,
ui_this_removes_all_imported_rooms_and_floors_from_this_d1cbbff,,This removes all imported rooms and floors from this view.,这将从此视图中移除所有已导入的房间和楼层。,
ui_this_removes_all_imported_security_entities_from_this_view_6443e5c,,This removes all imported security entities from this view.,这将从此视图中移除所有已导入的安防实体。,
ui_this_removes_its_login_mobile_app_registration_details_and_69afc19,,"This removes its login, mobile-app registration details, and HKI dashboards from this device. The Home Assistant server itself is not changed.",这将从此设备中移除其登录信息、移动应用注册详情和 HKI 仪表盘。Home Assistant 服务器本身不会受到影响。,don't translate Home Assistant
ui_this_removes_the_native_automation_from_home_assistant_thi_2a48e1a,,This removes the native automation from Home Assistant. This cannot be undone from HKI7.,这将从 Home Assistant 中移除该原生自动化。此操作无法在 HKI7 中撤销。,"don't translate Home Assistant, HKI7"
ui_this_removes_the_shared_dashboard_from_the_cloud_for_4bab01c,,This removes the shared dashboard from the cloud for everyone. People currently using it fall back to an auto-generated dashboard. Their local copies aren't touched until they next open the app.,这将为所有人从云端移除此共享仪表盘。当前正在使用它的用户将回退到自动生成的仪表盘。他们的本地副本在下次打开应用前不会受到影响。,
ui_this_runs_on_a_small_free_home_assistant_add_f46f2e3,,"This runs on a small, free Home Assistant add-on (the HKI 7 Cloud component). It isn't on HACS by default yet, so add it as a custom repository — the app then handles everything else.",这运行在一个小型免费的 Home Assistant 附加组件（HKI 7 Cloud 组件）上。它目前还未默认收录在 HACS 中，因此请将其添加为自定义仓库 — 之后应用会自动处理其余部分。,"don't translate HKI 7 Cloud, Home Assistant"
ui_this_source_code_form_is_subject_to_the_terms_c8e4e24,,"This Source Code Form is subject to the terms of the Mozilla Public License, v. 2.0. If a copy of the MPL was not distributed with this file, you can obtain one at mozilla.org/MPL/2.0/.",本源代码形式受 Mozilla Public License 2.0 版条款约束。如果本文件未随附 MPL 副本，你可以在 mozilla.org/MPL/2.0/ 获取。,
ui_this_stack_has_no_items_0f92c8d,,This stack has no items.,此堆叠中没有项目。,
ui_this_travels_with_the_dashboard_so_cloud_backups_and_1dd603d,," This travels with the dashboard, so cloud backups and family sharing keep it.",这会随仪表盘一起保留，因此云备份和家庭共享会保留它。,keep the space at the start/end
ui_tile_2dd2c66,,Tile,磁贴,
ui_tilt_aceae6f,,TILT,倾斜,
ui_time_6c82e6d,,Time,时间,
ui_time_range_9257117,,Time Range,时间范围,
ui_title_768e0c1,,Title,标题,
ui_title_collapse_behavior_and_dashboard_width_a64a590,,"Title, collapse behavior, and dashboard width",标题、折叠行为和仪表盘宽度,
ui_title_collapse_behavior_and_width_dd2b475,,"Title, collapse behavior, and width",标题、折叠行为和宽度,
ui_title_optional_932fc13,,Title (optional),标题（可选）,
ui_title_width_and_icon_41ec073,,"Title, width, and icon",标题、宽度和图标,
ui_to_state_2a995a1,,To state,目标状态,
ui_today_24345a1,,Today,今天,
ui_tomorrow_1948bf2,,Tomorrow,明天,
ui_top_consumers_0199dbf,,Top consumers,主要能耗设备,
ui_tracking_number_4e40c54,,Tracking number,运单号,
ui_try_again_042c862,,Try again,重试,
ui_try_the_demo_home_no_server_needed_bc58247,,Try the demo home — no server needed,试用演示家庭 — 无需服务器,
ui_turn_off_all_3a7a2b0,,Turn off all,全部关闭,
ui_turn_on_a5aa418,,Turn On,开启,
ui_turn_the_light_on_to_access_controls_25f4ad6,,Turn the light on to access controls,打开灯光以访问控件,
ui_turn_the_notification_connection_channel_off_on_the_next_cdddec0,,"Turn the ""Notification connection"" channel off on the next screen — the connection keeps working, only its notification disappears.",在下一屏关闭“通知连接”频道 — 连接仍会保持工作，只是其通知会消失。,
ui_two_rows_1b1737f,,Two rows,两行,
ui_type_3deb745,,Type,类型,
ui_type_icon_839142a,,Type icon,类型图标,
ui_unable_to_connect_8207f1b,,Unable to connect,无法连接,
ui_unit_f6b935a,,Unit,单位,
ui_unknown_bc7819b,,Unknown,未知,
ui_unknown_energy_card_b8e46de,,Unknown energy card: %1$s,未知的能源卡片：%1$s,app fills in %1$s — keep them
ui_unlock_1526a17,,Unlock,解锁,
ui_unlock_button_ad521c4,,Unlock button,解锁按钮,
ui_unlock_method_dff380e,,Unlock method,解锁方式,
ui_unlocked_b3da702,,Unlocked,已解锁,
ui_unrestricted_background_cebdb1e,,Unrestricted background,不受限的后台运行,
ui_untitled_621521f,,Untitled,无标题,
ui_untitled_event_ef8d264,,Untitled event,无标题事件,
ui_upcoming_523baab,,Upcoming,即将到来,
ui_update_fb91e24,,Update,更新,
ui_update_location_now_d338c2c,,Update Location Now,立即更新位置,
ui_updated_62d2331,,Updated %1$s,已更新 %1$s,app fills in %1$s — keep them
ui_url_https_a1a19ec,,URL (https://…),URL (https://…),
ui_usage_overview_fc2eefc,,Usage overview,用量概览,
ui_use_1d4d43c,,Use,使用,
ui_use_a_dashboard_an_admin_has_shared_with_you_8b1cfdb,,Use a dashboard an admin has shared with you.,使用管理员与你共享的仪表盘。,
ui_use_a_family_shared_dashboard_9b8ab51,,Use a family shared dashboard,使用家庭共享仪表盘,
ui_use_a_recognizable_name_such_as_kitchen_tablet_or_ca9f431,,"Use a recognizable name, such as ‘Kitchen tablet’ or ‘Jimmy’s phone’.",使用一个易识别的名称，例如“厨房平板”或“Jimmy 的手机”。,
ui_use_family_shared_dashboard_28e06c2,,Use family shared dashboard,使用家庭共享仪表盘,
ui_used_6a4ebbf,,Used %1$s,已使用 %1$s,app fills in %1$s — keep them
ui_uses_hki_7_s_private_google_drive_storage_enable_0559ced,,Uses HKI 7's private Google Drive storage. Enable it once to create an immediate backup and then back up automatically every day.,使用 HKI 7 的私有 Google Drive 存储。启用一次即可立即创建备份，之后每天自动备份。,"don't translate Google Drive, HKI 7"
ui_uses_the_sun_entity_configured_in_weather_settings_e580a39,,Uses the Sun entity configured in Weather settings.,使用天气设置中配置的太阳实体。,
ui_using_a_shared_dashboard_applies_the_permissions_the_admin_a337a76,,Using a shared dashboard applies the permissions the admin set for it.,使用共享仪表盘会应用管理员为其设置的权限。,
ui_using_the_climate_view_s_entities_8befb0f,,Using the Climate view's entities,使用空调视图的实体,
ui_using_the_energy_view_s_entities_7ca9bed,,Using the Energy view's entities,使用能源视图的实体,
ui_vacuum_5fe15df,,Vacuum,扫地机器人,
ui_vacuum_device_3deae52,,Vacuum device,扫地机器人设备,
ui_vacuum_entities_c7da1d7,,Vacuum entities,扫地机器人实体,
ui_vacuum_map_8236541,,Vacuum map,扫地机器人地图,
ui_vacuum_stack_b93d3b7,,Vacuum Stack,扫地机器人堆叠,
ui_vertical_slider_e09cef1,,Vertical slider,垂直滑块,
ui_view_on_github_0c77991,,View on GitHub,在 GitHub 上查看,
ui_visibility_7d9ff4f,,Visibility,可见性,
ui_visibility_alignment_and_overflow_behavior_467f44f,,"Visibility, alignment, and overflow behavior",可见性、对齐方式和溢出行为,
ui_visibility_and_ordering_in_the_page_header_0f9e3d8,,Visibility and ordering in the page header,页面标题栏中的可见性和顺序,
ui_visible_during_791f42c,,Visible during,可见时段,
ui_visible_persons_4b7ae6c,,Visible persons,可见成员,
ui_visual_style_bc567f3,,Visual style,视觉样式,
ui_w_e2415cb,,W,W,
ui_waiting_for_home_assistant_af224aa,,Waiting for Home Assistant,正在等待 Home Assistant,don't translate Home Assistant
ui_wallpaper_and_an_optional_custom_color_f4f12f1,,Wallpaper and an optional custom color,壁纸和可选的自定义颜色,
ui_wallpaper_and_optional_custom_color_0dc6738,,Wallpaper and optional custom color,壁纸和可选的自定义颜色,
ui_wallpaper_url_or_path_e208631,,Wallpaper URL or path,壁纸 URL 或路径,
ui_waste_collection_7cdf205,,Waste Collection,垃圾收集,
ui_waste_sensors_8bfd3ec,,Waste sensors,垃圾传感器,
ui_watch_d91ebf5,,Watch,观看,
ui_water_5480538,,Water: %1$s,用水：%1$s,app fills in %1$s — keep them
ui_water_de9b1be,,Water,用水,
ui_water_level_optional_fallback_61b2be5,,Water level (optional fallback),水位（可选回退）,
ui_water_meters_imported_from_home_assistant_s_energy_dashboa_b1ac157,,Water meters imported from Home Assistant's Energy dashboard.,从 Home Assistant 的能源仪表盘导入的水表。,don't translate Home Assistant
ui_we_ll_check_your_home_network_first_you_can_c7ca0f0,,We'll check your home network first; you can also enter an address,我们会先检查你的家庭网络；你也可以输入一个地址,
ui_weather_284af3e,,Weather,天气,
ui_weather_card_0c6594c,,Weather Card,天气卡片,
ui_weather_details_bc94175,,Weather details,天气详情,
ui_weather_entities_0a2c547,,Weather entities,天气实体,
ui_weather_entity_402cbd9,,Weather entity,天气实体,
ui_weather_source_778baeb,,Weather source,天气来源,
ui_weather_stack_4d4f763,,Weather Stack,天气堆叠,
ui_weather_type_fe0b7cc,,Weather Type,天气类型,
ui_web_address_url_55052c9,,Web address (URL),网址 (URL),
ui_week_calendar_shown_in_the_dialog_6d4f28b,,Week calendar (shown in the dialog),周历（显示在对话框中）,
ui_welcome_to_hki_7_9e317bb,,Welcome to HKI 7,欢迎使用 HKI 7,don't translate HKI 7
ui_what_hki_7_is_and_how_it_is_built_247bace,,What HKI 7 is and how it is built,HKI 7 是什么以及它是如何构建的,don't translate HKI 7
ui_what_it_does_ca032b5,,What it does,它的功能,
ui_what_s_new_4d8dc5f,,What's new,新增内容,
ui_when_769bb19,,When,当,
ui_when_and_if_then_dd86ebe,,When · And if · Then,当 · 且如果 · 则,
ui_when_reporting_a_problem_include_your_android_version_home_784a4e6,,"When reporting a problem, include your Android version, Home Assistant version, the affected entity or integration, and clear steps to reproduce it. Removing private URLs, tokens, names, and location data first helps keep support safe.",报告问题时，请附上你的 Android 版本、Home Assistant 版本、受影响的实体或集成，以及清晰的复现步骤。请先移除私有 URL、令牌、姓名和位置数据，以确保支持过程安全。,don't translate Home Assistant
ui_when_the_value_is_a_completion_time_e_g_7dce367,,"When the value is a completion time (e.g. a washer/dryer finish time), show a descending timer. The button reads active while counting and turns off at zero.",当值为完成时间（例如洗衣机/干衣机的完成时间）时，显示倒计时。按钮在计时期间显示为活动状态，归零时关闭。,
ui_widget_height_b26de24,,Widget height,小组件高度,
ui_widget_name_55e5340,,Widget name,小组件名称,
ui_widget_presentation_a3a8cdc,,Widget presentation,小组件呈现方式,
ui_widget_width_1d89599,,Widget width,小组件宽度,
ui_width_a58ddf5,,Width,宽度,
ui_width_and_height_6ed6746,,Width and height,宽度和高度,
ui_width_and_optional_icon_671e2ef,,Width and optional icon,宽度和可选图标,
ui_width_columns_and_container_shape_984a191,,"Width, columns, and container shape",宽度、列数和容器形状,
ui_width_shape_and_collapse_behavior_7abc6f4,,"Width, shape, and collapse behavior",宽度、形状和折叠行为,
ui_wind_142b575,,Wind,风,
ui_worth_watching_a3d46c7,,Worth watching,值得关注,
ui_would_you_like_to_add_an_existing_camera_entity_00d5bc3,,Would you like to add an existing camera entity or a custom URL?,你想添加现有的摄像头实体还是自定义 URL？,
ui_write_the_information_shown_on_this_card_4ca5db7,,Write the information shown on this card,编写此卡片上显示的信息,
ui_you_can_help_by_testing_new_builds_reporting_reproducible_5310461,,"You can help by testing new builds, reporting reproducible bugs, suggesting thoughtful improvements, helping with translations or documentation, sharing HKI 7 with other Home Assistant users, and giving constructive feedback.",你可以通过测试新版本、报告可复现的问题、提出有价值的改进建议、协助翻译或文档编写、向其他 Home Assistant 用户推荐 HKI 7，以及提供建设性反馈来提供帮助。,"don't translate Home Assistant, HKI 7"
ui_you_re_exploring_the_built_in_sample_home_63c2ad1,,You're exploring the built-in sample home,你正在体验内置示例家庭,
ui_your_automations_and_devices_will_be_unavailable_briefly_h_8a8572e,,Your automations and devices will be unavailable briefly. HKI7 will reconnect automatically when Home Assistant is ready.,你的自动化和设备将短暂不可用。当 Home Assistant 准备就绪后，HKI7 会自动重新连接。,"don't translate Home Assistant, HKI7"
ui_your_dashboard_is_ready_0719f75,,Your dashboard is ready,你的仪表盘已就绪,
ui_your_home_72412fa,,Your home,你的家,
ui_your_location_is_shared_only_with_your_own_home_c75bd6d,,Your location is shared only with your own Home Assistant server. It is ,你的位置仅与你自己的 Home Assistant 服务器共享。它,don't translate Home Assistant; keep the space at the start/end
logs_title,,Connection log,连接日志,
logs_subtitle,,What the app's connection to Home Assistant has been doing,应用程序与 Home Assistant 的连接做了什么,don't translate Home Assistant
logs_empty,,Connection log,连接日志,
logs_empty_hint,,"Nothing logged yet. Connection attempts, reconnects, sync and subscriptions appear here as they happen.",尚未记录任何内容。连接尝试、重新连接、同步和订阅都会在发生时显示在此处。,
logs_count,,Connection log (%1$d),连接日志 (%1$d),app fills in %1$d — keep them
logs_copy,,Copy the log,复制日志,
logs_clear,,Clear the log,清除日志,
logs_show_all,,Show all %1$d,显示全部 %1$d,app fills in %1$d — keep them
logs_show_less,,Show less,显示较少,
parcel_letter_count,one,%1$d letter,,needs translation; app fills in %1$d — keep them
parcel_letter_count,other,%1$d letters,%1$d 封信件,app fills in %1$d — keep them
spacer_empty_button,,Empty button,空按钮,
spacer_empty_button_description,,Transparent placeholder that only reserves space,仅占位的透明占位符,
spacer_add_empty_button,,Add empty button,添加空按钮,
popup_custom_popup,,Custom popup,自定义弹窗,
popup_choose,,Choose a popup,选择弹窗,
popup_none_yet,,No popups yet,尚无弹窗,
popup_new,,New popup,新建弹窗,
popup_default_name,,New popup,新建弹窗,
popup_name,,Popup name,弹窗名称,
popup_edit_contents,,Edit contents,编辑内容,
popup_delete,,Delete popup,删除弹窗,
popup_status_entity,,Status entity,状态实体,
popup_status_entity_hint,,Optional. Its state fills the dialog's status line and adds the history view.,可选。其状态会显示在对话框的状态行中，并启用历史视图。,
popup_settings_subtitle,,"Name, icon, and status entity",名称、图标和状态实体,
popup_shared_hint,,Popups are shared: other buttons can open this same popup.,弹窗是共享的：其他按钮也可以打开同一个弹窗。,
popup_empty,,This popup is empty. Tap Edit to add widgets.,此弹窗为空。点按“编辑”即可添加微件。,
popup_settings_title,,Popups,弹窗,
popup_settings_subtitle_section,,Build and edit your custom popups,创建并编辑自定义弹窗,
popup_settings_hint,,"Popups open from a button, badge, or dialog button set to the Custom popup action. Edit contents opens the popup itself so you can arrange its widgets.",弹窗可从设置为“自定义弹窗”操作的按钮、徽章或对话框按钮打开。“编辑内容”会打开弹窗本身，以便排列其中的微件。,
button_icon_only,,Icon only,仅图标,
button_icon_size,,Icon size,图标大小,
button_icon_size_description,,"Auto shrinks the icon as the stack gains columns, so it still fits a narrow button.",自动会随着堆叠列数增加而缩小图标，使其能放进较窄的按钮。,
button_icon_size_auto,,Auto,自动,
button_icon_size_value,,%1$d dp,%1$d dp,app fills in %1$d — keep them
stack_child_icon_only,,Icon only for every button,所有按钮仅显示图标,
stack_child_icon_only_description,,"Applies to all buttons in this stack, so you don't have to set it on each one.",适用于此堆叠中的所有按钮，无需逐个设置。,
stack_child_icon_size,,Icon size for every button,所有按钮的图标大小,
button_icon_only_description,,"Hide the name and state, centering the icon on the button",隐藏名称和状态，并将图标居中显示在按钮上,
action_button,,Action button,操作按钮,
action_button_description,,"A button without an entity: give it a name, an icon, and any action",无需实体的按钮：为它设置名称、图标和任意操作,
action_button_add,,Add action button,添加操作按钮,
action_badge_add,,Add action badge,添加操作徽章,
security_entity_count,one,%1$d entity,,needs translation; app fills in %1$d — keep them
security_entity_count,other,%1$d entities,%1$d 个实体,app fills in %1$d — keep them
family_permission_switch_dashboards,,Allow switching dashboards,允许切换仪表板,
family_permission_switch_dashboards_subtitle,,Let this person load another existing dashboard,允许此用户加载其他现有仪表板,
family_permission_create_dashboards,,Allow creating dashboards,允许创建仪表板,
family_permission_create_dashboards_subtitle,,Let this person create or duplicate dashboards,允许此用户创建或复制仪表板,
family_dashboard_tab_locked,,Locked by family permissions,已被家庭权限锁定,
family_dashboard_access_lost_title,,Family access removed,家庭访问权限已移除,
family_dashboard_access_lost_message,,"You no longer have access to HKI 7 through this family dashboard. Choose another dashboard shared with you, or use any other option your family permissions allow.",你已无法通过此家庭仪表板访问 HKI 7。请选择另一个与你共享的仪表板，或选择家庭权限允许的其他选项。,don't translate HKI 7
family_access_manage,,Manage access,管理访问权限,
family_access_title,,Who can see %1$s,谁可以看到 %1$s,app fills in %1$s — keep them
family_access_description,,Add or remove people. Everyone you remove loses this dashboard the next time their app syncs.,添加或删除人员。您删除的每个人在下次应用程序同步时都会丢失此仪表板。,
family_access_shared_everyone,,Shared with everyone,与大家分享,
family_access_shared_nobody,,Shared with no one,与任何人共享,
family_access_shared_with,,Shared with %1$s,与 %1$s 共享,app fills in %1$s — keep them
family_access_unknown_user,,Unknown user,未知用户,
family_access_revoke_warning,,"Losing access deletes their copy of this dashboard, along with any colours, icons, and names they changed on it.",失去访问权限会删除此仪表板的副本，以及他们在其中更改的任何颜色、图标和名称。,
family_versions_title,,HKI versions,HKI 版本,
family_versions_description,,Which HKI build each family device is running. This device is on %1$s. A device appears once it has opened HKI 7 1.0.0-beta.18 or newer at least once.,每个家庭设备正在运行哪个 HKI 构建。该设备位于 %1$s 上。一旦设备至少打开一次 HKI 7 1.0.0-beta.18 或更高版本，就会出现。,app fills in %1$s — keep them; don't translate HKI 7
family_versions_empty,,No family devices have reported a version yet.,尚未有家庭设备报告版本。,
family_versions_loading,,Loading family devices…,正在加载家庭设备...,
family_versions_unavailable,,Home Assistant could not return the family device list. Check that HKI 7 Cloud is up to date.,Home Assistant 无法返回家庭设备列表。检查 HKI 7 Cloud 是否是最新的。,"don't translate HKI 7 Cloud, Home Assistant"
family_versions_outdated,,Older than yours,比你年纪大,
family_versions_android,,Android %1$s,安卓 %1$s,app fills in %1$s — keep them
family_versions_reported,,reported %1$s,报告%1$s,app fills in %1$s — keep them
family_versions_forget,,Forget this device,忘记这个设备,
family_versions_forget_hint,,Forgetting a device only clears it from this list. One that is still in use reappears the next time its app opens.,忘记设备只会将其从此列表中清除。仍在使用的应用程序会在下次打开其应用程序时重新出现。,
family_versions_nudge,,Ask to update to %1$s,要求更新至 %1$s,app fills in %1$s — keep them
family_versions_nudge_clear,,Cancel update request,取消更新请求,
family_versions_nudge_pending,,Waiting for this device to update to %1$s. The request clears itself once it does.,正在等待此设备更新至 %1$s。一旦完成，请求就会自行清除。,app fills in %1$s — keep them
family_require_title,,Require an HKI version,需要 HKI 版本,
family_require_description,,"Everyone below the version you require is asked to update before they can keep using HKI. Nothing here installs anything — Google Play does the update, so people are only ever held up when Play actually has it ready for them.",低于您所需版本的每个人都需要更新才能继续使用 HKI。这里没有安装任何东西——Google Play 负责更新，所以只有当 Play 真正为他们准备好时，人们才会被耽搁。,
family_require_current,,Currently required: %1$s,目前需要：%1$s,app fills in %1$s — keep them
family_require_set,,Require everyone to be on %1$s,要求每个人都在 %1$s 上,app fills in %1$s — keep them
family_require_clear,,Clear the requirement,明确要求,
family_require_hint,,"You can only require a version some device already runs, so a requirement can never be one nobody is able to install.",您只能要求某个设备已运行的版本，因此要求永远不可能是无人能够安装的版本。,
settings_extra_family_require_failed,,Could not change the required version. It has to be one a family device already runs.,无法更改所需的版本。它必须是一款已经运行的家庭设备。,
settings_extra_family_nudge_failed,,Could not ask “%1$s” to update.,无法要求“%1$s”进行更新。,app fills in %1$s — keep them
app_update_required_title,,Time to update HKI,是时候更新HKI了,
app_update_required_title_device,,This device needs an HKI update,此设备需要 HKI 更新,
app_update_required_message,,Your family is on HKI %1$s. This device is on %2$s.,您的家人在 HKI %1$s 上。该设备位于 %2$s 上。,app fills in %1$s %2$s — keep them
app_update_required_checking,,Checking Google Play…,正在检查 Google Play...,
app_update_required_update,,Update now,立即更新,
app_update_required_open_store,,Open HKI in the Play Store,在 Play 商店中打开 HKI,
app_update_required_opened_store,,"Google Play could not take over here, so its store page was opened instead.",Google Play 无法接管此处，因此改为打开其商店页面。,
app_update_required_unavailable,,"Google Play has no update ready for this device yet. That usually means the release hasn't reached you, or this copy of HKI didn't come from the Play Store.",Google Play 尚未准备好适用于此设备的更新。这通常意味着您尚未收到该版本，或者此 HKI 副本不是来自 Play 商店。,
app_update_required_continue,,Continue without updating,继续而不更新,
settings_extra_active_instance,,Active instance,活跃实例,
settings_extra_automatic_cloud_backup_enabled,,Automatic cloud backup enabled.,已启用自动云备份。,
settings_extra_background_restricted_warning,,Restricted — background sync will not work,受限制 — 后台同步将无法运行,
settings_extra_backup_failed,,Backup failed: %1$s,备份失败：%1$s,app fills in %1$s — keep them
settings_extra_backup_unreadable,,The backup could not be read,无法读取该备份,
settings_extra_battery_optimized_warning,,Optimized — may interrupt background sync,已优化 — 可能会中断后台同步,
settings_extra_buy_me_a_coffee_logo,,Buy Me a Coffee logo,Buy Me a Coffee 标志,
settings_extra_cloud_backup_created,,Cloud backup created.,云备份已创建。,
settings_extra_cloud_backup_failed,,Cloud backup failed: %1$s,云备份失败：%1$s,app fills in %1$s — keep them
settings_extra_cloud_component_missing,,"The HKI 7 Cloud component was not found on your Home Assistant. Install it through HACS, then try again.",未在您的 Home Assistant 中找到 HKI 7 Cloud 组件。请通过 HACS 安装后重试。,"don't translate HKI 7 Cloud, Home Assistant"
settings_extra_copy_dashboard,,Copy %1$s,复制 %1$s,app fills in %1$s — keep them
settings_extra_corner_modern,,Modern,现代,
settings_extra_corner_round,,Round,圆角,
settings_extra_corner_sharp,,Sharp,直角,
settings_extra_create_custom_page,,Create custom page,创建自定义页面,
settings_extra_custom_page_identity_subtitle,,Identity and navigation appearance,身份和导航外观,
settings_extra_dashboard_backup_saved,,Dashboard backup saved.,仪表盘备份已保存。,
settings_extra_dashboard_copy_name,,%1$s copy,%1$s 副本,app fills in %1$s — keep them
settings_extra_dashboard_default_name,,Dashboard %1$d,仪表盘 %1$d,app fills in %1$d — keep them
settings_extra_new_dashboard_confirm_body,,This adds a dashboard alongside the one you are using. Your current dashboard is kept exactly as it is and is never overwritten — you can switch between them at any time.,这会在您正在使用的仪表板旁边添加一个仪表板。您当前的仪表板完全保持原样，并且永远不会被覆盖 - 您可以随时在它们之间切换。,
settings_extra_new_dashboard_confirm_action,,Continue,继续,
settings_extra_new_dashboard_created,,Created “%1$s”,创建“%1$s”,app fills in %1$s — keep them
uif_onboarding_shared_already_added,,Already added,已添加,
settings_extra_dashboard_shared_badge,,Shared,共享,
settings_extra_dashboard_shared_subtitle,,Shared with you by your family. Tap to load,您的家人与您分享。点击加载,
settings_extra_dashboard_shared_loaded,,Shared with you by your family. Currently loaded,您的家人与您分享。目前已加载,
settings_extra_dashboard_generating,,Your new dashboard is being generated automatically.,正在自动生成您的新仪表盘。,
settings_extra_dashboard_mode_auto,,Automatic,自动,
settings_extra_dashboard_mode_manual,,Manual,手动,
settings_extra_dashboard_restored,,Dashboard configuration restored.,仪表盘配置已恢复。,
settings_extra_dashboard_shared,,“%1$s” shared.,已共享“%1$s”。,app fills in %1$s — keep them
settings_extra_dashboard_sharing_failed,,Could not share the dashboard.,无法共享该仪表盘。,
settings_extra_default_user_name,,User,用户,
settings_extra_delete_dashboard,,Delete %1$s,删除 %1$s,app fills in %1$s — keep them
settings_extra_device_tracker,,Device tracker,设备跟踪器,
settings_extra_device_tracker_subtitle,,"Name used for location, geocoded location, battery, and charging entities",用于位置、地理编码位置、电池和充电实体的名称,
settings_extra_drive_access_token_missing,,Google Drive authorization did not return an access token.,Google 云端硬盘授权未返回访问令牌。,don't translate Google Drive
settings_extra_drive_authorization_cancelled,,Google Drive authorization was cancelled.,Google 云端硬盘授权已取消。,don't translate Google Drive
settings_extra_drive_authorization_failed,,Google Drive authorization failed: %1$s,Google 云端硬盘授权失败：%1$s,app fills in %1$s — keep them; don't translate Google Drive
settings_extra_drive_authorization_open_failed,,Google Drive authorization could not be opened.,无法打开 Google 云端硬盘授权。,don't translate Google Drive
settings_extra_drive_backups_load_failed,,Could not load Google Drive backups: %1$s,无法加载 Google 云端硬盘备份：%1$s,app fills in %1$s — keep them; don't translate Google Drive
settings_extra_edit_custom_page,,Edit custom page,编辑自定义页面,
settings_extra_effect_glow,,Glow,发光,
settings_extra_effect_group_alerts,,Sensors and alarms,传感器与警报,
settings_extra_effect_group_climate,,Climate and humidity,空调与湿度,
settings_extra_effect_group_fans,,Fans and vacuums,风扇与扫地机器人,
settings_extra_effect_group_lights,,Lights and switches,灯光与开关,
settings_extra_effect_group_media,,Media players,媒体播放器,
settings_extra_effect_group_other,,Everything else,其他所有项,
settings_extra_effect_none,,None,无,
settings_extra_effect_pulse,,Pulse,脉动,
settings_extra_effect_spin,,Spin,旋转,
settings_extra_empty_dashboard_created,,An empty dashboard was created.,已创建一个空白仪表盘。,
settings_extra_font_atkinson,,Atkinson Hyperlegible,Atkinson Hyperlegible,
settings_extra_font_bree_serif,,Bree Serif,Bree Serif,
settings_extra_font_comfortaa,,Comfortaa,Comfortaa,
settings_extra_font_cursive,,Cursive,手写体,
settings_extra_font_default,,Default,默认,
settings_extra_font_monospace,,Monospace,等宽字体,
settings_extra_font_nunito,,Nunito,Nunito,
settings_extra_font_patrick_hand,,Patrick Hand,Patrick Hand,
settings_extra_font_sans_serif,,Sans serif,无衬线体,
settings_extra_font_serif,,Serif,衬线体,
settings_extra_font_space_grotesk,,Space Grotesk,Space Grotesk,
settings_extra_ha_backup_created,,Home Assistant backup created.,Home Assistant 备份已创建。,don't translate Home Assistant
settings_extra_ha_backup_enabled,,Home Assistant backup enabled.,Home Assistant 备份已启用。,don't translate Home Assistant
settings_extra_ha_backup_failed,,Home Assistant backup failed. Is the HKI 7 Cloud component reachable?,Home Assistant 备份失败。HKI 7 Cloud 组件是否可访问？,"don't translate HKI 7 Cloud, Home Assistant"
settings_extra_ha_backups_load_failed,,Could not load Home Assistant backups: %1$s,无法加载 Home Assistant 备份：%1$s,app fills in %1$s — keep them; don't translate Home Assistant
settings_extra_hide_tab,,Hide tab,隐藏标签页,
settings_extra_hki_cloud_step_add_integration,,"Go to Settings → Devices & Services → Add Integration, choose “HKI 7 Cloud,” and confirm.",前往“设置 → 设备与服务 → 添加集成”，选择“HKI 7 Cloud”，然后确认。,don't translate HKI 7 Cloud
settings_extra_hki_cloud_step_add_repository,,"Paste %1$s, choose the “Integration” category, and add it.",粘贴 %1$s，选择“Integration”类别，然后添加。,app fills in %1$s — keep them
settings_extra_hki_cloud_step_install,,"Open the new “HKI 7 Cloud” entry, install it, and restart Home Assistant.",打开新出现的“HKI 7 Cloud”条目，安装它，然后重启 Home Assistant。,"don't translate HKI 7 Cloud, Home Assistant"
settings_extra_hki_cloud_step_open_custom_repositories,,"In Home Assistant, open HACS → the ⋮ menu in the top-right → Custom repositories.",在 Home Assistant 中打开 HACS → 右上角 ⋮ 菜单 → 自定义存储库。,don't translate Home Assistant
settings_extra_hki_cloud_step_reopen,,Reopen this screen. The features will appear automatically.,重新打开此界面，相关功能将自动出现。,
settings_extra_hki_cloud_version,,HKI 7 Cloud v%1$s installed,已安装 HKI 7 Cloud v%1$s,app fills in %1$s — keep them; don't translate HKI 7 Cloud
settings_extra_hki_cloud_version_unknown,,HKI 7 Cloud installed (update to see its version),已安装 HKI 7 Cloud（更新以查看其版本）,don't translate HKI 7 Cloud
settings_extra_hki_cloud_update_to_unlock,,Update to unlock:,更新解锁：,
settings_extra_hki_cloud_feature_requires,,%1$s (needs v%2$s+),%1$s（需要 v%2$s+）,app fills in %1$s %2$s — keep them
settings_extra_hki_cloud_feature_reimport,,Manually re-importing or clearing dashboard view data,手动重新导入或清除仪表板视图数据,
settings_extra_hki_cloud_feature_search_lists,,Per-person Visible/Invisible global search lists,每人可见/不可见全局搜索列表,
settings_extra_hki_cloud_feature_room_follow,,Room following,房间跟随,
settings_extra_hki_cloud_feature_room_follow_launch_only,,"Room following: only place someone on launch, without tracking further moves",房间跟踪：仅在启动时放置某人，而不跟踪进一步的移动,
settings_extra_hki_cloud_feature_devices,,Seeing which HKI version each family device runs,查看每个家庭设备运行哪个 HKI 版本,
settings_extra_hki_cloud_feature_required_version,,Requiring the family to update to a given HKI version,要求家庭更新到给定的 HKI 版本,
settings_extra_hki_cloud_feature_events,,"The event timeline, and hiding parts of it from individual people",事件时间线，并对个人隐藏其中的一部分,
settings_extra_hki_cloud_tab_requires,,"Needs HKI 7 Cloud v%1$s or newer. Update the component in HACS — until then, what you set here won't take effect.",需要 HKI 7 Cloud v%1$s 或更高版本。更新 HACS 中的组件 — 在此之前，您在此处设置的内容不会生效。,app fills in %1$s — keep them; don't translate HKI 7 Cloud
settings_extra_location_allowed_always,,Allowed all the time,始终允许,
settings_extra_location_allowed_foreground,,Allowed only while using the app,仅在使用应用时允许,
settings_extra_location_not_allowed,,Not allowed,不允许,
language_search_placeholder,,Search languages,搜索语言,
language_search_no_matches,,No language matches “%1$s”,没有语言匹配“%1$s”,app fills in %1$s — keep them
settings_extra_language_dutch,,Nederlands,荷兰语,
settings_extra_language_english,,English,英语,
settings_extra_language_french,,Français,法语,
settings_extra_language_german,,Deutsch,德语,
settings_extra_language_italian,,Italiano,意大利语,
settings_extra_language_spanish,,Español,西班牙语,
settings_extra_language_turkish,,Türkçe,土耳其语,
settings_extra_language_portuguese,,Português,Português,
settings_extra_language_portuguese_brazil,,Português (Brasil),Português (Brasil),
settings_extra_language_spanish_latam,,Español (Latinoamérica),Español (Latinoamérica),
settings_extra_language_japanese,,日本語,日本語,
settings_extra_language_korean,,한국어,한국어,
settings_extra_language_chinese_simplified,,中文（简体）,中文（简体）,
settings_extra_language_chinese_traditional,,中文（繁體）,中文（繁體）,
settings_extra_no_drive_backups,,No Google Drive backups were found.,未找到 Google 云端硬盘备份。,don't translate Google Drive
settings_extra_no_ha_backups,,No Home Assistant backups were found. Is the HKI 7 Cloud component installed?,未找到 Home Assistant 备份。是否已安装 HKI 7 Cloud 组件？,"don't translate HKI 7 Cloud, Home Assistant"
settings_extra_notifications_multi_home_required,,Required while multiple homes receive notifications. Manage each home under Connection.,当多个住宅接收通知时为必填项。请在“连接”下管理每个住宅。,
settings_extra_notifications_persistent_connection,,Keeps a persistent connection to Home Assistant while the app is closed. This uses more battery.,在应用关闭时保持与 Home Assistant 的持续连接。这会消耗更多电量。,don't translate Home Assistant
settings_extra_paypal_logo,,PayPal logo,PayPal 标志,
settings_extra_policy_update_failed,,Could not update the policy.,无法更新该策略。,
settings_extra_policy_needs_component_update,,Permissions saved. Update HKI 7 Cloud to also store the Visible and Invisible lists.,权限已保存。请更新 HKI 7 Cloud 以同时保存“可见”和“不可见”列表。,don't translate HKI 7 Cloud
settings_extra_policy_needs_component_update_room_follow,,Permissions saved. Update HKI 7 Cloud to also store the room following settings.,权限已保存。请更新 HKI 7 Cloud 以同时保存房间跟随设置。,don't translate HKI 7 Cloud
settings_extra_policy_needs_component_update_events,,"Permissions saved, but this HKI 7 Cloud is too old to hide events from this person — they would see the whole timeline. Update it to apply the restriction.",权限已保存，但 HKI 7 云太旧，无法向此人隐藏事件 - 他们会看到整个时间线。更新它以应用限制。,don't translate HKI 7 Cloud
settings_extra_tab_presence,,Presence,在室,
settings_extra_tab_events,,Events,活动,
settings_extra_events_title,,Event timeline,事件时间表,
settings_extra_events_description,,"Choose which entities the family sees recent activity for, in the Events tab of the notification drawer. Set once here rather than on each phone. This hides the timeline, not the entities — anyone signed in to Home Assistant can still read them there.",在通知抽屉的“事件”选项卡中选择家庭查看哪些实体的最近活动。在这里设置一次，而不是在每部手机上设置一次。这隐藏了时间线，而不是实体——任何登录 Home Assistant 的人仍然可以在那里阅读它们。,don't translate Home Assistant
settings_extra_events_loading,,Loading the roster…,正在加载名单...,
settings_extra_events_unavailable,,Could not read the roster from HKI 7 Cloud.,无法从 HKI 7 Cloud 读取名册。,don't translate HKI 7 Cloud
settings_extra_events_empty,,No entities are being tracked yet.,尚未追踪任何实体。,
settings_extra_events_choose,,Choose entities,选择实体,
settings_extra_events_edit,,Edit entities,编辑实体,
settings_extra_events_pick_title,,Entities to show events for,显示事件的实体,
settings_extra_events_save_failed,,Could not save the event roster.,无法保存活动名册。,
settings_extra_events_capped,,Saved %1$d entities and %2$d domains. The timeline roster is capped.,已保存 %1$d 实体和 %2$d 域。时间线名单已上限。,app fills in %1$d %2$d — keep them
settings_extra_events_whole_domain,,All %1$s (%2$d entities),所有 %1$s（%2$d 实体）,app fills in %1$s %2$d — keep them
settings_extra_events_resolved_capped,,"This roster covers %2$d entities, but a timeline subscribes to at most %1$d. Remove a domain, or add entities by name instead.",该名册涵盖 %2$d 个实体，但时间线最多订阅 %1$d 个。删除域，或按名称添加实体。,app fills in %2$d %1$d — keep them
settings_extra_events_per_person_title,,Who sees what,谁看到什么,
settings_extra_events_per_person_description,,Everyone sees the whole timeline unless you take something out of it for them.,每个人都会看到整个时间线，除非你为他们从中取出一些东西。,
settings_extra_events_sees_everything,,Sees the whole timeline,查看整个时间线,
settings_extra_events_hidden_count,,%1$d hidden,%1$d 隐藏,app fills in %1$d — keep them
settings_extra_events_manage,,Manage,管理,
settings_extra_events_hidden_title,,Hide from this person,躲开这个人,
settings_extra_events_notifications_hint,,"The Events tab in the notification drawer shows recent activity for the entities your family admin chose. It is set for the whole family in Family Sharing, not per device.",通知抽屉中的“事件”选项卡显示家庭管理员选择的实体的最近活动。它是在“家庭共享”中为整个家庭设置的，而不是为每个设备设置的。,
settings_extra_events_open_family_sharing,,Open Family Sharing,开放家庭共享,
settings_extra_room_follow_title,,Room following,房间跟随,
settings_extra_room_follow_description,,"Pick the room-presence sensor that tracks each person's phone, such as an ESPresense sensor. The app opens the room they are in and offers to follow them as they move.",选择跟踪每个人手机的房间在室传感器，例如 ESPresense 传感器。应用会打开他们所在的房间，并在他们移动时询问是否跟随。,
settings_extra_room_follow_sensor,,Presence sensor,在室传感器,
settings_extra_room_follow_none,,No sensor,无传感器,
settings_extra_room_follow_enabled,,Follow this person between rooms,在房间之间跟随此人,
settings_extra_room_follow_open_on_launch,,Open their room when the app starts,启动应用时打开其所在房间,
settings_extra_room_follow_continue_after_launch,,Keep following while the app is open,在应用程序打开时继续关注,
settings_extra_room_follow_continue_after_launch_hint,,"Turn off to only place them in the right room when the app starts, without switching rooms again while they're using it.",关闭以仅在应用程序启动时将它们放置在正确的房间中，而无需在它们使用时再次切换房间。,
settings_extra_room_follow_prompt_on_move,,Ask before switching rooms,切换房间前先询问,
settings_extra_room_follow_dwell,,Wait before a move counts,计为一次移动前的等待,
settings_extra_room_follow_dwell_value,,%1$d s,%1$d 秒,app fills in %1$d — keep them
settings_extra_room_follow_dwell_hint,,Room-presence sensors drift between nearby rooms. A longer wait means fewer false moves.,在室传感器会在相邻房间之间跳动。等待时间越长，误判的移动越少。,
settings_extra_room_follow_rooms,,Sensor states,传感器状态,
settings_extra_room_follow_rooms_matched,,Matched automatically,已自动匹配,
settings_extra_room_follow_rooms_unmatched,,Pick a room,选择房间,
settings_extra_room_follow_no_states,,No states seen yet. States appear here once the sensor reports them.,尚未收到状态。传感器上报后会显示在这里。,
room_follow_moved_title,,You moved to %1$s,你已移动到%1$s,app fills in %1$s — keep them
room_follow_moved_message,,"Switch to that room, or stay where you are?",切换到该房间，还是留在当前视图？,
room_follow_moved_switch,,Switch,切换,
room_follow_moved_stay,,Stay,留下,
room_follow_moved_silence,,Don't ask again until I restart the app,在我重新启动应用前不要再询问,
settings_extra_rename_dashboard,,Rename %1$s,重命名 %1$s,app fills in %1$s — keep them
settings_extra_rename_instance,,Rename %1$s,重命名 %1$s,app fills in %1$s — keep them
settings_extra_restart_home_assistant_failed,,Could not restart Home Assistant.,无法重启 Home Assistant。,don't translate Home Assistant
settings_extra_restore_failed,,Restore failed: %1$s,恢复失败：%1$s,app fills in %1$s — keep them
settings_extra_selected_file_open_failed,,Could not open the selected file,无法打开所选文件,
settings_extra_set_dashboard_default,,Set %1$s as the default dashboard,将 %1$s 设为默认仪表盘,app fills in %1$s — keep them
settings_extra_family_device_forget_failed,,Could not forget “%1$s.”,无法忘记“%1$s”。,app fills in %1$s — keep them
settings_extra_shared_dashboard_access_failed,,Could not change who can see “%1$s.”,无法更改谁可以看到“%1$s”。,app fills in %1$s — keep them
settings_extra_shared_dashboard_access_updated,,Updated who can see “%1$s.”,更新了谁可以看到“%1$s”。,app fills in %1$s — keep them
settings_extra_shared_dashboard_delete_failed,,Could not delete “%1$s.”,无法删除“%1$s”。,app fills in %1$s — keep them
settings_extra_shared_dashboard_deleted,,“%1$s” was deleted from the cloud.,“%1$s”已从云端删除。,app fills in %1$s — keep them
settings_extra_shared_dashboard_import_failed,,Could not import “%1$s.”,无法导入“%1$s”。,app fills in %1$s — keep them
settings_extra_shared_dashboard_imported,,“%1$s” was imported into your dashboards.,“%1$s”已导入到您的仪表盘中。,app fills in %1$s — keep them
settings_extra_shared_dashboard_now_using,,Now using “%1$s.”,现在使用“%1$s”。,app fills in %1$s — keep them
settings_extra_shared_dashboard_use_failed,,Could not use “%1$s.”,无法使用“%1$s”。,app fills in %1$s — keep them
settings_extra_shared_dashboards_up_to_date,,Shared dashboards are already up to date.,共享仪表盘已是最新。,
settings_extra_show_tab,,Show tab,显示标签页,
settings_extra_tab_dashboards,,Dashboards,仪表盘,
settings_extra_tab_devices,,Devices,设备,
settings_extra_tab_parental_controls,,Parental controls,家长控制,
settings_extra_tab_permissions,,Permissions,权限,
settings_extra_technology_kotlin,,Kotlin,Kotlin,
settings_extra_technology_xml_kotlin_dsl,,XML and Kotlin DSL,XML 和 Kotlin DSL,
settings_extra_theme_amber,,Amber,琥珀色,
settings_extra_theme_auto,,Auto,自动,
settings_extra_theme_blue,,Blue,蓝色,
settings_extra_theme_custom,,Custom,自定义,
settings_extra_theme_dark,,Dark,深色,
settings_extra_theme_green,,Green,绿色,
settings_extra_theme_light,,Light,浅色,
settings_extra_theme_rose,,Rose,玫瑰色,
settings_extra_theme_system,,System,跟随系统,
settings_extra_unknown_error,,Unknown error,未知错误,
settings_extra_unrestricted_recommended,,Unrestricted (recommended),不受限制（推荐）,
settings_extra_view_battery,,Battery,电池,
settings_extra_view_climate,,Climate,空调,
settings_extra_view_energy,,Energy,能源,
settings_extra_view_rooms,,Rooms,房间,
settings_extra_view_security,,Security,安防,
settings_extra_minutes_ago,one,%1$d minute ago,,needs translation; app fills in %1$d — keep them
settings_extra_minutes_ago,other,%1$d minutes ago,%1$d 分钟前,app fills in %1$d — keep them
settings_extra_hours_ago,one,%1$d hour ago,,needs translation; app fills in %1$d — keep them
settings_extra_hours_ago,other,%1$d hours ago,%1$d 小时前,app fills in %1$d — keep them
settings_extra_days_ago,one,%1$d day ago,,needs translation; app fills in %1$d — keep them
settings_extra_days_ago,other,%1$d days ago,%1$d 天前,app fills in %1$d — keep them
settings_extra_shared_dashboards_pushed,one,Pushed changes to %1$d shared dashboard.,,needs translation; app fills in %1$d — keep them
settings_extra_shared_dashboards_pushed,other,Pushed changes to %1$d shared dashboards.,已将更改推送到 %1$d 个共享仪表盘。,app fills in %1$d — keep them
family_permission_reimport,,Allow re-importing,允许重新导入,
family_permission_reimport_subtitle,,"Let this person manually re-import or clear Rooms, Climate, Security, Energy, and Battery data",允许此用户手动重新导入或清除房间、气候、安全、能源和电池数据,
family_dashboard_create_disabled_reason,,Your family administrator has disabled dashboard creation. This account can only use family-shared dashboards.,家庭管理员已禁止创建仪表板。此账户只能使用家庭共享仪表板。,
family_dashboard_restore_disabled_reason,,"Your family administrator has disabled dashboard switching. Restoring a backup could replace the family dashboard, so this account can only select a shared dashboard.",家庭管理员已禁止切换仪表板。恢复备份可能会替换家庭仪表板，因此此账户只能选择共享仪表板。,
family_settings_admin_only,,Locked — only a Home Assistant administrator can manage family sharing,已锁定 — 只有 Home Assistant 管理员可以管理家庭共享,don't translate Home Assistant
family_aesthetics_only_explanation,,"Aesthetics-only access allows local names, icons, colors, backgrounds, card styles, shapes, sizes, and layout. Entities, actions, visibility rules, content, controls, and other behavior remain managed by the dashboard owner.",仅外观权限允许修改本地名称、图标、颜色、背景、卡片样式、形状、尺寸和布局。实体、操作、可见性规则、内容、控件及其他行为仍由仪表板所有者管理。,
parental_search_access_title,,Entity search access,实体搜索权限,
parental_search_access_hint,,Choose which Home Assistant domains or individual entities this person can find in global search. Invisible selections always take precedence.,选择此用户可在全局搜索中找到的 Home Assistant 域或单个实体。不可见选择始终优先。,don't translate Home Assistant
parental_search_visible_title,,Visible,可见,
parental_search_invisible_title,,Invisible,不可见,
parental_search_visible_empty,,All entities are visible unless they appear in the Invisible list.,除“不可见”列表中的实体外，所有实体均可见。,
parental_search_invisible_empty,,No entities are explicitly hidden.,没有明确隐藏的实体。,
parental_search_picker_subtitle,,Select entire domains or individual entities,选择整个域或单个实体,
parental_search_domains,,Domains,域,
parental_search_entire_domain,,Entire domain,整个域,
parental_search_domain_chip,,Domain: %1$s,域：%1$s,app fills in %1$s — keep them
ha_page_category,,Home Assistant,Home Assistant,don't translate Home Assistant
ha_page_category_subtitle,,Open your server's own pages without leaving HKI 7,打开服务器自己的页面而不离开 HKI 7,don't translate HKI 7
ha_page_settings,,Home Assistant settings,Home Assistant 设置,don't translate Home Assistant
ha_page_settings_subtitle,,"Integrations, devices, areas and automations",集成、设备、领域和自动化,
ha_page_dev_tools,,Developer tools,开发者工具,
ha_page_dev_tools_subtitle,,"States, services, templates and events",状态、服务、模板和事件,
ha_page_hacs,,HACS,热气流控制系统,
ha_page_hacs_subtitle,,Community integrations and frontend add-ons,社区集成和前端附加组件,
ha_page_no_server,,Connect to a Home Assistant server first.,首先连接到 Home Assistant 服务器。,don't translate Home Assistant
ha_page_reload,,Reload,重新加载,
ha_page_open_browser,,Open in browser,在浏览器中打开,
ha_page_session_failed,,Could not start the embedded Home Assistant session. Reload the page or open it in your browser.,无法启动嵌入式 Home Assistant 会话。重新加载页面或在浏览器中打开它。,don't translate Home Assistant
update_channel_name,,App updates,应用程序更新,
update_channel_description,,Tells you when a newer version of HKI 7 has been released,告诉您 HKI 7 的新版本何时发布,don't translate HKI 7
update_available_title,,HKI 7 %1$s is available,HKI 7 %1$s 可用,app fills in %1$s — keep them; don't translate HKI 7
update_available_body,,Tap to see what changed and update,点击查看更改和更新内容,
update_title,,App updates,应用程序更新,
update_subtitle_checking,,Checking for a newer version…,正在检查更新版本...,
update_subtitle_current,,You are on the latest version,您使用的是最新版本,
update_subtitle_available,,Version %1$s is available,版本 %1$s 可用,app fills in %1$s — keep them
update_check_now,,Check for updates,检查更新,
update_now,,Update now,立即更新,
update_see_changes,,See what changed,看看发生了什么变化,
update_watch_releases,,Tell me about new releases,告诉我有关新版本的信息,
update_watch_releases_subtitle,,Checks GitHub once a day and notifies you when a newer version is published,每天检查 GitHub 一次，并在发布新版本时通知您,
uif_a_state,,a state,一个状态,
uif_a_time,,a time,一个时间,
uif_actions,,Actions,操作,
uif_active,,Active,活跃,
uif_adaptive,,Adaptive,自适应,
uif_advanced,,Advanced,高级,
uif_air_quality,,Air quality,空气质量,
uif_alarm,,Alarm,警报,
uif_alarms,,Alarms,警报,
uif_allow,,Allow,允许,
uif_allow_all_the_time,,Allow all the time,始终允许,
uif_and_separator,,\u0020and\u0020, 和 ,
uif_appearance,,Appearance,外观,
uif_aqi,,AQI,AQI,
uif_auto,,Auto,自动,
uif_back,,Back,返回,
uif_beep,,Beep,提示音,
uif_brightness,,Brightness,亮度,
uif_bucket,,Bucket,垃圾桶,
uif_choose_action,,Choose action,选择操作,
uif_choose_entity,,Choose entity,选择实体,
uif_choose_target,,Choose target,选择目标,
uif_circle,,Circle,圆形,
uif_color,,Color,颜色,
uif_date,,Date,日期,
uif_date_and_time,,Date and time,日期和时间,
uif_defrost,,Defrost,除霜,
uif_devices_on,,Devices on,已开启设备,
uif_direction_east_short,,E,东,
uif_direction_north_short,,N,北,
uif_direction_northeast_short,,NE,东北,
uif_direction_northwest_short,,NW,西北,
uif_direction_south_short,,S,南,
uif_direction_southeast_short,,SE,东南,
uif_direction_southwest_short,,SW,西南,
uif_direction_west_short,,W,西,
uif_display,,Display,显示,
uif_edit,,Edit,编辑,
uif_enable,,Enable,启用,
uif_enable_location,,Enable location,启用位置,
uif_enabled,,Enabled,已启用,
uif_entities,,Entities,实体,
uif_error,,Error,错误,
uif_fan_speed,,Fan speed,风扇速度,
uif_feels_like_temperature,,Feels like %1$d°,体感 %1$d°,app fills in %1$d — keep them
uif_filter,,Filter,筛选,
uif_fire,,Fire,火灾,
uif_flow_actions_available,,Actions available in Home Assistant,Home Assistant 中可用的操作,don't translate Home Assistant
uif_flow_actions_load_failed,,Could not load Home Assistant actions,无法加载 Home Assistant 操作,don't translate Home Assistant
uif_flow_advanced_block_unchanged,,Advanced block (kept unchanged),高级块（保持不变）,
uif_flow_after_format,,After (HH:MM:SS),之后（HH:MM:SS）,
uif_flow_after_time,,after %1$s,在 %1$s 之后,app fills in %1$s — keep them
uif_flow_at_time,,At %1$s,在 %1$s,app fills in %1$s — keep them
uif_flow_automation_delete_failed,,Could not delete this automation,无法删除此自动化,
uif_flow_automation_deleted,,Deleted from Home Assistant,已从 Home Assistant 中删除,don't translate Home Assistant
uif_flow_automation_load_failed,,Could not load this automation,无法加载此自动化,
uif_flow_automation_save_failed,,Could not save this automation,无法保存此自动化,
uif_flow_automation_saved,,Saved and loaded in Home Assistant,已保存并加载到 Home Assistant,don't translate Home Assistant
uif_flow_before_format,,Before (HH:MM:SS),之前（HH:MM:SS）,
uif_flow_before_time,,before %1$s,在 %1$s 之前,app fills in %1$s — keep them
uif_flow_domain_actions_first,,%1$s actions are shown first,优先显示 %1$s 操作,app fills in %1$s — keep them
uif_flow_entity_becomes_state,,%1$s becomes %2$s,%1$s 变为 %2$s,app fills in %1$s %2$s — keep them
uif_flow_entity_is_state,,%1$s is %2$s,%1$s 为 %2$s,app fills in %1$s %2$s — keep them
uif_flow_entity_state,,Entity state,实体状态,
uif_flow_ha_action,,Home Assistant action,Home Assistant 操作,don't translate Home Assistant
uif_flow_mode_parallel,,Parallel,并行,
uif_flow_mode_parallel_description,,Start every trigger as a separate run at the same time.,同时将每个触发器作为独立运行启动。,
uif_flow_mode_queued,,Queued,排队,
uif_flow_mode_queued_description,,"Wait, then run each trigger in the order it arrived.",等待，然后按到达顺序依次运行每个触发器。,
uif_flow_mode_restart,,Restart,重启,
uif_flow_mode_restart_description,,Stop the current run and start again when conditions still pass.,停止当前运行，并在条件仍满足时重新开始。,
uif_flow_mode_single,,Single,单一,
uif_flow_mode_single_description,,Ignore a new trigger while this flow is still running.,此流程运行时忽略新的触发器。,
uif_flow_perform_ha_action,,Perform a Home Assistant action,执行 Home Assistant 操作,don't translate Home Assistant
uif_flow_section_and_if,,And if,并且如果,
uif_flow_section_then,,Then,则,
uif_flow_section_when,,When,当,
uif_flow_sun_event,,Sun event,日出日落事件,
uif_flow_sunrise_or_sunset,,Sunrise or sunset,日出或日落,
uif_flow_time_format,,Time (HH:MM:SS),时间（HH:MM:SS）,
uif_flow_time_window,,Time window,时间窗口,
uif_flow_group_any,,Any of these,满足其中任一,
uif_flow_group_all,,All of these,全部满足,
uif_flow_group_none,,None of these,全部都不满足,
uif_flow_group_empty,,Empty — open it to add conditions,空 — 打开分组以添加条件,
uif_flow_group_open,,Open group,打开分组,
uif_flow_group_back,,Back,返回,
uif_flow_group_count,one,%1$d condition inside,包含 %1$d 个条件,app fills in %1$d — keep them
uif_flow_group_count,other,%1$d conditions inside,包含 %1$d 个条件,app fills in %1$d — keep them
uif_flow_within_time_window,,Within a time window,在时间窗口内,
uif_full,,Full,全宽,
uif_gas,,Gas,燃气,
uif_glow,,Glow,发光,
uif_half,,Half,半宽,
uif_header_pill,,Header pill,标题药丸标签,
uif_hold,,Hold,长按,
uif_humidity,,Humidity,湿度,
uif_ionizer,,Ionizer,离子发生器,
uif_lights_on,,Lights on,已开启灯光,
uif_local_network_access,,Local network access,本地网络访问,
uif_local_network_access_description,,Allows HKI 7 to find and connect directly to Home Assistant on your Wi-Fi network.,允许 HKI 7 查找并直接连接到 Wi-Fi 网络上的 Home Assistant。,"don't translate Home Assistant, HKI 7"
uif_mode_auto,,Auto,自动,
uif_mode_away,,Away,离家,
uif_mode_baby,,Baby,婴儿模式,
uif_mode_boost,,Boost,增强,
uif_mode_clothes,,Clothes,衣物,
uif_mode_comfort,,Comfort,舒适,
uif_mode_continuous,,Continuous,连续,
uif_mode_dry,,Dry,除湿,
uif_mode_eco,,Eco,节能,
uif_mode_high,,High,高,
uif_mode_home,,Home,在家,
uif_mode_laundry,,Laundry,洗衣,
uif_mode_low,,Low,低,
uif_mode_manual,,Manual,手动,
uif_mode_medium,,Medium,中,
uif_mode_normal,,Normal,正常,
uif_mode_purify,,Purify,净化,
uif_mode_quiet,,Quiet,静音,
uif_mode_sleep,,Sleep,睡眠,
uif_moon,,Moon,月亮,
uif_moon_phase_first_quarter,,First quarter,上弦月,
uif_moon_phase_full,,Full moon,满月,
uif_moon_phase_last_quarter,,Last quarter,下弦月,
uif_moon_phase_new,,New moon,新月,
uif_moon_phase_waning_crescent,,Waning crescent,残月,
uif_moon_phase_waning_gibbous,,Waning gibbous,亏凸月,
uif_moon_phase_waxing_crescent,,Waxing crescent,娥眉月,
uif_moon_phase_waxing_gibbous,,Waxing gibbous,盈凸月,
uif_motion,,Motion,移动,
uif_mute,,Mute,静音,
uif_next,,Next,下一个,
uif_none,,None,无,
uif_off,,Off,关闭,
uif_onboarding_add_in_edit_mode,,Add everything yourself in Edit mode,在编辑模式下自行添加所有内容,
uif_onboarding_add_internal_url_later,,"For a faster direct connection at home, you can add an internal URL and your home Wi-Fi networks later in Settings > Connection.",为了在家中获得更快的直接连接，您可以稍后在“设置 > 连接”中添加内部网址和家庭 Wi-Fi 网络。,
uif_onboarding_add_remote_url_later,,"To connect while you're away from home, add a Nabu Casa or external URL later in Settings > Connection.",要在离家时连接，请稍后在“设置 > 连接”中添加 Nabu Casa 或外部网址。,don't translate Nabu Casa
uif_onboarding_auto_entities,,"Finds suitable Climate, Security, Energy and Battery entities",查找合适的空调、安防、能源和电池实体,
uif_onboarding_auto_generate,,Auto generate,自动生成,
uif_onboarding_auto_rooms_floors,,Creates rooms and floors from Home Assistant areas,根据 Home Assistant 区域创建房间和楼层,don't translate Home Assistant
uif_onboarding_building_dashboard,,Building dashboard…,正在构建仪表盘…,
uif_onboarding_connection_failed,,Connection failed,连接失败,
uif_onboarding_everything_editable,,Everything can be changed afterward in Edit mode,之后可在编辑模式下更改一切,
uif_onboarding_external_access_explanation,,HKI 7 can reach your smart home both at home and while you're away through the external URL you entered.,通过您输入的外部网址，HKI 7 可在家中和外出时都能访问您的智能家居。,don't translate HKI 7
uif_onboarding_local_access_explanation,,Your smart home is currently available to HKI 7 only while this device can reach your local Home Assistant network.,目前，只有当此设备可以访问您的本地 Home Assistant 网络时，HKI 7 才能访问您的智能家居。,"don't translate Home Assistant, HKI 7"
uif_onboarding_login_failed,,Login failed: %1$s,登录失败：%1$s,app fills in %1$s — keep them
uif_onboarding_nabu_casa_access_explanation,,HKI 7 can reach your smart home both at home and while you're away through your Nabu Casa URL.,通过您的 Nabu Casa 网址，HKI 7 可在家中和外出时都能访问您的智能家居。,"don't translate Nabu Casa, HKI 7"
uif_onboarding_no_authorization_code,,Login failed: Home Assistant returned no authorization code.,登录失败：Home Assistant 未返回授权码。,don't translate Home Assistant
uif_onboarding_preparing_dashboard,,Preparing dashboard…,正在准备仪表盘…,
uif_onboarding_server_http_error,,The server answered with HTTP %1$d,服务器返回了 HTTP %1$d,app fills in %1$d — keep them
uif_onboarding_shared_import_failed,,Could not import “%1$s”. Try again.,无法导入“%1$s”。请重试。,app fills in %1$s — keep them
uif_onboarding_start_empty,,Start empty,从空白开始,
uif_onboarding_starts_empty,,"Starts without imported rooms, widgets or view entities",不导入房间、小组件或视图实体，从空白开始,
uif_open,,Open,打开,
uif_open_doors,,Open doors,已打开的门,
uif_open_settings,,Open settings,打开设置,
uif_open_windows,,Open windows,已打开的窗户,
uif_of_enabled,,%1$d of %2$d enabled,已启用 %2$d 的 %1$d,app fills in %1$d %2$d — keep them
uif_pause,,Pause,暂停,
uif_percentage,,Percentage,百分比,
uif_permissions_can_be_changed_later,,You can change these permissions later in Android Settings.,您可以稍后在 Android 设置中更改这些权限。,
uif_pick_to_auto_fill,,Pick to auto-fill,选择以自动填充,
uif_pill,,Pill,药丸标签,
uif_play,,Play,播放,
uif_playlists,,Playlists,播放列表,
uif_pm25,,PM2.5,PM2.5,
uif_presence,,Presence,存在感应,
uif_pressure,,Pressure,气压,
uif_pressure_hpa,,%1$d hPa,%1$d 百帕,app fills in %1$d — keep them
uif_previous,,Previous,上一个,
uif_pulse,,Pulse,脉动,
uif_pump,,Pump,水泵,
uif_rain,,Rain,降雨,
uif_rain_map_camera,,Rain map camera,降雨地图摄像头,
uif_recipe_arrive_home_description,,Activate a scene when someone arrives home,有人到家时激活场景,
uif_recipe_arrive_home_title,,Welcome home,欢迎回家,
uif_recipe_bedtime_description,,Turn off a light at a chosen bedtime,在选定的就寝时间关闭灯光,
uif_recipe_bedtime_title,,Bedtime lights,就寝灯光,
uif_recipe_blank_description,,Build an automation from an empty canvas,从空白画布构建自动化,
uif_recipe_blank_title,,Start empty,从空白开始,
uif_recipe_close_covers_description,,Close a cover when the sun sets,日落时关闭窗帘,
uif_recipe_close_covers_title,,Close covers at sunset,日落关闭窗帘,
uif_recipe_entity_state_description,,Run an action when an entity reaches a state,当实体达到某状态时运行操作,
uif_recipe_entity_state_title,,Entity changes,实体状态变化,
uif_recipe_leave_home_description,,Turn off a light when someone leaves home,有人离家时关闭灯光,
uif_recipe_leave_home_title,,Leaving home,离家,
uif_recipe_lock_at_night_description,,Lock a door at a chosen time,在选定时间锁门,
uif_recipe_lock_at_night_title,,Lock up at night,夜间锁门,
uif_recipe_morning_scene_description,,Activate a scene at a chosen morning time,在选定的早晨时间激活场景,
uif_recipe_morning_scene_title,,Morning scene,早晨场景,
uif_recipe_motion_lights_description,,Turn on a light when motion is detected,检测到移动时打开灯光,
uif_recipe_motion_lights_title,,Motion lighting,感应照明,
uif_recipe_open_covers_description,,Open a cover when the sun rises,日出时打开窗帘,
uif_recipe_open_covers_title,,Open covers at sunrise,日出打开窗帘,
uif_recipe_schedule_description,,Run an action at a fixed time every day,每天在固定时间运行操作,
uif_recipe_schedule_title,,At a time,定时,
uif_recipe_sunrise_lights_off_description,,Turn off a light when the sun rises,日出时关闭灯光,
uif_recipe_sunrise_lights_off_title,,Lights off at sunrise,日出关灯,
uif_recipe_sunset_description,,Run an action at sunset,日落时运行操作,
uif_recipe_sunset_title,,Around sunset,日落前后,
uif_refresh,,Refresh,刷新,
uif_remove,,Remove,移除,
uif_repeat,,Repeat,重复,
uif_run,,Run,运行,
uif_season,,Season,季节,
uif_season_autumn,,Autumn,秋季,
uif_season_spring,,Spring,春季,
uif_season_summer,,Summer,夏季,
uif_season_winter,,Winter,冬季,
uif_shuffle,,Shuffle,随机播放,
uif_sleep,,Sleep,睡眠,
uif_smoke,,Smoke,烟雾,
uif_source,,Source,来源,
uif_source_device,,Source device,来源设备,
uif_speed,,Speed,速度,
uif_speed_kmh,,%1$d km/h,%1$d 千米/时,app fills in %1$d — keep them
uif_spin,,Spin,旋转,
uif_state_active,,Active,活跃,
uif_state_away,,Away,离家,
uif_state_buffering,,Buffering,缓冲中,
uif_state_cleaning,,Cleaning,清洁中,
uif_state_closed,,Closed,已关闭,
uif_state_docked,,Docked,已回充,
uif_state_error,,Error,错误,
uif_state_home,,Home,在家,
uif_state_idle,,Idle,空闲,
uif_state_locked,,Locked,已锁定,
uif_state_off,,Off,关闭,
uif_state_on,,On,开启,
uif_state_open,,Open,已打开,
uif_state_paused,,Paused,已暂停,
uif_state_playing,,Playing,正在播放,
uif_state_returning,,Returning,正在返回,
uif_state_standby,,Standby,待机,
uif_state_unavailable,,Unavailable,不可用,
uif_state_unknown,,Unknown,未知,
uif_state_unlocked,,Unlocked,已解锁,
uif_sun,,Sun,太阳,
uif_sunrise,,Sunrise,日出,
uif_sunset,,Sunset,日落,
uif_tank,,Tank,水箱,
uif_tap,,Tap,点击,
uif_third,,Third,三分之一宽,
uif_time,,Time,时间,
uif_unknown,,Unknown,未知,
uif_update_failed,,Could not update %1$s,无法更新 %1$s,app fills in %1$s — keep them
uif_updated,,%1$s updated,%1$s 已更新,app fills in %1$s — keep them
uif_weather,,Weather,天气,
uif_wind,,Wind,风,
uif_active_device_count,one,%1$d active device,,needs translation; app fills in %1$d — keep them
uif_active_device_count,other,%1$d active devices,%1$d 个活跃设备,app fills in %1$d — keep them
uif_adaptive_group_paused_count,one,%1$d group light is paused for manual control.,,needs translation; app fills in %1$d — keep them
uif_adaptive_group_paused_count,other,%1$d group lights are paused for manual control.,%1$d 组灯因手动控制而暂停。,app fills in %1$d — keep them
uif_adaptive_profile_light_count,one,Controls %1$d light in this profile.,,needs translation; app fills in %1$d — keep them
uif_adaptive_profile_light_count,other,Controls %1$d lights in this profile.,控制此配置文件中的 %1$d 盏灯。,app fills in %1$d — keep them
uif_days_to_season,one,%1$d day to %2$s,,needs translation; app fills in %1$d %2$s — keep them
uif_days_to_season,other,%1$d days to %2$s,距%2$s还有 %1$d 天,app fills in %1$d %2$s — keep them
uif_device_on_count,one,%1$d device on,,needs translation; app fills in %1$d — keep them
uif_device_on_count,other,%1$d devices on,%1$d 个设备已开启,app fills in %1$d — keep them
uif_fire_detector_count,one,%1$d fire detector active,,needs translation; app fills in %1$d — keep them
uif_fire_detector_count,other,%1$d fire detectors active,%1$d 个火灾探测器已激活,app fills in %1$d — keep them
uif_flow_advanced_block_count,one,%1$d advanced shorthand block (kept unchanged),,needs translation; app fills in %1$d — keep them
uif_flow_advanced_block_count,other,%1$d advanced shorthand blocks (kept unchanged),%1$d 个高级简写块（保持不变）,app fills in %1$d — keep them
uif_gas_detector_count,one,%1$d gas detector active,,needs translation; app fills in %1$d — keep them
uif_gas_detector_count,other,%1$d gas detectors active,%1$d 个燃气探测器已激活,app fills in %1$d — keep them
uif_light_on_count,one,%1$d light on,,needs translation; app fills in %1$d — keep them
uif_light_on_count,other,%1$d lights on,%1$d 盏灯已开启,app fills in %1$d — keep them
uif_media_item_count,one,%1$d item,,needs translation; app fills in %1$d — keep them
uif_media_item_count,other,%1$d items,%1$d 项,app fills in %1$d — keep them
uif_motion_sensor_count,one,%1$d motion sensor active,,needs translation; app fills in %1$d — keep them
uif_motion_sensor_count,other,%1$d motion sensors active,%1$d 个移动传感器已激活,app fills in %1$d — keep them
uif_open_door_count,one,%1$d open door,,needs translation; app fills in %1$d — keep them
uif_open_door_count,other,%1$d open doors,%1$d 扇门已打开,app fills in %1$d — keep them
uif_open_window_count,one,%1$d open window,,needs translation; app fills in %1$d — keep them
uif_open_window_count,other,%1$d open windows,%1$d 扇窗已打开,app fills in %1$d — keep them
uif_presence_sensor_count,one,%1$d presence sensor active,,needs translation; app fills in %1$d — keep them
uif_presence_sensor_count,other,%1$d presence sensors active,%1$d 个存在传感器已激活,app fills in %1$d — keep them
uif_smoke_detector_count,one,%1$d smoke detector active,,needs translation; app fills in %1$d — keep them
uif_smoke_detector_count,other,%1$d smoke detectors active,%1$d 个烟雾探测器已激活,app fills in %1$d — keep them
weather_animate_title,,Animated weather,动画天气,
weather_animate_description,,"Where the full-colour weather artwork plays. Turn a surface off to show its still artwork instead — the forecast strips are the ones that cost the most, since they animate a dozen icons side by side.",全彩天气艺术作品播放的地方。关闭表面以显示其静止的艺术作品 - 预测条是成本最高的，因为它们并排动画了十几个图标。,
weather_animate_applies_everywhere,,"These apply to this device everywhere weather is shown, not just to this pill. The same switches are in Settings › Appearance › Icons.",这些适用于显示天气的任何地方的该设备，而不仅仅是该药丸。相同的开关位于“设置”>“外观”>“图标”中。,
weather_animate_pill,,Header pill,头丸,
weather_animate_pill_description,,The small weather icon beside the dashboard title.,仪表板标题旁边的小天气图标。,
weather_animate_dialog,,Weather dialog,天气对话框,
weather_animate_dialog_description,,The large icon on the current-weather card when you open the weather.,打开天气时，当前天气卡上的大图标。,
weather_animate_forecast,,Forecast strips,预报带,
weather_animate_forecast_description,,"The daily and hourly rows, in the dialog and on the dashboard.",对话框和仪表板上的每日和每小时行。,
weather_animate_widget,,Weather widget,天气小部件,
weather_animate_widget_description,,The weather card on the dashboard itself.,仪表板上的天气卡。,
widgets_tab_content,,Content,内容,
widgets_tab_appearance,,Appearance,外观,
widgets_tab_data,,Data,数据,
widgets_tab_chart,,Chart,图表,
widgets_tab_graphs,,Graphs,图表,
widgets_tab_layout,,Layout,布局,
widgets_tab_data_sources,,Data sources,数据来源,
widgets_remove,,Remove,移除,
widgets_reimport,,Re-import,重新导入,
widgets_unavailable,,Unavailable,不可用,
widgets_today,,Today,今天,
widgets_tomorrow,,Tomorrow,明天,
widgets_yesterday,,Yesterday,昨天,
widgets_today_initial,,T,今,
widgets_iframe_title,,iFrame,iFrame,
widgets_iframe_subtitle,,Embed a web page on your dashboard,在仪表盘中嵌入网页,
widgets_ratio_square,,Square,正方形,
widgets_ratio_wide,,Wide,宽,
widgets_ratio_tall,,Tall,高,
widgets_markdown_title,,Markdown,Markdown,
widgets_markdown_subtitle,,Content and card appearance,内容和卡片外观,
widgets_media_player_title,,Media player,媒体播放器,
widgets_media_player_subtitle,,"Source, layout, and artwork",来源、布局和封面,
widgets_stat_min,,Min,最小,
widgets_stat_average,,Avg,平均,
widgets_stat_max,,Max,最大,
widgets_sensor_graph_title,,Sensor graph,传感器图表,
widgets_sensor_graph_subtitle,,"Entities, chart style, and appearance",实体、图表样式和外观,
widgets_sensor_graph_stack_title,,Sensor graph stack,传感器图表堆栈,
widgets_sensor_graph_stack_subtitle,,Grouped charts and stack layout,分组图表和堆栈布局,
widgets_graph_sensor_count,one,Graph %1$d · %2$d sensor,,needs translation; app fills in %1$d %2$d — keep them
widgets_graph_sensor_count,other,Graph %1$d · %2$d sensors,图表 %1$d · %2$d 个传感器,app fills in %1$d %2$d — keep them
widgets_calendar_title,,Calendar,日历,
widgets_calendar_subtitle,,"Calendars, default view, and appearance",日历、默认视图和外观,
widgets_calendar_agenda,,Agenda,日程,
widgets_calendar_week,,Week,周,
widgets_calendar_month,,Month,月,
widgets_calendar_no_entity,,No calendar entity available,没有可用的日历实体,
widgets_calendar_no_upcoming_events,,No events in the coming days,近期没有事件,
widgets_calendar_no_events_for,,No events for %1$s,%1$s 没有事件,app fills in %1$s — keep them
widgets_calendar_all_day,,All day,全天,
widgets_calendar_time_unknown,,Time unknown,时间未知,
widgets_vacuum_state_cleaning,,Cleaning,清洁中,
widgets_vacuum_state_docked,,Docked,已回充,
widgets_vacuum_state_paused,,Paused,已暂停,
widgets_vacuum_state_error,,Error,错误,
widgets_vacuum_state_returning,,Returning to dock,正在返回充电座,
widgets_vacuum_dock,,Dock,回充,
widgets_vacuum_start,,Start,开始,
widgets_vacuum_pause,,Pause,暂停,
widgets_vacuum_stop,,Stop,停止,
widgets_vacuum_locate,,Locate,定位,
widgets_vacuum_fan_speed,,Fan speed,风扇速度,
widgets_vacuum_water_level,,Water level,水量档位,
widgets_vacuum_map,,Vacuum map,扫地机器人地图,
widgets_vacuum_room_number,,Room %1$d,房间 %1$d,app fills in %1$d — keep them
widgets_vacuum_room_label,,Room %1$s,房间 %1$s,app fills in %1$s — keep them
widgets_vacuum_valetudo_decode_failed,,No Valetudo map data in this camera entity,此摄像机实体中没有 Valetudo 地图数据,don't translate Valetudo
widgets_vacuum_valetudo_tap_hint,,Tap a room to clean it,点击房间即可清扫,
widgets_vacuum_valetudo_unmapped,,Map this robot's segments to areas in Home Assistant to clean a room by tapping it,在 Home Assistant 中将此机器人的分区映射到区域，即可点击清扫房间,don't translate Home Assistant
widgets_vacuum_valetudo_cleaning,,Cleaning %1$s,正在清扫 %1$s,app fills in %1$s — keep them
widgets_waste_collection_title,,Waste collection,垃圾收集,
widgets_waste_collection_subtitle,,"Sensors, calendar, and appearance",传感器、日历和外观,
widgets_waste_sensor_picture_help,,Shows the sensor’s entity_picture (falls back to the type icon when no picture is available).,显示该传感器的 entity_picture（无可用图片时回退到类型图标）。,
ui_people_dialog_title,,People,人们,
widgets_f1_title,,Formula 1,一级方程式赛车,
widgets_f1_subtitle,,"Race weekend, standings, and results",比赛周末、排名和结果,
widgets_f1_sources_subtitle,,Read from the F1 Sensor integration,从 F1 传感器集成中读取,
widgets_f1_tab_next,,Next race,下一场比赛,
widgets_f1_tab_calendar,,Calendar,日历,
widgets_f1_tab_standings,,Standings,积分榜,
widgets_f1_tab_grid,,Grid,网格,
widgets_f1_tab_results,,Results,结果,
widgets_f1_tab_live,,Live,居住,
widgets_f1_drivers,,Drivers,司机,
widgets_f1_constructors,,Constructors,构造函数,
widgets_f1_prediction,,Prediction,预言,
widgets_f1_schedule,,Session schedule,会议日程,
widgets_f1_race_control,,Race control,比赛控制,
widgets_f1_timing,,Timing,定时,
widgets_f1_round,,Round %1$s,第 %1$s 轮,app fills in %1$s — keep them
widgets_f1_lap_short,,Lap %1$s,圈 %1$s,app fills in %1$s — keep them
widgets_f1_lap_of,,Lap %1$d / %2$d,圈 %1$d / %2$d,app fills in %1$d %2$d — keep them
widgets_f1_wins_short,,%1$s wins,%1$s 获胜,app fills in %1$s — keep them
widgets_f1_points_wins_legend,,Right-hand column shows championship points.,右侧栏显示冠军积分。,
widgets_f1_prediction_now,,Now: %1$s pts,现在：%1$s 分,app fills in %1$s — keep them
widgets_f1_prediction_legend,,Right-hand column shows predicted final points. Needs F1TV Auth in F1 Sensor.,右栏显示预测的最终分数。需要 F1 传感器中的 F1TV 身份验证。,
widgets_f1_status_pit,,In pit,坑里,
widgets_f1_status_out,,Retired,退休,
widgets_f1_no_calendar,,No season schedule available yet,还没有可用的赛季时间表,
widgets_f1_no_grid,,No starting grid available yet,还没有可用的起始网格,
widgets_f1_no_prediction,,No championship prediction available. Needs F1TV Auth in F1 Sensor.,没有可用的冠军预测。需要 F1 传感器中的 F1TV 身份验证。,
widgets_f1_lights_out_in,,Lights out in %1$s,%1$s 熄灯,app fills in %1$s — keep them
widgets_f1_in_days_hours,,in %1$dd %2$dh,在 %1$dd %2$dh 中,app fills in %1$d %2$d — keep them
widgets_f1_in_hours_minutes,,in %1$dh %2$dm,在 %1$dh %2$dm,app fills in %1$d %2$d — keep them
widgets_f1_in_minutes,,in %1$dm,%1$dm 内,app fills in %1$d — keep them
widgets_f1_no_upcoming,,No upcoming race,没有即将举行的比赛,
widgets_f1_today_at,,Today %1$s,今天%1$s,app fills in %1$s — keep them
widgets_f1_tomorrow_at,,Tomorrow %1$s,明天 %1$s,app fills in %1$s — keep them
widgets_f1_time_unknown,,Time to be confirmed,时间待确认,
widgets_f1_sensors_used,,"This widget uses the next race, season calendar, starting grid, driver and constructor standings, last race results, weather, and — during a session — track status, session status, race control, driver positions, and current tyres. It also shows a championship prediction when F1 Sensor's optional F1TV Auth is set up. Other F1 Sensor options are not needed for it.",该小部件使用下一场比赛、赛季日历、出发排位、车手和车队排名、上次比赛结果、天气，以及在比赛期间的赛道状态、比赛状态、比赛控制、车手位置和当前轮胎。当 F1 Sensor 的可选 F1TV Auth 设置时，它还会显示冠军预测。它不需要其他 F1 传感器选项。,
widgets_f1_no_standings,,No standings available yet,还没有可用的排名,
widgets_f1_no_results,,No race results available yet,尚未公布比赛结果,
widgets_f1_no_race_control,,No race control messages,没有比赛控制消息,
widgets_f1_not_found,,F1 Sensor not found,未找到 F1 传感器,
widgets_f1_not_found_long,,The F1 Sensor integration was not found. Install it in Home Assistant (HACS: Nicxe/f1_sensor) and its sensors are picked up automatically.,未找到 F1 传感器集成。将其安装在 Home Assistant（HACS：Nicxe/f1_sensor）中，它的传感器会自动拾取。,don't translate Home Assistant
widgets_f1_found,,Found %1$d F1 sensors.,找到 %1$d F1 传感器。,app fills in %1$d — keep them
widgets_f1_default_tab,,Opening tab,打开选项卡,
widgets_f1_background_help,,"With no background image the card shows the upcoming race, with the circuit outline as a faint watermark behind it.",由于没有背景图像，该卡片显示了即将到来的比赛，赛道轮廓是其后面的微弱水印。,
widgets_f1_session_fp1,,Practice 1,练习1,
widgets_f1_session_fp2,,Practice 2,练习2,
widgets_f1_session_fp3,,Practice 3,练习3,
widgets_f1_session_sprint_quali,,Sprint qualifying,冲刺排位赛,
widgets_f1_session_sprint,,Sprint,短跑,
widgets_f1_session_qualifying,,Qualifying,资格赛,
widgets_f1_session_race,,Race,种族,
widgets_f1_flag_green,,Track clear,轨迹清晰,
widgets_f1_flag_yellow,,Yellow flag,黄旗,
widgets_f1_flag_red,,Red flag,红旗,
widgets_f1_flag_safety_car,,Safety car,安全车,
widgets_f1_flag_vsc,,Virtual safety car,虚拟安全车,
widgets_f1_flag_chequered,,Chequered flag,方格旗,
widgets_f1_flag_unknown,,Not running,未运行,
cr_widget_f1,,Formula 1,一级方程式赛车,
cr_widget_f1_description,,"Race weekend, standings, and results",比赛周末、排名和结果,
widgets_todo_title,,To-Do List,待办事项清单,
widgets_todo_shopping_title,,Shopping List,购物清单,
widgets_todo_subtitle,,A shared checklist your family can add to and check off,您的家人可以添加和核对的共享清单,
widgets_todo_empty,,No items yet,还没有商品,
widgets_todo_all_done,,All done,全部完成,
widgets_todo_remaining,,%1$d of %2$d left,剩余 %2$d 中的 %1$d,app fills in %1$d %2$d — keep them
widgets_todo_add_placeholder,,Add an item…,添加一个项目...,
widgets_todo_read_only,,You don't have permission to edit this list.,您无权编辑此列表。,
widgets_todo_filter_active,,To do,要做的事,
widgets_todo_filter_all,,All,全部,
widgets_todo_filter_done,,Done,完毕,
widgets_todo_clear_completed,,Clear completed,清除完成,
widgets_todo_completed_section,,Completed (%1$d),已完成 (%1$d),app fills in %1$d — keep them
widgets_todo_new_category,,New tab,新标签页,
widgets_todo_manage_categories,,Manage tabs,管理选项卡,
widgets_todo_edit_item,,Edit item,编辑项目,
widgets_todo_item_text,,Item,物品,
widgets_todo_quantity,,Quantity,数量,
widgets_todo_category,,Category,类别,
widgets_todo_note,,Note,笔记,
widgets_todo_priority,,Priority,优先事项,
widgets_todo_priority_low,,Low,低的,
widgets_todo_priority_normal,,Normal,普通的,
widgets_todo_priority_high,,High,高的,
widgets_todo_due_date,,Due date,到期日,
widgets_todo_clear_due_date,,Clear due date,明确的截止日期,
widgets_todo_delete_item,,Delete,删除,
widgets_todo_checked_by,,Checked by %1$s,由 %1$s 检查,app fills in %1$s — keep them
widgets_todo_added_by,,Added by %1$s,由 %1$s 添加,app fills in %1$s — keep them
widgets_todo_tab_general,,General,一般的,
widgets_todo_tab_permissions,,Permissions,权限,
widgets_todo_list_type,,List type,列表类型,
widgets_todo_type_todo,,To-do,待办事项,
widgets_todo_type_shopping,,Shopping,购物,
widgets_todo_sort_mode,,Sort order,排序顺序,
widgets_todo_sort_manual,,Manual,手动的,
widgets_todo_sort_alphabetical,,A–Z,A-Z,
widgets_todo_sort_priority,,Priority,优先事项,
widgets_todo_sort_newest,,Newest first,最新的优先,
widgets_todo_show_completed,,Show completed items by default,默认显示已完成的项目,
widgets_todo_hero_list,,Hero list,英雄列表,
widgets_todo_hero_list_hint,,Show this list's open items on the square card.,在方形卡片上显示此列表的未清项目。,
widgets_todo_permissions_subtitle,,"Choose who can add, check off, or remove items",选择谁可以添加、勾选或删除项目,
widgets_todo_perm_everyone,,Everyone,每个人,
widgets_todo_perm_specific,,Specific family members,具体家庭成员,
widgets_todo_perm_admin_only,,Admins only,仅限管理员,
widgets_todo_permissions_admin_required,,Only an admin can choose specific members,只有管理员可以选择特定成员,
widgets_todo_no_users_found,,No Home Assistant users found,找不到家庭助理用户,don't translate Home Assistant
cr_widget_todo,,To-Do List,待办事项清单,
cr_widget_todo_description,,"Shared checklist or shopping list, editable by everyone, chosen members, or admins only",共享清单或购物清单，可由所有人、选定的成员或管理员编辑,
widgets_find_devices_title,,Find my devices,查找我的设备,
widgets_find_devices_subtitle,,"Devices, map, and appearance",设备、地图和外观,
widgets_find_devices_label,,Devices,设备,
widgets_find_select_devices,,Select devices,选择设备,
widgets_find_sources_subtitle,,Trackers to show on the map,在地图上显示的追踪器,
widgets_find_gps_help,,Any device_tracker or person entity can be added. Those reporting GPS coordinates appear on the map; the rest are still listed with their state.,可以添加任何 device_tracker 或 person 实体。报告的 GPS 坐标出现在地图上；其余的仍以其状态列出。,
widgets_find_my_devices,,My devices,我的设备,
widgets_find_filter_all,,All,全部,
widgets_find_filter_devices,,Devices,设备,
widgets_find_filter_persons,,People,人们,
widgets_find_showing_selected,,Showing %1$d selected,显示已选择 %1$d,app fills in %1$d — keep them
widgets_find_show_all,,Show all,显示全部,
widgets_find_none_in_filter,,Nothing of this kind in this widget,此小部件中没有此类内容,
widgets_find_refresh,,Refresh,刷新,
widgets_find_summary,,%1$d of %2$d home,%2$d 家的 %1$d,app fills in %1$d %2$d — keep them
widgets_find_no_devices_selected,,No devices selected,未选择设备,
widgets_find_no_location,,None of these devices report a location yet,这些设备尚未报告位置,
widgets_find_no_gps,,No location,没有位置,
widgets_find_state_home,,Home,家,
widgets_find_state_away,,Away,离开,
widgets_find_state_unknown,,Unknown,未知,
cr_widget_find_devices,,Find my devices,查找我的设备,
cr_widget_find_devices_description,,"Map of your phones, tags, and trackers",您的手机、标签和跟踪器的地图,
widgets_waste_calendar_range,,Calendar range,日历范围,
widgets_waste_calendar_days,,%1$d days,%1$d 天,app fills in %1$d — keep them
widgets_waste_calendar_range_help,,"How far ahead the dialog's calendar looks. It is shown as a week grid, rounded out to whole weeks.",对话框的日历看起来有多远。它显示为周网格，四舍五入为整周。,
widgets_waste_no_collection_on,,No collection on %1$s,%1$s 上没有收藏,app fills in %1$s — keep them
widgets_waste_organic,,Organic waste,厨余垃圾,
widgets_waste_packaging,,Packaging,包装垃圾,
widgets_waste_paper,,Paper,纸张,
widgets_waste_residual,,Residual waste,其他垃圾,
widgets_waste_glass,,Glass,玻璃,
widgets_waste_textiles,,Textiles,纺织品,
widgets_waste_plastic,,Plastic,塑料,
widgets_waste_christmas_trees,,Christmas trees,圣诞树,
widgets_waste_bulky,,Bulky waste,大件垃圾,
widgets_waste_duo_bin,,Duo bin,双格垃圾桶,
widgets_weather_title,,Weather,天气,
widgets_weather_subtitle,,"Entity, card type, and appearance",实体、卡片类型和外观,
widgets_weather_style_current,,Current weather,当前天气,
widgets_weather_style_daily,,Daily forecast,每日预报,
widgets_weather_style_hourly,,Hourly forecast,逐小时预报,
widgets_weather_style_horizon,,Sunrise & sunset horizon,日出与日落地平线,
widgets_weather_style_wind,,Wind compass,风向罗盘,
widgets_weather_style_rain_map,,Rain map (image URL),降雨地图（图片网址）,
widgets_compass_directions,1,N,北,
widgets_compass_directions,2,NNE,北北东,
widgets_compass_directions,3,NE,东北,
widgets_compass_directions,4,ENE,东北东,
widgets_compass_directions,5,E,东,
widgets_compass_directions,6,ESE,东南东,
widgets_compass_directions,7,SE,东南,
widgets_compass_directions,8,SSE,南南东,
widgets_compass_directions,9,S,南,
widgets_compass_directions,10,SSW,南南西,
widgets_compass_directions,11,SW,西南,
widgets_compass_directions,12,WSW,西南西,
widgets_compass_directions,13,W,西,
widgets_compass_directions,14,WNW,西北西,
widgets_compass_directions,15,NW,西北,
widgets_compass_directions,16,NNW,北北西,
widgets_battery_entities,,Battery entities,电池实体,
widgets_battery_settings,,Battery settings,电池设置,
widgets_battery_empty_view_hint,,This battery view is empty. Swipe down on the header and open Battery settings to add entities manually.,此电池视图为空。向下滑动标题栏并打开电池设置以手动添加实体。,
widgets_battery_levels_title,,Battery levels,电池电量,
widgets_battery_levels_subtitle,,"Thresholds, sources, and appearance",阈值、来源和外观,
widgets_battery_rules,,Battery rules,电池规则,
widgets_battery_all,,All,全部,
widgets_battery_critical,,Critical,严重,
widgets_battery_low,,Low,低,
widgets_battery_watch,,Watch,关注,
widgets_battery_good,,Good,良好,
widgets_battery_unknown,,Unknown,未知,
widgets_battery_range_good,,Above 50%,高于 50%,
widgets_battery_range_unknown,,Unavailable or unknown,不可用或未知,
widgets_battery_no_data,,No battery data,没有电池数据,
widgets_battery_levels_unavailable,,Battery levels unavailable,电池电量不可用,
widgets_battery_levels_healthy,,Battery levels look healthy,电池电量正常,
widgets_battery_lowest_detail,,Lowest: %1$s at %2$d%%,最低：%1$s，%2$d%%,app fills in %1$s %2$d — keep them
widgets_battery_showing_plus,,Showing Battery+ devices,正在显示电池+设备,
widgets_battery_waiting_levels,,Waiting for reported levels,正在等待电量报告,
widgets_battery_lowest,,Lowest,最低,
widgets_battery_attention,,Attention,需注意,
widgets_battery_tracked,,Tracked,已跟踪,
widgets_battery_level,,Level,电量,
widgets_battery_name,,Name,名称,
widgets_battery_type,,Battery type,电池类型,
widgets_battery_entity,,Entity,实体,
widgets_battery_quantity,,Quantity,数量,
widgets_battery_quantity_short,,Qty %1$s,数量 %1$s,app fills in %1$s — keep them
widgets_battery_device_id,,Device ID,设备 ID,
widgets_battery_unknown_type,,Unknown type,未知类型,
widgets_battery_sort_summary,,Sort: %1$s,排序：%1$s,app fills in %1$s — keep them
widgets_battery_no_filters,,No filters active,没有活跃的筛选条件,
widgets_battery_collapse_filters,,Collapse filters,收起筛选,
widgets_battery_expand_filters,,Expand filters,展开筛选,
widgets_battery_low_count,one,%1$d low battery,,needs translation; app fills in %1$d — keep them
widgets_battery_low_count,other,%1$d low batteries,%1$d 个电池电量低,app fills in %1$d — keep them
widgets_battery_critical_count,one,%1$d critical battery,,needs translation; app fills in %1$d — keep them
widgets_battery_critical_count,other,%1$d critical batteries,%1$d 个电池电量严重不足,app fills in %1$d — keep them
widgets_battery_attention_count,one,%1$d battery needs attention,,needs translation; app fills in %1$d — keep them
widgets_battery_attention_count,other,%1$d batteries need attention,%1$d 个电池需要注意,app fills in %1$d — keep them
widgets_energy_day,,Day,日,
widgets_energy_week,,Week,周,
widgets_energy_month,,Month,月,
widgets_energy_year,,Year,年,
widgets_energy_this_week,,This week,本周,
widgets_energy_this_month,,This month,本月,
widgets_energy_this_year,,This year,今年,
widgets_energy_today_lower,,today,今天,
widgets_energy_this_week_lower,,this week,本周,
widgets_energy_this_month_lower,,this month,本月,
widgets_energy_this_year_lower,,this year,今年,
widgets_energy_yesterday_lower,,yesterday,昨天,
widgets_energy_consumed_solar,,Consumed solar,已消耗太阳能,
widgets_energy_imported,,Imported,已输入,
widgets_energy_exported,,Exported,已输出,
widgets_energy_phase_number,,Phase %1$d,相位 %1$d,app fills in %1$d — keep them
widgets_energy_forecast_number,,Forecast %1$d,预测 %1$d,app fills in %1$d — keep them
widgets_energy_ha_forecast,,Home Assistant forecast,Home Assistant 预测,don't translate Home Assistant
widgets_battery_search,,Search devices,搜索设备,
widgets_battery_none,,No batteries match that search.,没有与该搜索匹配的电池。,
widgets_battery_open_page,,Open battery page,打开电池页面,
cr_widget_clock,,Clock,钟,
cr_widget_clock_description,,"An analog or digital clock, in the style you pick, with the date and your next alarm.",您选择的风格的模拟或数字时钟，带有日期和下一个闹钟。,
clock_widget_title,,Clock,钟,
clock_widget_subtitle,,"Face, styling and what it shows",面孔、造型及其所展示的内容,
clock_title_label,,Title (optional),标题（可选）,
clock_face_section,,Face,脸,
clock_face_section_subtitle,,"Analog or digital, and which design",模拟还是数字，以及哪种设计,
clock_shows_section,,Shows,演出,
clock_shows_section_subtitle,,Choose what appears alongside the time,选择与时间一起出现的内容,
clock_mode_analog,,Analog,模拟,
clock_mode_digital,,Digital,数字的,
clock_style,,Style,风格,
clock_24_hour,,24-hour clock,24小时制,
clock_seconds,,Seconds,秒数,
clock_date,,Date,日期,
clock_day_name,,Day of the week,星期几,
clock_year,,Year,年,
clock_style_classic,,Classic,经典的,
clock_style_minimal,,Minimal,最小,
clock_style_roman,,Roman,罗马,
clock_style_railway,,Railway,铁路,
clock_style_bauhaus,,Bauhaus,包豪斯,
clock_style_neon,,Neon,氖,
clock_style_skeleton,,Skeleton,骨骼,
clock_style_plain,,Plain,清楚的,
clock_style_segment,,Segment,部分,
clock_style_mono,,Monospace,等宽字体,
clock_style_flip,,Flip,翻动,
clock_style_outline,,Outline,大纲,
clock_style_stacked,,Stacked,堆叠式,
clock_style_dots,,Dots,点,
clock_alarms_title,,Next alarm,下一个闹钟,
clock_no_alarm,,No alarm is set.,未设置闹钟。,
clock_alarm_set_by,,Set by %1$s,由 %1$s 设置,app fills in %1$s — keep them
clock_alarms_platform_note,,"Android only tells other apps about the next alarm, so alarms cannot be listed or switched on and off from here.",Android 仅告诉其他应用程序下一个闹钟，因此无法从此处列出或打开和关闭闹钟。,
clock_open_clock_app,,Open Clock app,打开时钟应用程序,
clock_open_failed,,No clock app could be opened. Pick one in this widget's settings.,无法打开时钟应用程序。在此小部件的设置中选择一个。,
clock_app_section,,Clock app,时钟应用程序,
clock_app_section_subtitle,,Which app the alarm dialog opens,警报对话框打开哪个应用程序,
clock_app_automatic,,Automatic,自动的,
clock_app_none_found,,No clock app was found on this device.,在此设备上找不到时钟应用程序。,
